Dispatch Call ID Number,Dispatch Code,Call Description,Priority Level of Call,Call Disposition,Crime Incident Report Written,Crime Incident ID,Address Street,Address City,Address Zip,Geographic Coordinates,Police Division,Police Beat,Time of Call,Time of Dispatch,Time of Arrival,Date of Call,Source PDF File,Source Page
,,MOTOR VEHICLE STOP,,Report,Yes,,96 SOUTH BOLTON ST @ 28 BRIDGE ST,Marlborough,,,Marlborough PD,,07:01,,,07/16/2021,Call_Log_July_16_2021_to_July_26_2021.pdf,1
,,SUSPICIOUS ACTIVITY,,Report,Yes,,222 EAST MAIN ST Apt. #A,Marlborough,,,Marlborough PD,,07:15,,,07/16/2021,Call_Log_July_16_2021_to_July_26_2021.pdf,1
,,Medical,,Transported to Hospital,No,,27 CHRISTIE WAY Apt. #62G,Marlborough,,,Marlborough PD,,07:37,,,07/16/2021,Call_Log_July_16_2021_to_July_26_2021.pdf,1
,,Ambulance Assist,,Services Rendered- PD,No,,27 CHRISTIE WAY Apt. #62G,Marlborough,,,Marlborough PD,,07:38,,,07/16/2021,Call_Log_July_16_2021_to_July_26_2021.pdf,1
,,SUSPICIOUS ACTIVITY,,Services Rendered- PD,No,,HOLTS GROVE - 500 STEVENS ST,Marlborough,,,Marlborough PD,,08:09,,,07/16/2021,Call_Log_July_16_2021_to_July_26_2021.pdf,1
,,ASSIST OTHER AGENCY,,Services Rendered- PD,No,,135 NEIL ST,Marlborough,,,Marlborough PD,,08:42,,,07/16/2021,Call_Log_July_16_2021_to_July_26_2021.pdf,1
,,Well being check,,Services Rendered- PD,No,,494 PLEASANT ST,Marlborough,,,Marlborough PD,,09:22,,,07/16/2021,Call_Log_July_16_2021_to_July_26_2021.pdf,1
,,Ambulance Assist,,Services Rendered- PD,No,,181 BOSTON POST ROAD EAST Apt. #LOT30,Marlborough,,,Marlborough PD,,09:33,,,07/16/2021,Call_Log_July_16_2021_to_July_26_2021.pdf,1
,,Medical,,Transported to Hospital,No,,[MAR 3638] 181 BOSTON POST ROAD EAST Apt. #30,Marlborough,,,Marlborough PD,,09:33,,,07/16/2021,Call_Log_July_16_2021_to_July_26_2021.pdf,1
,,Medical,,Transported to Hospital,No,,181 CHESTNUT ST,Marlborough,,,Marlborough PD,,09:40,,,07/16/2021,Call_Log_July_16_2021_to_July_26_2021.pdf,1
,,Ambulance Assist,,Services Rendered- PD,No,,181 CHESTNUT ST,Marlborough,,,Marlborough PD,,09:40,,,07/16/2021,Call_Log_July_16_2021_to_July_26_2021.pdf,1
,,ASSIST OTHER AGENCY,,Services Rendered- PD,No,,45 WILLIAMS ST,Marlborough,,,Marlborough PD,,09:53,,,07/16/2021,Call_Log_July_16_2021_to_July_26_2021.pdf,1
,,SERVE SUMMONS,,Services Rendered- PD,No,,32 WATER ST,Marlborough,,,Marlborough PD,,10:00,,,07/16/2021,Call_Log_July_16_2021_to_July_26_2021.pdf,1
,,Medical,,Transported to Hospital,No,,19 NORTHBORO ROAD EAST Apt. #330,Marlborough,,,Marlborough PD,,10:02,,,07/16/2021,Call_Log_July_16_2021_to_July_26_2021.pdf,1
,,"ALARM, BURGLAR",,Building Checked/Secured,No,,56 DANIELS RD,Marlborough,,,Marlborough PD,,10:18,,,07/16/2021,Call_Log_July_16_2021_to_July_26_2021.pdf,1
,,FOUND/LOST PROPERTY,,Services Rendered- PD,No,,20 FLORENCE ST,Marlborough,,,Marlborough PD,,10:41,,,07/16/2021,Call_Log_July_16_2021_to_July_26_2021.pdf,1
,,SUSPICIOUS ACTIVITY,,Services Rendered- PD,No,,99 GRANGER BLVD,Marlborough,,,Marlborough PD,,10:53,,,07/16/2021,Call_Log_July_16_2021_to_July_26_2021.pdf,1
,,Ambulance Assist,,Services Rendered- PD,No,,121 NORTHBORO ROAD EAST Apt. #308,Marlborough,,,Marlborough PD,,11:36,,,07/16/2021,Call_Log_July_16_2021_to_July_26_2021.pdf,2
,,Medical,,Transported to Hospital,No,,121 NORTHBORO ROAD EAST Apt. #308,Marlborough,,,Marlborough PD,,11:38,,,07/16/2021,Call_Log_July_16_2021_to_July_26_2021.pdf,2
,,Medical,,Transported to Hospital,No,,121 NORTHBORO ROAD EAST Apt. #312,Marlborough,,,Marlborough PD,,11:39,,,07/16/2021,Call_Log_July_16_2021_to_July_26_2021.pdf,2
,,ASSIST OTHER AGENCY,,Services Rendered- PD,No,,80 REDBUD WAY Apt. #34,Marlborough,,,Marlborough PD,,11:41,,,07/16/2021,Call_Log_July_16_2021_to_July_26_2021.pdf,2
,,Ambulance Only,,Transported to Hospital,No,,[MAR 3638] 181 BOSTON POST ROAD EAST Apt. #68,Marlborough,,,Marlborough PD,,11:55,,,07/16/2021,Call_Log_July_16_2021_to_July_26_2021.pdf,2
,,Ambulance Assist,,Report,Yes,,181 BOSTON POST ROAD EAST Apt. #LOT68,Marlborough,,,Marlborough PD,,11:55,,,07/16/2021,Call_Log_July_16_2021_to_July_26_2021.pdf,2
,,SERVE SUMMONS,,Services Rendered- PD,No,,184 MECHANIC ST Apt. #5,Marlborough,,,Marlborough PD,,12:23,,,07/16/2021,Call_Log_July_16_2021_to_July_26_2021.pdf,2
,,Medical,,Transported to Hospital,No,,121 NORTHBORO ROAD EAST Apt. #117,Marlborough,,,Marlborough PD,,12:25,,,07/16/2021,Call_Log_July_16_2021_to_July_26_2021.pdf,2
,,Ambulance Assist,,Services Rendered- PD,No,,121 NORTHBORO ROAD EAST Apt. #117C,Marlborough,,,Marlborough PD,,12:25,,,07/16/2021,Call_Log_July_16_2021_to_July_26_2021.pdf,2
,,DISABLED MV,,Services Rendered- PD,No,,123 WEST MAIN ST @ 5 PLEASANT ST,Marlborough,,,Marlborough PD,,12:52,,,07/16/2021,Call_Log_July_16_2021_to_July_26_2021.pdf,2
,,Ambulance Assist,,Services Rendered- PD,No,,193 BOSTON POST ROAD WEST Apt. #C,Marlborough,,,Marlborough PD,,13:52,,,07/16/2021,Call_Log_July_16_2021_to_July_26_2021.pdf,2
,,Medical,,Transported to Hospital,No,,193 BOSTON POST ROAD WEST Apt. #C,Marlborough,,,Marlborough PD,,13:52,,,07/16/2021,Call_Log_July_16_2021_to_July_26_2021.pdf,2
,,Medical,,Transported to Hospital,No,,38 BOSTON POST ROAD WEST,Marlborough,,,Marlborough PD,,14:01,,,07/16/2021,Call_Log_July_16_2021_to_July_26_2021.pdf,2
,,Ambulance Assist,,Services Rendered- PD,No,,38 BOSTON POST ROAD WEST,Marlborough,,,Marlborough PD,,14:01,,,07/16/2021,Call_Log_July_16_2021_to_July_26_2021.pdf,2
,,LARCENY,,Report,Yes,,11 CONVENIENCE STORE - 92 BROAD ST,Marlborough,,,Marlborough PD,,14:09,,,07/16/2021,Call_Log_July_16_2021_to_July_26_2021.pdf,2
,,FOUND/LOST PROPERTY,,Report,Yes,,57 ORCHARD ST,Marlborough,,,Marlborough PD,,14:14,,,07/16/2021,Call_Log_July_16_2021_to_July_26_2021.pdf,2
,,FOUND/LOST PROPERTY,,Report,Yes,,19 NORTHBORO ROAD EAST,Marlborough,,,Marlborough PD,,14:18,,,07/16/2021,Call_Log_July_16_2021_to_July_26_2021.pdf,2
,,Ambulance Assist,,Services Rendered- PD,No,,64 MAPLE ST Apt. #10,Marlborough,,,Marlborough PD,,14:21,,,07/16/2021,Call_Log_July_16_2021_to_July_26_2021.pdf,2
,,Medical,,Transported to Hospital,No,,64 MAPLE ST Apt. #10,Marlborough,,,Marlborough PD,,14:21,,,07/16/2021,Call_Log_July_16_2021_to_July_26_2021.pdf,3
,,FOUND/LOST PROPERTY,,Report,Yes,,2 MADDEN CT,Marlborough,,,Marlborough PD,,14:38,,,07/16/2021,Call_Log_July_16_2021_to_July_26_2021.pdf,3
,,MVA PROPERTY DAMAGE ONLY,,Services Rendered- PD,No,,230 EAST MAIN ST Apt. #A,Marlborough,,,Marlborough PD,,15:12,,,07/16/2021,Call_Log_July_16_2021_to_July_26_2021.pdf,3
,,911 Hangup/Call,,Services Rendered- PD,No,,34 RINGOLD ST,Marlborough,,,Marlborough PD,,15:15,,,07/16/2021,Call_Log_July_16_2021_to_July_26_2021.pdf,3
,,Motor Vehicle Accident I I,,Transported to Hospital,No,,ROUTE 290 EASTBOUND,Marlborough,,,Marlborough PD,,15:20,,,07/16/2021,Call_Log_July_16_2021_to_July_26_2021.pdf,3
,,ASSIST OTHER AGENCY,,Services Rendered- PD,No,,34 CURTIS AVE Apt. #Q12,Marlborough,,,Marlborough PD,,15:29,,,07/16/2021,Call_Log_July_16_2021_to_July_26_2021.pdf,3
,,Ambulance Assist,,Services Rendered- PD,No,,115 MECHANIC ST Apt. #105,Marlborough,,,Marlborough PD,,15:34,,,07/16/2021,Call_Log_July_16_2021_to_July_26_2021.pdf,3
,,Medical,,Transported to Hospital,No,,115 MECHANIC ST Apt. #105,Marlborough,,,Marlborough PD,,15:34,,,07/16/2021,Call_Log_July_16_2021_to_July_26_2021.pdf,3
,,Eratic Operator,,Report,Yes,,355 BOLTON ST,Marlborough,,,Marlborough PD,,16:07,,,07/16/2021,Call_Log_July_16_2021_to_July_26_2021.pdf,3
,,"ALARM, BURGLAR",,Building Checked/Secured,No,,277 WEST HILL RD,Marlborough,,,Marlborough PD,,16:34,,,07/16/2021,Call_Log_July_16_2021_to_July_26_2021.pdf,3
,,"ALARM, BURGLAR",,Building Checked/Secured,No,,50 D'ANGELO DR Apt. #6,Marlborough,,,Marlborough PD,,16:54,,,07/16/2021,Call_Log_July_16_2021_to_July_26_2021.pdf,3
,,FOUND/LOST PROPERTY,,Report,Yes,,57 ORCHARD ST,Marlborough,,,Marlborough PD,,17:27,,,07/16/2021,Call_Log_July_16_2021_to_July_26_2021.pdf,3
,,"ALARM, BURGLAR",,Building Checked/Secured,No,,201 BOSTON POST ROAD WEST Apt. #302,Marlborough,,,Marlborough PD,,17:46,,,07/16/2021,Call_Log_July_16_2021_to_July_26_2021.pdf,3
,,Well being check,,Report,Yes,,740 FARM RD,Marlborough,,,Marlborough PD,,17:50,,,07/16/2021,Call_Log_July_16_2021_to_July_26_2021.pdf,3
,,LARCENY,,Report,Yes,,68 PROSPECT ST,Marlborough,,,Marlborough PD,,18:04,,,07/16/2021,Call_Log_July_16_2021_to_July_26_2021.pdf,3
,,Ambulance Assist,,Services Rendered- PD,No,,121 DONALD J. LYNCH BLVD,Marlborough,,,Marlborough PD,,18:09,,,07/16/2021,Call_Log_July_16_2021_to_July_26_2021.pdf,3
,,Medical,,Services Rendered- FD,No,,121 DONALD J. LYNCH BLVD,Marlborough,,,Marlborough PD,,18:10,,,07/16/2021,Call_Log_July_16_2021_to_July_26_2021.pdf,3
,,Ambulance Assist,,Report,Yes,,1 CADILLAC DR,Marlborough,,,Marlborough PD,,18:10,,,07/16/2021,Call_Log_July_16_2021_to_July_26_2021.pdf,3
,,Medical,,Transported to Hospital,No,,1 CADILLAC DR,Marlborough,,,Marlborough PD,,18:11,,,07/16/2021,Call_Log_July_16_2021_to_July_26_2021.pdf,3
,,Ambulance Assist,,Services Rendered- PD,No,,85 BROAD ST,Marlborough,,,Marlborough PD,,18:18,,,07/16/2021,Call_Log_July_16_2021_to_July_26_2021.pdf,4
,,Medical,,Services Rendered- FD,No,,11 CONVENIENCE STORE - 92 BROAD ST,Marlborough,,,Marlborough PD,,18:19,,,07/16/2021,Call_Log_July_16_2021_to_July_26_2021.pdf,4
,,VANDALISM,,Report,Yes,,231 KINGS GRANT RD,Marlborough,,,Marlborough PD,,18:32,,,07/16/2021,Call_Log_July_16_2021_to_July_26_2021.pdf,4
,,LARCENY,,Report,Yes,,19 NORTHBORO ROAD EAST Apt. #340,Marlborough,,,Marlborough PD,,18:40,,,07/16/2021,Call_Log_July_16_2021_to_July_26_2021.pdf,4
,,Ambulance Only,,Transported to Hospital,No,,740 FARM RD,Marlborough,,,Marlborough PD,,18:42,,,07/16/2021,Call_Log_July_16_2021_to_July_26_2021.pdf,4
,,Ambulance Assist,,Services Rendered- PD,No,,99 PLEASANT ST Apt. #225,Marlborough,,,Marlborough PD,,19:01,,,07/16/2021,Call_Log_July_16_2021_to_July_26_2021.pdf,4
,,Medical,,Transported to Hospital,No,,99 PLEASANT ST Apt. #225,Marlborough,,,Marlborough PD,,19:02,,,07/16/2021,Call_Log_July_16_2021_to_July_26_2021.pdf,4
,,DISTURBANCE,,Report,Yes,,158 BOSTON POST ROAD EAST Apt. #2,Marlborough,,,Marlborough PD,,19:13,,,07/16/2021,Call_Log_July_16_2021_to_July_26_2021.pdf,4
,,911 Hangup/Call,,Services Rendered- PD,No,,279 HUDSON ST,Marlborough,,,Marlborough PD,,20:20,,,07/16/2021,Call_Log_July_16_2021_to_July_26_2021.pdf,4
,,Eratic Operator,,Report,Yes,,30 MAIN ST,Marlborough,,,Marlborough PD,,20:56,,,07/16/2021,Call_Log_July_16_2021_to_July_26_2021.pdf,4
,,Medical,,Transported to Hospital,No,,30 MAIN ST,Marlborough,,,Marlborough PD,,20:57,,,07/16/2021,Call_Log_July_16_2021_to_July_26_2021.pdf,4
,,ASSIST OTHER AGENCY,,Services Rendered- PD,No,,157 UNION ST,Marlborough,,,Marlborough PD,,21:37,,,07/16/2021,Call_Log_July_16_2021_to_July_26_2021.pdf,4
,,DISTURBANCE,,Unfounded,No,,165 AMES ST Apt. #3105,Marlborough,,,Marlborough PD,,22:08,,,07/16/2021,Call_Log_July_16_2021_to_July_26_2021.pdf,4
,,Ambulance Assist,,Services Rendered- PD,No,,273 MAIN ST Apt. #C6,Marlborough,,,Marlborough PD,,22:42,,,07/16/2021,Call_Log_July_16_2021_to_July_26_2021.pdf,4
,,Medical,,Services Rendered- FD,No,,273 WEST MAIN ST Apt. #C6,Marlborough,,,Marlborough PD,,22:43,,,07/16/2021,Call_Log_July_16_2021_to_July_26_2021.pdf,4
,,"ALARM, BURGLAR",,Building Checked/Secured,No,,197 BOSTON POST ROAD WEST Apt. #K1,Marlborough,,,Marlborough PD,,23:16,,,07/16/2021,Call_Log_July_16_2021_to_July_26_2021.pdf,4
,,SUSPICIOUS ACTIVITY,,Unfounded,No,,FARMHOUSE LN,Marlborough,,,Marlborough PD,,23:34,,,07/16/2021,Call_Log_July_16_2021_to_July_26_2021.pdf,4
,,"ALARM, BURGLAR",,Building Checked/Secured,No,,157 UNION ST,Marlborough,,,Marlborough PD,,23:50,,,07/16/2021,Call_Log_July_16_2021_to_July_26_2021.pdf,4
,,DISTURBANCE,,Services Rendered- PD,No,,109 HILDRETH ST Apt. #APT,Marlborough,,,Marlborough PD,,00:39,,,07/17/2021,Call_Log_July_16_2021_to_July_26_2021.pdf,5
,,MOTOR VEHICLE STOP,,Citation/Warning Issued,No,,115 GRANGER BLVD @ 0 NEW ST,Marlborough,,,Marlborough PD,,01:07,,,07/17/2021,Call_Log_July_16_2021_to_July_26_2021.pdf,5
,,SUSPICIOUS ACTIVITY,,Services Rendered- PD,No,,LOCKE DR,Marlborough,,,Marlborough PD,,01:26,,,07/17/2021,Call_Log_July_16_2021_to_July_26_2021.pdf,5
,,MOTOR VEHICLE STOP,,Citation/Warning Issued,No,,400 MAPLE ST,Marlborough,,,Marlborough PD,,01:31,,,07/17/2021,Call_Log_July_16_2021_to_July_26_2021.pdf,5
,,MOTOR VEHICLE STOP,,Citation/Warning Issued,No,,237 CONCORD RD,Marlborough,,,Marlborough PD,,02:27,,,07/17/2021,Call_Log_July_16_2021_to_July_26_2021.pdf,5
,,MOTOR VEHICLE STOP,,Citation/Warning Issued,No,,350 EAST MAIN ST,Marlborough,,,Marlborough PD,,02:29,,,07/17/2021,Call_Log_July_16_2021_to_July_26_2021.pdf,5
,,ASSIST CITIZEN,,Services Rendered- PD,No,,85 BROAD ST Apt. #319,Marlborough,,,Marlborough PD,,03:03,,,07/17/2021,Call_Log_July_16_2021_to_July_26_2021.pdf,5
,,ASSIST CITIZEN,,Services Rendered- PD,No,,240 MAIN ST,Marlborough,,,Marlborough PD,,03:16,,,07/17/2021,Call_Log_July_16_2021_to_July_26_2021.pdf,5
,,Medical,,Medical Assistance Rendered,No,,230 BROADMEADOW RD,Marlborough,,,Marlborough PD,,03:35,,,07/17/2021,Call_Log_July_16_2021_to_July_26_2021.pdf,5
,,Ambulance Assist,,Services Rendered- PD,No,,230 BROADMEADOW RD,Marlborough,,,Marlborough PD,,03:36,,,07/17/2021,Call_Log_July_16_2021_to_July_26_2021.pdf,5
,,MOTOR VEHICLE STOP,,Services Rendered- PD,No,,757 BOSTON POST ROAD EAST,Marlborough,,,Marlborough PD,,04:08,,,07/17/2021,Call_Log_July_16_2021_to_July_26_2021.pdf,5
,,911 Hangup/Call,,Services Rendered- PD,No,,149 LINCOLN ST Apt. #2,Marlborough,,,Marlborough PD,,08:11,,,07/17/2021,Call_Log_July_16_2021_to_July_26_2021.pdf,5
,,Well being check,,Services Rendered- PD,No,,40 SAINT IVES WAY Apt. #31,Marlborough,,,Marlborough PD,,08:14,,,07/17/2021,Call_Log_July_16_2021_to_July_26_2021.pdf,5
,,"ALARM, BURGLAR",,Services Rendered- PD,No,,197 UNION ST,Marlborough,,,Marlborough PD,,08:37,,,07/17/2021,Call_Log_July_16_2021_to_July_26_2021.pdf,5
,,Ambulance Assist,,Services Rendered- PD,No,,77 HOWLAND ST Apt. #1,Marlborough,,,Marlborough PD,,09:16,,,07/17/2021,Call_Log_July_16_2021_to_July_26_2021.pdf,5
,,Medical,,Transported to Hospital,No,,77 HOWLAND ST,Marlborough,,,Marlborough PD,,09:17,,,07/17/2021,Call_Log_July_16_2021_to_July_26_2021.pdf,5
,,Ambulance Assist,,Services Rendered- PD,No,,400 HEMENWAY ST,Marlborough,,,Marlborough PD,,09:27,,,07/17/2021,Call_Log_July_16_2021_to_July_26_2021.pdf,5
,,Medical,,Transported to Hospital,No,,400 HEMENWAY ST,Marlborough,,,Marlborough PD,,09:27,,,07/17/2021,Call_Log_July_16_2021_to_July_26_2021.pdf,6
,,SUSPICIOUS ACTIVITY,,Report,Yes,,SOUTH ST,Marlborough,,,Marlborough PD,,09:40,,,07/17/2021,Call_Log_July_16_2021_to_July_26_2021.pdf,6
,,DISABLED MV,,Services Rendered- PD,No,,661 SUDBURY ST @ 989 CONCORD RD,Marlborough,,,Marlborough PD,,09:50,,,07/17/2021,Call_Log_July_16_2021_to_July_26_2021.pdf,6
,,Police Assist,,Services Rendered- PD,No,,68 FRANCIS ST,Marlborough,,,Marlborough PD,,10:12,,,07/17/2021,Call_Log_July_16_2021_to_July_26_2021.pdf,6
,,MVA PROPERTY DAMAGE ONLY,,Report,Yes,,223 EAST MAIN ST,Marlborough,,,Marlborough PD,,11:35,,,07/17/2021,Call_Log_July_16_2021_to_July_26_2021.pdf,6
,,DISTURBANCE,,Report,Yes,,132 BROAD ST,Marlborough,,,Marlborough PD,,11:40,,,07/17/2021,Call_Log_July_16_2021_to_July_26_2021.pdf,6
,,Parking Violation,,Services Rendered- PD,No,,PRESTON ST,Marlborough,,,Marlborough PD,,11:55,,,07/17/2021,Call_Log_July_16_2021_to_July_26_2021.pdf,6
,,Ambulance Assist,,Services Rendered- PD,No,,99 PLEASANT ST Apt. #221,Marlborough,,,Marlborough PD,,12:24,,,07/17/2021,Call_Log_July_16_2021_to_July_26_2021.pdf,6
,,Medical,,Transported to Hospital,No,,99 PLEASANT ST Apt. #221,Marlborough,,,Marlborough PD,,12:24,,,07/17/2021,Call_Log_July_16_2021_to_July_26_2021.pdf,6
,,Animal Complaint,,Services Rendered- PD,No,,1033 BOSTON POST ROAD EAST,Marlborough,,,Marlborough PD,,12:41,,,07/17/2021,Call_Log_July_16_2021_to_July_26_2021.pdf,6
,,Medical,,Transported to Hospital,No,,137 SOUTH BOLTON ST,Marlborough,,,Marlborough PD,,12:48,,,07/17/2021,Call_Log_July_16_2021_to_July_26_2021.pdf,6
,,Ambulance Assist,,Services Rendered- PD,No,,137 SOUTH BOLTON ST,Marlborough,,,Marlborough PD,,12:49,,,07/17/2021,Call_Log_July_16_2021_to_July_26_2021.pdf,6
,,LARCENY,,Report,Yes,,265 LAKESIDE AVE Apt. #206,Marlborough,,,Marlborough PD,,12:56,,,07/17/2021,Call_Log_July_16_2021_to_July_26_2021.pdf,6
,,Animal Complaint,,Unfounded,No,,605 BOSTON POST ROAD EAST,Marlborough,,,Marlborough PD,,13:03,,,07/17/2021,Call_Log_July_16_2021_to_July_26_2021.pdf,6
,,Ambulance Assist,,Services Rendered- PD,No,,33 BRIARWOOD LN Apt. #9,Marlborough,,,Marlborough PD,,13:06,,,07/17/2021,Call_Log_July_16_2021_to_July_26_2021.pdf,6
,,Medical,,Transported to Hospital,No,,33 BRIARWOOD LN Apt. #9,Marlborough,,,Marlborough PD,,13:07,,,07/17/2021,Call_Log_July_16_2021_to_July_26_2021.pdf,6
,,MVA PROPERTY DAMAGE ONLY,,Services Rendered- PD,No,,19 NORTHBORO ROAD EAST,Marlborough,,,Marlborough PD,,13:25,,,07/17/2021,Call_Log_July_16_2021_to_July_26_2021.pdf,6
,,Medical,,Transported to Hospital,No,,47 PHELPS ST,Marlborough,,,Marlborough PD,,13:30,,,07/17/2021,Call_Log_July_16_2021_to_July_26_2021.pdf,6
,,Ambulance Assist,,Services Rendered- PD,No,,47 PHELPS ST,Marlborough,,,Marlborough PD,,13:32,,,07/17/2021,Call_Log_July_16_2021_to_July_26_2021.pdf,6
,,MVA PROPERTY DAMAGE ONLY,,Arrest(s) Made,Yes,21-274-AR,SEASONS MARKET - 342 BOSTON POST ROAD EAST,Marlborough,,,Marlborough PD,,13:51,,,07/17/2021,Call_Log_July_16_2021_to_July_26_2021.pdf,7
,,Police Assist,,Services Rendered- PD,No,,29 PLEASANT ST Apt. #C1,Marlborough,,,Marlborough PD,,13:56,,,07/17/2021,Call_Log_July_16_2021_to_July_26_2021.pdf,7
,,ASSIST OTHER AGENCY,,Services Rendered- PD,No,,ROUTE 290 EASTBOUND,Marlborough,,,Marlborough PD,,14:12,,,07/17/2021,Call_Log_July_16_2021_to_July_26_2021.pdf,7
,,Motor Vehicle Accident I I,,Medical Assistance Rendered,No,,ROUTE 290 EASTBOUND,Marlborough,,,Marlborough PD,,14:12,,,07/17/2021,Call_Log_July_16_2021_to_July_26_2021.pdf,7
,,DISABLED MV,,Services Rendered- PD,No,,264 EAST MAIN ST Apt. #A,Marlborough,,,Marlborough PD,,14:53,,,07/17/2021,Call_Log_July_16_2021_to_July_26_2021.pdf,7
,,Parking Violation,,Services Rendered- PD,No,,59 GIBBON ST,Marlborough,,,Marlborough PD,,15:20,,,07/17/2021,Call_Log_July_16_2021_to_July_26_2021.pdf,7
,,Medical,,Transported to Hospital,No,,121 DONALD J. LYNCH BLVD,Marlborough,,,Marlborough PD,,15:39,,,07/17/2021,Call_Log_July_16_2021_to_July_26_2021.pdf,7
,,Ambulance Assist,,Services Rendered- PD,No,,121 DONALD J. LYNCH BLVD,Marlborough,,,Marlborough PD,,15:40,,,07/17/2021,Call_Log_July_16_2021_to_July_26_2021.pdf,7
,,Ambulance Assist,,Services Rendered- PD,No,,402 HEMENWAY ST,Marlborough,,,Marlborough PD,,15:54,,,07/17/2021,Call_Log_July_16_2021_to_July_26_2021.pdf,7
,,Medical,,Transported to Hospital,No,,402 HEMENWAY ST,Marlborough,,,Marlborough PD,,15:55,,,07/17/2021,Call_Log_July_16_2021_to_July_26_2021.pdf,7
,,Medical,,Services Rendered- FD,No,,118 HELEN DR,Marlborough,,,Marlborough PD,,15:56,,,07/17/2021,Call_Log_July_16_2021_to_July_26_2021.pdf,7
,,SUSPICIOUS ACTIVITY,,Report,Yes,,66 NAUGLER AVE,Marlborough,,,Marlborough PD,,16:00,,,07/17/2021,Call_Log_July_16_2021_to_July_26_2021.pdf,7
,,DISTURBANCE,,Report,Yes,,5239 TIMBERVIEW WAY Apt. #5239,Marlborough,,,Marlborough PD,,16:04,,,07/17/2021,Call_Log_July_16_2021_to_July_26_2021.pdf,7
,,911 Hangup/Call,,Unfounded,No,,185 BROAD ST,Marlborough,,,Marlborough PD,,16:11,,,07/17/2021,Call_Log_July_16_2021_to_July_26_2021.pdf,7
,,Medical,,Transported to Hospital,No,,28 PATRICIA RD,Marlborough,,,Marlborough PD,,16:41,,,07/17/2021,Call_Log_July_16_2021_to_July_26_2021.pdf,7
,,Ambulance Assist,,Services Rendered- PD,No,,28 PATRICIA RD,Marlborough,,,Marlborough PD,,16:41,,,07/17/2021,Call_Log_July_16_2021_to_July_26_2021.pdf,7
,,Ambulance Only,,Transported to Hospital,No,,[HUD] 234 WASHINGTON ST,Marlborough,,,Marlborough PD,,16:42,,,07/17/2021,Call_Log_July_16_2021_to_July_26_2021.pdf,8
,,DISTURBANCE,,Report,Yes,,182 CHESTNUT ST Apt. #2,Marlborough,,,Marlborough PD,,17:21,,,07/17/2021,Call_Log_July_16_2021_to_July_26_2021.pdf,8
,,Medical,,Transported to Hospital,No,,240 EAST MAIN ST,Marlborough,,,Marlborough PD,,17:26,,,07/17/2021,Call_Log_July_16_2021_to_July_26_2021.pdf,8
,,Medical,,Services Rendered- FD,No,,182 CHESTNUT ST Apt. #2,Marlborough,,,Marlborough PD,,17:50,,,07/17/2021,Call_Log_July_16_2021_to_July_26_2021.pdf,8
,,MVA PROPERTY DAMAGE ONLY,,Report,Yes,,118 ELM ST,Marlborough,,,Marlborough PD,,18:15,,,07/17/2021,Call_Log_July_16_2021_to_July_26_2021.pdf,8
,,Parking Violation,,Services Rendered- PD,No,,59 GIBBON ST,Marlborough,,,Marlborough PD,,19:45,,,07/17/2021,Call_Log_July_16_2021_to_July_26_2021.pdf,8
,,"ALARM, BURGLAR",,Building Checked/Secured,No,,67 FITCHBURG ST,Marlborough,,,Marlborough PD,,20:05,,,07/17/2021,Call_Log_July_16_2021_to_July_26_2021.pdf,8
,,DISTURBANCE,,Unfounded,No,,217 COOK LN,Marlborough,,,Marlborough PD,,20:50,,,07/17/2021,Call_Log_July_16_2021_to_July_26_2021.pdf,8
,,Eratic Operator,,Unfounded,No,,601 DONALD J. LYNCH BLVD,Marlborough,,,Marlborough PD,,21:04,,,07/17/2021,Call_Log_July_16_2021_to_July_26_2021.pdf,8
,,MOTOR VEHICLE STOP,,Citation/Warning Issued,No,,74 GRANGER BLVD @ 26 AMES PL,Marlborough,,,Marlborough PD,,21:07,,,07/17/2021,Call_Log_July_16_2021_to_July_26_2021.pdf,8
,,Motor vehicle accident I,,Transported to Hospital,No,,880 DONALD J. LYNCH BLVD,Marlborough,,,Marlborough PD,,21:11,,,07/17/2021,Call_Log_July_16_2021_to_July_26_2021.pdf,8
,,MVA WITH INJURIES,,Arrest(s) Made,Yes,21-275-AR,880 DONALD J. LYNCH BLVD,Marlborough,,,Marlborough PD,,21:13,,,07/17/2021,Call_Log_July_16_2021_to_July_26_2021.pdf,8
,,DISTURBANCE,,Report,Yes,,10 CHURCH ST,Marlborough,,,Marlborough PD,,21:40,,,07/17/2021,Call_Log_July_16_2021_to_July_26_2021.pdf,8
,,DISTURBANCE,,Report,Yes,,3 SPRUCE ST,Marlborough,,,Marlborough PD,,21:42,,,07/17/2021,Call_Log_July_16_2021_to_July_26_2021.pdf,8
,,Parking Violation,,Citation/Warning Issued,No,,302 BOSTON POST ROAD EAST,Marlborough,,,Marlborough PD,,21:53,,,07/17/2021,Call_Log_July_16_2021_to_July_26_2021.pdf,8
,,SUSPICIOUS ACTIVITY,,Report,Yes,,13 SHORTER ST,Marlborough,,,Marlborough PD,,22:33,,,07/17/2021,Call_Log_July_16_2021_to_July_26_2021.pdf,8
,,DISTURBANCE,,Report,Yes,,159 LANGELIER LN,Marlborough,,,Marlborough PD,,22:34,,,07/17/2021,Call_Log_July_16_2021_to_July_26_2021.pdf,8
,,Police Assist,,Services Rendered- PD,No,,355 BOLTON ST,Marlborough,,,Marlborough PD,,22:53,,,07/17/2021,Call_Log_July_16_2021_to_July_26_2021.pdf,8
,,DISTURBANCE,,Report,Yes,,3 SPRUCE ST,Marlborough,,,Marlborough PD,,22:54,,,07/17/2021,Call_Log_July_16_2021_to_July_26_2021.pdf,9
,,MOTOR VEHICLE STOP,,Citation/Warning Issued,No,,54 MAIN ST,Marlborough,,,Marlborough PD,,23:07,,,07/17/2021,Call_Log_July_16_2021_to_July_26_2021.pdf,9
,,Medical,,Services Rendered- FD,No,,50 MARLTON DR,Marlborough,,,Marlborough PD,,23:17,,,07/17/2021,Call_Log_July_16_2021_to_July_26_2021.pdf,9
,,Ambulance Assist,,Services Rendered- PD,No,,50 MARLTON DR,Marlborough,,,Marlborough PD,,23:19,,,07/17/2021,Call_Log_July_16_2021_to_July_26_2021.pdf,9
,,MVA PROPERTY DAMAGE ONLY,,Unfounded,No,,9 BROAD ST @ 214 WEST MAIN ST,Marlborough,,,Marlborough PD,,23:20,,,07/17/2021,Call_Log_July_16_2021_to_July_26_2021.pdf,9
,,DISTURBANCE,,Report,Yes,,461 SOUTH ST,Marlborough,,,Marlborough PD,,00:01,,,07/18/2021,Call_Log_July_16_2021_to_July_26_2021.pdf,9
,,DISTURBANCE,,Report,Yes,,34 CURTIS AVE,Marlborough,,,Marlborough PD,,00:01,,,07/18/2021,Call_Log_July_16_2021_to_July_26_2021.pdf,9
,,Ambulance Assist,,Services Rendered- PD,No,,509 LINCOLN ST,Marlborough,,,Marlborough PD,,00:26,,,07/18/2021,Call_Log_July_16_2021_to_July_26_2021.pdf,9
,,Medical,,Services Rendered- FD,No,,509 LINCOLN ST Apt. #10,Marlborough,,,Marlborough PD,,00:27,,,07/18/2021,Call_Log_July_16_2021_to_July_26_2021.pdf,9
,,Suspicious M/V,,Services Rendered- PD,No,,23 APEX DR @ 176 BOSTON POST ROAD WEST,Marlborough,,,Marlborough PD,,00:55,,,07/18/2021,Call_Log_July_16_2021_to_July_26_2021.pdf,9
,,Ambulance Assist,,Services Rendered- PD,No,,33 ROYAL CREST DR Apt. #5,Marlborough,,,Marlborough PD,,01:12,,,07/18/2021,Call_Log_July_16_2021_to_July_26_2021.pdf,9
,,Medical,,Services Rendered- FD,No,,33 ROYAL CREST DR Apt. #5,Marlborough,,,Marlborough PD,,01:12,,,07/18/2021,Call_Log_July_16_2021_to_July_26_2021.pdf,9
,,DISTURBANCE,,Report,Yes,,277 BOSTON POST ROAD WEST,Marlborough,,,Marlborough PD,,01:14,,,07/18/2021,Call_Log_July_16_2021_to_July_26_2021.pdf,9
,,"ALARM, BURGLAR",,Building Checked/Secured,No,,41 BARNARD RD,Marlborough,,,Marlborough PD,,04:32,,,07/18/2021,Call_Log_July_16_2021_to_July_26_2021.pdf,9
,,Ambulance Assist,,Services Rendered- PD,No,,99 PLEASANT ST Apt. #121,Marlborough,,,Marlborough PD,,05:35,,,07/18/2021,Call_Log_July_16_2021_to_July_26_2021.pdf,9
,,Medical,,Services Rendered- FD,No,,99 PLEASANT ST Apt. #121,Marlborough,,,Marlborough PD,,05:35,,,07/18/2021,Call_Log_July_16_2021_to_July_26_2021.pdf,9
,,DISABLED MV,,Services Rendered- PD,No,,ROUTE 495 N/SOUTH OF SIM,Marlborough,,,Marlborough PD,,10:35,,,07/18/2021,Call_Log_July_16_2021_to_July_26_2021.pdf,9
,,Ambulance Assist,,Services Rendered- PD,No,,400 HEMENWAY ST Apt. #165,Marlborough,,,Marlborough PD,,10:50,,,07/18/2021,Call_Log_July_16_2021_to_July_26_2021.pdf,10
,,Medical,,Transported to Hospital,No,,400 HEMENWAY ST Apt. #165,Marlborough,,,Marlborough PD,,10:51,,,07/18/2021,Call_Log_July_16_2021_to_July_26_2021.pdf,10
,,Police Assist,,Services Rendered- PD,No,,19 NORTHBORO ROAD EAST,Marlborough,,,Marlborough PD,,11:07,,,07/18/2021,Call_Log_July_16_2021_to_July_26_2021.pdf,10
,,DPW Called Out,,Services Rendered- PD,No,,36 FRANCIS ST,Marlborough,,,Marlborough PD,,11:22,,,07/18/2021,Call_Log_July_16_2021_to_July_26_2021.pdf,10
,,DPW Called Out,,Services Rendered- PD,No,,1 EAST MAIN ST @ 2 MAIN ST,Marlborough,,,Marlborough PD,,11:24,,,07/18/2021,Call_Log_July_16_2021_to_July_26_2021.pdf,10
,,Well being check,,Services Rendered- PD,No,,29 BRIARWOOD LN,Marlborough,,,Marlborough PD,,11:42,,,07/18/2021,Call_Log_July_16_2021_to_July_26_2021.pdf,10
,,LARCENY,,Report,Yes,,260 MECHANIC ST,Marlborough,,,Marlborough PD,,12:11,,,07/18/2021,Call_Log_July_16_2021_to_July_26_2021.pdf,10
,,Ambulance Assist,,Services Rendered- PD,No,,880 DONALD J. LYNCH BLVD,Marlborough,,,Marlborough PD,,12:15,,,07/18/2021,Call_Log_July_16_2021_to_July_26_2021.pdf,10
,,Medical,,Services Rendered- FD,No,,880 DONALD J. LYNCH BLVD,Marlborough,,,Marlborough PD,,12:16,,,07/18/2021,Call_Log_July_16_2021_to_July_26_2021.pdf,10
,,BUILDING CHECK,,Building Checked/Secured,No,,280 ELM ST Apt. #31,Marlborough,,,Marlborough PD,,12:43,,,07/18/2021,Call_Log_July_16_2021_to_July_26_2021.pdf,10
,,Ambulance Only,,Transported to Hospital,No,,[HUD] 21 HIGH ST,Marlborough,,,Marlborough PD,,13:13,,,07/18/2021,Call_Log_July_16_2021_to_July_26_2021.pdf,10
,,Ambulance Only,,Services Rendered- FD,No,,[HUD] 121 COOLIDGE ST,Marlborough,,,Marlborough PD,,13:17,,,07/18/2021,Call_Log_July_16_2021_to_July_26_2021.pdf,10
,,ASSIST OTHER AGENCY,,Services Rendered- PD,No,,16 FRONT ST,Marlborough,,,Marlborough PD,,14:04,,,07/18/2021,Call_Log_July_16_2021_to_July_26_2021.pdf,10
,,ASSIST OTHER AGENCY,,Services Rendered- PD,No,,MIIA) - 280 LOCKE DR,Marlborough,,,Marlborough PD,,14:35,,,07/18/2021,Call_Log_July_16_2021_to_July_26_2021.pdf,10
,,DISTURBANCE,,Report,Yes,,21 APEX DR,Marlborough,,,Marlborough PD,,15:12,,,07/18/2021,Call_Log_July_16_2021_to_July_26_2021.pdf,10
,,DISTURBANCE,,Report,Yes,,HOSMER ST,Marlborough,,,Marlborough PD,,15:16,,,07/18/2021,Call_Log_July_16_2021_to_July_26_2021.pdf,10
,,DISTURBANCE,,Report,Yes,,76 RICE ST,Marlborough,,,Marlborough PD,,15:24,,,07/18/2021,Call_Log_July_16_2021_to_July_26_2021.pdf,10
,,SERVE WARRANT,,Arrest(s) Made,Yes,21-277-AR,157 UNION ST,Marlborough,,,Marlborough PD,,16:39,,,07/18/2021,Call_Log_July_16_2021_to_July_26_2021.pdf,10
,,LARCENY,,Report,Yes,,61 MAURICE DR,Marlborough,,,Marlborough PD,,17:15,,,07/18/2021,Call_Log_July_16_2021_to_July_26_2021.pdf,11
,,DISTURBANCE,,Report,Yes,,31 MAIN ST,Marlborough,,,Marlborough PD,,17:20,,,07/18/2021,Call_Log_July_16_2021_to_July_26_2021.pdf,11
,,Medical,,Transported to Hospital,No,,31 MAIN ST,Marlborough,,,Marlborough PD,,17:21,,,07/18/2021,Call_Log_July_16_2021_to_July_26_2021.pdf,11
,,DPW Called Out,,Services Rendered- PD,No,,1 HOSMER ST @ 282 EAST MAIN ST,Marlborough,,,Marlborough PD,,17:49,,,07/18/2021,Call_Log_July_16_2021_to_July_26_2021.pdf,11
,,Harassment,,Report,Yes,,29 PLEASANT ST Apt. #B7,Marlborough,,,Marlborough PD,,18:29,,,07/18/2021,Call_Log_July_16_2021_to_July_26_2021.pdf,11
,,ASSIST OTHER AGENCY,,Services Rendered- PD,No,,198 WEST MAIN ST Apt. #1,Marlborough,,,Marlborough PD,,18:30,,,07/18/2021,Call_Log_July_16_2021_to_July_26_2021.pdf,11
,,LARCENY,,No Action Required,No,,240 EAST MAIN ST,Marlborough,,,Marlborough PD,,18:37,,,07/18/2021,Call_Log_July_16_2021_to_July_26_2021.pdf,11
,,"ALARM, BURGLAR",,Building Checked/Secured,No,,104 MAPLE ST,Marlborough,,,Marlborough PD,,18:48,,,07/18/2021,Call_Log_July_16_2021_to_July_26_2021.pdf,11
,,Medical,,Transported to Hospital,No,,400 HEMENWAY ST Apt. #130,Marlborough,,,Marlborough PD,,18:54,,,07/18/2021,Call_Log_July_16_2021_to_July_26_2021.pdf,11
,,Ambulance Assist,,Services Rendered- PD,No,,400 HEMENWAY ST Apt. #130,Marlborough,,,Marlborough PD,,18:59,,,07/18/2021,Call_Log_July_16_2021_to_July_26_2021.pdf,11
,,DISTURBANCE,,Report,Yes,,45 CENTRAL ST,Marlborough,,,Marlborough PD,,19:24,,,07/18/2021,Call_Log_July_16_2021_to_July_26_2021.pdf,11
,,DISTURBANCE,,Arrest(s) Made,Yes,21-278-AR,531 LINCOLN ST @ 85 BROAD ST,Marlborough,,,Marlborough PD,,19:35,,,07/18/2021,Call_Log_July_16_2021_to_July_26_2021.pdf,11
,,Ambulance Assist,,Report,Yes,,460 BOSTON POST ROAD EAST Apt. #413B,Marlborough,,,Marlborough PD,,20:11,,,07/18/2021,Call_Log_July_16_2021_to_July_26_2021.pdf,11
,,Ambulance Only,,Transported to Hospital,No,,460 BOSTON POST ROAD EAST Apt. #B413,Marlborough,,,Marlborough PD,,20:26,,,07/18/2021,Call_Log_July_16_2021_to_July_26_2021.pdf,11
,,DISTURBANCE,,Report,Yes,,FAMILY RESIDENTIAL - 203 BROAD ST,Marlborough,,,Marlborough PD,,21:21,,,07/18/2021,Call_Log_July_16_2021_to_July_26_2021.pdf,11
,,MOTOR VEHICLE STOP,,Citation/Warning Issued,No,,15 UNION ST @ 1 THRESHER DR,Marlborough,,,Marlborough PD,,21:24,,,07/18/2021,Call_Log_July_16_2021_to_July_26_2021.pdf,11
,,Threats,,Report,Yes,,45 LAKESIDE AVE Apt. #29,Marlborough,,,Marlborough PD,,21:48,,,07/18/2021,Call_Log_July_16_2021_to_July_26_2021.pdf,11
,,Well being check,,Services Rendered- PD,No,,87A BROADMEADOW RD Apt. #4,Marlborough,,,Marlborough PD,,21:52,,,07/18/2021,Call_Log_July_16_2021_to_July_26_2021.pdf,12
,,Medical,,Transported to Hospital,No,,87 BROADMEADOW RD Apt. #4,Marlborough,,,Marlborough PD,,21:54,,,07/18/2021,Call_Log_July_16_2021_to_July_26_2021.pdf,12
,,DISTURBANCE,,Report,Yes,,157 UNION ST,Marlborough,,,Marlborough PD,,02:00,,,07/19/2021,Call_Log_July_16_2021_to_July_26_2021.pdf,12
,,Ambulance Assist,,Services Rendered- PD,No,,421 BOLTON ST Apt. #118,Marlborough,,,Marlborough PD,,03:09,,,07/19/2021,Call_Log_July_16_2021_to_July_26_2021.pdf,12
,,Medical,,Services Rendered- FD,No,,421 BOLTON ST Apt. #118,Marlborough,,,Marlborough PD,,03:09,,,07/19/2021,Call_Log_July_16_2021_to_July_26_2021.pdf,12
,,Ambulance Assist,,Services Rendered- PD,No,,489 LINCOLN ST Apt. #1,Marlborough,,,Marlborough PD,,03:59,,,07/19/2021,Call_Log_July_16_2021_to_July_26_2021.pdf,12
,,Medical,,Services Rendered- FD,No,,489 LINCOLN ST Apt. #1,Marlborough,,,Marlborough PD,,03:59,,,07/19/2021,Call_Log_July_16_2021_to_July_26_2021.pdf,12
,,Medical,,Services Rendered- FD,No,,47 ROUNDTOP RD,Marlborough,,,Marlborough PD,,05:42,,,07/19/2021,Call_Log_July_16_2021_to_July_26_2021.pdf,12
,,Ambulance Assist,,Services Rendered- PD,No,,47 ROUNDTOP RD,Marlborough,,,Marlborough PD,,05:43,,,07/19/2021,Call_Log_July_16_2021_to_July_26_2021.pdf,12
,,"Fire, Structure",,Services Rendered- FD,No,,55 WILSON ST,Marlborough,,,Marlborough PD,,06:17,,,07/19/2021,Call_Log_July_16_2021_to_July_26_2021.pdf,12
,,ASSIST OTHER AGENCY,,Services Rendered- PD,No,,55 WILSON ST,Marlborough,,,Marlborough PD,,06:18,,,07/19/2021,Call_Log_July_16_2021_to_July_26_2021.pdf,12
,,Medical,,Transported to Hospital,No,,99 PLEASANT ST Apt. #303,Marlborough,,,Marlborough PD,,07:24,,,07/19/2021,Call_Log_July_16_2021_to_July_26_2021.pdf,12
,,Ambulance Assist,,Services Rendered- PD,No,,99 PLEASANT ST,Marlborough,,,Marlborough PD,,07:25,,,07/19/2021,Call_Log_July_16_2021_to_July_26_2021.pdf,12
,,DISTURBANCE,,Unfounded,No,,413 LAKESIDE AVE,Marlborough,,,Marlborough PD,,07:39,,,07/19/2021,Call_Log_July_16_2021_to_July_26_2021.pdf,12
,,Directed Patrol,,Citation/Warning Issued,No,,FARM RD @ AIRPORT BLVD,Marlborough,,,Marlborough PD,,08:24,,,07/19/2021,Call_Log_July_16_2021_to_July_26_2021.pdf,12
,,MVA PROPERTY DAMAGE ONLY,,Services Rendered- PD,No,,[MAR 453] ROUTE 495 NB 24A OFFRAMP,Marlborough,,,Marlborough PD,,08:38,,,07/19/2021,Call_Log_July_16_2021_to_July_26_2021.pdf,12
,,ESCORT/TRANSPORT,,Services Rendered- PD,No,,45 WILLIAMS ST,Marlborough,,,Marlborough PD,,09:18,,,07/19/2021,Call_Log_July_16_2021_to_July_26_2021.pdf,12
,,Medical,,Transported to Hospital,No,,58 ROBIN HOOD RD,Marlborough,,,Marlborough PD,,09:56,,,07/19/2021,Call_Log_July_16_2021_to_July_26_2021.pdf,13
,,Ambulance Assist,,Services Rendered- PD,No,,58 ROBIN HOOD RD,Marlborough,,,Marlborough PD,,09:56,,,07/19/2021,Call_Log_July_16_2021_to_July_26_2021.pdf,13
,,911 Hangup/Call,,Services Rendered- PD,No,,120 PROSPECT ST Apt. #1,Marlborough,,,Marlborough PD,,10:39,,,07/19/2021,Call_Log_July_16_2021_to_July_26_2021.pdf,13
,,Ambulance Only,,Transported to Hospital,No,,120 PROSPECT ST Apt. #1,Marlborough,,,Marlborough PD,,10:46,,,07/19/2021,Call_Log_July_16_2021_to_July_26_2021.pdf,13
,,Medical,,Transported to Hospital,No,,125 FAIRMOUNT ST,Marlborough,,,Marlborough PD,,10:53,,,07/19/2021,Call_Log_July_16_2021_to_July_26_2021.pdf,13
,,Ambulance Assist,,Services Rendered- PD,No,,125 FAIRMOUNT ST,Marlborough,,,Marlborough PD,,10:55,,,07/19/2021,Call_Log_July_16_2021_to_July_26_2021.pdf,13
,,MVA PROPERTY DAMAGE ONLY,,Services Rendered- PD,No,,85 RICE ST,Marlborough,,,Marlborough PD,,10:58,,,07/19/2021,Call_Log_July_16_2021_to_July_26_2021.pdf,13
,,LARCENY,,Report,Yes,,186 RESERVOIR ST,Marlborough,,,Marlborough PD,,11:02,,,07/19/2021,Call_Log_July_16_2021_to_July_26_2021.pdf,13
,,SUSPICIOUS ACTIVITY,,Report,Yes,,5 WITHERBEE TER,Marlborough,,,Marlborough PD,,11:39,,,07/19/2021,Call_Log_July_16_2021_to_July_26_2021.pdf,13
,,MOTOR VEHICLE STOP,,Citation/Warning Issued,No,,247 MAPLE ST Apt. #A,Marlborough,,,Marlborough PD,,12:09,,,07/19/2021,Call_Log_July_16_2021_to_July_26_2021.pdf,13
,,Harassment,,Report,Yes,,460 BOSTON POST ROAD EAST Apt. #B504,Marlborough,,,Marlborough PD,,12:26,,,07/19/2021,Call_Log_July_16_2021_to_July_26_2021.pdf,13
,,DISABLED MV,,Unfounded,No,,PLEASANT ST,Marlborough,,,Marlborough PD,,13:02,,,07/19/2021,Call_Log_July_16_2021_to_July_26_2021.pdf,13
,,Medical,,Transported to Hospital,No,,45 WILLIAMS ST,Marlborough,,,Marlborough PD,,13:15,,,07/19/2021,Call_Log_July_16_2021_to_July_26_2021.pdf,13
,,Ambulance Assist,,Services Rendered- PD,No,,45 WILLIAMS ST,Marlborough,,,Marlborough PD,,13:15,,,07/19/2021,Call_Log_July_16_2021_to_July_26_2021.pdf,13
,,Directed Patrol,,Services Rendered- PD,No,,632 BOLTON ST,Marlborough,,,Marlborough PD,,13:25,,,07/19/2021,Call_Log_July_16_2021_to_July_26_2021.pdf,13
,,DISABLED MV,,Services Rendered- PD,No,,220 PLEASANT ST,Marlborough,,,Marlborough PD,,13:25,,,07/19/2021,Call_Log_July_16_2021_to_July_26_2021.pdf,13
,,Medical,,Transported to Hospital,No,,235 PLEASANT ST,Marlborough,,,Marlborough PD,,13:27,,,07/19/2021,Call_Log_July_16_2021_to_July_26_2021.pdf,13
,,MOTOR VEHICLE STOP,,Citation/Warning Issued,No,,59 ELM ST @ 7 PRESTON ST,Marlborough,,,Marlborough PD,,13:42,,,07/19/2021,Call_Log_July_16_2021_to_July_26_2021.pdf,13
,,DISABLED MV,,Services Rendered- PD,No,,D'ANGELO DR,Marlborough,,,Marlborough PD,,13:45,,,07/19/2021,Call_Log_July_16_2021_to_July_26_2021.pdf,13
,,Suspicious M/V,,Unfounded,No,,ROBIN HILL ST,Marlborough,,,Marlborough PD,,14:09,,,07/19/2021,Call_Log_July_16_2021_to_July_26_2021.pdf,14
,,911 Hangup/Call,,Services Rendered- PD,No,,147 EWALD AVE,Marlborough,,,Marlborough PD,,14:34,,,07/19/2021,Call_Log_July_16_2021_to_July_26_2021.pdf,14
,,Medical,,Transported to Hospital,No,,246 MAPLE ST Apt. #3,Marlborough,,,Marlborough PD,,14:38,,,07/19/2021,Call_Log_July_16_2021_to_July_26_2021.pdf,14
,,Ambulance Assist,,Services Rendered- PD,No,,246 MAPLE ST Apt. #3,Marlborough,,,Marlborough PD,,14:40,,,07/19/2021,Call_Log_July_16_2021_to_July_26_2021.pdf,14
,,SERVED HARASSMENT ORDER,,Services Rendered- PD,No,,58 KELLEHER ST,Marlborough,,,Marlborough PD,,14:54,,,07/19/2021,Call_Log_July_16_2021_to_July_26_2021.pdf,14
,,Medical,,Services Rendered- FD,No,,400 HEMENWAY ST Apt. #270,Marlborough,,,Marlborough PD,,15:19,,,07/19/2021,Call_Log_July_16_2021_to_July_26_2021.pdf,14
,,Ambulance Assist,,Services Rendered- PD,No,,400 HEMENWAY ST Apt. #270,Marlborough,,,Marlborough PD,,15:20,,,07/19/2021,Call_Log_July_16_2021_to_July_26_2021.pdf,14
,,DISABLED MV,,Unfounded,No,,91 MAIN ST,Marlborough,,,Marlborough PD,,15:30,,,07/19/2021,Call_Log_July_16_2021_to_July_26_2021.pdf,14
,,DISABLED MV,,Services Rendered- PD,No,,133 EAST MAIN ST,Marlborough,,,Marlborough PD,,15:47,,,07/19/2021,Call_Log_July_16_2021_to_July_26_2021.pdf,14
,,MVA PROPERTY DAMAGE ONLY,,Report,Yes,,420 MAPLE ST Apt. #15,Marlborough,,,Marlborough PD,,16:07,,,07/19/2021,Call_Log_July_16_2021_to_July_26_2021.pdf,14
,,Ambulance Only,,Medical Assistance Rendered,No,,[HUD] 2 STRATTON RD,Marlborough,,,Marlborough PD,,16:42,,,07/19/2021,Call_Log_July_16_2021_to_July_26_2021.pdf,14
,,FOUND/LOST PROPERTY,,Report,Yes,,355 BOLTON ST,Marlborough,,,Marlborough PD,,16:57,,,07/19/2021,Call_Log_July_16_2021_to_July_26_2021.pdf,14
,,DISTURBANCE,,Report,Yes,,31 MAIN ST,Marlborough,,,Marlborough PD,,17:30,,,07/19/2021,Call_Log_July_16_2021_to_July_26_2021.pdf,14
,,Medical,,Services Rendered- FD,No,,16 ROYAL CREST DR Apt. #11,Marlborough,,,Marlborough PD,,18:03,,,07/19/2021,Call_Log_July_16_2021_to_July_26_2021.pdf,14
,,FOUND/LOST PROPERTY,,Report,Yes,,416 BOSTON POST ROAD EAST,Marlborough,,,Marlborough PD,,18:07,,,07/19/2021,Call_Log_July_16_2021_to_July_26_2021.pdf,14
,,Medical,,Transported to Hospital,No,,116 RIDGE RD,Marlborough,,,Marlborough PD,,18:19,,,07/19/2021,Call_Log_July_16_2021_to_July_26_2021.pdf,14
,,Ambulance Assist,,Services Rendered- PD,No,,116 RIDGE RD,Marlborough,,,Marlborough PD,,18:21,,,07/19/2021,Call_Log_July_16_2021_to_July_26_2021.pdf,14
,,ASSIST OTHER AGENCY,,Report,Yes,,16 FRONT ST,Marlborough,,,Marlborough PD,,18:25,,,07/19/2021,Call_Log_July_16_2021_to_July_26_2021.pdf,14
,,"ALARM, BURGLAR",,Building Checked/Secured,No,,160 APEX DR Apt. #B,Marlborough,,,Marlborough PD,,19:05,,,07/19/2021,Call_Log_July_16_2021_to_July_26_2021.pdf,14
,,MVA PROPERTY DAMAGE ONLY,,Report,Yes,,145 PLEASANT ST,Marlborough,,,Marlborough PD,,19:13,,,07/19/2021,Call_Log_July_16_2021_to_July_26_2021.pdf,15
,,DISTURBANCE,,Unfounded,No,,65 SAINT IVES WAY,Marlborough,,,Marlborough PD,,19:20,,,07/19/2021,Call_Log_July_16_2021_to_July_26_2021.pdf,15
,,Ambulance Assist,,Services Rendered- PD,No,,420 HEMENWAY ST Apt. #351,Marlborough,,,Marlborough PD,,19:55,,,07/19/2021,Call_Log_July_16_2021_to_July_26_2021.pdf,15
,,Medical,,Transported to Hospital,No,,420 HEMENWAY ST Apt. #351,Marlborough,,,Marlborough PD,,19:56,,,07/19/2021,Call_Log_July_16_2021_to_July_26_2021.pdf,15
,,ASSIST OTHER AGENCY,,Report,Yes,,355 BOLTON ST,Marlborough,,,Marlborough PD,,20:06,,,07/19/2021,Call_Log_July_16_2021_to_July_26_2021.pdf,15
,,911 Hangup/Call,,Services Rendered- PD,No,,4 BRIARWOOD LN,Marlborough,,,Marlborough PD,,20:11,,,07/19/2021,Call_Log_July_16_2021_to_July_26_2021.pdf,15
,,ASSIST OTHER AGENCY,,Unfounded,No,,243 BOSTON POST ROAD EAST Apt. #7,Marlborough,,,Marlborough PD,,20:22,,,07/19/2021,Call_Log_July_16_2021_to_July_26_2021.pdf,15
,,MVA PROPERTY DAMAGE ONLY,,Services Rendered- PD,No,,605 BOSTON POST ROAD EAST,Marlborough,,,Marlborough PD,,20:46,,,07/19/2021,Call_Log_July_16_2021_to_July_26_2021.pdf,15
,,MOTOR VEHICLE STOP,,Citation/Warning Issued,No,,401 ELM ST,Marlborough,,,Marlborough PD,,20:58,,,07/19/2021,Call_Log_July_16_2021_to_July_26_2021.pdf,15
,,FOUND/LOST PROPERTY,,Report,Yes,,152 BROAD ST,Marlborough,,,Marlborough PD,,21:02,,,07/19/2021,Call_Log_July_16_2021_to_July_26_2021.pdf,15
,,911 Hangup/Call,,Unfounded,No,,37 ROOSEVELT ST,Marlborough,,,Marlborough PD,,21:11,,,07/19/2021,Call_Log_July_16_2021_to_July_26_2021.pdf,15
,,SUSPICIOUS ACTIVITY,,Report,Yes,,40 TEMPLE CIR,Marlborough,,,Marlborough PD,,21:15,,,07/19/2021,Call_Log_July_16_2021_to_July_26_2021.pdf,15
,,Suspicious M/V,,Unfounded,No,,35 BRIARWOOD LN,Marlborough,,,Marlborough PD,,21:25,,,07/19/2021,Call_Log_July_16_2021_to_July_26_2021.pdf,15
,,FOUND/LOST PROPERTY,,Services Rendered- PD,No,,190 BOSTON POST ROAD WEST,Marlborough,,,Marlborough PD,,21:40,,,07/19/2021,Call_Log_July_16_2021_to_July_26_2021.pdf,15
,,DISABLED MV,,Services Rendered- PD,No,,410 PLEASANT ST @ 11 PERRY LN,Marlborough,,,Marlborough PD,,22:38,,,07/19/2021,Call_Log_July_16_2021_to_July_26_2021.pdf,15
,,SUSPICIOUS ACTIVITY,,Report,Yes,,4 ALLIS RD,Marlborough,,,Marlborough PD,,23:16,,,07/19/2021,Call_Log_July_16_2021_to_July_26_2021.pdf,15
,,Police Assist,,Report,Yes,,34 CURTIS AVE Apt. #Q6,Marlborough,,,Marlborough PD,,23:42,,,07/19/2021,Call_Log_July_16_2021_to_July_26_2021.pdf,15
,,MOTOR VEHICLE STOP,,Citation/Warning Issued,No,,36 BOLTON ST @ 3 HIGH ST,Marlborough,,,Marlborough PD,,00:44,,,07/20/2021,Call_Log_July_16_2021_to_July_26_2021.pdf,15
,,911 Hangup/Call,,Services Rendered- PD,No,,334 PLEASANT ST,Marlborough,,,Marlborough PD,,01:04,,,07/20/2021,Call_Log_July_16_2021_to_July_26_2021.pdf,15
,,ASSIST CITIZEN,,Services Rendered- PD,No,,319 EAST MAIN ST Apt. #J3,Marlborough,,,Marlborough PD,,01:57,,,07/20/2021,Call_Log_July_16_2021_to_July_26_2021.pdf,16
,,"ALARM, BURGLAR",,Building Checked/Secured,No,,493 BOSTON POST ROAD WEST,Marlborough,,,Marlborough PD,,02:43,,,07/20/2021,Call_Log_July_16_2021_to_July_26_2021.pdf,16
,,Suspicious M/V,,Services Rendered- PD,No,,428 MAPLE ST,Marlborough,,,Marlborough PD,,03:48,,,07/20/2021,Call_Log_July_16_2021_to_July_26_2021.pdf,16
,,Medical,,Medical Assistance Rendered,No,,279 BOSTON POST ROAD EAST,Marlborough,,,Marlborough PD,,04:26,,,07/20/2021,Call_Log_July_16_2021_to_July_26_2021.pdf,16
,,Ambulance Assist,,Services Rendered- PD,No,,279 BOSTON POST ROAD EAST,Marlborough,,,Marlborough PD,,04:27,,,07/20/2021,Call_Log_July_16_2021_to_July_26_2021.pdf,16
,,"ALARM, BURGLAR",,Building Checked/Secured,No,,928 BOSTON POST ROAD EAST,Marlborough,,,Marlborough PD,,04:42,,,07/20/2021,Call_Log_July_16_2021_to_July_26_2021.pdf,16
,,"ALARM, BURGLAR",,Building Checked/Secured,No,,215 SIMARANO DR,Marlborough,,,Marlborough PD,,04:53,,,07/20/2021,Call_Log_July_16_2021_to_July_26_2021.pdf,16
,,Ambulance Assist,,Services Rendered- PD,No,,400 HEMENWAY ST Apt. #2115,Marlborough,,,Marlborough PD,,05:39,,,07/20/2021,Call_Log_July_16_2021_to_July_26_2021.pdf,16
,,Medical,,Medical Assistance Rendered,No,,400 HEMENWAY ST Apt. #2115,Marlborough,,,Marlborough PD,,05:39,,,07/20/2021,Call_Log_July_16_2021_to_July_26_2021.pdf,16
,,Medical,,Medical Assistance Rendered,No,,107 BROADMEADOW RD Apt. #4,Marlborough,,,Marlborough PD,,05:54,,,07/20/2021,Call_Log_July_16_2021_to_July_26_2021.pdf,16
,,Ambulance Assist,,Services Rendered- PD,No,,107 BROADMEADOW RD Apt. #4,Marlborough,,,Marlborough PD,,05:56,,,07/20/2021,Call_Log_July_16_2021_to_July_26_2021.pdf,16
,,Ambulance Assist,,Services Rendered- PD,No,,28 PETERS AVE @ 61 BOSTON POST RD E,Marlborough,,,Marlborough PD,,05:57,,,07/20/2021,Call_Log_July_16_2021_to_July_26_2021.pdf,16
,,Medical,,No Action Required,No,,4 PHELPS ST @ 119 BOSTON POST ROAD EAST,Marlborough,,,Marlborough PD,,05:57,,,07/20/2021,Call_Log_July_16_2021_to_July_26_2021.pdf,16
,,911 Hangup/Call,,Services Rendered- PD,No,,135 BROADMEADOW RD Apt. #10,Marlborough,,,Marlborough PD,,06:30,,,07/20/2021,Call_Log_July_16_2021_to_July_26_2021.pdf,16
,,ASSIST OTHER AGENCY,,Services Rendered- PD,No,,157 UNION ST,Marlborough,,,Marlborough PD,,06:51,,,07/20/2021,Call_Log_July_16_2021_to_July_26_2021.pdf,16
,,TRAFFIC CONTROL,,Unfounded,No,,95 RICE ST @ 17 HUNTINGTON AVE,Marlborough,,,Marlborough PD,,07:41,,,07/20/2021,Call_Log_July_16_2021_to_July_26_2021.pdf,16
,,Medical,,Transported to Hospital,No,,240 MAIN ST Apt. #320,Marlborough,,,Marlborough PD,,08:12,,,07/20/2021,Call_Log_July_16_2021_to_July_26_2021.pdf,16
,,Ambulance Assist,,Services Rendered- PD,No,,240 MAIN ST Apt. #320,Marlborough,,,Marlborough PD,,08:14,,,07/20/2021,Call_Log_July_16_2021_to_July_26_2021.pdf,17
,,Medical,,Transported to Hospital,No,,39 NEWTON ST,Marlborough,,,Marlborough PD,,08:51,,,07/20/2021,Call_Log_July_16_2021_to_July_26_2021.pdf,17
,,Well being check,,Services Rendered- PD,No,,39 NEWTON ST,Marlborough,,,Marlborough PD,,08:52,,,07/20/2021,Call_Log_July_16_2021_to_July_26_2021.pdf,17
,,MVA PROPERTY DAMAGE ONLY,,Report,Yes,,431 LINCOLN ST,Marlborough,,,Marlborough PD,,08:55,,,07/20/2021,Call_Log_July_16_2021_to_July_26_2021.pdf,17
,,ESCORT/TRANSPORT,,Services Rendered- PD,No,,45 WILLIAMS ST,Marlborough,,,Marlborough PD,,09:12,,,07/20/2021,Call_Log_July_16_2021_to_July_26_2021.pdf,17
,,Medical,,Transported to Hospital,No,,853 DONALD J. LYNCH BLVD,Marlborough,,,Marlborough PD,,09:43,,,07/20/2021,Call_Log_July_16_2021_to_July_26_2021.pdf,17
,,Ambulance Assist,,Services Rendered- PD,No,,853 DONALD J. LYNCH BLVD,Marlborough,,,Marlborough PD,,09:43,,,07/20/2021,Call_Log_July_16_2021_to_July_26_2021.pdf,17
,,Suspicious M/V,,Report,Yes,,65 BOSTON POST ROAD WEST,Marlborough,,,Marlborough PD,,10:01,,,07/20/2021,Call_Log_July_16_2021_to_July_26_2021.pdf,17
,,MOTOR VEHICLE STOP,,Citation/Warning Issued,No,,176 BOSTON POST ROAD WEST @ 23 APEX DR,Marlborough,,,Marlborough PD,,10:48,,,07/20/2021,Call_Log_July_16_2021_to_July_26_2021.pdf,17
,,Medical,,Transported to Hospital,No,,400 HEMENWAY ST Apt. #175,Marlborough,,,Marlborough PD,,11:04,,,07/20/2021,Call_Log_July_16_2021_to_July_26_2021.pdf,17
,,Ambulance Assist,,Services Rendered- PD,No,,400 HEMENWAY ST Apt. #175,Marlborough,,,Marlborough PD,,11:04,,,07/20/2021,Call_Log_July_16_2021_to_July_26_2021.pdf,17
,,Medical,,Transported to Hospital,No,,428 MAPLE ST,Marlborough,,,Marlborough PD,,11:21,,,07/20/2021,Call_Log_July_16_2021_to_July_26_2021.pdf,17
,,Ambulance Assist,,Services Rendered- PD,No,,428 MAPLE ST,Marlborough,,,Marlborough PD,,11:24,,,07/20/2021,Call_Log_July_16_2021_to_July_26_2021.pdf,17
,,Medical,,Transported to Hospital,No,,65 FREMONT ST,Marlborough,,,Marlborough PD,,11:28,,,07/20/2021,Call_Log_July_16_2021_to_July_26_2021.pdf,17
,,Ambulance Assist,,Services Rendered- PD,No,,65 FREMONT ST,Marlborough,,,Marlborough PD,,11:28,,,07/20/2021,Call_Log_July_16_2021_to_July_26_2021.pdf,17
,,Ambulance Assist,,Services Rendered- PD,No,,121 NORTHBORO ROAD EAST Apt. #130A,Marlborough,,,Marlborough PD,,11:30,,,07/20/2021,Call_Log_July_16_2021_to_July_26_2021.pdf,17
,,911 Hangup/Call,,Services Rendered- PD,No,,384 HEMENWAY ST Apt. #C,Marlborough,,,Marlborough PD,,11:38,,,07/20/2021,Call_Log_July_16_2021_to_July_26_2021.pdf,17
,,AUTO THEFT,,Report,Yes,,169 APEX DR,Marlborough,,,Marlborough PD,,12:17,,,07/20/2021,Call_Log_July_16_2021_to_July_26_2021.pdf,17
,,Parking Violation,,Unfounded,No,,MILL STREET CENTRAL,Marlborough,,,Marlborough PD,,13:11,,,07/20/2021,Call_Log_July_16_2021_to_July_26_2021.pdf,18
,,Medical,,Transported to Hospital,No,,77 RIDGE RD,Marlborough,,,Marlborough PD,,13:14,,,07/20/2021,Call_Log_July_16_2021_to_July_26_2021.pdf,18
,,Ambulance Assist,,Services Rendered- PD,No,,77 RIDGE RD,Marlborough,,,Marlborough PD,,13:16,,,07/20/2021,Call_Log_July_16_2021_to_July_26_2021.pdf,18
,,ASSIST CITIZEN,,Services Rendered- PD,No,,1 NORTHBORO ROAD EAST,Marlborough,,,Marlborough PD,,13:23,,,07/20/2021,Call_Log_July_16_2021_to_July_26_2021.pdf,18
,,Ambulance Assist,,Report,Yes,,121 NORTHBORO ROAD EAST Apt. #144,Marlborough,,,Marlborough PD,,13:56,,,07/20/2021,Call_Log_July_16_2021_to_July_26_2021.pdf,18
,,Ambulance Only,,Transported to Hospital,No,,121 NORTHBORO ROAD EAST Apt. #144,Marlborough,,,Marlborough PD,,13:56,,,07/20/2021,Call_Log_July_16_2021_to_July_26_2021.pdf,18
,,Medical,,Medical Assistance Rendered,No,,200 SIMPSON RD,Marlborough,,,Marlborough PD,,15:03,,,07/20/2021,Call_Log_July_16_2021_to_July_26_2021.pdf,18
,,Ambulance Assist,,Services Rendered- PD,No,,200 SIMPSON RD,Marlborough,,,Marlborough PD,,15:04,,,07/20/2021,Call_Log_July_16_2021_to_July_26_2021.pdf,18
,,Ambulance Only,,Medical Assistance Rendered,No,,[HUD] 425 MAIN ST Apt. #20A,Marlborough,,,Marlborough PD,,15:36,,,07/20/2021,Call_Log_July_16_2021_to_July_26_2021.pdf,18
,,ASSIST CITIZEN,,Services Rendered- PD,No,,14 RIVER ST,Marlborough,,,Marlborough PD,,15:56,,,07/20/2021,Call_Log_July_16_2021_to_July_26_2021.pdf,18
,,SUSPICIOUS ACTIVITY,,Services Rendered- PD,No,,17 CROSS ST Apt. #13,Marlborough,,,Marlborough PD,,16:04,,,07/20/2021,Call_Log_July_16_2021_to_July_26_2021.pdf,18
,,SHOPLIFTING,,Arrest(s) Made,Yes,21-280-AR,627 DONALD J. LYNCH BLVD,Marlborough,,,Marlborough PD,,16:05,,,07/20/2021,Call_Log_July_16_2021_to_July_26_2021.pdf,18
,,MVA PROPERTY DAMAGE ONLY,,Services Rendered- PD,No,,280 MAIN ST,Marlborough,,,Marlborough PD,,17:24,,,07/20/2021,Call_Log_July_16_2021_to_July_26_2021.pdf,18
,,Medical,,Medical Assistance Rendered,No,,155 BOSTON POST ROAD WEST,Marlborough,,,Marlborough PD,,17:46,,,07/20/2021,Call_Log_July_16_2021_to_July_26_2021.pdf,18
,,911 Hangup/Call,,Services Rendered- PD,No,,35 WINDMILL DR,Marlborough,,,Marlborough PD,,17:50,,,07/20/2021,Call_Log_July_16_2021_to_July_26_2021.pdf,18
,,Ambulance Assist,,Services Rendered- PD,No,,155 BOSTON POST ROAD WEST,Marlborough,,,Marlborough PD,,17:51,,,07/20/2021,Call_Log_July_16_2021_to_July_26_2021.pdf,18
,,SERVE SUMMONS,,Services Rendered- PD,No,,460 BOSTON POST ROAD EAST Apt. #B504,Marlborough,,,Marlborough PD,,17:58,,,07/20/2021,Call_Log_July_16_2021_to_July_26_2021.pdf,18
,,MOTOR VEHICLE STOP,,Citation/Warning Issued,No,,700 BOLTON ST,Marlborough,,,Marlborough PD,,18:09,,,07/20/2021,Call_Log_July_16_2021_to_July_26_2021.pdf,19
,,Ambulance Assist,,Services Rendered- PD,No,,400 HEMENWAY ST Apt. #216,Marlborough,,,Marlborough PD,,18:11,,,07/20/2021,Call_Log_July_16_2021_to_July_26_2021.pdf,19
,,Medical,,Medical Assistance Rendered,No,,400 HEMENWAY ST Apt. #216,Marlborough,,,Marlborough PD,,18:12,,,07/20/2021,Call_Log_July_16_2021_to_July_26_2021.pdf,19
,,MVA PROPERTY DAMAGE ONLY,,Unfounded,No,,230 EAST MAIN ST Apt. #B,Marlborough,,,Marlborough PD,,19:17,,,07/20/2021,Call_Log_July_16_2021_to_July_26_2021.pdf,19
,,ASSIST OTHER AGENCY,,Services Rendered- PD,No,,47 HOLLY HILL LN,Marlborough,,,Marlborough PD,,20:20,,,07/20/2021,Call_Log_July_16_2021_to_July_26_2021.pdf,19
,,FOUND/LOST PROPERTY,,Services Rendered- PD,No,,22 ROYAL CREST DR Apt. #3,Marlborough,,,Marlborough PD,,20:35,,,07/20/2021,Call_Log_July_16_2021_to_July_26_2021.pdf,19
,,MOTOR VEHICLE STOP,,Citation/Warning Issued,No,,96 GRANGER BLVD @ 1 COURT ST,Marlborough,,,Marlborough PD,,20:39,,,07/20/2021,Call_Log_July_16_2021_to_July_26_2021.pdf,19
,,SUSPICIOUS ACTIVITY,,Report,Yes,,99 PLEASANT ST Apt. #227,Marlborough,,,Marlborough PD,,22:06,,,07/20/2021,Call_Log_July_16_2021_to_July_26_2021.pdf,19
,,Well being check,,Services Rendered- PD,No,,1 BOLTON ST @ 91 MAIN ST,Marlborough,,,Marlborough PD,,22:25,,,07/20/2021,Call_Log_July_16_2021_to_July_26_2021.pdf,19
,,MOTOR VEHICLE STOP,,Citation/Warning Issued,No,,13 LAKESIDE AVE @ 26 WILLIAMS ST,Marlborough,,,Marlborough PD,,22:59,,,07/20/2021,Call_Log_July_16_2021_to_July_26_2021.pdf,19
,,ESCORT/TRANSPORT,,Services Rendered- PD,No,,EAST MAIN ST,Marlborough,,,Marlborough PD,,01:27,,,07/21/2021,Call_Log_July_16_2021_to_July_26_2021.pdf,19
,,Ambulance Assist,,Services Rendered- PD,No,,2 BARRACUDA DR,Marlborough,,,Marlborough PD,,02:11,,,07/21/2021,Call_Log_July_16_2021_to_July_26_2021.pdf,19
,,Medical,,Medical Assistance Rendered,No,,2 BARRACUDA DR,Marlborough,,,Marlborough PD,,02:11,,,07/21/2021,Call_Log_July_16_2021_to_July_26_2021.pdf,19
,,MVA WITH INJURIES,,Services Rendered- PD,No,,,Marlborough,,,Marlborough PD,,04:14,,,07/21/2021,Call_Log_July_16_2021_to_July_26_2021.pdf,19
,,Motor Vehicle Accident I I,,Medical Assistance Rendered,No,,ROUTE 495 N,Marlborough,,,Marlborough PD,,04:15,,,07/21/2021,Call_Log_July_16_2021_to_July_26_2021.pdf,19
,,Medical,,Medical Assistance Rendered,No,,116 BOSTON POST ROAD EAST Apt. #203,Marlborough,,,Marlborough PD,,05:04,,,07/21/2021,Call_Log_July_16_2021_to_July_26_2021.pdf,19
,,Ambulance Assist,,Services Rendered- PD,No,,116 BOSTON POST ROAD EAST Apt. #203,Marlborough,,,Marlborough PD,,05:06,,,07/21/2021,Call_Log_July_16_2021_to_July_26_2021.pdf,19
,,"ALARM, BURGLAR",,Services Rendered- PD,No,,19 WEED ST,Marlborough,,,Marlborough PD,,05:07,,,07/21/2021,Call_Log_July_16_2021_to_July_26_2021.pdf,20
,,MOTOR VEHICLE STOP,,CRIMINAL COMPLAINT,Yes,,190 BOLTON ST,Marlborough,,,Marlborough PD,,05:30,,,07/21/2021,Call_Log_July_16_2021_to_July_26_2021.pdf,20
,,Private Tow,,Services Rendered- PD,No,,198 WEST MAIN ST Apt. #1,Marlborough,,,Marlborough PD,,06:07,,,07/21/2021,Call_Log_July_16_2021_to_July_26_2021.pdf,20
,,TRAFFIC CONTROL,,Services Rendered- PD,No,,793 BOSTON POST ROAD EAST,Marlborough,,,Marlborough PD,,06:24,,,07/21/2021,Call_Log_July_16_2021_to_July_26_2021.pdf,20
,,DPW Called Out,,Services Rendered- PD,No,,793 BOSTON POST ROAD EAST,Marlborough,,,Marlborough PD,,06:39,,,07/21/2021,Call_Log_July_16_2021_to_July_26_2021.pdf,20
,,MOTOR VEHICLE STOP,,Citation/Warning Issued,No,,410 LAKESIDE AVE,Marlborough,,,Marlborough PD,,07:17,,,07/21/2021,Call_Log_July_16_2021_to_July_26_2021.pdf,20
,,Medical,,Transported to Hospital,No,,421 BOLTON ST Apt. #204,Marlborough,,,Marlborough PD,,08:14,,,07/21/2021,Call_Log_July_16_2021_to_July_26_2021.pdf,20
,,Ambulance Assist,,Services Rendered- PD,No,,421 BOLTON ST Apt. #204,Marlborough,,,Marlborough PD,,08:15,,,07/21/2021,Call_Log_July_16_2021_to_July_26_2021.pdf,20
,,"ALARM, BURGLAR",,Services Rendered- PD,No,,103 FRYE ST,Marlborough,,,Marlborough PD,,08:16,,,07/21/2021,Call_Log_July_16_2021_to_July_26_2021.pdf,20
,,Parking Violation,,Report,Yes,,270 DESIMONE DR,Marlborough,,,Marlborough PD,,08:17,,,07/21/2021,Call_Log_July_16_2021_to_July_26_2021.pdf,20
,,TRAFFIC CONTROL,,Services Rendered- PD,No,,DANJOU DR,Marlborough,,,Marlborough PD,,08:25,,,07/21/2021,Call_Log_July_16_2021_to_July_26_2021.pdf,20
,,SERVE SUMMONS,,Services Rendered- PD,No,,98 BOLTON ST,Marlborough,,,Marlborough PD,,09:25,,,07/21/2021,Call_Log_July_16_2021_to_July_26_2021.pdf,20
,,Medical,,Transported to Hospital,No,,32 MAIN ST Apt. #1,Marlborough,,,Marlborough PD,,10:01,,,07/21/2021,Call_Log_July_16_2021_to_July_26_2021.pdf,20
,,Ambulance Assist,,Services Rendered- PD,No,,32 MAIN ST Apt. #1,Marlborough,,,Marlborough PD,,10:02,,,07/21/2021,Call_Log_July_16_2021_to_July_26_2021.pdf,20
,,Ambulance Only,,Transported to Hospital,No,,[HUD] 55 MANNING ST,Marlborough,,,Marlborough PD,,10:28,,,07/21/2021,Call_Log_July_16_2021_to_July_26_2021.pdf,20
,,Medical,,Transported to Hospital,No,,78 ESSEX ST,Marlborough,,,Marlborough PD,,10:38,,,07/21/2021,Call_Log_July_16_2021_to_July_26_2021.pdf,20
,,Ambulance Assist,,Services Rendered- PD,No,,78 ESSEX ST,Marlborough,,,Marlborough PD,,10:40,,,07/21/2021,Call_Log_July_16_2021_to_July_26_2021.pdf,20
,,Medical,,Transported to Hospital,No,,22 BROAD ST Apt. #416,Marlborough,,,Marlborough PD,,11:00,,,07/21/2021,Call_Log_July_16_2021_to_July_26_2021.pdf,21
,,Ambulance Assist,,Services Rendered- PD,No,,22 BROAD ST,Marlborough,,,Marlborough PD,,11:11,,,07/21/2021,Call_Log_July_16_2021_to_July_26_2021.pdf,21
,,Medical,,Transported to Hospital,No,,279 EAST MAIN ST,Marlborough,,,Marlborough PD,,11:40,,,07/21/2021,Call_Log_July_16_2021_to_July_26_2021.pdf,21
,,Ambulance Assist,,Services Rendered- PD,No,,279 EAST MAIN ST,Marlborough,,,Marlborough PD,,11:40,,,07/21/2021,Call_Log_July_16_2021_to_July_26_2021.pdf,21
,,911 Hangup/Call,,Services Rendered- PD,No,,99 PLEASANT ST,Marlborough,,,Marlborough PD,,11:49,,,07/21/2021,Call_Log_July_16_2021_to_July_26_2021.pdf,21
,,911 Hangup/Call,,Services Rendered- PD,No,,164 ELM ST,Marlborough,,,Marlborough PD,,12:08,,,07/21/2021,Call_Log_July_16_2021_to_July_26_2021.pdf,21
,,SERVE WARRANT,,Report,Yes,,31 MAIN ST,Marlborough,,,Marlborough PD,,12:34,,,07/21/2021,Call_Log_July_16_2021_to_July_26_2021.pdf,21
,,LARCENY,,Report,Yes,,87 TAVITIAN BLVD,Marlborough,,,Marlborough PD,,13:29,,,07/21/2021,Call_Log_July_16_2021_to_July_26_2021.pdf,21
,,DISTURBANCE,,Report,Yes,,413 LAKESIDE AVE,Marlborough,,,Marlborough PD,,13:59,,,07/21/2021,Call_Log_July_16_2021_to_July_26_2021.pdf,21
,,SERVE WARRANT,,Unfounded,No,,15 DICKENSON WAY Apt. #82H,Marlborough,,,Marlborough PD,,14:02,,,07/21/2021,Call_Log_July_16_2021_to_July_26_2021.pdf,21
,,Medical,,Transported to Hospital,No,,8 COTTING AVE Apt. #37,Marlborough,,,Marlborough PD,,14:15,,,07/21/2021,Call_Log_July_16_2021_to_July_26_2021.pdf,21
,,Ambulance Assist,,Services Rendered- PD,No,,8 COTTING AVE Apt. #37,Marlborough,,,Marlborough PD,,14:15,,,07/21/2021,Call_Log_July_16_2021_to_July_26_2021.pdf,21
,,Medical,,Transported to Hospital,No,,39 NEWTON ST,Marlborough,,,Marlborough PD,,14:35,,,07/21/2021,Call_Log_July_16_2021_to_July_26_2021.pdf,21
,,Police Assist,,Services Rendered- PD,No,,128 CONRAD RD,Marlborough,,,Marlborough PD,,15:15,,,07/21/2021,Call_Log_July_16_2021_to_July_26_2021.pdf,21
,,Medical,,Services Rendered- FD,No,,400 HEMENWAY ST Apt. #202B,Marlborough,,,Marlborough PD,,16:21,,,07/21/2021,Call_Log_July_16_2021_to_July_26_2021.pdf,21
,,Medical,,Medical Assistance Rendered,No,,1 BELLOWS CIR,Marlborough,,,Marlborough PD,,16:27,,,07/21/2021,Call_Log_July_16_2021_to_July_26_2021.pdf,21
,,Ambulance Assist,,Services Rendered- PD,No,,1 BELLOWS CIR,Marlborough,,,Marlborough PD,,16:29,,,07/21/2021,Call_Log_July_16_2021_to_July_26_2021.pdf,21
,,MOTOR VEHICLE STOP,,Citation/Warning Issued,No,,148 BOLTON ST @ 10 MILDON AVE,Marlborough,,,Marlborough PD,,17:17,,,07/21/2021,Call_Log_July_16_2021_to_July_26_2021.pdf,21
,,SERVE SUMMONS,,Services Rendered- PD,No,,355 BOLTON ST,Marlborough,,,Marlborough PD,,17:19,,,07/21/2021,Call_Log_July_16_2021_to_July_26_2021.pdf,22
,,Animal Complaint,,Services Rendered- PD,No,,157 HIGHLAND ST,Marlborough,,,Marlborough PD,,17:29,,,07/21/2021,Call_Log_July_16_2021_to_July_26_2021.pdf,22
,,Medical,,Medical Assistance Rendered,No,,21 APEX DR Apt. #B,Marlborough,,,Marlborough PD,,17:46,,,07/21/2021,Call_Log_July_16_2021_to_July_26_2021.pdf,22
,,Ambulance Assist,,Services Rendered- PD,No,,21 APEX DR Apt. #B,Marlborough,,,Marlborough PD,,17:47,,,07/21/2021,Call_Log_July_16_2021_to_July_26_2021.pdf,22
,,LARCENY,,Report,Yes,,181 BOSTON POST ROAD WEST,Marlborough,,,Marlborough PD,,18:08,,,07/21/2021,Call_Log_July_16_2021_to_July_26_2021.pdf,22
,,SERVE WARRANT,,Arrest(s) Made,Yes,21-281-AR,149 PHELPS ST,Marlborough,,,Marlborough PD,,18:26,,,07/21/2021,Call_Log_July_16_2021_to_July_26_2021.pdf,22
,,Ambulance Only,,Medical Assistance Rendered,No,,121 NORTHBORO ROAD EAST Apt. #140,Marlborough,,,Marlborough PD,,18:26,,,07/21/2021,Call_Log_July_16_2021_to_July_26_2021.pdf,22
,,Ambulance Assist,,Services Rendered- PD,No,,121 NORTHBORO ROAD EAST Apt. #140,Marlborough,,,Marlborough PD,,18:34,,,07/21/2021,Call_Log_July_16_2021_to_July_26_2021.pdf,22
,,Ambulance Assist,,Services Rendered- PD,No,,397 BOLTON ST Apt. #C2,Marlborough,,,Marlborough PD,,18:49,,,07/21/2021,Call_Log_July_16_2021_to_July_26_2021.pdf,22
,,Medical,,Medical Assistance Rendered,No,,397 BOLTON ST Apt. #C2,Marlborough,,,Marlborough PD,,18:49,,,07/21/2021,Call_Log_July_16_2021_to_July_26_2021.pdf,22
,,911 Hangup/Call,,Services Rendered- PD,No,,890 BOSTON POST ROAD EAST Apt. #1,Marlborough,,,Marlborough PD,,19:32,,,07/21/2021,Call_Log_July_16_2021_to_July_26_2021.pdf,22
,,Medical,,Services Rendered- FD,No,,121 NORTHBORO ROAD EAST Apt. #109,Marlborough,,,Marlborough PD,,19:34,,,07/21/2021,Call_Log_July_16_2021_to_July_26_2021.pdf,22
,,Ambulance Assist,,Services Rendered- PD,No,,121 NORTHBORO ROAD EAST Apt. #109,Marlborough,,,Marlborough PD,,19:39,,,07/21/2021,Call_Log_July_16_2021_to_July_26_2021.pdf,22
,,911 Hangup/Call,,Services Rendered- PD,No,,98 BOLTON ST Apt. #1,Marlborough,,,Marlborough PD,,19:55,,,07/21/2021,Call_Log_July_16_2021_to_July_26_2021.pdf,22
,,SERVE WARRANT,,Report,Yes,,57 MECHANIC ST,Marlborough,,,Marlborough PD,,20:00,,,07/21/2021,Call_Log_July_16_2021_to_July_26_2021.pdf,22
,,Well being check,,Arrest(s) Made,Yes,21-282-AR,200 KINGS GRANT RD,Marlborough,,,Marlborough PD,,20:13,,,07/21/2021,Call_Log_July_16_2021_to_July_26_2021.pdf,22
,,Medical,,Medical Assistance Rendered,No,,389 HOSMER ST @ 3 JOHANSEN DR,Marlborough,,,Marlborough PD,,20:20,,,07/21/2021,Call_Log_July_16_2021_to_July_26_2021.pdf,23
,,DISTURBANCE,,Report,Yes,,19 NORTHBORO ROAD EAST,Marlborough,,,Marlborough PD,,20:52,,,07/21/2021,Call_Log_July_16_2021_to_July_26_2021.pdf,23
,,Medical,,Services Rendered- FD,No,,139 BROADMEADOW RD Apt. #A/B,Marlborough,,,Marlborough PD,,21:15,,,07/21/2021,Call_Log_July_16_2021_to_July_26_2021.pdf,23
,,Ambulance Assist,,Services Rendered- PD,No,,139B BROADMEADOW RD Apt. #10,Marlborough,,,Marlborough PD,,21:16,,,07/21/2021,Call_Log_July_16_2021_to_July_26_2021.pdf,23
,,Medical,,Medical Assistance Rendered,No,,240 MAIN ST Apt. #315,Marlborough,,,Marlborough PD,,21:18,,,07/21/2021,Call_Log_July_16_2021_to_July_26_2021.pdf,23
,,Ambulance Assist,,Services Rendered- PD,No,,240 MAIN ST Apt. #315,Marlborough,,,Marlborough PD,,21:21,,,07/21/2021,Call_Log_July_16_2021_to_July_26_2021.pdf,23
,,DISTURBANCE,,Report,Yes,,29 PLEASANT ST Apt. #C,Marlborough,,,Marlborough PD,,21:32,,,07/21/2021,Call_Log_July_16_2021_to_July_26_2021.pdf,23
,,DISTURBANCE,,Unfounded,No,,740 FARM RD,Marlborough,,,Marlborough PD,,21:40,,,07/21/2021,Call_Log_July_16_2021_to_July_26_2021.pdf,23
,,Motor Vehicle Accident I I,,Services Rendered- FD,No,,ATLANTIC PROPERTY MGMT CO. - 450 DONALD J. LYNCH BLVD,Marlborough,,,Marlborough PD,,21:54,,,07/21/2021,Call_Log_July_16_2021_to_July_26_2021.pdf,23
,,ASSIST OTHER AGENCY,,Services Rendered- PD,No,,,Marlborough,,,Marlborough PD,,21:58,,,07/21/2021,Call_Log_July_16_2021_to_July_26_2021.pdf,23
,,SUSPICIOUS ACTIVITY,,Unfounded,No,,1 CHANDLER ST,Marlborough,,,Marlborough PD,,22:08,,,07/21/2021,Call_Log_July_16_2021_to_July_26_2021.pdf,23
,,"ALARM, BURGLAR",,Building Checked/Secured,No,,531 LINCOLN ST,Marlborough,,,Marlborough PD,,22:29,,,07/21/2021,Call_Log_July_16_2021_to_July_26_2021.pdf,23
,,"ALARM, BURGLAR",,Services Rendered- PD,No,,400 MAPLE ST,Marlborough,,,Marlborough PD,,22:48,,,07/21/2021,Call_Log_July_16_2021_to_July_26_2021.pdf,23
,,Suspicious M/V,,Services Rendered- PD,No,,890 BOSTON POST ROAD EAST Apt. #1,Marlborough,,,Marlborough PD,,23:16,,,07/21/2021,Call_Log_July_16_2021_to_July_26_2021.pdf,23
,,MOTOR VEHICLE STOP,,Citation/Warning Issued,No,,849 BOSTON POST ROAD EAST Apt. #6H,Marlborough,,,Marlborough PD,,23:26,,,07/21/2021,Call_Log_July_16_2021_to_July_26_2021.pdf,23
,,MOTOR VEHICLE STOP,,Citation/Warning Issued,No,,388 BOSTON POST ROAD EAST,Marlborough,,,Marlborough PD,,23:36,,,07/21/2021,Call_Log_July_16_2021_to_July_26_2021.pdf,23
,,Medical,,Medical Assistance Rendered,No,,240 MAIN ST Apt. #326,Marlborough,,,Marlborough PD,,23:48,,,07/21/2021,Call_Log_July_16_2021_to_July_26_2021.pdf,23
,,Ambulance Assist,,Services Rendered- PD,No,,240 MAIN ST Apt. #326,Marlborough,,,Marlborough PD,,23:49,,,07/21/2021,Call_Log_July_16_2021_to_July_26_2021.pdf,23
,,Ambulance Assist,,Report,Yes,,84 FRYE ST,Marlborough,,,Marlborough PD,,00:21,,,07/22/2021,Call_Log_July_16_2021_to_July_26_2021.pdf,24
,,Medical,,Medical Assistance Rendered,No,,84 FRYE ST,Marlborough,,,Marlborough PD,,00:21,,,07/22/2021,Call_Log_July_16_2021_to_July_26_2021.pdf,24
,,DISTURBANCE,,Services Rendered- PD,No,,240 EAST MAIN ST,Marlborough,,,Marlborough PD,,00:44,,,07/22/2021,Call_Log_July_16_2021_to_July_26_2021.pdf,24
,,MOTOR VEHICLE STOP,,Citation/Warning Issued,No,,32 MAIN ST,Marlborough,,,Marlborough PD,,01:07,,,07/22/2021,Call_Log_July_16_2021_to_July_26_2021.pdf,24
,,SUSPICIOUS ACTIVITY,,Services Rendered- PD,No,,460 BOSTON POST ROAD EAST Apt. #B,Marlborough,,,Marlborough PD,,04:30,,,07/22/2021,Call_Log_July_16_2021_to_July_26_2021.pdf,24
,,LARCENY,,Report,Yes,,676 FARM RD Apt. #7,Marlborough,,,Marlborough PD,,06:36,,,07/22/2021,Call_Log_July_16_2021_to_July_26_2021.pdf,24
,,Private Tow,,Services Rendered- PD,No,,15 ROYAL CREST DR,Marlborough,,,Marlborough PD,,07:15,,,07/22/2021,Call_Log_July_16_2021_to_July_26_2021.pdf,24
,,Medical,,Medical Assistance Rendered,No,,240 MAIN ST Apt. #111,Marlborough,,,Marlborough PD,,08:49,,,07/22/2021,Call_Log_July_16_2021_to_July_26_2021.pdf,24
,,Ambulance Assist,,Services Rendered- PD,No,,240 MAIN ST Apt. #111,Marlborough,,,Marlborough PD,,08:50,,,07/22/2021,Call_Log_July_16_2021_to_July_26_2021.pdf,24
,,MVA PROPERTY DAMAGE ONLY,,Services Rendered- PD,No,,236 BOLTON ST @ 51 UNION ST,Marlborough,,,Marlborough PD,,09:06,,,07/22/2021,Call_Log_July_16_2021_to_July_26_2021.pdf,24
,,ESCORT/TRANSPORT,,Services Rendered- PD,No,,45 WILLIAMS ST,Marlborough,,,Marlborough PD,,09:26,,,07/22/2021,Call_Log_July_16_2021_to_July_26_2021.pdf,24
,,ASSIST OTHER AGENCY,,Services Rendered- PD,No,,ROUTE 290 EASTBOUND,Marlborough,,,Marlborough PD,,10:03,,,07/22/2021,Call_Log_July_16_2021_to_July_26_2021.pdf,24
,,Motor Vehicle Accident I I,,Medical Assistance Rendered,No,,ROUTE 290 EASTBOUND,Marlborough,,,Marlborough PD,,10:04,,,07/22/2021,Call_Log_July_16_2021_to_July_26_2021.pdf,24
,,Ambulance Assist,,Services Rendered- PD,No,,19A WELLINGTON ST,Marlborough,,,Marlborough PD,,10:11,,,07/22/2021,Call_Log_July_16_2021_to_July_26_2021.pdf,24
,,Medical,,Medical Assistance Rendered,No,,19A WELLINGTON ST,Marlborough,,,Marlborough PD,,10:12,,,07/22/2021,Call_Log_July_16_2021_to_July_26_2021.pdf,24
,,ASSIST OTHER AGENCY,,Services Rendered- PD,No,,160 APEX DR Apt. #E,Marlborough,,,Marlborough PD,,10:54,,,07/22/2021,Call_Log_July_16_2021_to_July_26_2021.pdf,24
,,Eratic Operator,,Services Rendered- PD,No,,416 BOSTON POST ROAD EAST,Marlborough,,,Marlborough PD,,11:17,,,07/22/2021,Call_Log_July_16_2021_to_July_26_2021.pdf,24
,,SERVE WARRANT,,Services Rendered- PD,No,,4 APTS - 196 WEST MAIN ST,Marlborough,,,Marlborough PD,,11:48,,,07/22/2021,Call_Log_July_16_2021_to_July_26_2021.pdf,25
,,Ambulance Assist,,Services Rendered- PD,No,,22 BROAD ST Apt. #303,Marlborough,,,Marlborough PD,,11:57,,,07/22/2021,Call_Log_July_16_2021_to_July_26_2021.pdf,25
,,Medical,,Medical Assistance Rendered,No,,22 BROAD ST Apt. #303,Marlborough,,,Marlborough PD,,11:58,,,07/22/2021,Call_Log_July_16_2021_to_July_26_2021.pdf,25
,,Well being check,,Services Rendered- PD,No,,33 DICKENSON WAY,Marlborough,,,Marlborough PD,,12:20,,,07/22/2021,Call_Log_July_16_2021_to_July_26_2021.pdf,25
,,LARCENY,,Report,Yes,,146 GREENWOOD ST,Marlborough,,,Marlborough PD,,12:22,,,07/22/2021,Call_Log_July_16_2021_to_July_26_2021.pdf,25
,,Ambulance Only,,Medical Assistance Rendered,No,,[HUD] 4 RICHARSON RD,Marlborough,,,Marlborough PD,,12:22,,,07/22/2021,Call_Log_July_16_2021_to_July_26_2021.pdf,25
,,DISTURBANCE,,Report,Yes,,165 BROADMEADOW RD Apt. #A5,Marlborough,,,Marlborough PD,,12:25,,,07/22/2021,Call_Log_July_16_2021_to_July_26_2021.pdf,25
,,SERVE WARRANT,,Services Rendered- PD,No,,15 DICKENSON WAY Apt. #82H,Marlborough,,,Marlborough PD,,12:38,,,07/22/2021,Call_Log_July_16_2021_to_July_26_2021.pdf,25
,,ASSIST CITIZEN,,Services Rendered- PD,No,,165 BOSTON POST ROAD EAST,Marlborough,,,Marlborough PD,,13:16,,,07/22/2021,Call_Log_July_16_2021_to_July_26_2021.pdf,25
,,SUSPICIOUS ACTIVITY,,Report,Yes,,32 ANDERSON RD,Marlborough,,,Marlborough PD,,13:38,,,07/22/2021,Call_Log_July_16_2021_to_July_26_2021.pdf,25
,,MVA PROPERTY DAMAGE ONLY,,Report,Yes,,413 LAKESIDE AVE @ 75 FELTON ST,Marlborough,,,Marlborough PD,,13:43,,,07/22/2021,Call_Log_July_16_2021_to_July_26_2021.pdf,25
,,Private Tow,,Services Rendered- PD,No,,447 BOSTON POST ROAD EAST,Marlborough,,,Marlborough PD,,13:53,,,07/22/2021,Call_Log_July_16_2021_to_July_26_2021.pdf,25
,,MVA WITH INJURIES,,Report,Yes,,153 DICENZO BLVD,Marlborough,,,Marlborough PD,,14:11,,,07/22/2021,Call_Log_July_16_2021_to_July_26_2021.pdf,25
,,Motor vehicle accident I,,Medical Assistance Rendered,No,,157 DICENZO BLVD,Marlborough,,,Marlborough PD,,14:12,,,07/22/2021,Call_Log_July_16_2021_to_July_26_2021.pdf,25
,,ASSAULT,,Unfounded,No,,656 BOSTON POST ROAD EAST,Marlborough,,,Marlborough PD,,14:59,,,07/22/2021,Call_Log_July_16_2021_to_July_26_2021.pdf,25
,,Ambulance Assist,,Services Rendered- PD,No,,29 VIRGINIA AVE,Marlborough,,,Marlborough PD,,16:04,,,07/22/2021,Call_Log_July_16_2021_to_July_26_2021.pdf,25
,,Medical,,Transported to Hospital,No,,29 VIRGINIA AVE,Marlborough,,,Marlborough PD,,16:04,,,07/22/2021,Call_Log_July_16_2021_to_July_26_2021.pdf,25
,,Harassment,,Report,Yes,,100 VICTORIA LN,Marlborough,,,Marlborough PD,,16:32,,,07/22/2021,Call_Log_July_16_2021_to_July_26_2021.pdf,25
,,MVA WITH INJURIES,,Report,Yes,,0 SOLOMON POND RD @ 880 DONALD J. LYNCH BLVD,Marlborough,,,Marlborough PD,,16:41,,,07/22/2021,Call_Log_July_16_2021_to_July_26_2021.pdf,25
,,Ambulance Only,,Transported to Hospital,No,,56 FRAMINGHAM RD,Marlborough,,,Marlborough PD,,16:55,,,07/22/2021,Call_Log_July_16_2021_to_July_26_2021.pdf,26
,,Ambulance Assist,,Report,Yes,,56 FRAMINGHAM RD,Marlborough,,,Marlborough PD,,17:06,,,07/22/2021,Call_Log_July_16_2021_to_July_26_2021.pdf,26
,,Ambulance Assist,,Report,Yes,,28 MILL STREET CENTRAL,Marlborough,,,Marlborough PD,,17:32,,,07/22/2021,Call_Log_July_16_2021_to_July_26_2021.pdf,26
,,Ambulance Only,,Transported to Hospital,No,,28 MILL STREET CENTRAL,Marlborough,,,Marlborough PD,,17:32,,,07/22/2021,Call_Log_July_16_2021_to_July_26_2021.pdf,26
,,Medical,,Transported to Hospital,No,,420 HEMENWAY ST,Marlborough,,,Marlborough PD,,17:43,,,07/22/2021,Call_Log_July_16_2021_to_July_26_2021.pdf,26
,,Ambulance Assist,,Services Rendered- PD,No,,420 HEMENWAY ST Apt. #350,Marlborough,,,Marlborough PD,,17:45,,,07/22/2021,Call_Log_July_16_2021_to_July_26_2021.pdf,26
,,SERVE SUMMONS,,Services Rendered- PD,No,,450 BOSTON POST ROAD EAST Apt. #A612,Marlborough,,,Marlborough PD,,18:16,,,07/22/2021,Call_Log_July_16_2021_to_July_26_2021.pdf,26
,,SUSPICIOUS ACTIVITY,,Unfounded,No,,100 GRANGER BLVD Apt. #101,Marlborough,,,Marlborough PD,,18:34,,,07/22/2021,Call_Log_July_16_2021_to_July_26_2021.pdf,26
,,Medical,,Transported to Hospital,No,,50 HIGHGATE RD,Marlborough,,,Marlborough PD,,18:50,,,07/22/2021,Call_Log_July_16_2021_to_July_26_2021.pdf,26
,,Ambulance Assist,,Services Rendered- PD,No,,50 HIGHGATE RD,Marlborough,,,Marlborough PD,,18:51,,,07/22/2021,Call_Log_July_16_2021_to_July_26_2021.pdf,26
,,MOTOR VEHICLE STOP,,Citation/Warning Issued,No,,176 BOSTON POST ROAD WEST @ 23 APEX DR,Marlborough,,,Marlborough PD,,20:04,,,07/22/2021,Call_Log_July_16_2021_to_July_26_2021.pdf,26
,,MOTOR VEHICLE STOP,,Citation/Warning Issued,No,,785 FARM RD,Marlborough,,,Marlborough PD,,20:31,,,07/22/2021,Call_Log_July_16_2021_to_July_26_2021.pdf,26
,,MOTOR VEHICLE STOP,,Citation/Warning Issued,No,,180 FARM RD @ 9 BOIVIN DR,Marlborough,,,Marlborough PD,,20:45,,,07/22/2021,Call_Log_July_16_2021_to_July_26_2021.pdf,26
,,Medical,,Services Rendered- FD,No,,99 PLEASANT ST Apt. #321,Marlborough,,,Marlborough PD,,20:53,,,07/22/2021,Call_Log_July_16_2021_to_July_26_2021.pdf,26
,,Ambulance Assist,,Services Rendered- PD,No,,99 PLEASANT ST Apt. #321,Marlborough,,,Marlborough PD,,20:54,,,07/22/2021,Call_Log_July_16_2021_to_July_26_2021.pdf,26
,,Suspicious M/V,,Report,Yes,,9 RESERVOIR ST,Marlborough,,,Marlborough PD,,21:18,,,07/22/2021,Call_Log_July_16_2021_to_July_26_2021.pdf,26
,,Medical,,Transported to Hospital,No,,509 LINCOLN ST Apt. #15,Marlborough,,,Marlborough PD,,21:35,,,07/22/2021,Call_Log_July_16_2021_to_July_26_2021.pdf,26
,,Ambulance Assist,,Services Rendered- PD,No,,509 LINCOLN ST Apt. #18,Marlborough,,,Marlborough PD,,21:36,,,07/22/2021,Call_Log_July_16_2021_to_July_26_2021.pdf,26
,,Medical,,Transported to Hospital,No,,99 PLEASANT ST Apt. #211,Marlborough,,,Marlborough PD,,21:37,,,07/22/2021,Call_Log_July_16_2021_to_July_26_2021.pdf,26
,,Ambulance Assist,,Services Rendered- PD,No,,99 PLEASANT ST Apt. #211,Marlborough,,,Marlborough PD,,21:38,,,07/22/2021,Call_Log_July_16_2021_to_July_26_2021.pdf,27
,,911 Hangup/Call,,Services Rendered- PD,No,,323 SOUTH ST,Marlborough,,,Marlborough PD,,21:52,,,07/22/2021,Call_Log_July_16_2021_to_July_26_2021.pdf,27
,,DISTURBANCE,,Report,Yes,,72 CHESTNUT ST,Marlborough,,,Marlborough PD,,22:14,,,07/22/2021,Call_Log_July_16_2021_to_July_26_2021.pdf,27
,,Well being check,,Report,Yes,,70 EAST MAIN ST,Marlborough,,,Marlborough PD,,22:35,,,07/22/2021,Call_Log_July_16_2021_to_July_26_2021.pdf,27
,,Fraud / Forgery,,Services Rendered- PD,No,,34 NEIL ST,Marlborough,,,Marlborough PD,,22:46,,,07/22/2021,Call_Log_July_16_2021_to_July_26_2021.pdf,27
,,911 Hangup/Call,,Services Rendered- PD,No,,87B BROADMEADOW RD Apt. #8,Marlborough,,,Marlborough PD,,02:30,,,07/23/2021,Call_Log_July_16_2021_to_July_26_2021.pdf,27
,,Ambulance Assist,,Services Rendered- PD,No,,12 CROSS ST Apt. #2,Marlborough,,,Marlborough PD,,02:48,,,07/23/2021,Call_Log_July_16_2021_to_July_26_2021.pdf,27
,,Medical,,Transported to Hospital,No,,12 CROSS ST Apt. #2,Marlborough,,,Marlborough PD,,02:49,,,07/23/2021,Call_Log_July_16_2021_to_July_26_2021.pdf,27
,,"ALARM, BURGLAR",,Building Checked/Secured,No,,493 BOSTON POST ROAD WEST,Marlborough,,,Marlborough PD,,02:54,,,07/23/2021,Call_Log_July_16_2021_to_July_26_2021.pdf,27
,,Suspicious M/V,,Services Rendered- PD,No,,NEAR ROCK - BOLTON ST,Marlborough,,,Marlborough PD,,03:13,,,07/23/2021,Call_Log_July_16_2021_to_July_26_2021.pdf,27
,,Directed Patrol,,Services Rendered- PD,No,,706 HOSMER ST,Marlborough,,,Marlborough PD,,06:42,,,07/23/2021,Call_Log_July_16_2021_to_July_26_2021.pdf,27
,,MOTOR VEHICLE STOP,,Citation/Warning Issued,No,,133 HOSMER ST @ 1 BRIARWOOD LN,Marlborough,,,Marlborough PD,,06:49,,,07/23/2021,Call_Log_July_16_2021_to_July_26_2021.pdf,27
,,"ALARM, BURGLAR",,Services Rendered- PD,No,,206 CEDAR HILL ST,Marlborough,,,Marlborough PD,,07:59,,,07/23/2021,Call_Log_July_16_2021_to_July_26_2021.pdf,27
,,MISSING PERSON,,Report,Yes,,184 MECHANIC ST Apt. #5,Marlborough,,,Marlborough PD,,08:03,,,07/23/2021,Call_Log_July_16_2021_to_July_26_2021.pdf,27
,,DISABLED MV,,Services Rendered- PD,No,,35 SIMARANO DR @ 384 FOREST ST,Marlborough,,,Marlborough PD,,08:43,,,07/23/2021,Call_Log_July_16_2021_to_July_26_2021.pdf,27
,,Ambulance Assist,,Services Rendered- PD,No,,201 MECHANIC ST,Marlborough,,,Marlborough PD,,08:47,,,07/23/2021,Call_Log_July_16_2021_to_July_26_2021.pdf,27
,,Medical,,Transported to Hospital,No,,201 MECHANIC ST,Marlborough,,,Marlborough PD,,08:47,,,07/23/2021,Call_Log_July_16_2021_to_July_26_2021.pdf,27
,,"ALARM, BURGLAR",,Building Checked/Secured,No,,191 BOSTON POST ROAD WEST,Marlborough,,,Marlborough PD,,09:04,,,07/23/2021,Call_Log_July_16_2021_to_July_26_2021.pdf,28
,,Ambulance Assist,,Services Rendered- PD,No,,WOMENS IMAGING CENTER - 207 UNION ST,Marlborough,,,Marlborough PD,,09:28,,,07/23/2021,Call_Log_July_16_2021_to_July_26_2021.pdf,28
,,Medical,,Transported to Hospital,No,,WOMENS IMAGING CENTER - 207 UNION ST,Marlborough,,,Marlborough PD,,09:29,,,07/23/2021,Call_Log_July_16_2021_to_July_26_2021.pdf,28
,,Medical,,Transported to Hospital,No,,15 ROYAL CREST DR Apt. #3,Marlborough,,,Marlborough PD,,09:31,,,07/23/2021,Call_Log_July_16_2021_to_July_26_2021.pdf,28
,,Ambulance Assist,,Services Rendered- PD,No,,15 ROYAL CREST DR Apt. #3,Marlborough,,,Marlborough PD,,09:31,,,07/23/2021,Call_Log_July_16_2021_to_July_26_2021.pdf,28
,,ANNOYING PHONE CALLS,,Report,Yes,,420 HEMENWAY ST Apt. #472,Marlborough,,,Marlborough PD,,09:59,,,07/23/2021,Call_Log_July_16_2021_to_July_26_2021.pdf,28
,,Medical,,Transported to Hospital,No,,31 BRIARWOOD LN Apt. #7,Marlborough,,,Marlborough PD,,10:02,,,07/23/2021,Call_Log_July_16_2021_to_July_26_2021.pdf,28
,,Ambulance Assist,,Services Rendered- PD,No,,31 BRIARWOOD LN Apt. #7,Marlborough,,,Marlborough PD,,10:02,,,07/23/2021,Call_Log_July_16_2021_to_July_26_2021.pdf,28
,,Harassment,,Report,Yes,,87 MILL STREET CENTRAL,Marlborough,,,Marlborough PD,,10:09,,,07/23/2021,Call_Log_July_16_2021_to_July_26_2021.pdf,28
,,Ambulance Only,,Transported to Hospital,No,,[HUD] 16 PALMIERI DR,Marlborough,,,Marlborough PD,,10:39,,,07/23/2021,Call_Log_July_16_2021_to_July_26_2021.pdf,28
,,DISTURBANCE,,Report,Yes,,72 CHESTNUT ST,Marlborough,,,Marlborough PD,,11:06,,,07/23/2021,Call_Log_July_16_2021_to_July_26_2021.pdf,28
,,LARCENY,,Report,Yes,,10 ROBIN DR,Marlborough,,,Marlborough PD,,11:07,,,07/23/2021,Call_Log_July_16_2021_to_July_26_2021.pdf,28
,,MVA PROPERTY DAMAGE ONLY,,Report,Yes,,339 LINCOLN ST @ 66 MECHANIC ST,Marlborough,,,Marlborough PD,,11:15,,,07/23/2021,Call_Log_July_16_2021_to_July_26_2021.pdf,28
,,Motor vehicle accident I,,Transported to Hospital,No,,339 LINCOLN ST @ 66 MECHANIC ST,Marlborough,,,Marlborough PD,,11:15,,,07/23/2021,Call_Log_July_16_2021_to_July_26_2021.pdf,28
,,Medical,,Services Rendered- FD,No,,240 MAIN ST Apt. #515,Marlborough,,,Marlborough PD,,11:23,,,07/23/2021,Call_Log_July_16_2021_to_July_26_2021.pdf,28
,,Medical,,Transported to Hospital,No,,38 BOSTON POST ROAD WEST,Marlborough,,,Marlborough PD,,11:32,,,07/23/2021,Call_Log_July_16_2021_to_July_26_2021.pdf,28
,,Harassment,,Services Rendered- PD,No,,230 BROADMEADOW RD,Marlborough,,,Marlborough PD,,11:32,,,07/23/2021,Call_Log_July_16_2021_to_July_26_2021.pdf,28
,,Ambulance Assist,,Services Rendered- PD,No,,400 BOLTON ST Apt. #203,Marlborough,,,Marlborough PD,,11:44,,,07/23/2021,Call_Log_July_16_2021_to_July_26_2021.pdf,28
,,Medical,,Transported to Hospital,No,,400 BOLTON ST Apt. #203,Marlborough,,,Marlborough PD,,11:46,,,07/23/2021,Call_Log_July_16_2021_to_July_26_2021.pdf,29
,,MVA PROPERTY DAMAGE ONLY,,Report,Yes,,6 APEX DR,Marlborough,,,Marlborough PD,,12:02,,,07/23/2021,Call_Log_July_16_2021_to_July_26_2021.pdf,29
,,SERVE WARRANT,,Unfounded,No,,18 PHELPS ST,Marlborough,,,Marlborough PD,,12:51,,,07/23/2021,Call_Log_July_16_2021_to_July_26_2021.pdf,29
,,SERVE WARRANT,,Unfounded,No,,53 GULBANKIAN DR,Marlborough,,,Marlborough PD,,13:00,,,07/23/2021,Call_Log_July_16_2021_to_July_26_2021.pdf,29
,,Animal Complaint,,Services Rendered- PD,No,,135 NEIL ST,Marlborough,,,Marlborough PD,,13:30,,,07/23/2021,Call_Log_July_16_2021_to_July_26_2021.pdf,29
,,Police Assist,,Services Rendered- PD,No,,273 BOSTON POST ROAD EAST Apt. #9,Marlborough,,,Marlborough PD,,14:12,,,07/23/2021,Call_Log_July_16_2021_to_July_26_2021.pdf,29
,,Medical,,Services Rendered- FD,No,,82 SAINT IVES WAY,Marlborough,,,Marlborough PD,,14:16,,,07/23/2021,Call_Log_July_16_2021_to_July_26_2021.pdf,29
,,Ambulance Assist,,Services Rendered- PD,No,,82 SAINT IVES WAY,Marlborough,,,Marlborough PD,,14:16,,,07/23/2021,Call_Log_July_16_2021_to_July_26_2021.pdf,29
,,Ambulance Assist,,Services Rendered- PD,No,,81 COOK LN,Marlborough,,,Marlborough PD,,14:21,,,07/23/2021,Call_Log_July_16_2021_to_July_26_2021.pdf,29
,,Medical,,Transported to Hospital,No,,81 COOK LN,Marlborough,,,Marlborough PD,,14:22,,,07/23/2021,Call_Log_July_16_2021_to_July_26_2021.pdf,29
,,ASSIST OTHER AGENCY,,Services Rendered- PD,No,,165 BROADMEADOW RD Apt. #A/B,Marlborough,,,Marlborough PD,,15:01,,,07/23/2021,Call_Log_July_16_2021_to_July_26_2021.pdf,29
,,DISTURBANCE,,Services Rendered- PD,No,,198 WEST MAIN ST Apt. #1,Marlborough,,,Marlborough PD,,15:18,,,07/23/2021,Call_Log_July_16_2021_to_July_26_2021.pdf,29
,,MVA WITH INJURIES,,Report,Yes,,LAKESIDE AVE,Marlborough,,,Marlborough PD,,15:23,,,07/23/2021,Call_Log_July_16_2021_to_July_26_2021.pdf,29
,,Motor vehicle accident I,,Medical Assistance Rendered,No,,413 LAKESIDE AVE,Marlborough,,,Marlborough PD,,15:28,,,07/23/2021,Call_Log_July_16_2021_to_July_26_2021.pdf,29
,,LARCENY,,Report,Yes,,172 HOSMER ST,Marlborough,,,Marlborough PD,,15:31,,,07/23/2021,Call_Log_July_16_2021_to_July_26_2021.pdf,29
,,Ambulance Assist,,Services Rendered- PD,No,,720 BOSTON POST ROAD EAST,Marlborough,,,Marlborough PD,,16:07,,,07/23/2021,Call_Log_July_16_2021_to_July_26_2021.pdf,29
,,Medical,,Medical Assistance Rendered,No,,720 BOSTON POST ROAD EAST Apt. #251,Marlborough,,,Marlborough PD,,16:08,,,07/23/2021,Call_Log_July_16_2021_to_July_26_2021.pdf,29
,,Medical,,Medical Assistance Rendered,No,,121 NORTHBORO ROAD EAST,Marlborough,,,Marlborough PD,,16:13,,,07/23/2021,Call_Log_July_16_2021_to_July_26_2021.pdf,29
,,Ambulance Assist,,Services Rendered- PD,No,,121 NORTHBORO ROAD EAST Apt. #33C,Marlborough,,,Marlborough PD,,16:15,,,07/23/2021,Call_Log_July_16_2021_to_July_26_2021.pdf,29
,,VANDALISM,,Report,Yes,,9 ELIZABETH RD,Marlborough,,,Marlborough PD,,16:17,,,07/23/2021,Call_Log_July_16_2021_to_July_26_2021.pdf,30
,,Animal Complaint,,Services Rendered- PD,No,,771 BOSTON POST ROAD EAST Apt. #11,Marlborough,,,Marlborough PD,,16:25,,,07/23/2021,Call_Log_July_16_2021_to_July_26_2021.pdf,30
,,911 Hangup/Call,,Services Rendered- PD,No,,75 FELTON ST Apt. #212,Marlborough,,,Marlborough PD,,16:32,,,07/23/2021,Call_Log_July_16_2021_to_July_26_2021.pdf,30
,,Ambulance Assist,,Services Rendered- PD,No,,75 STATE ST,Marlborough,,,Marlborough PD,,17:01,,,07/23/2021,Call_Log_July_16_2021_to_July_26_2021.pdf,30
,,Medical,,Medical Assistance Rendered,No,,75 STATE ST,Marlborough,,,Marlborough PD,,17:03,,,07/23/2021,Call_Log_July_16_2021_to_July_26_2021.pdf,30
,,Parking Violation,,Unfounded,No,,80 ELM ST,Marlborough,,,Marlborough PD,,17:24,,,07/23/2021,Call_Log_July_16_2021_to_July_26_2021.pdf,30
,,Eratic Operator,,Unfounded,No,,120 BOLTON ST @ 13 TREMONT ST,Marlborough,,,Marlborough PD,,17:39,,,07/23/2021,Call_Log_July_16_2021_to_July_26_2021.pdf,30
,,Ambulance Assist,,Services Rendered- PD,No,,32 BRIARWOOD LN Apt. #3,Marlborough,,,Marlborough PD,,17:42,,,07/23/2021,Call_Log_July_16_2021_to_July_26_2021.pdf,30
,,Ambulance Only,,Medical Assistance Rendered,No,,32 BRIARWOOD LN Apt. #3,Marlborough,,,Marlborough PD,,17:45,,,07/23/2021,Call_Log_July_16_2021_to_July_26_2021.pdf,30
,,DISTURBANCE,,Report,Yes,,26 BRIARWOOD LN Apt. #6,Marlborough,,,Marlborough PD,,18:10,,,07/23/2021,Call_Log_July_16_2021_to_July_26_2021.pdf,30
,,MOTOR VEHICLE STOP,,Citation/Warning Issued,No,,180 FARM RD @ 9 BOIVIN DR,Marlborough,,,Marlborough PD,,19:26,,,07/23/2021,Call_Log_July_16_2021_to_July_26_2021.pdf,30
,,MOTOR VEHICLE STOP,,Citation/Warning Issued,No,,180 FARM RD @ 9 BOIVIN DR,Marlborough,,,Marlborough PD,,20:01,,,07/23/2021,Call_Log_July_16_2021_to_July_26_2021.pdf,30
,,SERVE SUMMONS,,Services Rendered- PD,No,,98 BOLTON ST Apt. #1,Marlborough,,,Marlborough PD,,20:05,,,07/23/2021,Call_Log_July_16_2021_to_July_26_2021.pdf,30
,,MOTOR VEHICLE STOP,,Citation/Warning Issued,No,,37 EAST MAIN ST @ 6 SAWIN ST,Marlborough,,,Marlborough PD,,20:14,,,07/23/2021,Call_Log_July_16_2021_to_July_26_2021.pdf,30
,,MOTOR VEHICLE STOP,,Citation/Warning Issued,No,,ROUTE 495 N,Marlborough,,,Marlborough PD,,20:15,,,07/23/2021,Call_Log_July_16_2021_to_July_26_2021.pdf,30
,,AUTO THEFT,,Report,Yes,,276 MAIN ST Apt. #36,Marlborough,,,Marlborough PD,,20:20,,,07/23/2021,Call_Log_July_16_2021_to_July_26_2021.pdf,30
,,Ambulance Assist,,Services Rendered- PD,No,,FAMILY RESIDENTIAL - 72 DEVENS ST Apt. #B,Marlborough,,,Marlborough PD,,20:35,,,07/23/2021,Call_Log_July_16_2021_to_July_26_2021.pdf,30
,,Medical,,Medical Assistance Rendered,No,,FAMILY RESIDENTIAL - 72 DEVENS ST Apt. #B,Marlborough,,,Marlborough PD,,20:35,,,07/23/2021,Call_Log_July_16_2021_to_July_26_2021.pdf,30
,,VANDALISM,,Report,Yes,,FAMILY RESIDENTIAL - 168 BROAD ST Apt. #2L,Marlborough,,,Marlborough PD,,20:50,,,07/23/2021,Call_Log_July_16_2021_to_July_26_2021.pdf,31
,,911 Hangup/Call,,Services Rendered- PD,No,,181 BOSTON POST ROAD EAST Apt. #14,Marlborough,,,Marlborough PD,,20:54,,,07/23/2021,Call_Log_July_16_2021_to_July_26_2021.pdf,31
,,Medical,,Medical Assistance Rendered,No,,23 PHEASANT HILL RD,Marlborough,,,Marlborough PD,,20:54,,,07/23/2021,Call_Log_July_16_2021_to_July_26_2021.pdf,31
,,Suspicious M/V,,Services Rendered- PD,No,,103 RUSSELL ST,Marlborough,,,Marlborough PD,,20:57,,,07/23/2021,Call_Log_July_16_2021_to_July_26_2021.pdf,31
,,"ALARM, BURGLAR",,Building Checked/Secured,No,,55 MECHANIC ST,Marlborough,,,Marlborough PD,,21:10,,,07/23/2021,Call_Log_July_16_2021_to_July_26_2021.pdf,31
,,ASSIST OTHER AGENCY,,Services Rendered- PD,No,,16 HEATH ST,Marlborough,,,Marlborough PD,,21:14,,,07/23/2021,Call_Log_July_16_2021_to_July_26_2021.pdf,31
,,DISTURBANCE,,Report,Yes,,60 AZALEA LN,Marlborough,,,Marlborough PD,,21:37,,,07/23/2021,Call_Log_July_16_2021_to_July_26_2021.pdf,31
,,Animal Complaint,,Report,Yes,,24 CROSS ST,Marlborough,,,Marlborough PD,,22:23,,,07/23/2021,Call_Log_July_16_2021_to_July_26_2021.pdf,31
,,MOTOR VEHICLE STOP,,Report,Yes,,351 FARM RD @ 388 COOK LN,Marlborough,,,Marlborough PD,,22:41,,,07/23/2021,Call_Log_July_16_2021_to_July_26_2021.pdf,31
,,Suspicious M/V,,Services Rendered- PD,No,,600 BOLTON ST,Marlborough,,,Marlborough PD,,22:47,,,07/23/2021,Call_Log_July_16_2021_to_July_26_2021.pdf,31
,,MOTOR VEHICLE STOP,,Citation/Warning Issued,No,,1 BOLTON ST @ 91 MAIN ST,Marlborough,,,Marlborough PD,,22:52,,,07/23/2021,Call_Log_July_16_2021_to_July_26_2021.pdf,31
,,MOTOR VEHICLE STOP,,Citation/Warning Issued,No,,176 BOSTON POST ROAD WEST @ 23 APEX DR,Marlborough,,,Marlborough PD,,23:10,,,07/23/2021,Call_Log_July_16_2021_to_July_26_2021.pdf,31
,,DISTURBANCE,,Report,Yes,,25 BRIARWOOD LN Apt. #2,Marlborough,,,Marlborough PD,,23:21,,,07/23/2021,Call_Log_July_16_2021_to_July_26_2021.pdf,31
,,DISTURBANCE,,Report,Yes,,494 LINCOLN ST,Marlborough,,,Marlborough PD,,00:26,,,07/24/2021,Call_Log_July_16_2021_to_July_26_2021.pdf,31
,,ASSIST CITIZEN,,Unfounded,No,,45 GRANT ST Apt. #2,Marlborough,,,Marlborough PD,,00:44,,,07/24/2021,Call_Log_July_16_2021_to_July_26_2021.pdf,31
,,DISTURBANCE,,Unfounded,No,,DEVENS ST,Marlborough,,,Marlborough PD,,01:01,,,07/24/2021,Call_Log_July_16_2021_to_July_26_2021.pdf,31
,,911 Hangup/Call,,Services Rendered- PD,No,,389 HOSMER ST,Marlborough,,,Marlborough PD,,02:07,,,07/24/2021,Call_Log_July_16_2021_to_July_26_2021.pdf,31
,,DISTURBANCE,,Arrest(s) Made,Yes,21-283-AR; 21-284-AR,117 HOSMER ST,Marlborough,,,Marlborough PD,,02:17,,,07/24/2021,Call_Log_July_16_2021_to_July_26_2021.pdf,31
,,"ALARM, BURGLAR",,Building Checked/Secured,No,,11 FLORENCE ST Apt. #A,Marlborough,,,Marlborough PD,,02:50,,,07/24/2021,Call_Log_July_16_2021_to_July_26_2021.pdf,32
,,ASSIST CITIZEN,,Report,Yes,,302 BOSTON POST ROAD EAST,Marlborough,,,Marlborough PD,,03:34,,,07/24/2021,Call_Log_July_16_2021_to_July_26_2021.pdf,32
,,Parking Violation,,Citation/Warning Issued,No,,302 BOSTON POST ROAD EAST Apt. #A,Marlborough,,,Marlborough PD,,04:24,,,07/24/2021,Call_Log_July_16_2021_to_July_26_2021.pdf,32
,,"ALARM, BURGLAR",,No Action Required,No,,40 LOCKE DR,Marlborough,,,Marlborough PD,,05:16,,,07/24/2021,Call_Log_July_16_2021_to_July_26_2021.pdf,32
,,B&E into M/V,,Arrest(s) Made,Yes,21-285-AR,42 BRIARWOOD LN,Marlborough,,,Marlborough PD,,05:40,,,07/24/2021,Call_Log_July_16_2021_to_July_26_2021.pdf,32
,,"ALARM, BURGLAR",,Building Checked/Secured,No,,410 LAKESIDE AVE,Marlborough,,,Marlborough PD,,06:04,,,07/24/2021,Call_Log_July_16_2021_to_July_26_2021.pdf,32
,,MVA PROPERTY DAMAGE ONLY,,Report,Yes,,265 LAKESIDE AVE,Marlborough,,,Marlborough PD,,06:51,,,07/24/2021,Call_Log_July_16_2021_to_July_26_2021.pdf,32
,,ASSIST OTHER AGENCY,,Services Rendered- PD,No,,17 CROSS ST Apt. #4,Marlborough,,,Marlborough PD,,07:43,,,07/24/2021,Call_Log_July_16_2021_to_July_26_2021.pdf,32
,,DISTURBANCE,,Report,Yes,,55 HUNTINGTON AVE Apt. #1,Marlborough,,,Marlborough PD,,08:55,,,07/24/2021,Call_Log_July_16_2021_to_July_26_2021.pdf,32
,,MOTOR VEHICLE STOP,,Citation/Warning Issued,No,,LAKESIDE AVE,Marlborough,,,Marlborough PD,,09:14,,,07/24/2021,Call_Log_July_16_2021_to_July_26_2021.pdf,32
,,"ALARM, BURGLAR",,Building Checked/Secured,No,,601 DONALD J. LYNCH BLVD Apt. #N265,Marlborough,,,Marlborough PD,,09:27,,,07/24/2021,Call_Log_July_16_2021_to_July_26_2021.pdf,32
,,911 Hangup/Call,,Services Rendered- PD,No,,22 BROAD ST,Marlborough,,,Marlborough PD,,09:30,,,07/24/2021,Call_Log_July_16_2021_to_July_26_2021.pdf,32
,,LARCENY,,Services Rendered- PD,No,,21 APEX DR Apt. #C,Marlborough,,,Marlborough PD,,10:16,,,07/24/2021,Call_Log_July_16_2021_to_July_26_2021.pdf,32
,,DISABLED MV,,Services Rendered- PD,No,,589 BIGELOW ST @ 200 DONALD J. LYNCH BLVD,Marlborough,,,Marlborough PD,,10:21,,,07/24/2021,Call_Log_July_16_2021_to_July_26_2021.pdf,32
,,MVA PROPERTY DAMAGE ONLY,,Services Rendered- PD,No,,740 BOSTON POST ROAD EAST,Marlborough,,,Marlborough PD,,10:27,,,07/24/2021,Call_Log_July_16_2021_to_July_26_2021.pdf,33
,,Ambulance Only,,Services Rendered- FD,No,,157 UNION ST,Marlborough,,,Marlborough PD,,10:41,,,07/24/2021,Call_Log_July_16_2021_to_July_26_2021.pdf,33
,,ASSAULT,,Report,Yes,,605 BOSTON POST ROAD EAST,Marlborough,,,Marlborough PD,,10:54,,,07/24/2021,Call_Log_July_16_2021_to_July_26_2021.pdf,33
,,Medical,,Transported to Hospital,No,,22 BROAD ST Apt. #408,Marlborough,,,Marlborough PD,,10:56,,,07/24/2021,Call_Log_July_16_2021_to_July_26_2021.pdf,33
,,Ambulance Assist,,Services Rendered- PD,No,,22 BROAD ST Apt. #408,Marlborough,,,Marlborough PD,,10:57,,,07/24/2021,Call_Log_July_16_2021_to_July_26_2021.pdf,33
,,Medical,,Transported to Hospital,No,,355 BOLTON ST,Marlborough,,,Marlborough PD,,11:46,,,07/24/2021,Call_Log_July_16_2021_to_July_26_2021.pdf,33
,,Ambulance Assist,,Services Rendered- PD,No,,355 BOLTON ST,Marlborough,,,Marlborough PD,,11:47,,,07/24/2021,Call_Log_July_16_2021_to_July_26_2021.pdf,33
,,MOTOR VEHICLE STOP,,Citation/Warning Issued,No,,FOREST ST,Marlborough,,,Marlborough PD,,12:35,,,07/24/2021,Call_Log_July_16_2021_to_July_26_2021.pdf,33
,,Eratic Operator,,Services Rendered- PD,No,,EAST MAIN ST,Marlborough,,,Marlborough PD,,13:38,,,07/24/2021,Call_Log_July_16_2021_to_July_26_2021.pdf,33
,,Medical,,Transported to Hospital,No,,277 BOSTON POST ROAD WEST,Marlborough,,,Marlborough PD,,13:41,,,07/24/2021,Call_Log_July_16_2021_to_July_26_2021.pdf,33
,,Ambulance Assist,,Services Rendered- PD,No,,277 BOSTON POST ROAD WEST,Marlborough,,,Marlborough PD,,13:41,,,07/24/2021,Call_Log_July_16_2021_to_July_26_2021.pdf,33
,,911 Hangup/Call,,Services Rendered- PD,No,,55 MUSTANG AVE,Marlborough,,,Marlborough PD,,13:49,,,07/24/2021,Call_Log_July_16_2021_to_July_26_2021.pdf,33
,,Eratic Operator,,Report,Yes,21-286-AR,461 SOUTH ST,Marlborough,,,Marlborough PD,,14:00,,,07/24/2021,Call_Log_July_16_2021_to_July_26_2021.pdf,33
,,911 Hangup/Call,,Services Rendered- PD,No,,769 DONALD J. LYNCH BLVD,Marlborough,,,Marlborough PD,,14:29,,,07/24/2021,Call_Log_July_16_2021_to_July_26_2021.pdf,33
,,DISTURBANCE,,Report,Yes,,112 WAGON HILL RD,Marlborough,,,Marlborough PD,,14:37,,,07/24/2021,Call_Log_July_16_2021_to_July_26_2021.pdf,33
,,Motor vehicle accident I,,Services Rendered- FD,No,,281 PLEASANT ST @ 103 RUSSELL ST,Marlborough,,,Marlborough PD,,15:37,,,07/24/2021,Call_Log_July_16_2021_to_July_26_2021.pdf,33
,,MVA PROPERTY DAMAGE ONLY,,Report,Yes,,281 PLEASANT ST @ 103 RUSSELL ST,Marlborough,,,Marlborough PD,,15:43,,,07/24/2021,Call_Log_July_16_2021_to_July_26_2021.pdf,33
,,Parking Violation,,Citation/Warning Issued,No,,RESERVOIR ST,Marlborough,,,Marlborough PD,,16:22,,,07/24/2021,Call_Log_July_16_2021_to_July_26_2021.pdf,34
,,DISTURBANCE,,Report,Yes,,11 CONVENIENCE STORE - 92 BROAD ST,Marlborough,,,Marlborough PD,,16:32,,,07/24/2021,Call_Log_July_16_2021_to_July_26_2021.pdf,34
,,MOTOR VEHICLE STOP,,Citation/Warning Issued,No,,259 ELM ST,Marlborough,,,Marlborough PD,,16:39,,,07/24/2021,Call_Log_July_16_2021_to_July_26_2021.pdf,34
,,Medical,,Transported to Hospital,No,,11 CONVENIENCE STORE - 92 BROAD ST,Marlborough,,,Marlborough PD,,16:40,,,07/24/2021,Call_Log_July_16_2021_to_July_26_2021.pdf,34
,,Medical,,Services Rendered- FD,No,,21 APEX DR Apt. #B,Marlborough,,,Marlborough PD,,17:01,,,07/24/2021,Call_Log_July_16_2021_to_July_26_2021.pdf,34
,,Ambulance Assist,,Services Rendered- PD,No,,21 APEX DR Apt. #B,Marlborough,,,Marlborough PD,,17:02,,,07/24/2021,Call_Log_July_16_2021_to_July_26_2021.pdf,34
,,FOUND/LOST PROPERTY,,Report,Yes,,64 HIGHLAND ST,Marlborough,,,Marlborough PD,,17:16,,,07/24/2021,Call_Log_July_16_2021_to_July_26_2021.pdf,34
,,DISTURBANCE,,Report,Yes,,12 BROOK ST Apt. #2,Marlborough,,,Marlborough PD,,17:40,,,07/24/2021,Call_Log_July_16_2021_to_July_26_2021.pdf,34
,,SUSPICIOUS ACTIVITY,,Services Rendered- PD,No,,25 SCHOFIELD DR,Marlborough,,,Marlborough PD,,17:50,,,07/24/2021,Call_Log_July_16_2021_to_July_26_2021.pdf,34
,,Suspicious M/V,,Services Rendered- PD,No,,16 SHAWMUT AVE,Marlborough,,,Marlborough PD,,18:12,,,07/24/2021,Call_Log_July_16_2021_to_July_26_2021.pdf,34
,,Medical,,Services Rendered- FD,No,,370 HEMENWAY ST,Marlborough,,,Marlborough PD,,18:33,,,07/24/2021,Call_Log_July_16_2021_to_July_26_2021.pdf,34
,,Ambulance Assist,,Services Rendered- PD,No,,370 HEMENWAY ST,Marlborough,,,Marlborough PD,,18:34,,,07/24/2021,Call_Log_July_16_2021_to_July_26_2021.pdf,34
,,Medical,,Services Rendered- FD,No,,22 BROAD ST Apt. #315,Marlborough,,,Marlborough PD,,19:00,,,07/24/2021,Call_Log_July_16_2021_to_July_26_2021.pdf,34
,,Ambulance Assist,,Services Rendered- PD,No,,22 BROAD ST Apt. #315,Marlborough,,,Marlborough PD,,19:01,,,07/24/2021,Call_Log_July_16_2021_to_July_26_2021.pdf,34
,,Medical,,Services Rendered- FD,No,,21 AUSTEN WAY,Marlborough,,,Marlborough PD,,19:07,,,07/24/2021,Call_Log_July_16_2021_to_July_26_2021.pdf,34
,,Ambulance Assist,,Services Rendered- PD,No,,21 AUSTEN WAY,Marlborough,,,Marlborough PD,,19:07,,,07/24/2021,Call_Log_July_16_2021_to_July_26_2021.pdf,34
,,Animal Complaint,,Report,Yes,,531 LINCOLN ST @ 85 BROAD ST,Marlborough,,,Marlborough PD,,19:10,,,07/24/2021,Call_Log_July_16_2021_to_July_26_2021.pdf,34
,,911 Hangup/Call,,Services Rendered- PD,No,,43 APEX DR Apt. #A,Marlborough,,,Marlborough PD,,19:21,,,07/24/2021,Call_Log_July_16_2021_to_July_26_2021.pdf,34
,,Medical,,Services Rendered- FD,No,,30 ELM ST Apt. #1,Marlborough,,,Marlborough PD,,19:25,,,07/24/2021,Call_Log_July_16_2021_to_July_26_2021.pdf,34
,,Ambulance Assist,,Services Rendered- PD,No,,30 ELM ST,Marlborough,,,Marlborough PD,,19:30,,,07/24/2021,Call_Log_July_16_2021_to_July_26_2021.pdf,35
,,Ambulance Assist,,Services Rendered- PD,No,,21 APEX DR,Marlborough,,,Marlborough PD,,19:57,,,07/24/2021,Call_Log_July_16_2021_to_July_26_2021.pdf,35
,,Medical,,Services Rendered- FD,No,,21 APEX DR,Marlborough,,,Marlborough PD,,19:57,,,07/24/2021,Call_Log_July_16_2021_to_July_26_2021.pdf,35
,,MOTOR VEHICLE STOP,,Citation/Warning Issued,No,,96 GRANGER BLVD @ 1 COURT ST,Marlborough,,,Marlborough PD,,20:35,,,07/24/2021,Call_Log_July_16_2021_to_July_26_2021.pdf,35
,,DISTURBANCE,,Report,Yes,,1073 CONCORD RD,Marlborough,,,Marlborough PD,,20:37,,,07/24/2021,Call_Log_July_16_2021_to_July_26_2021.pdf,35
,,Eratic Operator,,Unfounded,No,,236 BOLTON ST @ 51 UNION ST,Marlborough,,,Marlborough PD,,20:56,,,07/24/2021,Call_Log_July_16_2021_to_July_26_2021.pdf,35
,,911 Hangup/Call,,Unfounded,No,,21 APEX DR,Marlborough,,,Marlborough PD,,20:58,,,07/24/2021,Call_Log_July_16_2021_to_July_26_2021.pdf,35
,,DISTURBANCE,,Services Rendered- PD,No,,12 BROOK ST,Marlborough,,,Marlborough PD,,21:10,,,07/24/2021,Call_Log_July_16_2021_to_July_26_2021.pdf,35
,,Well being check,,Services Rendered- PD,No,,240 WEST MAIN ST Apt. #515,Marlborough,,,Marlborough PD,,21:29,,,07/24/2021,Call_Log_July_16_2021_to_July_26_2021.pdf,35
,,DISTURBANCE,,Services Rendered- PD,No,,65 CHURCH ST,Marlborough,,,Marlborough PD,,21:42,,,07/24/2021,Call_Log_July_16_2021_to_July_26_2021.pdf,35
,,Suspicious M/V,,Services Rendered- PD,No,,111 BROADMEADOW RD,Marlborough,,,Marlborough PD,,21:55,,,07/24/2021,Call_Log_July_16_2021_to_July_26_2021.pdf,35
,,Well being check,,Services Rendered- PD,No,,85 FLORENCE ST,Marlborough,,,Marlborough PD,,23:06,,,07/24/2021,Call_Log_July_16_2021_to_July_26_2021.pdf,35
,,DISTURBANCE,,Report,Yes,,78 NEIL ST,Marlborough,,,Marlborough PD,,23:36,,,07/24/2021,Call_Log_July_16_2021_to_July_26_2021.pdf,35
,,DISTURBANCE,,Services Rendered- PD,No,,169 APEX DR,Marlborough,,,Marlborough PD,,23:38,,,07/24/2021,Call_Log_July_16_2021_to_July_26_2021.pdf,35
,,DISTURBANCE,,Report,Yes,,193 STEVENS ST,Marlborough,,,Marlborough PD,,23:41,,,07/24/2021,Call_Log_July_16_2021_to_July_26_2021.pdf,35
,,MOTOR VEHICLE STOP,,Citation/Warning Issued,No,,AMES PL,Marlborough,,,Marlborough PD,,23:46,,,07/24/2021,Call_Log_July_16_2021_to_July_26_2021.pdf,35
,,DISTURBANCE,,Report,Yes,,205 EAST MAIN ST,Marlborough,,,Marlborough PD,,23:47,,,07/24/2021,Call_Log_July_16_2021_to_July_26_2021.pdf,35
,,DISTURBANCE,,Report,Yes,,43 WITHERBEE ST,Marlborough,,,Marlborough PD,,00:43,,,07/25/2021,Call_Log_July_16_2021_to_July_26_2021.pdf,35
,,SUSPICIOUS ACTIVITY,,Report,Yes,,35 HOSMER ST Apt. #2,Marlborough,,,Marlborough PD,,00:49,,,07/25/2021,Call_Log_July_16_2021_to_July_26_2021.pdf,36
,,"ALARM, BURGLAR",,Building Checked/Secured,No,,11A FLORENCE ST,Marlborough,,,Marlborough PD,,00:51,,,07/25/2021,Call_Log_July_16_2021_to_July_26_2021.pdf,36
,,DISTURBANCE,,Report,Yes,,29 WITHERBEE ST,Marlborough,,,Marlborough PD,,01:02,,,07/25/2021,Call_Log_July_16_2021_to_July_26_2021.pdf,36
,,MOTOR VEHICLE STOP,,Citation/Warning Issued,No,,355 BOLTON ST,Marlborough,,,Marlborough PD,,01:20,,,07/25/2021,Call_Log_July_16_2021_to_July_26_2021.pdf,36
,,MOTOR VEHICLE STOP,,Citation/Warning Issued,No,,109 LAKESIDE AVE,Marlborough,,,Marlborough PD,,01:30,,,07/25/2021,Call_Log_July_16_2021_to_July_26_2021.pdf,36
,,MOTOR VEHICLE STOP,,Citation/Warning Issued,No,,587 BOLTON ST,Marlborough,,,Marlborough PD,,01:59,,,07/25/2021,Call_Log_July_16_2021_to_July_26_2021.pdf,36
,,Ambulance Assist,,Services Rendered- PD,No,,509 LINCOLN ST,Marlborough,,,Marlborough PD,,02:45,,,07/25/2021,Call_Log_July_16_2021_to_July_26_2021.pdf,36
,,Medical,,Services Rendered- FD,No,,509 LINCOLN ST,Marlborough,,,Marlborough PD,,02:46,,,07/25/2021,Call_Log_July_16_2021_to_July_26_2021.pdf,36
,,Ambulance Assist,,Services Rendered- PD,No,,36 FONTAINE ST,Marlborough,,,Marlborough PD,,04:16,,,07/25/2021,Call_Log_July_16_2021_to_July_26_2021.pdf,36
,,Medical,,Services Rendered- FD,No,,36 FONTAINE ST,Marlborough,,,Marlborough PD,,04:17,,,07/25/2021,Call_Log_July_16_2021_to_July_26_2021.pdf,36
,,Well being check,,Services Rendered- PD,No,,240 MAIN ST Apt. #515,Marlborough,,,Marlborough PD,,05:40,,,07/25/2021,Call_Log_July_16_2021_to_July_26_2021.pdf,36
,,Parking Violation,,Unfounded,No,,45 LIBERTY ST,Marlborough,,,Marlborough PD,,05:51,,,07/25/2021,Call_Log_July_16_2021_to_July_26_2021.pdf,36
,,Medical,,Transported to Hospital,No,,400 BOLTON ST Apt. #104A,Marlborough,,,Marlborough PD,,07:50,,,07/25/2021,Call_Log_July_16_2021_to_July_26_2021.pdf,36
,,Ambulance Assist,,Services Rendered- PD,No,,400 BOLTON ST Apt. #104A,Marlborough,,,Marlborough PD,,07:50,,,07/25/2021,Call_Log_July_16_2021_to_July_26_2021.pdf,36
,,Ambulance Assist,,Services Rendered- PD,No,,421 BOLTON ST Apt. #122,Marlborough,,,Marlborough PD,,08:14,,,07/25/2021,Call_Log_July_16_2021_to_July_26_2021.pdf,36
,,Medical,,Transported to Hospital,No,,421 BOLTON ST Apt. #122,Marlborough,,,Marlborough PD,,08:14,,,07/25/2021,Call_Log_July_16_2021_to_July_26_2021.pdf,36
,,MOTOR VEHICLE STOP,,Citation/Warning Issued,No,,531 STEVENS ST @ 8 BARRETT RD,Marlborough,,,Marlborough PD,,09:03,,,07/25/2021,Call_Log_July_16_2021_to_July_26_2021.pdf,36
,,Ambulance Assist,,Services Rendered- PD,No,,58 EAST DUDLEY ST,Marlborough,,,Marlborough PD,,09:59,,,07/25/2021,Call_Log_July_16_2021_to_July_26_2021.pdf,36
,,Medical,,Transported to Hospital,No,,58 EAST DUDLEY ST,Marlborough,,,Marlborough PD,,09:59,,,07/25/2021,Call_Log_July_16_2021_to_July_26_2021.pdf,37
,,B&E into M/V,,Report,Yes,,34 CURTIS AVE Apt. #P9,Marlborough,,,Marlborough PD,,10:15,,,07/25/2021,Call_Log_July_16_2021_to_July_26_2021.pdf,37
,,MOTOR VEHICLE STOP,,Citation/Warning Issued,No,,410 LAKESIDE AVE,Marlborough,,,Marlborough PD,,10:51,,,07/25/2021,Call_Log_July_16_2021_to_July_26_2021.pdf,37
,,DPW Called Out,,Services Rendered- PD,No,,WATER TOWER - ONAMOG ST,Marlborough,,,Marlborough PD,,10:58,,,07/25/2021,Call_Log_July_16_2021_to_July_26_2021.pdf,37
,,Medical,,Transported to Hospital,No,,32 ANDERSON RD,Marlborough,,,Marlborough PD,,11:39,,,07/25/2021,Call_Log_July_16_2021_to_July_26_2021.pdf,37
,,Ambulance Assist,,Services Rendered- PD,No,,32 ANDERSON RD,Marlborough,,,Marlborough PD,,11:39,,,07/25/2021,Call_Log_July_16_2021_to_July_26_2021.pdf,37
,,Medical,,Transported to Hospital,No,,14 ONAMOG ST,Marlborough,,,Marlborough PD,,11:56,,,07/25/2021,Call_Log_July_16_2021_to_July_26_2021.pdf,37
,,Ambulance Assist,,Services Rendered- PD,No,,14 ONAMOG ST,Marlborough,,,Marlborough PD,,11:56,,,07/25/2021,Call_Log_July_16_2021_to_July_26_2021.pdf,37
,,"ALARM, HOLD-UP",,Services Rendered- PD,No,,MOBILE - 90 APEX DR Apt. #B,Marlborough,,,Marlborough PD,,12:48,,,07/25/2021,Call_Log_July_16_2021_to_July_26_2021.pdf,37
,,MVA PROPERTY DAMAGE ONLY,,Report,Yes,,WEST MAIN ST,Marlborough,,,Marlborough PD,,13:49,,,07/25/2021,Call_Log_July_16_2021_to_July_26_2021.pdf,37
,,MOTOR VEHICLE STOP,,Citation/Warning Issued,No,,656 BOSTON POST ROAD EAST,Marlborough,,,Marlborough PD,,14:25,,,07/25/2021,Call_Log_July_16_2021_to_July_26_2021.pdf,37
,,Ambulance Assist,,Services Rendered- PD,No,,400 HEMENWAY ST Apt. #202A,Marlborough,,,Marlborough PD,,14:33,,,07/25/2021,Call_Log_July_16_2021_to_July_26_2021.pdf,37
,,Medical,,Transported to Hospital,No,,400 HEMENWAY ST Apt. #202A,Marlborough,,,Marlborough PD,,14:33,,,07/25/2021,Call_Log_July_16_2021_to_July_26_2021.pdf,37
,,ASSIST OTHER AGENCY,,Services Rendered- PD,No,,ROUTE 290 EASTBOUND,Marlborough,,,Marlborough PD,,15:10,,,07/25/2021,Call_Log_July_16_2021_to_July_26_2021.pdf,37
,,Motor Vehicle Accident I I,,Transported to Hospital,No,,ROUTE 290 EASTBOUND,Marlborough,,,Marlborough PD,,15:10,,,07/25/2021,Call_Log_July_16_2021_to_July_26_2021.pdf,37
,,Parking Violation,,Unfounded,No,,RESERVOIR ST,Marlborough,,,Marlborough PD,,15:39,,,07/25/2021,Call_Log_July_16_2021_to_July_26_2021.pdf,37
,,MVA PROPERTY DAMAGE ONLY,,Services Rendered- PD,No,,277 BOSTON POST ROAD WEST,Marlborough,,,Marlborough PD,,15:45,,,07/25/2021,Call_Log_July_16_2021_to_July_26_2021.pdf,37
,,Ambulance Assist,,Services Rendered- PD,No,,185 BROAD ST Apt. #1,Marlborough,,,Marlborough PD,,16:21,,,07/25/2021,Call_Log_July_16_2021_to_July_26_2021.pdf,37
,,Medical,,Transported to Hospital,No,,185 BROAD ST Apt. #1,Marlborough,,,Marlborough PD,,16:22,,,07/25/2021,Call_Log_July_16_2021_to_July_26_2021.pdf,38
,,Medical,,Transported to Hospital,No,,101 CULLINANE DR,Marlborough,,,Marlborough PD,,17:38,,,07/25/2021,Call_Log_July_16_2021_to_July_26_2021.pdf,38
,,Ambulance Assist,,Services Rendered- PD,No,,101 CULLINANE DR,Marlborough,,,Marlborough PD,,17:40,,,07/25/2021,Call_Log_July_16_2021_to_July_26_2021.pdf,38
,,SUDDEN DEATH,,Report,Yes,,40 ROYAL CREST DR Apt. #2,Marlborough,,,Marlborough PD,,18:02,,,07/25/2021,Call_Log_July_16_2021_to_July_26_2021.pdf,38
,,"ALARM, BURGLAR",,Building Checked/Secured,No,,275 BOSTON POST ROAD EAST,Marlborough,,,Marlborough PD,,18:27,,,07/25/2021,Call_Log_July_16_2021_to_July_26_2021.pdf,38
,,Ambulance Assist,,Report,Yes,,245 BOSTON POST ROAD EAST Apt. #7,Marlborough,,,Marlborough PD,,18:27,,,07/25/2021,Call_Log_July_16_2021_to_July_26_2021.pdf,38
,,Ambulance Only,,Transported to Hospital,No,,245 BOSTON POST ROAD EAST Apt. #7,Marlborough,,,Marlborough PD,,18:39,,,07/25/2021,Call_Log_July_16_2021_to_July_26_2021.pdf,38
,,Medical,,Transported to Hospital,No,,303 WEST HILL RD,Marlborough,,,Marlborough PD,,18:51,,,07/25/2021,Call_Log_July_16_2021_to_July_26_2021.pdf,38
,,Ambulance Assist,,Services Rendered- PD,No,,303 WEST HILL RD,Marlborough,,,Marlborough PD,,18:53,,,07/25/2021,Call_Log_July_16_2021_to_July_26_2021.pdf,38
,,Motor Vehicle Accident I I,,Services Rendered- FD,No,,ROUTE 290 EASTBOUND,Marlborough,,,Marlborough PD,,19:06,,,07/25/2021,Call_Log_July_16_2021_to_July_26_2021.pdf,38
,,SUSPICIOUS ACTIVITY,,Arrest(s) Made,Yes,,51 LIBERTY ST,Marlborough,,,Marlborough PD,,19:58,,,07/25/2021,Call_Log_July_16_2021_to_July_26_2021.pdf,38
,,Suspicious M/V,,Services Rendered- PD,No,,397 WILLIAMS ST,Marlborough,,,Marlborough PD,,20:12,,,07/25/2021,Call_Log_July_16_2021_to_July_26_2021.pdf,38
,,MVA PROPERTY DAMAGE ONLY,,Report,Yes,,29 SOUTH BOLTON ST @ 80 GRANGER BLVD,Marlborough,,,Marlborough PD,,20:28,,,07/25/2021,Call_Log_July_16_2021_to_July_26_2021.pdf,38
,,Medical,,Transported to Hospital,No,,37 WESTMINSTER DR,Marlborough,,,Marlborough PD,,20:30,,,07/25/2021,Call_Log_July_16_2021_to_July_26_2021.pdf,38
,,Motor vehicle accident I,,Transported to Hospital,No,,80 GRANGER BLVD @ 29 SOUTH BOLTON ST,Marlborough,,,Marlborough PD,,20:33,,,07/25/2021,Call_Log_July_16_2021_to_July_26_2021.pdf,38
,,ABANDONED MV,,Services Rendered- PD,No,,SILVER ST,Marlborough,,,Marlborough PD,,20:48,,,07/25/2021,Call_Log_July_16_2021_to_July_26_2021.pdf,38
,,SUSPICIOUS ACTIVITY,,Services Rendered- PD,No,,70 NEWTON ST,Marlborough,,,Marlborough PD,,21:39,,,07/25/2021,Call_Log_July_16_2021_to_July_26_2021.pdf,38
,,Medical,,Services Rendered- FD,No,,55 WARREN AVE Apt. #3,Marlborough,,,Marlborough PD,,21:46,,,07/25/2021,Call_Log_July_16_2021_to_July_26_2021.pdf,38
,,Ambulance Assist,,Services Rendered- PD,No,,55 WARREN AVE Apt. #3,Marlborough,,,Marlborough PD,,21:49,,,07/25/2021,Call_Log_July_16_2021_to_July_26_2021.pdf,39
,,SUSPICIOUS ACTIVITY,,Services Rendered- PD,No,,250 MAPLE ST,Marlborough,,,Marlborough PD,,22:03,,,07/25/2021,Call_Log_July_16_2021_to_July_26_2021.pdf,39
,,DISTURBANCE,,Report,Yes,,55 GRANT ST,Marlborough,,,Marlborough PD,,22:03,,,07/25/2021,Call_Log_July_16_2021_to_July_26_2021.pdf,39
,,"ALARM, BURGLAR",,Building Checked/Secured,No,,530 BOSTON POST ROAD EAST,Marlborough,,,Marlborough PD,,22:18,,,07/25/2021,Call_Log_July_16_2021_to_July_26_2021.pdf,39
,,MOTOR VEHICLE STOP,,Services Rendered- PD,No,,581 BOSTON POST ROAD EAST,Marlborough,,,Marlborough PD,,22:51,,,07/25/2021,Call_Log_July_16_2021_to_July_26_2021.pdf,39
,,Medical,,Medical Assistance Rendered,No,,38 BRIARWOOD LN Apt. #7,Marlborough,,,Marlborough PD,,23:02,,,07/25/2021,Call_Log_July_16_2021_to_July_26_2021.pdf,39
,,MOTOR VEHICLE STOP,,Citation/Warning Issued,No,,146 MAPLE ST,Marlborough,,,Marlborough PD,,23:12,,,07/25/2021,Call_Log_July_16_2021_to_July_26_2021.pdf,39
,,Medical,,Medical Assistance Rendered,No,,121 NORTHBORO ROAD EAST Apt. #123B,Marlborough,,,Marlborough PD,,23:18,,,07/25/2021,Call_Log_July_16_2021_to_July_26_2021.pdf,39
,,Ambulance Assist,,Services Rendered- PD,No,,121 NORTHBORO ROAD EAST Apt. #123B,Marlborough,,,Marlborough PD,,23:20,,,07/25/2021,Call_Log_July_16_2021_to_July_26_2021.pdf,39
,,DISTURBANCE,,Report,Yes,,460 BOSTON POST ROAD EAST Apt. #B301,Marlborough,,,Marlborough PD,,00:17,,,07/26/2021,Call_Log_July_16_2021_to_July_26_2021.pdf,39
,,Ambulance Assist,,Services Rendered- PD,No,,1 EAST MAIN ST,Marlborough,,,Marlborough PD,,00:23,,,07/26/2021,Call_Log_July_16_2021_to_July_26_2021.pdf,39
,,Medical,,Medical Assistance Rendered,No,,1 EAST MAIN ST,Marlborough,,,Marlborough PD,,00:30,,,07/26/2021,Call_Log_July_16_2021_to_July_26_2021.pdf,39
,,SUSPICIOUS ACTIVITY,,Unfounded,No,,240 MAIN ST Apt. #326,Marlborough,,,Marlborough PD,,01:07,,,07/26/2021,Call_Log_July_16_2021_to_July_26_2021.pdf,39
,,Medical,,Medical Assistance Rendered,No,,121 NORTHBORO ROAD EAST Apt. #126A,Marlborough,,,Marlborough PD,,05:20,,,07/26/2021,Call_Log_July_16_2021_to_July_26_2021.pdf,39
,,Ambulance Assist,,Services Rendered- PD,No,,121 NORTHBORO ROAD EAST Apt. #126A,Marlborough,,,Marlborough PD,,05:21,,,07/26/2021,Call_Log_July_16_2021_to_July_26_2021.pdf,39
,,Parking Violation,,Services Rendered- PD,No,,20 FLORENCE ST @ 100 GRANGER BLVD,Marlborough,,,Marlborough PD,,06:05,,,07/26/2021,Call_Log_July_16_2021_to_July_26_2021.pdf,39
,,MOTOR VEHICLE STOP,,Citation/Warning Issued,No,,181 CEDAR HILL ST,Marlborough,,,Marlborough PD,,06:17,,,07/26/2021,Call_Log_July_16_2021_to_July_26_2021.pdf,39
