Dispatch Call ID Number,Dispatch Code,Call Description,Priority Level of Call,Call Disposition,Crime Incident Report Written,Crime Incident ID,Address Street,Address City,Address Zip,Geographic Coordinates,Police Division,Police Beat,Time of Call,Time of Dispatch,Time of Arrival,Date of Call,Source PDF File,Source Page
,,ASSIST CITIZEN,,Services Rendered- PD,No,,505 BOSTON POST ROAD WEST Apt. #M / N,Marlborough,,,Marlborough PD,,09:16,,,07/01/2024,Call_Log_July_1_2024_to_July_16_2024.pdf,1
,,911 Hangup/Call,,Report,Yes,,61 FAIRMOUNT ST,Marlborough,,,Marlborough PD,,11:17,,,07/01/2024,Call_Log_July_1_2024_to_July_16_2024.pdf,1
,,MVA PROPERTY DAMAGE ONLY,,Report,Yes,,583 BERLIN RD,Marlborough,,,Marlborough PD,,11:27,,,07/01/2024,Call_Log_July_1_2024_to_July_16_2024.pdf,1
,,ASSIST CITIZEN,,Report,Yes,,FAMILY RESIDENTIAL - 237 LINCOLN ST Apt. #2,Marlborough,,,Marlborough PD,,11:42,,,07/01/2024,Call_Log_July_1_2024_to_July_16_2024.pdf,1
,,Ambulance Assist,,Report,Yes,,362 COOK LN,Marlborough,,,Marlborough PD,,11:53,,,07/01/2024,Call_Log_July_1_2024_to_July_16_2024.pdf,1
,,MOTOR VEHICLE STOP,,Report,Yes,,553 ELM ST,Marlborough,,,Marlborough PD,,13:23,,,07/01/2024,Call_Log_July_1_2024_to_July_16_2024.pdf,1
,,MVA PROPERTY DAMAGE ONLY,,Report,Yes,,701 BOSTON POST ROAD EAST,Marlborough,,,Marlborough PD,,13:24,,,07/01/2024,Call_Log_July_1_2024_to_July_16_2024.pdf,1
,,SUSPICIOUS ACTIVITY,,Services Rendered- PD,No,,239 CONCORD RD,Marlborough,,,Marlborough PD,,13:50,,,07/01/2024,Call_Log_July_1_2024_to_July_16_2024.pdf,1
,,ASSIST CITIZEN,,Report,Yes,,449 BOSTON POST ROAD EAST Apt. #B6,Marlborough,,,Marlborough PD,,14:03,,,07/01/2024,Call_Log_July_1_2024_to_July_16_2024.pdf,1
,,SUSPICIOUS ACTIVITY,,Report,Yes,,135 AMES ST Apt. #1304,Marlborough,,,Marlborough PD,,14:06,,,07/01/2024,Call_Log_July_1_2024_to_July_16_2024.pdf,1
,,Ambulance Assist,,Services Rendered- PD,No,,98 WAGON HILL RD,Marlborough,,,Marlborough PD,,14:23,,,07/01/2024,Call_Log_July_1_2024_to_July_16_2024.pdf,1
,,MVA PROPERTY DAMAGE ONLY,,Services Rendered- PD,No,,109 MILL ST S @ 415 MAPLE ST,Marlborough,,,Marlborough PD,,14:52,,,07/01/2024,Call_Log_July_1_2024_to_July_16_2024.pdf,1
,,COMPLAINT,,Report,Yes,,1 NORTHBORO ROAD EAST,Marlborough,,,Marlborough PD,,14:56,,,07/01/2024,Call_Log_July_1_2024_to_July_16_2024.pdf,1
,,Fraud / Forgery,,Report,Yes,,61 FIRST RD,Marlborough,,,Marlborough PD,,15:21,,,07/01/2024,Call_Log_July_1_2024_to_July_16_2024.pdf,1
,,SUSPICIOUS ACTIVITY,,Unfounded,No,,240 EAST MAIN ST,Marlborough,,,Marlborough PD,,16:12,,,07/01/2024,Call_Log_July_1_2024_to_July_16_2024.pdf,1
,,SUSPICIOUS ACTIVITY,,Report,Yes,,601 DONALD J. LYNCH BLVD,Marlborough,,,Marlborough PD,,16:28,,,07/01/2024,Call_Log_July_1_2024_to_July_16_2024.pdf,1
,,Ambulance Assist,,Services Rendered- PD,No,,19 BRONTE WAY Apt. #31H,Marlborough,,,Marlborough PD,,17:29,,,07/01/2024,Call_Log_July_1_2024_to_July_16_2024.pdf,1
,,ASSIST CITIZEN,,Services Rendered- PD,No,,121 NORTHBORO ROAD EAST Apt. #308,Marlborough,,,Marlborough PD,,17:55,,,07/01/2024,Call_Log_July_1_2024_to_July_16_2024.pdf,1
,,Fraud / Forgery,,Report,Yes,,42 WINTHROP ST Apt. #1,Marlborough,,,Marlborough PD,,18:24,,,07/01/2024,Call_Log_July_1_2024_to_July_16_2024.pdf,1
,,Animal Complaint,,Services Rendered- PD,No,,4 EMMETT ST,Marlborough,,,Marlborough PD,,18:44,,,07/01/2024,Call_Log_July_1_2024_to_July_16_2024.pdf,1
,,FOUND/LOST PROPERTY,,Report,Yes,,355 BOLTON ST,Marlborough,,,Marlborough PD,,18:48,,,07/01/2024,Call_Log_July_1_2024_to_July_16_2024.pdf,2
,,911 Hangup/Call,,Services Rendered- PD,No,,22 BROAD ST Apt. #403,Marlborough,,,Marlborough PD,,19:06,,,07/01/2024,Call_Log_July_1_2024_to_July_16_2024.pdf,2
,,MVA WITH INJURIES,,Report,Yes,,80 GRANGER BLVD @ 29 SOUTH BOLTON ST,Marlborough,,,Marlborough PD,,19:09,,,07/01/2024,Call_Log_July_1_2024_to_July_16_2024.pdf,2
,,Police Assist,,Services Rendered- PD,No,,4910 WILLOW TRL,Marlborough,,,Marlborough PD,,19:21,,,07/01/2024,Call_Log_July_1_2024_to_July_16_2024.pdf,2
,,Ambulance Assist,,Services Rendered- PD,No,,240 EAST MAIN ST,Marlborough,,,Marlborough PD,,19:22,,,07/01/2024,Call_Log_July_1_2024_to_July_16_2024.pdf,2
,,911 Hangup/Call,,Services Rendered- PD,No,,155 PLEASANT ST,Marlborough,,,Marlborough PD,,19:44,,,07/01/2024,Call_Log_July_1_2024_to_July_16_2024.pdf,2
,,DISTURBANCE,,Report,Yes,,591 DONALD J. LYNCH BLVD,Marlborough,,,Marlborough PD,,20:20,,,07/01/2024,Call_Log_July_1_2024_to_July_16_2024.pdf,2
,,ASSAULT,,Report,Yes,,500 BOSTON POST ROAD EAST,Marlborough,,,Marlborough PD,,20:29,,,07/01/2024,Call_Log_July_1_2024_to_July_16_2024.pdf,2
,,SUSPICIOUS ACTIVITY,,Report,Yes,,85 VICTORIA LN,Marlborough,,,Marlborough PD,,20:54,,,07/01/2024,Call_Log_July_1_2024_to_July_16_2024.pdf,2
,,SUSPICIOUS ACTIVITY,,Services Rendered- PD,No,,9 FARMHOUSE LN,Marlborough,,,Marlborough PD,,22:25,,,07/01/2024,Call_Log_July_1_2024_to_July_16_2024.pdf,2
,,Suspicious M/V,,Services Rendered- PD,No,,219 FOREST ST,Marlborough,,,Marlborough PD,,22:33,,,07/01/2024,Call_Log_July_1_2024_to_July_16_2024.pdf,2
,,"ALARM, BURGLAR",,Building Checked/Secured,No,,190 BOSTON POST ROAD WEST,Marlborough,,,Marlborough PD,,23:03,,,07/01/2024,Call_Log_July_1_2024_to_July_16_2024.pdf,2
,,ASSIST CITIZEN,,Services Rendered- PD,No,,109 SOUTH ST,Marlborough,,,Marlborough PD,,23:31,,,07/01/2024,Call_Log_July_1_2024_to_July_16_2024.pdf,2
,,FOUND/LOST PROPERTY,,Report,Yes,,355 BOLTON ST,Marlborough,,,Marlborough PD,,23:36,,,07/01/2024,Call_Log_July_1_2024_to_July_16_2024.pdf,2
,,BUILDING CHECK,,Building Checked/Secured,No,,300 NICKERSON RD,Marlborough,,,Marlborough PD,,00:43,,,07/02/2024,Call_Log_July_1_2024_to_July_16_2024.pdf,2
,,Well being check,,Services Rendered- PD,No,,11 CONVENIENCE STORE - 92 BROAD ST,Marlborough,,,Marlborough PD,,00:57,,,07/02/2024,Call_Log_July_1_2024_to_July_16_2024.pdf,2
,,BUILDING CHECK,,Building Checked/Secured,No,,706 HOSMER ST,Marlborough,,,Marlborough PD,,01:06,,,07/02/2024,Call_Log_July_1_2024_to_July_16_2024.pdf,2
,,Ambulance Assist,,Services Rendered- PD,No,,728 FARM RD,Marlborough,,,Marlborough PD,,03:09,,,07/02/2024,Call_Log_July_1_2024_to_July_16_2024.pdf,2
,,911 Hangup/Call,,Services Rendered- PD,No,,12 MCINTYRE CT,Marlborough,,,Marlborough PD,,03:25,,,07/02/2024,Call_Log_July_1_2024_to_July_16_2024.pdf,2
,,MVA PROPERTY DAMAGE ONLY,,Report,Yes,,43 BELMONT ST,Marlborough,,,Marlborough PD,,08:49,,,07/02/2024,Call_Log_July_1_2024_to_July_16_2024.pdf,3
,,Ambulance Assist,,Services Rendered- PD,No,,458 FARM RD,Marlborough,,,Marlborough PD,,09:23,,,07/02/2024,Call_Log_July_1_2024_to_July_16_2024.pdf,3
,,Police Assist,,Report,Yes,,4910 WILLOW TRL,Marlborough,,,Marlborough PD,,09:38,,,07/02/2024,Call_Log_July_1_2024_to_July_16_2024.pdf,3
,,Ambulance Assist,,Services Rendered- PD,No,,18 CROSS ST Apt. #3,Marlborough,,,Marlborough PD,,09:50,,,07/02/2024,Call_Log_July_1_2024_to_July_16_2024.pdf,3
,,Police Assist,,Services Rendered- PD,No,,83 EAST MAIN ST Apt. #1F,Marlborough,,,Marlborough PD,,10:18,,,07/02/2024,Call_Log_July_1_2024_to_July_16_2024.pdf,3
,,911 Hangup/Call,,Services Rendered- PD,No,,20 GREENWOOD ST,Marlborough,,,Marlborough PD,,10:51,,,07/02/2024,Call_Log_July_1_2024_to_July_16_2024.pdf,3
,,Ambulance Assist,,Services Rendered- PD,No,,340 MAPLE ST Apt. #300,Marlborough,,,Marlborough PD,,11:18,,,07/02/2024,Call_Log_July_1_2024_to_July_16_2024.pdf,3
,,Ambulance Assist,,Services Rendered- PD,No,,82 MELODY LN,Marlborough,,,Marlborough PD,,12:23,,,07/02/2024,Call_Log_July_1_2024_to_July_16_2024.pdf,3
,,LARCENY,,Report,Yes,,71 CHRISTIE WAY,Marlborough,,,Marlborough PD,,12:59,,,07/02/2024,Call_Log_July_1_2024_to_July_16_2024.pdf,3
,,MVA PROPERTY DAMAGE ONLY,,Services Rendered- PD,No,,193 BOSTON POST ROAD WEST Apt. #C,Marlborough,,,Marlborough PD,,13:31,,,07/02/2024,Call_Log_July_1_2024_to_July_16_2024.pdf,3
,,DISABLED MV,,Services Rendered- PD,No,,236 BOLTON ST @ 51 UNION ST,Marlborough,,,Marlborough PD,,13:34,,,07/02/2024,Call_Log_July_1_2024_to_July_16_2024.pdf,3
,,DISTURBANCE,,Services Rendered- PD,No,,1117 GREEN DISTRICT BLVD,Marlborough,,,Marlborough PD,,13:46,,,07/02/2024,Call_Log_July_1_2024_to_July_16_2024.pdf,3
,,Harassment,,Report,Yes,,115 MECHANIC ST,Marlborough,,,Marlborough PD,,14:23,,,07/02/2024,Call_Log_July_1_2024_to_July_16_2024.pdf,3
,,Eratic Operator,,Unfounded,No,,LAKESIDE AVE,Marlborough,,,Marlborough PD,,15:19,,,07/02/2024,Call_Log_July_1_2024_to_July_16_2024.pdf,3
,,DPW Called Out,,Services Rendered- PD,No,,CAUSEWAY ST,Marlborough,,,Marlborough PD,,15:33,,,07/02/2024,Call_Log_July_1_2024_to_July_16_2024.pdf,3
,,Ambulance Assist,,Services Rendered- PD,No,,274 WILSON ST,Marlborough,,,Marlborough PD,,15:35,,,07/02/2024,Call_Log_July_1_2024_to_July_16_2024.pdf,3
,,BUILDING CHECK,,Report,Yes,,222 BOLTON ST Apt. #A,Marlborough,,,Marlborough PD,,15:42,,,07/02/2024,Call_Log_July_1_2024_to_July_16_2024.pdf,3
,,ASSIST CITIZEN,,Services Rendered- PD,No,,52 PEARL ST Apt. #2,Marlborough,,,Marlborough PD,,17:31,,,07/02/2024,Call_Log_July_1_2024_to_July_16_2024.pdf,3
,,ASSIST OTHER AGENCY,,Services Rendered- PD,No,,200 EAST MAIN ST,Marlborough,,,Marlborough PD,,18:02,,,07/02/2024,Call_Log_July_1_2024_to_July_16_2024.pdf,3
,,MVA PROPERTY DAMAGE ONLY,,Report,Yes,,FARM RD,Marlborough,,,Marlborough PD,,18:22,,,07/02/2024,Call_Log_July_1_2024_to_July_16_2024.pdf,4
,,SOLICITING,,Services Rendered- PD,No,,TASSI DR,Marlborough,,,Marlborough PD,,18:22,,,07/02/2024,Call_Log_July_1_2024_to_July_16_2024.pdf,4
,,Animal Complaint,,Report,Yes,,601 DONALD J. LYNCH BLVD,Marlborough,,,Marlborough PD,,18:54,,,07/02/2024,Call_Log_July_1_2024_to_July_16_2024.pdf,4
,,"ALARM, BURGLAR",,Building Checked/Secured,No,,80 HAWKINS LN,Marlborough,,,Marlborough PD,,19:03,,,07/02/2024,Call_Log_July_1_2024_to_July_16_2024.pdf,4
,,DISTURBANCE,,Report,Yes,,16 FRONT ST,Marlborough,,,Marlborough PD,,20:17,,,07/02/2024,Call_Log_July_1_2024_to_July_16_2024.pdf,4
,,Parking Violation,,Unfounded,No,,59 HIGHLAND ST,Marlborough,,,Marlborough PD,,20:30,,,07/02/2024,Call_Log_July_1_2024_to_July_16_2024.pdf,4
,,Well being check,,Report,Yes,,41 HUDSON ST @ 72 JEFFERSON ST,Marlborough,,,Marlborough PD,,21:13,,,07/02/2024,Call_Log_July_1_2024_to_July_16_2024.pdf,4
,,Animal Complaint,,Unfounded,No,,34 BRIMSMEAD ST,Marlborough,,,Marlborough PD,,22:11,,,07/02/2024,Call_Log_July_1_2024_to_July_16_2024.pdf,4
,,Private Tow,,Services Rendered- PD,No,,145 AMES ST,Marlborough,,,Marlborough PD,,22:50,,,07/02/2024,Call_Log_July_1_2024_to_July_16_2024.pdf,4
,,Ambulance Assist,,Services Rendered- PD,No,,455 FARM RD,Marlborough,,,Marlborough PD,,22:55,,,07/02/2024,Call_Log_July_1_2024_to_July_16_2024.pdf,4
,,COMPLAINT,,Unfounded,No,,165 BROADMEADOW RD Apt. #B10,Marlborough,,,Marlborough PD,,23:07,,,07/02/2024,Call_Log_July_1_2024_to_July_16_2024.pdf,4
,,BUILDING CHECK,,Building Checked/Secured,No,,300 NICKERSON RD,Marlborough,,,Marlborough PD,,00:50,,,07/03/2024,Call_Log_July_1_2024_to_July_16_2024.pdf,4
,,BUILDING CHECK,,Building Checked/Secured,No,,601 DONALD J. LYNCH BLVD,Marlborough,,,Marlborough PD,,00:56,,,07/03/2024,Call_Log_July_1_2024_to_July_16_2024.pdf,4
,,BUILDING CHECK,,Building Checked/Secured,No,,111 LAKESIDE AVE,Marlborough,,,Marlborough PD,,03:53,,,07/03/2024,Call_Log_July_1_2024_to_July_16_2024.pdf,4
,,911 Hangup/Call,,Building Checked/Secured,No,,479 LINCOLN ST Apt. #3,Marlborough,,,Marlborough PD,,04:04,,,07/03/2024,Call_Log_July_1_2024_to_July_16_2024.pdf,4
,,COMPLAINT,,Services Rendered- PD,No,,91 ASHLEY LN,Marlborough,,,Marlborough PD,,05:28,,,07/03/2024,Call_Log_July_1_2024_to_July_16_2024.pdf,4
,,Trespassing,,Services Rendered- PD,No,,406 LINCOLN ST,Marlborough,,,Marlborough PD,,06:44,,,07/03/2024,Call_Log_July_1_2024_to_July_16_2024.pdf,4
,,DISABLED MV,,Services Rendered- PD,No,,245 EAST MAIN ST @ 11 CURTIS AVE,Marlborough,,,Marlborough PD,,08:18,,,07/03/2024,Call_Log_July_1_2024_to_July_16_2024.pdf,4
,,DISTURBANCE,,Report,Yes,,17 ELLIS AVE,Marlborough,,,Marlborough PD,,09:05,,,07/03/2024,Call_Log_July_1_2024_to_July_16_2024.pdf,4
,,Well being check,,Services Rendered- PD,No,,10 NORWOOD ST,Marlborough,,,Marlborough PD,,09:20,,,07/03/2024,Call_Log_July_1_2024_to_July_16_2024.pdf,5
,,DISABLED MV,,Services Rendered- PD,No,,142 WEST MAIN ST,Marlborough,,,Marlborough PD,,09:54,,,07/03/2024,Call_Log_July_1_2024_to_July_16_2024.pdf,5
,,ASSIST OTHER AGENCY,,Report,Yes,,157 UNION ST,Marlborough,,,Marlborough PD,,10:13,,,07/03/2024,Call_Log_July_1_2024_to_July_16_2024.pdf,5
,,Ambulance Assist,,Services Rendered- PD,No,,84 TAVITIAN BLVD,Marlborough,,,Marlborough PD,,10:25,,,07/03/2024,Call_Log_July_1_2024_to_July_16_2024.pdf,5
,,Fraud / Forgery,,Report,Yes,,319 EAST MAIN ST Apt. #B12,Marlborough,,,Marlborough PD,,11:02,,,07/03/2024,Call_Log_July_1_2024_to_July_16_2024.pdf,5
,,AUTO THEFT,,Report,Yes,,79 ASHLEY LN,Marlborough,,,Marlborough PD,,11:22,,,07/03/2024,Call_Log_July_1_2024_to_July_16_2024.pdf,5
,,VANDALISM,,Report,Yes,,37 HOSMER ST Apt. #3,Marlborough,,,Marlborough PD,,11:29,,,07/03/2024,Call_Log_July_1_2024_to_July_16_2024.pdf,5
,,Sex Offender Registration,,Report,Yes,,355 BOLTON ST,Marlborough,,,Marlborough PD,,11:37,,,07/03/2024,Call_Log_July_1_2024_to_July_16_2024.pdf,5
,,Ambulance Assist,,Services Rendered- PD,No,,44 PARK ST Apt. #301,Marlborough,,,Marlborough PD,,11:50,,,07/03/2024,Call_Log_July_1_2024_to_July_16_2024.pdf,5
,,DISTURBANCE,,Services Rendered- PD,No,,157 UNION ST,Marlborough,,,Marlborough PD,,11:56,,,07/03/2024,Call_Log_July_1_2024_to_July_16_2024.pdf,5
,,ASSIST CITIZEN,,Services Rendered- PD,No,,135 STOW RD,Marlborough,,,Marlborough PD,,13:05,,,07/03/2024,Call_Log_July_1_2024_to_July_16_2024.pdf,5
,,SUSPICIOUS ACTIVITY,,Report,Yes,,350 CAMPUS DR,Marlborough,,,Marlborough PD,,13:07,,,07/03/2024,Call_Log_July_1_2024_to_July_16_2024.pdf,5
,,Ambulance Assist,,Services Rendered- PD,No,,19 BRONTE WAY Apt. #32G,Marlborough,,,Marlborough PD,,13:18,,,07/03/2024,Call_Log_July_1_2024_to_July_16_2024.pdf,5
,,MVA WITH INJURIES,,Report,Yes,,103 PRESTON ST,Marlborough,,,Marlborough PD,,13:22,,,07/03/2024,Call_Log_July_1_2024_to_July_16_2024.pdf,5
,,Ambulance Assist,,Services Rendered- PD,No,,35 WEST MAIN ST,Marlborough,,,Marlborough PD,,13:54,,,07/03/2024,Call_Log_July_1_2024_to_July_16_2024.pdf,5
,,Well being check,,Services Rendered- PD,No,,157 UNION ST,Marlborough,,,Marlborough PD,,14:19,,,07/03/2024,Call_Log_July_1_2024_to_July_16_2024.pdf,5
,,ASSIST CITIZEN,,Report,Yes,,547 BOSTON POST ROAD EAST Apt. #5,Marlborough,,,Marlborough PD,,14:43,,,07/03/2024,Call_Log_July_1_2024_to_July_16_2024.pdf,5
,,ASSIST OTHER AGENCY,,Services Rendered- PD,No,,441 BOLTON ST,Marlborough,,,Marlborough PD,,14:52,,,07/03/2024,Call_Log_July_1_2024_to_July_16_2024.pdf,5
,,Well being check,,Services Rendered- PD,No,,42 WHITTIER RD,Marlborough,,,Marlborough PD,,15:01,,,07/03/2024,Call_Log_July_1_2024_to_July_16_2024.pdf,5
,,DPW Called Out,,Taken/Referred to Other Agency,No,,236 BOLTON ST @ 51 UNION ST,Marlborough,,,Marlborough PD,,15:22,,,07/03/2024,Call_Log_July_1_2024_to_July_16_2024.pdf,5
,,Private Tow,,Private tow,No,,740 FARM RD,Marlborough,,,Marlborough PD,,15:22,,,07/03/2024,Call_Log_July_1_2024_to_July_16_2024.pdf,6
,,"ALARM, BURGLAR",,Building Checked/Secured,No,,242 HUDSON ST,Marlborough,,,Marlborough PD,,16:10,,,07/03/2024,Call_Log_July_1_2024_to_July_16_2024.pdf,6
,,Fraud / Forgery,,Report,Yes,,15 EDINBORO ST,Marlborough,,,Marlborough PD,,16:12,,,07/03/2024,Call_Log_July_1_2024_to_July_16_2024.pdf,6
,,Well being check,,Report,Yes,,107 VICTORIA LN,Marlborough,,,Marlborough PD,,16:36,,,07/03/2024,Call_Log_July_1_2024_to_July_16_2024.pdf,6
,,DPW Called Out,,Services Rendered- PD,No,,236 BOLTON ST @ 51 UNION ST,Marlborough,,,Marlborough PD,,16:53,,,07/03/2024,Call_Log_July_1_2024_to_July_16_2024.pdf,6
,,COMPLAINT,,Services Rendered- PD,No,,28 EWALD AVE,Marlborough,,,Marlborough PD,,17:11,,,07/03/2024,Call_Log_July_1_2024_to_July_16_2024.pdf,6
,,SERVE SUMMONS,,Report,Yes,,100 PHELPS ST Apt. #9,Marlborough,,,Marlborough PD,,17:15,,,07/03/2024,Call_Log_July_1_2024_to_July_16_2024.pdf,6
,,911 Hangup/Call,,Building Checked/Secured,No,,19 FOREST ST,Marlborough,,,Marlborough PD,,17:18,,,07/03/2024,Call_Log_July_1_2024_to_July_16_2024.pdf,6
,,ASSIST CITIZEN,,Services Rendered- PD,No,,276 MAIN ST Apt. #19,Marlborough,,,Marlborough PD,,17:36,,,07/03/2024,Call_Log_July_1_2024_to_July_16_2024.pdf,6
,,DISABLED MV,,Services Rendered- PD,No,,214 WEST MAIN ST @ 9 BROAD ST,Marlborough,,,Marlborough PD,,17:57,,,07/03/2024,Call_Log_July_1_2024_to_July_16_2024.pdf,6
,,MVA PROPERTY DAMAGE ONLY,,Services Rendered- PD,No,,413 LAKESIDE AVE @ 75 FELTON ST,Marlborough,,,Marlborough PD,,18:04,,,07/03/2024,Call_Log_July_1_2024_to_July_16_2024.pdf,6
,,Ambulance Assist,,Services Rendered- PD,No,,73 FRYE ST,Marlborough,,,Marlborough PD,,19:20,,,07/03/2024,Call_Log_July_1_2024_to_July_16_2024.pdf,6
,,MVA PROPERTY DAMAGE ONLY,,CRIMINAL COMPLAINT,Yes,,676 BOLTON ST,Marlborough,,,Marlborough PD,,20:52,,,07/03/2024,Call_Log_July_1_2024_to_July_16_2024.pdf,6
,,COMPLAINT,,Unfounded,No,,84 LIBERTY ST,Marlborough,,,Marlborough PD,,22:45,,,07/03/2024,Call_Log_July_1_2024_to_July_16_2024.pdf,6
,,COMPLAINT,,Unfounded,No,,416 BOSTON POST ROAD EAST Apt. #3,Marlborough,,,Marlborough PD,,23:07,,,07/03/2024,Call_Log_July_1_2024_to_July_16_2024.pdf,6
,,COMPLAINT,,Report,Yes,,FAMILY APT. BUILDING - 566 LINCOLN ST Apt. #202,Marlborough,,,Marlborough PD,,00:18,,,07/04/2024,Call_Log_July_1_2024_to_July_16_2024.pdf,6
,,ASSIST OTHER AGENCY,,Services Rendered- PD,No,,51 CHRISTIE WAY Apt. #52L,Marlborough,,,Marlborough PD,,00:21,,,07/04/2024,Call_Log_July_1_2024_to_July_16_2024.pdf,6
,,ASSIST CITIZEN,,Services Rendered- PD,No,,282 EAST MAIN ST @ 1 HOSMER ST,Marlborough,,,Marlborough PD,,00:21,,,07/04/2024,Call_Log_July_1_2024_to_July_16_2024.pdf,6
,,BUILDING CHECK,,Building Checked/Secured,No,,601 DONALD J. LYNCH BLVD,Marlborough,,,Marlborough PD,,00:40,,,07/04/2024,Call_Log_July_1_2024_to_July_16_2024.pdf,7
,,BUILDING CHECK,,Building Checked/Secured,No,,853 DONALD J. LYNCH BLVD,Marlborough,,,Marlborough PD,,00:40,,,07/04/2024,Call_Log_July_1_2024_to_July_16_2024.pdf,7
,,SUSPICIOUS ACTIVITY,,Unfounded,No,,HILDRETH ST,Marlborough,,,Marlborough PD,,01:15,,,07/04/2024,Call_Log_July_1_2024_to_July_16_2024.pdf,7
,,SUSPICIOUS ACTIVITY,,Services Rendered- PD,No,,18 MOUNTAIN AVE,Marlborough,,,Marlborough PD,,01:50,,,07/04/2024,Call_Log_July_1_2024_to_July_16_2024.pdf,7
,,BUILDING CHECK,,Building Checked/Secured,No,,706 HOSMER ST,Marlborough,,,Marlborough PD,,02:58,,,07/04/2024,Call_Log_July_1_2024_to_July_16_2024.pdf,7
,,MOTOR VEHICLE STOP,,Report,Yes,,421 BOLTON ST,Marlborough,,,Marlborough PD,,07:06,,,07/04/2024,Call_Log_July_1_2024_to_July_16_2024.pdf,7
,,ASSIST OTHER AGENCY,,Services Rendered- PD,No,,157 UNION ST,Marlborough,,,Marlborough PD,,07:31,,,07/04/2024,Call_Log_July_1_2024_to_July_16_2024.pdf,7
,,ASSIST CITIZEN,,Services Rendered- PD,No,,19 NORTHBORO ROAD EAST,Marlborough,,,Marlborough PD,,08:07,,,07/04/2024,Call_Log_July_1_2024_to_July_16_2024.pdf,7
,,ESCORT/TRANSPORT,,Services Rendered- PD,No,,355 BOLTON ST,Marlborough,,,Marlborough PD,,08:29,,,07/04/2024,Call_Log_July_1_2024_to_July_16_2024.pdf,7
,,Animal Complaint,,Unfounded,No,,131 STEVENS ST @ 3 OLD CHARTER RD,Marlborough,,,Marlborough PD,,09:09,,,07/04/2024,Call_Log_July_1_2024_to_July_16_2024.pdf,7
,,Well being check,,Services Rendered- PD,No,,496 LINCOLN ST Apt. #13,Marlborough,,,Marlborough PD,,09:13,,,07/04/2024,Call_Log_July_1_2024_to_July_16_2024.pdf,7
,,Ambulance Assist,,Services Rendered- PD,No,,121 NORTHBORO ROAD EAST Apt. #110,Marlborough,,,Marlborough PD,,09:34,,,07/04/2024,Call_Log_July_1_2024_to_July_16_2024.pdf,7
,,"ALARM, BURGLAR",,Building Checked/Secured,No,,256 MAPLE ST,Marlborough,,,Marlborough PD,,09:36,,,07/04/2024,Call_Log_July_1_2024_to_July_16_2024.pdf,7
,,Animal Complaint,,Services Rendered- PD,No,,266 BOLTON ST,Marlborough,,,Marlborough PD,,10:14,,,07/04/2024,Call_Log_July_1_2024_to_July_16_2024.pdf,7
,,"ALARM, BURGLAR",,Building Checked/Secured,No,,518 BIGELOW ST,Marlborough,,,Marlborough PD,,10:22,,,07/04/2024,Call_Log_July_1_2024_to_July_16_2024.pdf,7
,,DISTURBANCE,,Report,Yes,,100 PHELPS ST Apt. #6,Marlborough,,,Marlborough PD,,12:10,,,07/04/2024,Call_Log_July_1_2024_to_July_16_2024.pdf,7
,,SUSPICIOUS ACTIVITY,,Services Rendered- PD,No,,40 HUDSON ST,Marlborough,,,Marlborough PD,,12:27,,,07/04/2024,Call_Log_July_1_2024_to_July_16_2024.pdf,7
,,SUDDEN DEATH,,Report,Yes,,153 VEGA RD,Marlborough,,,Marlborough PD,,12:29,,,07/04/2024,Call_Log_July_1_2024_to_July_16_2024.pdf,7
,,Well being check,,Services Rendered- PD,No,,39 ROYAL CREST DR Apt. #12,Marlborough,,,Marlborough PD,,12:47,,,07/04/2024,Call_Log_July_1_2024_to_July_16_2024.pdf,7
,,Ambulance Assist,,Report,Yes,,400 HEMENWAY ST Apt. #164,Marlborough,,,Marlborough PD,,12:58,,,07/04/2024,Call_Log_July_1_2024_to_July_16_2024.pdf,8
,,SUSPICIOUS ACTIVITY,,Unfounded,No,,65 JEFFERSON ST,Marlborough,,,Marlborough PD,,13:07,,,07/04/2024,Call_Log_July_1_2024_to_July_16_2024.pdf,8
,,DISTURBANCE,,Services Rendered- PD,No,,181 BOSTON POST ROAD EAST,Marlborough,,,Marlborough PD,,13:21,,,07/04/2024,Call_Log_July_1_2024_to_July_16_2024.pdf,8
,,COMPLAINT,,Services Rendered- PD,No,,79 HILDRETH ST,Marlborough,,,Marlborough PD,,13:25,,,07/04/2024,Call_Log_July_1_2024_to_July_16_2024.pdf,8
,,Ambulance Assist,,Services Rendered- PD,No,,121 NORTHBORO ROAD EAST Apt. #315A,Marlborough,,,Marlborough PD,,13:36,,,07/04/2024,Call_Log_July_1_2024_to_July_16_2024.pdf,8
,,Well being check,,Report,Yes,,44 SONIA DR,Marlborough,,,Marlborough PD,,14:42,,,07/04/2024,Call_Log_July_1_2024_to_July_16_2024.pdf,8
,,"ALARM, BURGLAR",,Building Checked/Secured,No,,9 CENTRAL ST,Marlborough,,,Marlborough PD,,14:59,,,07/04/2024,Call_Log_July_1_2024_to_July_16_2024.pdf,8
,,COMPLAINT,,Services Rendered- PD,No,,129 GRACE CIR,Marlborough,,,Marlborough PD,,15:05,,,07/04/2024,Call_Log_July_1_2024_to_July_16_2024.pdf,8
,,Ambulance Assist,,Services Rendered- PD,No,,56 FRYE ST,Marlborough,,,Marlborough PD,,15:11,,,07/04/2024,Call_Log_July_1_2024_to_July_16_2024.pdf,8
,,COMPLAINT,,Services Rendered- PD,No,,129 GRACE CIR,Marlborough,,,Marlborough PD,,16:08,,,07/04/2024,Call_Log_July_1_2024_to_July_16_2024.pdf,8
,,VANDALISM,,Unfounded,No,,13 PRESTON ST,Marlborough,,,Marlborough PD,,17:00,,,07/04/2024,Call_Log_July_1_2024_to_July_16_2024.pdf,8
,,BUILDING CHECK,,Building Checked/Secured,No,,706 HOSMER ST,Marlborough,,,Marlborough PD,,17:18,,,07/04/2024,Call_Log_July_1_2024_to_July_16_2024.pdf,8
,,ASSIST CITIZEN,,Services Rendered- PD,No,,44 SONIA DR,Marlborough,,,Marlborough PD,,17:21,,,07/04/2024,Call_Log_July_1_2024_to_July_16_2024.pdf,8
,,BUILDING CHECK,,Services Rendered- PD,No,,85 SAWIN ST,Marlborough,,,Marlborough PD,,17:44,,,07/04/2024,Call_Log_July_1_2024_to_July_16_2024.pdf,8
,,Ambulance Assist,,Services Rendered- PD,No,,47 RED SPRING RD,Marlborough,,,Marlborough PD,,18:34,,,07/04/2024,Call_Log_July_1_2024_to_July_16_2024.pdf,8
,,Ambulance Assist,,Services Rendered- PD,No,,36 JEFFERSON ST,Marlborough,,,Marlborough PD,,18:57,,,07/04/2024,Call_Log_July_1_2024_to_July_16_2024.pdf,8
,,COMPLAINT,,Services Rendered- PD,No,,FAMILY RESIDENTIAL - 112 HIGHLAND ST Apt. #3,Marlborough,,,Marlborough PD,,19:51,,,07/04/2024,Call_Log_July_1_2024_to_July_16_2024.pdf,8
,,"ALARM, BURGLAR",,Building Checked/Secured,No,,FIL-A - 36 APEX DR,Marlborough,,,Marlborough PD,,20:01,,,07/04/2024,Call_Log_July_1_2024_to_July_16_2024.pdf,8
,,Ambulance Assist,,Services Rendered- PD,No,,240 MAIN ST,Marlborough,,,Marlborough PD,,20:02,,,07/04/2024,Call_Log_July_1_2024_to_July_16_2024.pdf,8
,,DISTURBANCE,,Arrest(s) Made,Yes,,256 SIMPSON RD,Marlborough,,,Marlborough PD,,20:42,,,07/04/2024,Call_Log_July_1_2024_to_July_16_2024.pdf,9
,,SUSPICIOUS ACTIVITY,,Report,Yes,,80 FOLEY RD,Marlborough,,,Marlborough PD,,21:05,,,07/04/2024,Call_Log_July_1_2024_to_July_16_2024.pdf,9
,,SUSPICIOUS ACTIVITY,,Services Rendered- PD,No,,227 ESSEX ST,Marlborough,,,Marlborough PD,,21:25,,,07/04/2024,Call_Log_July_1_2024_to_July_16_2024.pdf,9
,,SUSPICIOUS ACTIVITY,,Services Rendered- PD,No,,BRIARWOOD LN,Marlborough,,,Marlborough PD,,21:33,,,07/04/2024,Call_Log_July_1_2024_to_July_16_2024.pdf,9
,,SUSPICIOUS ACTIVITY,,Unfounded,No,,BROADMEADOW RD,Marlborough,,,Marlborough PD,,21:49,,,07/04/2024,Call_Log_July_1_2024_to_July_16_2024.pdf,9
,,SUSPICIOUS ACTIVITY,,Services Rendered- PD,No,,33 BOSTON POST ROAD WEST,Marlborough,,,Marlborough PD,,22:04,,,07/04/2024,Call_Log_July_1_2024_to_July_16_2024.pdf,9
,,SUSPICIOUS ACTIVITY,,Services Rendered- PD,No,,181 BOSTON POST ROAD EAST,Marlborough,,,Marlborough PD,,22:11,,,07/04/2024,Call_Log_July_1_2024_to_July_16_2024.pdf,9
,,SUSPICIOUS ACTIVITY,,Services Rendered- PD,No,,270 MECHANIC ST @ 7 RUSSELL ST,Marlborough,,,Marlborough PD,,22:12,,,07/04/2024,Call_Log_July_1_2024_to_July_16_2024.pdf,9
,,SUSPICIOUS ACTIVITY,,Unfounded,No,,29 BELMORE PL,Marlborough,,,Marlborough PD,,22:29,,,07/04/2024,Call_Log_July_1_2024_to_July_16_2024.pdf,9
,,SUSPICIOUS ACTIVITY,,Services Rendered- PD,No,,32 MCGEE AVE,Marlborough,,,Marlborough PD,,22:31,,,07/04/2024,Call_Log_July_1_2024_to_July_16_2024.pdf,9
,,COMPLAINT,,Services Rendered- PD,No,,146 FRAMINGHAM RD,Marlborough,,,Marlborough PD,,22:33,,,07/04/2024,Call_Log_July_1_2024_to_July_16_2024.pdf,9
,,ASSIST OTHER AGENCY,,Services Rendered- PD,No,,98 ARNOLD STREET EXT,Marlborough,,,Marlborough PD,,22:44,,,07/04/2024,Call_Log_July_1_2024_to_July_16_2024.pdf,9
,,MVA PROPERTY DAMAGE ONLY,,Report,Yes,,295 HUDSON ST,Marlborough,,,Marlborough PD,,23:10,,,07/04/2024,Call_Log_July_1_2024_to_July_16_2024.pdf,9
,,DPW Called Out,,Services Rendered- PD,No,,80 FOLEY RD,Marlborough,,,Marlborough PD,,23:29,,,07/04/2024,Call_Log_July_1_2024_to_July_16_2024.pdf,9
,,DPW Called Out,,Services Rendered- PD,No,,295 HUDSON ST,Marlborough,,,Marlborough PD,,23:39,,,07/04/2024,Call_Log_July_1_2024_to_July_16_2024.pdf,9
,,BUILDING CHECK,,Building Checked/Secured,No,,300 NICKERSON RD,Marlborough,,,Marlborough PD,,00:31,,,07/05/2024,Call_Log_July_1_2024_to_July_16_2024.pdf,9
,,BUILDING CHECK,,Building Checked/Secured,No,,601 DONALD J. LYNCH BLVD,Marlborough,,,Marlborough PD,,00:37,,,07/05/2024,Call_Log_July_1_2024_to_July_16_2024.pdf,9
,,BUILDING CHECK,,Building Checked/Secured,No,,865 DONALD J. LYNCH BLVD,Marlborough,,,Marlborough PD,,00:39,,,07/05/2024,Call_Log_July_1_2024_to_July_16_2024.pdf,9
,,DISTURBANCE,,Report,Yes,,68 SAINT IVES WAY Apt. #23,Marlborough,,,Marlborough PD,,01:36,,,07/05/2024,Call_Log_July_1_2024_to_July_16_2024.pdf,10
,,BUILDING CHECK,,Building Checked/Secured,No,,706 HOSMER ST,Marlborough,,,Marlborough PD,,01:51,,,07/05/2024,Call_Log_July_1_2024_to_July_16_2024.pdf,10
,,Suspicious M/V,,Services Rendered- PD,No,,1015 BOSTON POST ROAD EAST,Marlborough,,,Marlborough PD,,02:01,,,07/05/2024,Call_Log_July_1_2024_to_July_16_2024.pdf,10
,,Ambulance Assist,,Services Rendered- PD,No,,421 BOLTON ST Apt. #204,Marlborough,,,Marlborough PD,,02:08,,,07/05/2024,Call_Log_July_1_2024_to_July_16_2024.pdf,10
,,Well being check,,Services Rendered- PD,No,,70 BROAD ST,Marlborough,,,Marlborough PD,,02:22,,,07/05/2024,Call_Log_July_1_2024_to_July_16_2024.pdf,10
,,DPW Called Out,,Services Rendered- PD,No,,295 HUDSON ST,Marlborough,,,Marlborough PD,,02:31,,,07/05/2024,Call_Log_July_1_2024_to_July_16_2024.pdf,10
,,ASSIST OTHER AGENCY,,Services Rendered- PD,No,,149 LINCOLN ST Apt. #2,Marlborough,,,Marlborough PD,,03:05,,,07/05/2024,Call_Log_July_1_2024_to_July_16_2024.pdf,10
,,Ambulance Assist,,Services Rendered- PD,No,,400 BOLTON ST Apt. #116,Marlborough,,,Marlborough PD,,07:12,,,07/05/2024,Call_Log_July_1_2024_to_July_16_2024.pdf,10
,,ASSIST CITIZEN,,Report,Yes,,85 BROAD ST,Marlborough,,,Marlborough PD,,08:25,,,07/05/2024,Call_Log_July_1_2024_to_July_16_2024.pdf,10
,,Ambulance Assist,,Services Rendered- PD,No,,79 TREMONT ST,Marlborough,,,Marlborough PD,,08:58,,,07/05/2024,Call_Log_July_1_2024_to_July_16_2024.pdf,10
,,Ambulance Assist,,Services Rendered- PD,No,,138 BLANCHETTE DR,Marlborough,,,Marlborough PD,,08:58,,,07/05/2024,Call_Log_July_1_2024_to_July_16_2024.pdf,10
,,Ambulance Assist,,Services Rendered- PD,No,,121 NORTHBORO ROAD EAST Apt. #214,Marlborough,,,Marlborough PD,,08:59,,,07/05/2024,Call_Log_July_1_2024_to_July_16_2024.pdf,10
,,Animal Complaint,,Services Rendered- PD,No,,246 MAPLE ST,Marlborough,,,Marlborough PD,,09:22,,,07/05/2024,Call_Log_July_1_2024_to_July_16_2024.pdf,10
,,911 Hangup/Call,,Services Rendered- PD,No,,849 BOSTON POST ROAD EAST Apt. #6H,Marlborough,,,Marlborough PD,,09:40,,,07/05/2024,Call_Log_July_1_2024_to_July_16_2024.pdf,10
,,DISABLED MV,,Services Rendered- PD,No,,36 BOLTON ST @ 3 HIGH ST,Marlborough,,,Marlborough PD,,09:44,,,07/05/2024,Call_Log_July_1_2024_to_July_16_2024.pdf,10
,,Animal Complaint,,Unfounded,No,,CHESTNUT ST,Marlborough,,,Marlborough PD,,09:56,,,07/05/2024,Call_Log_July_1_2024_to_July_16_2024.pdf,10
,,LARCENY,,Report,Yes,,155 AMES ST,Marlborough,,,Marlborough PD,,10:13,,,07/05/2024,Call_Log_July_1_2024_to_July_16_2024.pdf,10
,,Ambulance Assist,,Services Rendered- PD,No,,121 NORTHBORO ROAD EAST Apt. #314B,Marlborough,,,Marlborough PD,,10:34,,,07/05/2024,Call_Log_July_1_2024_to_July_16_2024.pdf,10
,,ASSIST OTHER AGENCY,,Services Rendered- PD,No,,157 UNION ST,Marlborough,,,Marlborough PD,,11:26,,,07/05/2024,Call_Log_July_1_2024_to_July_16_2024.pdf,10
,,Ambulance Assist,,Services Rendered- PD,No,,121 NORTHBORO ROAD EAST Apt. #315A,Marlborough,,,Marlborough PD,,11:33,,,07/05/2024,Call_Log_July_1_2024_to_July_16_2024.pdf,11
,,Well being check,,Services Rendered- PD,No,,25 HASTINGS ST,Marlborough,,,Marlborough PD,,12:02,,,07/05/2024,Call_Log_July_1_2024_to_July_16_2024.pdf,11
,,ASSIST OTHER AGENCY,,Services Rendered- PD,No,,157 UNION ST,Marlborough,,,Marlborough PD,,12:14,,,07/05/2024,Call_Log_July_1_2024_to_July_16_2024.pdf,11
,,Eratic Operator,,Services Rendered- PD,No,,FARM RD,Marlborough,,,Marlborough PD,,13:11,,,07/05/2024,Call_Log_July_1_2024_to_July_16_2024.pdf,11
,,"ALARM, BURGLAR",,Services Rendered- PD,No,,GENESIS MGMT GROUP - 400 DONALD J. LYNCH BLVD Apt. #201,Marlborough,,,Marlborough PD,,13:14,,,07/05/2024,Call_Log_July_1_2024_to_July_16_2024.pdf,11
,,911 Hangup/Call,,Unfounded,No,,24 GRANT CT Apt. #1,Marlborough,,,Marlborough PD,,13:50,,,07/05/2024,Call_Log_July_1_2024_to_July_16_2024.pdf,11
,,Well being check,,Services Rendered- PD,No,,50 BRIARWOOD LN,Marlborough,,,Marlborough PD,,13:57,,,07/05/2024,Call_Log_July_1_2024_to_July_16_2024.pdf,11
,,COMPLAINT,,Services Rendered- PD,No,,28 EWALD AVE,Marlborough,,,Marlborough PD,,14:15,,,07/05/2024,Call_Log_July_1_2024_to_July_16_2024.pdf,11
,,Fraud / Forgery,,Services Rendered- PD,No,,82 MELODY LN,Marlborough,,,Marlborough PD,,14:18,,,07/05/2024,Call_Log_July_1_2024_to_July_16_2024.pdf,11
,,ASSIST CITIZEN,,Services Rendered- PD,No,,115 APEX DR Apt. #B,Marlborough,,,Marlborough PD,,14:22,,,07/05/2024,Call_Log_July_1_2024_to_July_16_2024.pdf,11
,,Ambulance Assist,,Services Rendered- PD,No,,30 HARMONY LN,Marlborough,,,Marlborough PD,,14:31,,,07/05/2024,Call_Log_July_1_2024_to_July_16_2024.pdf,11
,,Eratic Operator,,Unfounded,No,,HILDRETH ST,Marlborough,,,Marlborough PD,,14:58,,,07/05/2024,Call_Log_July_1_2024_to_July_16_2024.pdf,11
,,Ambulance Assist,,Services Rendered- PD,No,,121 NORTHBORO ROAD EAST,Marlborough,,,Marlborough PD,,15:06,,,07/05/2024,Call_Log_July_1_2024_to_July_16_2024.pdf,11
,,COMPLAINT,,Services Rendered- PD,No,,FAMILY RESIDENTIAL - 90 HIGHLAND ST,Marlborough,,,Marlborough PD,,15:07,,,07/05/2024,Call_Log_July_1_2024_to_July_16_2024.pdf,11
,,GENERAL INFO,,Services Rendered- PD,No,,,Marlborough,,,Marlborough PD,,15:16,,,07/05/2024,Call_Log_July_1_2024_to_July_16_2024.pdf,11
,,Ambulance Assist,,Services Rendered- PD,No,,136 MAIN ST,Marlborough,,,Marlborough PD,,15:17,,,07/05/2024,Call_Log_July_1_2024_to_July_16_2024.pdf,11
,,SOLICITING,,Services Rendered- PD,No,,110 FARMINGTON CIR,Marlborough,,,Marlborough PD,,15:49,,,07/05/2024,Call_Log_July_1_2024_to_July_16_2024.pdf,11
,,DISTURBANCE,,Report,Yes,,59 PHEASANT HILL RD,Marlborough,,,Marlborough PD,,16:12,,,07/05/2024,Call_Log_July_1_2024_to_July_16_2024.pdf,11
,,Well being check,,Report,Yes,,181 BOSTON POST ROAD EAST Apt. #11,Marlborough,,,Marlborough PD,,16:39,,,07/05/2024,Call_Log_July_1_2024_to_July_16_2024.pdf,11
,,Well being check,,Services Rendered- PD,No,,116 RIDGE RD @ 108 APPLEWOOD DR,Marlborough,,,Marlborough PD,,17:17,,,07/05/2024,Call_Log_July_1_2024_to_July_16_2024.pdf,12
,,Well being check,,Services Rendered- PD,No,,HOSMER ST,Marlborough,,,Marlborough PD,,17:33,,,07/05/2024,Call_Log_July_1_2024_to_July_16_2024.pdf,12
,,SERVE HARASSMENT ORDER,,No Action Required,No,,FAMILY RESIDENTIAL - 141 ELM ST Apt. #2,Marlborough,,,Marlborough PD,,17:39,,,07/05/2024,Call_Log_July_1_2024_to_July_16_2024.pdf,12
,,ASSIST OTHER AGENCY,,Unfounded,No,,FAMILY RESIDENTIAL - 29 ORCHARD ST,Marlborough,,,Marlborough PD,,18:07,,,07/05/2024,Call_Log_July_1_2024_to_July_16_2024.pdf,12
,,Well being check,,Services Rendered- PD,No,,[MAR 3729] 22 BROAD ST Apt. #315,Marlborough,,,Marlborough PD,,18:17,,,07/05/2024,Call_Log_July_1_2024_to_July_16_2024.pdf,12
,,ASSIST OTHER AGENCY,,No Action Required,No,,300 LAKESIDE AVE,Marlborough,,,Marlborough PD,,18:21,,,07/05/2024,Call_Log_July_1_2024_to_July_16_2024.pdf,12
,,DISABLED MV,,No Action Required,No,,45 LAKESIDE AVE,Marlborough,,,Marlborough PD,,18:36,,,07/05/2024,Call_Log_July_1_2024_to_July_16_2024.pdf,12
,,Fraud / Forgery,,Report,Yes,,49 BRIARWOOD LN Apt. #12,Marlborough,,,Marlborough PD,,19:04,,,07/05/2024,Call_Log_July_1_2024_to_July_16_2024.pdf,12
,,DISTURBANCE,,Report,Yes,,21 APEX DR,Marlborough,,,Marlborough PD,,19:11,,,07/05/2024,Call_Log_July_1_2024_to_July_16_2024.pdf,12
,,911 Hangup/Call,,Report,Yes,,FIL-A - 36 APEX DR,Marlborough,,,Marlborough PD,,19:35,,,07/05/2024,Call_Log_July_1_2024_to_July_16_2024.pdf,12
,,Directed Patrol,,Services Rendered- PD,No,,601 DONALD J. LYNCH BLVD,Marlborough,,,Marlborough PD,,21:04,,,07/05/2024,Call_Log_July_1_2024_to_July_16_2024.pdf,12
,,SUSPICIOUS ACTIVITY,,Services Rendered- PD,No,,57 RAFFAELE RD,Marlborough,,,Marlborough PD,,21:09,,,07/05/2024,Call_Log_July_1_2024_to_July_16_2024.pdf,12
,,MVA PROPERTY DAMAGE ONLY,,Could Not Locate,No,,282 EAST MAIN ST,Marlborough,,,Marlborough PD,,22:47,,,07/05/2024,Call_Log_July_1_2024_to_July_16_2024.pdf,12
,,DISTURBANCE,,Report,Yes,,19 NORTHBORO ROAD EAST Apt. #231,Marlborough,,,Marlborough PD,,23:10,,,07/05/2024,Call_Log_July_1_2024_to_July_16_2024.pdf,12
,,Ambulance Assist,,Services Rendered- PD,No,,265 LAKESIDE AVE Apt. #143,Marlborough,,,Marlborough PD,,00:46,,,07/06/2024,Call_Log_July_1_2024_to_July_16_2024.pdf,12
,,BUILDING CHECK,,Building Checked/Secured,No,,300 NICKERSON RD,Marlborough,,,Marlborough PD,,01:14,,,07/06/2024,Call_Log_July_1_2024_to_July_16_2024.pdf,12
,,BUILDING CHECK,,Building Checked/Secured,No,,853 DONALD J. LYNCH BLVD,Marlborough,,,Marlborough PD,,01:15,,,07/06/2024,Call_Log_July_1_2024_to_July_16_2024.pdf,12
,,BUILDING CHECK,,Building Checked/Secured,No,,706 HOSMER ST,Marlborough,,,Marlborough PD,,01:27,,,07/06/2024,Call_Log_July_1_2024_to_July_16_2024.pdf,12
,,SUSPICIOUS ACTIVITY,,Services Rendered- PD,No,,415 HOSMER ST @ 145 GRACE CIR,Marlborough,,,Marlborough PD,,01:44,,,07/06/2024,Call_Log_July_1_2024_to_July_16_2024.pdf,12
,,Ambulance Assist,,Services Rendered- PD,No,,69 MAPLE ST Apt. #2,Marlborough,,,Marlborough PD,,02:52,,,07/06/2024,Call_Log_July_1_2024_to_July_16_2024.pdf,13
,,SUSPICIOUS ACTIVITY,,Services Rendered- PD,No,,495 BOSTON POST ROAD EAST,Marlborough,,,Marlborough PD,,04:29,,,07/06/2024,Call_Log_July_1_2024_to_July_16_2024.pdf,13
,,Ambulance Assist,,Services Rendered- PD,No,,79 SONIA DR,Marlborough,,,Marlborough PD,,05:33,,,07/06/2024,Call_Log_July_1_2024_to_July_16_2024.pdf,13
,,SUSPICIOUS ACTIVITY,,Report,Yes,,197 BOSTON POST ROAD WEST,Marlborough,,,Marlborough PD,,06:07,,,07/06/2024,Call_Log_July_1_2024_to_July_16_2024.pdf,13
,,Suspicious M/V,,Arrest(s) Made,Yes,24-257-AR,SEASONS MARKET - 342 BOSTON POST ROAD EAST @ CHURCH ST,Marlborough,,,Marlborough PD,,06:48,,,07/06/2024,Call_Log_July_1_2024_to_July_16_2024.pdf,13
,,"ALARM, BURGLAR",,Services Rendered- PD,No,,36 MAIN ST,Marlborough,,,Marlborough PD,,07:46,,,07/06/2024,Call_Log_July_1_2024_to_July_16_2024.pdf,13
,,ASSIST CITIZEN,,Services Rendered- PD,No,,39 CHESTNUT ST,Marlborough,,,Marlborough PD,,08:30,,,07/06/2024,Call_Log_July_1_2024_to_July_16_2024.pdf,13
,,MVA PROPERTY DAMAGE ONLY,,Services Rendered- PD,No,,85 BOLTON ST @ 136 LINCOLN ST,Marlborough,,,Marlborough PD,,09:48,,,07/06/2024,Call_Log_July_1_2024_to_July_16_2024.pdf,13
,,Fraud / Forgery,,Report,Yes,,199 BOSTON POST ROAD WEST,Marlborough,,,Marlborough PD,,10:12,,,07/06/2024,Call_Log_July_1_2024_to_July_16_2024.pdf,13
,,Suspicious M/V,,Unfounded,No,,FAMILY RESIDENTIAL - 55 LINCOLN ST,Marlborough,,,Marlborough PD,,10:43,,,07/06/2024,Call_Log_July_1_2024_to_July_16_2024.pdf,13
,,Well being check,,Services Rendered- PD,No,,34 BRIARWOOD LN Apt. #4,Marlborough,,,Marlborough PD,,10:49,,,07/06/2024,Call_Log_July_1_2024_to_July_16_2024.pdf,13
,,SOLICITING,,Unfounded,No,,HOUDE ST,Marlborough,,,Marlborough PD,,11:02,,,07/06/2024,Call_Log_July_1_2024_to_July_16_2024.pdf,13
,,DISTURBANCE,,Report,Yes,,14 PLEASANT CT,Marlborough,,,Marlborough PD,,11:21,,,07/06/2024,Call_Log_July_1_2024_to_July_16_2024.pdf,13
,,ASSIST CITIZEN,,Report,Yes,,44 SONIA DR,Marlborough,,,Marlborough PD,,11:30,,,07/06/2024,Call_Log_July_1_2024_to_July_16_2024.pdf,13
,,ASSIST OTHER AGENCY,,Report,Yes,,157 UNION ST,Marlborough,,,Marlborough PD,,11:45,,,07/06/2024,Call_Log_July_1_2024_to_July_16_2024.pdf,13
,,DISTURBANCE,,Services Rendered- PD,No,,29 WARREN AVE,Marlborough,,,Marlborough PD,,11:49,,,07/06/2024,Call_Log_July_1_2024_to_July_16_2024.pdf,13
,,Well being check,,Services Rendered- PD,No,,1 NORTHBORO ROAD EAST,Marlborough,,,Marlborough PD,,12:27,,,07/06/2024,Call_Log_July_1_2024_to_July_16_2024.pdf,13
,,ASSAULT,,Unfounded,No,,240 MAIN ST,Marlborough,,,Marlborough PD,,13:38,,,07/06/2024,Call_Log_July_1_2024_to_July_16_2024.pdf,13
,,Private Tow,,Private tow,No,,19 ROYAL CREST DR,Marlborough,,,Marlborough PD,,14:09,,,07/06/2024,Call_Log_July_1_2024_to_July_16_2024.pdf,14
,,Ambulance Assist,,Services Rendered- PD,No,,21 APEX DR,Marlborough,,,Marlborough PD,,15:16,,,07/06/2024,Call_Log_July_1_2024_to_July_16_2024.pdf,14
,,911 Hangup/Call,,Services Rendered- PD,No,,10 LOCKE DR,Marlborough,,,Marlborough PD,,15:23,,,07/06/2024,Call_Log_July_1_2024_to_July_16_2024.pdf,14
,,SUDDEN DEATH,,Report,Yes,,520 LINCOLN ST,Marlborough,,,Marlborough PD,,15:30,,,07/06/2024,Call_Log_July_1_2024_to_July_16_2024.pdf,14
,,Private Tow,,Private tow,No,,19 ROYAL CREST DR,Marlborough,,,Marlborough PD,,16:03,,,07/06/2024,Call_Log_July_1_2024_to_July_16_2024.pdf,14
,,Animal Complaint,,Services Rendered- PD,No,,159 STEVENS ST,Marlborough,,,Marlborough PD,,17:10,,,07/06/2024,Call_Log_July_1_2024_to_July_16_2024.pdf,14
,,ASSIST OTHER AGENCY,,Services Rendered- PD,No,,193 BOSTON POST ROAD WEST Apt. #C,Marlborough,,,Marlborough PD,,17:39,,,07/06/2024,Call_Log_July_1_2024_to_July_16_2024.pdf,14
,,COMPLAINT,,Services Rendered- PD,No,,74 CHESTNUT ST,Marlborough,,,Marlborough PD,,18:44,,,07/06/2024,Call_Log_July_1_2024_to_July_16_2024.pdf,14
,,DISTURBANCE,,Services Rendered- PD,No,,450 BOSTON POST ROAD EAST Apt. #A607,Marlborough,,,Marlborough PD,,18:49,,,07/06/2024,Call_Log_July_1_2024_to_July_16_2024.pdf,14
,,MOTOR VEHICLE STOP,,Services Rendered- PD,No,,211 BOLTON ST,Marlborough,,,Marlborough PD,,19:05,,,07/06/2024,Call_Log_July_1_2024_to_July_16_2024.pdf,14
,,Eratic Operator,,Services Rendered- PD,No,,180 BRIGHAM ST,Marlborough,,,Marlborough PD,,19:18,,,07/06/2024,Call_Log_July_1_2024_to_July_16_2024.pdf,14
,,MVA PROPERTY DAMAGE ONLY,,Report,Yes,,35 ROYAL CREST DR Apt. #1,Marlborough,,,Marlborough PD,,19:25,,,07/06/2024,Call_Log_July_1_2024_to_July_16_2024.pdf,14
,,Private Tow,,Private tow,No,,19 ROYAL CREST DR,Marlborough,,,Marlborough PD,,19:28,,,07/06/2024,Call_Log_July_1_2024_to_July_16_2024.pdf,14
,,Private Tow,,Private tow,No,,39 BRIARWOOD LN Apt. #5,Marlborough,,,Marlborough PD,,19:32,,,07/06/2024,Call_Log_July_1_2024_to_July_16_2024.pdf,14
,,LARCENY,,Services Rendered- PD,No,,109 FITCHBURG ST,Marlborough,,,Marlborough PD,,19:47,,,07/06/2024,Call_Log_July_1_2024_to_July_16_2024.pdf,14
,,FOUND/LOST PROPERTY,,Report,Yes,,355 BOLTON ST,Marlborough,,,Marlborough PD,,19:58,,,07/06/2024,Call_Log_July_1_2024_to_July_16_2024.pdf,14
,,MVA PROPERTY DAMAGE ONLY,,Report,Yes,,261 WEST MAIN ST,Marlborough,,,Marlborough PD,,20:28,,,07/06/2024,Call_Log_July_1_2024_to_July_16_2024.pdf,14
,,COMPLAINT,,Unfounded,No,,416 BOSTON POST ROAD EAST Apt. #3,Marlborough,,,Marlborough PD,,20:29,,,07/06/2024,Call_Log_July_1_2024_to_July_16_2024.pdf,14
,,911 Hangup/Call,,Services Rendered- PD,No,,121 NORTHBORO ROAD EAST,Marlborough,,,Marlborough PD,,20:36,,,07/06/2024,Call_Log_July_1_2024_to_July_16_2024.pdf,14
,,DISABLED MV,,Services Rendered- PD,No,,EAST MAIN ST,Marlborough,,,Marlborough PD,,21:21,,,07/06/2024,Call_Log_July_1_2024_to_July_16_2024.pdf,14
,,COMPLAINT,,Unfounded,No,,22 CHARLES ST,Marlborough,,,Marlborough PD,,21:25,,,07/06/2024,Call_Log_July_1_2024_to_July_16_2024.pdf,15
,,COMPLAINT,,Unfounded,No,,416 BOSTON POST ROAD EAST Apt. #3,Marlborough,,,Marlborough PD,,21:38,,,07/06/2024,Call_Log_July_1_2024_to_July_16_2024.pdf,15
,,MVA WITH INJURIES,,Services Rendered- PD,No,,29 ROYAL CREST DR,Marlborough,,,Marlborough PD,,21:58,,,07/06/2024,Call_Log_July_1_2024_to_July_16_2024.pdf,15
,,COMPLAINT,,Report,Yes,,22 CHARLES ST,Marlborough,,,Marlborough PD,,22:00,,,07/06/2024,Call_Log_July_1_2024_to_July_16_2024.pdf,15
,,COMPLAINT,,Services Rendered- PD,No,,219 MECHANIC ST,Marlborough,,,Marlborough PD,,22:50,,,07/06/2024,Call_Log_July_1_2024_to_July_16_2024.pdf,15
,,SUSPICIOUS ACTIVITY,,Report,Yes,,194 BROAD ST,Marlborough,,,Marlborough PD,,23:13,,,07/06/2024,Call_Log_July_1_2024_to_July_16_2024.pdf,15
,,MOTOR VEHICLE STOP,,Services Rendered- PD,No,,159 MECHANIC ST @ 8 HUDSON ST,Marlborough,,,Marlborough PD,,23:20,,,07/06/2024,Call_Log_July_1_2024_to_July_16_2024.pdf,15
,,COMPLAINT,,Services Rendered- PD,No,,416 BOSTON POST ROAD EAST Apt. #3,Marlborough,,,Marlborough PD,,23:51,,,07/06/2024,Call_Log_July_1_2024_to_July_16_2024.pdf,15
,,911 Hangup/Call,,Building Checked/Secured,No,,455 FOREST ST,Marlborough,,,Marlborough PD,,00:06,,,07/07/2024,Call_Log_July_1_2024_to_July_16_2024.pdf,15
,,BUILDING CHECK,,Building Checked/Secured,No,,300 NICKERSON RD,Marlborough,,,Marlborough PD,,00:59,,,07/07/2024,Call_Log_July_1_2024_to_July_16_2024.pdf,15
,,BUILDING CHECK,,Building Checked/Secured,No,,706 HOSMER ST,Marlborough,,,Marlborough PD,,01:23,,,07/07/2024,Call_Log_July_1_2024_to_July_16_2024.pdf,15
,,SUSPICIOUS ACTIVITY,,Unfounded,No,,45 WILLIAMS ST,Marlborough,,,Marlborough PD,,02:12,,,07/07/2024,Call_Log_July_1_2024_to_July_16_2024.pdf,15
,,"ALARM, BURGLAR",,Building Checked/Secured,No,,ATLANTIC PROPERTY MGMT CO. - 450 DONALD J. LYNCH BLVD,Marlborough,,,Marlborough PD,,02:51,,,07/07/2024,Call_Log_July_1_2024_to_July_16_2024.pdf,15
,,"ALARM, BURGLAR",,Building Checked/Secured,No,,24 SHAWMUT AVE,Marlborough,,,Marlborough PD,,02:59,,,07/07/2024,Call_Log_July_1_2024_to_July_16_2024.pdf,15
,,BUILDING CHECK,,Building Checked/Secured,No,,601 DONALD J. LYNCH BLVD,Marlborough,,,Marlborough PD,,03:10,,,07/07/2024,Call_Log_July_1_2024_to_July_16_2024.pdf,15
,,Ambulance Assist,,Services Rendered- PD,No,,20 WHISPERING BROOK RD,Marlborough,,,Marlborough PD,,04:24,,,07/07/2024,Call_Log_July_1_2024_to_July_16_2024.pdf,15
,,"ALARM, BURGLAR",,Building Checked/Secured,No,,303 LINCOLN ST,Marlborough,,,Marlborough PD,,05:28,,,07/07/2024,Call_Log_July_1_2024_to_July_16_2024.pdf,15
,,Well being check,,Services Rendered- PD,No,,240 MAIN ST,Marlborough,,,Marlborough PD,,07:42,,,07/07/2024,Call_Log_July_1_2024_to_July_16_2024.pdf,15
,,SUSPICIOUS ACTIVITY,,Services Rendered- PD,No,,1004 APPLEBRIAR LN,Marlborough,,,Marlborough PD,,08:03,,,07/07/2024,Call_Log_July_1_2024_to_July_16_2024.pdf,16
,,SERVE WARRANT,,Arrest(s) Made,Yes,24-258-AR,32 BRIARWOOD LN Apt. #6,Marlborough,,,Marlborough PD,,08:37,,,07/07/2024,Call_Log_July_1_2024_to_July_16_2024.pdf,16
,,ASSIST OTHER AGENCY,,Services Rendered- PD,No,,400 SOUTH ST,Marlborough,,,Marlborough PD,,10:26,,,07/07/2024,Call_Log_July_1_2024_to_July_16_2024.pdf,16
,,DISTURBANCE,,Services Rendered- PD,No,,447 BOSTON POST ROAD EAST,Marlborough,,,Marlborough PD,,10:32,,,07/07/2024,Call_Log_July_1_2024_to_July_16_2024.pdf,16
,,Well being check,,Report,Yes,,30 LAVIOLETTE ST Apt. #2,Marlborough,,,Marlborough PD,,10:52,,,07/07/2024,Call_Log_July_1_2024_to_July_16_2024.pdf,16
,,"ALARM, BURGLAR",,Services Rendered- PD,No,,350 BOSTON POST ROAD WEST,Marlborough,,,Marlborough PD,,11:46,,,07/07/2024,Call_Log_July_1_2024_to_July_16_2024.pdf,16
,,Harassment,,Services Rendered- PD,No,,44 PARK ST Apt. #201,Marlborough,,,Marlborough PD,,12:56,,,07/07/2024,Call_Log_July_1_2024_to_July_16_2024.pdf,16
,,ASSIST CITIZEN,,Report,Yes,,255 MAIN ST,Marlborough,,,Marlborough PD,,13:00,,,07/07/2024,Call_Log_July_1_2024_to_July_16_2024.pdf,16
,,SUSPICIOUS ACTIVITY,,Services Rendered- PD,No,,26 WALNUT ST,Marlborough,,,Marlborough PD,,13:17,,,07/07/2024,Call_Log_July_1_2024_to_July_16_2024.pdf,16
,,Harassment,,Report,Yes,,44 SONIA DR,Marlborough,,,Marlborough PD,,13:37,,,07/07/2024,Call_Log_July_1_2024_to_July_16_2024.pdf,16
,,SUSPICIOUS ACTIVITY,,Report,Yes,,101 HILDRETH ST,Marlborough,,,Marlborough PD,,13:38,,,07/07/2024,Call_Log_July_1_2024_to_July_16_2024.pdf,16
,,MVA PROPERTY DAMAGE ONLY,,Report,Yes,,910 BOSTON POST ROAD EAST,Marlborough,,,Marlborough PD,,13:40,,,07/07/2024,Call_Log_July_1_2024_to_July_16_2024.pdf,16
,,BUILDING CHECK,,Building Checked/Secured,No,,135 WILSON ST,Marlborough,,,Marlborough PD,,14:49,,,07/07/2024,Call_Log_July_1_2024_to_July_16_2024.pdf,16
,,911 Hangup/Call,,Services Rendered- PD,No,,- 61 FAIRMOUNT ST Apt. #2,Marlborough,,,Marlborough PD,,15:32,,,07/07/2024,Call_Log_July_1_2024_to_July_16_2024.pdf,16
,,"ALARM, BURGLAR",,Services Rendered- PD,No,,303 LINCOLN ST,Marlborough,,,Marlborough PD,,15:35,,,07/07/2024,Call_Log_July_1_2024_to_July_16_2024.pdf,16
,,ASSIST CITIZEN,,Services Rendered- PD,No,,198 WEST MAIN ST,Marlborough,,,Marlborough PD,,15:44,,,07/07/2024,Call_Log_July_1_2024_to_July_16_2024.pdf,16
,,911 Hangup/Call,,Services Rendered- PD,No,,174 WEST MAIN ST,Marlborough,,,Marlborough PD,,15:55,,,07/07/2024,Call_Log_July_1_2024_to_July_16_2024.pdf,16
,,Parking Violation,,Services Rendered- PD,No,,32 BELMONT ST,Marlborough,,,Marlborough PD,,16:32,,,07/07/2024,Call_Log_July_1_2024_to_July_16_2024.pdf,16
,,COMPLAINT,,Report,Yes,,25 EWALD AVE,Marlborough,,,Marlborough PD,,16:33,,,07/07/2024,Call_Log_July_1_2024_to_July_16_2024.pdf,17
,,Ambulance Assist,,Services Rendered- PD,No,,39 DARTMOUTH ST,Marlborough,,,Marlborough PD,,16:58,,,07/07/2024,Call_Log_July_1_2024_to_July_16_2024.pdf,17
,,FOUND/LOST PROPERTY,,Report,Yes,,180 LAKESIDE AVE,Marlborough,,,Marlborough PD,,17:20,,,07/07/2024,Call_Log_July_1_2024_to_July_16_2024.pdf,17
,,"ALARM, BURGLAR",,Building Checked/Secured,No,,423 LAKESIDE AVE,Marlborough,,,Marlborough PD,,17:28,,,07/07/2024,Call_Log_July_1_2024_to_July_16_2024.pdf,17
,,Ambulance Assist,,Services Rendered- PD,No,,22 BROAD ST Apt. #315,Marlborough,,,Marlborough PD,,17:36,,,07/07/2024,Call_Log_July_1_2024_to_July_16_2024.pdf,17
,,SUSPICIOUS ACTIVITY,,Unfounded,No,,240 EAST MAIN ST,Marlborough,,,Marlborough PD,,17:53,,,07/07/2024,Call_Log_July_1_2024_to_July_16_2024.pdf,17
,,ASSIST CITIZEN,,Services Rendered- PD,No,,121 NORTHBORO ROAD EAST,Marlborough,,,Marlborough PD,,18:23,,,07/07/2024,Call_Log_July_1_2024_to_July_16_2024.pdf,17
,,Ambulance Assist,,Services Rendered- PD,No,,90 ONAMOG ST,Marlborough,,,Marlborough PD,,18:58,,,07/07/2024,Call_Log_July_1_2024_to_July_16_2024.pdf,17
,,SUSPICIOUS ACTIVITY,,Services Rendered- PD,No,,31 BRIARWOOD LN,Marlborough,,,Marlborough PD,,19:06,,,07/07/2024,Call_Log_July_1_2024_to_July_16_2024.pdf,17
,,Police Assist,,Services Rendered- PD,No,,33 DEVENS ST,Marlborough,,,Marlborough PD,,19:13,,,07/07/2024,Call_Log_July_1_2024_to_July_16_2024.pdf,17
,,Ambulance Assist,,Services Rendered- PD,No,,50 HURLEY CIR,Marlborough,,,Marlborough PD,,20:24,,,07/07/2024,Call_Log_July_1_2024_to_July_16_2024.pdf,17
,,DISTURBANCE,,Services Rendered- PD,No,,2108 MAYFLOWER CIR,Marlborough,,,Marlborough PD,,20:27,,,07/07/2024,Call_Log_July_1_2024_to_July_16_2024.pdf,17
,,Ambulance Assist,,Services Rendered- PD,No,,255 MAIN ST,Marlborough,,,Marlborough PD,,20:49,,,07/07/2024,Call_Log_July_1_2024_to_July_16_2024.pdf,17
,,911 Hangup/Call,,Services Rendered- PD,No,,2 PLEASANT PL Apt. #2,Marlborough,,,Marlborough PD,,21:22,,,07/07/2024,Call_Log_July_1_2024_to_July_16_2024.pdf,17
,,COMPLAINT,,Unfounded,No,,30 GAY ST,Marlborough,,,Marlborough PD,,21:35,,,07/07/2024,Call_Log_July_1_2024_to_July_16_2024.pdf,17
,,Private Tow,,Private tow,No,,19 ROYAL CREST DR,Marlborough,,,Marlborough PD,,21:57,,,07/07/2024,Call_Log_July_1_2024_to_July_16_2024.pdf,17
,,COMPLAINT,,Services Rendered- PD,No,,42 FARM RD,Marlborough,,,Marlborough PD,,22:03,,,07/07/2024,Call_Log_July_1_2024_to_July_16_2024.pdf,17
,,COMPLAINT,,Services Rendered- PD,No,,23 SHAWMUT AVE,Marlborough,,,Marlborough PD,,22:28,,,07/07/2024,Call_Log_July_1_2024_to_July_16_2024.pdf,17
,,MVA PROPERTY DAMAGE ONLY,,Unfounded,No,,350 EAST MAIN ST,Marlborough,,,Marlborough PD,,23:20,,,07/07/2024,Call_Log_July_1_2024_to_July_16_2024.pdf,17
,,Trespassing,,Services Rendered- PD,No,,105 APEX DR,Marlborough,,,Marlborough PD,,23:32,,,07/07/2024,Call_Log_July_1_2024_to_July_16_2024.pdf,17
,,BUILDING CHECK,,Building Checked/Secured,No,,300 NICKERSON RD,Marlborough,,,Marlborough PD,,01:14,,,07/08/2024,Call_Log_July_1_2024_to_July_16_2024.pdf,18
,,COMPLAINT,,No Action Required,No,,153 MAIN ST Apt. #10,Marlborough,,,Marlborough PD,,02:32,,,07/08/2024,Call_Log_July_1_2024_to_July_16_2024.pdf,18
,,911 Hangup/Call,,Building Checked/Secured,No,,293 BOSTON POST ROAD WEST Apt. #210,Marlborough,,,Marlborough PD,,03:12,,,07/08/2024,Call_Log_July_1_2024_to_July_16_2024.pdf,18
,,"ALARM, BURGLAR",,Building Checked/Secured,No,,143 LIBERTY ST,Marlborough,,,Marlborough PD,,03:22,,,07/08/2024,Call_Log_July_1_2024_to_July_16_2024.pdf,18
,,"ALARM, BURGLAR",,Building Checked/Secured,No,,[MAR 954] 450 DONALD J. LYNCH BLVD,Marlborough,,,Marlborough PD,,03:32,,,07/08/2024,Call_Log_July_1_2024_to_July_16_2024.pdf,18
,,"ALARM, BURGLAR",,Building Checked/Secured,No,,43B APEX DR,Marlborough,,,Marlborough PD,,07:24,,,07/08/2024,Call_Log_July_1_2024_to_July_16_2024.pdf,18
,,Parking Violation,,Services Rendered- PD,No,,[MAR 341] 50 MAIN ST,Marlborough,,,Marlborough PD,,07:25,,,07/08/2024,Call_Log_July_1_2024_to_July_16_2024.pdf,18
,,DISABLED MV,,Services Rendered- PD,No,,325 DONALD J. LYNCH BLVD @ 763 NORTH BIGELOW ST,Marlborough,,,Marlborough PD,,08:07,,,07/08/2024,Call_Log_July_1_2024_to_July_16_2024.pdf,18
,,SERVE WARRANT,,Arrest(s) Made,Yes,,355 BOLTON ST,Marlborough,,,Marlborough PD,,08:30,,,07/08/2024,Call_Log_July_1_2024_to_July_16_2024.pdf,18
,,MVA PROPERTY DAMAGE ONLY,,Services Rendered- PD,No,,2 WINDSOR ST,Marlborough,,,Marlborough PD,,09:02,,,07/08/2024,Call_Log_July_1_2024_to_July_16_2024.pdf,18
,,ESCORT/TRANSPORT,,Services Rendered- PD,No,,45 WILLIAMS ST,Marlborough,,,Marlborough PD,,09:47,,,07/08/2024,Call_Log_July_1_2024_to_July_16_2024.pdf,18
,,Eratic Operator,,Services Rendered- PD,No,,168 PLEASANT ST,Marlborough,,,Marlborough PD,,10:03,,,07/08/2024,Call_Log_July_1_2024_to_July_16_2024.pdf,18
,,VANDALISM,,Report,Yes,,111 LOCKE DR,Marlborough,,,Marlborough PD,,10:29,,,07/08/2024,Call_Log_July_1_2024_to_July_16_2024.pdf,18
,,Ambulance Assist,,Services Rendered- PD,No,,22 BROAD ST Apt. #324,Marlborough,,,Marlborough PD,,10:36,,,07/08/2024,Call_Log_July_1_2024_to_July_16_2024.pdf,18
,,DISTURBANCE,,Services Rendered- PD,No,,369 BERLIN RD,Marlborough,,,Marlborough PD,,10:48,,,07/08/2024,Call_Log_July_1_2024_to_July_16_2024.pdf,18
,,Ambulance Assist,,Services Rendered- PD,No,,91 MAIN ST,Marlborough,,,Marlborough PD,,11:10,,,07/08/2024,Call_Log_July_1_2024_to_July_16_2024.pdf,18
,,Ambulance Assist,,Services Rendered- PD,No,,38 BOSTON POST ROAD WEST,Marlborough,,,Marlborough PD,,11:23,,,07/08/2024,Call_Log_July_1_2024_to_July_16_2024.pdf,18
,,MVA PROPERTY DAMAGE ONLY,,Report,Yes,,320 BOLTON ST,Marlborough,,,Marlborough PD,,11:35,,,07/08/2024,Call_Log_July_1_2024_to_July_16_2024.pdf,19
,,Ambulance Assist,,Services Rendered- PD,No,,15 HAYDEN ST Apt. #2,Marlborough,,,Marlborough PD,,11:50,,,07/08/2024,Call_Log_July_1_2024_to_July_16_2024.pdf,19
,,Harassment,,Services Rendered- PD,No,,41 BRIARWOOD LN Apt. #9,Marlborough,,,Marlborough PD,,12:09,,,07/08/2024,Call_Log_July_1_2024_to_July_16_2024.pdf,19
,,SERVE SUMMONS,,Services Rendered- PD,No,,9 FARMHOUSE LN Apt. #17,Marlborough,,,Marlborough PD,,12:20,,,07/08/2024,Call_Log_July_1_2024_to_July_16_2024.pdf,19
,,ASSIST CITIZEN,,Services Rendered- PD,No,,63 RINGOLD ST,Marlborough,,,Marlborough PD,,13:10,,,07/08/2024,Call_Log_July_1_2024_to_July_16_2024.pdf,19
,,Parking Violation,,Services Rendered- PD,No,,55 NORWOOD ST @ 17 ELM ST,Marlborough,,,Marlborough PD,,13:40,,,07/08/2024,Call_Log_July_1_2024_to_July_16_2024.pdf,19
,,Threats,,Report,Yes,,52 SONIA DR,Marlborough,,,Marlborough PD,,13:43,,,07/08/2024,Call_Log_July_1_2024_to_July_16_2024.pdf,19
,,DISTURBANCE,,Report,Yes,,181 BOSTON POST ROAD WEST,Marlborough,,,Marlborough PD,,14:59,,,07/08/2024,Call_Log_July_1_2024_to_July_16_2024.pdf,19
,,MVA PROPERTY DAMAGE ONLY,,Report,Yes,,A- CAR - 364 MAPLE ST,Marlborough,,,Marlborough PD,,15:16,,,07/08/2024,Call_Log_July_1_2024_to_July_16_2024.pdf,19
,,SUSPICIOUS ACTIVITY,,Services Rendered- PD,No,,1 SASSEVILLE WAY,Marlborough,,,Marlborough PD,,16:03,,,07/08/2024,Call_Log_July_1_2024_to_July_16_2024.pdf,19
,,MVA PROPERTY DAMAGE ONLY,,Report,Yes,,5 LINCOLN ST @ 114 EAST MAIN ST,Marlborough,,,Marlborough PD,,16:10,,,07/08/2024,Call_Log_July_1_2024_to_July_16_2024.pdf,19
,,ASSIST CITIZEN,,Services Rendered- PD,No,,34 MCCABE DR,Marlborough,,,Marlborough PD,,16:20,,,07/08/2024,Call_Log_July_1_2024_to_July_16_2024.pdf,19
,,Private Tow,,No Action Required,No,,601 DONALD J. LYNCH BLVD,Marlborough,,,Marlborough PD,,16:56,,,07/08/2024,Call_Log_July_1_2024_to_July_16_2024.pdf,19
,,SUSPICIOUS ACTIVITY,,Report,Yes,,505 BOSTON POST ROAD WEST Apt. #M / N,Marlborough,,,Marlborough PD,,17:15,,,07/08/2024,Call_Log_July_1_2024_to_July_16_2024.pdf,19
,,FOUND/LOST PROPERTY,,Services Rendered- PD,No,,605 BOSTON POST ROAD EAST,Marlborough,,,Marlborough PD,,17:20,,,07/08/2024,Call_Log_July_1_2024_to_July_16_2024.pdf,19
,,DISTURBANCE,,Report,Yes,,25 EWALD AVE,Marlborough,,,Marlborough PD,,17:25,,,07/08/2024,Call_Log_July_1_2024_to_July_16_2024.pdf,19
,,Parking Violation,,Services Rendered- PD,No,,20 NORWOOD ST,Marlborough,,,Marlborough PD,,17:35,,,07/08/2024,Call_Log_July_1_2024_to_July_16_2024.pdf,19
,,SUSPICIOUS ACTIVITY,,Report,Yes,,276 MAIN ST Apt. #3,Marlborough,,,Marlborough PD,,18:25,,,07/08/2024,Call_Log_July_1_2024_to_July_16_2024.pdf,19
,,FOUND/LOST PROPERTY,,Report,Yes,,43 COOK LN,Marlborough,,,Marlborough PD,,18:38,,,07/08/2024,Call_Log_July_1_2024_to_July_16_2024.pdf,19
,,Ambulance Assist,,Services Rendered- PD,No,,53 SIMPSON RD,Marlborough,,,Marlborough PD,,18:43,,,07/08/2024,Call_Log_July_1_2024_to_July_16_2024.pdf,19
,,SOLICITING,,Services Rendered- PD,No,,79 SECOND RD,Marlborough,,,Marlborough PD,,19:10,,,07/08/2024,Call_Log_July_1_2024_to_July_16_2024.pdf,20
,,Private Tow,,Private tow,No,,121 BOLTON ST,Marlborough,,,Marlborough PD,,19:50,,,07/08/2024,Call_Log_July_1_2024_to_July_16_2024.pdf,20
,,Well being check,,Services Rendered- PD,No,,15 DICKENSON WAY Apt. #81M,Marlborough,,,Marlborough PD,,20:13,,,07/08/2024,Call_Log_July_1_2024_to_July_16_2024.pdf,20
,,MOTOR VEHICLE STOP,,Arrest(s) Made,Yes,24-260-AR,250 WEST MAIN ST,Marlborough,,,Marlborough PD,,20:22,,,07/08/2024,Call_Log_July_1_2024_to_July_16_2024.pdf,20
,,"ALARM, BURGLAR",,Building Checked/Secured,No,,80 FOLEY RD,Marlborough,,,Marlborough PD,,20:31,,,07/08/2024,Call_Log_July_1_2024_to_July_16_2024.pdf,20
,,Well being check,,Services Rendered- PD,No,,FAMILY RESIDENTIAL - 186 BROAD ST Apt. #5,Marlborough,,,Marlborough PD,,21:06,,,07/08/2024,Call_Log_July_1_2024_to_July_16_2024.pdf,20
,,SUSPICIOUS ACTIVITY,,Unfounded,No,,98 ARNOLD STREET EXT,Marlborough,,,Marlborough PD,,21:25,,,07/08/2024,Call_Log_July_1_2024_to_July_16_2024.pdf,20
,,"ALARM, BURGLAR",,Building Checked/Secured,No,,417 SOUTH ST Apt. #5,Marlborough,,,Marlborough PD,,21:28,,,07/08/2024,Call_Log_July_1_2024_to_July_16_2024.pdf,20
,,SUSPICIOUS ACTIVITY,,Services Rendered- PD,No,,400 SOUTH ST,Marlborough,,,Marlborough PD,,21:43,,,07/08/2024,Call_Log_July_1_2024_to_July_16_2024.pdf,20
,,MOTOR VEHICLE STOP,,Services Rendered- PD,No,,751 BOLTON ST,Marlborough,,,Marlborough PD,,22:44,,,07/08/2024,Call_Log_July_1_2024_to_July_16_2024.pdf,20
,,MOTOR VEHICLE STOP,,Services Rendered- PD,No,,193 BOSTON POST ROAD WEST Apt. #A,Marlborough,,,Marlborough PD,,23:02,,,07/08/2024,Call_Log_July_1_2024_to_July_16_2024.pdf,20
,,Well being check,,Services Rendered- PD,No,,135 BROADMEADOW RD Apt. #3,Marlborough,,,Marlborough PD,,00:23,,,07/09/2024,Call_Log_July_1_2024_to_July_16_2024.pdf,20
,,911 Hangup/Call,,Building Checked/Secured,No,,300 CEDAR HILL ST,Marlborough,,,Marlborough PD,,00:26,,,07/09/2024,Call_Log_July_1_2024_to_July_16_2024.pdf,20
,,BUILDING CHECK,,Building Checked/Secured,No,,300 NICKERSON RD,Marlborough,,,Marlborough PD,,00:48,,,07/09/2024,Call_Log_July_1_2024_to_July_16_2024.pdf,20
,,Ambulance Assist,,Services Rendered- PD,No,,240 MAIN ST Apt. #101,Marlborough,,,Marlborough PD,,01:31,,,07/09/2024,Call_Log_July_1_2024_to_July_16_2024.pdf,20
,,ASSIST OTHER AGENCY,,Services Rendered- PD,No,,135 BROADMEADOW RD Apt. #3,Marlborough,,,Marlborough PD,,02:36,,,07/09/2024,Call_Log_July_1_2024_to_July_16_2024.pdf,20
,,Ambulance Assist,,Services Rendered- PD,No,,265 LAKESIDE AVE,Marlborough,,,Marlborough PD,,02:48,,,07/09/2024,Call_Log_July_1_2024_to_July_16_2024.pdf,21
,,"ALARM, BURGLAR",,Building Checked/Secured,No,,199 FOREST ST,Marlborough,,,Marlborough PD,,05:12,,,07/09/2024,Call_Log_July_1_2024_to_July_16_2024.pdf,21
,,SERVE WARRANT,,Arrest(s) Made,Yes,24-261-AR,21 BRIARWOOD LN,Marlborough,,,Marlborough PD,,06:27,,,07/09/2024,Call_Log_July_1_2024_to_July_16_2024.pdf,21
,,Parking Violation,,Services Rendered- PD,No,,50 MAIN ST,Marlborough,,,Marlborough PD,,06:36,,,07/09/2024,Call_Log_July_1_2024_to_July_16_2024.pdf,21
,,Ambulance Assist,,Services Rendered- PD,No,,279 HUDSON ST,Marlborough,,,Marlborough PD,,06:42,,,07/09/2024,Call_Log_July_1_2024_to_July_16_2024.pdf,21
,,ASSIST OTHER AGENCY,,Services Rendered- PD,No,,157 HIGHLAND ST,Marlborough,,,Marlborough PD,,08:05,,,07/09/2024,Call_Log_July_1_2024_to_July_16_2024.pdf,21
,,Ambulance Assist,,Services Rendered- PD,No,,23 SHELLY LN,Marlborough,,,Marlborough PD,,08:18,,,07/09/2024,Call_Log_July_1_2024_to_July_16_2024.pdf,21
,,911 Hangup/Call,,Report,Yes,,257 MECHANIC ST,Marlborough,,,Marlborough PD,,08:53,,,07/09/2024,Call_Log_July_1_2024_to_July_16_2024.pdf,21
,,ESCORT/TRANSPORT,,Services Rendered- PD,No,,45 WILLIAMS ST,Marlborough,,,Marlborough PD,,09:01,,,07/09/2024,Call_Log_July_1_2024_to_July_16_2024.pdf,21
,,Well being check,,Unfounded,No,,1 COURT ST @ 19 WEED ST,Marlborough,,,Marlborough PD,,09:03,,,07/09/2024,Call_Log_July_1_2024_to_July_16_2024.pdf,21
,,Well being check,,Services Rendered- PD,No,,11 CONVENIENCE STORE - 92 BROAD ST,Marlborough,,,Marlborough PD,,09:33,,,07/09/2024,Call_Log_July_1_2024_to_July_16_2024.pdf,21
,,FOUND/LOST PROPERTY,,Report,Yes,,PARMENTER ST,Marlborough,,,Marlborough PD,,10:11,,,07/09/2024,Call_Log_July_1_2024_to_July_16_2024.pdf,21
,,Harassment,,Report,Yes,,40 MECHANIC ST,Marlborough,,,Marlborough PD,,10:24,,,07/09/2024,Call_Log_July_1_2024_to_July_16_2024.pdf,21
,,Ambulance Assist,,Services Rendered- PD,No,,46 BRIARWOOD LN Apt. #8,Marlborough,,,Marlborough PD,,10:45,,,07/09/2024,Call_Log_July_1_2024_to_July_16_2024.pdf,21
,,Ambulance Assist,,Services Rendered- PD,No,,509 LINCOLN ST Apt. #10,Marlborough,,,Marlborough PD,,11:15,,,07/09/2024,Call_Log_July_1_2024_to_July_16_2024.pdf,21
,,SUSPICIOUS ACTIVITY,,Services Rendered- PD,No,,43 SONIA DR,Marlborough,,,Marlborough PD,,11:59,,,07/09/2024,Call_Log_July_1_2024_to_July_16_2024.pdf,21
,,Fraud / Forgery,,Report,Yes,,29 PLEASANT ST Apt. #C1,Marlborough,,,Marlborough PD,,12:14,,,07/09/2024,Call_Log_July_1_2024_to_July_16_2024.pdf,21
,,FOUND/LOST PROPERTY,,Services Rendered- PD,No,,601 DONALD J. LYNCH BLVD,Marlborough,,,Marlborough PD,,12:35,,,07/09/2024,Call_Log_July_1_2024_to_July_16_2024.pdf,21
,,SOLICITING,,Unfounded,No,,FOLEY RD,Marlborough,,,Marlborough PD,,12:59,,,07/09/2024,Call_Log_July_1_2024_to_July_16_2024.pdf,22
,,Suspicious M/V,,Report,Yes,,[MAR 8402] 96 GRANGER BLVD @ 1 COURT ST,Marlborough,,,Marlborough PD,,13:09,,,07/09/2024,Call_Log_July_1_2024_to_July_16_2024.pdf,22
,,Private Tow,,Private tow,No,,40 MECHANIC ST,Marlborough,,,Marlborough PD,,13:33,,,07/09/2024,Call_Log_July_1_2024_to_July_16_2024.pdf,22
,,MOTOR VEHICLE STOP,,Private tow,No,,169 PLEASANT ST,Marlborough,,,Marlborough PD,,13:45,,,07/09/2024,Call_Log_July_1_2024_to_July_16_2024.pdf,22
,,Ambulance Assist,,Services Rendered- PD,No,,701 CONCORD RD,Marlborough,,,Marlborough PD,,13:52,,,07/09/2024,Call_Log_July_1_2024_to_July_16_2024.pdf,22
,,SERVE WARRANT,,Arrest(s) Made,Yes,24-262-AR,355 BOLTON ST,Marlborough,,,Marlborough PD,,14:37,,,07/09/2024,Call_Log_July_1_2024_to_July_16_2024.pdf,22
,,Ambulance Assist,,Services Rendered- PD,No,,123 BOSTON POST ROAD WEST,Marlborough,,,Marlborough PD,,14:50,,,07/09/2024,Call_Log_July_1_2024_to_July_16_2024.pdf,22
,,SOLICITING,,Services Rendered- PD,No,,70 PEMBROKE ST,Marlborough,,,Marlborough PD,,15:04,,,07/09/2024,Call_Log_July_1_2024_to_July_16_2024.pdf,22
,,Ambulance Assist,,Services Rendered- PD,No,,123 BOSTON POST ROAD WEST,Marlborough,,,Marlborough PD,,15:11,,,07/09/2024,Call_Log_July_1_2024_to_July_16_2024.pdf,22
,,SUSPICIOUS ACTIVITY,,Services Rendered- PD,No,,197 UNION ST,Marlborough,,,Marlborough PD,,15:24,,,07/09/2024,Call_Log_July_1_2024_to_July_16_2024.pdf,22
,,SOLICITING,,Services Rendered- PD,No,,38 CULLINANE DR,Marlborough,,,Marlborough PD,,15:26,,,07/09/2024,Call_Log_July_1_2024_to_July_16_2024.pdf,22
,,911 Hangup/Call,,Building Checked/Secured,No,,16 KINGS GRANT RD,Marlborough,,,Marlborough PD,,16:33,,,07/09/2024,Call_Log_July_1_2024_to_July_16_2024.pdf,22
,,MOTOR VEHICLE STOP,,CRIMINAL COMPLAINT,Yes,,69 HILDRETH ST,Marlborough,,,Marlborough PD,,16:47,,,07/09/2024,Call_Log_July_1_2024_to_July_16_2024.pdf,22
,,DPW Called Out,,Services Rendered- PD,No,,860 BOSTON POST ROAD EAST,Marlborough,,,Marlborough PD,,17:11,,,07/09/2024,Call_Log_July_1_2024_to_July_16_2024.pdf,22
,,AUTO THEFT,,Services Rendered- PD,No,,37 EAST MAIN ST,Marlborough,,,Marlborough PD,,17:22,,,07/09/2024,Call_Log_July_1_2024_to_July_16_2024.pdf,22
,,Eratic Operator,,Services Rendered- PD,No,,121 BOLTON ST @ 111 STATE ST,Marlborough,,,Marlborough PD,,17:25,,,07/09/2024,Call_Log_July_1_2024_to_July_16_2024.pdf,22
,,LARCENY,,Report,Yes,,423 DONALD J. LYNCH BLVD,Marlborough,,,Marlborough PD,,17:37,,,07/09/2024,Call_Log_July_1_2024_to_July_16_2024.pdf,22
,,Suspicious M/V,,Services Rendered- PD,No,,JEFFERSON ST,Marlborough,,,Marlborough PD,,17:55,,,07/09/2024,Call_Log_July_1_2024_to_July_16_2024.pdf,22
,,Well being check,,Services Rendered- PD,No,,140 LOCKE DR Apt. #C,Marlborough,,,Marlborough PD,,18:05,,,07/09/2024,Call_Log_July_1_2024_to_July_16_2024.pdf,23
,,SUSPICIOUS ACTIVITY,,Services Rendered- PD,No,,81 HOUDE ST,Marlborough,,,Marlborough PD,,18:07,,,07/09/2024,Call_Log_July_1_2024_to_July_16_2024.pdf,23
,,"ALARM, BURGLAR",,Building Checked/Secured,No,,54 PATTEN DR,Marlborough,,,Marlborough PD,,18:12,,,07/09/2024,Call_Log_July_1_2024_to_July_16_2024.pdf,23
,,ASSIST CITIZEN,,Unfounded,No,,168 SOUTH ST,Marlborough,,,Marlborough PD,,18:37,,,07/09/2024,Call_Log_July_1_2024_to_July_16_2024.pdf,23
,,SUSPICIOUS ACTIVITY,,Unfounded,No,,19 CRESCENT ST,Marlborough,,,Marlborough PD,,19:08,,,07/09/2024,Call_Log_July_1_2024_to_July_16_2024.pdf,23
,,SUDDEN DEATH,,Report,Yes,,421 BOLTON ST Apt. #131B,Marlborough,,,Marlborough PD,,19:41,,,07/09/2024,Call_Log_July_1_2024_to_July_16_2024.pdf,23
,,Ambulance Assist,,Services Rendered- PD,No,,111 OLD CHARTER RD,Marlborough,,,Marlborough PD,,21:07,,,07/09/2024,Call_Log_July_1_2024_to_July_16_2024.pdf,23
,,Suspicious M/V,,Services Rendered- PD,No,,20 FLORENCE ST @ 2 WEED ST,Marlborough,,,Marlborough PD,,21:55,,,07/09/2024,Call_Log_July_1_2024_to_July_16_2024.pdf,23
,,MISSING PERSON,,Report,Yes,,179 WEST MAIN ST Apt. #2,Marlborough,,,Marlborough PD,,21:57,,,07/09/2024,Call_Log_July_1_2024_to_July_16_2024.pdf,23
,,AUTO THEFT,,Services Rendered- PD,No,,596 BOSTON POST ROAD EAST Apt. #14,Marlborough,,,Marlborough PD,,22:36,,,07/09/2024,Call_Log_July_1_2024_to_July_16_2024.pdf,23
,,Ambulance Assist,,Services Rendered- PD,No,,23 DEERFIELD RUN,Marlborough,,,Marlborough PD,,22:47,,,07/09/2024,Call_Log_July_1_2024_to_July_16_2024.pdf,23
,,SUDDEN DEATH,,Report,Yes,,356 ROBIN HILL ST @ 2 POND VIEW DR,Marlborough,,,Marlborough PD,,22:59,,,07/09/2024,Call_Log_July_1_2024_to_July_16_2024.pdf,23
,,BUILDING CHECK,,Building Checked/Secured,No,,706 HOSMER ST,Marlborough,,,Marlborough PD,,00:52,,,07/10/2024,Call_Log_July_1_2024_to_July_16_2024.pdf,23
,,BUILDING CHECK,,Building Checked/Secured,No,,853 DONALD J. LYNCH BLVD,Marlborough,,,Marlborough PD,,01:34,,,07/10/2024,Call_Log_July_1_2024_to_July_16_2024.pdf,23
,,BUILDING CHECK,,Building Checked/Secured,No,,601 DONALD J. LYNCH BLVD,Marlborough,,,Marlborough PD,,01:35,,,07/10/2024,Call_Log_July_1_2024_to_July_16_2024.pdf,23
,,Suspicious M/V,,Services Rendered- PD,No,,21 GRANT ST,Marlborough,,,Marlborough PD,,01:45,,,07/10/2024,Call_Log_July_1_2024_to_July_16_2024.pdf,23
,,BUILDING CHECK,,Building Checked/Secured,No,,300 NICKERSON RD,Marlborough,,,Marlborough PD,,02:10,,,07/10/2024,Call_Log_July_1_2024_to_July_16_2024.pdf,23
,,Trespassing,,CRIMINAL COMPLAINT,Yes,,406 LINCOLN ST,Marlborough,,,Marlborough PD,,05:11,,,07/10/2024,Call_Log_July_1_2024_to_July_16_2024.pdf,23
,,Ambulance Assist,,Services Rendered- PD,No,,3 WITHERBEE TER Apt. #3,Marlborough,,,Marlborough PD,,05:24,,,07/10/2024,Call_Log_July_1_2024_to_July_16_2024.pdf,23
,,"ALARM, BURGLAR",,Building Checked/Secured,No,,260 CEDAR HILL ST,Marlborough,,,Marlborough PD,,06:32,,,07/10/2024,Call_Log_July_1_2024_to_July_16_2024.pdf,24
,,MVA PROPERTY DAMAGE ONLY,,Report,Yes,,33 BRIARWOOD LN,Marlborough,,,Marlborough PD,,06:36,,,07/10/2024,Call_Log_July_1_2024_to_July_16_2024.pdf,24
,,Private Tow,,Services Rendered- PD,No,,245 FOREST ST,Marlborough,,,Marlborough PD,,06:42,,,07/10/2024,Call_Log_July_1_2024_to_July_16_2024.pdf,24
,,Private Tow,,Services Rendered- PD,No,,596 BOSTON POST ROAD EAST,Marlborough,,,Marlborough PD,,06:47,,,07/10/2024,Call_Log_July_1_2024_to_July_16_2024.pdf,24
,,Private Tow,,Services Rendered- PD,No,,19 ROYAL CREST DR,Marlborough,,,Marlborough PD,,06:58,,,07/10/2024,Call_Log_July_1_2024_to_July_16_2024.pdf,24
,,"ALARM, BURGLAR",,Building Checked/Secured,No,,111 NEIL ST,Marlborough,,,Marlborough PD,,07:42,,,07/10/2024,Call_Log_July_1_2024_to_July_16_2024.pdf,24
,,Sex Offender Registration,,Report,Yes,,355 BOLTON ST,Marlborough,,,Marlborough PD,,08:06,,,07/10/2024,Call_Log_July_1_2024_to_July_16_2024.pdf,24
,,ESCORT/TRANSPORT,,Services Rendered- PD,No,,45 WILLIAMS ST,Marlborough,,,Marlborough PD,,08:47,,,07/10/2024,Call_Log_July_1_2024_to_July_16_2024.pdf,24
,,SUSPICIOUS ACTIVITY,,Report,Yes,,38 FAIRMOUNT ST Apt. #2,Marlborough,,,Marlborough PD,,09:37,,,07/10/2024,Call_Log_July_1_2024_to_July_16_2024.pdf,24
,,MVA PROPERTY DAMAGE ONLY,,Report,Yes,,484 BOSTON POST ROAD EAST,Marlborough,,,Marlborough PD,,09:47,,,07/10/2024,Call_Log_July_1_2024_to_July_16_2024.pdf,24
,,Directed Patrol,,Report,Yes,,355 BOLTON ST,Marlborough,,,Marlborough PD,,10:02,,,07/10/2024,Call_Log_July_1_2024_to_July_16_2024.pdf,24
,,SUSPICIOUS ACTIVITY,,Services Rendered- PD,No,,GREEN DISTRICT BLVD,Marlborough,,,Marlborough PD,,10:03,,,07/10/2024,Call_Log_July_1_2024_to_July_16_2024.pdf,24
,,Well being check,,Services Rendered- PD,No,,19 BRONTE WAY Apt. #31D,Marlborough,,,Marlborough PD,,10:17,,,07/10/2024,Call_Log_July_1_2024_to_July_16_2024.pdf,24
,,Well being check,,Services Rendered- PD,No,,47 BRIARWOOD LN Apt. #2,Marlborough,,,Marlborough PD,,10:46,,,07/10/2024,Call_Log_July_1_2024_to_July_16_2024.pdf,24
,,ASSIST OTHER AGENCY,,Services Rendered- PD,No,,45 WILLIAMS ST,Marlborough,,,Marlborough PD,,11:27,,,07/10/2024,Call_Log_July_1_2024_to_July_16_2024.pdf,24
,,Ambulance Assist,,Services Rendered- PD,No,,181 BOSTON POST ROAD WEST,Marlborough,,,Marlborough PD,,11:39,,,07/10/2024,Call_Log_July_1_2024_to_July_16_2024.pdf,24
,,SERVE WARRANT,,Arrest(s) Made,Yes,24-264-AR,51 CHRISTIE WAY,Marlborough,,,Marlborough PD,,11:44,,,07/10/2024,Call_Log_July_1_2024_to_July_16_2024.pdf,24
,,Parking Violation,,Services Rendered- PD,No,,30 MAIN ST,Marlborough,,,Marlborough PD,,11:57,,,07/10/2024,Call_Log_July_1_2024_to_July_16_2024.pdf,24
,,SUSPICIOUS ACTIVITY,,Unfounded,No,,90 BROAD ST,Marlborough,,,Marlborough PD,,12:35,,,07/10/2024,Call_Log_July_1_2024_to_July_16_2024.pdf,25
,,ESCORT/TRANSPORT,,Services Rendered- PD,No,,397 BOLTON ST,Marlborough,,,Marlborough PD,,12:46,,,07/10/2024,Call_Log_July_1_2024_to_July_16_2024.pdf,25
,,Well being check,,Report,Yes,,23 SHELLY LN,Marlborough,,,Marlborough PD,,13:40,,,07/10/2024,Call_Log_July_1_2024_to_July_16_2024.pdf,25
,,POLICE INVESTIGATION,,Services Rendered- PD,No,,179 WEST MAIN ST,Marlborough,,,Marlborough PD,,13:56,,,07/10/2024,Call_Log_July_1_2024_to_July_16_2024.pdf,25
,,SOLICITING,,Services Rendered- PD,No,,ICE HOUSE LANDING,Marlborough,,,Marlborough PD,,14:03,,,07/10/2024,Call_Log_July_1_2024_to_July_16_2024.pdf,25
,,Well being check,,Services Rendered- PD,No,,85 BROAD ST,Marlborough,,,Marlborough PD,,14:20,,,07/10/2024,Call_Log_July_1_2024_to_July_16_2024.pdf,25
,,TRAFFIC CONTROL,,Services Rendered- PD,No,,CHANDLER ST,Marlborough,,,Marlborough PD,,14:44,,,07/10/2024,Call_Log_July_1_2024_to_July_16_2024.pdf,25
,,"ALARM, BURGLAR",,Report,Yes,,22 MADDOX RD,Marlborough,,,Marlborough PD,,15:07,,,07/10/2024,Call_Log_July_1_2024_to_July_16_2024.pdf,25
,,Well being check,,Services Rendered- PD,No,,534 LINCOLN ST,Marlborough,,,Marlborough PD,,15:42,,,07/10/2024,Call_Log_July_1_2024_to_July_16_2024.pdf,25
,,Parking Violation,,Unfounded,No,,189 DICENZO BLVD @ 9 VIOLETWOOD CIR,Marlborough,,,Marlborough PD,,15:46,,,07/10/2024,Call_Log_July_1_2024_to_July_16_2024.pdf,25
,,MVA PROPERTY DAMAGE ONLY,,Report,Yes,,740 BOSTON POST ROAD EAST,Marlborough,,,Marlborough PD,,16:51,,,07/10/2024,Call_Log_July_1_2024_to_July_16_2024.pdf,25
,,MVA PROPERTY DAMAGE ONLY,,Report,Yes,,245 EAST MAIN ST @ 11 CURTIS AVE,Marlborough,,,Marlborough PD,,17:04,,,07/10/2024,Call_Log_July_1_2024_to_July_16_2024.pdf,25
,,MISSING PERSON,,Report,Yes,,473 LINCOLN ST,Marlborough,,,Marlborough PD,,17:17,,,07/10/2024,Call_Log_July_1_2024_to_July_16_2024.pdf,25
,,DPW Called Out,,Services Rendered- PD,No,,MILLHAM ST,Marlborough,,,Marlborough PD,,17:25,,,07/10/2024,Call_Log_July_1_2024_to_July_16_2024.pdf,25
,,DISABLED MV,,Unfounded,No,,235 WEST MAIN ST @ 16 BEACH ST,Marlborough,,,Marlborough PD,,17:26,,,07/10/2024,Call_Log_July_1_2024_to_July_16_2024.pdf,25
,,Fraud / Forgery,,Report,Yes,,164 LAKESHORE DR,Marlborough,,,Marlborough PD,,18:08,,,07/10/2024,Call_Log_July_1_2024_to_July_16_2024.pdf,25
,,DISABLED MV,,Services Rendered- PD,No,,910 BOSTON POST ROAD EAST,Marlborough,,,Marlborough PD,,18:32,,,07/10/2024,Call_Log_July_1_2024_to_July_16_2024.pdf,25
,,Harassment,,Unfounded,No,,397 BOLTON ST Apt. #C7,Marlborough,,,Marlborough PD,,18:53,,,07/10/2024,Call_Log_July_1_2024_to_July_16_2024.pdf,25
,,SOLICITING,,Services Rendered- PD,No,,MAPLEWOOD AVE,Marlborough,,,Marlborough PD,,19:21,,,07/10/2024,Call_Log_July_1_2024_to_July_16_2024.pdf,25
,,Well being check,,Services Rendered- PD,No,,378 LINCOLN ST,Marlborough,,,Marlborough PD,,20:11,,,07/10/2024,Call_Log_July_1_2024_to_July_16_2024.pdf,25
,,911 Hangup/Call,,Building Checked/Secured,No,,75 PROSPECT ST @ 240 LINCOLN ST,Marlborough,,,Marlborough PD,,21:15,,,07/10/2024,Call_Log_July_1_2024_to_July_16_2024.pdf,26
,,Suspicious M/V,,Services Rendered- PD,No,,697 BOLTON ST,Marlborough,,,Marlborough PD,,21:43,,,07/10/2024,Call_Log_July_1_2024_to_July_16_2024.pdf,26
,,MISSING PERSON,,Report,Yes,,42 CAMERON DR,Marlborough,,,Marlborough PD,,21:46,,,07/10/2024,Call_Log_July_1_2024_to_July_16_2024.pdf,26
,,SUSPICIOUS ACTIVITY,,Unfounded,No,,HARVARD ST,Marlborough,,,Marlborough PD,,22:30,,,07/10/2024,Call_Log_July_1_2024_to_July_16_2024.pdf,26
,,Trespassing,,Services Rendered- PD,No,,99 PLEASANT ST,Marlborough,,,Marlborough PD,,22:43,,,07/10/2024,Call_Log_July_1_2024_to_July_16_2024.pdf,26
,,Ambulance Assist,,Services Rendered- PD,No,,720 BOSTON POST ROAD EAST Apt.,Marlborough,,,Marlborough PD,,00:20,,,07/11/2024,Call_Log_July_1_2024_to_July_16_2024.pdf,26
,,Animal Complaint,,Services Rendered- PD,No,,216 MAPLE ST,Marlborough,,,Marlborough PD,,00:35,,,07/11/2024,Call_Log_July_1_2024_to_July_16_2024.pdf,26
,,BUILDING CHECK,,Building Checked/Secured,No,,601 DONALD J. LYNCH BLVD,Marlborough,,,Marlborough PD,,00:42,,,07/11/2024,Call_Log_July_1_2024_to_July_16_2024.pdf,26
,,BUILDING CHECK,,Building Checked/Secured,No,,865 DONALD J. LYNCH BLVD,Marlborough,,,Marlborough PD,,00:44,,,07/11/2024,Call_Log_July_1_2024_to_July_16_2024.pdf,26
,,Private Tow,,Private tow,No,,19 NORTHBORO ROAD EAST,Marlborough,,,Marlborough PD,,01:43,,,07/11/2024,Call_Log_July_1_2024_to_July_16_2024.pdf,26
,,BUILDING CHECK,,Building Checked/Secured,No,,601 DONALD J. LYNCH BLVD,Marlborough,,,Marlborough PD,,01:53,,,07/11/2024,Call_Log_July_1_2024_to_July_16_2024.pdf,26
,,BUILDING CHECK,,Building Checked/Secured,No,,706 HOSMER ST,Marlborough,,,Marlborough PD,,01:56,,,07/11/2024,Call_Log_July_1_2024_to_July_16_2024.pdf,26
,,DISTURBANCE,,Services Rendered- PD,No,,75 FELTON ST,Marlborough,,,Marlborough PD,,02:00,,,07/11/2024,Call_Log_July_1_2024_to_July_16_2024.pdf,26
,,MOTOR VEHICLE STOP,,Arrest(s) Made,Yes,,121 BOLTON ST,Marlborough,,,Marlborough PD,,02:41,,,07/11/2024,Call_Log_July_1_2024_to_July_16_2024.pdf,26
,,911 Hangup/Call,,Unfounded,No,,323 MAPLE ST,Marlborough,,,Marlborough PD,,03:00,,,07/11/2024,Call_Log_July_1_2024_to_July_16_2024.pdf,26
,,Ambulance Assist,,Services Rendered- PD,No,,288 STEARNS RD,Marlborough,,,Marlborough PD,,04:10,,,07/11/2024,Call_Log_July_1_2024_to_July_16_2024.pdf,26
,,"ALARM, BURGLAR",,Services Rendered- PD,No,,33 LOCKE DR Apt. #201,Marlborough,,,Marlborough PD,,05:41,,,07/11/2024,Call_Log_July_1_2024_to_July_16_2024.pdf,26
,,Well being check,,Report,Yes,,133 ESSEX ST,Marlborough,,,Marlborough PD,,07:02,,,07/11/2024,Call_Log_July_1_2024_to_July_16_2024.pdf,26
,,"ALARM, BURGLAR",,Services Rendered- PD,No,,329 MAPLE ST,Marlborough,,,Marlborough PD,,07:12,,,07/11/2024,Call_Log_July_1_2024_to_July_16_2024.pdf,27
,,Ambulance Assist,,Services Rendered- PD,No,,112 SHAWMUT AVE,Marlborough,,,Marlborough PD,,08:11,,,07/11/2024,Call_Log_July_1_2024_to_July_16_2024.pdf,27
,,"ALARM, BURGLAR",,Building Checked/Secured,No,,225 BOSTON POST ROAD WEST,Marlborough,,,Marlborough PD,,08:28,,,07/11/2024,Call_Log_July_1_2024_to_July_16_2024.pdf,27
,,DISABLED MV,,Unfounded,No,,451 BOLTON ST,Marlborough,,,Marlborough PD,,08:48,,,07/11/2024,Call_Log_July_1_2024_to_July_16_2024.pdf,27
,,Ambulance Assist,,Services Rendered- PD,No,,121 NORTHBORO ROAD EAST Apt. #214A,Marlborough,,,Marlborough PD,,09:01,,,07/11/2024,Call_Log_July_1_2024_to_July_16_2024.pdf,27
,,MVA PROPERTY DAMAGE ONLY,,Report,Yes,,1 D'ANGELO DR,Marlborough,,,Marlborough PD,,09:15,,,07/11/2024,Call_Log_July_1_2024_to_July_16_2024.pdf,27
,,ASSIST OTHER AGENCY,,Services Rendered- PD,No,,157 UNION ST,Marlborough,,,Marlborough PD,,09:18,,,07/11/2024,Call_Log_July_1_2024_to_July_16_2024.pdf,27
,,MVA PROPERTY DAMAGE ONLY,,Report,Yes,,605 BOSTON POST ROAD EAST,Marlborough,,,Marlborough PD,,09:32,,,07/11/2024,Call_Log_July_1_2024_to_July_16_2024.pdf,27
,,Harassment,,Report,Yes,,24 REDBUD WAY Apt. #3,Marlborough,,,Marlborough PD,,10:24,,,07/11/2024,Call_Log_July_1_2024_to_July_16_2024.pdf,27
,,Ambulance Assist,,Services Rendered- PD,No,,121 NORTHBORO ROAD EAST Apt. #119A,Marlborough,,,Marlborough PD,,10:47,,,07/11/2024,Call_Log_July_1_2024_to_July_16_2024.pdf,27
,,ASSIST OTHER AGENCY,,Services Rendered- PD,No,,135 NEIL ST,Marlborough,,,Marlborough PD,,10:50,,,07/11/2024,Call_Log_July_1_2024_to_July_16_2024.pdf,27
,,Harassment,,Report,Yes,,65 KINGS GRANT RD,Marlborough,,,Marlborough PD,,10:55,,,07/11/2024,Call_Log_July_1_2024_to_July_16_2024.pdf,27
,,ASSIST OTHER AGENCY,,Services Rendered- PD,No,,78 FAIRMOUNT ST,Marlborough,,,Marlborough PD,,11:49,,,07/11/2024,Call_Log_July_1_2024_to_July_16_2024.pdf,27
,,MVA PROPERTY DAMAGE ONLY,,Report,Yes,,7 RUSSELL ST @ 270 MECHANIC ST,Marlborough,,,Marlborough PD,,12:15,,,07/11/2024,Call_Log_July_1_2024_to_July_16_2024.pdf,27
,,Harassment,,Report,Yes,,13 GREENDALE AVE,Marlborough,,,Marlborough PD,,12:38,,,07/11/2024,Call_Log_July_1_2024_to_July_16_2024.pdf,27
,,Well being check,,Unfounded,No,,181 BOSTON POST ROAD WEST,Marlborough,,,Marlborough PD,,12:59,,,07/11/2024,Call_Log_July_1_2024_to_July_16_2024.pdf,27
,,ASSIST CITIZEN,,Report,Yes,,GREENWOOD ST,Marlborough,,,Marlborough PD,,13:06,,,07/11/2024,Call_Log_July_1_2024_to_July_16_2024.pdf,27
,,ASSIST CITIZEN,,Services Rendered- PD,No,,1015 APPLEBRIAR LN,Marlborough,,,Marlborough PD,,13:33,,,07/11/2024,Call_Log_July_1_2024_to_July_16_2024.pdf,27
,,Parking Violation,,Unfounded,No,,32 BELMONT ST,Marlborough,,,Marlborough PD,,13:34,,,07/11/2024,Call_Log_July_1_2024_to_July_16_2024.pdf,27
,,ASSIST OTHER AGENCY,,Services Rendered- PD,No,,2502 MAYFLOWER CIR,Marlborough,,,Marlborough PD,,14:16,,,07/11/2024,Call_Log_July_1_2024_to_July_16_2024.pdf,27
,,MVA PROPERTY DAMAGE ONLY,,Report,Yes,,4 ALLIS RD,Marlborough,,,Marlborough PD,,14:34,,,07/11/2024,Call_Log_July_1_2024_to_July_16_2024.pdf,28
,,Eratic Operator,,Unfounded,No,,WEST MAIN ST,Marlborough,,,Marlborough PD,,14:41,,,07/11/2024,Call_Log_July_1_2024_to_July_16_2024.pdf,28
,,ASSIST CITIZEN,,Services Rendered- PD,No,,1015 APPLEBRIAR LN,Marlborough,,,Marlborough PD,,14:47,,,07/11/2024,Call_Log_July_1_2024_to_July_16_2024.pdf,28
,,Parking Violation,,Report,Yes,,30 MAIN ST,Marlborough,,,Marlborough PD,,14:56,,,07/11/2024,Call_Log_July_1_2024_to_July_16_2024.pdf,28
,,MVA PROPERTY DAMAGE ONLY,,Services Rendered- PD,No,,176 BOSTON POST ROAD WEST,Marlborough,,,Marlborough PD,,15:08,,,07/11/2024,Call_Log_July_1_2024_to_July_16_2024.pdf,28
,,ASSIST CITIZEN,,Report,Yes,,116 STEVENS ST,Marlborough,,,Marlborough PD,,15:17,,,07/11/2024,Call_Log_July_1_2024_to_July_16_2024.pdf,28
,,Directed Patrol,,Services Rendered- PD,No,,355 BOLTON ST,Marlborough,,,Marlborough PD,,15:30,,,07/11/2024,Call_Log_July_1_2024_to_July_16_2024.pdf,28
,,Well being check,,Services Rendered- PD,No,,50 BRIARWOOD LN,Marlborough,,,Marlborough PD,,15:34,,,07/11/2024,Call_Log_July_1_2024_to_July_16_2024.pdf,28
,,ASSIST CITIZEN,,Services Rendered- PD,No,,100 GRANGER BLVD Apt. #104,Marlborough,,,Marlborough PD,,16:12,,,07/11/2024,Call_Log_July_1_2024_to_July_16_2024.pdf,28
,,911 Hangup/Call,,Building Checked/Secured,No,,19 FOREST ST,Marlborough,,,Marlborough PD,,16:34,,,07/11/2024,Call_Log_July_1_2024_to_July_16_2024.pdf,28
,,Well being check,,Report,Yes,,38 WELLINGTON ST,Marlborough,,,Marlborough PD,,16:57,,,07/11/2024,Call_Log_July_1_2024_to_July_16_2024.pdf,28
,,COMPLAINT,,Report,Yes,,112 ROBERT RD,Marlborough,,,Marlborough PD,,17:13,,,07/11/2024,Call_Log_July_1_2024_to_July_16_2024.pdf,28
,,ASSIST CITIZEN,,Services Rendered- PD,No,,181 BOSTON POST ROAD WEST,Marlborough,,,Marlborough PD,,17:26,,,07/11/2024,Call_Log_July_1_2024_to_July_16_2024.pdf,28
,,SOLICITING,,Services Rendered- PD,No,,56 FERRECCHIA DR,Marlborough,,,Marlborough PD,,17:32,,,07/11/2024,Call_Log_July_1_2024_to_July_16_2024.pdf,28
,,MVA PROPERTY DAMAGE ONLY,,Report,Yes,,119 BOSTON POST ROAD EAST @ 4 PHELPS ST,Marlborough,,,Marlborough PD,,19:20,,,07/11/2024,Call_Log_July_1_2024_to_July_16_2024.pdf,28
,,MVA PROPERTY DAMAGE ONLY,,Report,Yes,,69 GRANT ST,Marlborough,,,Marlborough PD,,21:39,,,07/11/2024,Call_Log_July_1_2024_to_July_16_2024.pdf,28
,,SUDDEN DEATH,,Report,Yes,,288 STEARNS RD,Marlborough,,,Marlborough PD,,22:28,,,07/11/2024,Call_Log_July_1_2024_to_July_16_2024.pdf,28
,,SUSPICIOUS ACTIVITY,,Services Rendered- PD,No,,240 EAST MAIN ST,Marlborough,,,Marlborough PD,,23:00,,,07/11/2024,Call_Log_July_1_2024_to_July_16_2024.pdf,28
,,COMPLAINT,,Unfounded,No,,54 CENTRAL ST,Marlborough,,,Marlborough PD,,23:26,,,07/11/2024,Call_Log_July_1_2024_to_July_16_2024.pdf,28
,,ASSIST OTHER AGENCY,,Services Rendered- PD,No,,697 BOLTON ST,Marlborough,,,Marlborough PD,,00:08,,,07/12/2024,Call_Log_July_1_2024_to_July_16_2024.pdf,28
,,BUILDING CHECK,,Building Checked/Secured,No,,853 DONALD J. LYNCH BLVD,Marlborough,,,Marlborough PD,,00:29,,,07/12/2024,Call_Log_July_1_2024_to_July_16_2024.pdf,29
,,BUILDING CHECK,,Building Checked/Secured,No,,601 DONALD J. LYNCH BLVD,Marlborough,,,Marlborough PD,,00:29,,,07/12/2024,Call_Log_July_1_2024_to_July_16_2024.pdf,29
,,BUILDING CHECK,,Building Checked/Secured,No,,300 NICKERSON RD,Marlborough,,,Marlborough PD,,00:32,,,07/12/2024,Call_Log_July_1_2024_to_July_16_2024.pdf,29
,,BUILDING CHECK,,Building Checked/Secured,No,,706 HOSMER ST,Marlborough,,,Marlborough PD,,00:47,,,07/12/2024,Call_Log_July_1_2024_to_July_16_2024.pdf,29
,,Suspicious M/V,,Services Rendered- PD,No,,57 PLEASANT ST,Marlborough,,,Marlborough PD,,00:57,,,07/12/2024,Call_Log_July_1_2024_to_July_16_2024.pdf,29
,,Suspicious M/V,,Services Rendered- PD,No,,98 ARNOLD STREET EXT,Marlborough,,,Marlborough PD,,01:52,,,07/12/2024,Call_Log_July_1_2024_to_July_16_2024.pdf,29
,,ASSIST OTHER AGENCY,,Services Rendered- PD,No,,CROWLEY DR,Marlborough,,,Marlborough PD,,02:33,,,07/12/2024,Call_Log_July_1_2024_to_July_16_2024.pdf,29
,,Ambulance Assist,,Services Rendered- PD,No,,FAMILY RESIDENTIAL - 38 WEST MAIN ST Apt. #1,Marlborough,,,Marlborough PD,,02:37,,,07/12/2024,Call_Log_July_1_2024_to_July_16_2024.pdf,29
,,Fraud / Forgery,,Report,Yes,,181 BOSTON POST ROAD EAST Apt. #68,Marlborough,,,Marlborough PD,,06:07,,,07/12/2024,Call_Log_July_1_2024_to_July_16_2024.pdf,29
,,Private Tow,,Services Rendered- PD,No,,47 CRYSTAL BROOK WAY Apt. #C,Marlborough,,,Marlborough PD,,06:45,,,07/12/2024,Call_Log_July_1_2024_to_July_16_2024.pdf,29
,,COMPLAINT,,Services Rendered- PD,No,,19 BRONTE WAY Apt. #31D,Marlborough,,,Marlborough PD,,07:09,,,07/12/2024,Call_Log_July_1_2024_to_July_16_2024.pdf,29
,,Suspicious M/V,,Services Rendered- PD,No,,[MAR 399] 116 COLLINS DR @ 8 ROLFE DR,Marlborough,,,Marlborough PD,,07:12,,,07/12/2024,Call_Log_July_1_2024_to_July_16_2024.pdf,29
,,Well being check,,Report,Yes,,753 FOREST ST Apt. #100,Marlborough,,,Marlborough PD,,07:29,,,07/12/2024,Call_Log_July_1_2024_to_July_16_2024.pdf,29
,,MVA PROPERTY DAMAGE ONLY,,Report,Yes,,554 BOSTON POST ROAD EAST Apt. #C,Marlborough,,,Marlborough PD,,07:40,,,07/12/2024,Call_Log_July_1_2024_to_July_16_2024.pdf,29
,,Private Tow,,Private tow,No,,47 CRYSTAL BROOK WAY,Marlborough,,,Marlborough PD,,07:43,,,07/12/2024,Call_Log_July_1_2024_to_July_16_2024.pdf,29
,,Parking Violation,,Services Rendered- PD,No,,300 HEMENWAY ST,Marlborough,,,Marlborough PD,,08:54,,,07/12/2024,Call_Log_July_1_2024_to_July_16_2024.pdf,29
,,ASSIST CITIZEN,,No Action Required,No,,19 MANNING ST,Marlborough,,,Marlborough PD,,09:54,,,07/12/2024,Call_Log_July_1_2024_to_July_16_2024.pdf,29
,,ASSIST CITIZEN,,Services Rendered- PD,No,,19 MANNING ST,Marlborough,,,Marlborough PD,,10:16,,,07/12/2024,Call_Log_July_1_2024_to_July_16_2024.pdf,29
,,SUSPICIOUS ACTIVITY,,Services Rendered- PD,No,,BEACH ST,Marlborough,,,Marlborough PD,,10:17,,,07/12/2024,Call_Log_July_1_2024_to_July_16_2024.pdf,29
,,ASSIST CITIZEN,,Services Rendered- PD,No,,16 MANNING ST,Marlborough,,,Marlborough PD,,10:34,,,07/12/2024,Call_Log_July_1_2024_to_July_16_2024.pdf,30
,,SUSPICIOUS ACTIVITY,,Services Rendered- PD,No,,98 ARNOLD STREET EXT,Marlborough,,,Marlborough PD,,11:08,,,07/12/2024,Call_Log_July_1_2024_to_July_16_2024.pdf,30
,,MVA PROPERTY DAMAGE ONLY,,Unfounded,No,,290 LINCOLN ST @ 32 CASHMAN ST,Marlborough,,,Marlborough PD,,11:27,,,07/12/2024,Call_Log_July_1_2024_to_July_16_2024.pdf,30
,,SUSPICIOUS ACTIVITY,,Report,Yes,,157 APEX DR,Marlborough,,,Marlborough PD,,12:18,,,07/12/2024,Call_Log_July_1_2024_to_July_16_2024.pdf,30
,,SUSPICIOUS ACTIVITY,,Report,Yes,,99 GRANGER BLVD,Marlborough,,,Marlborough PD,,12:22,,,07/12/2024,Call_Log_July_1_2024_to_July_16_2024.pdf,30
,,LARCENY,,Report,Yes,,75 SOUTH BOLTON ST,Marlborough,,,Marlborough PD,,14:12,,,07/12/2024,Call_Log_July_1_2024_to_July_16_2024.pdf,30
,,ASSIST OTHER AGENCY,,Report,Yes,,75 SOUTH BOLTON ST,Marlborough,,,Marlborough PD,,14:35,,,07/12/2024,Call_Log_July_1_2024_to_July_16_2024.pdf,30
,,"ALARM, BURGLAR",,Services Rendered- PD,No,,293 BOSTON POST ROAD WEST,Marlborough,,,Marlborough PD,,14:39,,,07/12/2024,Call_Log_July_1_2024_to_July_16_2024.pdf,30
,,Ambulance Assist,,Services Rendered- PD,No,,202 WILLIAMS ST,Marlborough,,,Marlborough PD,,15:06,,,07/12/2024,Call_Log_July_1_2024_to_July_16_2024.pdf,30
,,COMPLAINT,,Report,Yes,,568 LINCOLN ST,Marlborough,,,Marlborough PD,,15:56,,,07/12/2024,Call_Log_July_1_2024_to_July_16_2024.pdf,30
,,MVA PROPERTY DAMAGE ONLY,,Report,Yes,,216 MAPLE ST,Marlborough,,,Marlborough PD,,16:16,,,07/12/2024,Call_Log_July_1_2024_to_July_16_2024.pdf,30
,,ASSIST OTHER AGENCY,,Unfounded,No,,14 GLEN ST @ 430 LAKESIDE AVE,Marlborough,,,Marlborough PD,,16:48,,,07/12/2024,Call_Log_July_1_2024_to_July_16_2024.pdf,30
,,911 Hangup/Call,,Services Rendered- PD,No,,- 61 FAIRMOUNT ST Apt. #2,Marlborough,,,Marlborough PD,,17:03,,,07/12/2024,Call_Log_July_1_2024_to_July_16_2024.pdf,30
,,Ambulance Assist,,Services Rendered- PD,No,,181 BOSTON POST ROAD WEST,Marlborough,,,Marlborough PD,,17:28,,,07/12/2024,Call_Log_July_1_2024_to_July_16_2024.pdf,30
,,MVA PROPERTY DAMAGE ONLY,,Services Rendered- PD,No,,42 BOSTON POST ROAD EAST,Marlborough,,,Marlborough PD,,17:32,,,07/12/2024,Call_Log_July_1_2024_to_July_16_2024.pdf,30
,,COMPLAINT,,Report,Yes,,FAMILY APT. BUILDING - 566 LINCOLN ST,Marlborough,,,Marlborough PD,,18:02,,,07/12/2024,Call_Log_July_1_2024_to_July_16_2024.pdf,30
,,MVA PROPERTY DAMAGE ONLY,,Services Rendered- PD,No,,282 EAST MAIN ST @ 1 HOSMER ST,Marlborough,,,Marlborough PD,,18:09,,,07/12/2024,Call_Log_July_1_2024_to_July_16_2024.pdf,30
,,LARCENY,,Report,Yes,,25 ELDORADO DR,Marlborough,,,Marlborough PD,,18:10,,,07/12/2024,Call_Log_July_1_2024_to_July_16_2024.pdf,30
,,Well being check,,Services Rendered- PD,No,,19 NORTHBORO ROAD EAST,Marlborough,,,Marlborough PD,,19:01,,,07/12/2024,Call_Log_July_1_2024_to_July_16_2024.pdf,30
,,911 Hangup/Call,,Services Rendered- PD,No,,94 LINCOLN ST,Marlborough,,,Marlborough PD,,19:27,,,07/12/2024,Call_Log_July_1_2024_to_July_16_2024.pdf,30
,,Parking Violation,,No Action Required,No,,472 LINCOLN ST,Marlborough,,,Marlborough PD,,19:58,,,07/12/2024,Call_Log_July_1_2024_to_July_16_2024.pdf,31
,,Eratic Operator,,Arrest(s) Made,Yes,24-266-AR,99 GRANGER BLVD,Marlborough,,,Marlborough PD,,20:27,,,07/12/2024,Call_Log_July_1_2024_to_July_16_2024.pdf,31
,,Police Assist,,Unfounded,No,,30 BRIARWOOD LN,Marlborough,,,Marlborough PD,,20:39,,,07/12/2024,Call_Log_July_1_2024_to_July_16_2024.pdf,31
,,COMPLAINT,,Unfounded,No,,107 BROADMEADOW RD Apt. #A/B,Marlborough,,,Marlborough PD,,20:52,,,07/12/2024,Call_Log_July_1_2024_to_July_16_2024.pdf,31
,,SUSPICIOUS ACTIVITY,,Report,Yes,,200 BOSTON POST ROAD EAST,Marlborough,,,Marlborough PD,,21:10,,,07/12/2024,Call_Log_July_1_2024_to_July_16_2024.pdf,31
,,Eratic Operator,,Unfounded,No,,SOUTH STREET EXTENSI,Marlborough,,,Marlborough PD,,21:54,,,07/12/2024,Call_Log_July_1_2024_to_July_16_2024.pdf,31
,,FOUND/LOST PROPERTY,,Report,Yes,,31 BRIARWOOD LN Apt. #4,Marlborough,,,Marlborough PD,,22:05,,,07/12/2024,Call_Log_July_1_2024_to_July_16_2024.pdf,31
,,COMPLAINT,,Services Rendered- PD,No,,28 BRIARWOOD LN,Marlborough,,,Marlborough PD,,22:06,,,07/12/2024,Call_Log_July_1_2024_to_July_16_2024.pdf,31
,,COMPLAINT,,Report,Yes,,416 BOSTON POST ROAD EAST Apt. #3,Marlborough,,,Marlborough PD,,22:20,,,07/12/2024,Call_Log_July_1_2024_to_July_16_2024.pdf,31
,,MVA PROPERTY DAMAGE ONLY,,Report,Yes,,157 UNION ST,Marlborough,,,Marlborough PD,,22:58,,,07/12/2024,Call_Log_July_1_2024_to_July_16_2024.pdf,31
,,Well being check,,Services Rendered- PD,No,,240 MAIN ST Apt. #204,Marlborough,,,Marlborough PD,,23:38,,,07/12/2024,Call_Log_July_1_2024_to_July_16_2024.pdf,31
,,DISTURBANCE,,Report,Yes,,447 BOSTON POST ROAD EAST Apt. #69,Marlborough,,,Marlborough PD,,23:47,,,07/12/2024,Call_Log_July_1_2024_to_July_16_2024.pdf,31
,,ESCORT/TRANSPORT,,Services Rendered- PD,No,,355 BOLTON ST,Marlborough,,,Marlborough PD,,00:55,,,07/13/2024,Call_Log_July_1_2024_to_July_16_2024.pdf,31
,,Suspicious M/V,,Arrest(s) Made,Yes,24-267-AR,42 BOSTON POST ROAD EAST Apt. #1,Marlborough,,,Marlborough PD,,01:27,,,07/13/2024,Call_Log_July_1_2024_to_July_16_2024.pdf,31
,,COMPLAINT,,Services Rendered- PD,No,,4 BARRACUDA DR,Marlborough,,,Marlborough PD,,02:06,,,07/13/2024,Call_Log_July_1_2024_to_July_16_2024.pdf,31
,,BUILDING CHECK,,Building Checked/Secured,No,,98 ARNOLD STREET EXT,Marlborough,,,Marlborough PD,,02:08,,,07/13/2024,Call_Log_July_1_2024_to_July_16_2024.pdf,31
,,BUILDING CHECK,,Building Checked/Secured,No,,300 NICKERSON RD,Marlborough,,,Marlborough PD,,02:26,,,07/13/2024,Call_Log_July_1_2024_to_July_16_2024.pdf,31
,,Parking Violation,,Vehicle Towed,No,,59 BOLTON ST @ 99 FRANCIS ST,Marlborough,,,Marlborough PD,,04:23,,,07/13/2024,Call_Log_July_1_2024_to_July_16_2024.pdf,32
,,ASSIST CITIZEN,,Services Rendered- PD,No,,106 MAIN ST,Marlborough,,,Marlborough PD,,07:08,,,07/13/2024,Call_Log_July_1_2024_to_July_16_2024.pdf,32
,,911 Hangup/Call,,Services Rendered- PD,No,,69 CHASE RD,Marlborough,,,Marlborough PD,,07:33,,,07/13/2024,Call_Log_July_1_2024_to_July_16_2024.pdf,32
,,DPW Called Out,,Services Rendered- PD,No,,205 EAST MAIN ST,Marlborough,,,Marlborough PD,,08:27,,,07/13/2024,Call_Log_July_1_2024_to_July_16_2024.pdf,32
,,Parking Violation,,Unfounded,No,,110 GRANGER BLVD @ 36 LIBERTY ST,Marlborough,,,Marlborough PD,,09:35,,,07/13/2024,Call_Log_July_1_2024_to_July_16_2024.pdf,32
,,DISTURBANCE,,Services Rendered- PD,No,,17 VERSAILLES ST,Marlborough,,,Marlborough PD,,09:51,,,07/13/2024,Call_Log_July_1_2024_to_July_16_2024.pdf,32
,,ASSIST CITIZEN,,Services Rendered- PD,No,,9 HIGH ST,Marlborough,,,Marlborough PD,,09:54,,,07/13/2024,Call_Log_July_1_2024_to_July_16_2024.pdf,32
,,DISABLED MV,,Services Rendered- PD,No,,LINCOLN ST,Marlborough,,,Marlborough PD,,10:56,,,07/13/2024,Call_Log_July_1_2024_to_July_16_2024.pdf,32
,,Police Assist,,Services Rendered- PD,No,,25 HIGHLAND ST,Marlborough,,,Marlborough PD,,11:33,,,07/13/2024,Call_Log_July_1_2024_to_July_16_2024.pdf,32
,,ASSIST CITIZEN,,Services Rendered- PD,No,,1 MAPLE TER,Marlborough,,,Marlborough PD,,12:12,,,07/13/2024,Call_Log_July_1_2024_to_July_16_2024.pdf,32
,,911 Hangup/Call,,Services Rendered- PD,No,,249 BOSTON POST ROAD EAST,Marlborough,,,Marlborough PD,,12:13,,,07/13/2024,Call_Log_July_1_2024_to_July_16_2024.pdf,32
,,MVA PROPERTY DAMAGE ONLY,,Report,Yes,,13 FARMHOUSE LN,Marlborough,,,Marlborough PD,,12:41,,,07/13/2024,Call_Log_July_1_2024_to_July_16_2024.pdf,32
,,MVA PROPERTY DAMAGE ONLY,,Report,Yes,,114 EAST MAIN ST,Marlborough,,,Marlborough PD,,14:22,,,07/13/2024,Call_Log_July_1_2024_to_July_16_2024.pdf,32
,,911 Hangup/Call,,Unfounded,No,,135 BROADMEADOW RD,Marlborough,,,Marlborough PD,,14:38,,,07/13/2024,Call_Log_July_1_2024_to_July_16_2024.pdf,32
,,Private Tow,,Private tow,No,,1 MAPLE TER,Marlborough,,,Marlborough PD,,14:48,,,07/13/2024,Call_Log_July_1_2024_to_July_16_2024.pdf,32
,,Well being check,,Services Rendered- PD,No,,101 ASH ST,Marlborough,,,Marlborough PD,,15:02,,,07/13/2024,Call_Log_July_1_2024_to_July_16_2024.pdf,32
,,MVA PROPERTY DAMAGE ONLY,,Report,Yes,,676 STEVENS ST,Marlborough,,,Marlborough PD,,15:03,,,07/13/2024,Call_Log_July_1_2024_to_July_16_2024.pdf,32
,,SUSPICIOUS ACTIVITY,,Unfounded,No,,423 DONALD J. LYNCH BLVD,Marlborough,,,Marlborough PD,,17:04,,,07/13/2024,Call_Log_July_1_2024_to_July_16_2024.pdf,32
,,"ALARM, BURGLAR",,Building Checked/Secured,No,,60 GOODWIN ST,Marlborough,,,Marlborough PD,,17:28,,,07/13/2024,Call_Log_July_1_2024_to_July_16_2024.pdf,32
,,Harassment,,Services Rendered- PD,No,,13 GREENDALE AVE,Marlborough,,,Marlborough PD,,17:43,,,07/13/2024,Call_Log_July_1_2024_to_July_16_2024.pdf,32
,,LARCENY,,Report,Yes,,627 DONALD J. LYNCH BLVD,Marlborough,,,Marlborough PD,,18:37,,,07/13/2024,Call_Log_July_1_2024_to_July_16_2024.pdf,33
,,COMPLAINT,,Services Rendered- PD,No,,19 NORTHBORO ROAD EAST,Marlborough,,,Marlborough PD,,20:58,,,07/13/2024,Call_Log_July_1_2024_to_July_16_2024.pdf,33
,,"ALARM, HOLD-UP",,Services Rendered- PD,No,,728 DONALD J. LYNCH BLVD,Marlborough,,,Marlborough PD,,21:10,,,07/13/2024,Call_Log_July_1_2024_to_July_16_2024.pdf,33
,,ASSIST CITIZEN,,Services Rendered- PD,No,,130 SPRING ST,Marlborough,,,Marlborough PD,,21:19,,,07/13/2024,Call_Log_July_1_2024_to_July_16_2024.pdf,33
,,"ALARM, BURGLAR",,Unfounded,No,,1000 GREEN DISTRICT BLVD,Marlborough,,,Marlborough PD,,21:30,,,07/13/2024,Call_Log_July_1_2024_to_July_16_2024.pdf,33
,,"ALARM, HOLD-UP",,Building Checked/Secured,No,,728 DONALD J. LYNCH BLVD,Marlborough,,,Marlborough PD,,22:16,,,07/13/2024,Call_Log_July_1_2024_to_July_16_2024.pdf,33
,,ASSIST OTHER AGENCY,,Services Rendered- PD,No,,903 APPLEBRIAR LN,Marlborough,,,Marlborough PD,,22:21,,,07/13/2024,Call_Log_July_1_2024_to_July_16_2024.pdf,33
,,"ALARM, BURGLAR",,Building Checked/Secured,No,,530 BOSTON POST ROAD EAST,Marlborough,,,Marlborough PD,,22:27,,,07/13/2024,Call_Log_July_1_2024_to_July_16_2024.pdf,33
,,COMPLAINT,,Services Rendered- PD,No,,11 HUNTINGTON AVE,Marlborough,,,Marlborough PD,,22:32,,,07/13/2024,Call_Log_July_1_2024_to_July_16_2024.pdf,33
,,MVA WITH INJURIES,,Report,Yes,,16 COTTING AVE @ 78 GRANGER BLVD,Marlborough,,,Marlborough PD,,22:58,,,07/13/2024,Call_Log_July_1_2024_to_July_16_2024.pdf,33
,,COMPLAINT,,Services Rendered- PD,No,,72 CHESTNUT ST,Marlborough,,,Marlborough PD,,23:40,,,07/13/2024,Call_Log_July_1_2024_to_July_16_2024.pdf,33
,,COMPLAINT,,Services Rendered- PD,No,,90 COOK LN,Marlborough,,,Marlborough PD,,23:49,,,07/13/2024,Call_Log_July_1_2024_to_July_16_2024.pdf,33
,,Ambulance Assist,,Services Rendered- PD,No,,58 SONIA DR,Marlborough,,,Marlborough PD,,00:04,,,07/14/2024,Call_Log_July_1_2024_to_July_16_2024.pdf,33
,,COMPLAINT,,Services Rendered- PD,No,,11 VINE ST @ 34 CHURCH ST,Marlborough,,,Marlborough PD,,00:20,,,07/14/2024,Call_Log_July_1_2024_to_July_16_2024.pdf,33
,,"ALARM, BURGLAR",,Building Checked/Secured,No,,728 DONALD J. LYNCH BLVD,Marlborough,,,Marlborough PD,,00:23,,,07/14/2024,Call_Log_July_1_2024_to_July_16_2024.pdf,33
,,BUILDING CHECK,,Building Checked/Secured,No,,865 DONALD J. LYNCH BLVD,Marlborough,,,Marlborough PD,,00:30,,,07/14/2024,Call_Log_July_1_2024_to_July_16_2024.pdf,33
,,COMPLAINT,,No Action Required,No,,97 COOK LN,Marlborough,,,Marlborough PD,,00:33,,,07/14/2024,Call_Log_July_1_2024_to_July_16_2024.pdf,33
,,Parking Violation,,No Action Required,No,,6 MAPLEWOOD AVE @ 35 ELM ST,Marlborough,,,Marlborough PD,,00:38,,,07/14/2024,Call_Log_July_1_2024_to_July_16_2024.pdf,34
,,MVA PROPERTY DAMAGE ONLY,,Report,Yes,,VACANT - 51 WASHINGTON ST,Marlborough,,,Marlborough PD,,00:45,,,07/14/2024,Call_Log_July_1_2024_to_July_16_2024.pdf,34
,,MISSING PERSON,,Report,Yes,,447 BOSTON POST ROAD EAST,Marlborough,,,Marlborough PD,,01:04,,,07/14/2024,Call_Log_July_1_2024_to_July_16_2024.pdf,34
,,ASSIST OTHER AGENCY,,Services Rendered- PD,No,,5 PLEASANT ST @ 123 WEST MAIN ST,Marlborough,,,Marlborough PD,,01:09,,,07/14/2024,Call_Log_July_1_2024_to_July_16_2024.pdf,34
,,BUILDING CHECK,,Building Checked/Secured,No,,706 HOSMER ST,Marlborough,,,Marlborough PD,,01:16,,,07/14/2024,Call_Log_July_1_2024_to_July_16_2024.pdf,34
,,COMPLAINT,,Services Rendered- PD,No,,416 BOSTON POST ROAD EAST Apt. #3,Marlborough,,,Marlborough PD,,01:21,,,07/14/2024,Call_Log_July_1_2024_to_July_16_2024.pdf,34
,,MOTOR VEHICLE STOP,,Arrest(s) Made,Yes,24-271-AR,19 SOUTH ST @ 22 EMMETT ST,Marlborough,,,Marlborough PD,,01:28,,,07/14/2024,Call_Log_July_1_2024_to_July_16_2024.pdf,34
,,ASSIST OTHER AGENCY,,Services Rendered- PD,No,,100 GRANGER BLVD @ 20 FLORENCE ST,Marlborough,,,Marlborough PD,,01:29,,,07/14/2024,Call_Log_July_1_2024_to_July_16_2024.pdf,34
,,COMPLAINT,,Services Rendered- PD,No,,97 COOK LN,Marlborough,,,Marlborough PD,,01:53,,,07/14/2024,Call_Log_July_1_2024_to_July_16_2024.pdf,34
,,DISTURBANCE,,Report,Yes,,250 MAPLE ST,Marlborough,,,Marlborough PD,,02:00,,,07/14/2024,Call_Log_July_1_2024_to_July_16_2024.pdf,34
,,ASSIST CITIZEN,,Report,Yes,,102 LIBERTY ST,Marlborough,,,Marlborough PD,,05:19,,,07/14/2024,Call_Log_July_1_2024_to_July_16_2024.pdf,34
,,"ALARM, BURGLAR",,Services Rendered- PD,No,,274 MAIN ST,Marlborough,,,Marlborough PD,,06:14,,,07/14/2024,Call_Log_July_1_2024_to_July_16_2024.pdf,34
,,Parking Violation,,Unfounded,No,,12 ELDORADO DR,Marlborough,,,Marlborough PD,,06:27,,,07/14/2024,Call_Log_July_1_2024_to_July_16_2024.pdf,34
,,911 Hangup/Call,,Unfounded,No,,115 BROADMEADOW RD,Marlborough,,,Marlborough PD,,07:25,,,07/14/2024,Call_Log_July_1_2024_to_July_16_2024.pdf,34
,,Ambulance Assist,,Services Rendered- PD,No,,18 OAK RD,Marlborough,,,Marlborough PD,,09:21,,,07/14/2024,Call_Log_July_1_2024_to_July_16_2024.pdf,34
,,Ambulance Assist,,Services Rendered- PD,No,,29 CRYSTAL BROOK WAY Apt. #D,Marlborough,,,Marlborough PD,,09:47,,,07/14/2024,Call_Log_July_1_2024_to_July_16_2024.pdf,34
,,DISTURBANCE,,Report,Yes,,19 BRONTE WAY Apt. #31D,Marlborough,,,Marlborough PD,,10:14,,,07/14/2024,Call_Log_July_1_2024_to_July_16_2024.pdf,34
,,ASSIST OTHER AGENCY,,Services Rendered- PD,No,,15 ROBIN DR,Marlborough,,,Marlborough PD,,11:28,,,07/14/2024,Call_Log_July_1_2024_to_July_16_2024.pdf,34
,,Ambulance Assist,,Services Rendered- PD,No,,222 EAST MAIN ST Apt. #A,Marlborough,,,Marlborough PD,,12:32,,,07/14/2024,Call_Log_July_1_2024_to_July_16_2024.pdf,35
,,DISABLED MV,,Services Rendered- PD,No,,147 SOUTH ST,Marlborough,,,Marlborough PD,,13:14,,,07/14/2024,Call_Log_July_1_2024_to_July_16_2024.pdf,35
,,SUSPICIOUS ACTIVITY,,Services Rendered- PD,No,,553 ELM ST,Marlborough,,,Marlborough PD,,13:25,,,07/14/2024,Call_Log_July_1_2024_to_July_16_2024.pdf,35
,,MVA PROPERTY DAMAGE ONLY,,Report,Yes,,616 HOSMER ST @ 98 PAQUIN DR,Marlborough,,,Marlborough PD,,13:42,,,07/14/2024,Call_Log_July_1_2024_to_July_16_2024.pdf,35
,,Well being check,,Services Rendered- PD,No,,605 BOSTON POST ROAD EAST,Marlborough,,,Marlborough PD,,14:03,,,07/14/2024,Call_Log_July_1_2024_to_July_16_2024.pdf,35
,,"ALARM, BURGLAR",,Building Checked/Secured,No,,41 LIBERTY ST,Marlborough,,,Marlborough PD,,14:19,,,07/14/2024,Call_Log_July_1_2024_to_July_16_2024.pdf,35
,,"ALARM, BURGLAR",,Building Checked/Secured,No,,150 LOCKE DR,Marlborough,,,Marlborough PD,,15:30,,,07/14/2024,Call_Log_July_1_2024_to_July_16_2024.pdf,35
,,Well being check,,Services Rendered- PD,No,,192 BOLTON ST Apt. #8,Marlborough,,,Marlborough PD,,15:36,,,07/14/2024,Call_Log_July_1_2024_to_July_16_2024.pdf,35
,,Ambulance Assist,,Services Rendered- PD,No,,200 HILDRETH ST,Marlborough,,,Marlborough PD,,16:08,,,07/14/2024,Call_Log_July_1_2024_to_July_16_2024.pdf,35
,,SUSPICIOUS ACTIVITY,,Unfounded,No,,5 GAY ST,Marlborough,,,Marlborough PD,,16:10,,,07/14/2024,Call_Log_July_1_2024_to_July_16_2024.pdf,35
,,DISABLED MV,,Report,Yes,,46 BOSTON POST ROAD WEST,Marlborough,,,Marlborough PD,,16:37,,,07/14/2024,Call_Log_July_1_2024_to_July_16_2024.pdf,35
,,911 Hangup/Call,,Unfounded,No,,12 MAIN ST,Marlborough,,,Marlborough PD,,16:41,,,07/14/2024,Call_Log_July_1_2024_to_July_16_2024.pdf,35
,,TRAFFIC CONTROL,,Services Rendered- PD,No,,400 MILLHAM ST @ 94 BOUNDARY ST,Marlborough,,,Marlborough PD,,16:59,,,07/14/2024,Call_Log_July_1_2024_to_July_16_2024.pdf,35
,,Trespassing,,Services Rendered- PD,No,,5 GAY ST,Marlborough,,,Marlborough PD,,17:15,,,07/14/2024,Call_Log_July_1_2024_to_July_16_2024.pdf,35
,,"ALARM, BURGLAR",,Building Checked/Secured,No,,150 LOCKE DR,Marlborough,,,Marlborough PD,,18:18,,,07/14/2024,Call_Log_July_1_2024_to_July_16_2024.pdf,35
,,"ALARM, BURGLAR",,Building Checked/Secured,No,,320 ELM ST,Marlborough,,,Marlborough PD,,18:36,,,07/14/2024,Call_Log_July_1_2024_to_July_16_2024.pdf,35
,,COMPLAINT,,Services Rendered- PD,No,,447 BOSTON POST ROAD EAST,Marlborough,,,Marlborough PD,,18:38,,,07/14/2024,Call_Log_July_1_2024_to_July_16_2024.pdf,35
,,Threats,,Report,Yes,,276 MAIN ST Apt. #2A,Marlborough,,,Marlborough PD,,18:56,,,07/14/2024,Call_Log_July_1_2024_to_July_16_2024.pdf,35
,,Eratic Operator,,Unfounded,No,,35 WEST MAIN ST,Marlborough,,,Marlborough PD,,20:14,,,07/14/2024,Call_Log_July_1_2024_to_July_16_2024.pdf,35
,,"ALARM, BURGLAR",,Building Checked/Secured,No,,481 BOSTON POST ROAD EAST,Marlborough,,,Marlborough PD,,20:20,,,07/14/2024,Call_Log_July_1_2024_to_July_16_2024.pdf,36
,,COMPLAINT,,Unfounded,No,,FAMILY RESIDENTIAL - 90 HIGHLAND ST,Marlborough,,,Marlborough PD,,20:23,,,07/14/2024,Call_Log_July_1_2024_to_July_16_2024.pdf,36
,,COMPLAINT,,Unfounded,No,,6 MCINTYRE CT,Marlborough,,,Marlborough PD,,20:54,,,07/14/2024,Call_Log_July_1_2024_to_July_16_2024.pdf,36
,,Well being check,,Report,Yes,,17 EAST MAIN ST,Marlborough,,,Marlborough PD,,21:01,,,07/14/2024,Call_Log_July_1_2024_to_July_16_2024.pdf,36
,,Ambulance Assist,,Services Rendered- PD,No,,99 PLEASANT ST Apt. #318,Marlborough,,,Marlborough PD,,21:09,,,07/14/2024,Call_Log_July_1_2024_to_July_16_2024.pdf,36
,,Ambulance Assist,,Services Rendered- PD,No,,240 MAIN ST Apt. #324,Marlborough,,,Marlborough PD,,21:28,,,07/14/2024,Call_Log_July_1_2024_to_July_16_2024.pdf,36
,,Ambulance Assist,,Services Rendered- PD,No,,98 GLEN ST,Marlborough,,,Marlborough PD,,21:57,,,07/14/2024,Call_Log_July_1_2024_to_July_16_2024.pdf,36
,,COMPLAINT,,Unfounded,No,,32 BRIARWOOD LN,Marlborough,,,Marlborough PD,,22:10,,,07/14/2024,Call_Log_July_1_2024_to_July_16_2024.pdf,36
,,Suspicious M/V,,Services Rendered- PD,No,,100 LOCKE DR,Marlborough,,,Marlborough PD,,22:16,,,07/14/2024,Call_Log_July_1_2024_to_July_16_2024.pdf,36
,,Suspicious M/V,,Report,Yes,,65 BOSTON POST ROAD WEST Apt. #220,Marlborough,,,Marlborough PD,,22:31,,,07/14/2024,Call_Log_July_1_2024_to_July_16_2024.pdf,36
,,ASSIST OTHER AGENCY,,Services Rendered- PD,No,,450 BOSTON POST ROAD EAST Apt. #A706,Marlborough,,,Marlborough PD,,22:40,,,07/14/2024,Call_Log_July_1_2024_to_July_16_2024.pdf,36
,,DISTURBANCE,,Report,Yes,,413 LAKESIDE AVE,Marlborough,,,Marlborough PD,,23:57,,,07/14/2024,Call_Log_July_1_2024_to_July_16_2024.pdf,36
,,911 Hangup/Call,,Building Checked/Secured,No,,75 FELTON ST,Marlborough,,,Marlborough PD,,00:42,,,07/15/2024,Call_Log_July_1_2024_to_July_16_2024.pdf,36
,,BUILDING CHECK,,Services Rendered- PD,No,,300 NICKERSON RD,Marlborough,,,Marlborough PD,,01:03,,,07/15/2024,Call_Log_July_1_2024_to_July_16_2024.pdf,36
,,BUILDING CHECK,,Building Checked/Secured,No,,601 DONALD J. LYNCH BLVD,Marlborough,,,Marlborough PD,,01:15,,,07/15/2024,Call_Log_July_1_2024_to_July_16_2024.pdf,36
,,BUILDING CHECK,,Building Checked/Secured,No,,865 DONALD J. LYNCH BLVD,Marlborough,,,Marlborough PD,,01:19,,,07/15/2024,Call_Log_July_1_2024_to_July_16_2024.pdf,36
,,DISTURBANCE,,Arrest(s) Made,Yes,,188 BOSTON POST ROAD EAST Apt. #7,Marlborough,,,Marlborough PD,,04:02,,,07/15/2024,Call_Log_July_1_2024_to_July_16_2024.pdf,36
,,"ALARM, BURGLAR",,Services Rendered- PD,No,,431 BOLTON ST,Marlborough,,,Marlborough PD,,06:04,,,07/15/2024,Call_Log_July_1_2024_to_July_16_2024.pdf,36
,,FOUND/LOST PROPERTY,,Services Rendered- PD,No,,1 COURT ST,Marlborough,,,Marlborough PD,,06:19,,,07/15/2024,Call_Log_July_1_2024_to_July_16_2024.pdf,36
,,DISABLED MV,,Services Rendered- PD,No,,189 BOSTON POST ROAD EAST,Marlborough,,,Marlborough PD,,06:21,,,07/15/2024,Call_Log_July_1_2024_to_July_16_2024.pdf,37
,,"ALARM, BURGLAR",,Building Checked/Secured,No,,28 LORD RD Apt. #130,Marlborough,,,Marlborough PD,,07:02,,,07/15/2024,Call_Log_July_1_2024_to_July_16_2024.pdf,37
,,Trespassing,,Services Rendered- PD,No,,116 MAIN ST Apt. #S - 1,Marlborough,,,Marlborough PD,,07:16,,,07/15/2024,Call_Log_July_1_2024_to_July_16_2024.pdf,37
,,DISTURBANCE,,Report,Yes,,460 BOSTON POST ROAD EAST Apt. #B609,Marlborough,,,Marlborough PD,,07:18,,,07/15/2024,Call_Log_July_1_2024_to_July_16_2024.pdf,37
,,MVA PROPERTY DAMAGE ONLY,,Report,Yes,,180 LAKESIDE AVE,Marlborough,,,Marlborough PD,,07:47,,,07/15/2024,Call_Log_July_1_2024_to_July_16_2024.pdf,37
,,MVA PROPERTY DAMAGE ONLY,,Services Rendered- PD,No,,52 CHURCH ST,Marlborough,,,Marlborough PD,,07:54,,,07/15/2024,Call_Log_July_1_2024_to_July_16_2024.pdf,37
,,VANDALISM,,Services Rendered- PD,No,,154 FRAMINGHAM RD,Marlborough,,,Marlborough PD,,08:31,,,07/15/2024,Call_Log_July_1_2024_to_July_16_2024.pdf,37
,,ESCORT/TRANSPORT,,Services Rendered- PD,No,,45 WILLIAMS ST,Marlborough,,,Marlborough PD,,08:44,,,07/15/2024,Call_Log_July_1_2024_to_July_16_2024.pdf,37
,,MVA WITH INJURIES,,Report,Yes,,144 PLEASANT ST,Marlborough,,,Marlborough PD,,09:10,,,07/15/2024,Call_Log_July_1_2024_to_July_16_2024.pdf,37
,,Well being check,,Report,Yes,,903 APPLEBRIAR LN,Marlborough,,,Marlborough PD,,09:37,,,07/15/2024,Call_Log_July_1_2024_to_July_16_2024.pdf,37
,,FOUND/LOST PROPERTY,,Report,Yes,,110 WASHINGTON ST,Marlborough,,,Marlborough PD,,09:53,,,07/15/2024,Call_Log_July_1_2024_to_July_16_2024.pdf,37
,,MVA PROPERTY DAMAGE ONLY,,Report,Yes,,222 EAST MAIN ST Apt. #A,Marlborough,,,Marlborough PD,,10:29,,,07/15/2024,Call_Log_July_1_2024_to_July_16_2024.pdf,37
,,ASSIST CITIZEN,,Report,Yes,,28 BRIARWOOD LN Apt. #7,Marlborough,,,Marlborough PD,,11:27,,,07/15/2024,Call_Log_July_1_2024_to_July_16_2024.pdf,37
,,911 Hangup/Call,,Unfounded,No,,445 SIMARANO DR,Marlborough,,,Marlborough PD,,11:31,,,07/15/2024,Call_Log_July_1_2024_to_July_16_2024.pdf,37
,,SOLICITING,,Unfounded,No,,447 STOW RD,Marlborough,,,Marlborough PD,,12:17,,,07/15/2024,Call_Log_July_1_2024_to_July_16_2024.pdf,37
,,MVA PROPERTY DAMAGE ONLY,,Services Rendered- PD,No,,701 BOSTON POST ROAD EAST,Marlborough,,,Marlborough PD,,12:40,,,07/15/2024,Call_Log_July_1_2024_to_July_16_2024.pdf,37
,,"ALARM, BURGLAR",,Building Checked/Secured,No,,28 LORD RD Apt. #210,Marlborough,,,Marlborough PD,,12:56,,,07/15/2024,Call_Log_July_1_2024_to_July_16_2024.pdf,37
,,"BURGLARY, B & E PAST",,Report,Yes,,34 BRIARWOOD LN Apt. #12,Marlborough,,,Marlborough PD,,13:06,,,07/15/2024,Call_Log_July_1_2024_to_July_16_2024.pdf,37
,,ASSIST CITIZEN,,Services Rendered- PD,No,,959 CONCORD RD,Marlborough,,,Marlborough PD,,13:09,,,07/15/2024,Call_Log_July_1_2024_to_July_16_2024.pdf,37
,,MVA PROPERTY DAMAGE ONLY,,Report,Yes,,5 MOUNT ROYAL AVE,Marlborough,,,Marlborough PD,,13:16,,,07/15/2024,Call_Log_July_1_2024_to_July_16_2024.pdf,37
,,ASSIST CITIZEN,,Services Rendered- PD,No,,2 WATER ST,Marlborough,,,Marlborough PD,,13:19,,,07/15/2024,Call_Log_July_1_2024_to_July_16_2024.pdf,37
,,Harassment,,Report,Yes,,237 BOSTON POST ROAD WEST Apt. #A,Marlborough,,,Marlborough PD,,13:33,,,07/15/2024,Call_Log_July_1_2024_to_July_16_2024.pdf,38
,,LARCENY,,Report,Yes,,416 BOSTON POST ROAD EAST Apt. #11,Marlborough,,,Marlborough PD,,13:35,,,07/15/2024,Call_Log_July_1_2024_to_July_16_2024.pdf,38
,,ASSIST CITIZEN,,Report,Yes,,153 VEGA RD,Marlborough,,,Marlborough PD,,14:41,,,07/15/2024,Call_Log_July_1_2024_to_July_16_2024.pdf,38
,,Police Assist,,Services Rendered- PD,No,,505 BOSTON POST ROAD WEST Apt. #F,Marlborough,,,Marlborough PD,,14:42,,,07/15/2024,Call_Log_July_1_2024_to_July_16_2024.pdf,38
,,COMPLAINT,,Services Rendered- PD,No,,125 ELM ST,Marlborough,,,Marlborough PD,,14:49,,,07/15/2024,Call_Log_July_1_2024_to_July_16_2024.pdf,38
,,Ambulance Assist,,Taken/Referred to Other Agency,No,,275 WEST MAIN ST Apt. #10,Marlborough,,,Marlborough PD,,15:54,,,07/15/2024,Call_Log_July_1_2024_to_July_16_2024.pdf,38
,,DISABLED MV,,Services Rendered- PD,No,,238 WEST MAIN ST,Marlborough,,,Marlborough PD,,16:43,,,07/15/2024,Call_Log_July_1_2024_to_July_16_2024.pdf,38
,,ASSIST CITIZEN,,No Action Required,No,,200 BROAD ST,Marlborough,,,Marlborough PD,,16:46,,,07/15/2024,Call_Log_July_1_2024_to_July_16_2024.pdf,38
,,MVA PROPERTY DAMAGE ONLY,,Services Rendered- PD,No,,SOLOMON POND RD,Marlborough,,,Marlborough PD,,16:50,,,07/15/2024,Call_Log_July_1_2024_to_July_16_2024.pdf,38
,,ASSIST OTHER AGENCY,,Could Not Locate,No,,16 ROYAL CREST DR Apt. #1,Marlborough,,,Marlborough PD,,17:40,,,07/15/2024,Call_Log_July_1_2024_to_July_16_2024.pdf,38
,,SUSPICIOUS ACTIVITY,,Services Rendered- PD,No,,25 FERRECCHIA DR @ 540 ELM ST,Marlborough,,,Marlborough PD,,17:59,,,07/15/2024,Call_Log_July_1_2024_to_July_16_2024.pdf,38
,,Well being check,,Report,Yes,,FAMILY RESIDENCE - 90 BROAD ST,Marlborough,,,Marlborough PD,,18:16,,,07/15/2024,Call_Log_July_1_2024_to_July_16_2024.pdf,38
,,MVA PROPERTY DAMAGE ONLY,,Report,Yes,,420 MAPLE ST,Marlborough,,,Marlborough PD,,18:34,,,07/15/2024,Call_Log_July_1_2024_to_July_16_2024.pdf,38
,,911 Hangup/Call,,Could Not Locate,No,,54 WEST MAIN ST,Marlborough,,,Marlborough PD,,19:26,,,07/15/2024,Call_Log_July_1_2024_to_July_16_2024.pdf,38
,,Eratic Operator,,Services Rendered- PD,No,,44 BELLEVIEW AVE,Marlborough,,,Marlborough PD,,19:31,,,07/15/2024,Call_Log_July_1_2024_to_July_16_2024.pdf,38
,,SUSPICIOUS ACTIVITY,,Could Not Locate,No,,MCENELLY ST,Marlborough,,,Marlborough PD,,19:37,,,07/15/2024,Call_Log_July_1_2024_to_July_16_2024.pdf,38
,,ASSIST CITIZEN,,Services Rendered- PD,No,,433 MAPLE ST,Marlborough,,,Marlborough PD,,20:27,,,07/15/2024,Call_Log_July_1_2024_to_July_16_2024.pdf,38
,,Trespassing,,Services Rendered- PD,No,,26 WILLIAMS ST @ 13 LAKESIDE AVE,Marlborough,,,Marlborough PD,,20:47,,,07/15/2024,Call_Log_July_1_2024_to_July_16_2024.pdf,38
,,Suspicious M/V,,Could Not Locate,No,,10 WEED ST,Marlborough,,,Marlborough PD,,21:03,,,07/15/2024,Call_Log_July_1_2024_to_July_16_2024.pdf,38
,,Ambulance Assist,,Taken/Referred to Other Agency,No,,158 STEVENS ST,Marlborough,,,Marlborough PD,,21:12,,,07/15/2024,Call_Log_July_1_2024_to_July_16_2024.pdf,38
,,911 Hangup/Call,,Services Rendered- PD,No,,265 LAKESIDE AVE,Marlborough,,,Marlborough PD,,21:18,,,07/15/2024,Call_Log_July_1_2024_to_July_16_2024.pdf,39
,,DPW Called Out,,Taken/Referred to Other Agency,No,,424 LINCOLN ST @ 64 PLEASANT ST,Marlborough,,,Marlborough PD,,21:29,,,07/15/2024,Call_Log_July_1_2024_to_July_16_2024.pdf,39
,,Suspicious M/V,,No Action Required,No,,WATERFORD DR @ ROBIN HILL ST,Marlborough,,,Marlborough PD,,22:45,,,07/15/2024,Call_Log_July_1_2024_to_July_16_2024.pdf,39
,,BUILDING CHECK,,Building Checked/Secured,No,,300 NICKERSON RD,Marlborough,,,Marlborough PD,,22:49,,,07/15/2024,Call_Log_July_1_2024_to_July_16_2024.pdf,39
,,Trespassing,,Services Rendered- PD,No,,67 MILLHAM ST,Marlborough,,,Marlborough PD,,22:51,,,07/15/2024,Call_Log_July_1_2024_to_July_16_2024.pdf,39
,,Suspicious M/V,,Services Rendered- PD,No,,WEST ST,Marlborough,,,Marlborough PD,,23:28,,,07/15/2024,Call_Log_July_1_2024_to_July_16_2024.pdf,39
,,COMPLAINT,,Services Rendered- PD,No,,19 FLAGG RD,Marlborough,,,Marlborough PD,,23:34,,,07/15/2024,Call_Log_July_1_2024_to_July_16_2024.pdf,39
,,Animal Complaint,,Unfounded,No,,369 BERLIN RD,Marlborough,,,Marlborough PD,,23:58,,,07/15/2024,Call_Log_July_1_2024_to_July_16_2024.pdf,39
,,"ALARM, BURGLAR",,Building Checked/Secured,No,,24 SHAWMUT AVE Apt. #2,Marlborough,,,Marlborough PD,,00:05,,,07/16/2024,Call_Log_July_1_2024_to_July_16_2024.pdf,39
,,BUILDING CHECK,,Building Checked/Secured,No,,300 NICKERSON RD,Marlborough,,,Marlborough PD,,00:30,,,07/16/2024,Call_Log_July_1_2024_to_July_16_2024.pdf,39
,,Suspicious M/V,,Building Checked/Secured,No,,601 DONALD J. LYNCH BLVD,Marlborough,,,Marlborough PD,,00:38,,,07/16/2024,Call_Log_July_1_2024_to_July_16_2024.pdf,39
,,BUILDING CHECK,,Building Checked/Secured,No,,853 DONALD J. LYNCH BLVD,Marlborough,,,Marlborough PD,,00:49,,,07/16/2024,Call_Log_July_1_2024_to_July_16_2024.pdf,39
,,ASSIST OTHER AGENCY,,Services Rendered- PD,No,,157 UNION ST,Marlborough,,,Marlborough PD,,01:00,,,07/16/2024,Call_Log_July_1_2024_to_July_16_2024.pdf,39
,,"ALARM, BURGLAR",,Building Checked/Secured,No,,201 FOREST ST,Marlborough,,,Marlborough PD,,04:10,,,07/16/2024,Call_Log_July_1_2024_to_July_16_2024.pdf,39
,,"ALARM, BURGLAR",,Building Checked/Secured,No,,350 EAST MAIN ST,Marlborough,,,Marlborough PD,,04:44,,,07/16/2024,Call_Log_July_1_2024_to_July_16_2024.pdf,39
,,"ALARM, BURGLAR",,Building Checked/Secured,No,,80 FOLEY RD,Marlborough,,,Marlborough PD,,05:57,,,07/16/2024,Call_Log_July_1_2024_to_July_16_2024.pdf,39
,,Private Tow,,Services Rendered- PD,No,,121 NORTHBORO ROAD EAST,Marlborough,,,Marlborough PD,,06:49,,,07/16/2024,Call_Log_July_1_2024_to_July_16_2024.pdf,39
