Dispatch Call ID Number,Dispatch Code,Call Description,Priority Level of Call,Call Disposition,Crime Incident Report Written,Crime Incident ID,Address Street,Address City,Address Zip,Geographic Coordinates,Police Division,Police Beat,Time of Call,Time of Dispatch,Time of Arrival,Date of Call,Source PDF File,Source Page
,,MOTOR VEHICLE STOP,,Citation/Warning Issued,No,,99 BEACH ST,Marlborough,,,Marlborough PD,,07:07,,,12/22/2023,Call_Log_December_22_2023_to_December_31_2023.pdf,1
,,MOTOR VEHICLE STOP,,Citation/Warning Issued,No,,181 BOSTON POST ROAD WEST,Marlborough,,,Marlborough PD,,07:14,,,12/22/2023,Call_Log_December_22_2023_to_December_31_2023.pdf,1
,,DISTURBANCE,,Report,Yes,,40 CHANDLER ST,Marlborough,,,Marlborough PD,,07:22,,,12/22/2023,Call_Log_December_22_2023_to_December_31_2023.pdf,1
,,Medical,,Services Rendered- FD,No,,370 HEMENWAY ST Apt. #209,Marlborough,,,Marlborough PD,,07:32,,,12/22/2023,Call_Log_December_22_2023_to_December_31_2023.pdf,1
,,Ambulance Assist,,Services Rendered- PD,No,,370 HEMENWAY ST Apt. #209,Marlborough,,,Marlborough PD,,07:34,,,12/22/2023,Call_Log_December_22_2023_to_December_31_2023.pdf,1
,,Medical,,Services Rendered- FD,No,,121 NORTHBORO ROAD EAST Apt. #128,Marlborough,,,Marlborough PD,,07:52,,,12/22/2023,Call_Log_December_22_2023_to_December_31_2023.pdf,1
,,ESCORT/TRANSPORT,,Services Rendered- PD,No,,441 BOLTON ST,Marlborough,,,Marlborough PD,,08:31,,,12/22/2023,Call_Log_December_22_2023_to_December_31_2023.pdf,1
,,ESCORT/TRANSPORT,,Services Rendered- PD,No,,441 BOLTON ST,Marlborough,,,Marlborough PD,,08:34,,,12/22/2023,Call_Log_December_22_2023_to_December_31_2023.pdf,1
,,Medical,,Services Rendered- FD,No,,87B BROADMEADOW RD Apt. #11,Marlborough,,,Marlborough PD,,08:51,,,12/22/2023,Call_Log_December_22_2023_to_December_31_2023.pdf,1
,,DISABLED MV,,No Action Required,No,,313 BOSTON POST ROAD WEST,Marlborough,,,Marlborough PD,,09:04,,,12/22/2023,Call_Log_December_22_2023_to_December_31_2023.pdf,1
,,Medical,,Services Rendered- FD,No,,400 HEMENWAY ST Apt. #145,Marlborough,,,Marlborough PD,,09:04,,,12/22/2023,Call_Log_December_22_2023_to_December_31_2023.pdf,1
,,Ambulance Assist,,No Action Required,No,,400 HEMENWAY ST Apt. #145,Marlborough,,,Marlborough PD,,09:06,,,12/22/2023,Call_Log_December_22_2023_to_December_31_2023.pdf,1
,,911 Hangup/Call,,Services Rendered- PD,No,,80 WEST MAIN ST Apt. #1,Marlborough,,,Marlborough PD,,09:32,,,12/22/2023,Call_Log_December_22_2023_to_December_31_2023.pdf,1
,,VANDALISM,,Report,Yes,,15 BEAMAN LN,Marlborough,,,Marlborough PD,,10:26,,,12/22/2023,Call_Log_December_22_2023_to_December_31_2023.pdf,1
,,Ambulance Only,,Services Rendered- FD,No,,355 BOLTON ST,Marlborough,,,Marlborough PD,,10:40,,,12/22/2023,Call_Log_December_22_2023_to_December_31_2023.pdf,1
,,Motor vehicle accident I,,Services Rendered- FD,No,,175 CHURCH ST @ 62 ESSEX ST,Marlborough,,,Marlborough PD,,10:57,,,12/22/2023,Call_Log_December_22_2023_to_December_31_2023.pdf,1
,,MVA PROPERTY DAMAGE ONLY,,Report,Yes,,175 CHURCH ST @ 62 ESSEX ST,Marlborough,,,Marlborough PD,,10:59,,,12/22/2023,Call_Log_December_22_2023_to_December_31_2023.pdf,1
,,Suspicious M/V,,Services Rendered- PD,No,,140 MECHANIC ST,Marlborough,,,Marlborough PD,,11:01,,,12/22/2023,Call_Log_December_22_2023_to_December_31_2023.pdf,1
,,MVA PROPERTY DAMAGE ONLY,,Report,Yes,,282 EAST MAIN ST Apt. #4,Marlborough,,,Marlborough PD,,12:37,,,12/22/2023,Call_Log_December_22_2023_to_December_31_2023.pdf,2
,,LARCENY,,Report,Yes,,157 UNION ST,Marlborough,,,Marlborough PD,,13:10,,,12/22/2023,Call_Log_December_22_2023_to_December_31_2023.pdf,2
,,Fraud / Forgery,,Services Rendered- PD,No,,45 LAKESIDE AVE Apt. #29,Marlborough,,,Marlborough PD,,13:22,,,12/22/2023,Call_Log_December_22_2023_to_December_31_2023.pdf,2
,,Threats,,Report,Yes,,25 UNION ST,Marlborough,,,Marlborough PD,,13:34,,,12/22/2023,Call_Log_December_22_2023_to_December_31_2023.pdf,2
,,Drug Offense,,Report,Yes,,25 UNION ST,Marlborough,,,Marlborough PD,,13:36,,,12/22/2023,Call_Log_December_22_2023_to_December_31_2023.pdf,2
,,Drug Offense,,Report,Yes,,25 UNION ST,Marlborough,,,Marlborough PD,,13:36,,,12/22/2023,Call_Log_December_22_2023_to_December_31_2023.pdf,2
,,Harassment,,Report,Yes,,83 KINGS GRANT RD,Marlborough,,,Marlborough PD,,14:28,,,12/22/2023,Call_Log_December_22_2023_to_December_31_2023.pdf,2
,,DISTURBANCE,,Services Rendered- PD,No,,155 BOSTON POST ROAD WEST,Marlborough,,,Marlborough PD,,15:09,,,12/22/2023,Call_Log_December_22_2023_to_December_31_2023.pdf,2
,,MVA PROPERTY DAMAGE ONLY,,Report,Yes,,188 MAIN ST,Marlborough,,,Marlborough PD,,15:13,,,12/22/2023,Call_Log_December_22_2023_to_December_31_2023.pdf,2
,,Motor vehicle accident I,,Services Rendered- FD,No,,188 MAIN ST,Marlborough,,,Marlborough PD,,15:15,,,12/22/2023,Call_Log_December_22_2023_to_December_31_2023.pdf,2
,,DPW Called Out,,Services Rendered- PD,No,,RUSSETT LN,Marlborough,,,Marlborough PD,,16:03,,,12/22/2023,Call_Log_December_22_2023_to_December_31_2023.pdf,2
,,Police Assist,,Services Rendered- PD,No,,355 BOLTON ST,Marlborough,,,Marlborough PD,,16:14,,,12/22/2023,Call_Log_December_22_2023_to_December_31_2023.pdf,2
,,MOTOR VEHICLE STOP,,Arrest(s) Made,Yes,23-403-AR,22 GRANT ST,Marlborough,,,Marlborough PD,,16:26,,,12/22/2023,Call_Log_December_22_2023_to_December_31_2023.pdf,2
,,Police Assist,,Services Rendered- PD,No,,83 KINGS GRANT RD,Marlborough,,,Marlborough PD,,16:33,,,12/22/2023,Call_Log_December_22_2023_to_December_31_2023.pdf,2
,,DISTURBANCE,,Services Rendered- PD,No,,57 ORCHARD ST,Marlborough,,,Marlborough PD,,16:39,,,12/22/2023,Call_Log_December_22_2023_to_December_31_2023.pdf,2
,,MVA PROPERTY DAMAGE ONLY,,Report,Yes,,72 WEST MAIN ST,Marlborough,,,Marlborough PD,,16:53,,,12/22/2023,Call_Log_December_22_2023_to_December_31_2023.pdf,2
,,Motor Vehicle Accident I I,,Medical Assistance Rendered,No,,308 FRAMINGHAM RD,Marlborough,,,Marlborough PD,,17:18,,,12/22/2023,Call_Log_December_22_2023_to_December_31_2023.pdf,3
,,MVA WITH INJURIES,,Report,Yes,,308 FRAMINGHAM RD,Marlborough,,,Marlborough PD,,17:21,,,12/22/2023,Call_Log_December_22_2023_to_December_31_2023.pdf,3
,,Parking Violation,,Services Rendered- PD,No,,36 CROSS ST @ 176 CHESTNUT ST,Marlborough,,,Marlborough PD,,17:28,,,12/22/2023,Call_Log_December_22_2023_to_December_31_2023.pdf,3
,,DISABLED MV,,Unfounded,No,,66 MECHANIC ST @ 339 LINCOLN ST,Marlborough,,,Marlborough PD,,17:35,,,12/22/2023,Call_Log_December_22_2023_to_December_31_2023.pdf,3
,,DISTURBANCE,,Report,Yes,,247 MAPLE ST Apt. #A,Marlborough,,,Marlborough PD,,18:01,,,12/22/2023,Call_Log_December_22_2023_to_December_31_2023.pdf,3
,,DISTURBANCE,,Report,Yes,,173 ELM ST,Marlborough,,,Marlborough PD,,18:31,,,12/22/2023,Call_Log_December_22_2023_to_December_31_2023.pdf,3
,,DPW Called Out,,Services Rendered- PD,No,,WEST ST,Marlborough,,,Marlborough PD,,18:39,,,12/22/2023,Call_Log_December_22_2023_to_December_31_2023.pdf,3
,,Medical,,Medical Assistance Rendered,No,,10 REDBUD WAY,Marlborough,,,Marlborough PD,,18:49,,,12/22/2023,Call_Log_December_22_2023_to_December_31_2023.pdf,3
,,MVA PROPERTY DAMAGE ONLY,,Report,Yes,23-404-AR,10 REDBUD WAY,Marlborough,,,Marlborough PD,,18:51,,,12/22/2023,Call_Log_December_22_2023_to_December_31_2023.pdf,3
,,Suspicious M/V,,Services Rendered- PD,No,,237 CONCORD RD,Marlborough,,,Marlborough PD,,19:41,,,12/22/2023,Call_Log_December_22_2023_to_December_31_2023.pdf,3
,,Suspicious M/V,,Services Rendered- PD,No,,500 DONALD J. LYNCH BLVD,Marlborough,,,Marlborough PD,,19:46,,,12/22/2023,Call_Log_December_22_2023_to_December_31_2023.pdf,3
,,Suspicious M/V,,Services Rendered- PD,No,,132 HOSMER ST @ 1 ROYAL CREST DR,Marlborough,,,Marlborough PD,,19:48,,,12/22/2023,Call_Log_December_22_2023_to_December_31_2023.pdf,3
,,Suspicious M/V,,Services Rendered- PD,No,,521 DONALD J. LYNCH BLVD,Marlborough,,,Marlborough PD,,19:53,,,12/22/2023,Call_Log_December_22_2023_to_December_31_2023.pdf,3
,,911 Hangup/Call,,Unfounded,No,,625 BRIGHAM ST,Marlborough,,,Marlborough PD,,20:04,,,12/22/2023,Call_Log_December_22_2023_to_December_31_2023.pdf,3
,,"ALARM, BURGLAR",,Unfounded,No,,601 DONALD J. LYNCH BLVD,Marlborough,,,Marlborough PD,,20:49,,,12/22/2023,Call_Log_December_22_2023_to_December_31_2023.pdf,3
,,"ALARM, BURGLAR",,Building Checked/Secured,No,,661 BOSTON POST ROAD EAST,Marlborough,,,Marlborough PD,,20:52,,,12/22/2023,Call_Log_December_22_2023_to_December_31_2023.pdf,3
,,Medical,,Medical Assistance Rendered,No,,209 UNION ST,Marlborough,,,Marlborough PD,,20:53,,,12/22/2023,Call_Log_December_22_2023_to_December_31_2023.pdf,3
,,Private Tow,,Private tow,No,,806 BOSTON POST ROAD EAST,Marlborough,,,Marlborough PD,,21:09,,,12/22/2023,Call_Log_December_22_2023_to_December_31_2023.pdf,3
,,COMPLAINT,,Services Rendered- PD,No,,416 BOSTON POST ROAD EAST Apt. #3,Marlborough,,,Marlborough PD,,21:13,,,12/22/2023,Call_Log_December_22_2023_to_December_31_2023.pdf,4
,,"ALARM, BURGLAR",,Building Checked/Secured,No,,150 LOCKE DR,Marlborough,,,Marlborough PD,,22:29,,,12/22/2023,Call_Log_December_22_2023_to_December_31_2023.pdf,4
,,MOTOR VEHICLE STOP,,Citation/Warning Issued,No,,74 GRANGER BLVD @ 26 AMES PL,Marlborough,,,Marlborough PD,,22:49,,,12/22/2023,Call_Log_December_22_2023_to_December_31_2023.pdf,4
,,Medical,,Medical Assistance Rendered,No,,12 PLEASANT CT Apt. #2,Marlborough,,,Marlborough PD,,23:02,,,12/22/2023,Call_Log_December_22_2023_to_December_31_2023.pdf,4
,,DISTURBANCE,,Services Rendered- PD,No,,49 BRIARWOOD LN Apt. #12,Marlborough,,,Marlborough PD,,00:26,,,12/23/2023,Call_Log_December_22_2023_to_December_31_2023.pdf,4
,,Well being check,,Services Rendered- PD,No,,28 MILL STREET CENTRAL,Marlborough,,,Marlborough PD,,00:43,,,12/23/2023,Call_Log_December_22_2023_to_December_31_2023.pdf,4
,,911 Hangup/Call,,Services Rendered- PD,No,,416 BOSTON POST ROAD EAST,Marlborough,,,Marlborough PD,,00:53,,,12/23/2023,Call_Log_December_22_2023_to_December_31_2023.pdf,4
,,BUILDING CHECK,,Building Checked/Secured,No,,910 BOSTON POST ROAD EAST Apt. #1,Marlborough,,,Marlborough PD,,01:37,,,12/23/2023,Call_Log_December_22_2023_to_December_31_2023.pdf,4
,,DPW Called Out,,Services Rendered- PD,No,,233 SOUTH ST,Marlborough,,,Marlborough PD,,01:39,,,12/23/2023,Call_Log_December_22_2023_to_December_31_2023.pdf,4
,,Parking Violation,,Citation/Warning Issued,No,,RUSSELL ST,Marlborough,,,Marlborough PD,,02:24,,,12/23/2023,Call_Log_December_22_2023_to_December_31_2023.pdf,4
,,Suspicious M/V,,Services Rendered- PD,No,,95 WEST MAIN ST @ 14 WINTHROP ST,Marlborough,,,Marlborough PD,,02:27,,,12/23/2023,Call_Log_December_22_2023_to_December_31_2023.pdf,4
,,SUSPICIOUS ACTIVITY,,Unfounded,No,,11 PROSPECT ST @ 255 MAIN ST,Marlborough,,,Marlborough PD,,02:30,,,12/23/2023,Call_Log_December_22_2023_to_December_31_2023.pdf,4
,,Ambulance Assist,,Services Rendered- PD,No,,586 BOSTON POST ROAD EAST Apt. #11,Marlborough,,,Marlborough PD,,02:46,,,12/23/2023,Call_Log_December_22_2023_to_December_31_2023.pdf,4
,,Medical,,Services Rendered- FD,No,,586 BOSTON POST ROAD EAST Apt. #11,Marlborough,,,Marlborough PD,,02:46,,,12/23/2023,Call_Log_December_22_2023_to_December_31_2023.pdf,4
,,MOTOR VEHICLE STOP,,Building Checked/Secured,No,,312 MAPLE ST,Marlborough,,,Marlborough PD,,03:00,,,12/23/2023,Call_Log_December_22_2023_to_December_31_2023.pdf,4
,,Ambulance Assist,,Services Rendered- PD,No,,184 MECHANIC ST Apt. #6,Marlborough,,,Marlborough PD,,03:24,,,12/23/2023,Call_Log_December_22_2023_to_December_31_2023.pdf,4
,,Medical,,Services Rendered- FD,No,,184 MECHANIC ST Apt. #6,Marlborough,,,Marlborough PD,,03:24,,,12/23/2023,Call_Log_December_22_2023_to_December_31_2023.pdf,4
,,"ALARM, BURGLAR",,Building Checked/Secured,No,,STARBUCKS - 661 BOSTON POST ROAD EAST,Marlborough,,,Marlborough PD,,05:19,,,12/23/2023,Call_Log_December_22_2023_to_December_31_2023.pdf,5
,,MOTOR VEHICLE STOP,,Citation/Warning Issued,No,,171 FRAMINGHAM RD @ 75 WALKER ST,Marlborough,,,Marlborough PD,,06:03,,,12/23/2023,Call_Log_December_22_2023_to_December_31_2023.pdf,5
,,DISTURBANCE,,Unfounded,No,,26 ROYAL CREST DR Apt. #12,Marlborough,,,Marlborough PD,,06:50,,,12/23/2023,Call_Log_December_22_2023_to_December_31_2023.pdf,5
,,MVA PROPERTY DAMAGE ONLY,,Report,Yes,,495 BOSTON POST ROAD EAST,Marlborough,,,Marlborough PD,,07:38,,,12/23/2023,Call_Log_December_22_2023_to_December_31_2023.pdf,5
,,Ambulance Assist,,Services Rendered- PD,No,,60 ASHLEY LN,Marlborough,,,Marlborough PD,,08:17,,,12/23/2023,Call_Log_December_22_2023_to_December_31_2023.pdf,5
,,Medical,,Services Rendered- FD,No,,60 ASHLEY LN,Marlborough,,,Marlborough PD,,08:18,,,12/23/2023,Call_Log_December_22_2023_to_December_31_2023.pdf,5
,,"ALARM, BURGLAR",,Building Checked/Secured,No,,512 FOREST ST,Marlborough,,,Marlborough PD,,08:25,,,12/23/2023,Call_Log_December_22_2023_to_December_31_2023.pdf,5
,,"ALARM, BURGLAR",,Building Checked/Secured,No,,100 CROWLEY DR,Marlborough,,,Marlborough PD,,09:20,,,12/23/2023,Call_Log_December_22_2023_to_December_31_2023.pdf,5
,,VANDALISM,,Report,Yes,,72 FELTON ST,Marlborough,,,Marlborough PD,,09:50,,,12/23/2023,Call_Log_December_22_2023_to_December_31_2023.pdf,5
,,Animal Complaint,,Services Rendered- PD,No,,52 PEARL ST,Marlborough,,,Marlborough PD,,09:56,,,12/23/2023,Call_Log_December_22_2023_to_December_31_2023.pdf,5
,,Ambulance Assist,,Services Rendered- PD,No,,60 ASHLEY LN,Marlborough,,,Marlborough PD,,10:11,,,12/23/2023,Call_Log_December_22_2023_to_December_31_2023.pdf,5
,,Medical,,Services Rendered- FD,No,,60 ASHLEY LN,Marlborough,,,Marlborough PD,,10:11,,,12/23/2023,Call_Log_December_22_2023_to_December_31_2023.pdf,5
,,Parking Violation,,Services Rendered- PD,No,,24 AUBURN ST @ 24 CLINTON ST,Marlborough,,,Marlborough PD,,10:55,,,12/23/2023,Call_Log_December_22_2023_to_December_31_2023.pdf,5
,,TRAFFIC CONTROL,,Services Rendered- PD,No,,BERLIN RD,Marlborough,,,Marlborough PD,,12:08,,,12/23/2023,Call_Log_December_22_2023_to_December_31_2023.pdf,5
,,Ambulance Assist,,Services Rendered- PD,No,,87 LINCOLN ST Apt. #2,Marlborough,,,Marlborough PD,,12:22,,,12/23/2023,Call_Log_December_22_2023_to_December_31_2023.pdf,5
,,Medical,,Services Rendered- FD,No,,87 LINCOLN ST Apt. #2,Marlborough,,,Marlborough PD,,12:22,,,12/23/2023,Call_Log_December_22_2023_to_December_31_2023.pdf,5
,,911 Hangup/Call,,Unfounded,No,,33 MAIN ST,Marlborough,,,Marlborough PD,,12:31,,,12/23/2023,Call_Log_December_22_2023_to_December_31_2023.pdf,5
,,"ALARM, BURGLAR",,Building Checked/Secured,No,,401 ELM ST,Marlborough,,,Marlborough PD,,12:58,,,12/23/2023,Call_Log_December_22_2023_to_December_31_2023.pdf,5
,,MOTOR VEHICLE STOP,,Citation/Warning Issued,No,,439 ELM ST @ 10 LOCKE DR,Marlborough,,,Marlborough PD,,13:25,,,12/23/2023,Call_Log_December_22_2023_to_December_31_2023.pdf,5
,,MOTOR VEHICLE STOP,,Citation/Warning Issued,No,,430 LAKESIDE AVE @ 14 GLEN ST,Marlborough,,,Marlborough PD,,13:41,,,12/23/2023,Call_Log_December_22_2023_to_December_31_2023.pdf,6
,,"ALARM, BURGLAR",,Services Rendered- PD,No,,25 UNION ST,Marlborough,,,Marlborough PD,,14:32,,,12/23/2023,Call_Log_December_22_2023_to_December_31_2023.pdf,6
,,Animal Complaint,,Services Rendered- PD,No,,55 WINTHROP ST,Marlborough,,,Marlborough PD,,14:48,,,12/23/2023,Call_Log_December_22_2023_to_December_31_2023.pdf,6
,,"ALARM, BURGLAR",,Services Rendered- PD,No,,150 LOCKE DR,Marlborough,,,Marlborough PD,,15:24,,,12/23/2023,Call_Log_December_22_2023_to_December_31_2023.pdf,6
,,911 Hangup/Call,,Unfounded,No,,245 FOREST ST,Marlborough,,,Marlborough PD,,15:38,,,12/23/2023,Call_Log_December_22_2023_to_December_31_2023.pdf,6
,,DISTURBANCE,,Report,Yes,,61 FAIRMOUNT ST,Marlborough,,,Marlborough PD,,15:45,,,12/23/2023,Call_Log_December_22_2023_to_December_31_2023.pdf,6
,,Medical,,Medical Assistance Rendered,No,,605 BOSTON POST ROAD EAST,Marlborough,,,Marlborough PD,,15:48,,,12/23/2023,Call_Log_December_22_2023_to_December_31_2023.pdf,6
,,Medical,,Medical Assistance Rendered,No,,159 SILVER LEAF WAY Apt. #14,Marlborough,,,Marlborough PD,,16:17,,,12/23/2023,Call_Log_December_22_2023_to_December_31_2023.pdf,6
,,Ambulance Assist,,Services Rendered- PD,No,,159 SILVER LEAF WAY Apt. #14,Marlborough,,,Marlborough PD,,16:19,,,12/23/2023,Call_Log_December_22_2023_to_December_31_2023.pdf,6
,,911 Hangup/Call,,Services Rendered- PD,No,,58 FRAMINGHAM RD,Marlborough,,,Marlborough PD,,16:22,,,12/23/2023,Call_Log_December_22_2023_to_December_31_2023.pdf,6
,,Suspicious M/V,,Report,Yes,,38 MILLHAM ST,Marlborough,,,Marlborough PD,,16:25,,,12/23/2023,Call_Log_December_22_2023_to_December_31_2023.pdf,6
,,Medical,,Medical Assistance Rendered,No,,230 EAST MAIN ST Apt. #A,Marlborough,,,Marlborough PD,,16:52,,,12/23/2023,Call_Log_December_22_2023_to_December_31_2023.pdf,6
,,Ambulance Assist,,Services Rendered- PD,No,,230 EAST MAIN ST Apt. #A,Marlborough,,,Marlborough PD,,16:52,,,12/23/2023,Call_Log_December_22_2023_to_December_31_2023.pdf,6
,,Medical,,Medical Assistance Rendered,No,,63 MILLHAM ST,Marlborough,,,Marlborough PD,,16:56,,,12/23/2023,Call_Log_December_22_2023_to_December_31_2023.pdf,6
,,Medical,,Medical Assistance Rendered,No,,132 BIGELOW ST,Marlborough,,,Marlborough PD,,17:10,,,12/23/2023,Call_Log_December_22_2023_to_December_31_2023.pdf,6
,,Animal Complaint,,Report,Yes,,300 BROADMEADOW RD,Marlborough,,,Marlborough PD,,17:11,,,12/23/2023,Call_Log_December_22_2023_to_December_31_2023.pdf,6
,,ASSIST CITIZEN,,Services Rendered- PD,No,,52 WHITTIER RD,Marlborough,,,Marlborough PD,,17:33,,,12/23/2023,Call_Log_December_22_2023_to_December_31_2023.pdf,6
,,Medical,,Medical Assistance Rendered,No,,28 MILL STREET CENTRAL,Marlborough,,,Marlborough PD,,17:42,,,12/23/2023,Call_Log_December_22_2023_to_December_31_2023.pdf,6
,,ASSIST OTHER AGENCY,,Services Rendered- PD,No,,157 UNION ST,Marlborough,,,Marlborough PD,,17:43,,,12/23/2023,Call_Log_December_22_2023_to_December_31_2023.pdf,6
,,Ambulance Assist,,Services Rendered- PD,No,,28 MILL STREET CENTRAL,Marlborough,,,Marlborough PD,,17:45,,,12/23/2023,Call_Log_December_22_2023_to_December_31_2023.pdf,7
,,Medical,,Medical Assistance Rendered,No,,29 PLEASANT ST Apt. #B8,Marlborough,,,Marlborough PD,,18:30,,,12/23/2023,Call_Log_December_22_2023_to_December_31_2023.pdf,7
,,Ambulance Assist,,Services Rendered- PD,No,,29 PLEASANT ST Apt. #B8,Marlborough,,,Marlborough PD,,18:31,,,12/23/2023,Call_Log_December_22_2023_to_December_31_2023.pdf,7
,,Medical,,Medical Assistance Rendered,No,,21 APEX DR,Marlborough,,,Marlborough PD,,18:36,,,12/23/2023,Call_Log_December_22_2023_to_December_31_2023.pdf,7
,,Ambulance Assist,,Services Rendered- PD,No,,21 APEX DR,Marlborough,,,Marlborough PD,,18:37,,,12/23/2023,Call_Log_December_22_2023_to_December_31_2023.pdf,7
,,Medical,,Medical Assistance Rendered,No,,420 HEMENWAY ST Apt. #151,Marlborough,,,Marlborough PD,,19:04,,,12/23/2023,Call_Log_December_22_2023_to_December_31_2023.pdf,7
,,Medical,,Medical Assistance Rendered,No,,35 WARREN AVE,Marlborough,,,Marlborough PD,,19:39,,,12/23/2023,Call_Log_December_22_2023_to_December_31_2023.pdf,7
,,Ambulance Assist,,Services Rendered- PD,No,,35 WARREN AVE,Marlborough,,,Marlborough PD,,19:42,,,12/23/2023,Call_Log_December_22_2023_to_December_31_2023.pdf,7
,,VANDALISM,,Report,Yes,,BOSTON POST ROAD WEST,Marlborough,,,Marlborough PD,,20:55,,,12/23/2023,Call_Log_December_22_2023_to_December_31_2023.pdf,7
,,ASSIST CITIZEN,,Report,Yes,,FIL-A - 36 APEX DR,Marlborough,,,Marlborough PD,,21:33,,,12/23/2023,Call_Log_December_22_2023_to_December_31_2023.pdf,7
,,Suspicious M/V,,Services Rendered- PD,No,,231 COOK LN,Marlborough,,,Marlborough PD,,21:47,,,12/23/2023,Call_Log_December_22_2023_to_December_31_2023.pdf,7
,,911 Hangup/Call,,Services Rendered- PD,No,,BROAD ST,Marlborough,,,Marlborough PD,,22:11,,,12/23/2023,Call_Log_December_22_2023_to_December_31_2023.pdf,7
,,ASSIST CITIZEN,,Services Rendered- PD,No,,19 NORTHBORO ROAD EAST,Marlborough,,,Marlborough PD,,22:22,,,12/23/2023,Call_Log_December_22_2023_to_December_31_2023.pdf,7
,,ASSIST CITIZEN,,Services Rendered- PD,No,,10 ROYAL CREST DR,Marlborough,,,Marlborough PD,,23:13,,,12/23/2023,Call_Log_December_22_2023_to_December_31_2023.pdf,7
,,COMPLAINT,,Services Rendered- PD,No,,22 NEIL ST,Marlborough,,,Marlborough PD,,23:37,,,12/23/2023,Call_Log_December_22_2023_to_December_31_2023.pdf,7
,,Medical,,Medical Assistance Rendered,No,,121 NORTHBORO ROAD EAST Apt. #139B,Marlborough,,,Marlborough PD,,00:08,,,12/24/2023,Call_Log_December_22_2023_to_December_31_2023.pdf,7
,,Ambulance Assist,,Services Rendered- PD,No,,121 NORTHBORO ROAD EAST Apt. #139B,Marlborough,,,Marlborough PD,,00:09,,,12/24/2023,Call_Log_December_22_2023_to_December_31_2023.pdf,7
,,COMPLAINT,,Services Rendered- PD,No,,416 BOSTON POST ROAD EAST Apt. #3,Marlborough,,,Marlborough PD,,00:19,,,12/24/2023,Call_Log_December_22_2023_to_December_31_2023.pdf,8
,,Suspicious M/V,,Services Rendered- PD,No,,500 BOLTON ST,Marlborough,,,Marlborough PD,,00:42,,,12/24/2023,Call_Log_December_22_2023_to_December_31_2023.pdf,8
,,Suspicious M/V,,Services Rendered- PD,No,,300 NICKERSON RD,Marlborough,,,Marlborough PD,,01:05,,,12/24/2023,Call_Log_December_22_2023_to_December_31_2023.pdf,8
,,SUSPICIOUS ACTIVITY,,Services Rendered- PD,No,,601 DONALD J. LYNCH BLVD,Marlborough,,,Marlborough PD,,01:22,,,12/24/2023,Call_Log_December_22_2023_to_December_31_2023.pdf,8
,,MOTOR VEHICLE STOP,,Services Rendered- PD,No,,28 BOSTON POST ROAD EAST,Marlborough,,,Marlborough PD,,01:40,,,12/24/2023,Call_Log_December_22_2023_to_December_31_2023.pdf,8
,,BUILDING CHECK,,Building Checked/Secured,No,,910 BOSTON POST ROAD EAST Apt. #1,Marlborough,,,Marlborough PD,,02:33,,,12/24/2023,Call_Log_December_22_2023_to_December_31_2023.pdf,8
,,DISTURBANCE,,Report,Yes,23-407-AR,2 SILVER ST Apt. #2,Marlborough,,,Marlborough PD,,02:58,,,12/24/2023,Call_Log_December_22_2023_to_December_31_2023.pdf,8
,,Medical,,Medical Assistance Rendered,No,,2 SILVER ST Apt. #2,Marlborough,,,Marlborough PD,,03:02,,,12/24/2023,Call_Log_December_22_2023_to_December_31_2023.pdf,8
,,COMPLAINT,,Services Rendered- PD,No,,42 MUSTANG AVE,Marlborough,,,Marlborough PD,,03:31,,,12/24/2023,Call_Log_December_22_2023_to_December_31_2023.pdf,8
,,Medical,,Medical Assistance Rendered,No,,23 CATHERINE DR,Marlborough,,,Marlborough PD,,04:08,,,12/24/2023,Call_Log_December_22_2023_to_December_31_2023.pdf,8
,,Well being check,,Services Rendered- PD,No,,166 PLEASANT ST,Marlborough,,,Marlborough PD,,04:10,,,12/24/2023,Call_Log_December_22_2023_to_December_31_2023.pdf,8
,,Animal Complaint,,Services Rendered- PD,No,,229 WILSON ST,Marlborough,,,Marlborough PD,,05:03,,,12/24/2023,Call_Log_December_22_2023_to_December_31_2023.pdf,8
,,DPW Called Out,,Services Rendered- PD,No,,229 WILSON ST,Marlborough,,,Marlborough PD,,05:26,,,12/24/2023,Call_Log_December_22_2023_to_December_31_2023.pdf,8
,,Medical,,Transported to Hospital,No,,265 LAKESIDE AVE Apt. #251,Marlborough,,,Marlborough PD,,06:41,,,12/24/2023,Call_Log_December_22_2023_to_December_31_2023.pdf,8
,,Ambulance Assist,,Services Rendered- PD,No,,265 LAKESIDE AVE Apt. #251,Marlborough,,,Marlborough PD,,06:43,,,12/24/2023,Call_Log_December_22_2023_to_December_31_2023.pdf,8
,,ASSIST CITIZEN,,Services Rendered- PD,No,,181 BOSTON POST ROAD WEST,Marlborough,,,Marlborough PD,,10:31,,,12/24/2023,Call_Log_December_22_2023_to_December_31_2023.pdf,8
,,ASSIST CITIZEN,,Report,Yes,,45 MILDON AVE,Marlborough,,,Marlborough PD,,10:46,,,12/24/2023,Call_Log_December_22_2023_to_December_31_2023.pdf,8
,,B&E into M/V,,Report,Yes,,25 BRIARWOOD LN,Marlborough,,,Marlborough PD,,11:14,,,12/24/2023,Call_Log_December_22_2023_to_December_31_2023.pdf,9
,,MVA PROPERTY DAMAGE ONLY,,Report,Yes,,240 EAST MAIN ST,Marlborough,,,Marlborough PD,,11:43,,,12/24/2023,Call_Log_December_22_2023_to_December_31_2023.pdf,9
,,DISTURBANCE,,Report,Yes,,COURT ST,Marlborough,,,Marlborough PD,,11:43,,,12/24/2023,Call_Log_December_22_2023_to_December_31_2023.pdf,9
,,Eratic Operator,,Report,Yes,,BOSTON POST ROAD EAST,Marlborough,,,Marlborough PD,,12:03,,,12/24/2023,Call_Log_December_22_2023_to_December_31_2023.pdf,9
,,LARCENY,,Report,Yes,,43 BRIARWOOD LN Apt. #11,Marlborough,,,Marlborough PD,,12:20,,,12/24/2023,Call_Log_December_22_2023_to_December_31_2023.pdf,9
,,Medical,,Transported to Hospital,No,,265 LAKESIDE AVE Apt. #314,Marlborough,,,Marlborough PD,,12:37,,,12/24/2023,Call_Log_December_22_2023_to_December_31_2023.pdf,9
,,Ambulance Assist,,Services Rendered- PD,No,,265 LAKESIDE AVE Apt. #314,Marlborough,,,Marlborough PD,,12:38,,,12/24/2023,Call_Log_December_22_2023_to_December_31_2023.pdf,9
,,DISTURBANCE,,Report,Yes,,20 FRONT ST,Marlborough,,,Marlborough PD,,12:40,,,12/24/2023,Call_Log_December_22_2023_to_December_31_2023.pdf,9
,,Medical,,Transported to Hospital,No,,397 BOLTON ST Apt. #E5,Marlborough,,,Marlborough PD,,13:05,,,12/24/2023,Call_Log_December_22_2023_to_December_31_2023.pdf,9
,,Ambulance Assist,,Services Rendered- PD,No,,397 BOLTON ST Apt. #E5,Marlborough,,,Marlborough PD,,13:05,,,12/24/2023,Call_Log_December_22_2023_to_December_31_2023.pdf,9
,,DISTURBANCE,,Services Rendered- PD,No,,114 EAST MAIN ST,Marlborough,,,Marlborough PD,,13:26,,,12/24/2023,Call_Log_December_22_2023_to_December_31_2023.pdf,9
,,Medical,,Transported to Hospital,No,,235 PLEASANT ST,Marlborough,,,Marlborough PD,,13:56,,,12/24/2023,Call_Log_December_22_2023_to_December_31_2023.pdf,9
,,Ambulance Assist,,Services Rendered- PD,No,,235 PLEASANT ST,Marlborough,,,Marlborough PD,,13:57,,,12/24/2023,Call_Log_December_22_2023_to_December_31_2023.pdf,9
,,"Gas Leak, Outside",,Services Rendered- FD,No,,400 NICKERSON RD,Marlborough,,,Marlborough PD,,14:40,,,12/24/2023,Call_Log_December_22_2023_to_December_31_2023.pdf,9
,,ASSIST CITIZEN,,Services Rendered- PD,No,,207 EAST MAIN ST,Marlborough,,,Marlborough PD,,14:41,,,12/24/2023,Call_Log_December_22_2023_to_December_31_2023.pdf,9
,,ASSIST OTHER AGENCY,,Services Rendered- PD,No,,400 NICKERSON RD,Marlborough,,,Marlborough PD,,14:42,,,12/24/2023,Call_Log_December_22_2023_to_December_31_2023.pdf,9
,,VANDALISM,,Report,Yes,,121 BOLTON ST,Marlborough,,,Marlborough PD,,14:47,,,12/24/2023,Call_Log_December_22_2023_to_December_31_2023.pdf,9
,,Ambulance Only,,Medical Assistance Rendered,No,,[HUD] 19 SENECA DR,Marlborough,,,Marlborough PD,,16:02,,,12/24/2023,Call_Log_December_22_2023_to_December_31_2023.pdf,9
,,Medical,,Medical Assistance Rendered,No,,85 MOSHER LN,Marlborough,,,Marlborough PD,,16:11,,,12/24/2023,Call_Log_December_22_2023_to_December_31_2023.pdf,9
,,911 Hangup/Call,,Building Checked/Secured,No,,688 BOSTON POST ROAD EAST Apt. #123,Marlborough,,,Marlborough PD,,16:12,,,12/24/2023,Call_Log_December_22_2023_to_December_31_2023.pdf,9
,,Ambulance Assist,,Services Rendered- PD,No,,85 MOSHER LN,Marlborough,,,Marlborough PD,,16:13,,,12/24/2023,Call_Log_December_22_2023_to_December_31_2023.pdf,10
,,DPW Called Out,,Services Rendered- PD,No,,35 PHELPS ST,Marlborough,,,Marlborough PD,,16:15,,,12/24/2023,Call_Log_December_22_2023_to_December_31_2023.pdf,10
,,Medical,,Medical Assistance Rendered,No,,53 WAGON HILL RD,Marlborough,,,Marlborough PD,,16:26,,,12/24/2023,Call_Log_December_22_2023_to_December_31_2023.pdf,10
,,"BURGLARY, B & E PAST",,Building Checked/Secured,No,,250 WILSON ST,Marlborough,,,Marlborough PD,,16:32,,,12/24/2023,Call_Log_December_22_2023_to_December_31_2023.pdf,10
,,Well being check,,Report,Yes,,9 MIELE RD,Marlborough,,,Marlborough PD,,16:50,,,12/24/2023,Call_Log_December_22_2023_to_December_31_2023.pdf,10
,,Ambulance Only,,Medical Assistance Rendered,No,,9 MIELE RD,Marlborough,,,Marlborough PD,,17:01,,,12/24/2023,Call_Log_December_22_2023_to_December_31_2023.pdf,10
,,911 Hangup/Call,,Building Checked/Secured,No,,29 WARREN AVE,Marlborough,,,Marlborough PD,,17:19,,,12/24/2023,Call_Log_December_22_2023_to_December_31_2023.pdf,10
,,"ALARM, BURGLAR",,Building Checked/Secured,No,,MOBILE - 90 APEX DR Apt. #B,Marlborough,,,Marlborough PD,,17:36,,,12/24/2023,Call_Log_December_22_2023_to_December_31_2023.pdf,10
,,Medical,,Medical Assistance Rendered,No,,509 LINCOLN ST Apt. #5,Marlborough,,,Marlborough PD,,17:53,,,12/24/2023,Call_Log_December_22_2023_to_December_31_2023.pdf,10
,,MVA PROPERTY DAMAGE ONLY,,Report,Yes,,119 BOSTON POST ROAD EAST @ 4 PHELPS ST,Marlborough,,,Marlborough PD,,18:33,,,12/24/2023,Call_Log_December_22_2023_to_December_31_2023.pdf,10
,,"ALARM, BURGLAR",,Building Checked/Secured,No,,19 MIELE RD,Marlborough,,,Marlborough PD,,18:36,,,12/24/2023,Call_Log_December_22_2023_to_December_31_2023.pdf,10
,,Medical,,Medical Assistance Rendered,No,,240 MAIN ST Apt. #224,Marlborough,,,Marlborough PD,,19:00,,,12/24/2023,Call_Log_December_22_2023_to_December_31_2023.pdf,10
,,"ALARM, BURGLAR",,Building Checked/Secured,No,,753 FOREST ST Apt. #100,Marlborough,,,Marlborough PD,,19:15,,,12/24/2023,Call_Log_December_22_2023_to_December_31_2023.pdf,10
,,Medical,,Medical Assistance Rendered,No,,421 BOLTON ST Apt. #122A,Marlborough,,,Marlborough PD,,19:27,,,12/24/2023,Call_Log_December_22_2023_to_December_31_2023.pdf,10
,,"ALARM, BURGLAR",,Services Rendered- PD,No,,627 DONALD J. LYNCH BLVD,Marlborough,,,Marlborough PD,,19:45,,,12/24/2023,Call_Log_December_22_2023_to_December_31_2023.pdf,10
,,Medical,,Medical Assistance Rendered,No,,82 VICTORIA LN,Marlborough,,,Marlborough PD,,20:04,,,12/24/2023,Call_Log_December_22_2023_to_December_31_2023.pdf,10
,,Well being check,,Services Rendered- PD,No,,74 SONIA DR,Marlborough,,,Marlborough PD,,20:29,,,12/24/2023,Call_Log_December_22_2023_to_December_31_2023.pdf,10
,,Ambulance Only,,Medical Assistance Rendered,No,,264 EAST MAIN ST Apt. #A,Marlborough,,,Marlborough PD,,20:48,,,12/24/2023,Call_Log_December_22_2023_to_December_31_2023.pdf,10
,,Ambulance Only,,Medical Assistance Rendered,No,,GORDON RD,Marlborough,,,Marlborough PD,,20:50,,,12/24/2023,Call_Log_December_22_2023_to_December_31_2023.pdf,11
,,Eratic Operator,,Services Rendered- PD,Yes,23-409-AR,120 WEST MAIN ST @ 3 SOUTH ST,Marlborough,,,Marlborough PD,,20:56,,,12/24/2023,Call_Log_December_22_2023_to_December_31_2023.pdf,11
,,MVA PROPERTY DAMAGE ONLY,,Services Rendered- PD,No,,19 WARREN AVE @ 11 MADDOX RD,Marlborough,,,Marlborough PD,,20:59,,,12/24/2023,Call_Log_December_22_2023_to_December_31_2023.pdf,11
,,DISTURBANCE,,Report,Yes,,700 BERLIN RD,Marlborough,,,Marlborough PD,,22:19,,,12/24/2023,Call_Log_December_22_2023_to_December_31_2023.pdf,11
,,DISTURBANCE,,Report,Yes,,276 MAIN ST,Marlborough,,,Marlborough PD,,22:37,,,12/24/2023,Call_Log_December_22_2023_to_December_31_2023.pdf,11
,,SUSPICIOUS ACTIVITY,,Unfounded,No,,31 BRIARWOOD LN Apt. #10,Marlborough,,,Marlborough PD,,22:55,,,12/24/2023,Call_Log_December_22_2023_to_December_31_2023.pdf,11
,,Medical,,Medical Assistance Rendered,No,,107 ELM ST Apt. #2,Marlborough,,,Marlborough PD,,22:57,,,12/24/2023,Call_Log_December_22_2023_to_December_31_2023.pdf,11
,,Ambulance Assist,,Services Rendered- PD,No,,107 ELM ST Apt. #2,Marlborough,,,Marlborough PD,,23:00,,,12/24/2023,Call_Log_December_22_2023_to_December_31_2023.pdf,11
,,MOTOR VEHICLE STOP,,Services Rendered- PD,No,,350 EAST MAIN ST,Marlborough,,,Marlborough PD,,23:06,,,12/24/2023,Call_Log_December_22_2023_to_December_31_2023.pdf,11
,,DISTURBANCE,,Services Rendered- PD,No,,10 FARMHOUSE LN Apt. #4,Marlborough,,,Marlborough PD,,23:07,,,12/24/2023,Call_Log_December_22_2023_to_December_31_2023.pdf,11
,,DISTURBANCE,,Report,Yes,,169 APEX DR,Marlborough,,,Marlborough PD,,23:10,,,12/24/2023,Call_Log_December_22_2023_to_December_31_2023.pdf,11
,,Medical,,Transported to Hospital,No,,109A BROADMEADOW RD Apt. #7,Marlborough,,,Marlborough PD,,23:14,,,12/24/2023,Call_Log_December_22_2023_to_December_31_2023.pdf,11
,,DISTURBANCE,,Services Rendered- PD,No,,10 FARMHOUSE LN Apt. #4,Marlborough,,,Marlborough PD,,23:30,,,12/24/2023,Call_Log_December_22_2023_to_December_31_2023.pdf,11
,,COMPLAINT,,Services Rendered- PD,No,,34 CURTIS AVE Apt. #P4,Marlborough,,,Marlborough PD,,00:11,,,12/25/2023,Call_Log_December_22_2023_to_December_31_2023.pdf,11
,,COMPLAINT,,Services Rendered- PD,No,,83 CRESTWOOD LN,Marlborough,,,Marlborough PD,,00:14,,,12/25/2023,Call_Log_December_22_2023_to_December_31_2023.pdf,11
,,COMPLAINT,,Services Rendered- PD,No,,115 SILVER LEAF WAY Apt. #22,Marlborough,,,Marlborough PD,,00:26,,,12/25/2023,Call_Log_December_22_2023_to_December_31_2023.pdf,11
,,911 Hangup/Call,,Services Rendered- PD,No,,162 GLEN ST,Marlborough,,,Marlborough PD,,00:50,,,12/25/2023,Call_Log_December_22_2023_to_December_31_2023.pdf,12
,,MVA PROPERTY DAMAGE ONLY,,Report,Yes,,463 STOW RD,Marlborough,,,Marlborough PD,,00:54,,,12/25/2023,Call_Log_December_22_2023_to_December_31_2023.pdf,12
,,DISTURBANCE,,Arrest(s) Made,Yes,,302 BOSTON POST ROAD EAST Apt. #B12,Marlborough,,,Marlborough PD,,00:59,,,12/25/2023,Call_Log_December_22_2023_to_December_31_2023.pdf,12
,,MVA PROPERTY DAMAGE ONLY,,Report,Yes,,88 MAPLE ST,Marlborough,,,Marlborough PD,,02:03,,,12/25/2023,Call_Log_December_22_2023_to_December_31_2023.pdf,12
,,COMPLAINT,,Services Rendered- PD,No,,34 CURTIS AVE Apt. #P4,Marlborough,,,Marlborough PD,,02:25,,,12/25/2023,Call_Log_December_22_2023_to_December_31_2023.pdf,12
,,COMPLAINT,,Services Rendered- PD,No,,31 BRIARWOOD LN Apt. #2,Marlborough,,,Marlborough PD,,03:12,,,12/25/2023,Call_Log_December_22_2023_to_December_31_2023.pdf,12
,,911 Hangup/Call,,Services Rendered- PD,No,,42 PARK ST,Marlborough,,,Marlborough PD,,03:57,,,12/25/2023,Call_Log_December_22_2023_to_December_31_2023.pdf,12
,,MOTOR VEHICLE STOP,,Citation/Warning Issued,No,,74 GRANGER BLVD @ 26 AMES PL,Marlborough,,,Marlborough PD,,04:02,,,12/25/2023,Call_Log_December_22_2023_to_December_31_2023.pdf,12
,,SUSPICIOUS ACTIVITY,,Services Rendered- PD,No,,910 BOSTON POST ROAD EAST Apt. #1,Marlborough,,,Marlborough PD,,05:02,,,12/25/2023,Call_Log_December_22_2023_to_December_31_2023.pdf,12
,,Well being check,,Services Rendered- PD,No,,205 EAST MAIN ST,Marlborough,,,Marlborough PD,,05:14,,,12/25/2023,Call_Log_December_22_2023_to_December_31_2023.pdf,12
,,MOTOR VEHICLE STOP,,Citation/Warning Issued,No,,133 EAST MAIN ST,Marlborough,,,Marlborough PD,,05:32,,,12/25/2023,Call_Log_December_22_2023_to_December_31_2023.pdf,12
,,Suspicious M/V,,Services Rendered- PD,No,,96 SOUTH BOLTON ST,Marlborough,,,Marlborough PD,,06:07,,,12/25/2023,Call_Log_December_22_2023_to_December_31_2023.pdf,12
,,ASSIST CITIZEN,,Services Rendered- PD,No,,169 APEX DR,Marlborough,,,Marlborough PD,,06:46,,,12/25/2023,Call_Log_December_22_2023_to_December_31_2023.pdf,12
,,Medical,,Medical Assistance Rendered,No,,410 LAKESIDE AVE,Marlborough,,,Marlborough PD,,07:33,,,12/25/2023,Call_Log_December_22_2023_to_December_31_2023.pdf,12
,,Medical,,Medical Assistance Rendered,No,,55 WARREN AVE,Marlborough,,,Marlborough PD,,07:43,,,12/25/2023,Call_Log_December_22_2023_to_December_31_2023.pdf,12
,,Well being check,,Services Rendered- PD,No,,55 WARREN AVE,Marlborough,,,Marlborough PD,,07:44,,,12/25/2023,Call_Log_December_22_2023_to_December_31_2023.pdf,12
,,ASSIST OTHER AGENCY,,Services Rendered- PD,No,,243 BOSTON POST ROAD EAST Apt. #2,Marlborough,,,Marlborough PD,,07:52,,,12/25/2023,Call_Log_December_22_2023_to_December_31_2023.pdf,12
,,DPW Called Out,,Services Rendered- PD,No,,200 EAST MAIN ST,Marlborough,,,Marlborough PD,,09:12,,,12/25/2023,Call_Log_December_22_2023_to_December_31_2023.pdf,12
,,Suspicious M/V,,Services Rendered- PD,No,,397 WILLIAMS ST,Marlborough,,,Marlborough PD,,09:42,,,12/25/2023,Call_Log_December_22_2023_to_December_31_2023.pdf,12
,,"ALARM, BURGLAR",,Building Checked/Secured,No,,701 BOSTON POST ROAD EAST,Marlborough,,,Marlborough PD,,10:45,,,12/25/2023,Call_Log_December_22_2023_to_December_31_2023.pdf,13
,,"ALARM, BURGLAR",,No Action Required,No,,44 BOSTON POST ROAD WEST,Marlborough,,,Marlborough PD,,11:39,,,12/25/2023,Call_Log_December_22_2023_to_December_31_2023.pdf,13
,,"ALARM, BURGLAR",,Building Checked/Secured,No,,54 SOUTH BOLTON ST,Marlborough,,,Marlborough PD,,12:26,,,12/25/2023,Call_Log_December_22_2023_to_December_31_2023.pdf,13
,,Animal Complaint,,Report,Yes,,83 GULBANKIAN DR,Marlborough,,,Marlborough PD,,12:46,,,12/25/2023,Call_Log_December_22_2023_to_December_31_2023.pdf,13
,,Medical,,Services Rendered- FD,No,,44 PHELPS ST,Marlborough,,,Marlborough PD,,13:24,,,12/25/2023,Call_Log_December_22_2023_to_December_31_2023.pdf,13
,,SUDDEN DEATH,,Report,Yes,,44 PHELPS ST,Marlborough,,,Marlborough PD,,13:28,,,12/25/2023,Call_Log_December_22_2023_to_December_31_2023.pdf,13
,,Eratic Operator,,Report,Yes,,PARMENTER ST,Marlborough,,,Marlborough PD,,15:52,,,12/25/2023,Call_Log_December_22_2023_to_December_31_2023.pdf,13
,,Medical,,Medical Assistance Rendered,No,,PARMENTER ST,Marlborough,,,Marlborough PD,,16:10,,,12/25/2023,Call_Log_December_22_2023_to_December_31_2023.pdf,13
,,Well being check,,Report,Yes,,157 UNION ST,Marlborough,,,Marlborough PD,,16:54,,,12/25/2023,Call_Log_December_22_2023_to_December_31_2023.pdf,13
,,MVA PROPERTY DAMAGE ONLY,,Services Rendered- PD,No,,140 ESSEX ST,Marlborough,,,Marlborough PD,,17:40,,,12/25/2023,Call_Log_December_22_2023_to_December_31_2023.pdf,13
,,MVA PROPERTY DAMAGE ONLY,,Report,Yes,,27 JOHN ST @ 95 MAPLE ST,Marlborough,,,Marlborough PD,,18:07,,,12/25/2023,Call_Log_December_22_2023_to_December_31_2023.pdf,13
,,Medical,,Medical Assistance Rendered,No,,230 BROADMEADOW RD,Marlborough,,,Marlborough PD,,18:22,,,12/25/2023,Call_Log_December_22_2023_to_December_31_2023.pdf,13
,,Ambulance Assist,,Services Rendered- PD,No,,230 BROADMEADOW RD,Marlborough,,,Marlborough PD,,18:24,,,12/25/2023,Call_Log_December_22_2023_to_December_31_2023.pdf,13
,,MOTOR VEHICLE STOP,,Citation/Warning Issued,No,,136 LINCOLN ST @ 85 BOLTON ST,Marlborough,,,Marlborough PD,,18:27,,,12/25/2023,Call_Log_December_22_2023_to_December_31_2023.pdf,13
,,Medical,,Medical Assistance Rendered,No,,116 PHEASANT HILL RD,Marlborough,,,Marlborough PD,,18:54,,,12/25/2023,Call_Log_December_22_2023_to_December_31_2023.pdf,13
,,Ambulance Assist,,Services Rendered- PD,No,,116 PHEASANT HILL RD,Marlborough,,,Marlborough PD,,18:56,,,12/25/2023,Call_Log_December_22_2023_to_December_31_2023.pdf,13
,,Medical,,Medical Assistance Rendered,No,,24 ETHEL AVE,Marlborough,,,Marlborough PD,,19:29,,,12/25/2023,Call_Log_December_22_2023_to_December_31_2023.pdf,13
,,ASSIST CITIZEN,,Report,Yes,,531 LINCOLN ST @ 85 BROAD ST,Marlborough,,,Marlborough PD,,19:46,,,12/25/2023,Call_Log_December_22_2023_to_December_31_2023.pdf,13
,,Medical,,Medical Assistance Rendered,No,,117 BROAD ST Apt. #2,Marlborough,,,Marlborough PD,,20:01,,,12/25/2023,Call_Log_December_22_2023_to_December_31_2023.pdf,13
,,MVA PROPERTY DAMAGE ONLY,,Arrest(s) Made,Yes,23-412-AR,680 FARM RD @ 2 BROADMEADOW RD,Marlborough,,,Marlborough PD,,20:43,,,12/25/2023,Call_Log_December_22_2023_to_December_31_2023.pdf,14
,,Medical,,Medical Assistance Rendered,No,,160 SOUTH ST Apt. #1,Marlborough,,,Marlborough PD,,21:21,,,12/25/2023,Call_Log_December_22_2023_to_December_31_2023.pdf,14
,,Ambulance Assist,,Arrest(s) Made,Yes,,160 SOUTH ST Apt. #1,Marlborough,,,Marlborough PD,,21:22,,,12/25/2023,Call_Log_December_22_2023_to_December_31_2023.pdf,14
,,ASSIST OTHER AGENCY,,Medical Assistance Rendered,No,,[HUD] 122 MURPHY RD,Marlborough,,,Marlborough PD,,21:41,,,12/25/2023,Call_Log_December_22_2023_to_December_31_2023.pdf,14
,,MISSING PERSON,,Report,Yes,,5139 TIMBERVIEW WAY,Marlborough,,,Marlborough PD,,21:43,,,12/25/2023,Call_Log_December_22_2023_to_December_31_2023.pdf,14
,,Parking Violation,,Unfounded,No,,79 HIGHLAND ST,Marlborough,,,Marlborough PD,,21:45,,,12/25/2023,Call_Log_December_22_2023_to_December_31_2023.pdf,14
,,Private Tow,,Services Rendered- PD,No,,37 HOSMER ST Apt. #1,Marlborough,,,Marlborough PD,,22:05,,,12/25/2023,Call_Log_December_22_2023_to_December_31_2023.pdf,14
,,Medical,,Services Rendered- FD,No,,155 KINGS GRANT RD,Marlborough,,,Marlborough PD,,22:18,,,12/25/2023,Call_Log_December_22_2023_to_December_31_2023.pdf,14
,,Ambulance Assist,,Report,Yes,,155 KINGS GRANT RD,Marlborough,,,Marlborough PD,,22:23,,,12/25/2023,Call_Log_December_22_2023_to_December_31_2023.pdf,14
,,Suspicious M/V,,Unfounded,No,,21 APEX DR,Marlborough,,,Marlborough PD,,22:48,,,12/25/2023,Call_Log_December_22_2023_to_December_31_2023.pdf,14
,,SUSPICIOUS ACTIVITY,,Services Rendered- PD,No,,607 APPLEBRIAR LN,Marlborough,,,Marlborough PD,,00:40,,,12/26/2023,Call_Log_December_22_2023_to_December_31_2023.pdf,14
,,LARCENY,,Report,Yes,,14 RYAN CT,Marlborough,,,Marlborough PD,,00:40,,,12/26/2023,Call_Log_December_22_2023_to_December_31_2023.pdf,14
,,Well being check,,Services Rendered- PD,No,,264 EAST MAIN ST Apt. #A,Marlborough,,,Marlborough PD,,03:12,,,12/26/2023,Call_Log_December_22_2023_to_December_31_2023.pdf,14
,,911 Hangup/Call,,Services Rendered- PD,No,,157 UNION ST,Marlborough,,,Marlborough PD,,03:15,,,12/26/2023,Call_Log_December_22_2023_to_December_31_2023.pdf,14
,,Private Tow,,Private tow,No,,169 BROAD ST,Marlborough,,,Marlborough PD,,03:19,,,12/26/2023,Call_Log_December_22_2023_to_December_31_2023.pdf,14
,,TRAFFIC CONTROL,,Services Rendered- PD,No,,190 LIBERTY ST,Marlborough,,,Marlborough PD,,03:55,,,12/26/2023,Call_Log_December_22_2023_to_December_31_2023.pdf,14
,,MISSING PERSON,,Report,Yes,,720 BOSTON POST ROAD EAST,Marlborough,,,Marlborough PD,,05:26,,,12/26/2023,Call_Log_December_22_2023_to_December_31_2023.pdf,14
,,MVA PROPERTY DAMAGE ONLY,,Services Rendered- PD,No,,195 BOSTON POST ROAD WEST,Marlborough,,,Marlborough PD,,06:31,,,12/26/2023,Call_Log_December_22_2023_to_December_31_2023.pdf,14
,,"ALARM, BURGLAR",,Building Checked/Secured,No,,417 SOUTH ST Apt. #4,Marlborough,,,Marlborough PD,,07:27,,,12/26/2023,Call_Log_December_22_2023_to_December_31_2023.pdf,15
,,MOTOR VEHICLE STOP,,Citation/Warning Issued,No,,330 SOUTH ST,Marlborough,,,Marlborough PD,,07:43,,,12/26/2023,Call_Log_December_22_2023_to_December_31_2023.pdf,15
,,Medical,,Services Rendered- FD,No,,53 WAGON HILL RD,Marlborough,,,Marlborough PD,,08:14,,,12/26/2023,Call_Log_December_22_2023_to_December_31_2023.pdf,15
,,Medical,,Medical Assistance Rendered,No,,99 PLEASANT ST,Marlborough,,,Marlborough PD,,08:28,,,12/26/2023,Call_Log_December_22_2023_to_December_31_2023.pdf,15
,,Ambulance Assist,,Services Rendered- PD,No,,99 PLEASANT ST,Marlborough,,,Marlborough PD,,08:29,,,12/26/2023,Call_Log_December_22_2023_to_December_31_2023.pdf,15
,,Medical,,Medical Assistance Rendered,No,,25 MAPLEWOOD AVE,Marlborough,,,Marlborough PD,,08:37,,,12/26/2023,Call_Log_December_22_2023_to_December_31_2023.pdf,15
,,ESCORT/TRANSPORT,,Services Rendered- PD,No,,45 WILLIAMS ST,Marlborough,,,Marlborough PD,,08:59,,,12/26/2023,Call_Log_December_22_2023_to_December_31_2023.pdf,15
,,ESCORT/TRANSPORT,,Services Rendered- PD,No,,45 WILLIAMS ST,Marlborough,,,Marlborough PD,,09:06,,,12/26/2023,Call_Log_December_22_2023_to_December_31_2023.pdf,15
,,Motor Vehicle Accident I I,,Medical Assistance Rendered,No,,BURGER BAR - 139 LAKESIDE AVE,Marlborough,,,Marlborough PD,,10:23,,,12/26/2023,Call_Log_December_22_2023_to_December_31_2023.pdf,15
,,MVA WITH INJURIES,,Report,Yes,,139 LAKESIDE AVE,Marlborough,,,Marlborough PD,,10:23,,,12/26/2023,Call_Log_December_22_2023_to_December_31_2023.pdf,15
,,MVA PROPERTY DAMAGE ONLY,,Report,Yes,,451 BOLTON ST,Marlborough,,,Marlborough PD,,10:27,,,12/26/2023,Call_Log_December_22_2023_to_December_31_2023.pdf,15
,,Fraud / Forgery,,Report,Yes,,21 BERGERON RD,Marlborough,,,Marlborough PD,,10:55,,,12/26/2023,Call_Log_December_22_2023_to_December_31_2023.pdf,15
,,Police Assist,,Services Rendered- PD,No,,12 FARMHOUSE LN Apt. #4,Marlborough,,,Marlborough PD,,11:18,,,12/26/2023,Call_Log_December_22_2023_to_December_31_2023.pdf,15
,,ASSIST OTHER AGENCY,,Services Rendered- PD,No,,160 SOUTH ST Apt. #1,Marlborough,,,Marlborough PD,,11:19,,,12/26/2023,Call_Log_December_22_2023_to_December_31_2023.pdf,15
,,Well being check,,Report,Yes,,159 SILVER LEAF WAY Apt. #14,Marlborough,,,Marlborough PD,,11:42,,,12/26/2023,Call_Log_December_22_2023_to_December_31_2023.pdf,15
,,ASSIST OTHER AGENCY,,Services Rendered- PD,No,,22 ETHEL AVE,Marlborough,,,Marlborough PD,,11:54,,,12/26/2023,Call_Log_December_22_2023_to_December_31_2023.pdf,15
,,DISTURBANCE,,Report,Yes,,155 BERLIN RD,Marlborough,,,Marlborough PD,,11:59,,,12/26/2023,Call_Log_December_22_2023_to_December_31_2023.pdf,15
,,Medical,,Services Rendered- FD,No,,159 SILVER LEAF WAY Apt. #14,Marlborough,,,Marlborough PD,,12:04,,,12/26/2023,Call_Log_December_22_2023_to_December_31_2023.pdf,15
,,Medical,,Services Rendered- FD,No,,400 HEMENWAY ST Apt. #939,Marlborough,,,Marlborough PD,,12:16,,,12/26/2023,Call_Log_December_22_2023_to_December_31_2023.pdf,15
,,LARCENY,,Report,Yes,,43 CURTIS AVE Apt. #E,Marlborough,,,Marlborough PD,,12:17,,,12/26/2023,Call_Log_December_22_2023_to_December_31_2023.pdf,16
,,MVA PROPERTY DAMAGE ONLY,,Report,Yes,,270 WEST MAIN ST,Marlborough,,,Marlborough PD,,12:36,,,12/26/2023,Call_Log_December_22_2023_to_December_31_2023.pdf,16
,,"ALARM, BURGLAR",,Building Checked/Secured,No,,26 WILSHIRE WAY,Marlborough,,,Marlborough PD,,13:11,,,12/26/2023,Call_Log_December_22_2023_to_December_31_2023.pdf,16
,,ASSAULT,,Report,Yes,,121 NORTHBORO ROAD EAST Apt. #309B,Marlborough,,,Marlborough PD,,13:43,,,12/26/2023,Call_Log_December_22_2023_to_December_31_2023.pdf,16
,,Fraud / Forgery,,Report,Yes,,100 BOSTON SCIENTIFIC WAY,Marlborough,,,Marlborough PD,,14:22,,,12/26/2023,Call_Log_December_22_2023_to_December_31_2023.pdf,16
,,Police Assist,,Unfounded,No,,123 BOSTON POST ROAD WEST,Marlborough,,,Marlborough PD,,14:24,,,12/26/2023,Call_Log_December_22_2023_to_December_31_2023.pdf,16
,,Trespassing,,Services Rendered- PD,No,,449 BOSTON POST ROAD EAST Apt. #A ST1,Marlborough,,,Marlborough PD,,14:32,,,12/26/2023,Call_Log_December_22_2023_to_December_31_2023.pdf,16
,,Medical,,Medical Assistance Rendered,No,,121 NORTHBORO ROAD EAST Apt. #125,Marlborough,,,Marlborough PD,,14:58,,,12/26/2023,Call_Log_December_22_2023_to_December_31_2023.pdf,16
,,SERVE SUMMONS,,No Action Required,No,,48 MILLHAM ST,Marlborough,,,Marlborough PD,,15:12,,,12/26/2023,Call_Log_December_22_2023_to_December_31_2023.pdf,16
,,911 Hangup/Call,,Services Rendered- PD,No,,22 ETHEL AVE,Marlborough,,,Marlborough PD,,16:07,,,12/26/2023,Call_Log_December_22_2023_to_December_31_2023.pdf,16
,,B&E into M/V,,Report,Yes,,47C CRYSTAL BROOK WAY,Marlborough,,,Marlborough PD,,16:19,,,12/26/2023,Call_Log_December_22_2023_to_December_31_2023.pdf,16
,,Ambulance Only,,Medical Assistance Rendered,No,,231 HOSMER ST,Marlborough,,,Marlborough PD,,17:03,,,12/26/2023,Call_Log_December_22_2023_to_December_31_2023.pdf,16
,,MOTOR VEHICLE STOP,,Citation/Warning Issued,No,,88 UNION ST @ 237 PROSPECT ST,Marlborough,,,Marlborough PD,,18:18,,,12/26/2023,Call_Log_December_22_2023_to_December_31_2023.pdf,16
,,MOTOR VEHICLE STOP,,Citation/Warning Issued,No,,154 MECHANIC ST @ 8 ELM ST,Marlborough,,,Marlborough PD,,18:31,,,12/26/2023,Call_Log_December_22_2023_to_December_31_2023.pdf,16
,,Medical,,Medical Assistance Rendered,No,,29 PLEASANT ST Apt. #B2,Marlborough,,,Marlborough PD,,18:42,,,12/26/2023,Call_Log_December_22_2023_to_December_31_2023.pdf,16
,,DISTURBANCE,,Unfounded,No,,21 APEX DR,Marlborough,,,Marlborough PD,,18:54,,,12/26/2023,Call_Log_December_22_2023_to_December_31_2023.pdf,16
,,Ambulance Assist,,Services Rendered- PD,No,,339 LINCOLN ST @ 66 MECHANIC ST,Marlborough,,,Marlborough PD,,19:21,,,12/26/2023,Call_Log_December_22_2023_to_December_31_2023.pdf,16
,,Medical,,Medical Assistance Rendered,No,,339 LINCOLN ST @ 66 MECHANIC ST,Marlborough,,,Marlborough PD,,19:22,,,12/26/2023,Call_Log_December_22_2023_to_December_31_2023.pdf,16
,,Medical,,Medical Assistance Rendered,No,,121 NORTHBORO ROAD EAST Apt. #105B,Marlborough,,,Marlborough PD,,19:32,,,12/26/2023,Call_Log_December_22_2023_to_December_31_2023.pdf,16
,,Parking Violation,,Citation/Warning Issued,No,,79 BROADMEADOW RD Apt. #A/B,Marlborough,,,Marlborough PD,,19:49,,,12/26/2023,Call_Log_December_22_2023_to_December_31_2023.pdf,17
,,Medical,,Medical Assistance Rendered,No,,121 NORTHBORO ROAD EAST Apt. #131B,Marlborough,,,Marlborough PD,,19:55,,,12/26/2023,Call_Log_December_22_2023_to_December_31_2023.pdf,17
,,ASSIST OTHER AGENCY,,Medical Assistance Rendered,No,,[HUD] 28 MAIN ST,Marlborough,,,Marlborough PD,,20:56,,,12/26/2023,Call_Log_December_22_2023_to_December_31_2023.pdf,17
,,Ambulance Assist,,Services Rendered- PD,No,,57 MECHANIC ST,Marlborough,,,Marlborough PD,,22:17,,,12/26/2023,Call_Log_December_22_2023_to_December_31_2023.pdf,17
,,Medical,,Medical Assistance Rendered,No,,57 MECHANIC ST,Marlborough,,,Marlborough PD,,22:18,,,12/26/2023,Call_Log_December_22_2023_to_December_31_2023.pdf,17
,,MOTOR VEHICLE STOP,,Citation/Warning Issued,No,,2 SILVER ST Apt. #APT4,Marlborough,,,Marlborough PD,,22:41,,,12/26/2023,Call_Log_December_22_2023_to_December_31_2023.pdf,17
,,ASSIST OTHER AGENCY,,Unfounded,No,,247 WEST HILL RD,Marlborough,,,Marlborough PD,,00:03,,,12/27/2023,Call_Log_December_22_2023_to_December_31_2023.pdf,17
,,Well being check,,Services Rendered- PD,No,,26 BRIARWOOD LN Apt. #10,Marlborough,,,Marlborough PD,,00:03,,,12/27/2023,Call_Log_December_22_2023_to_December_31_2023.pdf,17
,,Ambulance Only,,Transported to Hospital,No,,26 BRIARWOOD LN Apt. #10,Marlborough,,,Marlborough PD,,00:22,,,12/27/2023,Call_Log_December_22_2023_to_December_31_2023.pdf,17
,,DISTURBANCE,,Report,Yes,,57 NEWTON ST Apt. #1,Marlborough,,,Marlborough PD,,00:42,,,12/27/2023,Call_Log_December_22_2023_to_December_31_2023.pdf,17
,,Medical,,Transported to Hospital,No,,421 BOLTON ST Apt. #122A,Marlborough,,,Marlborough PD,,01:11,,,12/27/2023,Call_Log_December_22_2023_to_December_31_2023.pdf,17
,,Medical,,Services Rendered- FD,No,,319 EAST MAIN ST Apt. #M11,Marlborough,,,Marlborough PD,,02:42,,,12/27/2023,Call_Log_December_22_2023_to_December_31_2023.pdf,17
,,Ambulance Assist,,Services Rendered- PD,No,,319 EAST MAIN ST Apt. #M11,Marlborough,,,Marlborough PD,,02:44,,,12/27/2023,Call_Log_December_22_2023_to_December_31_2023.pdf,17
,,Medical,,Transported to Hospital,No,,57 MECHANIC ST,Marlborough,,,Marlborough PD,,04:15,,,12/27/2023,Call_Log_December_22_2023_to_December_31_2023.pdf,17
,,Ambulance Assist,,Services Rendered- PD,No,,57 MECHANIC ST,Marlborough,,,Marlborough PD,,04:16,,,12/27/2023,Call_Log_December_22_2023_to_December_31_2023.pdf,17
,,B&E into M/V,,Report,Yes,,7 FARMHOUSE LN Apt. #1,Marlborough,,,Marlborough PD,,04:44,,,12/27/2023,Call_Log_December_22_2023_to_December_31_2023.pdf,17
,,MOTOR VEHICLE STOP,,Citation/Warning Issued,No,,277 BOSTON POST ROAD WEST @ 175 AMES ST,Marlborough,,,Marlborough PD,,05:00,,,12/27/2023,Call_Log_December_22_2023_to_December_31_2023.pdf,17
,,MOTOR VEHICLE STOP,,Citation/Warning Issued,No,,250 LAKESIDE AVE,Marlborough,,,Marlborough PD,,05:24,,,12/27/2023,Call_Log_December_22_2023_to_December_31_2023.pdf,17
,,Medical,,Transported to Hospital,No,,139B BROADMEADOW RD Apt. #4,Marlborough,,,Marlborough PD,,05:35,,,12/27/2023,Call_Log_December_22_2023_to_December_31_2023.pdf,18
,,Well being check,,Services Rendered- PD,No,,139 BROADMEADOW RD Apt. #B4,Marlborough,,,Marlborough PD,,05:36,,,12/27/2023,Call_Log_December_22_2023_to_December_31_2023.pdf,18
,,Parking Violation,,Citation/Warning Issued,No,,FRONT ST,Marlborough,,,Marlborough PD,,05:38,,,12/27/2023,Call_Log_December_22_2023_to_December_31_2023.pdf,18
,,MOTOR VEHICLE STOP,,Citation/Warning Issued,No,,149 HAYES MEMORIAL DR,Marlborough,,,Marlborough PD,,05:46,,,12/27/2023,Call_Log_December_22_2023_to_December_31_2023.pdf,18
,,Medical,,Transported to Hospital,No,,27 REDBUD WAY Apt. #11,Marlborough,,,Marlborough PD,,05:49,,,12/27/2023,Call_Log_December_22_2023_to_December_31_2023.pdf,18
,,MOTOR VEHICLE STOP,,Citation/Warning Issued,No,,176 BOSTON POST ROAD WEST,Marlborough,,,Marlborough PD,,05:54,,,12/27/2023,Call_Log_December_22_2023_to_December_31_2023.pdf,18
,,Parking Violation,,Unfounded,No,,ONAMOG ST,Marlborough,,,Marlborough PD,,05:59,,,12/27/2023,Call_Log_December_22_2023_to_December_31_2023.pdf,18
,,"ALARM, BURGLAR",,Building Checked/Secured,No,,FIL-A - 36 APEX DR,Marlborough,,,Marlborough PD,,06:01,,,12/27/2023,Call_Log_December_22_2023_to_December_31_2023.pdf,18
,,"ALARM, BURGLAR",,Building Checked/Secured,No,,200 BOSTON POST ROAD EAST,Marlborough,,,Marlborough PD,,06:01,,,12/27/2023,Call_Log_December_22_2023_to_December_31_2023.pdf,18
,,MOTOR VEHICLE STOP,,Citation/Warning Issued,No,,85 BOLTON ST @ 136 LINCOLN ST,Marlborough,,,Marlborough PD,,06:33,,,12/27/2023,Call_Log_December_22_2023_to_December_31_2023.pdf,18
,,Medical,,Services Rendered- FD,No,,400 HEMENWAY ST Apt. #117,Marlborough,,,Marlborough PD,,06:34,,,12/27/2023,Call_Log_December_22_2023_to_December_31_2023.pdf,18
,,"ALARM, BURGLAR",,Building Checked/Secured,No,,140 LOCKE DR Apt. #A,Marlborough,,,Marlborough PD,,06:52,,,12/27/2023,Call_Log_December_22_2023_to_December_31_2023.pdf,18
,,MOTOR VEHICLE STOP,,Citation/Warning Issued,No,,525 BOSTON POST ROAD EAST,Marlborough,,,Marlborough PD,,07:01,,,12/27/2023,Call_Log_December_22_2023_to_December_31_2023.pdf,18
,,Medical,,Services Rendered- FD,No,,197 CHESTNUT ST Apt. #2,Marlborough,,,Marlborough PD,,07:04,,,12/27/2023,Call_Log_December_22_2023_to_December_31_2023.pdf,18
,,Ambulance Assist,,Services Rendered- PD,No,,197 CHESTNUT ST Apt. #2,Marlborough,,,Marlborough PD,,07:05,,,12/27/2023,Call_Log_December_22_2023_to_December_31_2023.pdf,18
,,911 Hangup/Call,,Building Checked/Secured,No,,33 LOCKE DR,Marlborough,,,Marlborough PD,,07:08,,,12/27/2023,Call_Log_December_22_2023_to_December_31_2023.pdf,18
,,MOTOR VEHICLE STOP,,Citation/Warning Issued,No,,WEED ST,Marlborough,,,Marlborough PD,,07:15,,,12/27/2023,Call_Log_December_22_2023_to_December_31_2023.pdf,18
,,Medical,,Services Rendered- FD,No,,720 BOSTON POST ROAD EAST Apt.,Marlborough,,,Marlborough PD,,08:13,,,12/27/2023,Call_Log_December_22_2023_to_December_31_2023.pdf,18
,,Police Assist,,Services Rendered- PD,No,,240 MAIN ST Apt. #513,Marlborough,,,Marlborough PD,,09:04,,,12/27/2023,Call_Log_December_22_2023_to_December_31_2023.pdf,19
,,Medical,,Services Rendered- FD,No,,240 MAIN ST Apt. #513,Marlborough,,,Marlborough PD,,09:16,,,12/27/2023,Call_Log_December_22_2023_to_December_31_2023.pdf,19
,,MVA PROPERTY DAMAGE ONLY,,Services Rendered- PD,No,,681 BOSTON POST ROAD EAST,Marlborough,,,Marlborough PD,,09:35,,,12/27/2023,Call_Log_December_22_2023_to_December_31_2023.pdf,19
,,MVA PROPERTY DAMAGE ONLY,,Report,Yes,,190 BOSTON POST ROAD WEST,Marlborough,,,Marlborough PD,,09:37,,,12/27/2023,Call_Log_December_22_2023_to_December_31_2023.pdf,19
,,DISTURBANCE,,Report,Yes,,172 HOSMER ST Apt. #12,Marlborough,,,Marlborough PD,,09:47,,,12/27/2023,Call_Log_December_22_2023_to_December_31_2023.pdf,19
,,AUTO THEFT,,Services Rendered- PD,No,,12 FARMHOUSE LN Apt. #8,Marlborough,,,Marlborough PD,,10:04,,,12/27/2023,Call_Log_December_22_2023_to_December_31_2023.pdf,19
,,Fraud / Forgery,,Report,Yes,,12 CROSS ST,Marlborough,,,Marlborough PD,,10:07,,,12/27/2023,Call_Log_December_22_2023_to_December_31_2023.pdf,19
,,Medical,,Services Rendered- FD,No,,400 HEMENWAY ST,Marlborough,,,Marlborough PD,,10:27,,,12/27/2023,Call_Log_December_22_2023_to_December_31_2023.pdf,19
,,Ambulance Assist,,Services Rendered- PD,No,,400 HEMENWAY ST,Marlborough,,,Marlborough PD,,10:27,,,12/27/2023,Call_Log_December_22_2023_to_December_31_2023.pdf,19
,,Fraud / Forgery,,Report,Yes,,77 AHLGREN CIR,Marlborough,,,Marlborough PD,,10:28,,,12/27/2023,Call_Log_December_22_2023_to_December_31_2023.pdf,19
,,MOTOR VEHICLE STOP,,Citation/Warning Issued,No,,54 MAIN ST,Marlborough,,,Marlborough PD,,10:37,,,12/27/2023,Call_Log_December_22_2023_to_December_31_2023.pdf,19
,,ABANDONED MV,,Report,Yes,,1 COURT ST,Marlborough,,,Marlborough PD,,10:54,,,12/27/2023,Call_Log_December_22_2023_to_December_31_2023.pdf,19
,,AUTO THEFT,,Report,Yes,,12 FARMHOUSE LN Apt. #8,Marlborough,,,Marlborough PD,,11:07,,,12/27/2023,Call_Log_December_22_2023_to_December_31_2023.pdf,19
,,Medical,,Services Rendered- FD,No,,240 MAIN ST Apt. #415,Marlborough,,,Marlborough PD,,12:02,,,12/27/2023,Call_Log_December_22_2023_to_December_31_2023.pdf,19
,,Ambulance Only,,Services Rendered- FD,No,,340 MAPLE ST Apt. #400,Marlborough,,,Marlborough PD,,12:21,,,12/27/2023,Call_Log_December_22_2023_to_December_31_2023.pdf,19
,,Medical,,Services Rendered- FD,No,,121 NORTHBORO ROAD EAST Apt. #315,Marlborough,,,Marlborough PD,,13:13,,,12/27/2023,Call_Log_December_22_2023_to_December_31_2023.pdf,19
,,911 Hangup/Call,,No Action Required,No,,250 CAMPUS DR,Marlborough,,,Marlborough PD,,13:20,,,12/27/2023,Call_Log_December_22_2023_to_December_31_2023.pdf,19
,,ASSIST OTHER AGENCY,,Services Rendered- PD,No,,376 MAPLE ST @ 492 SOUTH ST,Marlborough,,,Marlborough PD,,14:24,,,12/27/2023,Call_Log_December_22_2023_to_December_31_2023.pdf,19
,,Eratic Operator,,Services Rendered- PD,No,,400 SOUTH ST,Marlborough,,,Marlborough PD,,14:34,,,12/27/2023,Call_Log_December_22_2023_to_December_31_2023.pdf,19
,,Medical,,Medical Assistance Rendered,No,,135 BROADMEADOW RD Apt. #11,Marlborough,,,Marlborough PD,,14:42,,,12/27/2023,Call_Log_December_22_2023_to_December_31_2023.pdf,20
,,Well being check,,Report,Yes,,195 EAST MAIN ST Apt. #60,Marlborough,,,Marlborough PD,,14:47,,,12/27/2023,Call_Log_December_22_2023_to_December_31_2023.pdf,20
,,Parking Violation,,Citation/Warning Issued,No,,46 GRANT ST,Marlborough,,,Marlborough PD,,14:48,,,12/27/2023,Call_Log_December_22_2023_to_December_31_2023.pdf,20
,,Medical,,Services Rendered- FD,No,,6 ASHLEY LN,Marlborough,,,Marlborough PD,,14:50,,,12/27/2023,Call_Log_December_22_2023_to_December_31_2023.pdf,20
,,Ambulance Assist,,Services Rendered- PD,No,,6 ASHLEY LN,Marlborough,,,Marlborough PD,,14:51,,,12/27/2023,Call_Log_December_22_2023_to_December_31_2023.pdf,20
,,Ambulance Only,,Medical Assistance Rendered,No,,195 EAST MAIN ST Apt. #60,Marlborough,,,Marlborough PD,,15:21,,,12/27/2023,Call_Log_December_22_2023_to_December_31_2023.pdf,20
,,Well being check,,Services Rendered- PD,No,,[MAR 4898] 286 WEST MAIN ST Apt. #2,Marlborough,,,Marlborough PD,,15:34,,,12/27/2023,Call_Log_December_22_2023_to_December_31_2023.pdf,20
,,Well being check,,Services Rendered- PD,No,,141 BOSTON POST ROAD WEST,Marlborough,,,Marlborough PD,,16:06,,,12/27/2023,Call_Log_December_22_2023_to_December_31_2023.pdf,20
,,Ambulance Only,,Medical Assistance Rendered,No,,141 BOSTON POST ROAD WEST,Marlborough,,,Marlborough PD,,16:15,,,12/27/2023,Call_Log_December_22_2023_to_December_31_2023.pdf,20
,,Medical,,Medical Assistance Rendered,No,,421 BOLTON ST Apt. #224,Marlborough,,,Marlborough PD,,16:40,,,12/27/2023,Call_Log_December_22_2023_to_December_31_2023.pdf,20
,,Ambulance Assist,,Services Rendered- PD,No,,421 BOLTON ST Apt. #224,Marlborough,,,Marlborough PD,,16:40,,,12/27/2023,Call_Log_December_22_2023_to_December_31_2023.pdf,20
,,MOTOR VEHICLE STOP,,Report,Yes,,111 LAKESIDE AVE,Marlborough,,,Marlborough PD,,17:01,,,12/27/2023,Call_Log_December_22_2023_to_December_31_2023.pdf,20
,,MVA PROPERTY DAMAGE ONLY,,Report,Yes,,880 DONALD J. LYNCH BLVD @ 0 SOLOMON POND RD,Marlborough,,,Marlborough PD,,17:13,,,12/27/2023,Call_Log_December_22_2023_to_December_31_2023.pdf,20
,,DISABLED MV,,Services Rendered- PD,No,,154 MECHANIC ST @ 8 ELM ST,Marlborough,,,Marlborough PD,,17:25,,,12/27/2023,Call_Log_December_22_2023_to_December_31_2023.pdf,20
,,Medical,,Medical Assistance Rendered,No,,53 WAGON HILL RD,Marlborough,,,Marlborough PD,,17:58,,,12/27/2023,Call_Log_December_22_2023_to_December_31_2023.pdf,20
,,Medical,,Medical Assistance Rendered,No,,400 BOLTON ST Apt. #216,Marlborough,,,Marlborough PD,,18:01,,,12/27/2023,Call_Log_December_22_2023_to_December_31_2023.pdf,20
,,Ambulance Assist,,Services Rendered- PD,No,,53 WAGON HILL RD,Marlborough,,,Marlborough PD,,18:01,,,12/27/2023,Call_Log_December_22_2023_to_December_31_2023.pdf,20
,,Fraud / Forgery,,Report,Yes,,240 EAST MAIN ST,Marlborough,,,Marlborough PD,,18:04,,,12/27/2023,Call_Log_December_22_2023_to_December_31_2023.pdf,20
,,DISTURBANCE,,Services Rendered- PD,No,,193 BOSTON POST ROAD WEST Apt. #C,Marlborough,,,Marlborough PD,,18:13,,,12/27/2023,Call_Log_December_22_2023_to_December_31_2023.pdf,20
,,Medical,,Medical Assistance Rendered,No,,14 MOUNT PLEASANT ST,Marlborough,,,Marlborough PD,,18:15,,,12/27/2023,Call_Log_December_22_2023_to_December_31_2023.pdf,21
,,MOTOR VEHICLE STOP,,Services Rendered- PD,No,,103 RUSSELL ST @ 281 PLEASANT ST,Marlborough,,,Marlborough PD,,18:31,,,12/27/2023,Call_Log_December_22_2023_to_December_31_2023.pdf,21
,,911 Hangup/Call,,Services Rendered- PD,No,,25 BRIARWOOD LN,Marlborough,,,Marlborough PD,,18:35,,,12/27/2023,Call_Log_December_22_2023_to_December_31_2023.pdf,21
,,Medical,,Medical Assistance Rendered,No,,15 ROYAL CREST DR Apt. #7,Marlborough,,,Marlborough PD,,18:50,,,12/27/2023,Call_Log_December_22_2023_to_December_31_2023.pdf,21
,,Ambulance Assist,,Services Rendered- PD,No,,15 ROYAL CREST DR Apt. #7,Marlborough,,,Marlborough PD,,18:51,,,12/27/2023,Call_Log_December_22_2023_to_December_31_2023.pdf,21
,,SUSPICIOUS ACTIVITY,,Services Rendered- PD,No,,109 MILL STREET SOUTH,Marlborough,,,Marlborough PD,,19:07,,,12/27/2023,Call_Log_December_22_2023_to_December_31_2023.pdf,21
,,HARASSMENT ORDER/SERVED,,Services Rendered- PD,No,,124 HOSMER ST Apt. #9,Marlborough,,,Marlborough PD,,19:20,,,12/27/2023,Call_Log_December_22_2023_to_December_31_2023.pdf,21
,,911 Hangup/Call,,Services Rendered- PD,No,,265 LAKESIDE AVE,Marlborough,,,Marlborough PD,,19:21,,,12/27/2023,Call_Log_December_22_2023_to_December_31_2023.pdf,21
,,SERVE SUMMONS,,Services Rendered- PD,No,,138 BLANCHETTE DR,Marlborough,,,Marlborough PD,,19:32,,,12/27/2023,Call_Log_December_22_2023_to_December_31_2023.pdf,21
,,Private Tow,,Private tow,No,,21 APEX DR,Marlborough,,,Marlborough PD,,19:34,,,12/27/2023,Call_Log_December_22_2023_to_December_31_2023.pdf,21
,,COMPLAINT,,Report,Yes,,416 BOSTON POST ROAD EAST Apt. #3,Marlborough,,,Marlborough PD,,20:37,,,12/27/2023,Call_Log_December_22_2023_to_December_31_2023.pdf,21
,,COMPLAINT,,Services Rendered- PD,No,,416 BOSTON POST ROAD EAST Apt. #3,Marlborough,,,Marlborough PD,,21:14,,,12/27/2023,Call_Log_December_22_2023_to_December_31_2023.pdf,21
,,ASSIST OTHER AGENCY,,Medical Assistance Rendered,No,,RT495 NORTH/NORTH OF 290,Marlborough,,,Marlborough PD,,21:19,,,12/27/2023,Call_Log_December_22_2023_to_December_31_2023.pdf,21
,,MOTOR VEHICLE STOP,,Citation/Warning Issued,No,,235 W MAIN ST @ 16 BEACH ST,Marlborough,,,Marlborough PD,,22:26,,,12/27/2023,Call_Log_December_22_2023_to_December_31_2023.pdf,21
,,911 Hangup/Call,,Services Rendered- PD,No,,170 FOREST ST Apt. #306,Marlborough,,,Marlborough PD,,23:10,,,12/27/2023,Call_Log_December_22_2023_to_December_31_2023.pdf,21
,,Medical,,Medical Assistance Rendered,No,,591 STEVENS ST,Marlborough,,,Marlborough PD,,23:45,,,12/27/2023,Call_Log_December_22_2023_to_December_31_2023.pdf,21
,,Ambulance Assist,,Services Rendered- PD,No,,591 STEVENS ST,Marlborough,,,Marlborough PD,,23:45,,,12/27/2023,Call_Log_December_22_2023_to_December_31_2023.pdf,21
,,Ambulance Assist,,Services Rendered- PD,No,,184 MECHANIC ST Apt. #6,Marlborough,,,Marlborough PD,,00:21,,,12/28/2023,Call_Log_December_22_2023_to_December_31_2023.pdf,22
,,Medical,,Medical Assistance Rendered,No,,184 MECHANIC ST Apt. #6,Marlborough,,,Marlborough PD,,00:21,,,12/28/2023,Call_Log_December_22_2023_to_December_31_2023.pdf,22
,,Well being check,,Report,Yes,,30 BROAD ST Apt. #201,Marlborough,,,Marlborough PD,,01:04,,,12/28/2023,Call_Log_December_22_2023_to_December_31_2023.pdf,22
,,Private Tow,,Private tow,No,,93 BROADMEADOW RD Apt. #6,Marlborough,,,Marlborough PD,,03:09,,,12/28/2023,Call_Log_December_22_2023_to_December_31_2023.pdf,22
,,SUSPICIOUS ACTIVITY,,Services Rendered- PD,No,,35 BRIARWOOD LN Apt. #8,Marlborough,,,Marlborough PD,,04:40,,,12/28/2023,Call_Log_December_22_2023_to_December_31_2023.pdf,22
,,Medical,,Medical Assistance Rendered,No,,400 BOLTON ST Apt. #133,Marlborough,,,Marlborough PD,,05:14,,,12/28/2023,Call_Log_December_22_2023_to_December_31_2023.pdf,22
,,Medical,,Medical Assistance Rendered,No,,164 LAKESHORE DR,Marlborough,,,Marlborough PD,,05:41,,,12/28/2023,Call_Log_December_22_2023_to_December_31_2023.pdf,22
,,Medical,,Medical Assistance Rendered,No,,53 WAGON HILL RD,Marlborough,,,Marlborough PD,,05:55,,,12/28/2023,Call_Log_December_22_2023_to_December_31_2023.pdf,22
,,DISTURBANCE,,Unfounded,No,,FAMILY RESIDENTIAL - 186 BROAD ST Apt. #4,Marlborough,,,Marlborough PD,,06:04,,,12/28/2023,Call_Log_December_22_2023_to_December_31_2023.pdf,22
,,DISTURBANCE,,Report,Yes,,240 EAST MAIN ST,Marlborough,,,Marlborough PD,,06:27,,,12/28/2023,Call_Log_December_22_2023_to_December_31_2023.pdf,22
,,911 Hangup/Call,,Unfounded,No,,45 LIBERTY ST,Marlborough,,,Marlborough PD,,06:56,,,12/28/2023,Call_Log_December_22_2023_to_December_31_2023.pdf,22
,,Medical,,Medical Assistance Rendered,No,,988 CONCORD RD,Marlborough,,,Marlborough PD,,07:10,,,12/28/2023,Call_Log_December_22_2023_to_December_31_2023.pdf,22
,,MOTOR VEHICLE STOP,,Citation/Warning Issued,No,,[MAR 397] 350 EAST MAIN ST,Marlborough,,,Marlborough PD,,07:24,,,12/28/2023,Call_Log_December_22_2023_to_December_31_2023.pdf,22
,,Medical,,Medical Assistance Rendered,No,,109B BROADMEADOW RD Apt. #6,Marlborough,,,Marlborough PD,,07:27,,,12/28/2023,Call_Log_December_22_2023_to_December_31_2023.pdf,22
,,Medical,,Services Rendered- FD,No,,53 WAGON HILL RD,Marlborough,,,Marlborough PD,,07:44,,,12/28/2023,Call_Log_December_22_2023_to_December_31_2023.pdf,22
,,VANDALISM,,Report,Yes,,170 PLEASANT ST,Marlborough,,,Marlborough PD,,08:06,,,12/28/2023,Call_Log_December_22_2023_to_December_31_2023.pdf,22
,,Medical,,Medical Assistance Rendered,No,,99 PLEASANT ST Apt. #123,Marlborough,,,Marlborough PD,,08:56,,,12/28/2023,Call_Log_December_22_2023_to_December_31_2023.pdf,22
,,Ambulance Assist,,Services Rendered- PD,No,,99 PLEASANT ST Apt. #123,Marlborough,,,Marlborough PD,,08:59,,,12/28/2023,Call_Log_December_22_2023_to_December_31_2023.pdf,22
,,MOTOR VEHICLE STOP,,Citation/Warning Issued,No,,85 BOLTON ST @ 136 LINCOLN ST,Marlborough,,,Marlborough PD,,09:00,,,12/28/2023,Call_Log_December_22_2023_to_December_31_2023.pdf,22
,,Medical,,Medical Assistance Rendered,No,,99 PLEASANT ST Apt. #117,Marlborough,,,Marlborough PD,,09:52,,,12/28/2023,Call_Log_December_22_2023_to_December_31_2023.pdf,23
,,911 Hangup/Call,,Services Rendered- PD,No,,13 MAPLE ST,Marlborough,,,Marlborough PD,,10:00,,,12/28/2023,Call_Log_December_22_2023_to_December_31_2023.pdf,23
,,Medical,,Medical Assistance Rendered,No,,69 JOHANSEN DR,Marlborough,,,Marlborough PD,,10:35,,,12/28/2023,Call_Log_December_22_2023_to_December_31_2023.pdf,23
,,Well being check,,Services Rendered- PD,No,,8 NEWTON ST,Marlborough,,,Marlborough PD,,10:37,,,12/28/2023,Call_Log_December_22_2023_to_December_31_2023.pdf,23
,,Medical,,Medical Assistance Rendered,No,,38 BOSTON POST ROAD WEST,Marlborough,,,Marlborough PD,,10:38,,,12/28/2023,Call_Log_December_22_2023_to_December_31_2023.pdf,23
,,SERVE SUMMONS,,Services Rendered- PD,No,,138 BLANCHETTE DR,Marlborough,,,Marlborough PD,,10:40,,,12/28/2023,Call_Log_December_22_2023_to_December_31_2023.pdf,23
,,Medical,,Medical Assistance Rendered,No,,400 BOLTON ST Apt. #229,Marlborough,,,Marlborough PD,,10:42,,,12/28/2023,Call_Log_December_22_2023_to_December_31_2023.pdf,23
,,LARCENY,,Report,Yes,,58 APEX DR Apt. #C,Marlborough,,,Marlborough PD,,10:56,,,12/28/2023,Call_Log_December_22_2023_to_December_31_2023.pdf,23
,,"ALARM, BURGLAR",,Building Checked/Secured,No,,28 LORD RD Apt. #130,Marlborough,,,Marlborough PD,,11:09,,,12/28/2023,Call_Log_December_22_2023_to_December_31_2023.pdf,23
,,Police Assist,,Services Rendered- PD,No,,157 UNION ST,Marlborough,,,Marlborough PD,,11:15,,,12/28/2023,Call_Log_December_22_2023_to_December_31_2023.pdf,23
,,Medical,,Services Rendered- FD,No,,36 FONTAINE ST,Marlborough,,,Marlborough PD,,11:18,,,12/28/2023,Call_Log_December_22_2023_to_December_31_2023.pdf,23
,,Medical,,Medical Assistance Rendered,No,,219 RIDGE RD,Marlborough,,,Marlborough PD,,11:40,,,12/28/2023,Call_Log_December_22_2023_to_December_31_2023.pdf,23
,,Ambulance Assist,,Services Rendered- PD,No,,219 RIDGE RD,Marlborough,,,Marlborough PD,,11:42,,,12/28/2023,Call_Log_December_22_2023_to_December_31_2023.pdf,23
,,MVA PROPERTY DAMAGE ONLY,,Report,Yes,,30 MAIN ST,Marlborough,,,Marlborough PD,,14:11,,,12/28/2023,Call_Log_December_22_2023_to_December_31_2023.pdf,23
,,MVA PROPERTY DAMAGE ONLY,,Services Rendered- PD,No,,[MAR 1006] 187 BOSTON POST ROAD WEST,Marlborough,,,Marlborough PD,,14:48,,,12/28/2023,Call_Log_December_22_2023_to_December_31_2023.pdf,23
,,MOTOR VEHICLE STOP,,Services Rendered- PD,No,,302 BOSTON POST ROAD EAST,Marlborough,,,Marlborough PD,,15:07,,,12/28/2023,Call_Log_December_22_2023_to_December_31_2023.pdf,23
,,SUSPICIOUS ACTIVITY,,Unfounded,No,,126 CLOVER HILL ST,Marlborough,,,Marlborough PD,,15:40,,,12/28/2023,Call_Log_December_22_2023_to_December_31_2023.pdf,23
,,DISTURBANCE,,Report,Yes,,484 BOSTON POST ROAD EAST,Marlborough,,,Marlborough PD,,16:20,,,12/28/2023,Call_Log_December_22_2023_to_December_31_2023.pdf,23
,,MOTOR VEHICLE STOP,,CRIMINAL COMPLAINT,Yes,,133 SOUTH BOLTON ST @ 31 JOHN ST,Marlborough,,,Marlborough PD,,16:22,,,12/28/2023,Call_Log_December_22_2023_to_December_31_2023.pdf,23
,,Medical,,Medical Assistance Rendered,No,,17 WHISPERING BROOK RD,Marlborough,,,Marlborough PD,,16:24,,,12/28/2023,Call_Log_December_22_2023_to_December_31_2023.pdf,24
,,Ambulance Assist,,Services Rendered- PD,No,,17 WHISPERING BROOK RD,Marlborough,,,Marlborough PD,,16:26,,,12/28/2023,Call_Log_December_22_2023_to_December_31_2023.pdf,24
,,Medical,,Medical Assistance Rendered,No,,265 LAKESIDE AVE Apt. #304,Marlborough,,,Marlborough PD,,16:29,,,12/28/2023,Call_Log_December_22_2023_to_December_31_2023.pdf,24
,,Ambulance Assist,,Services Rendered- PD,No,,265 LAKESIDE AVE Apt. #304,Marlborough,,,Marlborough PD,,16:32,,,12/28/2023,Call_Log_December_22_2023_to_December_31_2023.pdf,24
,,Medical,,Medical Assistance Rendered,No,,29 PLEASANT ST Apt. #A10,Marlborough,,,Marlborough PD,,16:43,,,12/28/2023,Call_Log_December_22_2023_to_December_31_2023.pdf,24
,,Ambulance Assist,,Services Rendered- PD,No,,29 PLEASANT ST Apt. #A10,Marlborough,,,Marlborough PD,,16:45,,,12/28/2023,Call_Log_December_22_2023_to_December_31_2023.pdf,24
,,HARASSMENT ORDER/SERVED,,Services Rendered- PD,No,,45 VICTORIA LN,Marlborough,,,Marlborough PD,,16:52,,,12/28/2023,Call_Log_December_22_2023_to_December_31_2023.pdf,24
,,FOUND/LOST PROPERTY,,Services Rendered- PD,No,,9 PRESTON ST,Marlborough,,,Marlborough PD,,17:20,,,12/28/2023,Call_Log_December_22_2023_to_December_31_2023.pdf,24
,,911 Hangup/Call,,Services Rendered- PD,No,,52 SAINT IVES WAY Apt. #23,Marlborough,,,Marlborough PD,,17:27,,,12/28/2023,Call_Log_December_22_2023_to_December_31_2023.pdf,24
,,Private Tow,,Private tow,No,,601 DONALD J. LYNCH BLVD,Marlborough,,,Marlborough PD,,17:33,,,12/28/2023,Call_Log_December_22_2023_to_December_31_2023.pdf,24
,,MVA PROPERTY DAMAGE ONLY,,Report,Yes,,151 EAST MAIN ST @ 3 CHURCH ST,Marlborough,,,Marlborough PD,,17:36,,,12/28/2023,Call_Log_December_22_2023_to_December_31_2023.pdf,24
,,SHOPLIFTING,,CRIMINAL COMPLAINT,Yes,,627 DONALD J. LYNCH BLVD,Marlborough,,,Marlborough PD,,17:47,,,12/28/2023,Call_Log_December_22_2023_to_December_31_2023.pdf,24
,,SUSPICIOUS ACTIVITY,,Unfounded,No,,39 AUSTEN WAY Apt. #12G,Marlborough,,,Marlborough PD,,18:24,,,12/28/2023,Call_Log_December_22_2023_to_December_31_2023.pdf,24
,,Medical,,Medical Assistance Rendered,No,,236 BOLTON ST @ 51 UNION ST,Marlborough,,,Marlborough PD,,18:27,,,12/28/2023,Call_Log_December_22_2023_to_December_31_2023.pdf,24
,,Ambulance Assist,,Services Rendered- PD,No,,51 UNION ST @ 236 BOLTON ST,Marlborough,,,Marlborough PD,,18:28,,,12/28/2023,Call_Log_December_22_2023_to_December_31_2023.pdf,24
,,DISABLED MV,,Services Rendered- PD,No,,201 HILDRETH ST,Marlborough,,,Marlborough PD,,18:35,,,12/28/2023,Call_Log_December_22_2023_to_December_31_2023.pdf,24
,,Medical,,Medical Assistance Rendered,No,,3 ELM ST,Marlborough,,,Marlborough PD,,18:41,,,12/28/2023,Call_Log_December_22_2023_to_December_31_2023.pdf,24
,,Medical,,Medical Assistance Rendered,No,,165B BROADMEADOW RD Apt. #6,Marlborough,,,Marlborough PD,,18:52,,,12/28/2023,Call_Log_December_22_2023_to_December_31_2023.pdf,24
,,TRAFFIC CONTROL,,Services Rendered- PD,No,,41 FREMONT ST @ 84 HIGHLAND ST,Marlborough,,,Marlborough PD,,18:55,,,12/28/2023,Call_Log_December_22_2023_to_December_31_2023.pdf,24
,,DISTURBANCE,,Report,Yes,,21 APEX DR,Marlborough,,,Marlborough PD,,18:59,,,12/28/2023,Call_Log_December_22_2023_to_December_31_2023.pdf,25
,,DISTURBANCE,,Services Rendered- PD,No,,39 RINGOLD ST,Marlborough,,,Marlborough PD,,19:01,,,12/28/2023,Call_Log_December_22_2023_to_December_31_2023.pdf,25
,,Fraud / Forgery,,Report,Yes,,MOBILE - 90 APEX DR Apt. #B,Marlborough,,,Marlborough PD,,19:03,,,12/28/2023,Call_Log_December_22_2023_to_December_31_2023.pdf,25
,,DISTURBANCE,,Services Rendered- PD,No,,39 AUSTEN WAY Apt. #12G,Marlborough,,,Marlborough PD,,19:22,,,12/28/2023,Call_Log_December_22_2023_to_December_31_2023.pdf,25
,,DPW Called Out,,Services Rendered- PD,No,,41 FREMONT ST @ 84 HIGHLAND ST,Marlborough,,,Marlborough PD,,19:36,,,12/28/2023,Call_Log_December_22_2023_to_December_31_2023.pdf,25
,,Police Assist,,Report,Yes,,257 MECHANIC ST,Marlborough,,,Marlborough PD,,20:18,,,12/28/2023,Call_Log_December_22_2023_to_December_31_2023.pdf,25
,,Threats,,No Action Required,No,,240 LINCOLN ST Apt. #2,Marlborough,,,Marlborough PD,,20:26,,,12/28/2023,Call_Log_December_22_2023_to_December_31_2023.pdf,25
,,MVA PROPERTY DAMAGE ONLY,,Report,Yes,,260 EAST MAIN ST,Marlborough,,,Marlborough PD,,20:54,,,12/28/2023,Call_Log_December_22_2023_to_December_31_2023.pdf,25
,,DISTURBANCE,,Services Rendered- PD,No,,157 UNION ST,Marlborough,,,Marlborough PD,,21:45,,,12/28/2023,Call_Log_December_22_2023_to_December_31_2023.pdf,25
,,Ambulance Only,,Medical Assistance Rendered,No,,[HUD] 253 WASHINGTON ST Apt. #212,Marlborough,,,Marlborough PD,,22:32,,,12/28/2023,Call_Log_December_22_2023_to_December_31_2023.pdf,25
,,Medical,,Services Rendered- FD,No,,45 LIBERTY ST Apt. #2,Marlborough,,,Marlborough PD,,23:02,,,12/28/2023,Call_Log_December_22_2023_to_December_31_2023.pdf,25
,,SUSPICIOUS ACTIVITY,,Report,Yes,,39 BRIARWOOD LN Apt. #8,Marlborough,,,Marlborough PD,,00:19,,,12/29/2023,Call_Log_December_22_2023_to_December_31_2023.pdf,25
,,DISTURBANCE,,Arrest(s) Made,Yes,,557 ELM ST,Marlborough,,,Marlborough PD,,00:25,,,12/29/2023,Call_Log_December_22_2023_to_December_31_2023.pdf,25
,,ASSIST CITIZEN,,Services Rendered- PD,No,,39 BRIARWOOD LN Apt. #8,Marlborough,,,Marlborough PD,,03:16,,,12/29/2023,Call_Log_December_22_2023_to_December_31_2023.pdf,25
,,MOTOR VEHICLE STOP,,Citation/Warning Issued,No,,[MAR 453] 265 LAKESIDE AVE,Marlborough,,,Marlborough PD,,03:52,,,12/29/2023,Call_Log_December_22_2023_to_December_31_2023.pdf,25
,,Medical,,Medical Assistance Rendered,No,,355 BOLTON ST,Marlborough,,,Marlborough PD,,03:59,,,12/29/2023,Call_Log_December_22_2023_to_December_31_2023.pdf,25
,,DISTURBANCE,,Report,Yes,,460 BOSTON POST ROAD EAST Apt. #B,Marlborough,,,Marlborough PD,,04:11,,,12/29/2023,Call_Log_December_22_2023_to_December_31_2023.pdf,25
,,DISTURBANCE,,Report,Yes,,215 SIMARANO DR,Marlborough,,,Marlborough PD,,05:40,,,12/29/2023,Call_Log_December_22_2023_to_December_31_2023.pdf,25
,,"ALARM, BURGLAR",,Building Checked/Secured,No,,200 DONALD J. LYNCH BLVD,Marlborough,,,Marlborough PD,,06:27,,,12/29/2023,Call_Log_December_22_2023_to_December_31_2023.pdf,25
,,DISTURBANCE,,Report,Yes,,520 FARM RD,Marlborough,,,Marlborough PD,,06:55,,,12/29/2023,Call_Log_December_22_2023_to_December_31_2023.pdf,26
,,B&E into M/V,,Report,Yes,,175 MAPLE ST,Marlborough,,,Marlborough PD,,07:44,,,12/29/2023,Call_Log_December_22_2023_to_December_31_2023.pdf,26
,,911 Hangup/Call,,Services Rendered- PD,No,,515 NORTHBORO ROAD WEST,Marlborough,,,Marlborough PD,,07:52,,,12/29/2023,Call_Log_December_22_2023_to_December_31_2023.pdf,26
,,"ALARM, BURGLAR",,Building Checked/Secured,No,,910 BOSTON POST ROAD EAST Apt. #1,Marlborough,,,Marlborough PD,,07:58,,,12/29/2023,Call_Log_December_22_2023_to_December_31_2023.pdf,26
,,DISABLED MV,,Services Rendered- PD,No,,133 EAST MAIN ST,Marlborough,,,Marlborough PD,,08:27,,,12/29/2023,Call_Log_December_22_2023_to_December_31_2023.pdf,26
,,B&E into M/V,,Report,Yes,,5 BRIARWOOD LN,Marlborough,,,Marlborough PD,,08:32,,,12/29/2023,Call_Log_December_22_2023_to_December_31_2023.pdf,26
,,Parking Violation,,Services Rendered- PD,No,,401 CEDAR HILL ST Apt. #3,Marlborough,,,Marlborough PD,,08:38,,,12/29/2023,Call_Log_December_22_2023_to_December_31_2023.pdf,26
,,ESCORT/TRANSPORT,,Services Rendered- PD,No,,45 WILLIAMS ST,Marlborough,,,Marlborough PD,,08:59,,,12/29/2023,Call_Log_December_22_2023_to_December_31_2023.pdf,26
,,Medical,,Transported to Hospital,No,,19 BRONTE WAY Apt. #30A,Marlborough,,,Marlborough PD,,09:13,,,12/29/2023,Call_Log_December_22_2023_to_December_31_2023.pdf,26
,,Ambulance Assist,,Services Rendered- PD,No,,19 BRONTE WAY Apt. #30A,Marlborough,,,Marlborough PD,,09:13,,,12/29/2023,Call_Log_December_22_2023_to_December_31_2023.pdf,26
,,"ALARM, BURGLAR",,Building Checked/Secured,No,,420 LAKESIDE AVE Apt. #401,Marlborough,,,Marlborough PD,,10:43,,,12/29/2023,Call_Log_December_22_2023_to_December_31_2023.pdf,26
,,B&E into M/V,,Arrest(s) Made,Yes,,120 CHURCH ST,Marlborough,,,Marlborough PD,,10:53,,,12/29/2023,Call_Log_December_22_2023_to_December_31_2023.pdf,26
,,ESCORT/TRANSPORT,,Services Rendered- PD,No,,355 BOLTON ST,Marlborough,,,Marlborough PD,,11:17,,,12/29/2023,Call_Log_December_22_2023_to_December_31_2023.pdf,26
,,B&E into M/V,,Report,Yes,,319 EAST MAIN ST Apt. #K2,Marlborough,,,Marlborough PD,,11:27,,,12/29/2023,Call_Log_December_22_2023_to_December_31_2023.pdf,26
,,SUSPICIOUS ACTIVITY,,No Action Required,No,,7 WALNUT ST @ 183 EAST MAIN ST,Marlborough,,,Marlborough PD,,11:28,,,12/29/2023,Call_Log_December_22_2023_to_December_31_2023.pdf,26
,,Medical,,Services Rendered- FD,No,,53 WAGON HILL RD,Marlborough,,,Marlborough PD,,12:06,,,12/29/2023,Call_Log_December_22_2023_to_December_31_2023.pdf,26
,,MVA PROPERTY DAMAGE ONLY,,Services Rendered- PD,No,,155 BOSTON POST ROAD WEST,Marlborough,,,Marlborough PD,,12:07,,,12/29/2023,Call_Log_December_22_2023_to_December_31_2023.pdf,26
,,"ALARM, BURGLAR",,Building Checked/Secured,No,,555 MAPLE ST,Marlborough,,,Marlborough PD,,12:30,,,12/29/2023,Call_Log_December_22_2023_to_December_31_2023.pdf,26
,,Medical,,Transported to Hospital,No,,349 STOW RD,Marlborough,,,Marlborough PD,,12:36,,,12/29/2023,Call_Log_December_22_2023_to_December_31_2023.pdf,26
,,MVA PROPERTY DAMAGE ONLY,,Report,Yes,,133 EAST MAIN ST,Marlborough,,,Marlborough PD,,12:50,,,12/29/2023,Call_Log_December_22_2023_to_December_31_2023.pdf,27
,,TRAFFIC CONTROL,,No Action Required,No,,554 BOSTON POST ROAD EAST @ 22 WILSON ST,Marlborough,,,Marlborough PD,,12:55,,,12/29/2023,Call_Log_December_22_2023_to_December_31_2023.pdf,27
,,LARCENY,,Report,Yes,,74 STETSON DR,Marlborough,,,Marlborough PD,,13:32,,,12/29/2023,Call_Log_December_22_2023_to_December_31_2023.pdf,27
,,Ambulance Assist,,Services Rendered- PD,No,,88 SPRING ST Apt. #2,Marlborough,,,Marlborough PD,,13:42,,,12/29/2023,Call_Log_December_22_2023_to_December_31_2023.pdf,27
,,Medical,,Services Rendered- FD,No,,88 SPRING ST Apt. #2,Marlborough,,,Marlborough PD,,13:44,,,12/29/2023,Call_Log_December_22_2023_to_December_31_2023.pdf,27
,,Medical,,Transported to Hospital,No,,1 HELEN DR,Marlborough,,,Marlborough PD,,14:17,,,12/29/2023,Call_Log_December_22_2023_to_December_31_2023.pdf,27
,,Ambulance Only,,Transported to Hospital,No,,45 WILLIAMS ST,Marlborough,,,Marlborough PD,,14:21,,,12/29/2023,Call_Log_December_22_2023_to_December_31_2023.pdf,27
,,MISSING PERSON,,No Action Required,No,,627 DONALD J. LYNCH BLVD,Marlborough,,,Marlborough PD,,14:29,,,12/29/2023,Call_Log_December_22_2023_to_December_31_2023.pdf,27
,,DISTURBANCE,,Report,Yes,,195 EAST MAIN ST,Marlborough,,,Marlborough PD,,14:37,,,12/29/2023,Call_Log_December_22_2023_to_December_31_2023.pdf,27
,,Well being check,,Services Rendered- PD,No,,198 WEST MAIN ST Apt. #1,Marlborough,,,Marlborough PD,,14:42,,,12/29/2023,Call_Log_December_22_2023_to_December_31_2023.pdf,27
,,Ambulance Only,,Transported to Hospital,No,,195 EAST MAIN ST,Marlborough,,,Marlborough PD,,14:45,,,12/29/2023,Call_Log_December_22_2023_to_December_31_2023.pdf,27
,,Parking Violation,,No Action Required,No,,28 NEIL ST,Marlborough,,,Marlborough PD,,14:46,,,12/29/2023,Call_Log_December_22_2023_to_December_31_2023.pdf,27
,,Medical,,Transported to Hospital,No,,23 MILDON AVE,Marlborough,,,Marlborough PD,,14:52,,,12/29/2023,Call_Log_December_22_2023_to_December_31_2023.pdf,27
,,Ambulance Assist,,Services Rendered- PD,No,,23 MILDON AVE,Marlborough,,,Marlborough PD,,14:53,,,12/29/2023,Call_Log_December_22_2023_to_December_31_2023.pdf,27
,,Medical,,Transported to Hospital,No,,7 ROYAL CREST DR Apt. #8,Marlborough,,,Marlborough PD,,15:31,,,12/29/2023,Call_Log_December_22_2023_to_December_31_2023.pdf,27
,,ASSIST CITIZEN,,Report,Yes,,39 AUSTEN WAY,Marlborough,,,Marlborough PD,,15:58,,,12/29/2023,Call_Log_December_22_2023_to_December_31_2023.pdf,27
,,Well being check,,Report,Yes,,487 LINCOLN ST Apt. #6,Marlborough,,,Marlborough PD,,15:58,,,12/29/2023,Call_Log_December_22_2023_to_December_31_2023.pdf,27
,,MOTOR VEHICLE STOP,,Citation/Warning Issued,No,,279 CONCORD RD,Marlborough,,,Marlborough PD,,16:26,,,12/29/2023,Call_Log_December_22_2023_to_December_31_2023.pdf,27
,,Medical,,Transported to Hospital,No,,487 LINCOLN ST Apt. #6,Marlborough,,,Marlborough PD,,16:44,,,12/29/2023,Call_Log_December_22_2023_to_December_31_2023.pdf,27
,,Medical,,Transported to Hospital,No,,400 BOLTON ST Apt. #226,Marlborough,,,Marlborough PD,,16:45,,,12/29/2023,Call_Log_December_22_2023_to_December_31_2023.pdf,28
,,Ambulance Assist,,Services Rendered- PD,No,,400 BOLTON ST Apt. #226,Marlborough,,,Marlborough PD,,16:46,,,12/29/2023,Call_Log_December_22_2023_to_December_31_2023.pdf,28
,,LARCENY,,Report,Yes,,21 APEX DR Apt. #C,Marlborough,,,Marlborough PD,,16:49,,,12/29/2023,Call_Log_December_22_2023_to_December_31_2023.pdf,28
,,Ambulance Only,,Transported to Hospital,No,,20 FRONT ST,Marlborough,,,Marlborough PD,,16:55,,,12/29/2023,Call_Log_December_22_2023_to_December_31_2023.pdf,28
,,VANDALISM,,Report,Yes,,96 SOUTH BOLTON ST,Marlborough,,,Marlborough PD,,17:31,,,12/29/2023,Call_Log_December_22_2023_to_December_31_2023.pdf,28
,,Suspicious M/V,,Unfounded,No,,70 SIMARANO DR,Marlborough,,,Marlborough PD,,17:33,,,12/29/2023,Call_Log_December_22_2023_to_December_31_2023.pdf,28
,,MOTOR VEHICLE STOP,,Citation/Warning Issued,No,,169 LINCOLN ST @ 32 SHORT ST,Marlborough,,,Marlborough PD,,18:01,,,12/29/2023,Call_Log_December_22_2023_to_December_31_2023.pdf,28
,,Medical,,Transported to Hospital,No,,26 BRIARWOOD LN Apt. #10,Marlborough,,,Marlborough PD,,18:29,,,12/29/2023,Call_Log_December_22_2023_to_December_31_2023.pdf,28
,,Well being check,,Services Rendered- PD,No,,19 FOREST ST,Marlborough,,,Marlborough PD,,18:30,,,12/29/2023,Call_Log_December_22_2023_to_December_31_2023.pdf,28
,,MOTOR VEHICLE STOP,,Citation/Warning Issued,No,,700 BOLTON ST,Marlborough,,,Marlborough PD,,19:03,,,12/29/2023,Call_Log_December_22_2023_to_December_31_2023.pdf,28
,,ASSIST OTHER AGENCY,,Services Rendered- PD,No,,276 MAIN ST,Marlborough,,,Marlborough PD,,19:17,,,12/29/2023,Call_Log_December_22_2023_to_December_31_2023.pdf,28
,,Medical,,Services Rendered- FD,No,,505 BOSTON POST ROAD WEST Apt. #F,Marlborough,,,Marlborough PD,,19:56,,,12/29/2023,Call_Log_December_22_2023_to_December_31_2023.pdf,28
,,Ambulance Assist,,Services Rendered- PD,No,,505 BOSTON POST ROAD WEST Apt. #F,Marlborough,,,Marlborough PD,,20:00,,,12/29/2023,Call_Log_December_22_2023_to_December_31_2023.pdf,28
,,DISTURBANCE,,Report,Yes,,276 MAIN ST Apt. #3,Marlborough,,,Marlborough PD,,20:07,,,12/29/2023,Call_Log_December_22_2023_to_December_31_2023.pdf,28
,,Medical,,Transported to Hospital,No,,33 BRIARWOOD LN Apt. #9,Marlborough,,,Marlborough PD,,20:29,,,12/29/2023,Call_Log_December_22_2023_to_December_31_2023.pdf,28
,,DISTURBANCE,,Unfounded,No,,ROYAL CREST DR,Marlborough,,,Marlborough PD,,22:00,,,12/29/2023,Call_Log_December_22_2023_to_December_31_2023.pdf,28
,,DISABLED MV,,Services Rendered- PD,No,,240 HILDRETH ST @ 149 COOK LN,Marlborough,,,Marlborough PD,,22:19,,,12/29/2023,Call_Log_December_22_2023_to_December_31_2023.pdf,28
,,DPW Called Out,,Services Rendered- PD,No,,193 HILDRETH ST @ 105 CURTIS AVE,Marlborough,,,Marlborough PD,,22:33,,,12/29/2023,Call_Log_December_22_2023_to_December_31_2023.pdf,28
,,DISTURBANCE,,Report,Yes,,54 MAIN ST,Marlborough,,,Marlborough PD,,22:37,,,12/29/2023,Call_Log_December_22_2023_to_December_31_2023.pdf,28
,,DISTURBANCE,,Unfounded,No,,416 BOSTON POST ROAD EAST Apt. #3,Marlborough,,,Marlborough PD,,22:58,,,12/29/2023,Call_Log_December_22_2023_to_December_31_2023.pdf,29
,,"ALARM, BURGLAR",,Building Checked/Secured,No,,410 LAKESIDE AVE,Marlborough,,,Marlborough PD,,23:04,,,12/29/2023,Call_Log_December_22_2023_to_December_31_2023.pdf,29
,,ASSIST CITIZEN,,Services Rendered- PD,No,,319 EAST MAIN ST Apt. #C10,Marlborough,,,Marlborough PD,,00:11,,,12/30/2023,Call_Log_December_22_2023_to_December_31_2023.pdf,29
,,BUILDING CHECK,,Services Rendered- PD,No,,35 WEST MAIN ST,Marlborough,,,Marlborough PD,,00:22,,,12/30/2023,Call_Log_December_22_2023_to_December_31_2023.pdf,29
,,Suspicious M/V,,Services Rendered- PD,No,,300 NICKERSON RD,Marlborough,,,Marlborough PD,,00:46,,,12/30/2023,Call_Log_December_22_2023_to_December_31_2023.pdf,29
,,MOTOR VEHICLE STOP,,Citation/Warning Issued,No,,NEAR RAMP TO RT 495 SOUTH - LAKESIDE AVE,Marlborough,,,Marlborough PD,,01:07,,,12/30/2023,Call_Log_December_22_2023_to_December_31_2023.pdf,29
,,ASSIST CITIZEN,,Services Rendered- PD,No,,355 BOLTON ST,Marlborough,,,Marlborough PD,,01:13,,,12/30/2023,Call_Log_December_22_2023_to_December_31_2023.pdf,29
,,MOTOR VEHICLE STOP,,Services Rendered- PD,No,,27 PROSPECT ST @ 119 WASHINGTON ST,Marlborough,,,Marlborough PD,,01:27,,,12/30/2023,Call_Log_December_22_2023_to_December_31_2023.pdf,29
,,Medical,,Services Rendered- FD,No,,184 MECHANIC ST Apt. #6,Marlborough,,,Marlborough PD,,01:35,,,12/30/2023,Call_Log_December_22_2023_to_December_31_2023.pdf,29
,,Ambulance Assist,,Services Rendered- PD,No,,184 MECHANIC ST Apt. #6,Marlborough,,,Marlborough PD,,01:35,,,12/30/2023,Call_Log_December_22_2023_to_December_31_2023.pdf,29
,,ASSIST OTHER AGENCY,,Services Rendered- PD,No,,157 UNION ST,Marlborough,,,Marlborough PD,,01:44,,,12/30/2023,Call_Log_December_22_2023_to_December_31_2023.pdf,29
,,MOTOR VEHICLE STOP,,Arrest(s) Made,Yes,23-416-AR,339 LINCOLN ST @ 66 MECHANIC ST,Marlborough,,,Marlborough PD,,01:53,,,12/30/2023,Call_Log_December_22_2023_to_December_31_2023.pdf,29
,,ASSIST CITIZEN,,Services Rendered- PD,No,,11 CONVENIENCE STORE - 92 BROAD ST,Marlborough,,,Marlborough PD,,03:21,,,12/30/2023,Call_Log_December_22_2023_to_December_31_2023.pdf,29
,,Medical,,Services Rendered- FD,No,,11 CONVENIENCE STORE - 92 BROAD ST,Marlborough,,,Marlborough PD,,03:22,,,12/30/2023,Call_Log_December_22_2023_to_December_31_2023.pdf,29
,,Suspicious M/V,,Services Rendered- PD,No,,175 AMES ST,Marlborough,,,Marlborough PD,,03:39,,,12/30/2023,Call_Log_December_22_2023_to_December_31_2023.pdf,29
,,SUSPICIOUS ACTIVITY,,Services Rendered- PD,No,,44 HARRISON PL,Marlborough,,,Marlborough PD,,03:44,,,12/30/2023,Call_Log_December_22_2023_to_December_31_2023.pdf,29
,,BUILDING CHECK,,Services Rendered- PD,No,,197 BOSTON POST ROAD WEST Apt. #C,Marlborough,,,Marlborough PD,,04:20,,,12/30/2023,Call_Log_December_22_2023_to_December_31_2023.pdf,30
,,BUILDING CHECK,,Services Rendered- PD,No,,170 PLEASANT ST,Marlborough,,,Marlborough PD,,04:38,,,12/30/2023,Call_Log_December_22_2023_to_December_31_2023.pdf,30
,,Ambulance Assist,,Services Rendered- PD,No,,1009 APPLEBRIAR LN,Marlborough,,,Marlborough PD,,05:45,,,12/30/2023,Call_Log_December_22_2023_to_December_31_2023.pdf,30
,,Medical,,Services Rendered- FD,No,,1009 APPLEBRIAR LN,Marlborough,,,Marlborough PD,,05:46,,,12/30/2023,Call_Log_December_22_2023_to_December_31_2023.pdf,30
,,"ALARM, BURGLAR",,Services Rendered- PD,No,,FIL-A - 36 APEX DR,Marlborough,,,Marlborough PD,,06:07,,,12/30/2023,Call_Log_December_22_2023_to_December_31_2023.pdf,30
,,Medical,,Services Rendered- FD,No,,121 NORTHBORO ROAD EAST Apt. #219C,Marlborough,,,Marlborough PD,,06:11,,,12/30/2023,Call_Log_December_22_2023_to_December_31_2023.pdf,30
,,Medical,,Services Rendered- FD,No,,400 HEMENWAY ST Apt. #200,Marlborough,,,Marlborough PD,,06:40,,,12/30/2023,Call_Log_December_22_2023_to_December_31_2023.pdf,30
,,VANDALISM,,Report,Yes,,275 WEST MAIN ST Apt. #10,Marlborough,,,Marlborough PD,,07:11,,,12/30/2023,Call_Log_December_22_2023_to_December_31_2023.pdf,30
,,Medical,,Services Rendered- FD,No,,99 PLEASANT ST Apt. #212,Marlborough,,,Marlborough PD,,07:12,,,12/30/2023,Call_Log_December_22_2023_to_December_31_2023.pdf,30
,,Medical,,Services Rendered- FD,No,,121 NORTHBORO ROAD EAST Apt. #125A,Marlborough,,,Marlborough PD,,07:24,,,12/30/2023,Call_Log_December_22_2023_to_December_31_2023.pdf,30
,,"ALARM, BURGLAR",,Building Checked/Secured,No,,70 SIMARANO DR,Marlborough,,,Marlborough PD,,07:26,,,12/30/2023,Call_Log_December_22_2023_to_December_31_2023.pdf,30
,,Ambulance Assist,,Services Rendered- PD,No,,421 BOLTON ST,Marlborough,,,Marlborough PD,,08:52,,,12/30/2023,Call_Log_December_22_2023_to_December_31_2023.pdf,30
,,Medical,,Services Rendered- FD,No,,421 BOLTON ST Apt. #215,Marlborough,,,Marlborough PD,,08:53,,,12/30/2023,Call_Log_December_22_2023_to_December_31_2023.pdf,30
,,Medical,,Services Rendered- FD,No,,41 FRANCIS ST,Marlborough,,,Marlborough PD,,10:06,,,12/30/2023,Call_Log_December_22_2023_to_December_31_2023.pdf,30
,,MOTOR VEHICLE STOP,,Citation/Warning Issued,No,,RT495 NORTH,Marlborough,,,Marlborough PD,,10:09,,,12/30/2023,Call_Log_December_22_2023_to_December_31_2023.pdf,30
,,Medical,,Services Rendered- FD,No,,455 FARM RD,Marlborough,,,Marlborough PD,,10:46,,,12/30/2023,Call_Log_December_22_2023_to_December_31_2023.pdf,30
,,Medical,,Services Rendered- FD,No,,53 WAGON HILL RD,Marlborough,,,Marlborough PD,,11:04,,,12/30/2023,Call_Log_December_22_2023_to_December_31_2023.pdf,30
,,MVA PROPERTY DAMAGE ONLY,,Report,Yes,,31 FOLEY RD,Marlborough,,,Marlborough PD,,11:47,,,12/30/2023,Call_Log_December_22_2023_to_December_31_2023.pdf,30
,,VANDALISM,,Report,Yes,,601 DONALD J. LYNCH BLVD,Marlborough,,,Marlborough PD,,12:04,,,12/30/2023,Call_Log_December_22_2023_to_December_31_2023.pdf,31
,,Medical,,Services Rendered- FD,No,,34 CURTIS AVE Apt. #Q12,Marlborough,,,Marlborough PD,,12:31,,,12/30/2023,Call_Log_December_22_2023_to_December_31_2023.pdf,31
,,Ambulance Assist,,Services Rendered- PD,No,,34 CURTIS AVE Apt. #Q12,Marlborough,,,Marlborough PD,,12:31,,,12/30/2023,Call_Log_December_22_2023_to_December_31_2023.pdf,31
,,SUSPICIOUS ACTIVITY,,Services Rendered- PD,No,,137 SOUTH BOLTON ST,Marlborough,,,Marlborough PD,,12:45,,,12/30/2023,Call_Log_December_22_2023_to_December_31_2023.pdf,31
,,Ambulance Assist,,Services Rendered- PD,No,,224 WEST MAIN ST Apt. #5,Marlborough,,,Marlborough PD,,12:48,,,12/30/2023,Call_Log_December_22_2023_to_December_31_2023.pdf,31
,,Medical,,Services Rendered- FD,No,,224 WEST MAIN ST Apt. #5,Marlborough,,,Marlborough PD,,12:48,,,12/30/2023,Call_Log_December_22_2023_to_December_31_2023.pdf,31
,,Police Assist,,Report,Yes,,43 MAPLEWOOD AVE,Marlborough,,,Marlborough PD,,12:55,,,12/30/2023,Call_Log_December_22_2023_to_December_31_2023.pdf,31
,,Medical,,Services Rendered- FD,No,,121 NORTHBORO ROAD EAST Apt. #105,Marlborough,,,Marlborough PD,,12:56,,,12/30/2023,Call_Log_December_22_2023_to_December_31_2023.pdf,31
,,Ambulance Assist,,Services Rendered- PD,No,,121 NORTHBORO ROAD EAST Apt. #105,Marlborough,,,Marlborough PD,,12:59,,,12/30/2023,Call_Log_December_22_2023_to_December_31_2023.pdf,31
,,SHOPLIFTING,,Report,Yes,,193 BOSTON POST ROAD WEST Apt. #C,Marlborough,,,Marlborough PD,,13:23,,,12/30/2023,Call_Log_December_22_2023_to_December_31_2023.pdf,31
,,ASSIST OTHER AGENCY,,Services Rendered- PD,No,,1 FARMHOUSE LN Apt. #6,Marlborough,,,Marlborough PD,,13:26,,,12/30/2023,Call_Log_December_22_2023_to_December_31_2023.pdf,31
,,Ambulance Assist,,Services Rendered- PD,No,,184 MECHANIC ST Apt. #6,Marlborough,,,Marlborough PD,,13:30,,,12/30/2023,Call_Log_December_22_2023_to_December_31_2023.pdf,31
,,Medical,,Services Rendered- FD,No,,400 HEMENWAY ST,Marlborough,,,Marlborough PD,,13:31,,,12/30/2023,Call_Log_December_22_2023_to_December_31_2023.pdf,31
,,Medical,,Transported to Hospital,No,,184 MECHANIC ST Apt. #6,Marlborough,,,Marlborough PD,,13:35,,,12/30/2023,Call_Log_December_22_2023_to_December_31_2023.pdf,31
,,Ambulance Assist,,Services Rendered- PD,No,,3 ELM ST,Marlborough,,,Marlborough PD,,14:53,,,12/30/2023,Call_Log_December_22_2023_to_December_31_2023.pdf,31
,,Medical,,Transported to Hospital,No,,3 ELM ST,Marlborough,,,Marlborough PD,,14:54,,,12/30/2023,Call_Log_December_22_2023_to_December_31_2023.pdf,31
,,Well being check,,Services Rendered- PD,No,,38 WELLINGTON ST,Marlborough,,,Marlborough PD,,14:55,,,12/30/2023,Call_Log_December_22_2023_to_December_31_2023.pdf,31
,,Ambulance Only,,Transported to Hospital,No,,38 WELLINGTON ST,Marlborough,,,Marlborough PD,,14:58,,,12/30/2023,Call_Log_December_22_2023_to_December_31_2023.pdf,31
,,Fraud / Forgery,,Report,Yes,,87 TAVITIAN BLVD,Marlborough,,,Marlborough PD,,15:09,,,12/30/2023,Call_Log_December_22_2023_to_December_31_2023.pdf,32
,,"BURGLARY, B & E PAST",,Report,Yes,,40A CRYSTAL BROOK WAY,Marlborough,,,Marlborough PD,,15:29,,,12/30/2023,Call_Log_December_22_2023_to_December_31_2023.pdf,32
,,911 Hangup/Call,,Services Rendered- PD,No,,219 RIDGE RD,Marlborough,,,Marlborough PD,,16:02,,,12/30/2023,Call_Log_December_22_2023_to_December_31_2023.pdf,32
,,Medical,,Transported to Hospital,No,,219 RIDGE RD,Marlborough,,,Marlborough PD,,16:16,,,12/30/2023,Call_Log_December_22_2023_to_December_31_2023.pdf,32
,,ASSIST CITIZEN,,Services Rendered- PD,No,,85 WASHINGTON ST,Marlborough,,,Marlborough PD,,16:38,,,12/30/2023,Call_Log_December_22_2023_to_December_31_2023.pdf,32
,,MVA PROPERTY DAMAGE ONLY,,Report,Yes,,175 BOSTON POST ROAD EAST,Marlborough,,,Marlborough PD,,16:52,,,12/30/2023,Call_Log_December_22_2023_to_December_31_2023.pdf,32
,,"ALARM, BURGLAR",,Building Checked/Secured,No,,119 WASHINGTON ST,Marlborough,,,Marlborough PD,,17:12,,,12/30/2023,Call_Log_December_22_2023_to_December_31_2023.pdf,32
,,SHOPLIFTING,,Unfounded,No,,230 EAST MAIN ST Apt. #A,Marlborough,,,Marlborough PD,,17:26,,,12/30/2023,Call_Log_December_22_2023_to_December_31_2023.pdf,32
,,FOUND/LOST PROPERTY,,Report,Yes,,206 BOLTON ST,Marlborough,,,Marlborough PD,,17:57,,,12/30/2023,Call_Log_December_22_2023_to_December_31_2023.pdf,32
,,Well being check,,Services Rendered- PD,No,,40 ELM HEIGHTS TER,Marlborough,,,Marlborough PD,,18:14,,,12/30/2023,Call_Log_December_22_2023_to_December_31_2023.pdf,32
,,Animal Complaint,,Unfounded,No,,132 HOSMER ST @ 1 ROYAL CREST DR,Marlborough,,,Marlborough PD,,18:41,,,12/30/2023,Call_Log_December_22_2023_to_December_31_2023.pdf,32
,,Parking Violation,,Unfounded,No,,771 BOSTON POST ROAD EAST Apt. #12,Marlborough,,,Marlborough PD,,18:53,,,12/30/2023,Call_Log_December_22_2023_to_December_31_2023.pdf,32
,,Ambulance Only,,Transported to Hospital,No,,275 WEST MAIN ST,Marlborough,,,Marlborough PD,,19:20,,,12/30/2023,Call_Log_December_22_2023_to_December_31_2023.pdf,32
,,Ambulance Assist,,Services Rendered- PD,No,,275 WEST MAIN ST Apt. #10,Marlborough,,,Marlborough PD,,19:20,,,12/30/2023,Call_Log_December_22_2023_to_December_31_2023.pdf,32
,,Medical,,Services Rendered- FD,No,,174 ANDERSON RD,Marlborough,,,Marlborough PD,,19:22,,,12/30/2023,Call_Log_December_22_2023_to_December_31_2023.pdf,32
,,MOTOR VEHICLE STOP,,CRIMINAL COMPLAINT,Yes,,150 ELM ST,Marlborough,,,Marlborough PD,,19:46,,,12/30/2023,Call_Log_December_22_2023_to_December_31_2023.pdf,32
,,Medical,,Transported to Hospital,No,,84 CRYSTAL BROOK WAY Apt. #G,Marlborough,,,Marlborough PD,,20:40,,,12/30/2023,Call_Log_December_22_2023_to_December_31_2023.pdf,32
,,Suspicious M/V,,Services Rendered- PD,No,,75 FELTON ST,Marlborough,,,Marlborough PD,,21:13,,,12/30/2023,Call_Log_December_22_2023_to_December_31_2023.pdf,32
,,911 Hangup/Call,,Building Checked/Secured,No,,36 ROYAL CREST DR Apt. #11,Marlborough,,,Marlborough PD,,21:46,,,12/30/2023,Call_Log_December_22_2023_to_December_31_2023.pdf,32
,,SUSPICIOUS ACTIVITY,,Unfounded,No,,416 BOSTON POST ROAD EAST Apt. #3,Marlborough,,,Marlborough PD,,21:58,,,12/30/2023,Call_Log_December_22_2023_to_December_31_2023.pdf,32
,,SUSPICIOUS ACTIVITY,,Services Rendered- PD,No,,165B BROADMEADOW RD Apt. #10,Marlborough,,,Marlborough PD,,22:04,,,12/30/2023,Call_Log_December_22_2023_to_December_31_2023.pdf,33
,,MOTOR VEHICLE STOP,,CRIMINAL COMPLAINT,Yes,,405 MAPLE ST @ 1 COMTOIS DR,Marlborough,,,Marlborough PD,,22:26,,,12/30/2023,Call_Log_December_22_2023_to_December_31_2023.pdf,33
,,DISTURBANCE,,Services Rendered- PD,No,,21 APEX DR,Marlborough,,,Marlborough PD,,22:49,,,12/30/2023,Call_Log_December_22_2023_to_December_31_2023.pdf,33
,,Well being check,,Services Rendered- PD,No,,157 UNION ST,Marlborough,,,Marlborough PD,,23:03,,,12/30/2023,Call_Log_December_22_2023_to_December_31_2023.pdf,33
,,"ALARM, BURGLAR",,Building Checked/Secured,No,,410 LAKESIDE AVE,Marlborough,,,Marlborough PD,,23:24,,,12/30/2023,Call_Log_December_22_2023_to_December_31_2023.pdf,33
,,Ambulance Only,,Services Rendered- FD,No,,[HUD] 11 LAKE ST,Marlborough,,,Marlborough PD,,23:52,,,12/30/2023,Call_Log_December_22_2023_to_December_31_2023.pdf,33
,,DISTURBANCE,,Report,Yes,,172 ELM ST,Marlborough,,,Marlborough PD,,00:23,,,12/31/2023,Call_Log_December_22_2023_to_December_31_2023.pdf,33
,,MOTOR VEHICLE STOP,,Citation/Warning Issued,No,,537 BOLTON ST @ 9 RESERVOIR ST,Marlborough,,,Marlborough PD,,00:47,,,12/31/2023,Call_Log_December_22_2023_to_December_31_2023.pdf,33
,,ASSIST OTHER AGENCY,,Services Rendered- PD,No,,355 BOLTON ST,Marlborough,,,Marlborough PD,,00:47,,,12/31/2023,Call_Log_December_22_2023_to_December_31_2023.pdf,33
,,"ALARM, BURGLAR",,Building Checked/Secured,No,,44 TECUMSEH TRL,Marlborough,,,Marlborough PD,,01:03,,,12/31/2023,Call_Log_December_22_2023_to_December_31_2023.pdf,33
,,MOTOR VEHICLE STOP,,CRIMINAL COMPLAINT,Yes,,428 MAPLE ST,Marlborough,,,Marlborough PD,,01:28,,,12/31/2023,Call_Log_December_22_2023_to_December_31_2023.pdf,33
,,MOTOR VEHICLE STOP,,CRIMINAL COMPLAINT,Yes,,36 BOLTON ST @ 3 HIGH ST,Marlborough,,,Marlborough PD,,01:29,,,12/31/2023,Call_Log_December_22_2023_to_December_31_2023.pdf,33
,,RECOVERED STOLEN MV,,Arrest(s) Made,Yes,23-418-AR; 23-419-AR,250 MAPLE ST,Marlborough,,,Marlborough PD,,03:51,,,12/31/2023,Call_Log_December_22_2023_to_December_31_2023.pdf,33
,,Medical,,Services Rendered- FD,No,,98 SANDINI RD,Marlborough,,,Marlborough PD,,04:31,,,12/31/2023,Call_Log_December_22_2023_to_December_31_2023.pdf,33
,,Medical,,Services Rendered- FD,No,,400 HEMENWAY ST Apt. #290,Marlborough,,,Marlborough PD,,05:04,,,12/31/2023,Call_Log_December_22_2023_to_December_31_2023.pdf,34
,,Medical,,Services Rendered- FD,No,,99 PLEASANT ST Apt. #212,Marlborough,,,Marlborough PD,,05:06,,,12/31/2023,Call_Log_December_22_2023_to_December_31_2023.pdf,34
,,Medical,,Transported to Hospital,No,,99 PLEASANT ST Apt. #119,Marlborough,,,Marlborough PD,,07:05,,,12/31/2023,Call_Log_December_22_2023_to_December_31_2023.pdf,34
,,"ALARM, BURGLAR",,Building Checked/Secured,No,,908 CONCORD RD,Marlborough,,,Marlborough PD,,07:43,,,12/31/2023,Call_Log_December_22_2023_to_December_31_2023.pdf,34
,,DPW Called Out,,Services Rendered- PD,No,,221 STEVENS ST @ 11 DIRADO DR,Marlborough,,,Marlborough PD,,09:34,,,12/31/2023,Call_Log_December_22_2023_to_December_31_2023.pdf,34
,,Medical,,Transported to Hospital,No,,720 BOSTON POST ROAD EAST,Marlborough,,,Marlborough PD,,10:29,,,12/31/2023,Call_Log_December_22_2023_to_December_31_2023.pdf,34
,,Ambulance Assist,,Services Rendered- PD,No,,720 BOSTON POST ROAD EAST,Marlborough,,,Marlborough PD,,10:31,,,12/31/2023,Call_Log_December_22_2023_to_December_31_2023.pdf,34
,,MOTOR VEHICLE STOP,,Citation/Warning Issued,No,,554 BOSTON POST ROAD EAST @ 22 WILSON ST,Marlborough,,,Marlborough PD,,10:37,,,12/31/2023,Call_Log_December_22_2023_to_December_31_2023.pdf,34
,,Medical,,Services Rendered- FD,No,,1009 APPLEBRIAR LN,Marlborough,,,Marlborough PD,,11:00,,,12/31/2023,Call_Log_December_22_2023_to_December_31_2023.pdf,34
,,Medical,,Transported to Hospital,No,,121 NORTHBORO ROAD EAST Apt. #135B,Marlborough,,,Marlborough PD,,12:03,,,12/31/2023,Call_Log_December_22_2023_to_December_31_2023.pdf,34
,,SUSPICIOUS ACTIVITY,,Services Rendered- PD,No,,GREEN DISTRICT BLVD,Marlborough,,,Marlborough PD,,12:06,,,12/31/2023,Call_Log_December_22_2023_to_December_31_2023.pdf,34
,,DISTURBANCE,,Services Rendered- PD,No,,109 FITCHBURG ST,Marlborough,,,Marlborough PD,,12:36,,,12/31/2023,Call_Log_December_22_2023_to_December_31_2023.pdf,34
,,Medical,,Transported to Hospital,No,,421 BOLTON ST Apt. #217,Marlborough,,,Marlborough PD,,12:58,,,12/31/2023,Call_Log_December_22_2023_to_December_31_2023.pdf,34
,,Medical,,Transported to Hospital,No,,402 HEMENWAY ST,Marlborough,,,Marlborough PD,,13:25,,,12/31/2023,Call_Log_December_22_2023_to_December_31_2023.pdf,34
,,Medical,,Services Rendered- FD,No,,4 TURNER RIDGE RD,Marlborough,,,Marlborough PD,,14:21,,,12/31/2023,Call_Log_December_22_2023_to_December_31_2023.pdf,34
,,Ambulance Assist,,Services Rendered- PD,No,,4 TURNER RIDGE RD,Marlborough,,,Marlborough PD,,14:21,,,12/31/2023,Call_Log_December_22_2023_to_December_31_2023.pdf,34
,,Medical,,Services Rendered- FD,No,,53 WAGON HILL RD,Marlborough,,,Marlborough PD,,14:25,,,12/31/2023,Call_Log_December_22_2023_to_December_31_2023.pdf,34
,,SUSPICIOUS ACTIVITY,,Report,Yes,,75 HOWE ST,Marlborough,,,Marlborough PD,,14:52,,,12/31/2023,Call_Log_December_22_2023_to_December_31_2023.pdf,34
,,Animal Complaint,,Services Rendered- PD,No,,450 BOSTON POST ROAD EAST Apt. #607A,Marlborough,,,Marlborough PD,,15:02,,,12/31/2023,Call_Log_December_22_2023_to_December_31_2023.pdf,35
,,MVA PROPERTY DAMAGE ONLY,,Report,Yes,,240 EAST MAIN ST,Marlborough,,,Marlborough PD,,15:17,,,12/31/2023,Call_Log_December_22_2023_to_December_31_2023.pdf,35
,,"ALARM, HOLD-UP",,Services Rendered- PD,No,,860 CONCORD RD,Marlborough,,,Marlborough PD,,15:29,,,12/31/2023,Call_Log_December_22_2023_to_December_31_2023.pdf,35
,,Parking Violation,,Citation/Warning Issued,No,,1 COURT ST @ 19 WEED ST,Marlborough,,,Marlborough PD,,15:41,,,12/31/2023,Call_Log_December_22_2023_to_December_31_2023.pdf,35
,,Medical,,Medical Assistance Rendered,No,,22 BROAD ST Apt. #B2,Marlborough,,,Marlborough PD,,15:46,,,12/31/2023,Call_Log_December_22_2023_to_December_31_2023.pdf,35
,,Ambulance Assist,,Services Rendered- PD,No,,22 BROAD ST Apt. #B2,Marlborough,,,Marlborough PD,,15:48,,,12/31/2023,Call_Log_December_22_2023_to_December_31_2023.pdf,35
,,Ambulance Only,,Medical Assistance Rendered,No,,[HUD] 250 MAIN ST Apt. #114,Marlborough,,,Marlborough PD,,16:46,,,12/31/2023,Call_Log_December_22_2023_to_December_31_2023.pdf,35
,,Medical,,Medical Assistance Rendered,No,,28 MILL STREET CENTRAL,Marlborough,,,Marlborough PD,,17:26,,,12/31/2023,Call_Log_December_22_2023_to_December_31_2023.pdf,35
,,Ambulance Assist,,Services Rendered- PD,No,,28 MILL STREET CENTRAL,Marlborough,,,Marlborough PD,,17:27,,,12/31/2023,Call_Log_December_22_2023_to_December_31_2023.pdf,35
,,Well being check,,Services Rendered- PD,No,,226 RESERVOIR ST,Marlborough,,,Marlborough PD,,17:40,,,12/31/2023,Call_Log_December_22_2023_to_December_31_2023.pdf,35
,,Medical,,Medical Assistance Rendered,No,,SEASONS MARKET - 342 BOSTON POST ROAD EAST,Marlborough,,,Marlborough PD,,17:46,,,12/31/2023,Call_Log_December_22_2023_to_December_31_2023.pdf,35
,,Ambulance Assist,,Services Rendered- PD,No,,SEASONS MARKET - 342 BOSTON POST ROAD EAST,Marlborough,,,Marlborough PD,,17:46,,,12/31/2023,Call_Log_December_22_2023_to_December_31_2023.pdf,35
,,Ambulance Only,,Medical Assistance Rendered,No,,226 RESERVOIR ST,Marlborough,,,Marlborough PD,,17:48,,,12/31/2023,Call_Log_December_22_2023_to_December_31_2023.pdf,35
,,DISABLED MV,,Services Rendered- PD,No,,57 MECHANIC ST,Marlborough,,,Marlborough PD,,18:07,,,12/31/2023,Call_Log_December_22_2023_to_December_31_2023.pdf,35
,,Parking Violation,,Citation/Warning Issued,No,,153 MAIN ST Apt. #1,Marlborough,,,Marlborough PD,,18:09,,,12/31/2023,Call_Log_December_22_2023_to_December_31_2023.pdf,35
,,Medical,,Medical Assistance Rendered,No,,290 HUDSON ST,Marlborough,,,Marlborough PD,,18:10,,,12/31/2023,Call_Log_December_22_2023_to_December_31_2023.pdf,35
,,Ambulance Assist,,Services Rendered- PD,No,,290 HUDSON ST,Marlborough,,,Marlborough PD,,18:12,,,12/31/2023,Call_Log_December_22_2023_to_December_31_2023.pdf,35
,,911 Hangup/Call,,Building Checked/Secured,No,,93 CRESTWOOD LN,Marlborough,,,Marlborough PD,,18:32,,,12/31/2023,Call_Log_December_22_2023_to_December_31_2023.pdf,35
,,MOTOR VEHICLE STOP,,Citation/Warning Issued,No,,556 PLEASANT ST @ 10 WEST HILL RD,Marlborough,,,Marlborough PD,,18:36,,,12/31/2023,Call_Log_December_22_2023_to_December_31_2023.pdf,36
,,DISTURBANCE,,Report,Yes,,416 BOSTON POST ROAD EAST Apt. #10,Marlborough,,,Marlborough PD,,21:02,,,12/31/2023,Call_Log_December_22_2023_to_December_31_2023.pdf,36
,,911 Hangup/Call,,Unfounded,No,,100 GRANGER BLVD,Marlborough,,,Marlborough PD,,21:24,,,12/31/2023,Call_Log_December_22_2023_to_December_31_2023.pdf,36
,,DISTURBANCE,,Unfounded,No,,261 BOSTON POST ROAD EAST Apt. #9,Marlborough,,,Marlborough PD,,21:36,,,12/31/2023,Call_Log_December_22_2023_to_December_31_2023.pdf,36
,,SUSPICIOUS ACTIVITY,,Services Rendered- PD,No,,11 NEWTON ST @ 105 GRANGER BLVD,Marlborough,,,Marlborough PD,,21:38,,,12/31/2023,Call_Log_December_22_2023_to_December_31_2023.pdf,36
,,DISTURBANCE,,Services Rendered- PD,No,,397 WILLIAMS ST,Marlborough,,,Marlborough PD,,21:51,,,12/31/2023,Call_Log_December_22_2023_to_December_31_2023.pdf,36
,,SUSPICIOUS ACTIVITY,,Unfounded,No,,20 LEONARD DR,Marlborough,,,Marlborough PD,,22:02,,,12/31/2023,Call_Log_December_22_2023_to_December_31_2023.pdf,36
,,Medical,,Medical Assistance Rendered,No,,15 DICKENSON WAY Apt. #81M,Marlborough,,,Marlborough PD,,22:23,,,12/31/2023,Call_Log_December_22_2023_to_December_31_2023.pdf,36
,,Ambulance Assist,,Services Rendered- PD,No,,15 DICKENSON WAY Apt. #81M,Marlborough,,,Marlborough PD,,22:24,,,12/31/2023,Call_Log_December_22_2023_to_December_31_2023.pdf,36
,,DISTURBANCE,,Services Rendered- PD,No,,596 BOSTON POST ROAD EAST Apt. #6,Marlborough,,,Marlborough PD,,22:54,,,12/31/2023,Call_Log_December_22_2023_to_December_31_2023.pdf,36
,,"ALARM, BURGLAR",,Building Checked/Secured,No,,410 LAKESIDE AVE,Marlborough,,,Marlborough PD,,22:57,,,12/31/2023,Call_Log_December_22_2023_to_December_31_2023.pdf,36
,,DISTURBANCE,,Report,Yes,,265 LAKESIDE AVE,Marlborough,,,Marlborough PD,,23:07,,,12/31/2023,Call_Log_December_22_2023_to_December_31_2023.pdf,36
,,Suspicious M/V,,Services Rendered- PD,No,,22 BROAD ST @ 30 LAVIOLETTE ST,Marlborough,,,Marlborough PD,,23:22,,,12/31/2023,Call_Log_December_22_2023_to_December_31_2023.pdf,36
,,Medical,,Transported to Hospital,No,,285 CONCORD RD,Marlborough,,,Marlborough PD,,23:31,,,12/31/2023,Call_Log_December_22_2023_to_December_31_2023.pdf,36
,,Ambulance Assist,,Services Rendered- PD,No,,285 CONCORD RD,Marlborough,,,Marlborough PD,,23:32,,,12/31/2023,Call_Log_December_22_2023_to_December_31_2023.pdf,36
,,COMPLAINT,,Services Rendered- PD,No,,261 BOSTON POST ROAD EAST,Marlborough,,,Marlborough PD,,23:41,,,12/31/2023,Call_Log_December_22_2023_to_December_31_2023.pdf,36
,,SUSPICIOUS ACTIVITY,,Services Rendered- PD,No,,277 BOSTON POST ROAD WEST Apt. #506,Marlborough,,,Marlborough PD,,23:47,,,12/31/2023,Call_Log_December_22_2023_to_December_31_2023.pdf,36
