call_id,agency,actdate,acttime,streetnbr,street,geox,geoy,naturecode
P220000130,BIPD,1/1/2022 0:00,1008,825,HIGH SCHOOL RD NE,122689262,23609944,FI
P220000294,BIPD,1/1/2022 0:00,1700,8040,NE DAY RD W,121947794,25271751,ALRA
P220000346,BIPD,1/1/2022 0:00,1847,,HOMESTEAD LN / MADISON AVE N,122446140,23436846,CELL
P220000341,BIPD,1/1/2022 0:00,1843,16285,STATE HWY 305 NE,120963992,26314403,SUSPI2
P220000440,BIPD,1/2/2022 0:00,0004,253,HIGH SCHOOL RD,122486600,23632226,MISC3
P220000753,BIPD,1/2/2022 0:00,2029,15879,EUCLID AVE NE,122402845,26237102,ALRA
P220000047,BIPD,1/1/2022 0:00,0226,270,OLYMPIC DR SE,122674395,23183596,WC3
P220000097,BIPD,1/1/2022 0:00,0632,,MINAMOTO LN NE / WINSLOW WAY E,122615288,23258745,CELL
P220000149,BIPD,1/1/2022 0:00,1105,900,PARK AVE NE,123043300,23516100,UNWAN4
P220000206,BIPD,1/1/2022 0:00,1352,,BLAKELY AVE NE / NE COUNTRY CLUB RD,122421748,22250674,PC4
P220000413,BIPD,1/1/2022 0:00,2219,11299,ARROW POINT DR NE,121095342,24676599,PC4
P220000556,BIPD,1/2/2022 0:00,1148,11700,MEADOWMEER CIR NE,122120244,24736349,MVC4
P220000817,BIPD,1/2/2022 0:00,2230,,GROW AVE NW / WYATT WAY NW,122332496,23385509,TRAFF3
P220001056,BIPD,1/3/2022 0:00,1047,,NE SEABOLD CHURCH RD / NE WEST PORT MADISON RD,121612359,25954223,CELL
P220001323,BIPD,1/3/2022 0:00,1804,8895,MADISON AVE N,122433945,23949248,T
P220001337,BIPD,1/3/2022 0:00,1825,2324,SOUNDVIEW DR NE,122369995,21780794,FU
P220001406,BIPD,1/3/2022 0:00,2147,,NE DAY RD E / NE YETI LN,122024833,25273329,CELL
P220001565,BIPD,1/4/2022 0:00,0855,3672,LAVENDER LN NE,121424393,22374445,ALRA
P220000113,BIPD,1/1/2022 0:00,0838,,NE BAY HILL RD / MILLER RD NE,121654047,24856881,TRAFF4
P220000250,BIPD,1/1/2022 0:00,1536,15015,SUNRISE DR NE,122591645,26003102,FU
P220000262,BIPD,1/1/2022 0:00,1555,9832,NE LAFAYETTE AVE,122565745,26163202,FU
P220000309,BIPD,1/1/2022 0:00,1720,,VINEYARD LN / WINSLOW WAY E,122604664,23256788,CELL
P220000264,BIPD,1/1/2022 0:00,1558,9101,NE KONO RD,122199344,22152794,SFR
P220000324,BIPD,1/1/2022 0:00,1803,,NE SEABOLD CHURCH RD / STATE HWY 305 NE,121629175,25910575,RECKL4
P220000193,BIPD,1/1/2022 0:00,1314,10710,NE BROOMGERRIE RD,122806346,23850998,ALRA
P220000201,BIPD,1/1/2022 0:00,1337,200,HIGH SCHOOL RD NE,122477200,23673300,THEFT4
P220000212,BIPD,1/1/2022 0:00,1410,14180,NORTH MADISON AVE NE,122458391,25677744,FOUND4
P220000310,BIPD,1/1/2022 0:00,1723,10409,ARROW POINT DR NE,121137407,24612236,MVCG
P220000680,BIPD,1/2/2022 0:00,1759,,ERICKSEN AVE NE / MADRONE LN N,122486002,23251357,CELL
P220000804,BIPD,1/2/2022 0:00,2203,15369,BROOM ST NE,122191894,26080102,ALRA
P220000718,BIPD,1/2/2022 0:00,1941,10433,NE BRACKENWOOD LN,122816096,25397101,ASSIS4
P220000908,BIPD,1/3/2022 0:00,0410,16531,MARINER AVE NE,121544043,26535053,WC911
P220000941,BIPD,1/3/2022 0:00,0623,5188,NE NORTH TOLO RD,120997742,24475549,TRAFF4
P220000940,BIPD,1/3/2022 0:00,0622,8733,POTLATCH AVE NE,121216092,23930098,ALRA
P220001044,BIPD,1/3/2022 0:00,1019,301,SHANNON DR SE,122531725,23167210,PC4
P220001118,BIPD,1/3/2022 0:00,1227,,HILLTOP DR NE / NE RADIO SCHOOL RD,122422858,21674749,CELL
P220001872,BIPD,1/4/2022 0:00,1859,625,WINSLOW WAY E,122607645,23236096,FU
P220002316,BIPD,1/5/2022 0:00,1619,9000-BLK,MILLER RD NE,121338508,24002010,SUSPI4
P220002327,BIPD,1/5/2022 0:00,1648,253,NE HIGH SCHOOL RD,122470095,23627397,FU
P220002497,BIPD,1/6/2022 0:00,0244,15347,SUQUAMISH WAY NE,121270125,26463609,THEFT4
P220002611,BIPD,1/6/2022 0:00,1040,15250,ALMA PL NE,121575347,26059010,SUSPI4
P220000531,BIPD,1/2/2022 0:00,1001,,NORTH MADISON AVE NE / NE TORVANGER RD,122452409,25628167,TRAFF3
P220000529,BIPD,1/2/2022 0:00,0956,9101,NE KONO RD,122199344,22152794,UNKNOF
P220000561,BIPD,1/2/2022 0:00,1159,,NE MORGAN RD / STATE HWY 305 NE,122252945,24842500,T
P220000564,BIPD,1/2/2022 0:00,1206,,MINAMOTO LN NE / WINSLOW WAY E,122616826,23280603,CELL
P220000581,BIPD,1/2/2022 0:00,1307,7578,NE DAY RD W,121790261,25259762,SFR
P220000625,BIPD,1/2/2022 0:00,1443,835,MADISON AVE N,122415345,23498497,THEFT4
P220000822,BIPD,1/2/2022 0:00,2250,15000,SUNRISE DR NE,122787196,26012052,WIRESF
P220001011,BIPD,1/3/2022 0:00,0938,9723,COPPERTOP LOOP NE,122371704,24101208,WC911
P220001134,BIPD,1/3/2022 0:00,1245,253,NE HIGH SCHOOL RD,122470095,23627397,SUSPI3
P220001152,BIPD,1/3/2022 0:00,1306,,FORT WARD HILL RD NE / NE KITSAP ST,122359482,21866978,FU
P220001210,BIPD,1/3/2022 0:00,1445,7000,NE GREGG FARM LN,121501793,23776398,ASSIS4
P220001246,BIPD,1/3/2022 0:00,1549,11042,SUNRISE DR NE,122735688,24663088,SUSPI4
P220001128,BIPD,1/3/2022 0:00,1239,716,VILLAGE CIR NW,122209144,23421547,THEFT4
P220001235,BIPD,1/3/2022 0:00,1533,911,CARVER ST,118421237,20788142,CELL
P220001424,BIPD,1/3/2022 0:00,2226,7400,SPRINGRIDGE RD NE,121324193,23469897,UNKNO3
P220001469,BIPD,1/4/2022 0:00,0308,747,HANAMI LN NE,122658636,23296711,DV3
P220001551,BIPD,1/4/2022 0:00,0833,7750,YEOMALT PL NE,123114496,23560897,THEFT4
P220001714,BIPD,1/4/2022 0:00,1333,625,WINSLOW WAY E,122607645,23236096,ASSIS5
P220002653,BIPD,1/6/2022 0:00,1158,4407,POINT WHITE DR NE,121555243,22499645,FRAUD4
P220002812,BIPD,1/6/2022 0:00,1859,,GROW AVE NW / WINSLOW WAY W,122330972,23254005,TRAFF3
P220002825,BIPD,1/6/2022 0:00,1932,5991,LYNWOOD CENTER RD NE,121691793,23026546,DV2
P220002993,BIPD,1/7/2022 0:00,0622,4704,BLAKELY AVE NE,122043094,22567395,SUSPI3
P220002989,BIPD,1/7/2022 0:00,0553,8263,NE CARMELLA LN,121978144,23520897,DV2
P220003019,BIPD,1/7/2022 0:00,0815,920,HILDEBRAND LN NE,122546345,23567847,SERVI
P220000285,BIPD,1/1/2022 0:00,1641,15729,EUCLID AVE NE,122426645,26238802,BURGL4
P220000725,BIPD,1/2/2022 0:00,1951,,BATTLE POINT DR NE / NE TOLO RD,120996711,24342272,TRAFF3
P220000807,BIPD,1/2/2022 0:00,2210,13800,MANZANITA RD NE,121504343,25585701,WC911
P220000894,BIPD,1/3/2022 0:00,0310,180,KNECHTEL WAY NE,122459595,23453847,UNKNO4
P220000958,BIPD,1/3/2022 0:00,0720,10013,MANITOU BEACH DR NE,122648516,24347418,TRAFF4
P220000989,BIPD,1/3/2022 0:00,0841,180,ERICKSEN AVE NE,122537245,23271397,WC4
P220000007,BIPD,1/1/2022 0:00,0024,1148,AARON AVE,122860046,23584247,ALRA
P220000774,BIPD,1/2/2022 0:00,2054,,NE LATYSON LN / NE TARA LN,121446308,22299514,CELL
P220000926,BIPD,1/3/2022 0:00,0542,10710,NE BROOMGERRIE RD,122806346,23850998,ALRA
P220001001,BIPD,1/3/2022 0:00,0904,200,NE HIGH SCHOOL RD,122481895,23673747,UNKNOF
P220001220,BIPD,1/3/2022 0:00,1457,800,ERICKSEN AVE NE,122540545,23501497,PC4
P220000653,BIPD,1/2/2022 0:00,1623,350,HIGH SCHOOL RD NE,122521100,23645300,THEFT4
P220000684,BIPD,1/2/2022 0:00,1808,,BLAKELY AVE NE / BLAKELY HILL RD NE,122600826,22250266,TRAFF3
P220000883,BIPD,1/3/2022 0:00,0153,8038,NE HIDDEN COVE RD,121946594,25779852,SUICI4
P220000990,BIPD,1/3/2022 0:00,0842,10660,NE MANOR LN,122826446,25603901,TRAFF3
P220000992,BIPD,1/3/2022 0:00,0844,829,HIGH SCHOOL RD NE,122684100,23597800,WC4
P220001099,BIPD,1/3/2022 0:00,1144,221,WYATT WAY NW,122377261,23377888,FRAUD4
P220001300,BIPD,1/3/2022 0:00,1727,625,WINSLOW WAY E,122607645,23236096,FU
P220001550,BIPD,1/4/2022 0:00,0831,10140,NE HIGH SCHOOL RD,122620695,23657947,ALRB
P220001703,BIPD,1/4/2022 0:00,1315,14350,HENDERSON RD NE,121493526,25765204,CHILD4
P220002005,BIPD,1/5/2022 0:00,0538,180,KNECHTEL WAY NE,122459595,23453847,BEHAV4
P220002099,BIPD,1/5/2022 0:00,1012,625,WINSLOW WAY E,122607645,23236096,SUICI3
P220002376,BIPD,1/5/2022 0:00,1847,9752,MILLER RD NE,121478993,24332249,MVCG
P220003774,BIPD,1/8/2022 0:00,1803,,NE HIGH SCHOOL RD / WESTERLY LN NE,121872376,23667436,FI
P220003837,BIPD,1/8/2022 0:00,2035,,"XY(122579166,24752514)",122579166,24752514,CELL
P220004052,BIPD,1/9/2022 0:00,1227,5677,OLD WOODS LN NE,121878544,22883246,CIVIL4
P220004062,BIPD,1/9/2022 0:00,1250,,AGATE PASS BRG / STATE HWY 305 NE,121419233,26448594,DUI3
P220004091,BIPD,1/9/2022 0:00,1406,225,HIGH SCHOOL RD NW,122373845,23636947,MALIC4
P220004243,BIPD,1/9/2022 0:00,2035,,FLETCHER BAY RD NE / NE HIGH SCHOOL RD,121498773,23670949,T
P220001266,BIPD,1/3/2022 0:00,1617,,NE COUNTRY CLUB RD / THREE T RD NE,122447154,22251780,CELL
P220001660,BIPD,1/4/2022 0:00,1148,,HIGH SCHOOL RD NE / STATE HWY 305 NE,122571327,23644516,TRAFF3
P220001725,BIPD,1/4/2022 0:00,1408,,BLAKELY AVE NE / WEST BLAKELY AVE NE,122038788,22396300,T
P220001838,BIPD,1/4/2022 0:00,1724,,HIGH SCHOOL RD NW / MADISON AVE N,122436798,23642840,MISC4
P220001963,BIPD,1/5/2022 0:00,0014,180,KNECHTEL WAY NE,122459595,23453847,BEHAV3
P220002014,BIPD,1/5/2022 0:00,0611,180,KNECHTEL WAY NE,122459595,23453847,HARAS4
P220001154,BIPD,1/3/2022 0:00,1312,10953,NE SOUTH BEACH DR,122807046,21437743,WIRESU
P220001153,BIPD,1/3/2022 0:00,1309,323,HIGH SCHOOL RD NE,122518200,23634300,UNKNO4
P220001180,BIPD,1/3/2022 0:00,1400,,BLAKELY AVE NE / NE COUNTRY CLUB RD,122421748,22250674,T
P220001178,BIPD,1/3/2022 0:00,1356,,AMBROSE LN NW / GROW AVE NW,122365696,23317115,CELL
P220001217,BIPD,1/3/2022 0:00,1452,14991,SUNRISE DR NE,122736695,25943702,ANIMA4
P220001280,BIPD,1/3/2022 0:00,1634,10267,SUNRISE PL NE,122729195,25926752,MISC4
P220002485,BIPD,1/6/2022 0:00,0159,,HIGH SCHOOL RD NE / VINEYARD LN,122557054,23596047,CELL
P220002505,BIPD,1/6/2022 0:00,0406,6041,BLAKELY AVE NE,121914541,22994271,TRAFF3
P220002612,BIPD,1/6/2022 0:00,1041,,DEAD END / NE SEABOLD RD,121568530,26050433,CELL
P220002643,BIPD,1/6/2022 0:00,1142,,NE HIGH SCHOOL RD / HORIZON VIEW PL NW,122314494,23635664,CELL
P220002805,BIPD,1/6/2022 0:00,1842,769,GROW AVE NW,122326895,23473747,FU
P220004251,BIPD,1/9/2022 0:00,2050,9440,SPORTSMAN CLUB RD NE,122357967,24144771,T
P220004258,BIPD,1/9/2022 0:00,2111,601,HIGH SCHOOL RD NE,122588345,23631497,T
P220004283,BIPD,1/9/2022 0:00,2214,14031,STATE HWY 305 NE,121735951,25669335,TRAFF4
P220004429,BIPD,1/10/2022 0:00,0911,9432,HOLLY FARM LN NE,121636393,24111198,FU
P220004654,BIPD,1/10/2022 0:00,1620,,HIGH SCHOOL RD NW / LOVELL AVE NW,122306189,23652413,T
P220004666,BIPD,1/10/2022 0:00,1645,390,ROOT PATH NW,122339316,23381034,CIVIL4
P220001518,BIPD,1/4/2022 0:00,0744,,"XY(121261350,23490559)",121261350,23490559,CELL
P220001604,BIPD,1/4/2022 0:00,1010,,FERNCLIFF AVE NE / WING POINT WAY NE,122693391,23376069,TRAFF3
P220001687,BIPD,1/4/2022 0:00,1248,4775,BLAKELY HEIGHTS DR NE,121859744,22591495,ASSIS4
P220001771,BIPD,1/4/2022 0:00,1534,12490,MANZANITA RD NE,121530893,25148850,PC5
P220001841,BIPD,1/4/2022 0:00,1734,4900BLK,ROCKAWAY BEACH RD NE,122925316,22384190,TRAFF3
P220001894,BIPD,1/4/2022 0:00,2016,,NE BROOMGERRIE RD / GRAND AVE NE,122794597,23761559,TRAFF3
P220003066,BIPD,1/7/2022 0:00,1011,,MANITOU BEACH DR NE / NE MURDEN COVE DR,122519592,24304540,TRAFF3
P220003192,BIPD,1/7/2022 0:00,1350,,WEAVER RD NW / WYATT WAY NW,122168200,23391392,RECKL3
P220003201,BIPD,1/7/2022 0:00,1402,,"XY(122322243,23819745)",122322243,23819745,CELL
P220003234,BIPD,1/7/2022 0:00,1437,10360,NE LAFAYETTE AVE,122745395,26164052,DOAB
P220003469,BIPD,1/8/2022 0:00,0022,8804,MADISON AVE N,122493300,23896241,PC4
P220003622,BIPD,1/8/2022 0:00,1111,280,MADISON AVE N,122441895,23299097,ALRU
P220004669,BIPD,1/10/2022 0:00,1647,,SPORTSMAN CLUB RD NE / STATE HWY 305 NE,122395381,24298435,TRAFF3
P220004697,BIPD,1/10/2022 0:00,1748,403,MADISON AVE S,122421245,23156246,ASSIS3
P220004641,BIPD,1/10/2022 0:00,1548,281,BJUNE DR SE,122497724,23205699,FU
P220004969,BIPD,1/11/2022 0:00,1013,8804,MADISON AVE N,122493300,23896241,PC4
P220005047,BIPD,1/11/2022 0:00,1311,,"XY(122322243,23819745)",122322243,23819745,CELL
P220005136,BIPD,1/11/2022 0:00,1540,,NE NEW BROOKLYN RD / SPORTSMAN CLUB RD NE,122235619,23919372,TRAFF3
P220001913,BIPD,1/4/2022 0:00,2121,10039,NE SOUTH BEACH DR,122483745,21407043,ASSIS3
P220002231,BIPD,1/5/2022 0:00,1352,,REITAN RD NE / STATE HWY 305 NE,121501985,26370323,WC3
P220002232,BIPD,1/5/2022 0:00,1354,253,NE HIGH SCHOOL RD,122470095,23627397,TRANS
P220002318,BIPD,1/5/2022 0:00,1626,13681,MANZANITA RD NE,121467443,25556251,WIRESF
P220002311,BIPD,1/5/2022 0:00,1612,13670,MANZANITA RD NE,121500349,25542179,WIRESF
P220002528,BIPD,1/6/2022 0:00,0725,15446,SUNRISE DR NE,122763796,26092302,VERBA3
P220003629,BIPD,1/8/2022 0:00,1123,,FINCH RD NE / SPORTSMAN CLUB RD NE,122038512,23529706,SUSPI3
P220003682,BIPD,1/8/2022 0:00,1340,8804,MADISON AVE N,122493300,23896241,PC4
P220003692,BIPD,1/8/2022 0:00,1415,12167,PLEASANT PL NE,122237244,25030400,FRAUD4
P220004059,BIPD,1/9/2022 0:00,1241,1315,WINTERGREEN LN NE,122603642,23680795,WC911
P220004086,BIPD,1/9/2022 0:00,1347,,ARROW POINT DR NE / NE FREY AVE,121140482,24823361,RECKL4
P220002086,BIPD,1/5/2022 0:00,0946,10773,MANITOU BEACH DR NE,122831246,24541049,ASSIS4
P220002112,BIPD,1/5/2022 0:00,1030,625,WINSLOW WAY E,122607645,23236096,MISC4
P220002276,BIPD,1/5/2022 0:00,1508,,"XY(121861277,23124308)",121861277,23124308,CELL
P220002106,BIPD,1/5/2022 0:00,1023,253,NE HIGH SCHOOL RD,122470095,23627397,WCB
P220002620,BIPD,1/6/2022 0:00,1055,,"XY(121261374,23491653)",121261374,23491653,CELL
P220002732,BIPD,1/6/2022 0:00,1451,667,GROW AVE NW,122327045,23441197,SUSPI4
P220005134,BIPD,1/11/2022 0:00,1538,141,PARFITT WAY SW,122411045,23143096,FU
P220005483,BIPD,1/12/2022 0:00,1151,115,SADIE LN NW,122416757,23451782,FU
P220005531,BIPD,1/12/2022 0:00,1314,,NE DAY RD E / NE YETI LN,122024833,25273329,CELL
P220005545,BIPD,1/12/2022 0:00,1341,,"XY(122322243,23819745)",122322243,23819745,CELL
P220005530,BIPD,1/12/2022 0:00,1313,9330,NE HIGH SCHOOL RD,122364045,23666097,RUNAW3
P220005645,BIPD,1/12/2022 0:00,1656,,FERNCLIFF AVE NE / WINSLOW WAY E,122689944,23243431,TRAFF3
P220002573,BIPD,1/6/2022 0:00,0921,,MINAMOTO LN NE / WINSLOW WAY E,122615806,23257639,CELL
P220002589,BIPD,1/6/2022 0:00,0958,,SPORTSMAN CLUB RD NE / STATE HWY 305 NE,122395381,24298435,TRAFF3
P220002726,BIPD,1/6/2022 0:00,1438,16300,REITAN RD NE,121544943,26362103,BURGL4
P220002736,BIPD,1/6/2022 0:00,1504,11090,ROLLING BAY WALK NE,122884996,24685199,PROWL3
P220002992,BIPD,1/7/2022 0:00,0608,7310,NE BAY HILL RD,121715543,24865200,ALRA
P220003159,BIPD,1/7/2022 0:00,1306,829,HIGH SCHOOL RD NE,122684100,23597800,SUSPI4
P220004190,BIPD,1/9/2022 0:00,1822,900BLK,GROW AVE NW,122335109,23518308,T
P220004369,BIPD,1/10/2022 0:00,0633,,HIGH SCHOOL RD NE / MADISON AVE N,122441202,23647074,MVC3
P220004370,BIPD,1/10/2022 0:00,0634,8500,NE DAY RD E,122120794,25253801,ASSIS4
P220004449,BIPD,1/10/2022 0:00,0953,,"XY(122347752,22572113)",122347752,22572113,CELL
P220004608,BIPD,1/10/2022 0:00,1437,625,WINSLOW WAY E,122607645,23236096,FOUND5
P220004585,BIPD,1/10/2022 0:00,1412,,COMMODORE LN NW / HIGH SCHOOL RD NW,122276105,23653692,TRAFF3
P220003504,BIPD,1/8/2022 0:00,0338,8804,MADISON AVE N,122493300,23896241,PC4
P220003506,BIPD,1/8/2022 0:00,0356,7501,NE DOLPHIN DR,121808744,26284153,PC4
P220003514,BIPD,1/8/2022 0:00,0505,829,NE HIGH SCHOOL RD,122683295,23596597,UNKNO4
P220004011,BIPD,1/9/2022 0:00,0958,,SPORTSMAN CLUB RD NE / STATE HWY 305 NE,122395381,24298435,T
P220004025,BIPD,1/9/2022 0:00,1050,200,HIGH SCHOOL RD NE,122477200,23673300,FU
P220004172,BIPD,1/9/2022 0:00,1735,,NE HIGH SCHOOL RD / HORIZON VIEW PL NW,122314470,23634570,CELL
P220005748,BIPD,1/12/2022 0:00,2155,12781,NORTH MADISON AVE NE,122441645,25215900,SUSPI3
P220005855,BIPD,1/13/2022 0:00,0545,13769,MANZANITA RD NE,121480293,25589451,SUSPI3
P220005887,BIPD,1/13/2022 0:00,0725,,"XY(122375393,21974240)",122375393,21974240,CELL
P220005954,BIPD,1/13/2022 0:00,0952,,NE BAKER HILL RD / CRYSTAL SPRINGS DR NE,121104599,22723660,FI
P220006097,BIPD,1/13/2022 0:00,1415,,"XY(121243067,22468637)",121243067,22468637,CELL
P220004260,BIPD,1/9/2022 0:00,2129,15419,SUNRISE DR NE,122752597,26091591,PC4
P220004311,BIPD,1/10/2022 0:00,0045,7703,FLETCHER BAY RD NE,121570741,23561921,MVC3
P220004404,BIPD,1/10/2022 0:00,0818,10350,NE COUNTRY CLUB RD,122554545,22124794,BURGL4
P220004433,BIPD,1/10/2022 0:00,0918,309,BJUNE DR SE,122502939,23206657,PC4
P220004720,BIPD,1/10/2022 0:00,1844,15385,SUNRISE DR NE,122752362,26083597,DV3
P220004749,BIPD,1/10/2022 0:00,1940,141,PARFITT WAY SW,122411045,23143096,PC3
P220004898,BIPD,1/11/2022 0:00,0751,,NE HIDDEN COVE RD / MANZANITA RD NE,121491466,25653613,T
P220004935,BIPD,1/11/2022 0:00,0917,,"XY(122317550,23822767)",122317550,23822767,CELL
P220004958,BIPD,1/11/2022 0:00,0952,403,MADISON AVE S,122421245,23156246,FU
P220005000,BIPD,1/11/2022 0:00,1118,625,WINSLOW WAY E,122607645,23236096,FI
P220005024,BIPD,1/11/2022 0:00,1224,,MADISON AVE S / SHANNON DR SE,122451584,23227301,CELL
P220005101,BIPD,1/11/2022 0:00,1441,7305,NE HIDDEN COVE RD,121796062,25528639,PC4
P220002776,BIPD,1/6/2022 0:00,1718,,NE EAGLE HARBOR DR / WYATT WAY NW,121975274,23400294,TRAFF3
P220002910,BIPD,1/6/2022 0:00,2250,10710,NE BROOMGERRIE RD,122806346,23850998,ALRA
P220002928,BIPD,1/6/2022 0:00,2343,8804,MADISON AVE N,122493300,23896241,PC4
P220003001,BIPD,1/7/2022 0:00,0655,4704,BLAKELY AVE NE,122043094,22567395,SUSPI3
P220003000,BIPD,1/7/2022 0:00,0651,400,WINSLOW WAY E,122531595,23252797,ALRA
P220003005,BIPD,1/7/2022 0:00,0719,,FINCH RD NE / NE HIGH SCHOOL RD,122040846,23661891,MVC4
P220006084,BIPD,1/13/2022 0:00,1354,220,PARFITT WAY SW,122383545,23192946,WC4
P220006175,BIPD,1/13/2022 0:00,1613,,DEAD END / HARBORVIEW DR SE,122666127,23186490,UNKNO3
P220006263,BIPD,1/13/2022 0:00,1925,600,ALDER AVE NE,123000946,23388747,HARAS4
P220006539,BIPD,1/14/2022 0:00,1114,235,HIGH SCHOOL RD NW,122378345,23630347,FU
P220006692,BIPD,1/14/2022 0:00,1528,,STATE HWY 305 NE / WINSLOW WAY E,122597314,23245536,TRAFF3
P220006683,BIPD,1/14/2022 0:00,1514,4407,POINT WHITE DR NE,121555243,22499645,MISSI4
P220004918,BIPD,1/11/2022 0:00,0839,,NE HIDDEN COVE RD / KOMEDAL RD NE,121555899,25651970,T
P220004953,BIPD,1/11/2022 0:00,0945,11207,PARKHILL PL NE,122541172,24704905,MVCG
P220005025,BIPD,1/11/2022 0:00,1233,1180,HILDEBRAND LN NE,122550445,23601347,FU
P220005176,BIPD,1/11/2022 0:00,1659,,EAGLECLIFF RD / FAWN PL,122645876,23568567,CELL
P220005173,BIPD,1/11/2022 0:00,1655,231,WINSLOW WAY E,122463795,23240396,UNWAN3
P220005209,BIPD,1/11/2022 0:00,1821,,NW SCANDIA RD / VIKING WAY NW,119082342,26641193,T
P220005194,BIPD,1/11/2022 0:00,1745,299,SHANNON DR SE,122508700,23164500,INFOP4
P220005276,BIPD,1/11/2022 0:00,2220,,ISLAND CENTER RD NE / NE MARSHALL RD,121504578,23234756,TRAFF3
P220005394,BIPD,1/12/2022 0:00,0839,12985,PHELPS RD NE,122013844,25315051,ASSIS4
P220005467,BIPD,1/12/2022 0:00,1114,309,SHANNON DR SE,122504121,23149189,PC4
P220005488,BIPD,1/12/2022 0:00,1202,,NE DAY RD E / NE YETI LN,122024833,25273329,CELL
P220003070,BIPD,1/7/2022 0:00,1021,3058,PLEASANT BEACH DR NE,122143144,22016094,TRAFF3
P220003103,BIPD,1/7/2022 0:00,1112,540,HOMESTEAD LN,122478720,23406742,FRAUD4
P220003115,BIPD,1/7/2022 0:00,1136,5991,LYNWOOD CENTER RD NE,121691793,23026546,FU
P220003463,BIPD,1/7/2022 0:00,2354,601,HIGH SCHOOL RD NE,122588345,23631497,FI
P220003566,BIPD,1/8/2022 0:00,0848,9157,NE NEW BROOKLYN RD,122320370,23916307,MISC3
P220004149,BIPD,1/9/2022 0:00,1632,625,WINSLOW WAY E,122607645,23236096,FOUND4
P220005647,BIPD,1/12/2022 0:00,1701,,"XY(122317550,23822767)",122317550,23822767,CELL
P220005670,BIPD,1/12/2022 0:00,1756,835,MADISON AVE N,122415345,23498497,WC3
P220005826,BIPD,1/13/2022 0:00,0256,,FERNCLIFF AVE NE / MINAMOTO LN NE,122690896,23281528,SUSPI3
P220005921,BIPD,1/13/2022 0:00,0837,13200,TEEM LOOP RD NE,121994494,25504751,VEHIT4
P220005959,BIPD,1/13/2022 0:00,0954,271,WYATT WAY NE,122484695,23372947,MALIC4
P220005992,BIPD,1/13/2022 0:00,1052,,"XY(122322243,23819745)",122322243,23819745,CELL
P220005250,BIPD,1/11/2022 0:00,2026,8804,MADISON AVE N,122493300,23896241,ASSIS3
P220005427,BIPD,1/12/2022 0:00,0952,,ARTHUR PL NW / WHITED PL NW,122281249,23736366,CELL
P220005544,BIPD,1/12/2022 0:00,1341,835,MADISON AVE N,122415345,23498497,WC3
P220005703,BIPD,1/12/2022 0:00,1906,,"XY(121466254,23495070)",121466254,23495070,CELL
P220005706,BIPD,1/12/2022 0:00,1926,,NE DAY RD E / NE YETI LN,122024833,25273329,CELL
P220005757,BIPD,1/12/2022 0:00,2206,4131,BLUFF ST NE,121851394,22397295,ASSIS3
P220004356,BIPD,1/10/2022 0:00,0537,15347,SUQUAMISH WAY NE,121270125,26463609,T
P220004422,BIPD,1/10/2022 0:00,0902,225,HIGH SCHOOL RD NW,122373845,23636947,WC3
P220004445,BIPD,1/10/2022 0:00,0945,829,NE HIGH SCHOOL RD,122683295,23596597,SUSPI4
P220004455,BIPD,1/10/2022 0:00,1002,281,BJUNE DR SE,122497724,23205699,FU
P220004532,BIPD,1/10/2022 0:00,1239,,NE SUMANEE PL / NE YETI LN,122051000,25332221,CELL
P220004515,BIPD,1/10/2022 0:00,1210,115,SADIE LN NW,122416757,23451782,THREA4
P220006216,BIPD,1/13/2022 0:00,1728,625,WINSLOW WAY E,122607645,23236096,MISC4
P220006280,BIPD,1/13/2022 0:00,2013,8804,MADISON AVE N,122493300,23896241,PC4
P220006272,BIPD,1/13/2022 0:00,1959,208,KNECHTEL WAY NE,122495445,23452497,SEXOF4
P220006407,BIPD,1/14/2022 0:00,0259,8804,MADISON AVE N,122493300,23896241,PC4
P220006520,BIPD,1/14/2022 0:00,1048,7806,NE BAKER HILL RD,121827544,22621045,FOUND4
P220006684,BIPD,1/14/2022 0:00,1514,,GROW AVE NW / WYATT WAY NW,122332496,23385509,T
P220005877,BIPD,1/13/2022 0:00,0702,8819,NE KOURA RD,122197844,24670199,MVCG
P220005964,BIPD,1/13/2022 0:00,1005,625,WINSLOW WAY E,122607645,23236096,MISC3
P220006109,BIPD,1/13/2022 0:00,1435,835,MADISON AVE N,122415345,23498497,THEFT4
P220006187,BIPD,1/13/2022 0:00,1623,15759,POINT MONROE DR NE,122610395,26246203,PROWL3
P220006622,BIPD,1/14/2022 0:00,1336,635,HIGH SCHOOL RD NE,122615945,23616547,BEHAV4
P220006672,BIPD,1/14/2022 0:00,1453,,"XY(122371673,23661041)",122371673,23661041,CELL
P220004606,BIPD,1/10/2022 0:00,1435,821,HIGH SCHOOL RD NE,122687500,23631900,TRESP3
P220004687,BIPD,1/10/2022 0:00,1727,,SPORTSMAN CLUB RD NE / STATE HWY 305 NE,122395381,24298435,MVC4
P220004831,BIPD,1/11/2022 0:00,0114,8210,NE BLAKELY HEIGHTS DR,121911544,22541395,BLSP
P220004915,BIPD,1/11/2022 0:00,0835,,NE DAY RD E / NE YETI LN,122024833,25273329,CELL
P220005222,BIPD,1/11/2022 0:00,1914,,NE DAY RD E / STATE HWY 305 NE,122023646,25247430,RECKL3
P220007323,BIPD,1/15/2022 0:00,2239,6725,NE SID PRICE RD,121662593,28230806,BLSP
P220007333,BIPD,1/15/2022 0:00,2300,11299,ARROW POINT DR NE,121095342,24676599,T
P220007498,BIPD,1/16/2022 0:00,1058,625,WINSLOW WAY E,122607645,23236096,WRT3
P220007600,BIPD,1/16/2022 0:00,1503,400,WINSLOW WAY E,122531595,23252797,ALRA
P220007707,BIPD,1/16/2022 0:00,1836,,"XY(122417667,21534759)",122417667,21534759,CELL
P220007926,BIPD,1/17/2022 0:00,0836,221,WYATT WAY NW,122377261,23377888,ALRP
P220005262,BIPD,1/11/2022 0:00,2121,253,HIGH SCHOOL RD,122484403,23619535,PC4
P220005552,BIPD,1/12/2022 0:00,1354,,STATE HWY 305 NE / WINSLOW WAY E,122597314,23245536,UNKNOF
P220005656,BIPD,1/12/2022 0:00,1718,,VINEYARD LN / WINSLOW WAY E,122606211,23254200,CELL
P220005682,BIPD,1/12/2022 0:00,1814,,FERNCLIFF AVE NE / HIGH SCHOOL RD NE,122700573,23641750,UNKNO3
P220005711,BIPD,1/12/2022 0:00,1931,829,HIGH SCHOOL RD NE,122684100,23597800,CHILD4
P220005878,BIPD,1/13/2022 0:00,0711,10871,MANITOU BEACH DR NE,122828846,24573949,WIRESL
P220006689,BIPD,1/14/2022 0:00,1522,,GROW AVE NW / WYATT WAY NW,122332496,23385509,T
P220006814,BIPD,1/14/2022 0:00,2017,15680,EUCLID AVE NE,122470295,26228352,ALRA
P220006843,BIPD,1/14/2022 0:00,2130,,NE OLD MILL RD / NE PINE ST,122554935,22579613,CELL
P220007069,BIPD,1/15/2022 0:00,1213,920,HILDEBRAND LN NE,122546345,23567847,UNWAN3
P220007114,BIPD,1/15/2022 0:00,1413,15798,STATE HWY 305 NE,121419100,26448500,TRAFF4
P220007145,BIPD,1/15/2022 0:00,1500,,VINEYARD LN / WINSLOW WAY E,122604664,23256788,CELL
P220008121,BIPD,1/17/2022 0:00,1622,9440,SPORTSMAN CLUB RD NE,122357967,24144771,ALRA
P220008145,BIPD,1/17/2022 0:00,1700,,BELFAIR AVE NE / NE KITSAP ST,122365927,21783629,UNKNO3
P220008186,BIPD,1/17/2022 0:00,1825,,DEAD END / FORT WARD HILL RD NE,122307704,21761558,CELL
P220008254,BIPD,1/17/2022 0:00,2119,370,ROOT PATH NW,122348797,23381698,RUNAW4
P220008420,BIPD,1/18/2022 0:00,0917,625,WINSLOW WAY E,122607645,23236096,MISC5
P220008528,BIPD,1/18/2022 0:00,1236,210,KNECHTEL WAY NE,122492995,23452447,WC4
P220006005,BIPD,1/13/2022 0:00,1117,208,HIGH SCHOOL RD NE,122478900,23646100,FU
P220006024,BIPD,1/13/2022 0:00,1144,625,WINSLOW WAY E,122607645,23236096,MISC3
P220006045,BIPD,1/13/2022 0:00,1233,146,OLYMPIC DR SE,122598259,23233016,FI
P220006094,BIPD,1/13/2022 0:00,1410,7734,SPRINGRIDGE RD NE,121336843,23595297,ALRA
P220006234,BIPD,1/13/2022 0:00,1757,7571,NE DOLPHIN DR,121805400,26281400,ALRA
P220006440,BIPD,1/14/2022 0:00,0721,190,MADISON AVE N,122440545,23277797,WCB
P220007396,BIPD,1/16/2022 0:00,0259,829,HIGH SCHOOL RD NE,122684100,23597800,WC3
P220007745,BIPD,1/16/2022 0:00,2017,8780,FLETCHER BAY RD NE,121367372,23931332,SUSPI4
P220007846,BIPD,1/17/2022 0:00,0107,11700,MEADOWMEER CIR NE,122120244,24736349,FI
P220008133,BIPD,1/17/2022 0:00,1643,,BELFAIR AVE NE / ROBERTSON AVE NE,122370745,21786078,CELL
P220008399,BIPD,1/18/2022 0:00,0835,8677,MADISON AVE N,122420895,23836848,RECKL4
P220006482,BIPD,1/14/2022 0:00,0912,8040,NE DAY RD W,121947794,25271751,THEFT4
P220006733,BIPD,1/14/2022 0:00,1651,,SPORTSMAN CLUB RD NE / WEAVER RD NW,122134566,23658968,CELL
P220006941,BIPD,1/15/2022 0:00,0303,8810,MADISON AVE N,122471145,23928848,SUSPI3
P220007046,BIPD,1/15/2022 0:00,1123,15446,SUNRISE DR NE,122763796,26092302,TRESP4
P220007182,BIPD,1/15/2022 0:00,1625,7503,NE BAKER HILL RD,121697543,22584945,TRAFF3
P220007215,BIPD,1/15/2022 0:00,1755,,"XY(122806800,22401914)",122806800,22401914,CELL
P220006743,BIPD,1/14/2022 0:00,1716,273,SHEPARD WAY NW,122394992,23307650,UNWAN4
P220007177,BIPD,1/15/2022 0:00,1614,15798,STATE HWY 305 NE,121419100,26448500,RECKL3
P220007217,BIPD,1/15/2022 0:00,1804,,KNECHTEL WAY NE / WYATT WAY NE,122489764,23423120,CELL
P220007424,BIPD,1/16/2022 0:00,0443,15347,SUQUAMISH WAY NE,121270125,26463609,INTOXB
P220007476,BIPD,1/16/2022 0:00,0939,635,HIGH SCHOOL RD NE,122615945,23616547,T
P220007477,BIPD,1/16/2022 0:00,0940,7501,NE DOLPHIN DR,121808744,26284153,ALRA
P220008649,BIPD,1/18/2022 0:00,1635,5315,NE OLD MILL RD,122044744,22774796,CIVIL4
P220008686,BIPD,1/18/2022 0:00,1803,8320,NE NEW HOLLAND CT,121996794,23466947,BEHAV3
P220008729,BIPD,1/18/2022 0:00,1958,1251,PATMOS LN NW,122228894,23601647,RUNAW3
P220008752,BIPD,1/18/2022 0:00,2046,,NE BECK RD / DEAD END,121963287,22401454,CELL
P220008910,BIPD,1/19/2022 0:00,0725,,"XY(122322243,23819745)",122322243,23819745,CELL
P220008914,BIPD,1/19/2022 0:00,0741,204,MADRONA WAY NE,122466755,23339474,BLSGP
P220008725,BIPD,1/18/2022 0:00,1938,,"XY(121079871,24707089)",121079871,24707089,CELL
P220008823,BIPD,1/19/2022 0:00,0040,625,WINSLOW WAY E,122607645,23236096,RECOV3
P220009150,BIPD,1/19/2022 0:00,1409,,MADISON AVE N / STATE HWY 305 NE,122472788,23963126,TRAFF3
P220009244,BIPD,1/19/2022 0:00,1655,5032,LYNWOOD CENTER RD NE,121795306,22685305,WCG
P220009674,BIPD,1/20/2022 0:00,1317,301,SHANNON DR SE,122531725,23167210,FI
P220009766,BIPD,1/20/2022 0:00,1603,10117,NE KITSAP ST,122581645,21851094,FU
P220007799,BIPD,1/16/2022 0:00,2212,,FLETCHER BAY RD NE / NE NEW BROOKLYN RD,121365993,23936591,RECKL4
P220007841,BIPD,1/17/2022 0:00,0044,6274,NE HIDDEN COVE RD,121394293,25666401,LOUDP4
P220007862,BIPD,1/17/2022 0:00,0201,7833,STATE HWY 305 NE,122505184,23920898,PC4
P220008005,BIPD,1/17/2022 0:00,1150,,OLYMPIC DR SE / WINSLOW WAY E,122597314,23245536,TRAFF3
P220008016,BIPD,1/17/2022 0:00,1222,4565,POINT WHITE DR NE,121728851,22513963,WC3
P220008117,BIPD,1/17/2022 0:00,1555,,"XY(122346915,24074965)",122346915,24074965,CELL
P220007439,BIPD,1/16/2022 0:00,0602,14537,MISTY VALE PL NE,122714595,25811202,CPR
P220007460,BIPD,1/16/2022 0:00,0840,10800,MILLER RD NE,121500300,24498300,SUSPI3
P220007560,BIPD,1/16/2022 0:00,1356,,NE HIGH SCHOOL RD / WEAVER RD NW,122172769,23657328,WC3
P220007621,BIPD,1/16/2022 0:00,1550,6160,LYNWOOD CENTER RD NE,121768621,23078517,SUSPI4
P220007660,BIPD,1/16/2022 0:00,1713,403,MADISON AVE N,122413745,23337897,VERBA3
P220009012,BIPD,1/19/2022 0:00,1014,301,SHANNON DR SE,122531725,23167210,PC4
P220009118,BIPD,1/19/2022 0:00,1318,1560,MADISON AVE N,122513295,23720447,FU
P220009620,BIPD,1/20/2022 0:00,1145,268,SHANNON DR SE,122485416,23167227,MALIC4
P220009912,BIPD,1/20/2022 0:00,2227,12854,SUNRISE DR NE,122745145,25248051,ALRA
P220009993,BIPD,1/21/2022 0:00,0543,,NE FOREST ROCK LN / STATE HWY 305 NE,119615063,27761114,T
P220010008,BIPD,1/21/2022 0:00,0704,,BJUNE DR SE / BJUNE DR SE,122518415,23184973,CELL
P220009799,BIPD,1/20/2022 0:00,1714,421,GROW AVE NW,122324845,23358997,THEFT4
P220009985,BIPD,1/21/2022 0:00,0429,7900,NE DAY RD W,121898294,25310101,PC4
P220010023,BIPD,1/21/2022 0:00,0801,,NE HIGH SCHOOL RD / SPORTSMAN CLUB RD NE,122101057,23659699,WC3
P220010126,BIPD,1/21/2022 0:00,1142,1560,MADISON AVE N,122513295,23720447,PC4
P220010212,BIPD,1/21/2022 0:00,1524,,"XY(122260029,23997704)",122260029,23997704,CELL
P220010246,BIPD,1/21/2022 0:00,1621,,REITAN RD NE / STATE HWY 305 NE,121501985,26370323,TRAFF3
P220008110,BIPD,1/17/2022 0:00,1529,16300,REITAN RD NE,121544943,26362103,NARCO4
P220008138,BIPD,1/17/2022 0:00,1652,,HIGH SCHOOL RD NE / STATE HWY 305 NE,122571327,23644516,RECKL3
P220008381,BIPD,1/18/2022 0:00,0756,1310,MADISON AVE N,122448295,23671344,RECKL4
P220008443,BIPD,1/18/2022 0:00,0952,,NE KOURA RD / MEADOWLARK LN NE,121862691,24723888,T
P220008489,BIPD,1/18/2022 0:00,1117,530,HOMESTEAD LN,122489195,23403797,UNKNOB
P220008517,BIPD,1/18/2022 0:00,1217,,HIGH SCHOOL RD NE / MADISON AVE N,122441202,23647074,RECKL3
P220010051,BIPD,1/21/2022 0:00,0919,4720,NE EAGLE HARBOR DR,122534195,22867596,DV4
P220010211,BIPD,1/21/2022 0:00,1522,7011,NE BAKER HILL RD,121529893,22583995,ASSIS4
P220010387,BIPD,1/21/2022 0:00,2251,7823,WESTERLY LN NE,121874257,23630808,DV2
P220010458,BIPD,1/22/2022 0:00,0457,625,WINSLOW WAY E,122607645,23236096,FU
P220010612,BIPD,1/22/2022 0:00,1353,,CRYSTAL SPRINGS DR NE / DEAD END,121114177,22294956,CELL
P220010712,BIPD,1/22/2022 0:00,1721,,BIRKLAND RD NE / WEST BLAKELY AVE NE,122063558,22362748,CELL
P220010536,BIPD,1/22/2022 0:00,1026,,"XY(122317550,23822767)",122317550,23822767,CELL
P220010591,BIPD,1/22/2022 0:00,1244,,NE HIGH SCHOOL RD / HORIZON VIEW PL NW,122314494,23635664,CELL
P220010753,BIPD,1/22/2022 0:00,1918,589,GROW AVE NW,122325395,23410897,UNKNO3
P220010783,BIPD,1/22/2022 0:00,2029,635,HIGH SCHOOL RD NE,122615945,23616547,WC4
P220010934,BIPD,1/23/2022 0:00,0412,282,HIGH SCHOOL RD NE,122498904,23645786,PC4
P220011050,BIPD,1/23/2022 0:00,1203,,NE BECK RD / BLUFF ST NE,121857709,22341343,DUI3
P220008522,BIPD,1/18/2022 0:00,1232,301,SHANNON DR SE,122531725,23167210,FI
P220008676,BIPD,1/18/2022 0:00,1752,10057,NE LAFAYETTE AVE,122647045,26127852,WIRESU
P220008701,BIPD,1/18/2022 0:00,1830,7078,NE BAY HILL RD,121560093,24901700,SEXOF4
P220009185,BIPD,1/19/2022 0:00,1512,,VINEYARD LN / WINSLOW WAY E,122604664,23256788,CELL
P220009137,BIPD,1/19/2022 0:00,1356,625,WINSLOW WAY E,122607645,23236096,FI
P220011148,BIPD,1/23/2022 0:00,1611,635,HIGH SCHOOL RD NE,122615945,23616547,T
P220011405,BIPD,1/24/2022 0:00,0815,,NE BECK RD / POINT WHITE DR NE,121809228,22354890,CELL
P220011562,BIPD,1/24/2022 0:00,1340,6310,NE HIDDEN COVE RD,121403043,25665951,THEFT4
P220011592,BIPD,1/24/2022 0:00,1432,11661,NE YEOMALT POINT DR,123110696,23515997,MALIC3
P220012036,BIPD,1/25/2022 0:00,1233,,"XY(122450611,25208480)",122450611,25208480,CELL
P220012220,BIPD,1/25/2022 0:00,1926,1050,HILDEBRAND LN NE,122545395,23588397,OPEN4
P220010726,BIPD,1/22/2022 0:00,1759,6430,NE AGATE BEACH LN,121498693,26222502,THEFT4
P220011193,BIPD,1/23/2022 0:00,1810,,FLETCHER BAY RD NE / NE GREGG FARM LN,121458725,23765525,T
P220011245,BIPD,1/23/2022 0:00,2023,245,HIGH SCHOOL RD NW,122404295,23635147,HARAS3
P220011349,BIPD,1/24/2022 0:00,0336,15390,SUNRISE DR NE,122752390,26084387,PC4
P220011477,BIPD,1/24/2022 0:00,1057,625,WINSLOW WAY E,122607645,23236096,SEXOF5
P220011734,BIPD,1/24/2022 0:00,1917,136,FERNCLIFF AVE NE,122698995,23263297,CUSTO4
P220009467,BIPD,1/20/2022 0:00,0627,12269,ARROW POINT LOOP NE,121253543,25072200,ALRA
P220009678,BIPD,1/20/2022 0:00,1324,12000-BL,MILLER RD NE,121748545,25002343,FI
P220009686,BIPD,1/20/2022 0:00,1338,9330,NE HIGH SCHOOL RD,122364045,23666097,SUICI3
P220009695,BIPD,1/20/2022 0:00,1354,10117,NE KITSAP ST,122581645,21851094,OPEN4
P220009708,BIPD,1/20/2022 0:00,1431,10045,NE SUMMERBERRY CT,122650895,25111900,ALRA
P220009796,BIPD,1/20/2022 0:00,1709,,NORTH MADISON AVE NE / STATE HWY 305 NE,122395381,24298435,RECKL3
P220007696,BIPD,1/16/2022 0:00,1815,,STATE HWY 305 NE / NE WEST PORT MADISON RD,121590942,26041592,DUI3
P220008000,BIPD,1/17/2022 0:00,1140,563,STETSON PL SW,122342995,23101396,ASSIS4
P220008371,BIPD,1/18/2022 0:00,0609,,HIGH SCHOOL RD NE / STATE HWY 305 NE,122571327,23644516,T
P220008393,BIPD,1/18/2022 0:00,0829,8677,MADISON AVE N,122420895,23836848,RECKL4
P220008486,BIPD,1/18/2022 0:00,1113,,MADISON AVE N / WYATT WAY NE,122430882,23382078,MVCG
P220008504,BIPD,1/18/2022 0:00,1151,10560,NE COUNTRY CLUB RD,122685439,22082473,WC3
P220012267,BIPD,1/25/2022 0:00,2301,,NE LOVGREEN RD E / STATE HWY 305 NE,122194159,24976179,T
P220012268,BIPD,1/25/2022 0:00,2308,,NE DAY RD E / STATE HWY 305 NE,122023646,25247430,T
P220012301,BIPD,1/26/2022 0:00,0118,15446,SUNRISE DR NE,122763796,26092302,PC4
P220012347,BIPD,1/26/2022 0:00,0625,,NE DAY RD E / NE YETI LN,122024833,25273329,CELL
P220012359,BIPD,1/26/2022 0:00,0750,,NE EAGLE HARBOR DR / NE EAGLE HARBOR DR,122412586,22945030,CELL
P220012507,BIPD,1/26/2022 0:00,1330,625,WINSLOW WAY E,122607645,23236096,FI
P220012503,BIPD,1/26/2022 0:00,1321,10610,NE GERTIE JOHNSON RD,122804796,24766350,MISC4
P220012620,BIPD,1/26/2022 0:00,1701,625,WINSLOW WAY E,122607645,23236096,FI
P220012663,BIPD,1/26/2022 0:00,1938,8040,NE DAY RD W,121947794,25271751,MVC4
P220012693,BIPD,1/26/2022 0:00,2104,835,MADISON AVE N,122415345,23498497,BEHAV4
P220013133,BIPD,1/27/2022 0:00,1953,,"XY(121797568,25513714)",121797568,25513714,CELL
P220008637,BIPD,1/18/2022 0:00,1604,4200,NE EAGLE HARBOR DR,122667095,22910946,MALIC4
P220008668,BIPD,1/18/2022 0:00,1737,350,HIGH SCHOOL RD NE,122521100,23645300,BLSP
P220008706,BIPD,1/18/2022 0:00,1846,350,HIGH SCHOOL RD NE,122521100,23645300,MISC4
P220008693,BIPD,1/18/2022 0:00,1814,8521,MADISON AVE N,122388295,23738847,ASSIS4
P220009233,BIPD,1/19/2022 0:00,1637,301,SHANNON DR SE,122531725,23167210,MISC3
P220009458,BIPD,1/20/2022 0:00,0420,8960,NE DAY RD E,122268895,25247301,PROWL3
P220012622,BIPD,1/26/2022 0:00,1705,397,WINSLOW WAY E,122529891,23241713,FU
P220012707,BIPD,1/26/2022 0:00,2212,835,MADISON AVE N,122415345,23498497,BEHAV4
P220012919,BIPD,1/27/2022 0:00,1248,9515,NE SOUTH BEACH DR,122326145,21479193,ALRA
P220013039,BIPD,1/27/2022 0:00,1632,,FLETCHER BAY RD NE / NE MARSHALL RD,121637688,23422272,CELL
P220013089,BIPD,1/27/2022 0:00,1825,235,SHANNON DR SE,122465480,23184121,WIRESU
P220013117,BIPD,1/27/2022 0:00,1919,341,TORMEY LN NE,122512695,23581547,SUSPI3
P220009922,BIPD,1/20/2022 0:00,2246,,NE LOVGREEN RD E / NORTH MADISON AVE NE,122463587,24967549,TRAFF3
P220010139,BIPD,1/21/2022 0:00,1214,4720,NE EAGLE HARBOR DR,122534195,22867596,DV4
P220010156,BIPD,1/21/2022 0:00,1257,,BELFAIR AVE NE / ROBERTSON AVE NE,122370617,21780243,CELL
P220010178,BIPD,1/21/2022 0:00,1354,600,ALDER AVE NE,123000946,23388747,DV4
P220010508,BIPD,1/22/2022 0:00,0917,4117,KITSAP WAY,118742428,21252854,RECOV2
P220010549,BIPD,1/22/2022 0:00,1059,8890,MILLER RD NE,121370893,23967848,NARCO4
P220013306,BIPD,1/28/2022 0:00,0810,4650,W WERNER RD,118563887,20915292,FU
P220013588,BIPD,1/28/2022 0:00,1718,835,MADISON AVE N,122415345,23498497,CIVIL4
P220013592,BIPD,1/28/2022 0:00,1730,,ERICKSEN AVE NE / WYATT WAY NE,122529249,23379651,DUI3
P220013594,BIPD,1/28/2022 0:00,1734,13021,ZANSHIN LN NE,121867497,25270373,CIVIL4
P220013671,BIPD,1/28/2022 0:00,2101,,HIGH SCHOOL RD NE / MADISON AVE N,122563736,23829407,CELL
P220013855,BIPD,1/29/2022 0:00,0948,929,CURTIS LOOP NE,122657363,23439537,FU
P220013365,BIPD,1/28/2022 0:00,1025,2944,NE WINESAP CT,120124690,27783156,FU
P220013611,BIPD,1/28/2022 0:00,1816,,"XY(122322243,23819745)",122322243,23819745,UNKNO3
P220013637,BIPD,1/28/2022 0:00,1937,301,SHANNON DR SE,122531725,23167210,PC4
P220013703,BIPD,1/28/2022 0:00,2207,8990,CEDAR ST NE,122645645,23966648,SUSPI3
P220013997,BIPD,1/29/2022 0:00,1523,,FALK RD NE / MANITOU BEACH DR NE,122783415,24418658,FI
P220014289,BIPD,1/30/2022 0:00,0906,1344,WINTERGREEN LN NE,122621704,23727339,ALRA
P220009486,BIPD,1/20/2022 0:00,0722,,WINSLOW WAY W / WOOD AVE SW,122347209,23253103,WC3
P220009655,BIPD,1/20/2022 0:00,1237,18809,FRONT ST NE,119447100,27287800,ASSIS3
P220009823,BIPD,1/20/2022 0:00,1802,675,WINSLOW WAY E,122616305,23244960,FU
P220009981,BIPD,1/21/2022 0:00,0419,7351,NE DAY RD W,121722866,25262902,TRAFF4
P220010477,BIPD,1/22/2022 0:00,0733,,BATTLE POINT DR NE / MILLER RD NE,121350570,24127016,T
P220010596,BIPD,1/22/2022 0:00,1304,10,WASHINGTON AVE,119811172,21034013,INFOP3
P220011274,BIPD,1/23/2022 0:00,2206,1344,WINTERGREEN LN NE,122621704,23727339,SUICIA
P220011568,BIPD,1/24/2022 0:00,1345,285,MADISON AVE S,122426500,23199000,WC911
P220011652,BIPD,1/24/2022 0:00,1612,600,ALDER AVE NE,123000946,23388747,FRAUD4
P220011722,BIPD,1/24/2022 0:00,1838,,NE HIDDEN COVE RD / STATE HWY 305 NE,121741380,25661177,DUI3
P220011737,BIPD,1/24/2022 0:00,1920,280,MADISON AVE N,122441895,23299097,ALRA
P220014116,BIPD,1/29/2022 0:00,2020,,"XY(122447240,23101157)",122447240,23101157,CELL
P220014290,BIPD,1/30/2022 0:00,0907,,NE DAY RD E / STATE HWY 305 NE,122023646,25247430,T
P220014350,BIPD,1/30/2022 0:00,1217,835,MADISON AVE N,122415345,23498497,ASSIS4
P220014349,BIPD,1/30/2022 0:00,1210,,NE MORGAN RD / STATE HWY 305 NE,122252945,24842500,MVCR
P220014659,BIPD,1/31/2022 0:00,0625,,NE LOVGREEN RD E / STATE HWY 305 NE,122194159,24976179,MVCB
P220015005,BIPD,1/31/2022 0:00,1820,,GROW AVE NW / HIGH SCHOOL RD NW,122338072,23651202,T
P220014306,BIPD,1/30/2022 0:00,1000,253,NE HIGH SCHOOL RD,122470095,23627397,FU
P220014328,BIPD,1/30/2022 0:00,1107,9774,NE KITSAP ST,122404395,21854244,FU
P220014677,BIPD,1/31/2022 0:00,0739,3863,PLEASANT BEACH DR NE,121821494,22264545,FOUND4
P220014713,BIPD,1/31/2022 0:00,0916,8263,NE CARMELLA LN,121978144,23520897,CIVIL4
P220014748,BIPD,1/31/2022 0:00,1014,,MADISON AVE S / SHANNON DR SE,122432527,23226624,CELL
P220015013,BIPD,1/31/2022 0:00,1856,1174,HIGH SCHOOL RD NE,122800496,23633247,TRAFF3
P220010682,BIPD,1/22/2022 0:00,1625,11299,ARROW POINT DR NE,121095342,24676599,ASSIS4
P220010736,BIPD,1/22/2022 0:00,1839,,HIGH SCHOOL RD NE / STATE HWY 305 NE,122571327,23644516,MVC3
P220010997,BIPD,1/23/2022 0:00,0938,8040,NE DAY RD W,121947794,25271751,PROWL4
P220011056,BIPD,1/23/2022 0:00,1221,,HIGH SCHOOL RD NW / IHLAND WAY NE,122429674,23627296,CELL
P220011344,BIPD,1/24/2022 0:00,0322,8804,MADISON AVE N,122493300,23896241,PC4
P220011422,BIPD,1/24/2022 0:00,0854,625,WINSLOW WAY E,122607645,23236096,SEXOF5
P220011796,BIPD,1/24/2022 0:00,2226,225,HIGH SCHOOL RD NW,122373845,23636947,PC4
P220011838,BIPD,1/25/2022 0:00,0113,270,OLYMPIC DR SE,122674395,23183596,UNWAN3
P220011910,BIPD,1/25/2022 0:00,0808,11216,SUNRISE DR NE,122728795,24704399,FU
P220011941,BIPD,1/25/2022 0:00,0929,141,PARFITT WAY SW,122411045,23143096,MISC4
P220011963,BIPD,1/25/2022 0:00,1007,10335,NE VALLEY RD,122701370,24698149,TRANS
P220012183,BIPD,1/25/2022 0:00,1750,280,MADISON AVE N,122441895,23299097,PC4
P220015101,BIPD,1/31/2022 0:00,2315,823,HIGH SCHOOL RD NE,122680900,23626700,ASSIS3
P220015485,BIPD,2/1/2022 0:00,1901,,(UNKNOWN),0,0,PC4
P220015533,BIPD,2/1/2022 0:00,2106,8800,MADISON AVE N,122461785,23903536,CPR
P220015699,BIPD,2/2/2022 0:00,0922,,FLETCHER BAY RD NE / NE HIGH SCHOOL RD,121498773,23670949,T
P220015884,BIPD,2/2/2022 0:00,1539,10340,NORTH MADISON AVE NE,122452400,24418800,MVC3
P220016420,BIPD,2/3/2022 0:00,1624,9350,NE HIGH SCHOOL RD,122411800,23664400,THEFT4
P220011491,BIPD,1/24/2022 0:00,1131,,"XY(122322243,23819745)",122322243,23819745,CELL
P220011500,BIPD,1/24/2022 0:00,1144,,"XY(122438172,25196348)",122438172,25196348,CELL
P220011616,BIPD,1/24/2022 0:00,1515,625,WINSLOW WAY E,122607645,23236096,PC5
P220012233,BIPD,1/25/2022 0:00,2006,14735,SIVERTSON RD NE,121798294,25890252,SUSPI3
P220012300,BIPD,1/26/2022 0:00,0115,625,WINSLOW WAY E,122607645,23236096,ASSIS4
P220012182,BIPD,1/25/2022 0:00,1747,9594,MANDUS OLSON RD NE,121860294,24313699,WIRESU
P220012293,BIPD,1/26/2022 0:00,0044,15759,POINT MONROE DR NE,122610395,26246203,SUSPI3
P220012559,BIPD,1/26/2022 0:00,1501,9125,SPORTSMAN CLUB RD NE,122244794,24001398,SUSPI4
P220012603,BIPD,1/26/2022 0:00,1625,1344,WINTERGREEN LN NE,122621704,23727339,FU
P220012618,BIPD,1/26/2022 0:00,1700,625,WINSLOW WAY E,122607645,23236096,ASSIS4
P220012781,BIPD,1/27/2022 0:00,0332,4725,NE EAGLE HARBOR DR,122535845,22917796,ALRA
P220015053,BIPD,1/31/2022 0:00,2046,,MADISON AVE N / STATE HWY 305 NE,122472788,23963126,DUI3
P220015264,BIPD,2/1/2022 0:00,1127,2339,SE CEDAR RD,119781140,18565187,FU
P220015683,BIPD,2/2/2022 0:00,0828,215,ERICKSEN AVE NE,122526300,23284100,WC3
P220015697,BIPD,2/2/2022 0:00,0911,,FLETCHER BAY RD NE / NE HIGH SCHOOL RD,121498773,23670949,T
P220015725,BIPD,2/2/2022 0:00,1016,8700BLK,SPRINGRIDGE RD NE,121252670,23910308,T
P220015840,BIPD,2/2/2022 0:00,1356,8890,MILLER RD NE,121370893,23967848,NARCO4
P220016573,BIPD,2/3/2022 0:00,2311,,BIRKLAND RD NE / WEST BLAKELY AVE NE,122063558,22362748,CELL
P220016706,BIPD,2/4/2022 0:00,1013,9330,NE HIGH SCHOOL RD,122364045,23666097,MISC4
P220016710,BIPD,2/4/2022 0:00,1021,,NE DAY RD E / STATE HWY 305 NE,122023646,25247430,RECKL3
P220016821,BIPD,2/4/2022 0:00,1356,1195,HILDEBRAND LN NE,122535389,23629997,TRAFF4
P220016969,BIPD,2/4/2022 0:00,1846,301,SHANNON DR NE,122698710,24695528,MALIC4
P220016973,BIPD,2/4/2022 0:00,1856,,FLETCHER BAY RD NE / SPRINGRIDGE RD NE,121253332,23939337,WCG
P220012512,BIPD,1/26/2022 0:00,1346,6670,ARROW POINT DR NE,121481843,24674299,FU
P220012570,BIPD,1/26/2022 0:00,1521,6100,LYNWOOD CENTER RD NE,121750593,23020646,FU
P220012879,BIPD,1/27/2022 0:00,1100,7968,FINCH RD NE,122064194,23640047,FU
P220012897,BIPD,1/27/2022 0:00,1150,253,NE HIGH SCHOOL RD,122470095,23627397,PC4
P220012917,BIPD,1/27/2022 0:00,1245,15747,POINT MONROE DR NE,122635645,26265153,CIVIL3
P220013084,BIPD,1/27/2022 0:00,1753,,NE BUCKLIN HILL RD / NE EAGLE HARBOR DR,121966375,23305009,DUI3
P220012924,BIPD,1/27/2022 0:00,1257,,CRYSTAL SPRINGS DR NE / DEAD END,121116981,22301095,CELL
P220013128,BIPD,1/27/2022 0:00,1940,,"XY(122613313,23168305)",122613313,23168305,CELL
P220013354,BIPD,1/28/2022 0:00,1006,9068,SPORTSMAN CLUB RD NE,122289701,24012782,FU
P220013386,BIPD,1/28/2022 0:00,1110,200-BLK,WINSLOW WAY E,122461458,23248400,RECOV4
P220013455,BIPD,1/28/2022 0:00,1330,309,SHANNON DR SE,122504121,23149189,FI
P220013480,BIPD,1/28/2022 0:00,1404,929,CURTIS LOOP NE,122657363,23439537,THEFT3
P220017076,BIPD,2/4/2022 0:00,2329,12781,NORTH MADISON AVE NE,122441645,25215900,FI
P220017365,BIPD,2/5/2022 0:00,1748,,NE DAY RD E / STATE HWY 305 NE,122023646,25247430,DUI3
P220017423,BIPD,2/5/2022 0:00,2006,,WYATT WAY NW / WYATT WAY NW,122342249,23381480,CELL
P220017698,BIPD,2/6/2022 0:00,1123,,BJUNE DR SE / MADISON AVE S,122427297,23224963,FI
P220017772,BIPD,2/6/2022 0:00,1359,299,SHANNON DR SE,122508700,23164500,PC4
P220013278,BIPD,1/28/2022 0:00,0553,,GEORGE LN NE / STATE HWY 305 NE,120744560,26240425,T
P220013332,BIPD,1/28/2022 0:00,0925,,ERICKSEN AVE NE / MADRONE LN N,122497535,23246361,CELL
P220013387,BIPD,1/28/2022 0:00,1111,9073,SPORTSMAN CLUB RD NE,122290312,24014287,FU
P220013547,BIPD,1/28/2022 0:00,1554,835,MADISON AVE N,122415345,23498497,SUSPI4
P220013537,BIPD,1/28/2022 0:00,1531,299,SHANNON DR SE,122508700,23164500,FI
P220013583,BIPD,1/28/2022 0:00,1703,,NE KOURA RD / STATE HWY 305 NE,122310462,24709752,RECKL3
P220015958,BIPD,2/2/2022 0:00,1904,7666,NE HIGH SCHOOL RD,121753100,23764800,RECKL3
P220016567,BIPD,2/3/2022 0:00,2244,270,OLYMPIC DR SE,122674395,23183596,ASSIS3
P220016774,BIPD,2/4/2022 0:00,1235,15798,STATE HWY 305 NE,121419100,26448500,TRAFF3
P220016784,BIPD,2/4/2022 0:00,1259,1560,MADISON AVE N,122513295,23720447,FU
P220016807,BIPD,2/4/2022 0:00,1329,,DEAD END / NE KOURA RD,121697536,24703773,CELL
P220016810,BIPD,2/4/2022 0:00,1336,,"XY(121416262,24495540)",121416262,24495540,CELL
P220017900,BIPD,2/6/2022 0:00,1832,216,ERICKSEN AVE NE,122534695,23282047,UNKNO3
P220017921,BIPD,2/6/2022 0:00,1930,926,BLUE HERON AVE NE,122494645,23521397,WC4
P220018075,BIPD,2/7/2022 0:00,0754,,MADISON AVE N / STATE HWY 305 NE,122472788,23963126,DUI3
P220018091,BIPD,2/7/2022 0:00,0817,625,WINSLOW WAY E,122607645,23236096,FU
P220018173,BIPD,2/7/2022 0:00,1043,,BJUNE DR SE / SHANNON DR SE,122538699,23210579,SUSPI4
P220018210,BIPD,2/7/2022 0:00,1146,215,ERICKSEN AVE NE,122526300,23284100,UNWAN4
P220013887,BIPD,1/29/2022 0:00,1102,,MILLER RD NE / NE TOLO RD,121434233,24330578,VEHFI
P220014051,BIPD,1/29/2022 0:00,1720,8766,NE LOVGREEN RD W,122184198,24978022,FI
P220014456,BIPD,1/30/2022 0:00,1626,321,HIGH SCHOOL RD NE,122500500,23645700,ASSIS4
P220014426,BIPD,1/30/2022 0:00,1513,625,WINSLOW WAY E,122607645,23236096,TRANS
P220015024,BIPD,1/31/2022 0:00,1933,285,SHANNON DR SE,122472345,23159696,PC4
P220015084,BIPD,1/31/2022 0:00,2215,15632,POINT MONROE DR NE,122794446,26188302,ASSIS3
P220017254,BIPD,2/5/2022 0:00,1317,,VINEYARD LN / WINSLOW WAY E,122606211,23254200,CELL
P220017295,BIPD,2/5/2022 0:00,1447,,HIGH SCHOOL RD NE / TORMEY LN NE,122526152,23635398,CELL
P220017292,BIPD,2/5/2022 0:00,1443,,FLETCHER BAY RD NE / NE FOSTER RD,121187943,23940821,T
P220017328,BIPD,2/5/2022 0:00,1600,,HIGH SCHOOL RD NE / STATE HWY 305 NE,122571327,23644516,MVC4
P220017399,BIPD,2/5/2022 0:00,1910,270,OLYMPIC DR SE,122674395,23183596,UNWAN3
P220017410,BIPD,2/5/2022 0:00,1946,,AARON AVE / NE PRESTON ST,122868350,23651655,CELL
P220018705,BIPD,2/8/2022 0:00,1053,669,ALDER AVE NE,122977396,23429997,THEFT4
P220018873,BIPD,2/8/2022 0:00,1623,6105,NE MARSHALL RD,121271593,23149896,MALIC4
P220019253,BIPD,2/9/2022 0:00,1306,,FERNCLIFF AVE NE / HIGH SCHOOL RD NE,122700573,23641750,T
P220019346,BIPD,2/9/2022 0:00,1533,,"XY(122368298,23122226)",122368298,23122226,CELL
P220019707,BIPD,2/10/2022 0:00,1108,410,ROBINWOOD DR NE,122717795,23363747,SUSPI4
P220015268,BIPD,2/1/2022 0:00,1132,445,EAKIN DR NW,122116244,23375347,FU
P220015404,BIPD,2/1/2022 0:00,1616,,BIRKLAND RD NE / WEST BLAKELY AVE NE,122063558,22362748,CELL
P220015489,BIPD,2/1/2022 0:00,1908,,SADIE LN NW / WALLACE WAY NE,122427518,23480672,CELL
P220015585,BIPD,2/2/2022 0:00,0030,213,SHEPARD WAY NW,122369534,23304817,FU
P220015668,BIPD,2/2/2022 0:00,0745,,VINEYARD LN / WINSLOW WAY E,122604664,23256788,CELL
P220015742,BIPD,2/2/2022 0:00,1106,625,WINSLOW WAY E,122607645,23236096,MISC4
P220013714,BIPD,1/28/2022 0:00,2242,8930,MANDUS OLSON RD NE,121782458,23975491,DOAB
P220013935,BIPD,1/29/2022 0:00,1254,253,NE HIGH SCHOOL RD,122470095,23627397,MVC4
P220013990,BIPD,1/29/2022 0:00,1514,123,MYREBOE ST NE,119400645,27520899,FU
P220014163,BIPD,1/29/2022 0:00,2222,10705,ARROW POINT DR NE,121153442,24532599,LIQUO4
P220014188,BIPD,1/30/2022 0:00,0003,253,NE HIGH SCHOOL RD,122470095,23627397,THEFT4
P220014327,BIPD,1/30/2022 0:00,1106,253,NE HIGH SCHOOL RD,122470095,23627397,MVC4
P220017417,BIPD,2/5/2022 0:00,1955,256,WINSLOW WAY E,122477193,23252619,CELL
P220017805,BIPD,2/6/2022 0:00,1516,,MANITOU BEACH DR NE / NE MURDEN COVE DR,122550862,24311253,T
P220017860,BIPD,2/6/2022 0:00,1720,301,SHANNON DR SE,122531725,23167210,PC4
P220017925,BIPD,2/6/2022 0:00,1942,,DUANE LN NW / WALLACE WAY NE,122441621,23544577,CELL
P220018113,BIPD,2/7/2022 0:00,0850,231,WINSLOW WAY E,122463795,23240396,MISC5
P220018158,BIPD,2/7/2022 0:00,1010,343,WINSLOW WAY E,122510453,23228755,ASSIS4
P220015790,BIPD,2/2/2022 0:00,1240,9330,NE HIGH SCHOOL RD,122364045,23666097,RECKL4
P220015882,BIPD,2/2/2022 0:00,1533,625,WINSLOW WAY W,122259469,23256485,SUSPI4
P220015943,BIPD,2/2/2022 0:00,1832,332,HENSHAW WAY NE,122449441,23291961,PC4
P220016264,BIPD,2/3/2022 0:00,1208,213,HIGH AVE,119418105,21113001,MISSI3
P220016292,BIPD,2/3/2022 0:00,1302,631,WINSLOW WAY E,122605089,23245299,FU
P220016407,BIPD,2/3/2022 0:00,1606,131,PARFITT WAY SW,122413345,23151746,WC3
P220001722,BIPD,1/4/2022 0:00,1354,,NE AVALON LN / BLAKELY AVE NE,122002573,22667486,T
P220001732,BIPD,1/4/2022 0:00,1417,11529,ARROW POINT DR NE,121129142,24831650,RECKL4
P220001779,BIPD,1/4/2022 0:00,1553,301,SHANNON DR SE,122531725,23167210,MISC3
P220001842,BIPD,1/4/2022 0:00,1740,1865,SAKAI VILLAGE LOOP NE,122488645,23818798,DVB
P220001917,BIPD,1/4/2022 0:00,2151,,NE DAY RD E / NE YETI LN,122024833,25273329,CELL
P220002061,BIPD,1/5/2022 0:00,0850,9376,NORTH TOWN DR NE,122319645,24020748,THREA5
P220018122,BIPD,2/7/2022 0:00,0912,231,WINSLOW WAY E,122463795,23240396,FU
P220018215,BIPD,2/7/2022 0:00,1153,,"XY(122733443,23969091)",122733443,23969091,CELL
P220018242,BIPD,2/7/2022 0:00,1240,866,VINEYARD LN,122608923,23424857,FU
P220018368,BIPD,2/7/2022 0:00,1609,12985,PHELPS RD NE,122013844,25315051,ASSIS4
P220018416,BIPD,2/7/2022 0:00,1737,299,SHANNON DR SE,122508700,23164500,THREA3
P220016425,BIPD,2/3/2022 0:00,1644,3863,PLEASANT BEACH DR NE,121821494,22264545,FOUND4
P220016572,BIPD,2/3/2022 0:00,2309,,BIRKLAND RD NE / WEST BLAKELY AVE NE,122063558,22362748,CELL
P220016713,BIPD,2/4/2022 0:00,1028,2339,SE CEDAR RD,119781140,18565187,FU
P220016873,BIPD,2/4/2022 0:00,1546,625,WINSLOW WAY E,122607645,23236096,FU
P220016971,BIPD,2/4/2022 0:00,1854,,PITCAIRN PL NE / SPRINGRIDGE RD NE,121327467,23934926,CELL
P220016982,BIPD,2/4/2022 0:00,1910,8040,NE DAY RD W,121947794,25271751,SUSPI3
P220014552,BIPD,1/30/2022 0:00,2158,225,HIGH SCHOOL RD NW,122373845,23636947,PC4
P220014829,BIPD,1/31/2022 0:00,1234,,"XY(122322243,23819745)",122322243,23819745,CELL
P220014820,BIPD,1/31/2022 0:00,1219,9330,NE HIGH SCHOOL RD,122364045,23666097,MVCG
P220014880,BIPD,1/31/2022 0:00,1415,625,WINSLOW WAY E,122607645,23236096,MISC5
P220015009,BIPD,1/31/2022 0:00,1841,,UNNAMED,122462614,23294265,PC4
P220015293,BIPD,2/1/2022 0:00,1225,4224,BLUFF ST NE,121852794,22464145,UNKNO3
P220002116,BIPD,1/5/2022 0:00,1037,,"XY(122322243,23819745)",122322243,23819745,CELL
P220002224,BIPD,1/5/2022 0:00,1346,8443A,FLETCHER BAY RD NE,121401965,23839554,ABAND5
P220002245,BIPD,1/5/2022 0:00,1407,,DEAD END / MADISON AVE N,122455554,23360021,CELL
P220002399,BIPD,1/5/2022 0:00,2018,9125,SPORTSMAN CLUB RD NE,122244794,24001398,THEFT3
P220002524,BIPD,1/6/2022 0:00,0709,,"XY(122292161,25743558)",122292161,25743558,CELL
P220002690,BIPD,1/6/2022 0:00,1315,,NE HIGH SCHOOL RD / HORIZON VIEW PL NW,122314494,23635664,CELL
P220019835,BIPD,2/10/2022 0:00,1436,,FERNCLIFF AVE NE / HIGH SCHOOL RD NE,122700573,23641750,T
P220019866,BIPD,2/10/2022 0:00,1518,,FLETCHER BAY RD NE / NE HIGH SCHOOL RD,121498773,23670949,T
P220019963,BIPD,2/10/2022 0:00,1809,280,MADISON AVE N,122441895,23299097,PC4
P220020227,BIPD,2/11/2022 0:00,1023,3750,CRYSTAL SPRINGS DR NE,121075592,22292495,CIVIL4
P220020293,BIPD,2/11/2022 0:00,1225,169,WINSLOW WAY E,122447595,23233946,WC911
P220020346,BIPD,2/11/2022 0:00,1400,761,VILLAGE CIR NW,122228694,23435997,ASSIS4
P220018670,BIPD,2/8/2022 0:00,0925,,VINEYARD LN / WINSLOW WAY E,122604664,23256788,CELL
P220018686,BIPD,2/8/2022 0:00,1008,,NE CAMBRIDGE CREST WAY / PHELPS RD NE,122248872,25617197,PC4
P220018764,BIPD,2/8/2022 0:00,1311,11843,PENNY PL NE,121798444,24939400,FU
P220019027,BIPD,2/9/2022 0:00,0019,301,SHANNON DR SE,122531725,23167210,UNKNO3
P220019031,BIPD,2/9/2022 0:00,0050,,"XY(122369286,23118921)",122369286,23118921,DV3
P220019174,BIPD,2/9/2022 0:00,1029,,"XY(122491803,23226784)",122491803,23226784,CELL
P220017099,BIPD,2/5/2022 0:00,0110,299,SHANNON DR SE,122508700,23164500,UNWAN3
P220017359,BIPD,2/5/2022 0:00,1708,625,WINSLOW WAY E,122607645,23236096,FI
P220017528,BIPD,2/6/2022 0:00,0012,,DEAD END / OLYMPIC DR SE,122615090,23201103,CELL
P220017742,BIPD,2/6/2022 0:00,1246,,HIGH SCHOOL RD NE / STATE HWY 305 NE,122571327,23644516,DUI3
P220017763,BIPD,2/6/2022 0:00,1341,301,SHANNON DR SE,122531725,23167210,MISC3
P220015328,BIPD,2/1/2022 0:00,1402,11605,JUST A MEER LN NE,122237612,24842029,FU
P220015394,BIPD,2/1/2022 0:00,1607,,DEAD END / LOVELL AVE NW,122294257,23605826,CELL
P220015402,BIPD,2/1/2022 0:00,1614,282,KNECHTEL WAY NE,122487800,23447100,WC3
P220015625,BIPD,2/2/2022 0:00,0422,203,WYATT WAY NW,122400548,23383101,PC4
P220015938,BIPD,2/2/2022 0:00,1821,1000BLK,GROW AVE NW,122335795,23551768,T
P220015947,BIPD,2/2/2022 0:00,1836,1169,WING POINT WAY NE,122791090,23373119,BURGL1
P220002700,BIPD,1/6/2022 0:00,1328,,SADIE LN NW / WALLACE WAY NE,122428730,23487578,CELL
P220002774,BIPD,1/6/2022 0:00,1706,200,HIGH SCHOOL RD NE,122477200,23673300,HARAS4
P220002950,BIPD,1/7/2022 0:00,0144,,MILLER RD NE / PETERSON HILL RD NE,121669910,24878617,TRAFF3
P220002963,BIPD,1/7/2022 0:00,0331,8804,MADISON AVE N,122493300,23896241,PC4
P220003039,BIPD,1/7/2022 0:00,0857,,MANITOU BEACH DR NE / NE MURDEN COVE DR,122550862,24311253,TRAFF3
P220003035,BIPD,1/7/2022 0:00,0853,10400,MANITOU BEACH DR NE,122815100,24432200,TRAFF3
P220020408,BIPD,2/11/2022 0:00,1546,175,PARFITT WAY SW,122399295,23156396,UNKNOF
P220020442,BIPD,2/11/2022 0:00,1651,438,SPROUT PATH NW,122352574,23362618,FU
P220020525,BIPD,2/11/2022 0:00,1943,10340,NORTH MADISON AVE NE,122452400,24418800,THREA4
P220020699,BIPD,2/12/2022 0:00,0558,337,HIGH SCHOOL RD NE,122530000,23641500,DUI3
P220020704,BIPD,2/12/2022 0:00,0635,215,ERICKSEN AVE NE,122526300,23284100,ALRA
P220020724,BIPD,2/12/2022 0:00,0824,309,SHANNON DR SE,122504121,23149189,PC4
P220017761,BIPD,2/6/2022 0:00,1336,,MADISON AVE N / WINSLOW WAY E,122427905,23249436,FIREW4
P220017867,BIPD,2/6/2022 0:00,1726,1534,WHITED PL NW,122298595,23764798,DOAB
P220017907,BIPD,2/6/2022 0:00,1845,289,SHANNON DR SE,122488195,23158996,PC4
P220018211,BIPD,2/7/2022 0:00,1147,,DEAD END / WINSLOW WAY E,122463344,23279947,CELL
P220018253,BIPD,2/7/2022 0:00,1303,270,OLYMPIC DR SE,122674395,23183596,T
P220018230,BIPD,2/7/2022 0:00,1219,134,HARBOR SQUARE LOOP NE,122644648,23259213,UNWAN3
P220019277,BIPD,2/9/2022 0:00,1340,,FLETCHER BAY RD NE / NE HIGH SCHOOL RD,121498773,23670949,T
P220019530,BIPD,2/10/2022 0:00,0040,8555,SANDS AVE NE,121912824,23854255,PC4
P220019550,BIPD,2/10/2022 0:00,0246,,"XY(121669972,26096323)",121669972,26096323,CELL
P220019623,BIPD,2/10/2022 0:00,0834,10202,RODAL CT NE,122710995,24743999,UNKNOF
P220019751,BIPD,2/10/2022 0:00,1235,829,HIGH SCHOOL RD NE,122684100,23597800,THREA4
P220019876,BIPD,2/10/2022 0:00,1531,,NE HIGH SCHOOL RD / HORIZON VIEW PL NW,122310709,23631734,CELL
P220003093,BIPD,1/7/2022 0:00,1102,,FIR ACRES DR NW / GROW AVE NW,122334264,23475222,T
P220003100,BIPD,1/7/2022 0:00,1109,8804,MADISON AVE N,122493300,23896241,PC4
P220003221,BIPD,1/7/2022 0:00,1424,8804,MADISON AVE N,122493300,23896241,FU
P220003615,BIPD,1/8/2022 0:00,1046,,MADISON AVE N / WYATT WAY NE,122430882,23382078,WC3
P220003639,BIPD,1/8/2022 0:00,1149,829,NE HIGH SCHOOL RD,122683295,23596597,DV3
P220020742,BIPD,2/12/2022 0:00,0926,835,MADISON AVE N,122415345,23498497,WC4
P220020758,BIPD,2/12/2022 0:00,1012,4959,NE AVALON LN,121910344,22678195,FU
P220020829,BIPD,2/12/2022 0:00,1311,309,SHANNON DR SE,122504121,23149189,PC4
P220021197,BIPD,2/13/2022 0:00,0945,,"XY(121511772,25876574)",121511772,25876574,CELL
P220021382,BIPD,2/13/2022 0:00,1703,200,HIGH SCHOOL RD NE,122477200,23673300,WC4
P220021672,BIPD,2/14/2022 0:00,1029,625,WINSLOW WAY E,122607645,23236096,HARAS4
P220019980,BIPD,2/10/2022 0:00,1901,8553,NE DAY RD E,122119094,25224300,ALRA
P220019989,BIPD,2/10/2022 0:00,1931,15444,SUNRISE DR NE,122752853,26100142,PC4
P220020220,BIPD,2/11/2022 0:00,1006,625,WINSLOW WAY E,122607645,23236096,SUSPI3
P220020225,BIPD,2/11/2022 0:00,1020,,FERNCLIFF AVE NE / WINSLOW WAY E,122689944,23243431,MVC3
P220020509,BIPD,2/11/2022 0:00,1900,8820,MILLER RD NE,121371343,23950648,UNWAN3
P220020546,BIPD,2/11/2022 0:00,2034,100,WINSLOW WAY W,122421653,23270181,PROWL4
P220016033,BIPD,2/2/2022 0:00,2308,332,HIGH SCHOOL RD NW,122351501,23650707,PC4
P220016036,BIPD,2/2/2022 0:00,2318,,NE DAY RD E / NE YETI LN,122024833,25273329,CELL
P220016051,BIPD,2/3/2022 0:00,0001,299,SHANNON DR SE,122508700,23164500,VERBA3
P220016304,BIPD,2/3/2022 0:00,1319,601,HIGH SCHOOL RD NE,122588345,23631497,ASSAU4
P220016575,BIPD,2/3/2022 0:00,2326,,"XY(121092650,22068865)",121092650,22068865,CELL
P220016724,BIPD,2/4/2022 0:00,1052,1560,MADISON AVE N,122513295,23720447,THEFT4
P220004041,BIPD,1/9/2022 0:00,1202,14644,SIVERTSON RD NE,121790144,25819502,CUSTO4
P220004063,BIPD,1/9/2022 0:00,1253,225,HIGH SCHOOL RD NW,122373845,23636947,BURGL1
P220004111,BIPD,1/9/2022 0:00,1504,403,MADISON AVE N,122413745,23337897,TRAFF3
P220004123,BIPD,1/9/2022 0:00,1528,,BJUNE DR SE / SHANNON DR SE,122471233,23209623,THEFT4
P220004171,BIPD,1/9/2022 0:00,1735,,MINAMOTO LN NE / WINSLOW WAY E,122626192,23272372,CELL
P220004288,BIPD,1/9/2022 0:00,2229,293,SHANNON DR SE,122504203,23164347,MISC3
P220018618,BIPD,2/8/2022 0:00,0751,835,MADISON AVE N,122415345,23498497,THEFT4
P220018709,BIPD,2/8/2022 0:00,1057,,NE SEABOLD RD / STATE HWY 305 NE,121590942,26041592,RECKL3
P220018718,BIPD,2/8/2022 0:00,1107,6518,NE JUSTIN CT,121414643,24484599,FU
P220018832,BIPD,2/8/2022 0:00,1528,,FLETCHER BAY RD NE / NE HIGH SCHOOL RD,121498773,23670949,T
P220018868,BIPD,2/8/2022 0:00,1615,,NORTH MADISON AVE NE / NE VIEWCREST AVE,122464629,25016050,T
P220018833,BIPD,2/8/2022 0:00,1528,245,HIGH SCHOOL RD NW,122404295,23635147,VEHIT4
P220021864,BIPD,2/14/2022 0:00,1736,221,WYATT WAY NW,122377261,23377888,BURGL4
P220021881,BIPD,2/14/2022 0:00,1818,225,HIGH SCHOOL RD NW,122373845,23636947,ASSIS4
P220021885,BIPD,2/14/2022 0:00,1827,4200,NE EAGLE HARBOR DR,122667095,22910946,FU
P220021892,BIPD,2/14/2022 0:00,1847,220,PARFITT WAY SW,122383545,23192946,PROWL3
P220022016,BIPD,2/15/2022 0:00,0159,5724,MADISON AVE N,122438994,23747133,PC4
P220022177,BIPD,2/15/2022 0:00,1137,7997,NE HIGH SCHOOL RD,121907265,23667019,CIVIL4
P220016812,BIPD,2/4/2022 0:00,1338,6518,NE JUSTIN CT,121414643,24484599,BURGL4
P220016838,BIPD,2/4/2022 0:00,1439,355,ERICKSEN AVE NE,122511145,23330597,VEHIT4
P220017183,BIPD,2/5/2022 0:00,0952,271,WYATT WAY NE,122484695,23372947,TRESP4
P220017188,BIPD,2/5/2022 0:00,1002,328,ERICKSEN AVE NE,122533195,23322997,GUNVI3
P220017252,BIPD,2/5/2022 0:00,1310,,DEERCLIFF RD NE / FERNCLIFF AVE NE,122698936,23559913,MVCB
P220020737,BIPD,2/12/2022 0:00,0906,8677,MADISON AVE N,122420895,23836848,PC4
P220020778,BIPD,2/12/2022 0:00,1120,100,WINSLOW WAY W,122421653,23270181,FU
P220020834,BIPD,2/12/2022 0:00,1330,285,MADISON AVE S,122426500,23199000,THEFT4
P220021165,BIPD,2/13/2022 0:00,0559,625,WINSLOW WAY E,122607645,23236096,ASSIS4
P220021292,BIPD,2/13/2022 0:00,1341,9330,NE HIGH SCHOOL RD,122364045,23666097,INFOP4
P220021402,BIPD,2/13/2022 0:00,1824,299,SHANNON DR SE,122508700,23164500,DV3
P220004476,BIPD,1/10/2022 0:00,1101,8804,MADISON AVE N,122493300,23896241,PC4
P220004488,BIPD,1/10/2022 0:00,1119,9788,MANITOU BEACH DR NE,122532917,24305161,FRAUD4
P220004576,BIPD,1/10/2022 0:00,1359,4620,LYNWOOD CENTER RD NE,121765601,22521703,FU
P220004609,BIPD,1/10/2022 0:00,1440,9752,MILLER RD NE,121478993,24332249,THEFT4
P220004588,BIPD,1/10/2022 0:00,1415,9125,SPORTSMAN CLUB RD NE,122244794,24001398,MISC3
P220004657,BIPD,1/10/2022 0:00,1632,,"XY(122367581,23691414)",122367581,23691414,CELL
P220018926,BIPD,2/8/2022 0:00,1806,,"XY(122401716,23752325)",122401716,23752325,CELL
P220019090,BIPD,2/9/2022 0:00,0702,,HIGH SCHOOL RD NE / MADISON AVE N,122437199,23651474,FI
P220019200,BIPD,2/9/2022 0:00,1125,635,HIGH SCHOOL RD NE,122615945,23616547,ASSIS4
P220019366,BIPD,2/9/2022 0:00,1618,7315,NE HIDDEN COVE RD,121771895,25548639,MVC4
P220019619,BIPD,2/10/2022 0:00,0831,10320,NE ROBERTS RD,122689095,24839350,MISC4
P220019661,BIPD,2/10/2022 0:00,0950,625,WINSLOW WAY E,122607645,23236096,FI
P220022384,BIPD,2/15/2022 0:00,1901,,NE SEABOLD CHURCH RD / STATE HWY 305 NE,121629175,25910575,T
P220022426,BIPD,2/15/2022 0:00,2139,823,HIGH SCHOOL RD NE,122680900,23626700,PROWL3
P220022584,BIPD,2/16/2022 0:00,0907,1315,WINTERGREEN LN NE,122603642,23680795,WCB
P220022736,BIPD,2/16/2022 0:00,1405,625,E WINSLOW,122605785,23235104,FI
P220022811,BIPD,2/16/2022 0:00,1611,9100,NE DAY RD E,122303620,25236132,T
P220022907,BIPD,2/16/2022 0:00,1944,,NE CORNERSTONE LN / NE LEDGESTONE LOOP,121824829,23294412,CELL
P220017793,BIPD,2/6/2022 0:00,1439,,BLAKELY AVE NE / THREE T RD NE,122600826,22250266,BLSP
P220017887,BIPD,2/6/2022 0:00,1803,,MILLER RD NE / NE TOLO RD,121434233,24330578,DUI3
P220017866,BIPD,2/6/2022 0:00,1725,206,KNECHTEL WAY NE,122472892,23454086,MVCH
P220018079,BIPD,2/7/2022 0:00,0804,625,WINSLOW WAY E,122607645,23236096,MISC5
P220018095,BIPD,2/7/2022 0:00,0824,,NE DAY RD E / NE YETI LN,122024833,25273329,CELL
P220018222,BIPD,2/7/2022 0:00,1159,8641,SANDS AVE NE,121875894,23848148,FU
P220021620,BIPD,2/14/2022 0:00,0853,321,HIGH SCHOOL RD NE,122500500,23645700,UNWAN3
P220022019,BIPD,2/15/2022 0:00,0221,8393,FLETCHER BAY RD NE,121414060,23826193,SUSPI4
P220022113,BIPD,2/15/2022 0:00,0938,104,WINSLOW WAY W,122419153,23270181,PARKI4
P220022137,BIPD,2/15/2022 0:00,1033,4655,NE WOODSON LN,121769707,22534753,CELL
P220022170,BIPD,2/15/2022 0:00,1125,7997,NE HIGH SCHOOL RD,121907265,23667019,FRAUD4
P220004711,BIPD,1/10/2022 0:00,1814,,SPORTSMAN CLUB RD NE / STATE HWY 305 NE,122395381,24298435,TRAFF3
P220004801,BIPD,1/10/2022 0:00,2245,11586,NE COUNTRY CLUB RD,123020416,21931687,SUSPI4
P220004829,BIPD,1/11/2022 0:00,0105,270,OLYMPIC DR SE,122674395,23183596,CHILDB
P220004857,BIPD,1/11/2022 0:00,0344,11201,SUNRISE DR NE,122722500,24697800,SUSPI3
P220004961,BIPD,1/11/2022 0:00,0957,11042,SUNRISE DR NE,122735688,24663088,FU
P220005017,BIPD,1/11/2022 0:00,1205,8842,NE DAY RD E,122218144,25259801,THEFT4
P220019861,BIPD,2/10/2022 0:00,1512,625,WINSLOW WAY E,122607645,23236096,FU
P220019874,BIPD,2/10/2022 0:00,1531,,GROW AVE NW / WYATT WAY NW,122332496,23385509,TRAFF3
P220019996,BIPD,2/10/2022 0:00,2007,9300,SPORTSMAN CLUB RD NE,122330000,24058900,PC4
P220020102,BIPD,2/11/2022 0:00,0125,9401,NE BUSINESS PARK LN,122325614,24094644,PC4
P220020266,BIPD,2/11/2022 0:00,1134,181,WINSLOW WAY E,122455141,23242401,UNWAN3
P220020277,BIPD,2/11/2022 0:00,1154,625,WINSLOW WAY E,122607645,23236096,TRANS
P220023286,BIPD,2/17/2022 0:00,1526,406,HIGH SCHOOL RD NE,122569675,23636386,FU
P220023375,BIPD,2/17/2022 0:00,1834,12555,SUNRISE DR NE,122717745,25145250,CPR
P220023508,BIPD,2/18/2022 0:00,0259,8040,NE DAY RD W,121947794,25271751,PC4
P220023707,BIPD,2/18/2022 0:00,1301,13424,N MADISON AVE NE,122988555,23624611,PC4
P220023734,BIPD,2/18/2022 0:00,1352,7099,NE DOLPHIN DR,121679993,26245953,THEFT4
P220023830,BIPD,2/18/2022 0:00,1631,,NE LAURA LOOP / SUQUAMISH WAY NE,121266456,26528629,MVC3
P220018512,BIPD,2/7/2022 0:00,2155,225,HIGH SCHOOL RD NW,122373845,23636947,PC4
P220018627,BIPD,2/8/2022 0:00,0812,,LOGG RD NE / NE VALLEY RD,122755726,24697173,T
P220018710,BIPD,2/8/2022 0:00,1058,,NE HIDDEN COVE RD / STATE HWY 305 NE,121741380,25661177,RECKL3
P220018755,BIPD,2/8/2022 0:00,1253,669,ALDER AVE NE,122977396,23429997,FU
P220019086,BIPD,2/9/2022 0:00,0645,,"XY(121137364,22453875)",121137364,22453875,CELL
P220019292,BIPD,2/9/2022 0:00,1404,,FLETCHER BAY RD NE / NE HIGH SCHOOL RD,121498773,23670949,T
P220022214,BIPD,2/15/2022 0:00,1316,299,SHANNON DR SE,122508700,23164500,SEXOF4
P220022363,BIPD,2/15/2022 0:00,1817,,HIGH SCHOOL RD NE / STATE HWY 305 NE,122571327,23644516,T
P220022395,BIPD,2/15/2022 0:00,1931,245,HIGH SCHOOL RD NW,122404295,23635147,FU
P220022412,BIPD,2/15/2022 0:00,2025,15497,SUNRISE DR NE,122753191,26117245,PC4
P220022417,BIPD,2/15/2022 0:00,2049,8500,NE DAY RD E,122120794,25253801,PC4
P220022502,BIPD,2/16/2022 0:00,0242,,"XY(121754096,26668365)",121754096,26668365,CELL
P220020320,BIPD,2/11/2022 0:00,1322,8213,NE BUCKLIN HILL RD,121950944,23221946,TRAFF3
P220020307,BIPD,2/11/2022 0:00,1300,6012,NE BLIGH CT,121290593,23991398,THREA1
P220020515,BIPD,2/11/2022 0:00,1925,231,WINSLOW WAY E,122463795,23240396,WC911
P220020427,BIPD,2/11/2022 0:00,1635,386,WINSLOW WAY E,122520103,23246245,MISC3
P220020664,BIPD,2/12/2022 0:00,0235,370,GROW AVE NW,122354145,23343897,NOISE3
P220005071,BIPD,1/11/2022 0:00,1349,431,GROW AVE NW,122305845,23359297,FU
P220005145,BIPD,1/11/2022 0:00,1559,8301,NE DAY RD E,122023500,25247400,FI
P220005396,BIPD,1/12/2022 0:00,0846,8330,NE MEADOWMEER RD,122037244,24763600,ALSP
P220005567,BIPD,1/12/2022 0:00,1421,,STATE HWY 305 NE / WINSLOW WAY E,122597314,23245536,UNKNOF
P220005565,BIPD,1/12/2022 0:00,1419,235,HIGH SCHOOL RD NW,122378345,23630347,UNWAN4
P220005681,BIPD,1/12/2022 0:00,1813,280,MADISON AVE N,122441895,23299097,UNWAN3
P220024059,BIPD,2/18/2022 0:00,2202,15244,SILVERDALE WAY NW,119084238,26215952,T
P220024121,BIPD,2/18/2022 0:00,2320,245,HIGH SCHOOL RD NW,122404295,23635147,SUSPI3
P220024226,BIPD,2/19/2022 0:00,0552,337,HIGH SCHOOL RD NE,122530000,23641500,BURGL4
P220024741,BIPD,2/20/2022 0:00,1054,747,HANAMI LN NE,122658636,23296711,FU
P220024925,BIPD,2/20/2022 0:00,1813,230,OLYMPIC DR SE,122614768,23216947,T
P220024960,BIPD,2/20/2022 0:00,1958,827,HIGH SCHOOL RD NE,122678900,23604300,WC911
P220019360,BIPD,2/9/2022 0:00,1609,10660,NE MANOR LN,122826446,25603901,THEFT4
P220019662,BIPD,2/10/2022 0:00,0953,,VINEYARD LN / WINSLOW WAY E,122604664,23256788,CELL
P220019669,BIPD,2/10/2022 0:00,1010,625,WINSLOW WAY E,122607645,23236096,MISC5
P220019706,BIPD,2/10/2022 0:00,1108,829,HIGH SCHOOL RD NE,122684100,23597800,FU
P220019752,BIPD,2/10/2022 0:00,1239,285,MADISON AVE S,122426500,23199000,THEFT4
P220019909,BIPD,2/10/2022 0:00,1617,4759,LYNWOOD CENTER RD NE,121754143,22568645,FRAUD4
P220022553,BIPD,2/16/2022 0:00,0743,12671,MANZANITA RD NE,121482455,25207471,ALRA
P220022580,BIPD,2/16/2022 0:00,0857,,NE BUSINESS PARK LN / SPORTSMAN CLUB RD NE,122322363,24094833,T
P220022842,BIPD,2/16/2022 0:00,1713,,NE VALLEY RD / VALLEY HEIGHTS CIR NE,122487351,24702977,T
P220022924,BIPD,2/16/2022 0:00,2038,8500,NE DAY RD E,122120794,25253801,PC4
P220022959,BIPD,2/16/2022 0:00,2217,,BIRKLAND RD NE / WEST BLAKELY AVE NE,122063558,22362748,CELL
P220023129,BIPD,2/17/2022 0:00,1028,225,HIGH SCHOOL RD NW,122373845,23636947,DV4
P220005744,BIPD,1/12/2022 0:00,2144,7936,NE BECK RD,121824094,22347295,TRESP4
P220005747,BIPD,1/12/2022 0:00,2152,,"XY(122071662,25262805)",122071662,25262805,CELL
P220005822,BIPD,1/13/2022 0:00,0224,208,HIGH SCHOOL RD NE,122478900,23646100,ALRB
P220005927,BIPD,1/13/2022 0:00,0848,921,HILDEBRAND LN NE,122527095,23548797,THEFT4
P220005987,BIPD,1/13/2022 0:00,1049,6391,NE TOLO RD,121381993,24286699,FRAUD4
P220006739,BIPD,1/14/2022 0:00,1708,270,OLYMPIC DR SE,122674395,23183596,DUI3
P220025173,BIPD,2/21/2022 0:00,1035,,CREOSOTE PL NE / ROCKAWAY BEACH RD NE,122939287,22834365,T
P220025136,BIPD,2/21/2022 0:00,0923,,MANZANITA BAY,121318090,24941577,TRANS
P220025466,BIPD,2/21/2022 0:00,2252,670,MADISON AVE N,122440395,23442647,WC911
P220025727,BIPD,2/22/2022 0:00,1303,10525,SEACOVE LN NE,122743745,24468199,ASSIS4
P220025821,BIPD,2/22/2022 0:00,1601,,SPORTSMAN CLUB RD NE / STATE HWY 305 NE,122395381,24298435,RECKL3
P220019971,BIPD,2/10/2022 0:00,1829,9300,SPORTSMAN CLUB RD NE,122330000,24058900,SUSPI3
P220020008,BIPD,2/10/2022 0:00,2031,8553,SANDS AVE NE,121912804,23853535,PC4
P220020037,BIPD,2/10/2022 0:00,2152,8173,TRACYTON BLVD NW,118724758,23786765,ASSIS3
P220020335,BIPD,2/11/2022 0:00,1347,4131,BLUFF ST NE,121851394,22397295,FU
P220020437,BIPD,2/11/2022 0:00,1645,500,WINSLOW WAY E,122577895,23251797,TRESP3
P220020646,BIPD,2/12/2022 0:00,0100,617,LANDMARK CT NE,122765423,23404693,INFOP4
P220023142,BIPD,2/17/2022 0:00,1046,8820,MILLER RD NE,121371343,23950648,UNWAN4
P220023122,BIPD,2/17/2022 0:00,1018,617,LANDMARK CT NE,122765423,23404693,FU
P220023224,BIPD,2/17/2022 0:00,1306,13240,PHELPS RD NE,122100986,25380964,BEHAV4
P220023240,BIPD,2/17/2022 0:00,1336,,"XY(122322243,23819745)",122322243,23819745,CELL
P220023402,BIPD,2/17/2022 0:00,1949,,"XY(121079871,24707089)",121079871,24707089,CELL
P220023498,BIPD,2/18/2022 0:00,0204,270,OLYMPIC DR SE,122674395,23183596,UNWAN3
P220006774,BIPD,1/14/2022 0:00,1815,321,HIGH SCHOOL RD NE,122500500,23645700,MVC3
P220006786,BIPD,1/14/2022 0:00,1851,271,WYATT WAY NE,122484695,23372947,PC4
P220006797,BIPD,1/14/2022 0:00,1917,,NE HIDDEN COVE RD / PHELPS RD NE,122357309,25761270,RECKL3
P220006818,BIPD,1/14/2022 0:00,2041,343,WINSLOW WAY E,122510453,23228755,UNKNO3
P220007003,BIPD,1/15/2022 0:00,0915,747,HANAMI LN NE,122658636,23296711,WC4
P220007023,BIPD,1/15/2022 0:00,1023,1344,WINTERGREEN LN NE,122621704,23727339,SUSPI4
P220025968,BIPD,2/22/2022 0:00,2212,14603,NORTH MADISON AVE NE,122419345,25815052,PROWL3
P220026101,BIPD,2/23/2022 0:00,0832,617,LANDMARK CT NE,122765423,23404693,MALIC4
P220026151,BIPD,2/23/2022 0:00,1033,4764,MADISON AVE N,122438536,23726367,PC4
P220026274,BIPD,2/23/2022 0:00,1508,7772,NE WEST PORT MADISON RD,121902400,26093300,FU
P220026395,BIPD,2/23/2022 0:00,1909,,NE DAY RD E / STATE HWY 305 NE,122023646,25247430,RECKL3
P220026533,BIPD,2/24/2022 0:00,0415,130,WINSLOW WAY E,122438189,23249119,ALRA
P220021061,BIPD,2/12/2022 0:00,2238,18680,STATE HWY 305 NE,119670139,27226904,ASSIS3
P220021301,BIPD,2/13/2022 0:00,1354,10374,NE COUNTRY CLUB RD,122568345,22118744,ALRA
P220021318,BIPD,2/13/2022 0:00,1438,625,WINSLOW WAY E,122607645,23236096,MISC4
P220021674,BIPD,2/14/2022 0:00,1031,309,SHANNON DR SE,122504121,23149189,PC4
P220021677,BIPD,2/14/2022 0:00,1034,11062,SKINNER RD NE,120925073,24673495,POVG
P220021869,BIPD,2/14/2022 0:00,1741,625,WINSLOW WAY E,122607645,23236096,INFOP4
P220007045,BIPD,1/15/2022 0:00,1121,323,HIGH SCHOOL RD NE,122518200,23634300,VERBA3
P220007105,BIPD,1/15/2022 0:00,1343,829,NE HIGH SCHOOL RD,122683295,23596597,RUNAW2
P220007149,BIPD,1/15/2022 0:00,1509,858,CURTIS LOOP NE,122663674,23414581,DV4
P220007231,BIPD,1/15/2022 0:00,1847,,NE SETTING SUN LN / SKINNER RD NE,120997985,24664434,CELL
P220007652,BIPD,1/16/2022 0:00,1703,190,MADISON AVE N,122440545,23277797,VERBA3
P220020666,BIPD,2/12/2022 0:00,0246,,BIRKLAND RD NE / WEST BLAKELY AVE NE,122063558,22362748,CELL
P220020727,BIPD,2/12/2022 0:00,0830,13424,NORTH MADISON AVE NE,122500708,25446411,PC4
P220020732,BIPD,2/12/2022 0:00,0846,343,WINSLOW WAY E,122510453,23228755,LOSTP4
P220020749,BIPD,2/12/2022 0:00,0947,,NE DAY RD E / STATE HWY 305 NE,122023646,25247430,TRAFF3
P220020868,BIPD,2/12/2022 0:00,1502,10191,NE BEACH CREST DR,122655895,24421799,ALRA
P220020929,BIPD,2/12/2022 0:00,1720,299,SHANNON DR SE,122508700,23164500,PC4
P220026595,BIPD,2/24/2022 0:00,0901,661,WINSLOW WAY W,122257174,23251014,CIVIL4
P220026604,BIPD,2/24/2022 0:00,0921,13424,NORTH MADISON AVE NE,122500708,25446411,PC4
P220026686,BIPD,2/24/2022 0:00,1204,253,GROW AVE NW,122310545,23301247,FI
P220026706,BIPD,2/24/2022 0:00,1238,,ERICKSEN AVE NE / MADRONE LN N,122496737,23234703,CELL
P220026797,BIPD,2/24/2022 0:00,1532,223,IHLAND WAY NW,122396445,23575497,MISC3
P220026811,BIPD,2/24/2022 0:00,1557,,NE KOURA RD / STATE HWY 305 NE,122310462,24709752,RECKL3
P220022013,BIPD,2/15/2022 0:00,0146,835,MADISON AVE N,122415345,23498497,ASSIS4
P220022048,BIPD,2/15/2022 0:00,0532,,STATE HWY 305 NE / VINEYARD LN,122559456,23438610,T
P220022158,BIPD,2/15/2022 0:00,1109,625,WINSLOW WAY E,122607645,23236096,FOUND4
P220022347,BIPD,2/15/2022 0:00,1734,12545,MANZANITA RD NE,121500600,25165900,SUSPI4
P220022373,BIPD,2/15/2022 0:00,1836,280,MADISON AVE N,122441895,23299097,PC4
P220022516,BIPD,2/16/2022 0:00,0402,9330,NE HIGH SCHOOL RD,122364045,23666097,CELL
P220023510,BIPD,2/18/2022 0:00,0320,15253,SUNRISE DR NE,122751851,26066217,PC4
P220023572,BIPD,2/18/2022 0:00,0834,9530,NE HIGH SCHOOL RD,122412045,23664397,BURGL4
P220023569,BIPD,2/18/2022 0:00,0830,8570,NE HIDDEN COVE RD,122143044,25808102,FU
P220023698,BIPD,2/18/2022 0:00,1250,,NE DAY RD W / MILLER RD NE,121978601,25249261,T
P220023769,BIPD,2/18/2022 0:00,1445,,ARROW POINT DR NE / NE FREY AVE,121140482,24823361,RECKL3
P220024251,BIPD,2/19/2022 0:00,0821,,"XY(122374875,21974252)",122374875,21974252,CELL
P220021083,BIPD,2/12/2022 0:00,2345,,BIRKLAND RD NE / WEST BLAKELY AVE NE,122063558,22362748,CELL
P220021224,BIPD,2/13/2022 0:00,1102,253,NE HIGH SCHOOL RD,122470095,23627397,CUSTO4
P220021403,BIPD,2/13/2022 0:00,1837,,"XY(122429293,23247857)",122429293,23247857,CELL
P220021625,BIPD,2/14/2022 0:00,0904,231,WINSLOW WAY E,122463795,23240396,WC911
P220021685,BIPD,2/14/2022 0:00,1049,829,HIGH SCHOOL RD NE,122684100,23597800,UNKNO3
P220021946,BIPD,2/14/2022 0:00,2114,,"XY(122006974,24491108)",122006974,24491108,CELL
P220007737,BIPD,1/16/2022 0:00,1959,15446,SUNRISE DR NE,122763796,26092302,PC4
P220007893,BIPD,1/17/2022 0:00,0438,11030,ARROW POINT DR NE,121229692,24729949,DOAB
P220007921,BIPD,1/17/2022 0:00,0807,16000,SUQUAMISH WAY NE,121276200,26605600,ASSIS3
P220007961,BIPD,1/17/2022 0:00,0946,,NE BUSINESS PARK LN / SPORTSMAN CLUB RD NE,122322363,24094833,T
P220008037,BIPD,1/17/2022 0:00,1306,,"XY(122245663,21710748)",122245663,21710748,CELL
P220026982,BIPD,2/24/2022 0:00,2336,,NE DAY RD E / NE YETI LN,122024833,25273329,CELL
P220027004,BIPD,2/25/2022 0:00,0134,11911,STATE HWY 305 NE,122206907,24947207,PC4
P220027042,BIPD,2/25/2022 0:00,0652,,CAVE AVE NE / STATE HWY 305 NE,122611502,23254815,CELL
P220027076,BIPD,2/25/2022 0:00,0843,265,WINSLOW WAY E,122481995,23237596,FU
P220027136,BIPD,2/25/2022 0:00,1040,10255,NE VALLEY RD,122674600,24698700,PARKI4
P220027143,BIPD,2/25/2022 0:00,1050,9884,MANITOU BEACH DR NE,122579196,24324779,ALRA
P220024272,BIPD,2/19/2022 0:00,0934,309,SHANNON DR SE,122504121,23149189,PC4
P220024690,BIPD,2/20/2022 0:00,0746,747,HANAMI LN NE,122658636,23296711,WC4
P220024807,BIPD,2/20/2022 0:00,1341,9270,MILLER RD NE,121342900,24111900,OPEN4
P220024865,BIPD,2/20/2022 0:00,1546,270,OLYMPIC DR SE,122674395,23183596,T
P220024861,BIPD,2/20/2022 0:00,1536,7732,WESTERLY LN NE,121886844,23529847,FU
P220024940,BIPD,2/20/2022 0:00,1909,,MADISON AVE N / STATE HWY 305 NE,122472788,23963126,TRAFF3
P220022523,BIPD,2/16/2022 0:00,0443,625,WINSLOW WAY E,122607645,23236096,WRT4
P220022571,BIPD,2/16/2022 0:00,0835,245,HIGH SCHOOL RD NW,122404295,23635147,FRAUD4
P220022592,BIPD,2/16/2022 0:00,0919,4061,WEST BLAKELY AVE NE,122028694,22355145,FU
P220022804,BIPD,2/16/2022 0:00,1600,7772,NE WEST PORT MADISON RD,121902400,26093300,FU
P220022985,BIPD,2/16/2022 0:00,2345,,NE HIGH SCHOOL RD / SANDS AVE NE,121908169,23667006,T
P220023035,BIPD,2/17/2022 0:00,0336,15431,SUNRISE DR NE,122752714,26095538,PC4
P220008200,BIPD,1/17/2022 0:00,1850,,"XY(122267649,21722669)",122267649,21722669,CELL
P220008249,BIPD,1/17/2022 0:00,2108,4420,BLUFF ST NE,121825794,22474245,SEXOF4
P220008273,BIPD,1/17/2022 0:00,2207,4420,BLUFF ST NE,121825794,22474245,FU
P220008331,BIPD,1/18/2022 0:00,0118,9411,COPPERTOP LOOP NE,122342072,24095194,PC4
P220008406,BIPD,1/18/2022 0:00,0843,,NE BAKER HILL RD / WEST BLAKELY AVE NE,122028732,22558716,CELL
P220008505,BIPD,1/18/2022 0:00,1153,,BELFAIR AVE NE / ROBERTSON AVE NE,122369588,21781725,CELL
P220027155,BIPD,2/25/2022 0:00,1111,625,WINSLOW WAY E,122607645,23236096,SUSPI4
P220027240,BIPD,2/25/2022 0:00,1404,10660,NE MANOR LN,122826446,25603901,TRESP3
P220027316,BIPD,2/25/2022 0:00,1552,747,HANAMI LN NE,122658636,23296711,HARAS4
P220027513,BIPD,2/25/2022 0:00,2212,,MADISON AVE N / WALLACE WAY NE,122433841,23514716,T
P220027531,BIPD,2/25/2022 0:00,2255,,NE SEABOLD RD / STATE HWY 305 NE,121590942,26041592,T
P220027585,BIPD,2/26/2022 0:00,0336,167,WINSLOW WAY E,122450329,23248740,PC4
P220025108,BIPD,2/21/2022 0:00,0744,12671,MANZANITA RD NE,121482455,25207471,ALRA
P220025121,BIPD,2/21/2022 0:00,0829,,"XY(122317550,23822767)",122317550,23822767,CELL
P220025139,BIPD,2/21/2022 0:00,0924,13424,NORTH MADISON AVE NE,122500708,25446411,PC4
P220025642,BIPD,2/22/2022 0:00,1021,,"XY(122525637,19662161)",122525637,19662161,WATERR
P220025716,BIPD,2/22/2022 0:00,1238,661,WINSLOW WAY W,122257174,23251014,FU
P220025877,BIPD,2/22/2022 0:00,1806,829,HIGH SCHOOL RD NE,122684100,23597800,SUSPI3
P220027803,BIPD,2/26/2022 0:00,1436,,HIGH SCHOOL RD NE / STATE HWY 305 NE,122571327,23644516,WC4
P220028045,BIPD,2/27/2022 0:00,0325,297,SHANNON DR SE,122507386,23164507,PC4
P220028053,BIPD,2/27/2022 0:00,0340,611,HIGH SCHOOL RD NE,122617273,23643663,FI
P220028057,BIPD,2/27/2022 0:00,0346,619,LANDMARK CT NE,122765206,23384361,PC4
P220028178,BIPD,2/27/2022 0:00,1206,309,SHANNON DR SE,122504121,23149189,PC4
P220023124,BIPD,2/17/2022 0:00,1021,9071,NE MORGAN RD,122291388,24841687,WRT4
P220023149,BIPD,2/17/2022 0:00,1055,9330,NE HIGH SCHOOL RD,122364045,23666097,FU
P220023220,BIPD,2/17/2022 0:00,1256,,"XY(121808275,25993993)",121808275,25993993,CELL
P220023276,BIPD,2/17/2022 0:00,1505,625,WINSLOW WAY E,122607645,23236096,FI
P220023318,BIPD,2/17/2022 0:00,1624,,FERNCLIFF AVE NE / HIGH SCHOOL RD NE,122700573,23641750,T
P220023427,BIPD,2/17/2022 0:00,2050,10660,NE MANOR LN,122826446,25603901,BURGL2
P220008724,BIPD,1/18/2022 0:00,1938,301,SHANNON DR SE,122531725,23167210,MISC3
P220008728,BIPD,1/18/2022 0:00,1955,,NE CASEY ST / FERNCLIFF AVE NE,122707745,23906746,TRAFF3
P220008995,BIPD,1/19/2022 0:00,0934,16233,REITAN RD NE,121432043,26357403,SUSPI4
P220009182,BIPD,1/19/2022 0:00,1506,4569,LYNWOOD CENTER RD NE,121759225,22525997,THREA4
P220009632,BIPD,1/20/2022 0:00,1206,4648,ISLAND AVE NE,121397293,22554595,THEFT4
P220009709,BIPD,1/20/2022 0:00,1431,,AGATE PASSAGE,121293958,26330626,SUSPI3
P220026292,BIPD,2/23/2022 0:00,1527,889,CHERRY AVE NE,122948296,23530697,ANIMA3
P220026354,BIPD,2/23/2022 0:00,1722,253,NE HIGH SCHOOL RD,122470095,23627397,FU
P220026542,BIPD,2/24/2022 0:00,0616,130,WINSLOW WAY E,122438189,23249119,CELL
P220026577,BIPD,2/24/2022 0:00,0813,617,LANDMARK CT NE,122765423,23404693,PC4
P220026843,BIPD,2/24/2022 0:00,1706,,BATTLE POINT DR NE / DEAD END,121126177,24042360,CELL
P220027070,BIPD,2/25/2022 0:00,0826,8860,NE SPARGUR LOOP RD,122239048,25871419,SUSPI3
P220028207,BIPD,2/27/2022 0:00,1340,,BJUNE DR SE / BJUNE DR SE,122502657,23190791,UNKNO3
P220028239,BIPD,2/27/2022 0:00,1507,,"XY(122704196,23160850)",122704196,23160850,CELL
P220028304,BIPD,2/27/2022 0:00,1838,,MADISON AVE N / STATE HWY 305 NE,122472788,23963126,RECKL3
P220028486,BIPD,2/28/2022 0:00,0747,343,WINSLOW WAY E,122510453,23228755,WC3
P220028603,BIPD,2/28/2022 0:00,1208,343,WINSLOW WAY E,122510453,23228755,MVC4
P220028616,BIPD,2/28/2022 0:00,1235,309,SHANNON DR SE,122504121,23149189,PC4
P220027119,BIPD,2/25/2022 0:00,1007,,"XY(122071662,25262805)",122071662,25262805,CELL
P220027152,BIPD,2/25/2022 0:00,1108,8331,NE KOURA RD,122021694,24711149,WC4
P220027373,BIPD,2/25/2022 0:00,1700,,NE DAY RD E / NE YETI LN,122024833,25273329,CELL
P220027379,BIPD,2/25/2022 0:00,1709,,STATE HWY 305 NE / WINSLOW WAY E,122597314,23245536,T
P220027425,BIPD,2/25/2022 0:00,1851,350,HIGH SCHOOL RD NE,122521100,23645300,SUSPI3
P220027518,BIPD,2/25/2022 0:00,2220,7245,NE WEST PORT MADISON RD,121728343,26028352,WC911
P220009728,BIPD,1/20/2022 0:00,1504,625,WINSLOW WAY E,122607645,23236096,FU
P220009820,BIPD,1/20/2022 0:00,1752,4300-BLK,POINT WHITE DR NE,121599504,22477970,FOUND4
P220009836,BIPD,1/20/2022 0:00,1849,,"XY(125457271,25411951)",125457271,25411951,CELL
P220009866,BIPD,1/20/2022 0:00,2004,11062,SKINNER RD NE,120925073,24673495,DV2
P220009949,BIPD,1/21/2022 0:00,0038,12854,SUNRISE DR NE,122745145,25248051,FU
P220023548,BIPD,2/18/2022 0:00,0724,16300,REITAN RD NE,121544943,26362103,FOUND4
P220023561,BIPD,2/18/2022 0:00,0817,245,HIGH SCHOOL RD NW,122404295,23635147,FU
P220023721,BIPD,2/18/2022 0:00,1326,,ARROW POINT DR NE / MILLER RD NE,121550887,24644466,RECKL3
P220023739,BIPD,2/18/2022 0:00,1359,9125,SPORTSMAN CLUB RD NE,122244794,24001398,SUSPI3
P220023882,BIPD,2/18/2022 0:00,1811,8683,SPORTSMAN CLUB RD NE,122119746,23838773,WC4
P220023990,BIPD,2/18/2022 0:00,2033,,NORTH MADISON AVE NE / NE VALLEY RD,122458161,24703570,T
P220028659,BIPD,2/28/2022 0:00,1407,625,WINSLOW WAY E,122607645,23236096,SEXOF4
P220028678,BIPD,2/28/2022 0:00,1446,,NE EVERGREEN AVE / HILLTOP DR NE,122428000,21595098,CELL
P220028688,BIPD,2/28/2022 0:00,1457,,"XY(121838784,23517029)",121838784,23517029,CELL
P220028767,BIPD,2/28/2022 0:00,1757,7050,FLETCHER BAY RD NE,121738293,23357197,TRAFF3
P220028864,BIPD,2/28/2022 0:00,2204,4192,NE EAGLE HARBOR DR,122699495,22888296,FI
P220028953,BIPD,3/1/2022 0:00,0538,,DEAD END / MADISON AVE N,122457634,23358151,CELL
P220010059,BIPD,1/21/2022 0:00,0934,829,NE HIGH SCHOOL RD,122683295,23596597,SUSPI4
P220010149,BIPD,1/21/2022 0:00,1240,9330,NE HIGH SCHOOL RD,122364045,23666097,MISC4
P220010261,BIPD,1/21/2022 0:00,1640,4388,POINT WHITE DR NE,121566343,22462395,SUSPI4
P220010289,BIPD,1/21/2022 0:00,1737,,NE DAY RD E / NE YETI LN,122024833,25273329,CELL
P220010326,BIPD,1/21/2022 0:00,1917,,NE DAY RD E / NE YETI LN,122025375,25273317,CELL
P220010383,BIPD,1/21/2022 0:00,2241,253,HIGH SCHOOL RD NE,122484400,23620155,PC4
P220024114,BIPD,2/18/2022 0:00,2316,,"XY(122384317,23633764)",122384317,23633764,CELL
P220024482,BIPD,2/19/2022 0:00,1757,6105,NE MARSHALL RD,121271593,23149896,SUSPI4
P220024755,BIPD,2/20/2022 0:00,1135,,HILDEBRAND LN NE / MADISON AVE N,122535596,23655623,CELL
P220024819,BIPD,2/20/2022 0:00,1400,10461,MILLER RD NE,121470125,24427882,PC4
P220024823,BIPD,2/20/2022 0:00,1413,7732,WESTERLY LN NE,121886844,23529847,UNWAN3
P220025209,BIPD,2/21/2022 0:00,1148,600,ERICKSEN AVE NE,122551995,23408297,BURGL4
P220027532,BIPD,2/25/2022 0:00,2310,,NE DAY RD E / STATE HWY 305 NE,122023646,25247430,T
P220027738,BIPD,2/26/2022 0:00,1203,,NE NEW BROOKLYN RD / SPORTSMAN CLUB RD NE,122235619,23919372,T
P220027748,BIPD,2/26/2022 0:00,1226,,SPORTSMAN CLUB RD NE / NE WARDWELL RD,122380026,24286054,THEFT4
P220027759,BIPD,2/26/2022 0:00,1248,,STATE HWY 305 NE / WINSLOW WAY E,122597314,23245536,TRAFF3
P220027796,BIPD,2/26/2022 0:00,1424,249,WINSLOW WAY E,122475745,23238896,FU
P220028083,BIPD,2/27/2022 0:00,0650,299,SHANNON DR SE,122508700,23164500,DV4
P220029211,BIPD,3/1/2022 0:00,1359,386,WEAVER RD NW,122175044,23355297,TRAFF3
P220029276,BIPD,3/1/2022 0:00,1529,11095,BATTLE POINT DR NE,120926968,24732889,SUSPI4
P220029486,BIPD,3/2/2022 0:00,0203,,WINSLOW AND MADRONE,122469523,23279215,PC4
P220029543,BIPD,3/2/2022 0:00,0808,2130,BELFAIR AVE NE,122417545,21714893,THEFT4
P220029694,BIPD,3/2/2022 0:00,1341,2175,DOUGLAS DR NE,122452195,21723743,FU
P220010455,BIPD,1/22/2022 0:00,0413,8320,NE NEW HOLLAND CT,121996794,23466947,BEHAV3
P220010618,BIPD,1/22/2022 0:00,1403,,ARROW POINT DR NE / MILLER RD NE,121550887,24644466,MVCB
P220010673,BIPD,1/22/2022 0:00,1603,403,MADISON AVE S,122421245,23156246,SUSPI4
P220010933,BIPD,1/23/2022 0:00,0404,8804,MADISON AVE N,122493300,23896241,PC4
P220011001,BIPD,1/23/2022 0:00,0950,,FLETCHER BAY RD NE / NE HIGH SCHOOL RD,121498773,23670949,T
P220011009,BIPD,1/23/2022 0:00,1016,,FLETCHER BAY RD NE / NE HIGH SCHOOL RD,121498773,23670949,T
P220025264,BIPD,2/21/2022 0:00,1418,475,COSGROVE ST NW,122202144,23369147,MALIC4
P220025358,BIPD,2/21/2022 0:00,1749,7930,NE KOURA RD,121891594,24732399,ALRA
P220025353,BIPD,2/21/2022 0:00,1738,3154,POINT WHITE DR NE,121293593,22061694,MVCG
P220025428,BIPD,2/21/2022 0:00,2112,15798,STATE HWY 305 NE,121419100,26448500,DUI3
P220025820,BIPD,2/22/2022 0:00,1558,625,WINSLOW WAY E,122607645,23236096,PC4
P220026094,BIPD,2/23/2022 0:00,0818,,HIGH SCHOOL RD NE / STATE HWY 305 NE,122571327,23644516,T
P220028136,BIPD,2/27/2022 0:00,1016,,"XY(122373160,23632185)",122373160,23632185,CELL
P220028263,BIPD,2/27/2022 0:00,1633,635,HIGH SCHOOL RD NE,122615945,23616547,FI
P220028543,BIPD,2/28/2022 0:00,1000,11299,ARROW POINT DR NE,121095342,24676599,FU
P220028621,BIPD,2/28/2022 0:00,1249,1847,SAKAI VILLAGE LOOP NE,122474845,23816348,WC911
P220028695,BIPD,2/28/2022 0:00,1516,825,HIGH SCHOOL RD NE,122681400,23613000,ASSIS4
P220028776,BIPD,2/28/2022 0:00,1818,829,HIGH SCHOOL RD NE,122684100,23597800,ASSIS3
P220030060,BIPD,3/3/2022 0:00,0859,,TAYLOR AVE NE / WARD AVE NE,122641423,22854648,CELL
P220030081,BIPD,3/3/2022 0:00,1008,625,WINSLOW WAY E,122607645,23236096,PC5
P220030232,BIPD,3/3/2022 0:00,1405,1270,MADISON AVE N,122444495,23625547,UNWAN3
P220030411,BIPD,3/3/2022 0:00,1930,300,NE HIGH SCHOOL RD,122512693,23653235,SUSPI3
P220030590,BIPD,3/4/2022 0:00,0659,835,MADISON AVE N,122415345,23498497,WC911
P220030615,BIPD,3/4/2022 0:00,0827,625,WINSLOW WAY E,122607645,23236096,DV4
P220011029,BIPD,1/23/2022 0:00,1116,284,MADRONA WAY NE,122479595,23359547,OPEN3
P220011153,BIPD,1/23/2022 0:00,1620,6329,CRYSTAL SPRINGS DR NE,121045042,23120896,MISSI3
P220011241,BIPD,1/23/2022 0:00,2013,920,MADISON AVE N,122446145,23547347,MALIC3
P220011280,BIPD,1/23/2022 0:00,2229,835,MADISON AVE N,122415345,23498497,ASSIS4
P220011322,BIPD,1/24/2022 0:00,0037,8800,MADISON AVE N,122461785,23903536,DOAB
P220011415,BIPD,1/24/2022 0:00,0840,9624,SPORTSMAN CLUB RD NE,122373345,24193248,ALRA
P220021959,BIPD,2/14/2022 0:00,2147,825,NE HIGH SCHOOL RD,122681545,23613597,VERBA4
P220022039,BIPD,2/15/2022 0:00,0445,827,HIGH SCHOOL RD NE,122678900,23604300,CIVIL3
P220022301,BIPD,2/15/2022 0:00,1627,,MADISON AVE N / STATE HWY 305 NE,122472788,23963126,DUI3
P220022538,BIPD,2/16/2022 0:00,0655,,FLETCHER BAY RD NE / NE FOSTER RD,121187943,23940821,T
P220022552,BIPD,2/16/2022 0:00,0741,625,WINSLOW WAY E,122607645,23236096,MISC5
P220028887,BIPD,2/28/2022 0:00,2335,,LANDMARK CT NE / WING POINT WAY NE,122764523,23373820,FI
P220028952,BIPD,3/1/2022 0:00,0537,,NE SIGRIDS CT / NE TORVANGER RD,122459560,25568030,CELL
P220029045,BIPD,3/1/2022 0:00,0907,,NE HIDDEN COVE RD / STATE HWY 305 NE,121741380,25661177,MVCG
P220029104,BIPD,3/1/2022 0:00,1053,337,HIGH SCHOOL RD NE,122530000,23641500,NARCO3
P220029324,BIPD,3/1/2022 0:00,1715,9010,NE SPARGUR LOOP RD,122312545,25893852,SUSPI3
P220029425,BIPD,3/1/2022 0:00,2155,,MADISON AVE N / STATE HWY 305 NE,122472788,23963126,DUI3
P220026107,BIPD,2/23/2022 0:00,0845,,NE DAY RD E / STATE HWY 305 NE,122023646,25247430,FU
P220026153,BIPD,2/23/2022 0:00,1037,625,WINSLOW WAY E,122607645,23236096,ASSIS4
P220026199,BIPD,2/23/2022 0:00,1222,625,WINSLOW WAY E,122607645,23236096,MVC4
P220026481,BIPD,2/23/2022 0:00,2319,9401,NE BUSINESS PARK LN,122325614,24094644,PC4
P220026544,BIPD,2/24/2022 0:00,0621,350,HIGH SCHOOL RD NW,122523255,23652735,FU
P220026581,BIPD,2/24/2022 0:00,0824,7906,GRAND AVE NE,122988946,23630547,PC4
P220030685,BIPD,3/4/2022 0:00,1110,225,HIGH SCHOOL RD NW,122373845,23636947,FRAUD4
P220030759,BIPD,3/4/2022 0:00,1339,301,HIGH SCHOOL RD NE,122491500,23645900,WC3
P220030806,BIPD,3/4/2022 0:00,1506,10462,NE COUNTRY CLUB RD,122604814,22109869,ASSIS3
P220030907,BIPD,3/4/2022 0:00,1757,320,PACIFIC AVE,119770940,21141342,SUSPI4
P220030981,BIPD,3/4/2022 0:00,2057,,NE KOURA RD / STATE HWY 305 NE,122310462,24709752,ASSIS3
P220031409,BIPD,3/5/2022 0:00,1655,,SUNRISE DR NE / NE VALLEY RD,122722771,24697688,T
P220011449,BIPD,1/24/2022 0:00,0952,,FLETCHER BAY RD NE / NE TWIN PONDS RD,121615475,23538111,T
P220011501,BIPD,1/24/2022 0:00,1144,,HIGH SCHOOL RD NE / STATE HWY 305 NE,122571327,23644516,WC3
P220011670,BIPD,1/24/2022 0:00,1642,,FERNCLIFF AVE NE / NE YAQUINA AVE,122692244,24004955,TRAFF3
P220011713,BIPD,1/24/2022 0:00,1802,835,MADISON AVE N,122415345,23498497,THEFT4
P220011839,BIPD,1/25/2022 0:00,0128,625,WINSLOW WAY E,122607645,23236096,WRT3
P220011982,BIPD,1/25/2022 0:00,1050,1628,DEVENNY AVE NE,122411492,21534251,MISC4
P220029560,BIPD,3/2/2022 0:00,0900,,HILLTOP DR NE / NE RADIO SCHOOL RD,122456825,21726544,CELL
P220029563,BIPD,3/2/2022 0:00,0908,625,WINSLOW WAY E,122607645,23236096,MISC3
P220029825,BIPD,3/2/2022 0:00,1753,215,ERICKSEN AVE NE,122526300,23284100,PC4
P220030194,BIPD,3/3/2022 0:00,1302,,"XY(121839783,22585894)",121839783,22585894,CELL
P220030291,BIPD,3/3/2022 0:00,1524,,"XY(122539019,23183063)",122539019,23183063,CELL
P220030454,BIPD,3/3/2022 0:00,2044,,NE DAY RD E / STATE HWY 305 NE,122023646,25247430,T
P220031417,BIPD,3/5/2022 0:00,1711,969,WEAVER RD NW,122199944,23553747,PC4
P220031467,BIPD,3/5/2022 0:00,1916,,"XY(121643157,23714401)",121643157,23714401,CELL
P220031673,BIPD,3/6/2022 0:00,0835,14930,SKOGEN LN NE,122143144,25948952,ALRA
P220032017,BIPD,3/7/2022 0:00,0018,11594,BERRY PATCH LN NE,122317645,24812000,SFR
P220032277,BIPD,3/7/2022 0:00,1341,625,WINSLOW WAY E,122607645,23236096,FOUND5
P220011998,BIPD,1/25/2022 0:00,1112,,NE ERIC AVE / NORTH MADISON AVE NE,122465427,25055213,T
P220012065,BIPD,1/25/2022 0:00,1337,,"XY(122284085,24104806)",122284085,24104806,CELL
P220012192,BIPD,1/25/2022 0:00,1814,280,MADISON AVE N,122441895,23299097,PC4
P220012103,BIPD,1/25/2022 0:00,1500,397,WINSLOW WAY E,122529891,23241713,MVCA
P220012258,BIPD,1/25/2022 0:00,2220,245,HIGH SCHOOL RD NW,122404295,23635147,DV3
P220012276,BIPD,1/25/2022 0:00,2338,8804,MADISON AVE N,122493300,23896241,PC4
P220030370,BIPD,3/3/2022 0:00,1814,10795,BILL POINT VW NE,122886346,22759046,DVB
P220030622,BIPD,3/4/2022 0:00,0838,661,WINSLOW WAY W,122257174,23251014,VEHIT4
P220030637,BIPD,3/4/2022 0:00,0925,9330,NE HIGH SCHOOL RD,122364045,23666097,FU
P220030666,BIPD,3/4/2022 0:00,1027,,ARROW POINT DR NE / MILLER RD NE,121550887,24644466,RECKL3
P220030712,BIPD,3/4/2022 0:00,1207,625,WINSLOW WAY E,122607645,23236096,PC5
P220030716,BIPD,3/4/2022 0:00,1216,,AGATEWOOD RD NE / STATE HWY 305 NE,121562268,26138373,SUSPI3
P220026591,BIPD,2/24/2022 0:00,0858,,"XY(122642877,23674075)",122642877,23674075,CELL
P220026740,BIPD,2/24/2022 0:00,1350,253,NE HIGH SCHOOL RD,122470095,23627397,TRANS
P220026759,BIPD,2/24/2022 0:00,1432,8500,NE DAY RD E,122120794,25253801,ASSIS4
P220026774,BIPD,2/24/2022 0:00,1456,,REITAN RD NE / STATE HWY 305 NE,121501985,26370323,DUI3
P220026959,BIPD,2/24/2022 0:00,2228,15413,SUNRISE DR NE,122752539,26089618,PC4
P220026998,BIPD,2/25/2022 0:00,0046,,NE HIDDEN COVE RD / MANZANITA RD NE,121491466,25653613,MALIC3
P220032358,BIPD,3/7/2022 0:00,1554,,ERICKSEN AVE NE / MADRONE LN N,122481292,23253649,CELL
P220032724,BIPD,3/8/2022 0:00,0900,,HARBOR PL / WIMSEY AVE NE,122218957,22997813,CELL
P220032825,BIPD,3/8/2022 0:00,1121,16362,REITAN RD NE,121488234,26477776,CIVIL4
P220032808,BIPD,3/8/2022 0:00,1057,661,WINSLOW WAY W,122257174,23251014,ASSIS4
P220032809,BIPD,3/8/2022 0:00,1057,829,HIGH SCHOOL RD NE,122684100,23597800,HARAS4
P220033046,BIPD,3/8/2022 0:00,1725,829,HIGH SCHOOL RD NE,122684100,23597800,FU
P220012356,BIPD,1/26/2022 0:00,0721,5784,ROSE LOOP NE,122306045,22950946,MVC4
P220012411,BIPD,1/26/2022 0:00,1020,7997,NE HIGH SCHOOL RD,121907265,23667019,RUNAW4
P220012516,BIPD,1/26/2022 0:00,1350,441,GROW AVE NW,122332385,23367081,FU
P220012572,BIPD,1/26/2022 0:00,1525,8980,NE NEW BROOKLYN RD,122261780,23918443,FU
P220012718,BIPD,1/26/2022 0:00,2300,7383,NE COYOTE FARM LN,121716343,24114748,BLSP
P220012877,BIPD,1/27/2022 0:00,1100,,KNECHTEL WAY NE / WYATT WAY NE,122492849,23443485,CELL
P220022579,BIPD,2/16/2022 0:00,0854,,"XY(122468566,22480074)",122468566,22480074,CELL
P220022664,BIPD,2/16/2022 0:00,1131,,NE BUSINESS PARK LN / SPORTSMAN CLUB RD NE,122322363,24094833,T
P220022808,BIPD,2/16/2022 0:00,1608,8203,SPORTSMAN CLUB RD NE,122098494,23758248,T
P220023263,BIPD,2/17/2022 0:00,1437,,NE DAY RD E / STATE HWY 305 NE,122023646,25247430,MVC3
P220023293,BIPD,2/17/2022 0:00,1540,9071,NE MORGAN RD,122291388,24841687,WRT4
P220030753,BIPD,3/4/2022 0:00,1333,253,GROW AVE NW,122310545,23301247,WC5
P220030832,BIPD,3/4/2022 0:00,1552,12470,MANZANITA RD NE,121523320,25147918,FRAUD4
P220030887,BIPD,3/4/2022 0:00,1707,100,WINSLOW WAY,122604703,23236562,FOUND4
P220031184,BIPD,3/5/2022 0:00,0911,15798,STATE HWY 305 NE,121419100,26448500,MVCG
P220031236,BIPD,3/5/2022 0:00,1127,223,IHLAND WAY NW,122396445,23575497,MISC3
P220031709,BIPD,3/6/2022 0:00,1017,,STATE HWY 305 NE / SUQUAMISH WAY NE,121273196,26526675,MVCG
P220027036,BIPD,2/25/2022 0:00,0616,617,LANDMARK CT NE,122765423,23404693,MALIC4
P220027259,BIPD,2/25/2022 0:00,1439,829,HIGH SCHOOL RD NE,122684100,23597800,ALSP
P220027469,BIPD,2/25/2022 0:00,2039,12893,PHELPS RD NE,122018779,25285924,PC4
P220027615,BIPD,2/26/2022 0:00,0716,617,LANDMARK CT NE,122765423,23404693,PC4
P220028108,BIPD,2/27/2022 0:00,0846,309,SHANNON DR SE,122504121,23149189,PC4
P220028217,BIPD,2/27/2022 0:00,1403,,NORTH MADISON AVE NE / STATE HWY 305 NE,122395381,24298435,TRAFF3
P220033306,BIPD,3/9/2022 0:00,0751,253,NE HIGH SCHOOL RD,122470095,23627397,T
P220033429,BIPD,3/9/2022 0:00,1123,,NE DAY RD W / MILLER RD NE,121978601,25249261,T
P220033455,BIPD,3/9/2022 0:00,1215,,NE KOURA RD / STATE HWY 305 NE,122310462,24709752,T
P220033482,BIPD,3/9/2022 0:00,1309,253,NE HIGH SCHOOL RD,122470095,23627397,NOISE4
P220033491,BIPD,3/9/2022 0:00,1321,1560,MADISON AVE N,122513295,23720447,PROWL4
P220033552,BIPD,3/9/2022 0:00,1503,,FLETCHER BAY RD NE / NE HIGH SCHOOL RD,121498773,23670949,T
P220012921,BIPD,1/27/2022 0:00,1251,,HIGH SCHOOL RD NE / STATE HWY 305 NE,122571327,23644516,T
P220013123,BIPD,1/27/2022 0:00,1931,280,MADISON AVE N,122441895,23299097,PC4
P220013361,BIPD,1/28/2022 0:00,1020,240,SHANNON DR SE,122471795,23190496,WIRESU
P220013481,BIPD,1/28/2022 0:00,1404,10919,SKINNER RD NE,120955245,24645426,ASSIS4
P220013713,BIPD,1/28/2022 0:00,2241,,NE COYOTE FARM LN / NE NEW BROOKLYN RD,121786857,23965864,UNKNO4
P220013950,BIPD,1/29/2022 0:00,1321,10600,SILVERDALE WAY NW,118428787,24626499,FU
P220023848,BIPD,2/18/2022 0:00,1705,9624,SPORTSMAN CLUB RD NE,122373345,24193248,ALRA
P220024207,BIPD,2/19/2022 0:00,0408,835,MADISON AVE N,122415345,23498497,THEFT4
P220024268,BIPD,2/19/2022 0:00,0908,1281,IRENE PL NE,122811046,23281647,SUSPI4
P220024832,BIPD,2/20/2022 0:00,1425,4704,BLAKELY AVE NE,122043094,22567395,MALIC4
P220025157,BIPD,2/21/2022 0:00,1013,,"XY(122089632,29980016)",122089632,29980016,CELL
P220025191,BIPD,2/21/2022 0:00,1112,3192,POINT WHITE DR NE,121312893,22078394,WIRESF
P220028255,BIPD,2/27/2022 0:00,1558,,NE DANIEL CT / NORTH MADISON AVE NE,122454576,24523537,RECKL3
P220028391,BIPD,2/27/2022 0:00,2231,,NE SEABOLD RD / STATE HWY 305 NE,121590942,26041592,TRAFF3
P220028395,BIPD,2/27/2022 0:00,2239,920,HILDEBRAND LN NE,122546345,23567847,HARAS4
P220028686,BIPD,2/28/2022 0:00,1451,,NE EVERGREEN AVE / HILLTOP DR NE,122423668,21591180,CELL
P220028959,BIPD,3/1/2022 0:00,0608,,NE ADAS WILL LN / STATE HWY 305 NE,121519141,26215475,WIRESL
P220029205,BIPD,3/1/2022 0:00,1353,625,WINSLOW WAY E,122607645,23236096,MEDIA
P220034581,BIPD,3/11/2022 0:00,1125,,NE BUSINESS PARK LN / SPORTSMAN CLUB RD NE,122322363,24094833,T
P220034598,BIPD,3/11/2022 0:00,1150,635,HIGH SCHOOL RD NE,122615945,23616547,WC3
P220034641,BIPD,3/11/2022 0:00,1257,625,WINSLOW WAY E,122607645,23236096,FU
P220034953,BIPD,3/12/2022 0:00,0319,15446,SUNRISE DR NE,122763796,26092302,PC4
P220035136,BIPD,3/12/2022 0:00,1521,200,MADISON AVE N,122493345,23291447,ASSIS3
P220032246,BIPD,3/7/2022 0:00,1233,8320,FERNCLIFF AVE NE,122716495,23752048,MALIC4
P220032323,BIPD,3/7/2022 0:00,1457,,NE DAY RD E / STATE HWY 305 NE,122023646,25247430,RECKL3
P220032550,BIPD,3/7/2022 0:00,2157,,MADISON AVE N / STATE HWY 305 NE,122472788,23963126,T
P220032850,BIPD,3/8/2022 0:00,1204,2241,FORT WARD HILL RD NE,122358962,21749402,FU
P220032959,BIPD,3/8/2022 0:00,1456,,"XY(122589770,23318670)",122589770,23318670,T
P220033023,BIPD,3/8/2022 0:00,1653,186,WYATT WAY NW,122405395,23396747,CPR
P220014018,BIPD,1/29/2022 0:00,1610,,MADRONA WAY NE / MADRONA WAY NE,122486763,23334527,CELL
P220014291,BIPD,1/30/2022 0:00,0910,,NE DAY RD E / STATE HWY 305 NE,122023646,25247430,FU
P220014303,BIPD,1/30/2022 0:00,0952,1344,WINTERGREEN LN NE,122621704,23727339,ALRA
P220014424,BIPD,1/30/2022 0:00,1507,625,WINSLOW WAY E,122607645,23236096,FI
P220014561,BIPD,1/30/2022 0:00,2216,353,HENSHAW WAY NE,122452535,23291867,PC4
P220014716,BIPD,1/31/2022 0:00,0918,115,HALL BROTHERS LOOP NW,122372800,23252600,ALRA
P220029437,BIPD,3/1/2022 0:00,2239,5627,LYNWOOD CENTER RD NE,121736456,22896692,SUICIB
P220029614,BIPD,3/2/2022 0:00,1101,,NE NEW BROOKLYN RD / SANDS AVE NE,121914780,23931306,MVCG
P220029892,BIPD,3/2/2022 0:00,2054,,NE ADAS WILL LN / STATE HWY 305 NE,121519141,26215475,INFOP4
P220030100,BIPD,3/3/2022 0:00,1036,,NORTH MADISON AVE NE / STATE HWY 305 NE,122395381,24298435,TRAFF3
P220030165,BIPD,3/3/2022 0:00,1209,,DEAD END / NE PEARL CT,121651252,22844765,CELL
P220030261,BIPD,3/3/2022 0:00,1443,309,SHANNON DR SE,122504121,23149189,PC4
P220035485,BIPD,3/13/2022 0:00,1131,,NE SEABOLD RD / STATE HWY 305 NE,121590942,26041592,WC3
P220035660,BIPD,3/13/2022 0:00,1849,,NE NEW BROOKLYN RD / SPORTSMAN CLUB RD NE,122235619,23919372,T
P220035970,BIPD,3/14/2022 0:00,1103,14235,SUNRISE DR NE,122721145,25711201,CIVIL4
P220036074,BIPD,3/14/2022 0:00,1459,,"XY(122322243,23819745)",122322243,23819745,CELL
P220036176,BIPD,3/14/2022 0:00,1743,4407,POINT WHITE DR NE,121555243,22499645,DVG
P220036211,BIPD,3/14/2022 0:00,1905,10795,BILL POINT VW NE,122886346,22759046,FU
P220033107,BIPD,3/8/2022 0:00,1946,10598,NE BYRON DR,122763246,23716397,THREA4
P220033092,BIPD,3/8/2022 0:00,1924,10106,ARROW POINT DR NE,121165360,24602604,MVCG
P220033160,BIPD,3/8/2022 0:00,2226,9330,NE HIGH SCHOOL RD,122364045,23666097,ASSIS2
P220033231,BIPD,3/9/2022 0:00,0410,,FINCH RD NE / WYATT WAY NW,122036768,23398067,T
P220033523,BIPD,3/9/2022 0:00,1412,11123,BARNACLE LN NE,121315261,24696762,SFR
P220033665,BIPD,3/9/2022 0:00,1850,9061,NE KOURA RD,122295167,24710347,TRAFF4
P220015025,BIPD,1/31/2022 0:00,1933,9445,NE BUSINESS PARK LN,122368945,24076948,ASSIS4
P220015529,BIPD,2/1/2022 0:00,2052,213,SHEPARD WAY NW,122369534,23304817,CPR
P220015649,BIPD,2/2/2022 0:00,0627,10919,NORTH MADISON AVE NE,122440595,24606199,SUSPI3
P220015823,BIPD,2/2/2022 0:00,1333,161,HARBOR SQUARE LOOP NE,122659736,23252833,THEFT4
P220016351,BIPD,2/3/2022 0:00,1435,501,HIGH SCHOOL RD NW,122306098,23652414,FU
P220025835,BIPD,2/22/2022 0:00,1621,223,IHLAND WAY NW,122396445,23575497,CIVIL4
P220025989,BIPD,2/22/2022 0:00,2323,215,SHANNON DR SE,122465740,23199482,MISC3
P220026040,BIPD,2/23/2022 0:00,0306,264,SHANNON DR SE,122482376,23168182,MISC3
P220026075,BIPD,2/23/2022 0:00,0713,,"XY(121122325,24900233)",121122325,24900233,CELL
P220026251,BIPD,2/23/2022 0:00,1425,1315,WINTERGREEN LN NE,122603642,23680795,NARCO3
P220026349,BIPD,2/23/2022 0:00,1711,625,WINSLOW WAY E,122607645,23236096,WC911
P220036319,BIPD,3/14/2022 0:00,2344,8547,SANDS AVE NE,121912742,23851377,PC4
P220036489,BIPD,3/15/2022 0:00,1002,11707,ARROW POINT DR NE,121131842,24875300,WC911
P220037032,BIPD,3/16/2022 0:00,1036,8527,HANSEN RD NE,121034942,23861798,THEFT4
P220037356,BIPD,3/16/2022 0:00,2049,282,KNECHTEL WAY NE,122487800,23447100,WC3
P220037927,BIPD,3/17/2022 0:00,2149,,MADISON AVE N / STATE HWY 305 NE,122472788,23963126,T
P220037973,BIPD,3/17/2022 0:00,2348,13877,LA VIGNE CT NE,122706281,25606456,CPR
P220030327,BIPD,3/3/2022 0:00,1628,,NE DAY RD E / NORTH MADISON AVE NE,122469056,25230947,T
P220030381,BIPD,3/3/2022 0:00,1836,309,SHANNON DR SE,122504121,23149189,RECOV4
P220030494,BIPD,3/3/2022 0:00,2215,693,LANDMARK CT NE,122772433,23424852,PC4
P220030414,BIPD,3/3/2022 0:00,1932,300,NE HIGH SCHOOL RD,122512693,23653235,DVB
P220030719,BIPD,3/4/2022 0:00,1220,,NE HIDDEN COVE RD / STATE HWY 305 NE,121741380,25661177,RECKL3
P220030888,BIPD,3/4/2022 0:00,1709,,VINEYARD LN / WINSLOW WAY E,122604664,23256788,CELL
P220016474,BIPD,2/3/2022 0:00,1846,316,WINSLOW WAY E,122500880,23252432,DUI3
P220016566,BIPD,2/3/2022 0:00,2243,133,WINSLOW WAY E,122437295,23243797,INTOX3
P220016751,BIPD,2/4/2022 0:00,1158,,DEAD END / FIELDSTONE LN NE,121830154,24769774,CELL
P220016762,BIPD,2/4/2022 0:00,1220,625,WINSLOW WAY E,122607645,23236096,FI
P220017071,BIPD,2/4/2022 0:00,2320,,NE KOURA RD / STATE HWY 305 NE,122310462,24709752,TRAFF4
P220017280,BIPD,2/5/2022 0:00,1411,11299,ARROW POINT DR NE,121095342,24676599,ASSIS3
P220026381,BIPD,2/23/2022 0:00,1825,4225,SE MILE HILL DR,120496044,19992711,FU
P220026451,BIPD,2/23/2022 0:00,2146,632,LANDMARK CT NE,122769633,23390916,PC4
P220026507,BIPD,2/24/2022 0:00,0139,350,HIGH SCHOOL RD NW,122523255,23652735,VEHIT4
P220026703,BIPD,2/24/2022 0:00,1234,253,NE HIGH SCHOOL RD,122470095,23627397,THEFT3
P220026856,BIPD,2/24/2022 0:00,1733,,SPORTSMAN CLUB RD NE / STATE HWY 305 NE,122395381,24298435,T
P220026951,BIPD,2/24/2022 0:00,2216,12461,KALLGREN RD NE,122587645,25108350,PC4
P220033799,BIPD,3/10/2022 0:00,0321,10541,NORTH MADISON AVE NE,122426145,24469699,FU
P220033863,BIPD,3/10/2022 0:00,0807,15798,STATE HWY 305 NE,121419100,26448500,RECKL3
P220034371,BIPD,3/10/2022 0:00,2036,,FLETCHER BAY RD NE / LYNWOOD CENTER RD NE,121758844,23062433,T
P220034444,BIPD,3/11/2022 0:00,0153,245,HIGH SCHOOL RD NW,122404295,23635147,BEHAV3
P220034463,BIPD,3/11/2022 0:00,0301,19144,NE MORROW WAY,120166595,27374013,ASSIS2
P220038010,BIPD,3/18/2022 0:00,0355,,SIVERTSON RD NE / NE WEST PORT MADISON RD,121960750,26032287,FI
P220038560,BIPD,3/19/2022 0:00,0322,,REITAN RD NE / STATE HWY 305 NE,121438217,26435044,SUSPI3
P220038846,BIPD,3/19/2022 0:00,1901,9395,OLYMPUS BEACH RD NE,120957177,24143058,WC3
P220038866,BIPD,3/19/2022 0:00,2006,15423,SUNRISE DR NE,122752636,26092907,PC4
P220038899,BIPD,3/19/2022 0:00,2117,12985,STATE HWY 305 NE,121979755,25310782,PC4
P220038919,BIPD,3/19/2022 0:00,2227,,NE KOURA RD / STATE HWY 305 NE,122310462,24709752,T
P220017700,BIPD,2/6/2022 0:00,1127,835,MADISON AVE N,122415345,23498497,THEFT4
P220017792,BIPD,2/6/2022 0:00,1439,,BLAKELY AVE NE / NE HALLS HILL RD,122533239,22265584,CELL
P220017814,BIPD,2/6/2022 0:00,1535,4779,LYNWOOD CENTER RD NE,121749443,22595495,LOSTP4
P220018133,BIPD,2/7/2022 0:00,0921,625,WINSLOW WAY E,122607645,23236096,WC911
P220018118,BIPD,2/7/2022 0:00,0859,172,GROW AVE NW,122341595,23280347,ASSIS4
P220018243,BIPD,2/7/2022 0:00,1247,,"XY(122346915,24074965)",122346915,24074965,CELL
P220030916,BIPD,3/4/2022 0:00,1829,15347,SUQUAMISH WAY NE,121270125,26463609,ASSIS3
P220031017,BIPD,3/4/2022 0:00,2229,,SPORTSMAN CLUB RD NE / STATE HWY 305 NE,122395381,24298435,ASSIS3
P220031157,BIPD,3/5/2022 0:00,0800,,NE KOURA RD / STATE HWY 305 NE,122310462,24709752,TRAFF3
P220031339,BIPD,3/5/2022 0:00,1447,,"XY(122392010,23188839)",122392010,23188839,CELL
P220031356,BIPD,3/5/2022 0:00,1513,,MILLER RD NE / NE NEW BROOKLYN RD,121365993,23936591,T
P220031444,BIPD,3/5/2022 0:00,1819,4704,BLAKELY AVE NE,122043094,22567395,FU
P220034838,BIPD,3/11/2022 0:00,2010,10360,NE LAFAYETTE AVE,122745395,26164052,WC4
P220034839,BIPD,3/11/2022 0:00,2010,,MILLER RD NE / NE NEW BROOKLYN RD,121365993,23936591,T
P220034908,BIPD,3/11/2022 0:00,2327,156,WINSLOW WAY E,122446957,23248848,PC4
P220035209,BIPD,3/12/2022 0:00,1725,7671,NE DAY RD W,121817342,25256479,DUI3
P220035234,BIPD,3/12/2022 0:00,1818,15173,SUNRISE DR NE,122751404,26051030,PC4
P220035277,BIPD,3/12/2022 0:00,2019,8543,SANDS AVE NE,121912701,23849939,PC4
P220027020,BIPD,2/25/2022 0:00,0322,,FERNCLIFF AVE NE / HIGH SCHOOL RD NE,122700573,23641750,VERBA3
P220027038,BIPD,2/25/2022 0:00,0634,617,LANDMARK CT NE,122765423,23404693,PC4
P220027059,BIPD,2/25/2022 0:00,0750,7906,GRAND AVE NE,122988946,23630547,PC4
P220027079,BIPD,2/25/2022 0:00,0859,265,WINSLOW WAY E,122481995,23237596,BURGL4
P220027296,BIPD,2/25/2022 0:00,1526,,NE DAY RD E / STATE HWY 305 NE,122023646,25247430,T
P220027336,BIPD,2/25/2022 0:00,1620,,BJUNE DR SE / MADISON AVE S,122427297,23224963,ASSIS4
P220039028,BIPD,3/20/2022 0:00,0623,,NE DAY RD E / STATE HWY 305 NE,122023646,25247430,TRAFF3
P220039074,BIPD,3/20/2022 0:00,0934,270,OLYMPIC DR SE,122674395,23183596,T
P220039306,BIPD,3/20/2022 0:00,1916,8401,NE QUAIL HILL RD,122053294,23763398,FU
P220039526,BIPD,3/21/2022 0:00,0904,1572,FORT WARD HILL RD NE,122360995,21535543,CPR
P220039663,BIPD,3/21/2022 0:00,1326,,DEAD END / HIGH SCHOOL RD NE,122617377,23716955,CELL
P220018658,BIPD,2/8/2022 0:00,0857,829,HIGH SCHOOL RD NE,122684100,23597800,THREA4
P220018662,BIPD,2/8/2022 0:00,0905,8890,MILLER RD NE,121370893,23967848,FU
P220018660,BIPD,2/8/2022 0:00,0904,,NORTH MADISON AVE NE / NE TORVANGER RD,122452409,25628167,PC4
P220018760,BIPD,2/8/2022 0:00,1305,15798,STATE HWY 305 NE,121419100,26448500,RECKL3
P220018882,BIPD,2/8/2022 0:00,1655,6105,NE MARSHALL RD,121271593,23149896,THEFT4
P220019052,BIPD,2/9/2022 0:00,0248,8641,SANDS AVE NE,121875894,23848148,PC4
P220031538,BIPD,3/5/2022 0:00,2109,,NE KOURA RD / OLYMPIC TERRACE AVE NE,121467987,24729758,MVCG
P220031697,BIPD,3/6/2022 0:00,0952,1344,WINTERGREEN LN NE,122621704,23727339,ALRA
P220031730,BIPD,3/6/2022 0:00,1121,343,WINSLOW WAY E,122510453,23228755,UNWAN3
P220031729,BIPD,3/6/2022 0:00,1120,270,OLYMPIC DR SE,122674395,23183596,MEDIA
P220031714,BIPD,3/6/2022 0:00,1030,270,OLYMPIC DR SE,122674395,23183596,BOMBTF
P220032156,BIPD,3/7/2022 0:00,1009,6900,NE DOLPHIN DR,121589143,26333303,FRAUD4
P220035294,BIPD,3/12/2022 0:00,2101,12537,NORTH MADISON AVE NE,122467482,25153934,PC4
P220035384,BIPD,3/13/2022 0:00,0142,9652,NE KITSAP ST,122369984,21866750,PC4
P220035396,BIPD,3/13/2022 0:00,0340,5658,MADISON AVE N,122438962,23745705,PC4
P220035544,BIPD,3/13/2022 0:00,1423,,FLETCHER BAY RD NE / NE TWIN PONDS RD,121615475,23538111,T
P220035592,BIPD,3/13/2022 0:00,1606,,NE MANUAL RD / STATE HWY 305 NE,121711094,25706240,RECKL3
P220035600,BIPD,3/13/2022 0:00,1627,,VINEYARD LN / WINSLOW WAY E,122606211,23254200,CELL
P220027370,BIPD,2/25/2022 0:00,1655,625,WINSLOW WAY E,122607645,23236096,FOUND4
P220027419,BIPD,2/25/2022 0:00,1831,9971,NE YAQUINA AVE,122565795,23989398,ASSIS3
P220027444,BIPD,2/25/2022 0:00,1935,617,LANDMARK CT NE,122765423,23404693,HARAS4
P220027511,BIPD,2/25/2022 0:00,2205,121,MADISON AVE S,122427785,23244368,PC4
P220027582,BIPD,2/26/2022 0:00,0303,287,SHANNON DR SE,122475745,23165196,PC4
P220027729,BIPD,2/26/2022 0:00,1153,,NE NEW BROOKLYN RD / SPORTSMAN CLUB RD NE,122235619,23919372,T
P220039865,BIPD,3/21/2022 0:00,1905,9625,NE KITSAP ST,122364382,21866874,PC4
P220039928,BIPD,3/21/2022 0:00,2130,1687,STATE HWY 305 NE,122573940,23665998,T
P220040000,BIPD,3/22/2022 0:00,0214,1233,CHERRY AVE NE,122871246,23645397,CPR
P220040196,BIPD,3/22/2022 0:00,1116,5610,MADISON AVE N,122438940,23744667,PC4
P220040286,BIPD,3/22/2022 0:00,1415,9994,NE TORVANGER RD,122602213,25625258,PC4
P220040412,BIPD,3/22/2022 0:00,1835,,"XY(123427310,22794978)",123427310,22794978,NAVIG3
P220019249,BIPD,2/9/2022 0:00,1304,9840,MANDUS OLSON RD NE,121636343,24221798,WC4
P220019385,BIPD,2/9/2022 0:00,1659,8555,MADISON AVE N,122413545,23788748,THEFT4
P220019602,BIPD,2/10/2022 0:00,0747,8500,NE COUNTY PARK RD,122161244,26184602,ASSIS4
P220019711,BIPD,2/10/2022 0:00,1121,15250,ALMA PL NE,121575347,26059010,FU
P220019882,BIPD,2/10/2022 0:00,1538,410,ROBINWOOD DR NE,122717795,23363747,FU
P220032190,BIPD,3/7/2022 0:00,1055,9330,NE HIGH SCHOOL RD,122364045,23666097,T
P220032200,BIPD,3/7/2022 0:00,1117,661,WINSLOW WAY W,122257174,23251014,INFOP4
P220032207,BIPD,3/7/2022 0:00,1123,,NE LOVGREEN RD E / STATE HWY 305 NE,122194159,24976179,DUI3
P220032260,BIPD,3/7/2022 0:00,1309,,SPORTSMAN CLUB RD NE / NE WARDWELL RD,122380026,24286054,T
P220032278,BIPD,3/7/2022 0:00,1342,,"XY(122322243,23819745)",122322243,23819745,UNKNO3
P220032325,BIPD,3/7/2022 0:00,1459,9485,NE WINDSONG LOOP,122397745,24816800,FU
P220035718,BIPD,3/13/2022 0:00,2127,,FERNCLIFF AVE NE / WING POINT WAY NE,122693391,23376069,T
P220035855,BIPD,3/14/2022 0:00,0538,12715,MILLER RD NE,121906194,25221650,ALRA
P220035886,BIPD,3/14/2022 0:00,0745,,NE DAY RD E / STATE HWY 305 NE,122023646,25247430,MVCG
P220035921,BIPD,3/14/2022 0:00,0929,,"XY(121275500,23530739)",121275500,23530739,CELL
P220035914,BIPD,3/14/2022 0:00,0907,1047,MADISON AVE N,122411895,23572997,RECOV3
P220036033,BIPD,3/14/2022 0:00,1328,4407,POINT WHITE DR NE,121555243,22499645,FU
P220020014,BIPD,2/10/2022 0:00,2045,,BOND RD NE / STATE HWY 305 NE,119464456,27949815,T
P220020108,BIPD,2/11/2022 0:00,0142,293,SHANNON DR SE,122504203,23164347,PC4
P220020283,BIPD,2/11/2022 0:00,1158,343,WINSLOW WAY E,122510453,23228755,WC3
P220020343,BIPD,2/11/2022 0:00,1357,829,NE HIGH SCHOOL RD,122683295,23596597,BEHAV4
P220020379,BIPD,2/11/2022 0:00,1500,9123,NE NEW BROOKLYN RD,122312770,23916588,PC4
P220020600,BIPD,2/11/2022 0:00,2239,1121,MADISON AVE N,122412295,23589497,SUSPI3
P220040481,BIPD,3/22/2022 0:00,2110,9928,NE KITSAP ST,122445146,21865066,PC4
P220040517,BIPD,3/22/2022 0:00,2233,13914,TOAD HOLLER PL NE,121700143,25588301,CELL
P220040666,BIPD,3/23/2022 0:00,0808,9330,NE HIGH SCHOOL RD,122364045,23666097,FU
P220040775,BIPD,3/23/2022 0:00,1145,2363,ROBERTSON AVE NE,122396445,21783294,FRAUD4
P220040855,BIPD,3/23/2022 0:00,1436,625,WINSLOW WAY E,122607645,23236096,ASSIS3
P220041109,BIPD,3/24/2022 0:00,0422,270,OLYMPIC DR SE,122674395,23183596,UNWAN3
P220032286,BIPD,3/7/2022 0:00,1401,2222,BELFAIR AVE NE,122390908,21755360,FU
P220032602,BIPD,3/8/2022 0:00,0103,134,OLYMPIC DR SE,122597042,23236053,PC4
P220032799,BIPD,3/8/2022 0:00,1045,309,SHANNON DR SE,122504121,23149189,PC4
P220032904,BIPD,3/8/2022 0:00,1330,4765,LYNWOOD CENTER RD NE,121752093,22580745,HARAS4
P220032991,BIPD,3/8/2022 0:00,1534,,"XY(122479829,23622548)",122479829,23622548,CELL
P220033115,BIPD,3/8/2022 0:00,2016,10598,NE BYRON DR,122763246,23716397,FU
P220036050,BIPD,3/14/2022 0:00,1413,3378,POINT WHITE DR NE,121398557,22156194,MVC4
P220036170,BIPD,3/14/2022 0:00,1731,,HIGH SCHOOL RD NE / TORMEY LN NE,122533618,23613708,CELL
P220036296,BIPD,3/14/2022 0:00,2240,,ERICKSEN AVE NE / KNECHTEL WAY NE,122530878,23446015,WC3
P220036332,BIPD,3/15/2022 0:00,0020,12781,NORTH MADISON AVE NE,122441645,25215900,PC4
P220036437,BIPD,3/15/2022 0:00,0830,1047,MADISON AVE N,122411895,23572997,FU
P220020728,BIPD,2/12/2022 0:00,0831,,BLUE HERON AVE NE / MADISON AVE N,122461717,23519691,CELL
P220020894,BIPD,2/12/2022 0:00,1555,,"XY(122604362,23194405)",122604362,23194405,CELL
P220021176,BIPD,2/13/2022 0:00,0735,,FALK RD NE / NE VALLEY RD,122787771,24696197,TRAFF3
P220021527,BIPD,2/14/2022 0:00,0032,827,HIGH SCHOOL RD NE,122678900,23604300,WC911
P220021740,BIPD,2/14/2022 0:00,1255,1049,HAWLEY WAY NE,122733645,23275047,FOUND4
P220021868,BIPD,2/14/2022 0:00,1741,625,WINSLOW WAY E,122607645,23236096,FI
P220027749,BIPD,2/26/2022 0:00,1226,,STATE HWY 305 NE / WINSLOW WAY E,122597314,23245536,TRAFF3
P220027765,BIPD,2/26/2022 0:00,1300,,"XY(121079871,24707089)",121079871,24707089,CELL
P220027936,BIPD,2/26/2022 0:00,2107,287,SHANNON DR SE,122475745,23165196,PC4
P220027950,BIPD,2/26/2022 0:00,2156,199,ERICKSEN AVE NE,122526439,23278794,PC4
P220028143,BIPD,2/27/2022 0:00,1043,245,HIGH SCHOOL RD NW,122404295,23635147,DV3
P220028330,BIPD,2/27/2022 0:00,1935,,HIDDEN COVE BALLFIELDS,122272015,25676309,FI
P220041267,BIPD,3/24/2022 0:00,1112,625,WINSLOW WAY E,122607645,23236096,THREA4
P220041282,BIPD,3/24/2022 0:00,1136,,"XY(122395555,24435102)",122395555,24435102,CELL
P220041268,BIPD,3/24/2022 0:00,1114,9330,NE HIGH SCHOOL RD,122364045,23666097,FU
P220041924,BIPD,3/25/2022 0:00,1705,457,SPROUT PATH NW,122345533,23369410,THREA4
P220042091,BIPD,3/26/2022 0:00,0114,265,WINSLOW WAY E,122481995,23237596,SUSPI3
P220042147,BIPD,3/26/2022 0:00,0729,5000-BLK,LYNWOOD CENTER RD NE,121780003,22694953,T
P220033128,BIPD,3/8/2022 0:00,2043,11299,ARROW POINT DR NE,121095342,24676599,SUSPI3
P220033153,BIPD,3/8/2022 0:00,2209,829,NE HIGH SCHOOL RD,122683295,23596597,WC4
P220033237,BIPD,3/9/2022 0:00,0431,,GOWEN PL NW / WYATT WAY NW,122081204,23394504,T
P220033294,BIPD,3/9/2022 0:00,0737,,HIGH SCHOOL RD NE / STATE HWY 305 NE,122571327,23644516,FI
P220033295,BIPD,3/9/2022 0:00,0740,635,HIGH SCHOOL RD NE,122615945,23616547,SUSPI4
P220033357,BIPD,3/9/2022 0:00,0926,661,WINSLOW WAY W,122257174,23251014,FU
P220021901,BIPD,2/14/2022 0:00,1903,220,PARFITT WAY SW,122383545,23192946,UNKNO3
P220022032,BIPD,2/15/2022 0:00,0339,15234,ALMA PL NE,121566255,26056400,SUSPI4
P220022047,BIPD,2/15/2022 0:00,0520,827,HIGH SCHOOL RD NE,122678900,23604300,WC911
P220022075,BIPD,2/15/2022 0:00,0735,625,WINSLOW WAY E,122607645,23236096,MISC5
P220022105,BIPD,2/15/2022 0:00,0916,6518,NE JUSTIN CT,121414643,24484599,FU
P220022174,BIPD,2/15/2022 0:00,1131,285,MADISON AVE S,122426500,23199000,FU
P220036479,BIPD,3/15/2022 0:00,0942,245,HIGH SCHOOL RD NW,122404295,23635147,FU
P220036532,BIPD,3/15/2022 0:00,1112,245,HIGH SCHOOL RD NW,122404295,23635147,ASSAUG
P220036531,BIPD,3/15/2022 0:00,1110,8331,NE KOURA RD,122021694,24711149,FU
P220036811,BIPD,3/15/2022 0:00,2030,1207,WING POINT WAY NE,122811907,23372590,PC4
P220037038,BIPD,3/16/2022 0:00,1047,,NE DAY RD W / MILLER RD NE,121978601,25249261,MVCG
P220037317,BIPD,3/16/2022 0:00,1918,15430,SUNRISE DR NE,122752718,26095538,MISC3
P220028479,BIPD,2/28/2022 0:00,0710,,FORT WARD HILL RD NE / TOE JAM HILL RD NE,122520283,21406638,CELL
P220028498,BIPD,2/28/2022 0:00,0832,9523,SPORTSMAN CLUB RD NE,122336545,24157598,MALIC4
P220028563,BIPD,2/28/2022 0:00,1033,,NE HIDDEN COVE RD / STATE HWY 305 NE,121741380,25661177,PC3
P220028600,BIPD,2/28/2022 0:00,1205,280,MADISON AVE N,122441895,23299097,THEFT4
P220029006,BIPD,3/1/2022 0:00,0808,11714,KALLGREN RD NE,122608845,24881100,FRAUD4
P220042296,BIPD,3/26/2022 0:00,1452,8125,HIGH SCHOOL LOOP NE,121938344,23695647,FU
P220042443,BIPD,3/26/2022 0:00,2203,,KNECHTEL WAY NE / WYATT WAY NE,122477698,23428493,CELL
P220042579,BIPD,3/27/2022 0:00,1005,9641,NE KITSAP ST,122367583,21866805,PC4
P220042608,BIPD,3/27/2022 0:00,1129,301,NE HIGH SCHOOL RD,122506145,23609997,WC911
P220042690,BIPD,3/27/2022 0:00,1448,9694,NE LOFGREN RD,122498045,24140148,THEFT4
P220042777,BIPD,3/27/2022 0:00,1747,,AGATEWOOD RD NE / STATE HWY 305 NE,121562268,26138373,MVCG
P220022227,BIPD,2/15/2022 0:00,1349,8500,NE DAY RD E,122120794,25253801,FU
P220022396,BIPD,2/15/2022 0:00,1932,,FLETCHER BAY RD NE / NE NEW BROOKLYN RD,121365993,23936591,T
P220022505,BIPD,2/16/2022 0:00,0254,860,GILMORE WAY NE,122676545,23316947,DV3
P220022540,BIPD,2/16/2022 0:00,0704,16550,AGATE PASS RD NE,121735643,26510253,WIRESF
P220022602,BIPD,2/16/2022 0:00,0937,300,NE HIGH SCHOOL RD,122512693,23653235,DOAB
P220022702,BIPD,2/16/2022 0:00,1316,625,WINSLOW WAY E,122607645,23236096,MISC5
P220033416,BIPD,3/9/2022 0:00,1104,625,WINSLOW WAY E,122607645,23236096,WC911
P220033537,BIPD,3/9/2022 0:00,1440,,NE DAY RD E / STATE HWY 305 NE,122023646,25247430,TRAFF3
P220033543,BIPD,3/9/2022 0:00,1446,,NE BAKER HILL RD / LYNWOOD CENTER RD NE,121772646,22605382,RECKL3
P220033337,BIPD,3/9/2022 0:00,0846,18480,SUQUAMISH WAY NE,121557943,27040304,WRT3
P220033672,BIPD,3/9/2022 0:00,1910,5227,CRYSTAL SPRINGS DR NE,121081392,22795196,ALRA
P220033715,BIPD,3/9/2022 0:00,2140,245,HIGH SCHOOL RD NW,122404295,23635147,MISC4
P220037448,BIPD,3/17/2022 0:00,0158,,FERNCLIFF AVE NE / ISAAC AVE NE,122698936,23559913,FI
P220037503,BIPD,3/17/2022 0:00,0619,,DEAD END / TIFFANY MEADOWS DR NE,122720272,23388168,CELL
P220037556,BIPD,3/17/2022 0:00,0906,10468,NE YAQUINA AVE,122732345,24027248,FU
P220037671,BIPD,3/17/2022 0:00,1249,,"XY(122347752,22572113)",122347752,22572113,CELL
P220037774,BIPD,3/17/2022 0:00,1531,,NE BUSINESS PARK LN / NORTH TOWN DR NE,122305694,24077331,CELL
P220037800,BIPD,3/17/2022 0:00,1618,829,NE HIGH SCHOOL RD,122683295,23596597,BLSGP
P220042951,BIPD,3/28/2022 0:00,0252,146,WINSLOW WAY E,122443585,23248952,PC4
P220042952,BIPD,3/28/2022 0:00,0325,9401,NE BUSINESS PARK LN,122325614,24094644,PC4
P220043033,BIPD,3/28/2022 0:00,0908,4672,ROCKAWAY BEACH RD NE,122942296,22527595,FU
P220043105,BIPD,3/28/2022 0:00,1131,,MADISON AVE N / STATE HWY 305 NE,122472788,23963126,T
P220043122,BIPD,3/28/2022 0:00,1204,9330,NE HIGH SCHOOL RD,122364045,23666097,MISC5
P220043132,BIPD,3/28/2022 0:00,1223,9330,NE HIGH SCHOOL RD,122364045,23666097,FU
P220033730,BIPD,3/9/2022 0:00,2220,934,HIGH SCHOOL RD NE,122714000,23641400,DV2
P220034118,BIPD,3/10/2022 0:00,1103,16550,AGATE POINT RD NE,121921794,26471903,FU
P220034312,BIPD,3/10/2022 0:00,1724,,"XY(121572205,25034949)",121572205,25034949,CELL
P220034378,BIPD,3/10/2022 0:00,2105,,NE HIDDEN COVE RD / NE SELFORS LN,122080125,25769556,TRAFF3
P220034591,BIPD,3/11/2022 0:00,1135,3951,NW RANDALL WAY,118161036,24327049,FU
P220022856,BIPD,2/16/2022 0:00,1742,9118,MILLER RD NE,121326447,24041888,SFR
P220022939,BIPD,2/16/2022 0:00,2100,7530,NE DAY RD W,121776145,25261595,PROWL3
P220023206,BIPD,2/17/2022 0:00,1233,625,WINSLOW WAY E,122607645,23236096,MISC5
P220023182,BIPD,2/17/2022 0:00,1155,8790,FLETCHER BAY RD NE,121366627,23934174,BURGL4
P220023234,BIPD,2/17/2022 0:00,1326,104,WINSLOW WAY W,122419153,23270181,UNWAN3
P220023267,BIPD,2/17/2022 0:00,1447,625,WINSLOW WAY E,122607645,23236096,FU
P220038017,BIPD,3/18/2022 0:00,0459,10058,NE LAFAYETTE AVE,122649195,26189652,SUSPI4
P220038282,BIPD,3/18/2022 0:00,1539,,NE HIDDEN COVE RD / STATE HWY 305 NE,121741380,25661177,RECKL3
P220038395,BIPD,3/18/2022 0:00,1902,4070,POINT WHITE DR NE,121488543,22372145,T
P220038400,BIPD,3/18/2022 0:00,1926,201,WOOD AVE SW,122339245,23216746,DV3
P220038412,BIPD,3/18/2022 0:00,1955,2229,FORT WARD HILL RD NE,122295600,21751400,DUI3
P220038497,BIPD,3/18/2022 0:00,2324,240,WEAVER RD NW,122177400,23311200,FI
P220043249,BIPD,3/28/2022 0:00,1559,625,WINSLOW WAY E,122607645,23236096,SUSPI4
P220043402,BIPD,3/28/2022 0:00,2209,287,SHANNON DR SE,122475745,23165196,PC4
P220043580,BIPD,3/29/2022 0:00,1004,9227,NE RUYS LN,122035298,24002821,FU
P220043656,BIPD,3/29/2022 0:00,1207,225,HIGH SCHOOL RD NE,122452839,23646737,MALIC5
P220043993,BIPD,3/30/2022 0:00,0331,289,SHANNON DR SE,122488195,23158996,PC4
P220043995,BIPD,3/30/2022 0:00,0350,1050,HILDEBRAND LN NE,122545395,23588397,PC4
P220023322,BIPD,2/17/2022 0:00,1634,,NE LOVGREEN RD W / MILLER RD NE,121741551,24988069,SUSPI4
P220023459,BIPD,2/17/2022 0:00,2317,,NE DAY RD E / NE YETI LN,122025375,25273317,CELL
P220023485,BIPD,2/18/2022 0:00,0055,270,OLYMPIC DR SE,122674395,23183596,UNWAN3
P220023624,BIPD,2/18/2022 0:00,1029,11529,ARROW POINT DR NE,121129142,24831650,RECKL3
P220023637,BIPD,2/18/2022 0:00,1054,245,HIGH SCHOOL RD NW,122404295,23635147,SUSPI3
P220023641,BIPD,2/18/2022 0:00,1104,,MILLER RD NE / NE TOLO RD,121434233,24330578,T
P220034686,BIPD,3/11/2022 0:00,1433,9330,NE HIGH SCHOOL RD,122364045,23666097,UNWAN3
P220034800,BIPD,3/11/2022 0:00,1807,15489,SUNRISE DR NE,122753155,26114557,PC4
P220034844,BIPD,3/11/2022 0:00,2021,12055,MILLER RD NE,121759150,25024019,T
P220034942,BIPD,3/12/2022 0:00,0248,12781,NORTH MADISON AVE NE,122441645,25215900,PC4
P220034937,BIPD,3/12/2022 0:00,0211,,AGATE PASS BRG / STATE HWY 305 NE,121419233,26448594,DUI3
P220034983,BIPD,3/12/2022 0:00,0616,,NE DAY RD E / NORTH MADISON AVE NE,122469056,25230947,T
P220038933,BIPD,3/19/2022 0:00,2246,,NE KOURA RD / STATE HWY 305 NE,122310462,24709752,T
P220039334,BIPD,3/20/2022 0:00,2045,,SECRETARIAT LN NE / NE TRIPLE CROWN LN,122059870,24364746,SUSPI4
P220039453,BIPD,3/21/2022 0:00,0535,,BOND RD NE / STATE HWY 305 NE,119464456,27949815,T
P220039467,BIPD,3/21/2022 0:00,0650,6147,MADISON AVE N,122439190,23756261,PC4
P220039772,BIPD,3/21/2022 0:00,1640,9432,HOLLY FARM LN NE,121636393,24111198,FU
P220044191,BIPD,3/30/2022 0:00,1226,9774,NE KITSAP ST,122404395,21854244,THEFT4
P220044529,BIPD,3/31/2022 0:00,0543,,NE DAY RD E / STATE HWY 305 NE,122023646,25247430,TRAFF3
P220044562,BIPD,3/31/2022 0:00,0800,,HENDERSON RD NE / NE RALSTON RD,121493728,25780647,T
P220044664,BIPD,3/31/2022 0:00,1114,9491,NE ERIC AVE,122430495,25046700,DV3
P220044700,BIPD,3/31/2022 0:00,1215,665,WINSLOW WAY E,122613756,23245037,MISC3
P220044939,BIPD,3/31/2022 0:00,2025,1574,NE PARK VIEW DR,122448651,21507206,HARAS4
P220023690,BIPD,2/18/2022 0:00,1235,7906,GRAND AVE NE,122988946,23630547,PC4
P220023921,BIPD,2/18/2022 0:00,1856,343,WINSLOW WAY E,122510453,23228755,BLSP
P220023966,BIPD,2/18/2022 0:00,2002,,MILLER RD NE / NE NEW BROOKLYN RD,121365993,23936591,T
P220024066,BIPD,2/18/2022 0:00,2217,,NW SCANDIA RD / VIKING WAY NW,119082342,26641193,T
P220024270,BIPD,2/19/2022 0:00,0912,601,HIGH SCHOOL RD NE,122588345,23631497,VERBA3
P220024831,BIPD,2/20/2022 0:00,1422,,MADISON AVE N / WALLACE WAY NE,122433841,23514716,SEXOF3
P220035006,BIPD,3/12/2022 0:00,0856,,FLETCHER BAY RD NE / NE HIGH SCHOOL RD,121498773,23670949,T
P220035284,BIPD,3/12/2022 0:00,2033,3951,NW RANDALL WAY,118161036,24327049,ASSIS4
P220035597,BIPD,3/13/2022 0:00,1622,,MANITOU BEACH DR NE / NORTH MADISON AVE NE,122430259,24309094,PC4
P220035645,BIPD,3/13/2022 0:00,1807,,BATTLE POINT DR NE / MILLER RD NE,121350570,24127016,T
P220035653,BIPD,3/13/2022 0:00,1832,15446,SUNRISE DR NE,122763796,26092302,PC4
P220035761,BIPD,3/13/2022 0:00,2249,2220,BELFAIR AVE NE,122361547,21745963,PC4
P220029060,BIPD,3/1/2022 0:00,0934,180,HARBOR SQUARE LOOP NE,122649577,23272717,LOSTP4
P220029096,BIPD,3/1/2022 0:00,1040,,"XY(121432928,25002319)",121432928,25002319,CELL
P220029435,BIPD,3/1/2022 0:00,2231,19110,AUGUSTA AVE NE,121753543,27334555,SUICIB
P220029441,BIPD,3/1/2022 0:00,2253,,LANDMARK CT NE / WING POINT WAY NE,122764523,23373820,PC4
P220029559,BIPD,3/2/2022 0:00,0849,115,HALL BROTHERS LOOP NW,122372800,23252600,ASSAU4
P220029612,BIPD,3/2/2022 0:00,1058,10128,NE BEACH CREST DR,122630695,24440199,ALRA
P220040264,BIPD,3/22/2022 0:00,1335,13650,PHELPS RD NE,122245208,25612177,PC4
P220040419,BIPD,3/22/2022 0:00,1849,,NE HIGH SCHOOL RD / WEAVER RD NW,122172769,23657328,T
P220040575,BIPD,3/23/2022 0:00,0229,8615,SANDS AVE NE,121913439,23875835,PC4
P220040654,BIPD,3/23/2022 0:00,0745,625,WINSLOW WAY E,122607645,23236096,ASSIS5
P220040693,BIPD,3/23/2022 0:00,0859,,HAWLEY WAY NE / IRENE PL NE,122741275,23259647,CELL
P220040756,BIPD,3/23/2022 0:00,1124,,SHANNON DR SE / WINSLOW WAY E,122535043,23218906,CELL
P220024969,BIPD,2/20/2022 0:00,2032,11299,ARROW POINT DR NE,121095342,24676599,FI
P220025149,BIPD,2/21/2022 0:00,0954,8300,NE PAULANNA LN,122029538,24156316,SUSPI3
P220025447,BIPD,2/21/2022 0:00,2211,253,HIGH SCHOOL RD NE,122484486,23620141,PC4
P220025555,BIPD,2/22/2022 0:00,0655,,NE MORGAN RD / STATE HWY 305 NE,122252945,24842500,TRAFF3
P220025579,BIPD,2/22/2022 0:00,0831,625,WINSLOW WAY E,122607645,23236096,FU
P220045060,BIPD,4/1/2022 0:00,0226,,NE HIGH SCHOOL RD / HORIZON VIEW PL NW,122310709,23631734,CELL
P220045387,BIPD,4/1/2022 0:00,1535,,NE HIDDEN COVE RD / STATE HWY 305 NE,121741380,25661177,MVC3
P220045396,BIPD,4/1/2022 0:00,1555,10991,SILVERDALE WAY NW,118362937,24748549,ASSIS4
P220045703,BIPD,4/2/2022 0:00,0820,200,HIGH SCHOOL RD NE,122477200,23673300,BEHAV4
P220045822,BIPD,4/2/2022 0:00,1332,253,NE HIGH SCHOOL RD,122470095,23627397,MVC4
P220045838,BIPD,4/2/2022 0:00,1420,12148,KALLGREN RD NE,122631595,25018450,PC4
P220035784,BIPD,3/14/2022 0:00,0007,5905,ROSE LOOP NE,122343895,22974396,ALRA
P220035811,BIPD,3/14/2022 0:00,0144,5905,ROSE LOOP NE,122343895,22974396,FU
P220035971,BIPD,3/14/2022 0:00,1111,4407,POINT WHITE DR NE,121555243,22499645,FU
P220036008,BIPD,3/14/2022 0:00,1221,625,WINSLOW WAY E,122607645,23236096,FOUND4
P220036060,BIPD,3/14/2022 0:00,1433,4407,POINT WHITE DR NE,121555243,22499645,FU
P220036298,BIPD,3/14/2022 0:00,2240,10660,NE MANOR LN,122826446,25603901,SUSPI4
P220030102,BIPD,3/3/2022 0:00,1038,7644,NE DAY RD W,121736800,25389800,FU
P220030173,BIPD,3/3/2022 0:00,1225,10493,NE SUNRISE BLUFF LN,122858615,25678500,ALRA
P220030183,BIPD,3/3/2022 0:00,1236,1270,MADISON AVE N,122444495,23625547,UNWAN3
P220030282,BIPD,3/3/2022 0:00,1515,,GROW AVE NW / MADISON AVE N,122341512,23660974,CELL
P220030349,BIPD,3/3/2022 0:00,1718,,SPORTSMAN CLUB RD NE / STATE HWY 305 NE,122395381,24298435,T
P220030352,BIPD,3/3/2022 0:00,1720,13545,PHELPS RD NE,122275045,25679301,T
P220041105,BIPD,3/24/2022 0:00,0353,8800,FLETCHER BAY RD NE,121378900,23924933,UNKNO3
P220041185,BIPD,3/24/2022 0:00,0836,,"XY(122292790,24091480)",122292790,24091480,CELL
P220041249,BIPD,3/24/2022 0:00,1034,8395,FLETCHER BAY RD NE,121404093,23823098,WC911
P220041433,BIPD,3/24/2022 0:00,1620,,TED OLSON,0,0,CELL
P220041430,BIPD,3/24/2022 0:00,1615,9752,MILLER RD NE,121478993,24332249,THEFT4
P220041605,BIPD,3/25/2022 0:00,0103,450,WINSLOW WAY E,122541300,23246000,OPEN3
P220025829,BIPD,2/22/2022 0:00,1615,,NE DAY RD E / STATE HWY 305 NE,122023646,25247430,RECKL3
P220026052,BIPD,2/23/2022 0:00,0427,285,MADISON AVE S,122426500,23199000,DOAB
P220026071,BIPD,2/23/2022 0:00,0643,9400-BLK,SPORTSMAN CLUB RD NE,122343467,24148117,T
P220026208,BIPD,2/23/2022 0:00,1304,7606,NE BERGMAN RD,121819344,25158250,FU
P220026236,BIPD,2/23/2022 0:00,1346,7906,GRAND AVE NE,122988946,23630547,PC4
P220026334,BIPD,2/23/2022 0:00,1653,284,BJUNE DR SE,122498454,23205904,FU
P220045893,BIPD,4/2/2022 0:00,1620,,STATE HWY 305 NE / WINSLOW WAY E,122597314,23245536,TRAFF3
P220046000,BIPD,4/2/2022 0:00,2001,,NE DAY RD E / NE YETI LN,122024833,25273329,CELL
P220045959,BIPD,4/2/2022 0:00,1842,9876,SPORTSMAN CLUB RD NE,122378091,24279855,WC4
P220046060,BIPD,4/2/2022 0:00,2246,9491,NE ERIC AVE,122430495,25046700,FU
P220046190,BIPD,4/3/2022 0:00,1102,10912,NE WARABI LN,122872396,22505495,ALRA
P220036350,BIPD,3/15/2022 0:00,0154,10967,ARROW POINT DR NE,121137244,24670844,PC4
P220036403,BIPD,3/15/2022 0:00,0655,,STATE HWY 305 NE / WINSLOW WAY E,122597314,23245536,T
P220036510,BIPD,3/15/2022 0:00,1030,,HALL BROTHERS LOOP NW / WINSLOW WAY W,122372752,23252134,T
P220036607,BIPD,3/15/2022 0:00,1345,712,VINEYARD LN,122586236,23431607,CELL
P220036664,BIPD,3/15/2022 0:00,1521,10579,NE MANOR LN,122803596,25582801,ALRA
P220036732,BIPD,3/15/2022 0:00,1709,8222,NE CARMELLA LN,121949194,23583297,THREA4
P220041879,BIPD,3/25/2022 0:00,1530,15385,SUNRISE DR NE,122752362,26083597,CIVIL4
P220041933,BIPD,3/25/2022 0:00,1728,,"XY(122644790,25045517)",122644790,25045517,CELL
P220041962,BIPD,3/25/2022 0:00,1836,6672,ARROW POINT DR NE,121451643,24662599,FOUND4
P220042051,BIPD,3/25/2022 0:00,2252,14163,KOMEDAL RD NE,121543593,25717651,NOISE4
P220042442,BIPD,3/26/2022 0:00,2201,,KNECHTEL WAY NE / WYATT WAY NE,122477698,23428493,CELL
P220042628,BIPD,3/27/2022 0:00,1224,702,ERICKSEN AVE NE,122530902,23446850,PC4
P220046300,BIPD,4/3/2022 0:00,1751,,NE DAY RD E / STATE HWY 305 NE,122023646,25247430,TRAFF3
P220046509,BIPD,4/4/2022 0:00,0646,8553,NE DAY RD E,122119094,25224300,ALRA
P220046525,BIPD,4/4/2022 0:00,0722,9723,COPPERTOP LOOP NE,122371704,24101208,ALRA
P220046628,BIPD,4/4/2022 0:00,1059,,NE DAY RD E / NE YETI LN,122024833,25273329,CELL
P220046937,BIPD,4/4/2022 0:00,2053,8627,SANDS AVE NE,121913561,23880151,PC4
P220026356,BIPD,2/23/2022 0:00,1729,215,ERICKSEN AVE NE,122526300,23284100,ASSIS3
P220026391,BIPD,2/23/2022 0:00,1853,12461,KALLGREN RD NE,122587645,25108350,SUSPI4
P220026939,BIPD,2/24/2022 0:00,2140,,BJUNE DR SE / MADISON AVE S,122427297,23224963,T
P220027003,BIPD,2/25/2022 0:00,0126,150,WINSLOW WAY E,122467800,23261300,PC4
P220027067,BIPD,2/25/2022 0:00,0811,13424,NORTH MADISON AVE NE,122500708,25446411,PC4
P220027063,BIPD,2/25/2022 0:00,0802,7772,NE WEST PORT MADISON RD,121902400,26093300,THEFT4
P220036762,BIPD,3/15/2022 0:00,1817,,NE LAFAYETTE AVE / WASHINGTON AVE NE,122397511,26111932,CELL
P220036923,BIPD,3/16/2022 0:00,0250,15347,SUQUAMISH WAY NE,121270125,26463609,ASSIS3
P220036972,BIPD,3/16/2022 0:00,0824,15798,STATE HWY 305 NE,121419100,26448500,MVC4
P220037037,BIPD,3/16/2022 0:00,1045,6700,NE BAYVIEW BLVD,121505746,24969910,SEXOF4
P220037062,BIPD,3/16/2022 0:00,1127,245,HIGH SCHOOL RD,122615196,23239672,FU
P220037199,BIPD,3/16/2022 0:00,1519,625,WINSLOW WAY E,122607645,23236096,FU
P220027086,BIPD,2/25/2022 0:00,0913,829,HIGH SCHOOL RD NE,122684100,23597800,WCB
P220027488,BIPD,2/25/2022 0:00,2127,,HIGH SCHOOL RD NW / SHANTI LN NE,122250969,23654504,RECKL4
P220027590,BIPD,2/26/2022 0:00,0350,,ROBINWOOD DR NE / WING POINT WAY NE,122738096,23374481,T
P220027642,BIPD,2/26/2022 0:00,0853,5253,NE FREY AVE,121020505,24825779,PC4
P220027715,BIPD,2/26/2022 0:00,1128,625,WINSLOW WAY E,122607645,23236096,WRT4
P220027727,BIPD,2/26/2022 0:00,1150,625,WINSLOW WAY E,122607645,23236096,MISC4
P220042976,BIPD,3/28/2022 0:00,0626,12709,NORTH MADISON AVE NE,122468509,25204396,PC4
P220043059,BIPD,3/28/2022 0:00,0957,625,WINSLOW WAY E,122607645,23236096,FI
P220043218,BIPD,3/28/2022 0:00,1513,,ERICKSEN AVE NE / MADRONE LN N,122486002,23251357,CELL
P220043219,BIPD,3/28/2022 0:00,1515,1315,WINTERGREEN LN NE,122603642,23680795,WC911
P220043223,BIPD,3/28/2022 0:00,1525,625,WINSLOW WAY EAST,122604388,23237025,SUSPI4
P220030415,BIPD,3/3/2022 0:00,1934,300,NE HIGH SCHOOL RD,122512693,23653235,DVB
P220030711,BIPD,3/4/2022 0:00,1206,130,WINSLOW WAY E,122438189,23249119,FU
P220030710,BIPD,3/4/2022 0:00,1203,309,SHANNON DR SE,122504121,23149189,FU
P220030831,BIPD,3/4/2022 0:00,1545,9613,NE EVERGREEN AVE,122361895,21560293,THEFT4
P220031123,BIPD,3/5/2022 0:00,0352,266,WINSLOW WAY E,122483818,23247783,PC4
P220031165,BIPD,3/5/2022 0:00,0820,,NE DAY RD E / STATE HWY 305 NE,122023646,25247430,T
P220037337,BIPD,3/16/2022 0:00,2001,9491,NE ERIC AVE,122430495,25046700,BEHAV3
P220037454,BIPD,3/17/2022 0:00,0222,1025,LOVELL AVE NW,122293395,23556947,ASSIS3
P220037642,BIPD,3/17/2022 0:00,1142,253,NE HIGH SCHOOL RD,122470095,23627397,PC4
P220037865,BIPD,3/17/2022 0:00,1854,,HIGH SCHOOL RD NE / STATE HWY 305 NE,122571327,23644516,TRAFF3
P220037894,BIPD,3/17/2022 0:00,2025,,MADISON AVE N / WYATT WAY NE,122430882,23382078,T
P220038137,BIPD,3/18/2022 0:00,1047,7666,NE HIGH SCHOOL RD,121753100,23764800,TRAFF3
P220027761,BIPD,2/26/2022 0:00,1256,625,WINSLOW WAY E,122607645,23236096,ASSIS3
P220027811,BIPD,2/26/2022 0:00,1500,187,ERICKSEN AVE NE,122512945,23274447,SUSPI4
P220027821,BIPD,2/26/2022 0:00,1526,930,MADISON AVE N,122447995,23567047,BURGL4
P220027794,BIPD,2/26/2022 0:00,1423,253,GROW AVE NW,122310545,23301247,DOAB
P220027973,BIPD,2/26/2022 0:00,2242,15412,SUNRISE DR NE,122752543,26089618,PC4
P220028033,BIPD,2/27/2022 0:00,0201,270,OLYMPIC DR SE,122674395,23183596,ALSP
P220031360,BIPD,3/5/2022 0:00,1518,,FLETCHER BAY RD NE / SPRINGRIDGE RD NE,121253332,23939337,T
P220031421,BIPD,3/5/2022 0:00,1718,4569,LYNWOOD CENTER RD NE,121750893,22509195,HARAS3
P220031457,BIPD,3/5/2022 0:00,1856,400,HARBORVIEW DR SE,122621345,23168346,WC3
P220031701,BIPD,3/6/2022 0:00,1005,,STATE HWY 305 NE / SUQUAMISH WAY NE,121273196,26526675,T
P220031720,BIPD,3/6/2022 0:00,1058,10230,NE COUNTRY CLUB RD,122504645,22157094,SUSPI4
P220031840,BIPD,3/6/2022 0:00,1605,9392,NE WARDWELL RD,122366785,24336578,MISC3
P220043282,BIPD,3/28/2022 0:00,1706,8357,NE HIDDEN COVE RD,122076244,25760452,FU
P220043332,BIPD,3/28/2022 0:00,1928,4569,LYNWOOD CENTER RD NE,121750893,22509195,PC4
P220043578,BIPD,3/29/2022 0:00,1002,9783,HILLTOP DR NE,122450234,21666195,PC4
P220043706,BIPD,3/29/2022 0:00,1349,8395,FLETCHER BAY RD NE,121404093,23823098,WC911
P220043914,BIPD,3/29/2022 0:00,2109,,NE DAY RD E / STATE HWY 305 NE,122023646,25247430,T
P220044043,BIPD,3/30/2022 0:00,0752,,NE BUCKLIN HILL RD / FLETCHER BAY RD NE,121727008,23138339,T
P220038157,BIPD,3/18/2022 0:00,1132,625,WINSLOW WAY E,122607645,23236096,MISC5
P220038531,BIPD,3/19/2022 0:00,0111,,CURTIS LOOP NE / FERNCLIFF AVE NE,122694524,23404443,BEHAV2
P220038858,BIPD,3/19/2022 0:00,1932,,NE KOURA RD / STATE HWY 305 NE,122310462,24709752,T
P220038923,BIPD,3/19/2022 0:00,2233,,NE KOURA RD / STATE HWY 305 NE,122310462,24709752,T
P220038994,BIPD,3/20/2022 0:00,0244,,BIRKLAND RD NE / BLAKELY AVE NE,122108386,22332106,FI
P220028320,BIPD,2/27/2022 0:00,1916,,VINEYARD LN / WINSLOW WAY E,122606211,23254200,CELL
P220028549,BIPD,2/28/2022 0:00,1015,215,ERICKSEN AVE NE,122526300,23284100,ASSIS4
P220028668,BIPD,2/28/2022 0:00,1422,625,WINSLOW WAY E,122607645,23236096,FOUND5
P220028683,BIPD,2/28/2022 0:00,1448,,NE EVERGREEN AVE / HILLTOP DR NE,122420972,21588685,CELL
P220028703,BIPD,2/28/2022 0:00,1534,,NE DAY RD E / STATE HWY 305 NE,122023646,25247430,DUI3
P220028710,BIPD,2/28/2022 0:00,1544,309,SHANNON DR SE,122504121,23149189,FU
P220031878,BIPD,3/6/2022 0:00,1717,370,ROOT PATH NW,122348797,23381698,DV1
P220031998,BIPD,3/6/2022 0:00,2310,10941,FOREST LN NE,121982194,24631799,CIVIL4
P220032255,BIPD,3/7/2022 0:00,1300,1200,HILDEBRAND LN NE,122551345,23614747,ASSIS4
P220032335,BIPD,3/7/2022 0:00,1521,14012,SUNRISE DR NE,122755045,25629601,FRAUD4
P220032350,BIPD,3/7/2022 0:00,1544,,NE MORGAN RD / STATE HWY 305 NE,122252945,24842500,TRAFF3
P220032720,BIPD,3/8/2022 0:00,0856,,NE EAGLE HARBOR DR / ROSE LOOP NE,122288398,22858522,RECKL4
P220044123,BIPD,3/30/2022 0:00,1039,2624,FORT WARD HILL RD NE,122359725,21875378,PC4
P220044356,BIPD,3/30/2022 0:00,1819,,DEAD END / WINSLOW WAY E,122569794,23259374,CELL
P220044362,BIPD,3/30/2022 0:00,1825,500,WINSLOW WAY E,122577895,23251797,CIVIL4
P220044560,BIPD,3/31/2022 0:00,0756,,HIGH SCHOOL RD NE / TORMEY LN NE,122527180,23633916,CELL
P220044769,BIPD,3/31/2022 0:00,1421,,BIRKLAND RD NE / WEST BLAKELY AVE NE,122064116,22363465,CELL
P220044914,BIPD,3/31/2022 0:00,1914,9474,GREEN SPOT PL NE,122621459,24126616,CHILD4
P220039146,BIPD,3/20/2022 0:00,1239,301,SHANNON DR SE,122531725,23167210,ASSIS4
P220039349,BIPD,3/20/2022 0:00,2114,1847,FORT WARD HILL RD NE,122355871,21617352,PC4
P220039460,BIPD,3/21/2022 0:00,0612,12781,NORTH MADISON AVE NE,122441645,25215900,PC4
P220039594,BIPD,3/21/2022 0:00,1112,,HIGH SCHOOL RD NE / STATE HWY 305 NE,122571327,23644516,TRAFF3
P220039607,BIPD,3/21/2022 0:00,1140,9432,HOLLY FARM LN NE,121636393,24111198,CIVIL4
P220039666,BIPD,3/21/2022 0:00,1333,8356,NE DAY RD E,122048194,25260151,THEFT4
P220028511,BIPD,2/28/2022 0:00,0901,9330,NE HIGH SCHOOL RD,122364045,23666097,FU
P220028758,BIPD,2/28/2022 0:00,1725,,(UNKNOWN),0,0,TESTP
P220028778,BIPD,2/28/2022 0:00,1824,10941,FOREST LN NE,121982194,24631799,ALRA
P220028749,BIPD,2/28/2022 0:00,1713,271,WINSLOW WAY E,122484900,23247700,FU
P220028818,BIPD,2/28/2022 0:00,2008,,BJUNE DR SE / BRIEN DR SE,122538699,23210579,FI
P220028820,BIPD,2/28/2022 0:00,2011,262,WINSLOW WAY E,122482463,23247821,PROWL2
P220044925,BIPD,3/31/2022 0:00,1943,309,SHANNON DR SE,122504121,23149189,PC4
P220045103,BIPD,4/1/2022 0:00,0644,,BJUNE DR SE / BJUNE DR SE,122482723,23198525,WRT3
P220045245,BIPD,4/1/2022 0:00,1141,,ERICKSEN AVE NE / MADRONE LN N,122483874,23251038,CELL
P220045770,BIPD,4/2/2022 0:00,1108,,VINEYARD LN / WINSLOW WAY E,122604664,23256788,CELL
P220045813,BIPD,4/2/2022 0:00,1313,,NE DAY RD E / PHELPS RD NE,122035264,25246820,T
P220032993,BIPD,3/8/2022 0:00,1537,625,WINSLOW WAY E,122607645,23236096,FRAUD4
P220033075,BIPD,3/8/2022 0:00,1831,8632,POTLATCH AVE NE,121229992,23900098,CUSTO3
P220033083,BIPD,3/8/2022 0:00,1903,,BLAKELY AVE NE / NE OLD MILL RD,121925983,23093545,T
P220033304,BIPD,3/9/2022 0:00,0750,250,CAMELIA LOOP NE,122478245,23588597,FU
P220033545,BIPD,3/9/2022 0:00,1453,,NE DAY RD W / MILLER RD NE,121978601,25249261,T
P220033661,BIPD,3/9/2022 0:00,1841,7433,NE ABIES DR,121742343,24776650,FOUND4
P220039704,BIPD,3/21/2022 0:00,1455,10529,SEACOVE LN NE,122743295,24480649,FRAUD4
P220039835,BIPD,3/21/2022 0:00,1819,,COMMODORE LN NW / JEANETTE PL NW,122279364,23768786,RECKL3
P220039919,BIPD,3/21/2022 0:00,2112,270,OLYMPIC DR SE,122674395,23183596,ASSIS3
P220039942,BIPD,3/21/2022 0:00,2152,15413,SUNRISE DR NE,122752539,26089618,PC4
P220040095,BIPD,3/22/2022 0:00,0826,2580,FORT WARD HILL RD NE,122359381,21860911,PC4
P220040123,BIPD,3/22/2022 0:00,0914,,NE HIGH SCHOOL RD / WEAVER RD NW,122172769,23657328,T
P220045858,BIPD,4/2/2022 0:00,1508,1344,WINTERGREEN LN NE,122621704,23727339,WC911
P220046068,BIPD,4/2/2022 0:00,2320,,STATE HWY 305 NE / WINSLOW WAY E,122597314,23245536,MVC4
P220046468,BIPD,4/4/2022 0:00,0234,9953,NE SOUTH BEACH DR,122426945,21408793,ALRA
P220046593,BIPD,4/4/2022 0:00,1009,260,OLYMPIC DR SE,122654095,23198096,FU
P220046634,BIPD,4/4/2022 0:00,1110,,VINEYARD LN / WINSLOW WAY E,122604664,23256788,CELL
P220046660,BIPD,4/4/2022 0:00,1140,625,WINSLOW WAY E,122607645,23236096,FI
P220029314,BIPD,3/1/2022 0:00,1658,,"XY(121950281,23223397)",121950281,23223397,CELL
P220029357,BIPD,3/1/2022 0:00,1839,301,HIGH SCHOOL RD NE,122491500,23645900,FI
P220029533,BIPD,3/2/2022 0:00,0737,,VINEYARD LN / WINSLOW WAY E,122597697,23301452,CELL
P220029572,BIPD,3/2/2022 0:00,0924,8555,MADISON AVE N,122413545,23788748,FU
P220029711,BIPD,3/2/2022 0:00,1403,,NE MANUAL RD / NE SEABOLD CHURCH RD,121695353,25718857,CELL
P220029823,BIPD,3/2/2022 0:00,1750,7215,NE DOLPHIN DR,121760344,26291603,THREA4
P220033865,BIPD,3/10/2022 0:00,0812,10541,NORTH MADISON AVE NE,122426145,24469699,FU
P220034177,BIPD,3/10/2022 0:00,1259,,NE KOURA RD / STATE HWY 305 NE,122310462,24709752,FI
P220034329,BIPD,3/10/2022 0:00,1809,,"XY(122317550,23822767)",122317550,23822767,CELL
P220034456,BIPD,3/11/2022 0:00,0243,245,HIGH SCHOOL RD NW,122404295,23635147,BEHAV3
P220034466,BIPD,3/11/2022 0:00,0355,245,HIGH SCHOOL RD NW,122404295,23635147,DVB
P220034476,BIPD,3/11/2022 0:00,0504,245,HIGH SCHOOL,120325784,26484857,TRANS
P220040235,BIPD,3/22/2022 0:00,1223,4768,NE EAGLE HARBOR DR,122509370,22853700,FU
P220040253,BIPD,3/22/2022 0:00,1305,625,WINSLOW WAY E,122607645,23236096,PC5
P220040300,BIPD,3/22/2022 0:00,1438,600,ERICKSEN AVE NE,122551995,23408297,FU
P220040899,BIPD,3/23/2022 0:00,1546,,MADISON AVE S / WINSLOW WAY E,122427905,23249436,RECKL3
P220041067,BIPD,3/23/2022 0:00,2345,,"XY(122469651,23036451)",122469651,23036451,DV2
P220046672,BIPD,4/4/2022 0:00,1218,8040,NE DAY RD W,121947794,25271751,UNWAN3
P220046821,BIPD,4/4/2022 0:00,1607,,HIGH SCHOOL RD NE / STATE HWY 305 NE,122571327,23644516,T
P220046982,BIPD,4/4/2022 0:00,2302,3988,ROCKAWAY BEACH RD NE,122959046,22275545,DV3
P220046981,BIPD,4/4/2022 0:00,2256,11212,PARKHILL PL NE,122541291,24707704,DV3
P220029868,BIPD,3/2/2022 0:00,1934,,DEAD END / NORTH MADISON AVE NE,122426203,24843066,CELL
P220030031,BIPD,3/3/2022 0:00,0800,15798,STATE HWY 305 NE,121419100,26448500,RECKL3
P220030049,BIPD,3/3/2022 0:00,0843,9812,NE RADIO SCHOOL RD,122471995,21783594,FU
P220030089,BIPD,3/3/2022 0:00,1013,309,SHANNON DR SE,122504121,23149189,PC4
P220030087,BIPD,3/3/2022 0:00,1012,1347,AARON AVE,122838246,23650647,FU
P220030545,BIPD,3/4/2022 0:00,0159,300,NE HIGH SCHOOL RD,122512693,23653235,TRANS
P220034610,BIPD,3/11/2022 0:00,1205,,AGATEWOOD RD NE / STATE HWY 305 NE,121562268,26138373,WC3
P220034668,BIPD,3/11/2022 0:00,1401,,"XY(122322243,23819745)",122322243,23819745,CELL
P220034846,BIPD,3/11/2022 0:00,2023,15446,SUNRISE DR NE,122763796,26092302,NOISE4
P220034893,BIPD,3/11/2022 0:00,2214,2229,FORT WARD HILL RD NE,122295600,21751400,PC4
P220034993,BIPD,3/12/2022 0:00,0748,,"XY(121521318,22409114)",121521318,22409114,CELL
P220035122,BIPD,3/12/2022 0:00,1444,13545,PHELPS RD NE,122275045,25679301,T
P220041132,BIPD,3/24/2022 0:00,0550,390,WINSLOW WAY E,122521349,23253317,ALRA
P220041348,BIPD,3/24/2022 0:00,1344,625,WINSLOW WAY E,122607645,23236096,MVC3
P220041506,BIPD,3/24/2022 0:00,1909,,NE HIDDEN COVE RD / STATE HWY 305 NE,121741380,25661177,DUI3
P220041574,BIPD,3/24/2022 0:00,2225,,MADISON AVE N / STATE HWY 305 NE,122472788,23963126,T
P220041575,BIPD,3/24/2022 0:00,2228,,"XY(121839783,22585894)",121839783,22585894,CELL
P220041695,BIPD,3/25/2022 0:00,0913,245,HIGH SCHOOL RD NW,122404295,23635147,ASSIS4
P220030815,BIPD,3/4/2022 0:00,1518,,"XY(121453984,24197333)",121453984,24197333,CELL
P220030865,BIPD,3/4/2022 0:00,1627,,CAVE AVE NE / WINSLOW WAY E,122622551,23244774,ASSIS3
P220030996,BIPD,3/4/2022 0:00,2132,,NE KOURA RD / STATE HWY 305 NE,122310462,24709752,FU
P220031014,BIPD,3/4/2022 0:00,2225,,"XY(121098149,23902159)",121098149,23902159,CELL
P220031179,BIPD,3/5/2022 0:00,0905,,GROW AVE NW / WALLACE WAY NW,122335104,23518141,T
P220031353,BIPD,3/5/2022 0:00,1505,13200,PHELPS RD NE,122094471,25369805,NOISE4
P220041771,BIPD,3/25/2022 0:00,1219,1344,WINTERGREEN LN NE,122621704,23727339,WC911
P220041805,BIPD,3/25/2022 0:00,1322,625,WINSLOW WAY E,122607645,23236096,FI
P220041940,BIPD,3/25/2022 0:00,1743,224,GROW AVE NW,122331473,23297163,VERBA4
P220042003,BIPD,3/25/2022 0:00,2020,,"XY(121159430,24576128)",121159430,24576128,CELL
P220042119,BIPD,3/26/2022 0:00,0442,,"XY(121839783,22585894)",121839783,22585894,CELL
P220042144,BIPD,3/26/2022 0:00,0700,4759,LYNWOOD CENTER RD NE,121754143,22568645,FU
P220031485,BIPD,3/5/2022 0:00,1949,,NE KOURA RD / MILLER RD NE,121576649,24728845,DUI3
P220031484,BIPD,3/5/2022 0:00,1944,,NE DAY RD E / STATE HWY 305 NE,122023646,25247430,DUI3
P220031659,BIPD,3/6/2022 0:00,0650,9635,NE KITSAP ST,122366383,21866831,PC4
P220031846,BIPD,3/6/2022 0:00,1616,370,ROOT PATH NW,122348797,23381698,MISC3
P220031861,BIPD,3/6/2022 0:00,1703,,NE HIDDEN COVE RD / STATE HWY 305 NE,121741380,25661177,T
P220035112,BIPD,3/12/2022 0:00,1426,363,AMBROSE LN NW,122398129,23340440,BURGL4
P220035130,BIPD,3/12/2022 0:00,1508,,SPORTSMAN CLUB RD NE / STATE HWY 305 NE,122395381,24298435,TRAFF3
P220035139,BIPD,3/12/2022 0:00,1523,270,OLYMPIC DR SE,122674395,23183596,TRAFF3
P220035177,BIPD,3/12/2022 0:00,1629,403,MADISON AVE S,122421245,23156246,UNWAN3
P220035661,BIPD,3/13/2022 0:00,1855,,NE BUSINESS PARK LN / SPORTSMAN CLUB RD NE,122322363,24094833,T
P220035685,BIPD,3/13/2022 0:00,1958,829,HIGH SCHOOL RD NE,122684100,23597800,MISSI4
P220042350,BIPD,3/26/2022 0:00,1703,5300,ROCKAWAY BEACH RD NE,122979089,22736898,WC3
P220042565,BIPD,3/27/2022 0:00,0900,1090,WEAVER RD NW,122171633,23590818,PC4
P220042711,BIPD,3/27/2022 0:00,1543,,HIGH SCHOOL RD NE / STATE HWY 305 NE,122571327,23644516,TRAFF3
P220042721,BIPD,3/27/2022 0:00,1558,,STATE HWY 305 NE / NE WEST PORT MADISON RD,121590942,26041592,TRAFF3
P220042875,BIPD,3/27/2022 0:00,2132,,"XY(121660855,24553542)",121660855,24553542,CELL
P220042866,BIPD,3/27/2022 0:00,2117,11299,ARROW POINT DR NE,121095342,24676599,PC4
P220032134,BIPD,3/7/2022 0:00,0920,10000,NE KITSAP ST,122493095,21852744,SUSPI3
P220032569,BIPD,3/7/2022 0:00,2244,16285,STATE HWY 305 NE,120963992,26314403,T
P220032686,BIPD,3/8/2022 0:00,0727,625,WINSLOW WAY E,122607645,23236096,WC911
P220032776,BIPD,3/8/2022 0:00,1021,661,WINSLOW WAY W,122257174,23251014,UNKNO4
P220032940,BIPD,3/8/2022 0:00,1425,6418,NE AGATE BEACH LN,121494693,26238502,ASSIS4
P220032981,BIPD,3/8/2022 0:00,1522,6570,ISLAND CENTER RD NE,121505164,23256785,FU
P220035781,BIPD,3/13/2022 0:00,2357,12731,NORTH MADISON AVE NE,122468641,25210850,PC4
P220035856,BIPD,3/14/2022 0:00,0538,270,OLYMPIC DR SE,122674395,23183596,INFOP4
P220036156,BIPD,3/14/2022 0:00,1658,301,HIGH SCHOOL RD NE,122491500,23645900,WC3
P220036310,BIPD,3/14/2022 0:00,2312,,"XY(121453860,24615463)",121453860,24615463,CELL
P220036327,BIPD,3/15/2022 0:00,0008,13817,SUNRISE DR NE,122740584,25563048,PC4
P220036340,BIPD,3/15/2022 0:00,0110,1560,MADISON AVE N,122513295,23720447,PC4
P220033003,BIPD,3/8/2022 0:00,1607,,NE ADAS WILL LN / STATE HWY 305 NE,121519141,26215475,MVCG
P220033027,BIPD,3/8/2022 0:00,1656,10598,NE BYRON DR,122763246,23716397,FRAUD4
P220033171,BIPD,3/8/2022 0:00,2314,253,NE HIGH SCHOOL RD,122470095,23627397,ASSIS3
P220033435,BIPD,3/9/2022 0:00,1138,635,HIGH SCHOOL RD NE,122615945,23616547,FU
P220033614,BIPD,3/9/2022 0:00,1656,,BRIEN DR SE / BRIEN DR SE,122495740,23212834,CELL
P220033613,BIPD,3/9/2022 0:00,1652,11684,SUNRISE DR NE,122743995,24868300,CIVIL4
P220042890,BIPD,3/27/2022 0:00,2212,14661,STATE HWY 305 NE,121642845,25863699,T
P220043158,BIPD,3/28/2022 0:00,1319,625,WINSLOW WAY E,122607645,23236096,FOUND4
P220043238,BIPD,3/28/2022 0:00,1542,13921,PHELPS RD NE,122283400,25662840,FI
P220043236,BIPD,3/28/2022 0:00,1541,190,HARBOR SQUARE LOOP NE,122663913,23268944,CHILD4
P220043350,BIPD,3/28/2022 0:00,2013,9681,OLYMPUS BEACH RD NE,120927873,24239245,DOAB
P220033660,BIPD,3/9/2022 0:00,1840,661,WINSLOW WAY W,122257174,23251014,BEHAV4
P220033686,BIPD,3/9/2022 0:00,1950,,BLAKELY AVE NE / NE COUNTRY CLUB RD,122421748,22250674,FI
P220033707,BIPD,3/9/2022 0:00,2054,,MADISON AVE N / STATE HWY 305 NE,122472788,23963126,T
P220033795,BIPD,3/10/2022 0:00,0253,10541,NORTH MADISON AVE NE,122426145,24469699,DV2
P220033860,BIPD,3/10/2022 0:00,0801,16550,AGATE POINT RD NE,121921794,26471903,BURGL4
P220034121,BIPD,3/10/2022 0:00,1108,829,HIGH SCHOOL RD NE,122684100,23597800,WC4
P220043390,BIPD,3/28/2022 0:00,2134,1050,HILDEBRAND LN NE,122545395,23588397,PC4
P220043534,BIPD,3/29/2022 0:00,0836,9767,HILLTOP DR NE,122454795,21657493,MALIC4
P220043608,BIPD,3/29/2022 0:00,1054,323,HIGH SCHOOL RD NE,122518200,23634300,UNWAN3
P220043647,BIPD,3/29/2022 0:00,1151,299,SHANNON DR SE,122508700,23164500,ANIMA3
P220043787,BIPD,3/29/2022 0:00,1647,,NE DAY RD E / STATE HWY 305 NE,122023646,25247430,RECKL3
P220043866,BIPD,3/29/2022 0:00,1941,8072,NE DAY RD W,121966729,25249731,PC4
P220034161,BIPD,3/10/2022 0:00,1232,301,HIGH SCHOOL RD NE,122491500,23645900,UNWAN3
P220034217,BIPD,3/10/2022 0:00,1357,625,WINSLOW WAY E,122607645,23236096,FI
P220034268,BIPD,3/10/2022 0:00,1542,136,SADIE LN NW,122405341,23469741,UNKNO3
P220034348,BIPD,3/10/2022 0:00,1919,124,WINSLOW WAY W,122409841,23270181,MISSI4
P220034619,BIPD,3/11/2022 0:00,1222,625,WINSLOW WAY E,122607645,23236096,ASSIS5
P220034802,BIPD,3/11/2022 0:00,1812,270,OLYMPIC DR SE,122674395,23183596,MVC4
P220036513,BIPD,3/15/2022 0:00,1031,829,NE HIGH SCHOOL RD,122683295,23596597,FU
P220036553,BIPD,3/15/2022 0:00,1148,,"XY(122609990,23137000)",122609990,23137000,CELL
P220036584,BIPD,3/15/2022 0:00,1254,,NE DAY RD W / ZANSHIN LN NE,121876880,25252390,WCB
P220036707,BIPD,3/15/2022 0:00,1621,,DEAD END / HIGH SCHOOL RD NE,122842366,23575965,CELL
P220036814,BIPD,3/15/2022 0:00,2036,8331,NE KOURA RD,122021694,24711149,CELL
P220036925,BIPD,3/16/2022 0:00,0303,,ERICKSEN AVE NE / MADRONE LN N,122480271,23255496,CELL
P220043921,BIPD,3/29/2022 0:00,2131,10941,FOREST LN NE,121982194,24631799,VERBA4
P220043931,BIPD,3/29/2022 0:00,2205,4611,NE WOODSON LN,121774269,22508503,ASSIS3
P220043998,BIPD,3/30/2022 0:00,0403,4569,LYNWOOD CENTER RD NE,121750893,22509195,PC4
P220044149,BIPD,3/30/2022 0:00,1122,747,HANAMI LN NE,122658636,23296711,THREA4
P220044243,BIPD,3/30/2022 0:00,1405,9330,NE HIGH SCHOOL RD,122364045,23666097,HARAS4
P220044246,BIPD,3/30/2022 0:00,1415,747,HANAMI LN NE,122658636,23296711,MISC4
P220035038,BIPD,3/12/2022 0:00,1034,4407,POINT WHITE DR NE,121555243,22499645,DV2
P220035012,BIPD,3/12/2022 0:00,0936,,NE HIDDEN COVE RD / SPARGUR LOOP RD NE,122214121,25764760,MVCB
P220035111,BIPD,3/12/2022 0:00,1423,835,MADISON AVE N,122415345,23498497,THEFT4
P220035116,BIPD,3/12/2022 0:00,1432,,NE KOURA RD / STATE HWY 305 NE,122310462,24709752,T
P220035157,BIPD,3/12/2022 0:00,1547,,STATE HWY 305 NE / WINSLOW WAY E,122597314,23245536,TRAFF3
P220037554,BIPD,3/17/2022 0:00,0903,6969,NE BERGMAN RD,121575243,25032300,ASSIS4
P220038116,BIPD,3/18/2022 0:00,1018,,"XY(122322243,23819745)",122322243,23819745,CELL
P220038117,BIPD,3/18/2022 0:00,1020,12193,NE COUNTRY CLUB RD,123231344,21824802,WC3
P220038175,BIPD,3/18/2022 0:00,1204,,NE SEABOLD CHURCH RD / STATE HWY 305 NE,121629175,25910575,RECKL3
P220038759,BIPD,3/19/2022 0:00,1535,6037,NE WHALE DANCER CT,121376443,26817454,ASSIS3
P220038982,BIPD,3/20/2022 0:00,0152,625,WINSLOW WAY E,122607645,23236096,PC4
P220044347,BIPD,3/30/2022 0:00,1759,635,HIGH SCHOOL RD NE,122615945,23616547,SUSPI3
P220044368,BIPD,3/30/2022 0:00,1846,12221,SUNRISE DR NE,122720095,25029150,ALSP
P220044578,BIPD,3/31/2022 0:00,0824,2412,SOUNDVIEW DR NE,122367995,21797944,FU
P220044593,BIPD,3/31/2022 0:00,0845,635,WINSLOW WAY E,122606108,23245268,MISC3
P220044764,BIPD,3/31/2022 0:00,1418,12781,NORTH MADISON AVE NE,122441645,25215900,TRAFF4
P220044776,BIPD,3/31/2022 0:00,1429,625,WINSLOW WAY E,122607645,23236096,FU
P220035272,BIPD,3/12/2022 0:00,2005,,NE BECK RD / POINT WHITE DR NE,121771350,22508973,CELL
P220035580,BIPD,3/13/2022 0:00,1555,625,WINSLOW WAY E,122607645,23236096,FOUND4
P220035605,BIPD,3/13/2022 0:00,1641,10340,NORTH MADISON AVE NE,122452400,24418800,THEFT4
P220035640,BIPD,3/13/2022 0:00,1758,,NE BAY HILL RD / MILLER RD NE,121654047,24856881,T
P220035651,BIPD,3/13/2022 0:00,1829,,NE KOURA RD / STATE HWY 305 NE,122310462,24709752,T
P220035673,BIPD,3/13/2022 0:00,1931,8641,SANDS AVE NE,121875894,23848148,PC4
P220039027,BIPD,3/20/2022 0:00,0614,,STATE HWY 305 NE / SUQUAMISH WAY NE,121273196,26526675,T
P220039056,BIPD,3/20/2022 0:00,0837,,NORTH MADISON AVE NE / STATE HWY 305 NE,122395381,24298435,RECKL3
P220039103,BIPD,3/20/2022 0:00,1051,625,WINSLOW WAY E,122607645,23236096,TESTP
P220039216,BIPD,3/20/2022 0:00,1539,,STATE HWY 305 NE / WINSLOW WAY E,122597314,23245536,T
P220039286,BIPD,3/20/2022 0:00,1813,8401,NE QUAIL HILL RD,122053294,23763398,DOAB
P220039366,BIPD,3/20/2022 0:00,2141,8553,SANDS AVE NE,121912804,23853535,PC4
P220044880,BIPD,3/31/2022 0:00,1803,,STATE HWY 305 NE / NE TOTTEN RD,120519834,26293106,T
P220045050,BIPD,4/1/2022 0:00,0156,406,HIGH SCHOOL RD NE,122511561,23639907,PC4
P220045062,BIPD,4/1/2022 0:00,0232,15233,ALMA PL NE,121566201,26055630,FI
P220045384,BIPD,4/1/2022 0:00,1533,,WEAVER RD NW / WYATT WAY NW,122168200,23391392,RECKL3
P220045426,BIPD,4/1/2022 0:00,1651,1344,WINTERGREEN LN NE,122621704,23727339,ASSIS3
P220045689,BIPD,4/2/2022 0:00,0741,,"XY(122415295,23502467)",122415295,23502467,CELL
P220035674,BIPD,3/13/2022 0:00,1931,4407,POINT WHITE DR NE,121555243,22499645,FU
P220035712,BIPD,3/13/2022 0:00,2108,,NE DAY RD E / STATE HWY 305 NE,122023646,25247430,ASSIS3
P220035748,BIPD,3/13/2022 0:00,2217,5905,ROSE LOOP NE,122343895,22974396,ALRA
P220035905,BIPD,3/14/2022 0:00,0832,190,HARBOR SQUARE LOOP NE,122663913,23268944,DV2
P220036005,BIPD,3/14/2022 0:00,1216,4790,NE EAGLE HARBOR DR,122519095,22860596,CIVIL4
P220045869,BIPD,4/2/2022 0:00,1530,301,HIGH SCHOOL RD NE,122491500,23645900,WCG
P220045937,BIPD,4/2/2022 0:00,1758,930,MADISON AVE N,122447995,23567047,SUICI3
P220045874,BIPD,4/2/2022 0:00,1539,9491,NE ERIC AVE,122430495,25046700,DVB
P220045963,BIPD,4/2/2022 0:00,1853,220,PARFITT WAY SW,122383545,23192946,DV4
P220046008,BIPD,4/2/2022 0:00,2018,400,HARBORVIEW DR SE,122621345,23168346,BURGL4
P220046074,BIPD,4/2/2022 0:00,2341,625,WINSLOW WAY E,122607645,23236096,T
P220036039,BIPD,3/14/2022 0:00,1358,,"XY(122322243,23819745)",122322243,23819745,CELL
P220036148,BIPD,3/14/2022 0:00,1650,,NE KITSAP ST / SOUNDVIEW DR NE,122419294,21865692,SUSPI3
P220036216,BIPD,3/14/2022 0:00,1917,829,NE HIGH SCHOOL RD,122683295,23596597,BEHAV3
P220036238,BIPD,3/14/2022 0:00,2007,4407,POINT WHITE DR NE,121555243,22499645,DV4
P220036334,BIPD,3/15/2022 0:00,0039,282,KNECHTEL WAY NE,122487800,23447100,SUSPI3
P220036759,BIPD,3/15/2022 0:00,1808,215,ERICKSEN AVE NE,122526300,23284100,HARAS3
P220039398,BIPD,3/20/2022 0:00,2323,15446,SUNRISE DR NE,122763796,26092302,PC4
P220039441,BIPD,3/21/2022 0:00,0305,9000,MILLER RD NE,121360893,24052748,PC4
P220039443,BIPD,3/21/2022 0:00,0323,11299,ARROW POINT DR NE,121095342,24676599,PC4
P220039620,BIPD,3/21/2022 0:00,1205,9420,GREEN SPOT PL NE,122664545,24110248,PC4
P220040005,BIPD,3/22/2022 0:00,0233,8553,SANDS AVE NE,121912804,23853535,PC4
P220040084,BIPD,3/22/2022 0:00,0752,10883,ARROW POINT DR NE,121137071,24661996,PC4
P220036822,BIPD,3/15/2022 0:00,2051,190,HARBOR SQUARE LOOP NE,122663913,23268944,FRAUD4
P220036843,BIPD,3/15/2022 0:00,2151,15250,ALMA PL NE,121575347,26059010,FI
P220036924,BIPD,3/16/2022 0:00,0259,6819,NE SEABOLD RD,121564800,26043100,FI
P220037056,BIPD,3/16/2022 0:00,1113,,BIRKLAND RD NE / WEST BLAKELY AVE NE,122064116,22363465,CELL
P220037630,BIPD,3/17/2022 0:00,1119,625,WINSLOW WAY E,122607645,23236096,FU
P220037726,BIPD,3/17/2022 0:00,1406,270,OLYMPIC DR SE,122674395,23183596,SUSPI4
P220046144,BIPD,4/3/2022 0:00,0711,363,TORMEY LN NE,122526987,23586074,FU
P220046166,BIPD,4/3/2022 0:00,0906,10861,NE MANITOU PARK BLVD,122933146,24590799,DOAB
P220046301,BIPD,4/3/2022 0:00,1755,12221,SUNRISE DR NE,122720095,25029150,CPR
P220046499,BIPD,4/4/2022 0:00,0558,16471,STATE HWY 305 NE,120415291,26377703,T
P220046559,BIPD,4/4/2022 0:00,0915,,NE DAY RD E / STATE HWY 305 NE,122023646,25247430,TRAFF3
P220046549,BIPD,4/4/2022 0:00,0857,146,SADIE LN NW,122415046,23462062,BEHAVB
P220040127,BIPD,3/22/2022 0:00,0918,3973,CRYSTAL SPRINGS DR NE,121038555,22367902,PC4
P220040190,BIPD,3/22/2022 0:00,1058,680,NE ERICKSON LN,119539366,29178253,FI
P220040247,BIPD,3/22/2022 0:00,1253,9330,NE HIGH SCHOOL RD,122364045,23666097,THREA4
P220040266,BIPD,3/22/2022 0:00,1338,625,WINSLOW WAY E,122607645,23236096,ASSIS3
P220040293,BIPD,3/22/2022 0:00,1424,7070,NE EAGLE HARBOR DR,121972244,23357297,MVCG
P220038163,BIPD,3/18/2022 0:00,1140,10861,NE MANITOU PARK BLVD,122933146,24590799,FU
P220038215,BIPD,3/18/2022 0:00,1321,1344,WINTERGREEN LN NE,122621704,23727339,THEFT4
P220038214,BIPD,3/18/2022 0:00,1319,13797,SILVEN AVE NE,121407543,25590651,FRAUD4
P220038290,BIPD,3/18/2022 0:00,1557,323,NE HIGH SCHOOL RD,122517845,23636247,UNWAN3
P220038388,BIPD,3/18/2022 0:00,1852,8040,NE DAY RD W,121947794,25271751,PC4
P220038403,BIPD,3/18/2022 0:00,1935,406,HIGH SCHOOL RD NE,122537800,23644900,DUI3
P220046682,BIPD,4/4/2022 0:00,1241,7571,NE DOLPHIN DR,121805400,26281400,FOUND4
P220046709,BIPD,4/4/2022 0:00,1318,360,TORMEY LN NE,122527299,23595657,FU
P220046954,BIPD,4/4/2022 0:00,2144,,FLETCHER BAY RD NE / NE NEW BROOKLYN RD,121365993,23936591,T
P220040368,BIPD,3/22/2022 0:00,1640,,NE DAY RD E / NE YETI LN,122025375,25273317,CELL
P220040370,BIPD,3/22/2022 0:00,1642,,NE HIDDEN COVE RD / STATE HWY 305 NE,121741380,25661177,RECKL3
P220040773,BIPD,3/23/2022 0:00,1144,10390,NE WIGGINS RD,122695995,22642145,MISC5
P220040917,BIPD,3/23/2022 0:00,1622,15798,STATE HWY 305 NE,121419100,26448500,TRAFF3
P220040868,BIPD,3/23/2022 0:00,1451,9073,SPORTSMAN CLUB RD NE,122290312,24014287,INTOXA
P220041048,BIPD,3/23/2022 0:00,2221,1800,NW MYHRE RD,118654415,24481130,INFOP4
P220038604,BIPD,3/19/2022 0:00,0834,,NE DAY RD E / PHELPS RD NE,122035264,25246820,FI
P220038663,BIPD,3/19/2022 0:00,1127,,STATE HWY 305 NE / WINSLOW WAY E,122597314,23245536,MVC4
P220038729,BIPD,3/19/2022 0:00,1435,,SPORTSMAN CLUB RD NE / STATE HWY 305 NE,122395381,24298435,T
P220038921,BIPD,3/19/2022 0:00,2229,15250,ALMA PL NE,121575347,26059010,PC3
P220038991,BIPD,3/20/2022 0:00,0213,8547,SANDS AVE NE,121912742,23851377,PC4
P220039021,BIPD,3/20/2022 0:00,0437,9401,NE BUSINESS PARK LN,122325614,24094644,PC4
P220041163,BIPD,3/24/2022 0:00,0740,12082,SUNRISE DR NE,122733245,24982600,CIVIL4
P220041253,BIPD,3/24/2022 0:00,1043,9330,NE HIGH SCHOOL RD,122364045,23666097,ASSIS5
P220041295,BIPD,3/24/2022 0:00,1203,,AGATEWOOD RD NE / STATE HWY 305 NE,121562268,26138373,RECKL2
P220041333,BIPD,3/24/2022 0:00,1316,625,WINSLOW WAY E,122607645,23236096,FU
P220041389,BIPD,3/24/2022 0:00,1504,,NE DAY RD E / STATE HWY 305 NE,122023646,25247430,DUI3
P220041492,BIPD,3/24/2022 0:00,1837,617,HIGH SCHOOL RD NE,122587345,23608597,MALIC4
P220039040,BIPD,3/20/2022 0:00,0747,,SADIE LN NW / WALLACE WAY NE,122427518,23480672,CELL
P220039099,BIPD,3/20/2022 0:00,1042,,MADISON AVE N / WYATT WAY NE,122430882,23382078,LOSTP4
P220039105,BIPD,3/20/2022 0:00,1052,625,WINSLOW WAY E,122607645,23236096,TESTP
P220039110,BIPD,3/20/2022 0:00,1102,661,WINSLOW WAY W,122257174,23251014,UNKNO4
P220039169,BIPD,3/20/2022 0:00,1408,,"XY(122410115,23146118)",122410115,23146118,CELL
P220039168,BIPD,3/20/2022 0:00,1407,8139,NE QUAIL HILL RD,121958044,23745297,THEFT4
P220041539,BIPD,3/24/2022 0:00,2034,,NE DAY RD E / STATE HWY 305 NE,122023646,25247430,ALSP
P220041617,BIPD,3/25/2022 0:00,0242,7865,NE DAY RD W,121852994,25214850,SUSPI4
P220042201,BIPD,3/26/2022 0:00,1023,2820,NE INTREPID CT,122538545,21959044,FRAUD4
P220042276,BIPD,3/26/2022 0:00,1358,15385,SUNRISE DR NE,122752362,26083597,CIVIL4
P220042332,BIPD,3/26/2022 0:00,1623,,VINEYARD LN / WINSLOW WAY E,122604664,23256788,CELL
P220042354,BIPD,3/26/2022 0:00,1712,,STATE HWY 305 NE / WINSLOW WAY E,122597314,23245536,WC3
P220042533,BIPD,3/27/2022 0:00,0631,15446,SUNRISE DR NE,122763796,26092302,PC4
P220042823,BIPD,3/27/2022 0:00,1935,,FERNCLIFF AVE NE / GRAND AVE NE,122707745,23906746,SUSPI3
P220042877,BIPD,3/27/2022 0:00,2133,270,OLYMPIC DR SE,122674395,23183596,SUSPI4
P220042872,BIPD,3/27/2022 0:00,2130,24300,FJORD PL NW,118806688,29094558,WC4
P220043053,BIPD,3/28/2022 0:00,0949,9530,NE HIGH SCHOOL RD,122412045,23664397,ASSIS4
P220039202,BIPD,3/20/2022 0:00,1523,328,TORMEY LN NE,122503695,23594797,THEFT4
P220039256,BIPD,3/20/2022 0:00,1714,,"XY(122317550,23822767)",122317550,23822767,CELL
P220040055,BIPD,3/22/2022 0:00,0617,12745,NORTH MADISON AVE NE,122468726,25214957,PC4
P220040066,BIPD,3/22/2022 0:00,0639,15515,SUNRISE DR NE,122753273,26123293,PC4
P220040175,BIPD,3/22/2022 0:00,1032,1560,MADISON AVE N,122513295,23720447,PC4
P220040342,BIPD,3/22/2022 0:00,1555,7070,NE EAGLE HARBOR DR,121972244,23357297,TRANS
P220043067,BIPD,3/28/2022 0:00,1016,14012,SUNRISE DR NE,122755045,25629601,FRAUD4
P220043088,BIPD,3/28/2022 0:00,1103,,EDGECOMBE PL NE / MANITOU BEACH DR NE,122500278,24305201,T
P220043162,BIPD,3/28/2022 0:00,1329,1050,HILDEBRAND LN NE,122545395,23588397,THEFT4
P220043206,BIPD,3/28/2022 0:00,1454,10529,SEACOVE LN NE,122743295,24480649,FU
P220043225,BIPD,3/28/2022 0:00,1526,,NE SEABOLD RD / STATE HWY 305 NE,121590942,26041592,ABAND4
P220043246,BIPD,3/28/2022 0:00,1554,323,NE HIGH SCHOOL RD,122517845,23636247,UNWAN3
P220040570,BIPD,3/23/2022 0:00,0217,285,MADISON AVE S,122426500,23199000,MISSI4
P220040736,BIPD,3/23/2022 0:00,1052,,NORTH MADISON AVE NE / NE VIEWCREST AVE,122464629,25016050,T
P220040949,BIPD,3/23/2022 0:00,1748,,NE ADAS WILL LN / STATE HWY 305 NE,121519141,26215475,TRAFF3
P220041098,BIPD,3/24/2022 0:00,0313,8800,FLETCHER BAY RD NE,121378900,23924933,UNKNO3
P220041187,BIPD,3/24/2022 0:00,0841,6621,NE BAKER HILL RD,121414393,22602095,THEFT4
P220041192,BIPD,3/24/2022 0:00,0851,617,HIGH SCHOOL RD NE,122587345,23608597,GRAFF4
P220041355,BIPD,3/24/2022 0:00,1352,9073,SPORTSMAN CLUB RD NE,122290312,24014287,FU
P220041334,BIPD,3/24/2022 0:00,1317,7101,W BELFAIR VALLEY RD,117108828,19813369,MISC3
P220041507,BIPD,3/24/2022 0:00,1915,,"XY(122595985,23246762)",122595985,23246762,CELL
P220041696,BIPD,3/25/2022 0:00,0913,11800,NORTH MADISON AVE NE,122491045,24900950,FU
P220041722,BIPD,3/25/2022 0:00,1031,11684,SUNRISE DR NE,122743995,24868300,FU
P220041744,BIPD,3/25/2022 0:00,1132,625,WINSLOW WAY E,122607645,23236096,MISC4
P220043256,BIPD,3/28/2022 0:00,1611,8357,NE HIDDEN COVE RD,122076244,25760452,FU
P220043494,BIPD,3/29/2022 0:00,0634,15166,SUNRISE DR NE,122766446,26054452,PC4
P220043530,BIPD,3/29/2022 0:00,0826,115,HALL BROTHERS LOOP NW,122372800,23252600,FU
P220043595,BIPD,3/29/2022 0:00,1028,1630,FORT WARD HILL RD NE,122354809,21548022,PC4
P220043697,BIPD,3/29/2022 0:00,1337,10455,NE WIGGINS RD,122712095,22642145,CIVIL4
P220041853,BIPD,3/25/2022 0:00,1439,15385,SUNRISE DR NE,122752362,26083597,MISC4
P220042005,BIPD,3/25/2022 0:00,2026,,DEAD END / HARBORVIEW DR SE,122641330,23190679,CELL
P220042039,BIPD,3/25/2022 0:00,2215,235,SHANNON DR SE,122465480,23184121,SUSPI3
P220042062,BIPD,3/25/2022 0:00,2312,,ASHBURY CT NW / WYATT WAY NW,122277702,23387501,MALIC3
P220042194,BIPD,3/26/2022 0:00,0956,3700,CRYSTAL SPRINGS DR NE,121094292,22267945,PROWL3
P220042252,BIPD,3/26/2022 0:00,1302,,ERICKSEN AVE NE / MADRONE LN N,122485046,23256121,CELL
P220043770,BIPD,3/29/2022 0:00,1614,10699,HART LN NE,121661893,24554099,DV4
P220043883,BIPD,3/29/2022 0:00,2010,4569,LYNWOOD CENTER RD NE,121750893,22509195,PC4
P220044022,BIPD,3/30/2022 0:00,0635,15503,SUNRISE DR NE,122753218,26119261,PC4
P220044061,BIPD,3/30/2022 0:00,0823,625,WINSLOW WAY E,122607645,23236096,MISC4
P220044278,BIPD,3/30/2022 0:00,1526,9301,NE SOUTH BEACH DR,122279545,21602993,FRAUD4
P220044296,BIPD,3/30/2022 0:00,1604,8401,NE QUAIL HILL RD,122053294,23763398,SUSPI3
P220042191,BIPD,3/26/2022 0:00,0955,116,RAVINE LN NE,122573147,23249208,MISC3
P220042301,BIPD,3/26/2022 0:00,1510,8125,HIGH SCHOOL LOOP NE,121938344,23695647,FU
P220042364,BIPD,3/26/2022 0:00,1739,625,WINSLOW WAY E,122607645,23236096,WRT4
P220042444,BIPD,3/26/2022 0:00,2206,545,HOMESTEAD LN,122473895,23424747,DV2
P220042447,BIPD,3/26/2022 0:00,2210,,LOVELL AVE NW / WYATT WAY NW,122300332,23386561,MALIC3
P220042510,BIPD,3/27/2022 0:00,0225,8895,MADISON AVE N,122433945,23949248,FI
P220044333,BIPD,3/30/2022 0:00,1729,,NE MORGAN RD / STATE HWY 305 NE,122252945,24842500,TRAFF3
P220044371,BIPD,3/30/2022 0:00,1847,7200BLK,NE HIGH SCHOOL RD,121663432,23668749,T
P220044393,BIPD,3/30/2022 0:00,1941,9627,NE KITSAP ST,122364783,21866866,PC4
P220044573,BIPD,3/31/2022 0:00,0816,625,WINSLOW WAY E,122607645,23236096,MISC5
P220044575,BIPD,3/31/2022 0:00,0819,,HENDERSON RD NE / NE RALSTON RD,121493728,25780647,T
P220044632,BIPD,3/31/2022 0:00,1003,301,SHANNON DR SE,122531725,23167210,THEFT4
P220042532,BIPD,3/27/2022 0:00,0613,12781,NORTH MADISON AVE NE,122441645,25215900,PC4
P220042841,BIPD,3/27/2022 0:00,2020,,NORTH MADISON AVE NE / STATE HWY 305 NE,122395381,24298435,TRAFF3
P220042845,BIPD,3/27/2022 0:00,2030,8641,SANDS AVE NE,121875894,23848148,FI
P220042847,BIPD,3/27/2022 0:00,2040,7666,NE HIGH SCHOOL RD,121753100,23764800,FI
P220042869,BIPD,3/27/2022 0:00,2122,,SPORTSMAN CLUB RD NE / STATE HWY 305 NE,122395381,24298435,T
P220043085,BIPD,3/28/2022 0:00,1101,540,PARK AVE NE,123030246,23386097,PARKI4
P220045094,BIPD,4/1/2022 0:00,0550,2197,SE CEDAR RD,119777210,18535013,MISC3
P220045114,BIPD,4/1/2022 0:00,0717,,BJUNE DR SE / PARFITT WAY SW,122428213,23198625,WRT3
P220045153,BIPD,4/1/2022 0:00,0904,382,ROOT PATH NW,122344922,23381802,FU
P220045471,BIPD,4/1/2022 0:00,1818,,"XY(122401158,23750513)",122401158,23750513,CELL
P220045608,BIPD,4/1/2022 0:00,2337,9038,NE LOVGREEN RD E,122277409,24973506,MVCG
P220043121,BIPD,3/28/2022 0:00,1200,521,MADRONA WAY NE,122495398,23355230,SUSPI3
P220043137,BIPD,3/28/2022 0:00,1233,5148,DEERPATH LN NE,121543643,22933246,DOAB
P220043265,BIPD,3/28/2022 0:00,1634,3226,NE MCWILLIAMS RD,120312141,23178446,SUICI2
P220043336,BIPD,3/28/2022 0:00,1940,15446,SUNRISE DR NE,122763796,26092302,PC4
P220043348,BIPD,3/28/2022 0:00,2005,8588,NE HIDDEN COVE RD,122175544,25815402,PC4
P220043370,BIPD,3/28/2022 0:00,2052,,NE HIGH SCHOOL RD / WEAVER RD NW,122172769,23657328,T
P220043531,BIPD,3/29/2022 0:00,0828,316,WINSLOW WAY E,122500880,23252432,ALRA
P220043581,BIPD,3/29/2022 0:00,1006,301,SHANNON DR SE,122531725,23167210,THEFT4
P220043740,BIPD,3/29/2022 0:00,1517,825,HIGH SCHOOL RD NE,122681400,23613000,FRAUD4
P220043786,BIPD,3/29/2022 0:00,1644,11062,SKINNER RD NE,120925073,24673495,VEHIT4
P220043996,BIPD,3/30/2022 0:00,0351,287,SHANNON DR SE,122475745,23165196,PC4
P220044021,BIPD,3/30/2022 0:00,0624,12599,NORTH MADISON AVE NE,122467847,25172124,PC4
P220045844,BIPD,4/2/2022 0:00,1432,9491,NE ERIC AVE,122430495,25046700,BEHAV3
P220045861,BIPD,4/2/2022 0:00,1519,,BJUNE DR SE / SHANNON DR SE,122538699,23210579,MVC3
P220045901,BIPD,4/2/2022 0:00,1635,,VINEYARD LN / WINSLOW WAY E,122583343,23346643,MVCG
P220045900,BIPD,4/2/2022 0:00,1635,270,OLYMPIC DR SE,122674395,23183596,MVCB
P220045953,BIPD,4/2/2022 0:00,1832,,MINAMOTO LN NE / WINSLOW WAY E,122614770,23258757,CELL
P220046120,BIPD,4/3/2022 0:00,0323,363,TORMEY LN NE,122526987,23586074,TRANS
P220044230,BIPD,3/30/2022 0:00,1341,11062,SKINNER RD NE,120925073,24673495,FU
P220044281,BIPD,3/30/2022 0:00,1529,8139,NE BECK RD,121883394,22322895,ALRA
P220044350,BIPD,3/30/2022 0:00,1804,747,HANAMI LN NE,122658636,23296711,HARAS3
P220044489,BIPD,3/31/2022 0:00,0145,10468,NE YAQUINA AVE,122732345,24027248,ALRA
P220044634,BIPD,3/31/2022 0:00,1015,271,WYATT WAY NE,122484695,23372947,MALIC4
P220044642,BIPD,3/31/2022 0:00,1037,9662,MILLER RD NE,121392640,24222447,PC4
P220046186,BIPD,4/3/2022 0:00,1049,,ERICKSEN AVE NE / MADRONE LN N,122485046,23256121,CELL
P220046306,BIPD,4/3/2022 0:00,1814,,NE ADAS WILL LN / STATE HWY 305 NE,121519141,26215475,PC4
P220046425,BIPD,4/4/2022 0:00,0040,11021,NE WING POINT WAY,122886791,23370889,ALRA
P220046909,BIPD,4/4/2022 0:00,1941,,"XY(122893121,25766532)",122893121,25766532,CELL
P220044694,BIPD,3/31/2022 0:00,1209,,DUANE LN NW / MADISON AVE N,122434558,23547470,ALSP
P220044699,BIPD,3/31/2022 0:00,1215,747,HANAMI LN NE,122658636,23296711,FU
P220045130,BIPD,4/1/2022 0:00,0806,,VINEYARD LN / WINSLOW WAY E,122604664,23256788,CELL
P220045154,BIPD,4/1/2022 0:00,0907,,CAPSTAN DR NE / NE SEA RAY CT,122211091,23674635,T
P220045763,BIPD,4/2/2022 0:00,1057,337,HIGH SCHOOL RD NE,122530000,23641500,BLSP
P220045772,BIPD,4/2/2022 0:00,1114,,WINSLOW WAY AND MADRONE,122455376,23264518,PC4
P220045921,BIPD,4/2/2022 0:00,1728,5836,BATTLE POINT DR NE,121194292,24141498,DV3
P220046516,BIPD,4/4/2022 0:00,0652,,BATTLE POINT DR NE / NE TOLO RD,120996711,24342272,TRAFF3
P220046782,BIPD,4/4/2022 0:00,1504,,NE COUNTRY CLUB RD / FORT WARD HILL RD NE,122445185,22146908,TRAFF3
P220046945,BIPD,4/4/2022 0:00,2110,969,WEAVER RD NW,122199944,23553747,PC4
P220046980,BIPD,4/4/2022 0:00,2256,,MADISON AVE N / NE NEW BROOKLYN RD,122442445,23911861,T
P220001142,BIPD,1/3/2022 0:00,1300,253,NE HIGH SCHOOL RD,122470095,23627397,WC4
P220001207,BIPD,1/3/2022 0:00,1443,8174,HANSEN RD NE,121158542,23721747,FU
P220001233,BIPD,1/3/2022 0:00,1529,,NE HIGH SCHOOL RD / NE SEA RAY CT,122214475,23659393,CELL
P220001328,BIPD,1/3/2022 0:00,1809,10359,NE SEABORN RD,122626595,22231194,UNKNOF
P220001614,BIPD,1/4/2022 0:00,1039,12648,SUNRISE DR NE,122732893,25174379,MISC3
P220001639,BIPD,1/4/2022 0:00,1118,15300,HARVEY RD NE,121519939,26063822,T
P220001735,BIPD,1/4/2022 0:00,1423,14067,SUNRISE DR NE,122741906,25655596,THEFT3
P220001823,BIPD,1/4/2022 0:00,1700,4864,ROCKAWAY BEACH RD NE,122953696,22580695,TRAFF3
P220001988,BIPD,1/5/2022 0:00,0321,180,KNECHTEL WAY NE,122459595,23453847,BEHAV4
P220002096,BIPD,1/5/2022 0:00,1010,9832,NE LAFAYETTE AVE,122565745,26163202,THEFT4
P220002103,BIPD,1/5/2022 0:00,1017,180,KNECHTEL WAY NE,122459595,23453847,UNKNO4
P220002261,BIPD,1/5/2022 0:00,1430,349,HIGH SCHOOL RD NW,122354307,23631353,FU
P220002354,BIPD,1/5/2022 0:00,1751,,HIGH SCHOOL RD NE / STATE HWY 305 NE,122571327,23644516,TRAFF3
P220002373,BIPD,1/5/2022 0:00,1842,,"XY(122349065,23330251)",122349065,23330251,CELL
P220002576,BIPD,1/6/2022 0:00,0928,7501,NE DOLPHIN DR,121808744,26284153,MALIC4
P220002659,BIPD,1/6/2022 0:00,1203,,NE DAY RD E / STATE HWY 305 NE,122023646,25247430,DUI3
P220002769,BIPD,1/6/2022 0:00,1647,4759,LYNWOOD CENTER RD NE,121754143,22568645,FRAUD4
P220002779,BIPD,1/6/2022 0:00,1724,11257,NE WING POINT DR,122988646,23239846,ALRA
P220002786,BIPD,1/6/2022 0:00,1745,522,MADRONA WAY NE,122495846,23355136,BLSP
P220002969,BIPD,1/7/2022 0:00,0402,7513,NE DOLPHIN DR,121800868,26302180,PC4
P220003028,BIPD,1/7/2022 0:00,0843,,NE BEACH CREST DR / MANITOU BEACH DR NE,122703393,24386009,TRAFF3
P220003520,BIPD,1/8/2022 0:00,0550,15798,STATE HWY 305 NE,121419100,26448500,T
P220003702,BIPD,1/8/2022 0:00,1444,,MADRONE LN N / WINSLOW WAY E,122470396,23264104,CELL
P220003833,BIPD,1/8/2022 0:00,2024,,NE DAY RD E / STATE HWY 305 NE,122023646,25247430,RECKL4
P220003863,BIPD,1/8/2022 0:00,2155,625,WINSLOW WAY E,122607645,23236096,ASSIS3
P220003871,BIPD,1/8/2022 0:00,2213,8804,MADISON AVE N,122493300,23896241,PC4
P220004189,BIPD,1/9/2022 0:00,1822,270,OLYMPIC DR SE,122674395,23183596,UNWAN3
P220004233,BIPD,1/9/2022 0:00,2015,235,NE HIGH SCHOOL RD,122376400,23630400,PC4
P220004221,BIPD,1/9/2022 0:00,1945,,NE HIDDEN COVE RD / STATE HWY 305 NE,121741380,25661177,TRAFF3
P220004318,BIPD,1/10/2022 0:00,0108,225,HIGH SCHOOL RD NW,122373845,23636947,PC4
P220004362,BIPD,1/10/2022 0:00,0611,281,BJUNE DR SE,122497724,23205699,WCB
P220004384,BIPD,1/10/2022 0:00,0739,8804,MADISON AVE N,122493300,23896241,PC4
P220004530,BIPD,1/10/2022 0:00,1237,,VINEYARD LN / WINSLOW WAY E,122604664,23256788,CELL
P220005305,BIPD,1/12/2022 0:00,0037,12269,ARROW POINT LOOP NE,121253543,25072200,ALRA
P220005403,BIPD,1/12/2022 0:00,0909,,SPORTSMAN CLUB RD NE / STATE HWY 305 NE,122395381,24298435,TRAFF3
P220005428,BIPD,1/12/2022 0:00,0952,625,WINSLOW WAY E,122607645,23236096,CHILD4
P220005600,BIPD,1/12/2022 0:00,1536,6160,LYNWOOD CENTER RD NE,121768621,23078517,RETURN
P220005655,BIPD,1/12/2022 0:00,1715,4660,ISLAND AVE NE,121375143,22555795,FU
P220005662,BIPD,1/12/2022 0:00,1737,270,OLYMPIC DR SE,122674395,23183596,ASSIS4
P220005695,BIPD,1/12/2022 0:00,1842,8804,MADISON AVE N,122493300,23896241,PC4
P220005955,BIPD,1/13/2022 0:00,0953,11098,HART LN NE,121687893,24689949,WC3
P220006008,BIPD,1/13/2022 0:00,1121,8804,MADISON AVE N,122493300,23896241,PC4
P220006163,BIPD,1/13/2022 0:00,1550,,FERNCLIFF AVE NE / WINSLOW WAY E,122689944,23243431,T
P220006225,BIPD,1/13/2022 0:00,1745,4785,NE NORTH TOLO RD,120824242,24472099,ALRA
P220006291,BIPD,1/13/2022 0:00,2034,208,KNECHTEL WAY NE,122495445,23452497,FU
P220006651,BIPD,1/14/2022 0:00,1416,10555,NE SEABORN RD,122701540,22234537,WIRESU
P220006990,BIPD,1/15/2022 0:00,0841,829,HIGH SCHOOL RD NE,122684100,23597800,BEHAV4
P220007014,BIPD,1/15/2022 0:00,0953,10340,NORTH MADISON AVE NE,122452400,24418800,CIVIL4
P220007582,BIPD,1/16/2022 0:00,1433,253,NE HIGH SCHOOL RD,122470095,23627397,WC3
P220007646,BIPD,1/16/2022 0:00,1638,,"XY(121212396,22610894)",121212396,22610894,CELL
P220007716,BIPD,1/16/2022 0:00,1856,414,HIGH SCHOOL RD NE,122540953,23644949,FU
P220007919,BIPD,1/17/2022 0:00,0803,,NE MORGAN RD / STATE HWY 305 NE,122252945,24842500,T
P220008097,BIPD,1/17/2022 0:00,1501,,NE MANITOU PARK BLVD / ROLLING BAY WALK NE,122970608,24614928,VERBA4
P220008132,BIPD,1/17/2022 0:00,1641,7950,NE KOURA RD,121910894,24745599,MALIC4
P220008224,BIPD,1/17/2022 0:00,1937,9423,NE BUSINESS PARK LN,122349745,24082598,SUSPI3
P220008348,BIPD,1/18/2022 0:00,0305,8806,MADISON AVE N,122442402,23909936,PC4
P220008626,BIPD,1/18/2022 0:00,1545,7667,FLETCHER BAY RD NE,121586541,23553721,FU
P220008632,BIPD,1/18/2022 0:00,1556,1560,MADISON AVE N,122513295,23720447,BURGL4
P220008679,BIPD,1/18/2022 0:00,1757,835,MADISON AVE N,122415345,23498497,THEFT4
P220008683,BIPD,1/18/2022 0:00,1801,1825,SAKAI VILLAGE LOOP NE,122461145,23817348,ASSIS4
P220008592,BIPD,1/18/2022 0:00,1446,,ROOSEVELT BLVD / UNION AVE,118487289,20635254,ASSIS4
P220008969,BIPD,1/19/2022 0:00,0856,5416,NE FLETCHER LNDG,121067542,23942148,ALRA
P220009112,BIPD,1/19/2022 0:00,1308,11130,HYLA AVE NE,122667395,24673299,HARAS4
P220009214,BIPD,1/19/2022 0:00,1559,3550,GANGMARKEN WAY NE,121320643,22187744,SEXOF4
P220009475,BIPD,1/20/2022 0:00,0652,,FLETCHER BAY RD NE / NE HIGH SCHOOL RD,121498773,23670949,T
P220009798,BIPD,1/20/2022 0:00,1711,275,SHEPARD WAY NW,122393075,23307900,VERBA3
P220010492,BIPD,1/22/2022 0:00,0826,15347,SUQUAMISH WAY NE,121270125,26463609,FI
P220010570,BIPD,1/22/2022 0:00,1150,860,GILMORE WAY NE,122676545,23316947,SUSPI4
P220010606,BIPD,1/22/2022 0:00,1335,,NE BECK RD / BLUFF ST NE,121857709,22341343,DUI4
P220010648,BIPD,1/22/2022 0:00,1512,6298,NE HIDDEN COVE RD,121408711,25658175,THEFT4
P220011232,BIPD,1/23/2022 0:00,2003,,EL CIMO LN NE / PALOMINO DR NE,121274621,22411372,CELL
P220011781,BIPD,1/24/2022 0:00,2142,,LYNWOOD CENTER RD NE / POINT WHITE DR NE,121759235,22525891,RECKL4
P220011800,BIPD,1/24/2022 0:00,2238,8804,MADISON AVE N,122493300,23896241,PC4
P220011893,BIPD,1/25/2022 0:00,0702,,NE DAY RD E / STATE HWY 305 NE,122023646,25247430,RECKL3
P220011948,BIPD,1/25/2022 0:00,0942,,VINEYARD LN / WINSLOW WAY E,122606211,23254200,CELL
P220011968,BIPD,1/25/2022 0:00,1028,,NE DAY RD E / NORTH MADISON AVE NE,122469056,25230947,T
P220012026,BIPD,1/25/2022 0:00,1215,1628,DEVENNY AVE NE,122411492,21534251,FRAUD4
P220012076,BIPD,1/25/2022 0:00,1356,625,WINSLOW WAY E,122607645,23236096,MISC5
P220012149,BIPD,1/25/2022 0:00,1621,,"XY(122322243,23819745)",122322243,23819745,CELL
P220012279,BIPD,1/25/2022 0:00,2347,,"XY(122322243,23819745)",122322243,23819745,CELL
P220012551,BIPD,1/26/2022 0:00,1446,,NEW SWEDEN AVE NE / NE OLD MILL RD,122541334,22454257,WIRESU
P220012600,BIPD,1/26/2022 0:00,1622,299,SHANNON DR SE,122508700,23164500,THEFT3
P220013156,BIPD,1/27/2022 0:00,2054,280,MADISON AVE N,122441895,23299097,PC4
P220013191,BIPD,1/27/2022 0:00,2215,16938,NE SANWICK PL,121625343,26650603,UNWAN3
P220013252,BIPD,1/28/2022 0:00,0256,7959,NE BECK RD,121844894,22330595,BEHAV4
P220013419,BIPD,1/28/2022 0:00,1210,,"XY(121261892,23490546)",121261892,23490546,CELL
P220013459,BIPD,1/28/2022 0:00,1334,835,MADISON AVE N,122415345,23498497,THEFT4
P220013612,BIPD,1/28/2022 0:00,1817,383,MADISON AVE N,122430217,23351572,PC4
P220013608,BIPD,1/28/2022 0:00,1812,289,SHANNON DR SE,122488195,23158996,MISC3
P220013932,BIPD,1/29/2022 0:00,1248,,KALLGREN RD NE / NE WINTHERS RD,122596456,24963519,TRAFF3
P220013989,BIPD,1/29/2022 0:00,1513,9440,SPORTSMAN CLUB RD NE,122357967,24144771,ALRA
P220014343,BIPD,1/30/2022 0:00,1146,,PHELPS RD NE / NE SUMANEE PL,122130790,25458044,PROWL3
P220014407,BIPD,1/30/2022 0:00,1430,445,EAKIN DR NW,122116244,23375347,BEHAVB
P220014538,BIPD,1/30/2022 0:00,2115,,VINEYARD LN / WINSLOW WAY E,122604664,23256788,CELL
P220014654,BIPD,1/31/2022 0:00,0604,,NE KOURA RD / STATE HWY 305 NE,122310462,24709752,TRAFF3
P220014877,BIPD,1/31/2022 0:00,1411,,BARNACLE LN NE / NE WILLIAMS LN,121350879,24730802,SUSPI4
P220015051,BIPD,1/31/2022 0:00,2041,,NE DAY RD E / STATE HWY 305 NE,122023646,25247430,TRAFF3
P220015059,BIPD,1/31/2022 0:00,2103,,HIGH SCHOOL RD NE / STATE HWY 305 NE,122571327,23644516,THREA3
P220015213,BIPD,2/1/2022 0:00,0916,4200,NE EAGLE HARBOR DR,122667095,22910946,TRESP3
P220015243,BIPD,2/1/2022 0:00,1032,3511,PLEASANT BEACH DR NE,122027394,22146694,FU
P220015354,BIPD,2/1/2022 0:00,1446,253,NE HIGH SCHOOL RD,122470095,23627397,WCB
P220015484,BIPD,2/1/2022 0:00,1852,,NE DAY RD E / NE YETI LN,122024833,25273329,CELL
P220015479,BIPD,2/1/2022 0:00,1840,280,MADISON AVE N,122441895,23299097,PC4
P220015629,BIPD,2/2/2022 0:00,0426,9660,BATTLE POINT DR NE,121005742,24232298,UNKNO4
P220015720,BIPD,2/2/2022 0:00,1001,8449,KATY LN NE,122075644,24728449,BEHAV4
P220015687,BIPD,2/2/2022 0:00,0839,2339,SE CEDAR RD,119781140,18565187,FU
P220016078,BIPD,2/3/2022 0:00,0305,835,MADISON AVE N,122415345,23498497,THEFT4
P220016145,BIPD,2/3/2022 0:00,0907,11216,SUNRISE DR NE,122728795,24704399,VEHIT4
P220016254,BIPD,2/3/2022 0:00,1155,301,SHANNON DR SE,122531725,23167210,SUSPI3
P220016629,BIPD,2/4/2022 0:00,0334,625,WINSLOW WAY E,122607645,23236096,BLSP
P220017151,BIPD,2/5/2022 0:00,0744,1560,MADISON AVE N,122513295,23720447,PC4
P220017167,BIPD,2/5/2022 0:00,0850,,HANSVILLE RD NE / NE HUSKY LN,122100443,31179716,RECOV4
P220017212,BIPD,2/5/2022 0:00,1124,15446,SUNRISE DR NE,122763796,26092302,MALIC4
P220017222,BIPD,2/5/2022 0:00,1149,13424,NORTH MADISON AVE NE,122500708,25446411,PC4
P220017317,BIPD,2/5/2022 0:00,1534,8895,MADISON AVE N,122433945,23949248,FOUND4
P220017353,BIPD,2/5/2022 0:00,1654,337,HIGH SCHOOL RD NE,122530000,23641500,WC3
P220017425,BIPD,2/5/2022 0:00,2008,270,OLYMPIC DR SE,122674395,23183596,WCB
P220017572,BIPD,2/6/2022 0:00,0242,6819,NE SEABOLD RD,121564800,26043100,FI
P220017746,BIPD,2/6/2022 0:00,1302,301,SHANNON DR SE,122531725,23167210,FI
P220018135,BIPD,2/7/2022 0:00,0927,,"XY(121750357,22588979)",121750357,22588979,CELL
P220018136,BIPD,2/7/2022 0:00,0928,211,WYATT WAY NW,122392027,23377349,THEFT3
P220018233,BIPD,2/7/2022 0:00,1222,8855,FERNCLIFF AVE NE,122697595,23914348,SUSPI4
P220018306,BIPD,2/7/2022 0:00,1435,625,WINSLOW WAY E,122607645,23236096,SEXOF4
P220018515,BIPD,2/7/2022 0:00,2208,5556,NE FLETCHER LNDG,121103018,23917428,SUSPI3
P220018715,BIPD,2/8/2022 0:00,1102,5050,STATE HWY 303 NE,119788889,22744345,FU
P220018732,BIPD,2/8/2022 0:00,1150,11843,PENNY PL NE,121798444,24939400,ALRP
P220018769,BIPD,2/8/2022 0:00,1327,9330,NE HIGH SCHOOL RD,122364045,23666097,MALIC4
P220018839,BIPD,2/8/2022 0:00,1533,829,HIGH SCHOOL RD NE,122684100,23597800,CIVIL3
P220019098,BIPD,2/9/2022 0:00,0802,273,SHANNON DR SE,122488456,23166269,MISC3
P220019163,BIPD,2/9/2022 0:00,1008,635,HIGH SCHOOL RD NE,122615945,23616547,SUSPI3
P220019283,BIPD,2/9/2022 0:00,1347,,FLETCHER BAY RD NE / NE TWIN PONDS RD,121615475,23538111,T
P220019354,BIPD,2/9/2022 0:00,1548,,NE BUCKLIN HILL RD / NE EAGLE HARBOR DR,121966375,23305009,RECKL3
P220019532,BIPD,2/10/2022 0:00,0056,625,WINSLOW WAY E,122607645,23236096,RECOV4
P220019798,BIPD,2/10/2022 0:00,1347,,HIGH SCHOOL RD NE / STATE HWY 305 NE,122571327,23644516,T
P220019844,BIPD,2/10/2022 0:00,1450,829,HIGH SCHOOL RD NE,122684100,23597800,FU
P220020100,BIPD,2/11/2022 0:00,0117,9300,SPORTSMAN CLUB RD NE,122330000,24058900,PC4
P220020270,BIPD,2/11/2022 0:00,1145,,REITAN RD NE / STATE HWY 305 NE,121501985,26370323,SUSPI4
P220020354,BIPD,2/11/2022 0:00,1417,301,SHANNON DR SE,122531725,23167210,PC4
P220020410,BIPD,2/11/2022 0:00,1551,,NE DAY RD E / NORTH MADISON AVE NE,122469056,25230947,MVCB
P220020502,BIPD,2/11/2022 0:00,1852,299,SHANNON DR SE,122508700,23164500,PC4
P220020540,BIPD,2/11/2022 0:00,2017,,STATE HWY 305 NE / VIKING AVE NW,119300901,28150836,T
P220020800,BIPD,2/12/2022 0:00,1210,1141,NE WING POINT WAY,122781796,23364097,MISC4
P220020977,BIPD,2/12/2022 0:00,1905,,SHEPARD WAY NW / SHEPARD WAY NW,122148641,23290153,CELL
P220021064,BIPD,2/12/2022 0:00,2241,,NE KNIGHT RD / SUNRISE DR NE,122736362,25355668,RECKL3
P220021439,BIPD,2/13/2022 0:00,1957,16922,NE SANWICK PL,121659946,26642879,TRESP3
P220021473,BIPD,2/13/2022 0:00,2134,301,SHANNON DR SE,122531725,23167210,ASSIS4
P220021791,BIPD,2/14/2022 0:00,1453,300,HIGH SCHOOL RD NW,122362663,23650294,SUSPI4
P220021774,BIPD,2/14/2022 0:00,1415,4709,LYNWOOD CENTER RD NE,121760192,22555845,FU
P220022033,BIPD,2/15/2022 0:00,0343,583,HIGH SCHOOL RD NE,122604502,23643899,PC4
P220022121,BIPD,2/15/2022 0:00,0956,282,KNECHTEL WAY NE,122487800,23447100,WC4
P220022192,BIPD,2/15/2022 0:00,1207,,COMMODORE LN NW / LEWIS PL NW,122279884,23786342,TRAFF3
P220022233,BIPD,2/15/2022 0:00,1405,7772,NE WEST PORT MADISON RD,121902400,26093300,FRAUD4
P220022279,BIPD,2/15/2022 0:00,1532,,"XY(121955038,23461177)",121955038,23461177,CELL
P220022356,BIPD,2/15/2022 0:00,1757,12545,MANZANITA RD NE,121500600,25165900,FU
P220022499,BIPD,2/16/2022 0:00,0234,11299,ARROW POINT DR NE,121095342,24676599,PC4
P220022503,BIPD,2/16/2022 0:00,0249,8500,NE DAY RD E,122120794,25253801,PC4
P220022708,BIPD,2/16/2022 0:00,1327,9330,NE HIGH SCHOOL RD,122364045,23666097,FU
P220022908,BIPD,2/16/2022 0:00,1946,301,NE HIGH SCHOOL RD,122506145,23609997,ASSIS3
P220023029,BIPD,2/17/2022 0:00,0238,487,AMBROSE LN NW,122401422,23378840,PC4
P220023239,BIPD,2/17/2022 0:00,1335,9752,MILLER RD NE,121478993,24332249,THEFT4
P220023251,BIPD,2/17/2022 0:00,1415,,NE FREY AVE / MILLER RD NE,121432623,24635643,CELL
P220023526,BIPD,2/18/2022 0:00,0550,245,HIGH SCHOOL RD NW,122404295,23635147,DV4
P220023723,BIPD,2/18/2022 0:00,1328,13545,PHELPS RD NE,122275045,25679301,T
P220023925,BIPD,2/18/2022 0:00,1900,15082,STATE HWY 305 NE,121601834,26003258,T
P220024191,BIPD,2/19/2022 0:00,0218,15446,SUNRISE DR NE,122763796,26092302,PC4
P220024197,BIPD,2/19/2022 0:00,0335,299,SHANNON DR SE,122508700,23164500,UNKNO3
P220024218,BIPD,2/19/2022 0:00,0459,323,HIGH SCHOOL RD NE,122518200,23634300,BURGL1
P220024257,BIPD,2/19/2022 0:00,0834,299,SHANNON DR SE,122508700,23164500,PC4
P220024328,BIPD,2/19/2022 0:00,1208,403,MADISON AVE S,122421245,23156246,CPR
P220024303,BIPD,2/19/2022 0:00,1119,343,WINSLOW WAY E,122510453,23228755,FU
P220024343,BIPD,2/19/2022 0:00,1256,285,MADISON AVE S,122426500,23199000,THEFT4
P220024583,BIPD,2/19/2022 0:00,2140,,"XY(122404534,22746726)",122404534,22746726,CELL
P220024718,BIPD,2/20/2022 0:00,0954,,FLETCHER BAY RD NE / NE OPAL RIDGE LN,121728448,23030579,CELL
P220024846,BIPD,2/20/2022 0:00,1503,,NE DAY RD E / STATE HWY 305 NE,122023646,25247430,INFOP4
P220024877,BIPD,2/20/2022 0:00,1615,,NE HIGH SCHOOL RD / HORIZON VIEW PL NW,122310709,23631734,CELL
P220024870,BIPD,2/20/2022 0:00,1602,10861,NE MANITOU PARK BLVD,122933146,24590799,UNKNOF
P220024974,BIPD,2/20/2022 0:00,2047,11299,ARROW POINT DR NE,121095342,24676599,FI
P220024987,BIPD,2/20/2022 0:00,2134,12781,NORTH MADISON AVE NE,122441645,25215900,SUSPI4
P220025130,BIPD,2/21/2022 0:00,0905,7904,GRAND AVE NE,122981768,23624718,PC4
P220025208,BIPD,2/21/2022 0:00,1146,,"XY(122263387,22780476)",122263387,22780476,CELL
P220025203,BIPD,2/21/2022 0:00,1134,184,MADRONA WAY NE,122459974,23366193,BEHAVB
P220025326,BIPD,2/21/2022 0:00,1613,15632,POINT MONROE DR NE,122794446,26188302,CIVIL4
P220025328,BIPD,2/21/2022 0:00,1621,829,NE HIGH SCHOOL RD,122683295,23596597,FU
P220025576,BIPD,2/22/2022 0:00,0826,,FLETCHER BAY RD NE / LYNWOOD CENTER RD NE,121758844,23062433,MVCG
P220025651,BIPD,2/22/2022 0:00,1033,270,OLYMPIC DR SE,122674395,23183596,VERBA4
P220025685,BIPD,2/22/2022 0:00,1151,625,WINSLOW WAY E,122607645,23236096,FU
P220025714,BIPD,2/22/2022 0:00,1236,7997,NE HIGH SCHOOL RD,121907265,23667019,FRAUD4
P220025591,BIPD,2/22/2022 0:00,0854,6574,NE TARA LN,121391393,22206594,FU
P220025797,BIPD,2/22/2022 0:00,1513,829,HIGH SCHOOL RD NE,122684100,23597800,WC3
P220025934,BIPD,2/22/2022 0:00,2045,,"XY(122050179,22211994)",122050179,22211994,CELL
P220026070,BIPD,2/23/2022 0:00,0640,829,NE HIGH SCHOOL RD,122683295,23596597,DV4
P220026209,BIPD,2/23/2022 0:00,1306,13424,NORTH MADISON AVE NE,122500708,25446411,PC4
P220026226,BIPD,2/23/2022 0:00,1332,617,LANDMARK CT NE,122765423,23404693,FU
P220026303,BIPD,2/23/2022 0:00,1535,1344,WINTERGREEN LN NE,122621704,23727339,FU
P220026555,BIPD,2/24/2022 0:00,0702,,DEAD END / WINSLOW WAY E,122461884,23261736,CELL
P220026669,BIPD,2/24/2022 0:00,1134,625,WINSLOW WAY E,122607645,23236096,MISC4
P220026826,BIPD,2/24/2022 0:00,1628,21500-BL,MILLER BAY RD NE,121515334,28021219,ASSIS3
P220027002,BIPD,2/25/2022 0:00,0114,611,LANDMARK CT NE,122765048,23397630,PC4
P220027045,BIPD,2/25/2022 0:00,0710,,"XY(122317550,23822767)",122317550,23822767,CELL
P220027061,BIPD,2/25/2022 0:00,0755,7772,NE WEST PORT MADISON RD,121902400,26093300,THEFT4
P220027085,BIPD,2/25/2022 0:00,0912,429,WINSLOW WAY E,122535641,23245977,FOUND4
P220027306,BIPD,2/25/2022 0:00,1534,200,HIGH SCHOOL RD NE,122477200,23673300,MISC5
P220027382,BIPD,2/25/2022 0:00,1720,10340,NORTH MADISON AVE NE,122452400,24418800,FI
P220027394,BIPD,2/25/2022 0:00,1745,299,SHANNON DR SE,122508700,23164500,SUSPI3
P220027424,BIPD,2/25/2022 0:00,1845,6329,CRYSTAL SPRINGS DR NE,121045042,23120896,MISSI3
P220027509,BIPD,2/25/2022 0:00,2158,,NE KOURA RD / MILLER RD NE,121576649,24728845,T
P220027516,BIPD,2/25/2022 0:00,2219,623,LANDMARK CT NE,122766043,23386483,PC4
P220027594,BIPD,2/26/2022 0:00,0355,616,LANDMARK CT NE,122764967,23383245,PC4
P220027612,BIPD,2/26/2022 0:00,0704,270,OLYMPIC DR SE,122674395,23183596,SUSPI3
P220027634,BIPD,2/26/2022 0:00,0825,10800,MILLER RD NE,121500300,24498300,T
P220027722,BIPD,2/26/2022 0:00,1141,8531,NE STATE HWY 104,122251083,29977421,ASSIS2
P220027930,BIPD,2/26/2022 0:00,2052,615,LANDMARK CT NE,122764839,23382108,PC4
P220028123,BIPD,2/27/2022 0:00,0945,,"XY(122322243,23819745)",122322243,23819745,CELL
P220028221,BIPD,2/27/2022 0:00,1410,829,NE HIGH SCHOOL RD,122683295,23596597,ASSIS4
P220028763,BIPD,2/28/2022 0:00,1734,15798,STATE HWY 305 NE,121419100,26448500,T
P220029063,BIPD,3/1/2022 0:00,0937,,"XY(121999914,24745205)",121999914,24745205,CELL
P220029095,BIPD,3/1/2022 0:00,1036,,"XY(121433241,24992096)",121433241,24992096,CELL
P220029396,BIPD,3/1/2022 0:00,2006,741,MOJI LN NW,122213244,23493147,THEFT4
P220029516,BIPD,3/2/2022 0:00,0637,9575,NE WINDSONG LOOP,122411995,24743399,THEFT3
P220029661,BIPD,3/2/2022 0:00,1240,,"XY(122346915,24074965)",122346915,24074965,CELL
P220029745,BIPD,3/2/2022 0:00,1507,299,SHANNON DR SE,122508700,23164500,FI
P220029725,BIPD,3/2/2022 0:00,1435,330,GROW AVE NW,122352195,23333597,FU
P220029887,BIPD,3/2/2022 0:00,2043,,FINCH RD NE / NE HIGH SCHOOL RD,122040846,23661891,T
P220029922,BIPD,3/2/2022 0:00,2218,,STATE HWY 305 NE / SUQUAMISH WAY NE,121273196,26526675,T
P220030024,BIPD,3/3/2022 0:00,0740,1162,DONALD PL NE,122793146,23345147,WC4
P220030105,BIPD,3/3/2022 0:00,1041,,CRYSTAL SPRINGS DR NE / DEAD END,121179348,22366820,CELL
P220030219,BIPD,3/3/2022 0:00,1344,253,NE HIGH SCHOOL RD,122470095,23627397,ASSIS3
P220030278,BIPD,3/3/2022 0:00,1509,625,WINSLOW WAY E,122607645,23236096,SEXOF4
P220030292,BIPD,3/3/2022 0:00,1529,253,NE HIGH SCHOOL RD,122470095,23627397,DUI3
P220030319,BIPD,3/3/2022 0:00,1605,4699,NE WOODSON LN,121770519,22557191,ASSIS4
P220030391,BIPD,3/3/2022 0:00,1859,,NE DAY RD E / STATE HWY 305 NE,122023646,25247430,SUSPI3
P220030610,BIPD,3/4/2022 0:00,0817,,NE SEABOLD CHURCH RD / STATE HWY 305 NE,121629175,25910575,MVCB
P220030901,BIPD,3/4/2022 0:00,1746,271,WYATT WAY NE,122484695,23372947,ALRA
P220030912,BIPD,3/4/2022 0:00,1823,,NE HIGH SCHOOL RD / HORIZON VIEW PL NW,122310701,23631369,CELL
P220030953,BIPD,3/4/2022 0:00,2005,9613,NE EVERGREEN AVE,122361895,21560293,FU
P220031172,BIPD,3/5/2022 0:00,0847,,FLETCHER BAY RD NE / NE TWIN PONDS RD,121615475,23538111,T
P220031256,BIPD,3/5/2022 0:00,1205,270,OLYMPIC DR SE,122674395,23183596,T
P220031248,BIPD,3/5/2022 0:00,1149,11040,MOUNTAIN VIEW RD NE,122867681,24647211,MISC3
P220031329,BIPD,3/5/2022 0:00,1436,9863,NE KITSAP ST,122411992,21865850,PC4
P220031405,BIPD,3/5/2022 0:00,1651,,NE DAY RD E / NE YETI LN,122031632,25269895,CELL
P220031483,BIPD,3/5/2022 0:00,1944,,NE DAY RD E / NE YETI LN,122024833,25273329,CELL
P220031771,BIPD,3/6/2022 0:00,1343,,ELLINGSEN RD NE / PHELPS RD NE,122341957,25740625,T
P220031784,BIPD,3/6/2022 0:00,1415,9844,NE TORVANGER RD,122556773,25626206,PC4
P220032102,BIPD,3/7/2022 0:00,0740,,NE DAY RD E / STATE HWY 305 NE,122023646,25247430,T
P220032120,BIPD,3/7/2022 0:00,0843,625,WINSLOW WAY E,122607645,23236096,FOUND5
P220032123,BIPD,3/7/2022 0:00,0852,625,WINSLOW WAY E,122607645,23236096,PC5
P220032208,BIPD,3/7/2022 0:00,1123,,NE LOVGREEN RD E / STATE HWY 305 NE,122194159,24976179,DUI3
P220032253,BIPD,3/7/2022 0:00,1256,,NE NEW BROOKLYN RD / SPORTSMAN CLUB RD NE,122235619,23919372,T
P220032561,BIPD,3/7/2022 0:00,2229,,STATE HWY 305 NE / NE WEST PORT MADISON RD,121590942,26041592,T
P220032595,BIPD,3/8/2022 0:00,0034,9463,NE BUSINESS PARK LN,122384045,24078198,ALRA
P220032863,BIPD,3/8/2022 0:00,1215,829,HIGH SCHOOL RD NE,122684100,23597800,HARAS4
P220032879,BIPD,3/8/2022 0:00,1242,253,NE HIGH SCHOOL RD,122470095,23627397,MVC4
P220033020,BIPD,3/8/2022 0:00,1651,1278,FERNCLIFF AVE NE,122700100,23633300,ALRA
P220033081,BIPD,3/8/2022 0:00,1857,,SPORTSMAN CLUB RD NE / STATE HWY 305 NE,122395381,24298435,T
P220033378,BIPD,3/9/2022 0:00,0959,9330,NE HIGH SCHOOL RD,122364045,23666097,ASSAU4
P220033590,BIPD,3/9/2022 0:00,1605,9613,NE EVERGREEN AVE,122361895,21560293,PC4
P220033790,BIPD,3/10/2022 0:00,0231,,"XY(122427858,24460298)",122427858,24460298,CELL
P220034083,BIPD,3/10/2022 0:00,1010,937,HILDEBRAND LN NE,122528095,23572997,THEFT4
P220034392,BIPD,3/10/2022 0:00,2200,271,WINSLOW WAY E,122484900,23247700,SUSPI3
P220034588,BIPD,3/11/2022 0:00,1131,250,CAMELIA LOOP NE,122478245,23588597,VEHIT4
P220034638,BIPD,3/11/2022 0:00,1254,,NE HIGH SCHOOL RD / NE LIGHTMOOR CT,122070477,23584495,CELL
P220034667,BIPD,3/11/2022 0:00,1400,,NE ARIZONA ST / ILLAHEE RD NE,120289859,23864078,CELL
P220034685,BIPD,3/11/2022 0:00,1430,,HARBOR SQUARE LOOP NE / WINSLOW WAY E,122642795,23244260,T
P220034777,BIPD,3/11/2022 0:00,1723,15347,SUQUAMISH WAY NE,121270125,26463609,ASSIS4
P220034675,BIPD,3/11/2022 0:00,1412,,HIGH SCHOOL RD NE / MADISON AVE N,122441202,23647074,WC3
P220034943,BIPD,3/12/2022 0:00,0251,491,AMBROSE LN NW,122401457,23380193,PC4
P220034958,BIPD,3/12/2022 0:00,0358,1560,MADISON AVE N,122513295,23720447,PC4
P220035070,BIPD,3/12/2022 0:00,1244,7666,NE HIGH SCHOOL RD,121753100,23764800,ASSIS4
P220035115,BIPD,3/12/2022 0:00,1431,,SPORTSMAN CLUB RD NE / STATE HWY 305 NE,122395381,24298435,WC3
P220035162,BIPD,3/12/2022 0:00,1601,8320,FERNCLIFF AVE NE,122716495,23752048,FU
P220035198,BIPD,3/12/2022 0:00,1713,270,OLYMPIC DR SE,122674395,23183596,TRAFF4
P220035259,BIPD,3/12/2022 0:00,1925,,FLETCHER BAY RD NE / NE HIGH SCHOOL RD,121498773,23670949,T
P220035262,BIPD,3/12/2022 0:00,1929,245,HIGH SCHOOL RD NW,122404295,23635147,FU
P220035363,BIPD,3/12/2022 0:00,2356,398,OLYMPIC DR SE,122656371,23184728,PC4
P220035401,BIPD,3/13/2022 0:00,0427,265,WINSLOW WAY E,122481995,23237596,SUSPI3
P220035436,BIPD,3/13/2022 0:00,0903,,CAPSTAN DR NE / HIGH SCHOOL RD NW,122211056,23655992,T
P220035473,BIPD,3/13/2022 0:00,1058,363,AMBROSE LN NW,122398129,23340440,VEHIT4
P220035484,BIPD,3/13/2022 0:00,1128,4407,POINT WHITE DR NE,121555243,22499645,DVB
P220035952,BIPD,3/14/2022 0:00,1033,4407,POINT WHITE DR NE,121555243,22499645,DV4
P220035994,BIPD,3/14/2022 0:00,1201,4407,POINT WHITE DR NE,121555243,22499645,DV4
P220036290,BIPD,3/14/2022 0:00,2222,9645,NE KITSAP ST,122368383,21866788,FU
P220036461,BIPD,3/15/2022 0:00,0905,,"XY(122322243,23819745)",122322243,23819745,CELL
P220036514,BIPD,3/15/2022 0:00,1032,10551,MANDUS OLSON RD NE,121739043,24416349,FU
P220036645,BIPD,3/15/2022 0:00,1453,6483,NE WILLIAMS LN,121379069,24719133,FU
P220036751,BIPD,3/15/2022 0:00,1752,617,LANDMARK CT NE,122765423,23404693,THREA4
P220036797,BIPD,3/15/2022 0:00,1953,,BIRKLAND RD NE / WEST BLAKELY AVE NE,122063558,22362748,CELL
P220037065,BIPD,3/16/2022 0:00,1130,625,WINSLOW WAY E,122607645,23236096,FI
P220037188,BIPD,3/16/2022 0:00,1509,625,WINSLOW WAY E,122607645,23236096,MISC5
P220037211,BIPD,3/16/2022 0:00,1537,11299,ARROW POINT DR NE,121095342,24676599,CHILD3
P220037319,BIPD,3/16/2022 0:00,1927,2327,MADISON AVE N,122437555,23673628,SUSPI3
P220037422,BIPD,3/17/2022 0:00,0017,9491,NE ERIC AVE,122430495,25046700,BEHAV3
P220037495,BIPD,3/17/2022 0:00,0544,18000-BL,VIKING WAY NW,118989325,27038660,ASSIS3
P220037796,BIPD,3/17/2022 0:00,1611,9330,NE HIGH SCHOOL RD,122364045,23666097,FU
P220038156,BIPD,3/18/2022 0:00,1128,,JACOLET LN NW / WYATT WAY NW,122426898,23404066,CELL
P220038419,BIPD,3/18/2022 0:00,2015,8641,SANDS AVE NE,121875894,23848148,FI
P220038611,BIPD,3/19/2022 0:00,0854,,NE KOURA RD / MILLER RD NE,121576649,24728845,T
P220038999,BIPD,3/20/2022 0:00,0250,9628,NE KITSAP ST,122365183,21866853,PC4
P220039034,BIPD,3/20/2022 0:00,0644,15347,SUQUAMISH WAY NE,121270125,26463609,ASSIS3
P220039080,BIPD,3/20/2022 0:00,0956,625,WINSLOW WAY E,122607645,23236096,FOUND4
P220039139,BIPD,3/20/2022 0:00,1203,,KNECHTEL WAY NE / WYATT WAY NE,122478853,23408035,CELL
P220039241,BIPD,3/20/2022 0:00,1645,,HIGH SCHOOL RD NE / STATE HWY 305 NE,122571327,23644516,TRAFF3
P220039385,BIPD,3/20/2022 0:00,2231,15466,SUNRISE DR NE,122753059,26107165,PC4
P220039446,BIPD,3/21/2022 0:00,0456,12781,NORTH MADISON AVE NE,122441645,25215900,PC4
P220039545,BIPD,3/21/2022 0:00,0926,4407,POINT WHITE DR NE,121555243,22499645,MISC4
P220039586,BIPD,3/21/2022 0:00,1059,625,WINSLOW WAY E,122607645,23236096,MISC4
P220039595,BIPD,3/21/2022 0:00,1112,4407,POINT WHITE DR NE,121555243,22499645,CIVIL4
P220039627,BIPD,3/21/2022 0:00,1218,301,HIGH SCHOOL RD NE,122491500,23645900,WC911
P220039664,BIPD,3/21/2022 0:00,1328,9432,HOLLY FARM LN NE,121636393,24111198,BEHAVG
P220039832,BIPD,3/21/2022 0:00,1811,,FLETCHER BAY RD NE / NE HIGH SCHOOL RD,121498773,23670949,T
P220040010,BIPD,3/22/2022 0:00,0254,9384,SPORTSMAN CLUB RD NE,122341766,24143822,PC4
P220040120,BIPD,3/22/2022 0:00,0909,,NE HIGH SCHOOL RD / SPORTSMAN CLUB RD NE,122101057,23659699,T
P220040335,BIPD,3/22/2022 0:00,1534,1572,FORT WARD HILL RD NE,122360995,21535543,FU
P220040356,BIPD,3/22/2022 0:00,1618,7029,NE DOLPHIN DR,121646643,26281003,THEFT4
P220040582,BIPD,3/23/2022 0:00,0322,15408,SUNRISE DR NE,122752505,26088302,PC4
P220040720,BIPD,3/23/2022 0:00,1010,625,WINSLOW WAY E,122607645,23236096,MISC4
P220040728,BIPD,3/23/2022 0:00,1035,,STATE HWY 305 NE / NE WEST PORT MADISON RD,121590942,26041592,T
P220040832,BIPD,3/23/2022 0:00,1357,,MORAN RD NE / NORTH MADISON AVE NE,122402923,24301866,T
P220040882,BIPD,3/23/2022 0:00,1506,3859,PLEASANT BEACH DR NE,121835544,22256345,ALRA
P220040927,BIPD,3/23/2022 0:00,1643,,NE DAY RD E / NE YETI LN,122024833,25273329,CELL
P220041031,BIPD,3/23/2022 0:00,2121,265,WINSLOW WAY E,122481995,23237596,SUSPI3
P220041266,BIPD,3/24/2022 0:00,1106,827,NE HIGH SCHOOL RD,122679445,23604847,WCB
P220041281,BIPD,3/24/2022 0:00,1134,,SPORTSMAN CLUB RD NE / STATE HWY 305 NE,122395381,24298435,MVCB
P220041405,BIPD,3/24/2022 0:00,1539,11120,NE HALLS HILL RD,122870230,22255499,PC3
P220041414,BIPD,3/24/2022 0:00,1549,10289,NORTH MADISON AVE NE,122443195,24386199,RECKL3
P220041425,BIPD,3/24/2022 0:00,1611,625,WINSLOW WAY E,122607645,23236096,FU
P220041692,BIPD,3/25/2022 0:00,0911,11800,NORTH MADISON AVE NE,122491045,24900950,FU
P220041841,BIPD,3/25/2022 0:00,1421,,MADRONA WAY NE / MADRONA WAY NE,122484890,23345878,CELL
P220041847,BIPD,3/25/2022 0:00,1428,625,WINSLOW WAY E,122607645,23236096,FOUND4
P220041880,BIPD,3/25/2022 0:00,1531,,EAGLE HARBOR,122763110,23042407,BOATF
P220042216,BIPD,3/26/2022 0:00,1134,141,PARFITT WAY SW,122411045,23143096,ASSIS3
P220042290,BIPD,3/26/2022 0:00,1439,9752,MILLER RD NE,121478993,24332249,FU
P220042537,BIPD,3/27/2022 0:00,0709,10841,ARROW POINT DR NE,121136985,24657573,PC4
P220042569,BIPD,3/27/2022 0:00,0916,,"XY(122145466,22546284)",122145466,22546284,CELL
P220042614,BIPD,3/27/2022 0:00,1141,4672,ROCKAWAY BEACH RD NE,122942296,22527595,FRAUD4
P220042681,BIPD,3/27/2022 0:00,1427,,"XY(121354481,24195191)",121354481,24195191,CELL
P220042722,BIPD,3/27/2022 0:00,1559,,HENSHAW WAY NE / MADRONA WAY NE,122430040,23330297,CELL
P220042850,BIPD,3/27/2022 0:00,2046,15422,SUNRISE DR NE,122752640,26092907,PC4
P220042856,BIPD,3/27/2022 0:00,2054,,NE EAGLE HARBOR DR / WYATT WAY NW,121975274,23400294,T
P220042912,BIPD,3/27/2022 0:00,2330,13681,MANZANITA RD NE,121467443,25556251,HARAS4
P220042927,BIPD,3/28/2022 0:00,0010,186,WYATT WAY NW,122405395,23396747,CPR
P220042981,BIPD,3/28/2022 0:00,0658,,NE LOVGREEN RD E / STATE HWY 305 NE,122194159,24976179,MVC4
P220043378,BIPD,3/28/2022 0:00,2107,8641,SANDS AVE NE,121875894,23848148,PC4
P220043399,BIPD,3/28/2022 0:00,2202,,NE DAY RD E / STATE HWY 305 NE,122023646,25247430,T
P220043491,BIPD,3/29/2022 0:00,0604,,NE DAY RD E / STATE HWY 305 NE,122023646,25247430,T
P220044028,BIPD,3/30/2022 0:00,0656,,"XY(122317550,23822767)",122317550,23822767,CELL
P220044033,BIPD,3/30/2022 0:00,0716,,NE BUSINESS PARK LN / SPORTSMAN CLUB RD NE,122322363,24094833,T
P220044059,BIPD,3/30/2022 0:00,0822,625,WINSLOW WAY E,122607645,23236096,MALIC4
P220044092,BIPD,3/30/2022 0:00,0929,,DEAD END / SUNRISE DR NE,122794453,26187894,CELL
P220044126,BIPD,3/30/2022 0:00,1049,4704,ROCKAWAY BEACH RD NE,122948496,22550245,PC4
P220044165,BIPD,3/30/2022 0:00,1141,,"XY(122330030,23668159)",122330030,23668159,CELL
P220044399,BIPD,3/30/2022 0:00,2008,,NE ERIC AVE / NORTH MADISON AVE NE,122465427,25055213,T
P220044509,BIPD,3/31/2022 0:00,0322,470,WOOD AVE SW,122356445,23140446,SUSPI3
P220044620,BIPD,3/31/2022 0:00,0938,8301,NE DAY RD E,122023500,25247400,FI
P220044781,BIPD,3/31/2022 0:00,1435,150,OLYMPIC DR SE,122598805,23232051,FU
P220045055,BIPD,4/1/2022 0:00,0213,,NE HIGH SCHOOL RD / HORIZON VIEW PL NW,122310709,23631734,CELL
P220045059,BIPD,4/1/2022 0:00,0226,,NE DAY RD E / STATE HWY 305 NE,122023646,25247430,FI
P220045146,BIPD,4/1/2022 0:00,0848,9330,NE HIGH SCHOOL RD,122364045,23666097,T
P220045371,BIPD,4/1/2022 0:00,1512,,NE HIGH SCHOOL RD / SPORTSMAN CLUB RD NE,122101057,23659699,T
P220045631,BIPD,4/2/2022 0:00,0130,625,WINSLOW WAY E,122607645,23236096,TRANS
P220045899,BIPD,4/2/2022 0:00,1633,,MINAMOTO LN NE / WINSLOW WAY E,122614770,23258757,CELL
P220046115,BIPD,4/3/2022 0:00,0229,363,TORMEY LN NE,122526987,23586074,ALSP
P220046240,BIPD,4/3/2022 0:00,1431,,DEAD END / HARBORVIEW DR SE,122652187,23178402,CELL
P220046227,BIPD,4/3/2022 0:00,1346,9889,NE SOUTH BEACH DR,122417745,21411193,ALRA
P220046423,BIPD,4/4/2022 0:00,0035,7601,NE BERGMAN RD,121795770,25122024,SUSPI3
P220046417,BIPD,4/4/2022 0:00,0006,12715,MILLER RD NE,121906194,25221650,ALRA
P220046445,BIPD,4/4/2022 0:00,0131,,NORTH MADISON AVE NE / NE VALLEY RD,122458161,24703570,WIRESU
P220046443,BIPD,4/4/2022 0:00,0128,4965,NE TOLO RD,120935459,24343999,WIRESL
P220046622,BIPD,4/4/2022 0:00,1054,,ERICKSEN AVE NE / MADRONE LN N,122485046,23256121,CELL
P220046761,BIPD,4/4/2022 0:00,1437,,DEAD END / MANITOU BEACH DR NE,122856532,24520990,CELL
P220046738,BIPD,4/4/2022 0:00,1407,2407,DOUGLAS DR NE,122440395,21806744,DV3
P220046889,BIPD,4/4/2022 0:00,1847,15515,SUNRISE DR NE,122753273,26123293,PC4
P220046928,BIPD,4/4/2022 0:00,2019,12719,NORTH MADISON AVE NE,122468569,25207329,PC4
