call_id,agency,actdate,acttime,streetnbr,street,geox,geoy,naturecode
P120002497,BIPD,1/5/2012 0:00,1332,9330,NE HIGH SCHOOL RD,122363800,23666100,RETURN
P120002433,BIPD,1/5/2012 0:00,1146,9343,SPORTSMAN CLUB RD NE,122337100,24132500,MISSI3
P120002467,BIPD,1/5/2012 0:00,1245,11522,MEADOWMEER CIR NE,122044168,24821899,ALRA
P120001234,BIPD,1/3/2012 0:00,1021,4569,LYNWOOD CENTER RD NE,121750700,22509200,SUSPI4
P120001182,BIPD,1/3/2012 0:00,0843,,FLETCHER BAY RD NE / NE HIGH SCHOOL RD,121498530,23670902,T
P120001043,BIPD,1/2/2012 0:00,2248,,STRAWBERRY LN NW / WEAVER RD NW,122170040,23516735,T
P120002641,BIPD,1/5/2012 0:00,1657,711,VILLAGE CIR NW,122196450,23412950,FRAUD4
P120002574,BIPD,1/5/2012 0:00,1522,,ERICKSEN AVE NE / WINSLOW WAY E,122525612,23245942,T
P120002499,BIPD,1/5/2012 0:00,1334,669,ALFORD PL NW,122243300,23582400,SFR
P120002476,BIPD,1/5/2012 0:00,1300,253,HIGH SCHOOL RD NE,122470100,23646300,SHOPL4
P120002483,BIPD,1/5/2012 0:00,1314,835,MADISON AVE N,122415100,23498500,T
P120001096,BIPD,1/3/2012 0:00,0246,15566,SANDY HOOK RD NE,120956750,26168550,ASSIS3
P120001076,BIPD,1/3/2012 0:00,0057,10102,EDGECOMBE PL NE,122508750,24293900,PROWL2
P120001062,BIPD,1/3/2012 0:00,0014,,FLETCHER BAY RD NE / NE NEW BROOKLYN RD,121365750,23936543,FI
P120000472,BIPD,1/1/2012 0:00,2021,7666,NE HIGH SCHOOL RD,121802600,23667700,FI
P120000446,BIPD,1/1/2012 0:00,1912,,HILDEBRAND LN NE / TORMEY LN NE,122534254,23589670,UNWAN3
P120000410,BIPD,1/1/2012 0:00,1801,6705,NE DAPPLE CT,121438000,22443150,ALRA
P120000362,BIPD,1/1/2012 0:00,1531,,GILMORE WAY NE / WINSLOW WAY E,122615981,23254352,CELL
P120001857,BIPD,1/4/2012 0:00,1147,253,HIGH SCHOOL RD NE,122470100,23646300,T
P120001784,BIPD,1/4/2012 0:00,0927,204,MADRONA WAY NE,122445481,23356538,WC3
P120001767,BIPD,1/4/2012 0:00,0844,,"XY(122552272,23583747)",122552272,23583747,CELL
P120001054,BIPD,1/2/2012 0:00,2357,,BLAKELY AVE NE / NE ODD FELLOWS RD,122237383,22290522,T
P120001052,BIPD,1/2/2012 0:00,2325,,FINCH RD NE / SPORTSMAN CLUB RD NE,122059296,23665375,CELL
P120000989,BIPD,1/2/2012 0:00,2030,,HENDERSON RD NE / MANZANITA RD NE,121491223,25653561,WIRESU
P120000977,BIPD,1/2/2012 0:00,2003,271,MADISON AVE S,122426553,23203333,OPEN4
P120002506,BIPD,1/5/2012 0:00,1345,,NE BAKER HILL RD / BLAKELY AVE NE,122016317,22599490,MVC4
P120002558,BIPD,1/5/2012 0:00,1501,625,WINSLOW WAY E,122607400,23236100,MISC4
P120000627,BIPD,1/2/2012 0:00,0843,,FIR ACRES DR NW / GROW AVE NW,122334019,23475175,T
P120000578,BIPD,1/2/2012 0:00,0233,,NE COUNTRY CLUB RD / FORT WARD HILL RD NE,122444940,22146864,T
P120000562,BIPD,1/2/2012 0:00,0048,,FINCH RD NE / SPORTSMAN CLUB RD NE,122065485,23658671,CELL
P120000506,BIPD,1/1/2012 0:00,2214,,NE DAY RD E / NE YETI LN,122025071,25272959,CELL
P120000486,BIPD,1/1/2012 0:00,2101,,,120874335,24518746,CELL
P120000473,BIPD,1/1/2012 0:00,2027,,"XY(121282990,24791158)",121282990,24791158,CELL
P120000459,BIPD,1/1/2012 0:00,1956,,HIGH SCHOOL RD NE / HILDEBRAND LN NE,122535496,23644973,T
P120000312,BIPD,1/1/2012 0:00,1338,,AGATEWOOD RD NE / NE DOLPHIN DR,121570277,26306220,T
P120000299,BIPD,1/1/2012 0:00,1309,781,HIGH SCHOOL RD NW,122223040,23655592,NARCO3
P120001446,BIPD,1/3/2012 0:00,1558,8903,NE KOURA RD,122231850,24668300,ASSIS4
P120001306,BIPD,1/3/2012 0:00,1217,,"XY(122307290,23080514)",122307290,23080514,CELL
P120001304,BIPD,1/3/2012 0:00,1215,330,MADISON AVE S,122434250,23159800,SUSPI3
P120001302,BIPD,1/3/2012 0:00,1210,,HIGH SCHOOL RD NE / HILDEBRAND LN NE,122535496,23644973,T
P120001202,BIPD,1/3/2012 0:00,0927,,LOVELL AVE SW / WINSLOW WAY W,122298739,23254567,INFOP4
P120001050,BIPD,1/2/2012 0:00,2307,3949,CRYSTAL SPRINGS DR NE,121040400,22361700,T
P120001028,BIPD,1/2/2012 0:00,2157,7777,FLETCHER BAY RD NE,121505600,23577700,FU
P120001012,BIPD,1/2/2012 0:00,2124,,KINNEAR RD NE / NE NORTH ST,121842023,26633188,WIRESU
P120001011,BIPD,1/2/2012 0:00,2119,8973,FERNCLIFF AVE NE,122680000,23964300,PC3
P120000995,BIPD,1/2/2012 0:00,2048,5690,NE WILD CHERRY LN,121215992,23808716,TRAFF3
P120000542,BIPD,1/1/2012 0:00,2346,,HARBORVIEW DR SE / OLYMPIC DR SE,122618573,23213755,T
P120003102,BIPD,1/6/2012 0:00,1310,781,HIGH SCHOOL RD NW,122223040,23655592,ASSAU4
P120001762,BIPD,1/4/2012 0:00,0837,6639,NE BAYVIEW BLVD,121473850,25023800,RUNAW4
P120001880,BIPD,1/4/2012 0:00,1226,9330,NE HIGH SCHOOL RD,122363800,23666100,MISC3
P120001486,BIPD,1/3/2012 0:00,1655,403,MADISON AVE N,122430200,23357500,PC3
P120001487,BIPD,1/3/2012 0:00,1656,282,KNECHTEL WAY NE,122487800,23447100,SUSPI4
P120001470,BIPD,1/3/2012 0:00,1624,,FINCH RD NE / SPORTSMAN CLUB RD NE,122038267,23529659,MVC4
P120000249,BIPD,1/1/2012 0:00,1013,625,WINSLOW WAY E,122607400,23236100,MISC3
P120001898,BIPD,1/4/2012 0:00,1251,245,HIGH SCHOOL RD NW,122243500,23654700,FU
P120001565,BIPD,1/3/2012 0:00,1957,9971,NE YAQUINA AVE,122565550,23989350,MVCG
P120001530,BIPD,1/3/2012 0:00,1828,907,CARVER ST,118435000,20790500,MEDIA
P120001457,BIPD,1/3/2012 0:00,1615,,NE DAY RD E / STATE HWY 305 NE,122023402,25247379,DUI3
P120002622,BIPD,1/5/2012 0:00,1631,,MADISON AVE N / STATE HWY 305 NE,122472543,23963078,DUI3
P120002430,BIPD,1/5/2012 0:00,1139,9330,NE HIGH SCHOOL RD,122363800,23666100,T
P120001843,BIPD,1/4/2012 0:00,1124,225,HIGH SCHOOL RD NW,122240895,23654772,WC3
P120002629,BIPD,1/5/2012 0:00,1637,,NE HIGH SCHOOL RD / MADISON AVE N,122439864,23649989,T
P120001544,BIPD,1/3/2012 0:00,1907,403,MADISON AVE N,122430200,23357500,FU
P120001308,BIPD,1/3/2012 0:00,1218,330,MADISON AVE S,122434250,23159800,WC911
P120001189,BIPD,1/3/2012 0:00,0905,380,WINSLOW WAY E,122507500,23253200,WC911
P120000976,BIPD,1/2/2012 0:00,2000,301,HIGH SCHOOL RD NE,122491536,23645882,WRT3
P120000997,BIPD,1/2/2012 0:00,2049,,COMMODORE LN NW / WHITED PL NW,122278885,23754915,TRAFF3
P120000622,BIPD,1/2/2012 0:00,0825,5400,NE TOLO RD,121047100,24359650,FI
P120000193,BIPD,1/1/2012 0:00,0439,,NE EAGLE HARBOR DR / NEW SWEDEN AVE NE,122551758,22852957,DV4
P120000551,BIPD,1/2/2012 0:00,0009,,NE HIDDEN COVE RD / STATE HWY 305 NE,121741136,25661125,T
P120002686,BIPD,1/5/2012 0:00,1852,625,WINSLOW WAY E,122607400,23236100,ASSIS4
P120000435,BIPD,1/1/2012 0:00,1857,,NE BERGANIO RD / FLETCHER BAY RD NE,121410482,23829137,T
P120000340,BIPD,1/1/2012 0:00,1450,,NORTH MADISON AVE NE / NE VALLEY RD,122457917,24703521,T
P120000331,BIPD,1/1/2012 0:00,1429,114,JACOLET LN NW,122424648,23409284,FU
P120001585,BIPD,1/3/2012 0:00,2116,3973,PLEASANT BEACH DR NE,121781450,22321000,GASLO
P120003715,BIPD,1/7/2012 0:00,1413,10111,NE KITSAP ST,122468300,21911250,FU
P120001886,BIPD,1/4/2012 0:00,1231,14290,NORTH MADISON AVE NE,122455713,25706994,ALSP
P120001793,BIPD,1/4/2012 0:00,0942,,BJUNE DR SE / WINSLOW WAY E,122533107,23245903,THREA4
P120001768,BIPD,1/4/2012 0:00,0845,901,HILDEBRAND LN NE,122517400,23521500,MVC3
P120001694,BIPD,1/4/2012 0:00,0233,,NE DAY RD W / MILLER RD NE,121978357,25249210,T
P120001547,BIPD,1/3/2012 0:00,1914,9723,COPPERTOP LOOP NE,122371460,24101160,FU
P120001379,BIPD,1/3/2012 0:00,1425,330,MADISON AVE S,122434250,23159800,UNWAN3
P120002100,BIPD,1/4/2012 0:00,1830,,NE DAY RD E / PHELPS RD NE,122035020,25246770,SUSPI3
P120003784,BIPD,1/7/2012 0:00,1702,,BATTLE POINT DR NE / MILLER RD NE,121350327,24126968,DUI3
P120002069,BIPD,1/4/2012 0:00,1727,,NE DAY RD E / STATE HWY 305 NE,122023402,25247379,MVCG
P120002216,BIPD,1/4/2012 0:00,2249,253,HIGH SCHOOL RD NE,122470100,23646300,T
P120002525,BIPD,1/5/2012 0:00,1413,,"XY(122485332,23257939)",122485332,23257939,UNKNO3
P120003121,BIPD,1/6/2012 0:00,1332,8832,FERNCLIFF AVE NE,122763100,23922350,ALRA
P120002713,BIPD,1/5/2012 0:00,1941,907,CARVER ST,118435000,20790500,MEDIA
P120002190,BIPD,1/4/2012 0:00,2200,,STATE HWY 305 NE / SUQUAMISH WAY NE,121272953,26526622,RECKL3
P120002134,BIPD,1/4/2012 0:00,1953,907,CARVER ST,118435000,20790500,MEDIA
P120001919,BIPD,1/4/2012 0:00,1322,14290,NORTH MADISON AVE NE,122455713,25706994,FU
P120001570,BIPD,1/3/2012 0:00,2022,403,MADISON AVE N,122430200,23357500,FU
P120001451,BIPD,1/3/2012 0:00,1606,,HIGH SCHOOL RD NE / STATE HWY 305 NE,122571082,23644469,T
P120003252,BIPD,1/6/2012 0:00,1649,10770,NORTH MADISON AVE NE,122478100,24546950,SUICIG
P120001095,BIPD,1/3/2012 0:00,0246,10320,NE ROBERTS RD,122688850,24839300,PROWL3
P120003370,BIPD,1/6/2012 0:00,2053,,HALL BROTHERS LOOP NW / WINSLOW WAY W,122372507,23252087,T
P120001018,BIPD,1/2/2012 0:00,2136,8263,NE CARMELLA LN,121977900,23520850,WRT4
P120001001,BIPD,1/2/2012 0:00,2055,,NE BOLERO DR / FORT WARD HILL RD NE,122411368,22050598,TRAFF3
P120003799,BIPD,1/7/2012 0:00,1738,253,WINSLOW WAY W,122369700,23242800,ALRA
P120001339,BIPD,1/3/2012 0:00,1321,132,MADRONA WAY NE,122434932,23356762,PC3
P120005577,BIPD,1/10/2012 0:00,1945,907,CARVER ST,118435000,20790500,MEDIA
P120003143,BIPD,1/6/2012 0:00,1402,5796,NE TOLO RD,121184917,24338251,SUSPI4
P120000671,BIPD,1/2/2012 0:00,1035,15576,WASHINGTON AVE NE,122424400,26166250,MALIC4
P120003964,BIPD,1/7/2012 0:00,2328,,NE BAY HILL RD / MILLER RD NE,121657490,24861833,T
P120003976,BIPD,1/7/2012 0:00,2345,,NE HIDDEN COVE RD / RUNNING SPRINGS LN NE,121910674,25635983,FI
P120003187,BIPD,1/6/2012 0:00,1501,,HENSHAW WAY NE / MADISON AVE N,122428700,23292510,WC3
P120000878,BIPD,1/2/2012 0:00,1639,15843,AGATE PASS BRG,121391000,26467600,TRAFF3
P120004477,BIPD,1/8/2012 0:00,2305,,"XY(123036988,22996013)",123036988,22996013,CELL
P120003314,BIPD,1/6/2012 0:00,1843,907,CARVER ST,118435000,20790500,MEDIA
P120003402,BIPD,1/6/2012 0:00,2201,180,HARBOR SQUARE LOOP NE,122649332,23272671,REPOS
P120002647,BIPD,1/5/2012 0:00,1715,,"XY(122071795,25257694)",122071795,25257694,CELL
P120005381,BIPD,1/10/2012 0:00,1333,403,MADISON AVE N,122430200,23357500,ALRA
P120002997,BIPD,1/6/2012 0:00,1025,9343,SPORTSMAN CLUB RD NE,122337100,24132500,MISC4
P120004795,BIPD,1/9/2012 0:00,1312,7305,NE HIDDEN COVE RD,121696700,25648700,WRT3
P120001971,BIPD,1/4/2012 0:00,1447,,"XY(122186429,23599811)",122186429,23599811,CELL
P120001990,BIPD,1/4/2012 0:00,1521,625,WINSLOW WAY E,122607400,23236100,PARKI4
P120003647,BIPD,1/7/2012 0:00,1120,316,WINSLOW WAY E,122497400,23247300,FU
P120001336,BIPD,1/3/2012 0:00,1317,,GROW AVE NW / MADISON AVE N,122426361,23658381,CELL
P120003879,BIPD,1/7/2012 0:00,2038,,FINCH RD NE / NE HIGH SCHOOL RD,122040602,23661844,T
P120003887,BIPD,1/7/2012 0:00,2056,,FERNCLIFF AVE NE / NE RUDDY DUCK LN,122701189,23691876,PC3
P120003093,BIPD,1/6/2012 0:00,1246,11085,STATE HWY 305 NE,122334900,24620000,TRESP3
P120003070,BIPD,1/6/2012 0:00,1200,287,WINSLOW WAY W,122359058,23252555,MVC3
P120004167,BIPD,1/8/2012 0:00,1045,625,WINSLOW WAY E,122607400,23236100,FU
P120002731,BIPD,1/5/2012 0:00,2012,14615,MISTY VALE PL NE,122635250,25939450,SUSPI4
P120002080,BIPD,1/4/2012 0:00,1743,820,FAWN PL,122677229,23573486,SUSPI4
P120004274,BIPD,1/8/2012 0:00,1454,,"XY(122552272,23583747)",122552272,23583747,CELL
P120004373,BIPD,1/8/2012 0:00,1833,8200,FLETCHER BAY RD NE,121479411,23726245,ASSIS4
P120004909,BIPD,1/9/2012 0:00,1604,781,HIGH SCHOOL RD NW,122223040,23655592,KEEP4
P120000778,BIPD,1/2/2012 0:00,1406,,FERNCLIFF AVE NE / HIGH SCHOOL RD NE,122700327,23641703,SUSPI3
P120004109,BIPD,1/8/2012 0:00,0500,7627,FLETCHER BAY RD NE,121430600,23503000,ASSIS3
P120000507,BIPD,1/1/2012 0:00,2214,9519,NE LOVGREEN RD E,122404300,24958850,DV2
P120000456,BIPD,1/1/2012 0:00,1955,235,SHANNON DR SE,122465236,23184075,FU
P120000371,BIPD,1/1/2012 0:00,1552,,NE DAY RD E / STATE HWY 305 NE,122023402,25247379,DUI3
P120000334,BIPD,1/1/2012 0:00,1438,159,WYATT WAY NE,122451800,23373750,FU
P120003687,BIPD,1/7/2012 0:00,1300,316,WINSLOW WAY E,122497400,23247300,FU
P120003746,BIPD,1/7/2012 0:00,1520,,STATE HWY 305 NE / NE WEST PORT MADISON RD,121590699,26041540,T
P120001949,BIPD,1/4/2012 0:00,1418,403,MADISON AVE N,122430200,23357500,LOSTP4
P120003783,BIPD,1/7/2012 0:00,1702,6584,NE NEW BROOKLYN RD,121437657,23935801,SUSPI3
P120003981,BIPD,1/7/2012 0:00,2353,15900,STATE HWY 305 NE,121341200,26500900,FI
P120002167,BIPD,1/4/2012 0:00,2106,,WEAVER RD NW / WYATT WAY NW,122167956,23391345,T
P120004960,BIPD,1/9/2012 0:00,1804,907,CARVER ST,118435000,20790500,MEDIA
P120005123,BIPD,1/10/2012 0:00,0207,12985,PHELPS RD NE,122013600,25315000,T
P120005180,BIPD,1/10/2012 0:00,0826,,GILMORE WAY NE / WINSLOW WAY E,122615981,23254352,CELL
P120002318,BIPD,1/5/2012 0:00,0826,9330,NE HIGH SCHOOL RD,122363800,23666100,T
P120002321,BIPD,1/5/2012 0:00,0829,10784,NE VALLEY RD,122834950,24700600,MVC4
P120004936,BIPD,1/9/2012 0:00,1714,4738,LYNWOOD CENTER RD NE,121775200,22508600,ALRA
P120005239,BIPD,1/10/2012 0:00,1001,350,HIGH SCHOOL RD NE,122521100,23645300,FOUND4
P120005581,BIPD,1/10/2012 0:00,1947,499,OLYMPIC DR SE,122674000,23182900,PC3
P120007144,BIPD,1/13/2012 0:00,1446,343,WINSLOW WAY W,122353350,23247500,SHOPL4
P120002831,BIPD,1/6/2012 0:00,0013,,NE DAY RD E / STATE HWY 305 NE,122023402,25247379,FI
P120002955,BIPD,1/6/2012 0:00,0906,625,WINSLOW WAY E,122607400,23236100,FOUND4
P120000261,BIPD,1/1/2012 0:00,1048,,,120874335,24518746,CELL
P120004526,BIPD,1/9/2012 0:00,0215,234,WOOD AVE SW,122365500,23199500,SUSPI3
P120002531,BIPD,1/5/2012 0:00,1424,4550,BLAKELY CT E,121987450,22511350,FU
P120002124,BIPD,1/4/2012 0:00,1927,,NE HIGH SCHOOL RD / KIMIKO LN,122446602,23663775,CELL
P120004645,BIPD,1/9/2012 0:00,0954,7873,NE DAY RD W,121902639,25251576,WC911
P120002081,BIPD,1/4/2012 0:00,1747,635,HIGH SCHOOL RD NE,122615700,23616500,WIRESU
P120003115,BIPD,1/6/2012 0:00,1321,,HIGH SCHOOL RD NE / POLLYS LN NE,122632397,23643334,PC3
P120000782,BIPD,1/2/2012 0:00,1415,625,WINSLOW WAY E,122607400,23236100,FU
P120004095,BIPD,1/8/2012 0:00,0345,9330,NE HIGH SCHOOL RD,122363800,23666100,FI
P120004155,BIPD,1/8/2012 0:00,0955,9561,GREEN SPOT PL NE,122620395,24128185,FUA
P120000598,BIPD,1/2/2012 0:00,0625,301,HIGH SCHOOL RD NE,122491536,23645882,MALIC4
P120004362,BIPD,1/8/2012 0:00,1803,,NE DAY RD E / STATE HWY 305 NE,122023402,25247379,DUI3
P120005374,BIPD,1/10/2012 0:00,1316,5359,RUBY PL NE,121702600,22867500,WC911
P120000890,BIPD,1/2/2012 0:00,1710,370,BRIEN DR SE,122509300,23185900,MISSI3
P120000763,BIPD,1/2/2012 0:00,1331,835,MADISON AVE N,122415100,23498500,FU
P120000739,BIPD,1/2/2012 0:00,1254,12412,MILLER RD NE,121833816,25128572,UNWAN3
P120000614,BIPD,1/2/2012 0:00,0812,14400,NORTH MADISON AVE NE,122452311,25736210,FI
P120000587,BIPD,1/2/2012 0:00,0322,781,HIGH SCHOOL RD NW,122223040,23655592,FU
P120002038,BIPD,1/4/2012 0:00,1629,7588,NE MEADOWMEER LN,121730650,24664500,HARAS4
P120002040,BIPD,1/4/2012 0:00,1632,,FERNCLIFF AVE NE / NE LOFGREN RD,122631170,24104765,TRAFF3
P120005486,BIPD,1/10/2012 0:00,1603,403,MADISON AVE N,122430200,23357500,MVC4
P120002696,BIPD,1/5/2012 0:00,1917,,"XY(121185009,24456970)",121185009,24456970,CELL
P120002924,BIPD,1/6/2012 0:00,0742,295,WINSLOW WAY E,122493059,23247476,FOUND5
P120003060,BIPD,1/6/2012 0:00,1145,225,NE HIGH SCHOOL RD,122373600,23636900,THREA3
P120003262,BIPD,1/6/2012 0:00,1705,8120,HIGH SCHOOL LOOP NE,121951750,23683750,PROWL4
P120003357,BIPD,1/6/2012 0:00,2020,,"XY(122481666,23259478)",122481666,23259478,CELL
P120004966,BIPD,1/9/2012 0:00,1807,,"XY(122671987,23298007)",122671987,23298007,CELL
P120005008,BIPD,1/9/2012 0:00,1945,7754,NE BERGMAN RD,121856600,25096250,WC911
P120003365,BIPD,1/6/2012 0:00,2041,253,HIGH SCHOOL RD NE,122470100,23646300,FU
P120002922,BIPD,1/6/2012 0:00,0729,,BATTLE POINT DR NE / MILLER RD NE,121350327,24126968,T
P120003764,BIPD,1/7/2012 0:00,1617,311,FIR ACRES DR NW,122367040,23454397,SUICI3
P120003901,BIPD,1/7/2012 0:00,2125,,NE EAGLE HARBOR DR / WYATT WAY NW,121975030,23400247,T
P120004016,BIPD,1/8/2012 0:00,0045,,"XY(122506368,23106793)",122506368,23106793,CELL
P120004286,BIPD,1/8/2012 0:00,1517,,SUNRISE DR NE / NE WILD SWAN LN,122677848,25821569,CELL
P120004479,BIPD,1/8/2012 0:00,2310,,JOHN ST NE / SUNRISE DR NE,122764314,25617190,CELL
P120004138,BIPD,1/8/2012 0:00,0840,,"XY(122549819,23181732)",122549819,23181732,CELL
P120004219,BIPD,1/8/2012 0:00,1233,,SPORTSMAN CLUB RD NE / STATE HWY 305 NE,122395136,24298387,T
P120002958,BIPD,1/6/2012 0:00,0912,,IHLAND WAY NE / MADISON AVE N,122435017,23579543,T
P120002981,BIPD,1/6/2012 0:00,0953,301,HIGH SCHOOL RD NE,122491536,23645882,T
P120004266,BIPD,1/8/2012 0:00,1442,,NE DAY RD W / MILLER RD NE,121978357,25249210,T
P120004419,BIPD,1/8/2012 0:00,2036,1643,JEANETTE PL NW,122261800,23762050,PROWL3
P120003630,BIPD,1/7/2012 0:00,1046,9330,NE HIGH SCHOOL RD,122363800,23666100,T
P120003640,BIPD,1/7/2012 0:00,1106,,"XY(122552272,23583747)",122552272,23583747,CELL
P120000922,BIPD,1/2/2012 0:00,1810,,NE BUSINESS PARK LN / SPORTSMAN CLUB RD NE,122322118,24094785,T
P120000899,BIPD,1/2/2012 0:00,1726,5515,NE TOLO RD,121110200,24306750,UNKNO3
P120000767,BIPD,1/2/2012 0:00,1344,7936,NE BECK RD,121823850,22347250,MISC3
P120000755,BIPD,1/2/2012 0:00,1320,8542,BATTLE POINT DR NE,121226850,24190950,ALRA
P120004548,BIPD,1/9/2012 0:00,0341,13365,STONEBRIDGE LN NE,122654073,25430341,ALRA
P120004550,BIPD,1/9/2012 0:00,0415,,HIGH SCHOOL RD NE / HILDEBRAND LN NE,122535496,23644973,PC3
P120006180,BIPD,1/11/2012 0:00,2051,907,CARVER ST,118435000,20790500,MEDIA
P120006682,BIPD,1/12/2012 0:00,1810,,PLEASANT BEACH DR NE / POINT WHITE DR NE,121758992,22525846,SUSPI3
P120006996,BIPD,1/13/2012 0:00,0942,,HIGH SCHOOL RD NE / HILDEBRAND LN NE,122535496,23644973,PC3
P120007035,BIPD,1/13/2012 0:00,1101,,SPORTSMAN CLUB RD NE / STATE HWY 305 NE,122395136,24298387,T
P120003325,BIPD,1/6/2012 0:00,1900,5863,NE TOLO RD,121205426,24337879,WC911
P120003404,BIPD,1/6/2012 0:00,2204,,FINCH RD NE / NE HIGH SCHOOL RD,122040602,23661844,T
P120003562,BIPD,1/7/2012 0:00,0436,,MADISON AVE N / WINSLOW WAY E,122427660,23249390,FI
P120003959,BIPD,1/7/2012 0:00,2313,12305,MILLER RD NE,121760450,25074500,T
P120006469,BIPD,1/12/2012 0:00,1125,,"XY(122485332,23257939)",122485332,23257939,CELL
P120000947,BIPD,1/2/2012 0:00,1911,,AGATE POINT RD NE / NE NORTH ST,121842023,26633188,WIRESU
P120004427,BIPD,1/8/2012 0:00,2059,14490,NORTH MADISON AVE NE,122463650,25749150,ALRA
P120000833,BIPD,1/2/2012 0:00,1518,,BJUNE DR SE / BJUNE DR SE,122494009,23194629,CELL
P120000772,BIPD,1/2/2012 0:00,1351,635,HIGH SCHOOL RD NE,122615700,23616500,SHOPL3
P120000730,BIPD,1/2/2012 0:00,1232,11232,FIELDSTONE LN NE,121871050,24749850,SUSPI3
P120000706,BIPD,1/2/2012 0:00,1148,625,WINSLOW WAY E,122607400,23236100,FI
P120003432,BIPD,1/6/2012 0:00,2314,316,WINSLOW WAY E,122497400,23247300,SUSPI3
P120002760,BIPD,1/5/2012 0:00,2104,,ERICKSEN AVE NE / MADRONE LN N,122485657,23251364,CELL
P120002803,BIPD,1/5/2012 0:00,2242,,MADISON AVE N / STATE HWY 305 NE,122472543,23963078,DUI3
P120002944,BIPD,1/6/2012 0:00,0836,,NE DAY RD E / NORTH MADISON AVE NE,122468811,25230896,T
P120005634,BIPD,1/10/2012 0:00,2157,8287,NE CARMELLA LN,122004850,23526700,FU
P120002935,BIPD,1/6/2012 0:00,0810,10795,BILL POINT VW NE,122886100,22759000,FRAUD4
P120000902,BIPD,1/2/2012 0:00,1731,15843,AGATE PASS BRG,121391000,26467600,PC3
P120000881,BIPD,1/2/2012 0:00,1645,,WINSLOW WAY E / WINSLOW WAY W,122427660,23249390,ASSIS3
P120000873,BIPD,1/2/2012 0:00,1627,1078,AARON AVE,122869350,23565950,SFR
P120000792,BIPD,1/2/2012 0:00,1426,12579,VISTA DR NE,122340900,25188550,DV2
P120004143,BIPD,1/8/2012 0:00,0924,,NE DAY RD E / NE YETI LN,122025071,25272959,CELL
P120000642,BIPD,1/2/2012 0:00,0929,395,WINSLOW WAY E,122523540,23246035,PC4
P120004523,BIPD,1/9/2012 0:00,0202,,NE DAY RD E / STATE HWY 305 NE,122023402,25247379,RECKL3
P120004648,BIPD,1/9/2012 0:00,0958,,NE HIDDEN COVE RD / STATE HWY 305 NE,121741136,25661125,TRAFF3
P120003486,BIPD,1/7/2012 0:00,0047,115,SADIE LN NW,122419100,23455850,LOUDP4
P120000138,BIPD,1/1/2012 0:00,0223,4720,NE EAGLE HARBOR DR,122533950,22867550,FU
P120000109,BIPD,1/1/2012 0:00,0143,15843,AGATE PASS BRG,121391000,26467600,WC3
P120000047,BIPD,1/1/2012 0:00,0040,,"XY(121282990,24791158)",121282990,24791158,CELL
P120002174,BIPD,1/4/2012 0:00,2120,625,WINSLOW WAY E,122607400,23236100,TRANS
P120005999,BIPD,1/11/2012 0:00,1441,7451,NE NORTH ST,121805100,26609900,BLS
P120006189,BIPD,1/11/2012 0:00,2111,,NE HIDDEN COVE RD / STATE HWY 305 NE,121741136,25661125,T
P120003439,BIPD,1/6/2012 0:00,2333,7305,NE HIDDEN COVE RD,121696700,25648700,FU
P120003456,BIPD,1/7/2012 0:00,0000,,NE HIGH SCHOOL RD / SPORTSMAN CLUB RD NE,122100813,23659652,T
P120006467,BIPD,1/12/2012 0:00,1121,,"XY(122485332,23257939)",122485332,23257939,CELL
P120004106,BIPD,1/8/2012 0:00,0448,299,SHANNON DR SE,122508700,23164500,FI
P120000196,BIPD,1/1/2012 0:00,0456,235,SHANNON DR SE,122465236,23184075,BURGL1
P120008261,BIPD,1/15/2012 0:00,1604,,NE GUNDERSON RD / MILLER BAY RD NE,121588123,28605473,MVCR
P120008282,BIPD,1/15/2012 0:00,1637,,"XY(122571771,22878059)",122571771,22878059,CELL
P120008283,BIPD,1/15/2012 0:00,1638,,NE DAY RD E / NE YETI LN,122025071,25272959,CELL
P120000056,BIPD,1/1/2012 0:00,0047,4720,NE EAGLE HARBOR DR,122533950,22867550,DVG
P120007191,BIPD,1/13/2012 0:00,1549,,"XY(121185009,24456970)",121185009,24456970,CELL
P120007305,BIPD,1/13/2012 0:00,1839,11698,KIRK AVE NE,121080349,24880750,FRAUD4
P120007570,BIPD,1/14/2012 0:00,0736,6954,NE CENTER ST,121652590,27163567,BURGL1
P120007651,BIPD,1/14/2012 0:00,1157,,NE DAY RD E / STATE HWY 305 NE,122023402,25247379,DUI3
P120007837,BIPD,1/14/2012 0:00,1801,907,CARVER ST,118435000,20790500,MEDIA
P120004156,BIPD,1/8/2012 0:00,1013,,MORAN RD NE / NORTH MADISON AVE NE,122402679,24301817,T
P120005033,BIPD,1/9/2012 0:00,2104,,TAYLOR AVE NE / NE WIGGINS RD,122672832,22651184,FOUND4
P120005331,BIPD,1/10/2012 0:00,1206,285,MADISON AVE S,122426500,23199000,SUSPI4
P120005472,BIPD,1/10/2012 0:00,1545,190,MADISON AVE N,122440300,23277800,ASSIS4
P120005569,BIPD,1/10/2012 0:00,1929,299,SHANNON DR SE,122508700,23164500,DV3
P120005820,BIPD,1/11/2012 0:00,0952,380,WINSLOW WAY E,122507500,23253200,WC911
P120007172,BIPD,1/13/2012 0:00,1515,,MADISON AVE N / WINSLOW WAY E,122427660,23249390,PC3
P120007195,BIPD,1/13/2012 0:00,1555,,NE DAY RD E / STATE HWY 305 NE,122023402,25247379,RECKL3
P120007470,BIPD,1/13/2012 0:00,2318,,BLAKELY AVE NE / NE OLD MILL RD,121925739,23093499,T
P120007923,BIPD,1/14/2012 0:00,2202,100,RAVINE LN NE,122582221,23267030,PC3
P120008085,BIPD,1/15/2012 0:00,0824,,MADISON AVE S / PARFITT WAY SW,122425441,23164008,ANIMA3
P120008150,BIPD,1/15/2012 0:00,1143,625,WINSLOW WAY E,122607400,23236100,WC911
P120006103,BIPD,1/11/2012 0:00,1808,12615,MANZANITA RD NE,121470000,25174200,ALRA
P120006575,BIPD,1/12/2012 0:00,1444,11299,ARROW POINT DR NE,121068800,24696200,MALIC4
P120006723,BIPD,1/12/2012 0:00,1950,907,CARVER ST,118435000,20790500,MEDIA
P120006804,BIPD,1/12/2012 0:00,2248,,HIGH SCHOOL RD NE / STATE HWY 305 NE,122571082,23644469,DUI3
P120006812,BIPD,1/12/2012 0:00,2305,,NE DAY RD W / MILLER RD NE,121978357,25249210,T
P120006978,BIPD,1/13/2012 0:00,0859,,BATTLE POINT DR NE / MILLER RD NE,121350327,24126968,T
P120004185,BIPD,1/8/2012 0:00,1123,9853,SPORTSMAN CLUB RD NE,122326950,24233550,SUSPI4
P120004207,BIPD,1/8/2012 0:00,1208,10419,NE OLD CREOSOTE HILL RD,122699550,22706850,FU
P120004438,BIPD,1/8/2012 0:00,2125,14490,NORTH MADISON AVE NE,122463650,25749150,ALRA
P120000043,BIPD,1/1/2012 0:00,0038,,ARROW POINT DR NE / MILLER RD NE,121550644,24644417,MVC3
P120008422,BIPD,1/15/2012 0:00,2259,9330,NE HIGH SCHOOL RD,122363800,23666100,FI
P120004576,BIPD,1/9/2012 0:00,0717,,"XY(122346810,22566296)",122346810,22566296,CELL
P120006006,BIPD,1/11/2012 0:00,1453,280,MADISON AVE N,122441700,23299100,ALRP
P120006320,BIPD,1/12/2012 0:00,0542,,HIGH SCHOOL RD NE / STATE HWY 305 NE,122571082,23644469,T
P120006403,BIPD,1/12/2012 0:00,0935,499,OLYMPIC DR SE,122674000,23182900,ASSIS3
P120006468,BIPD,1/12/2012 0:00,1122,,"XY(122487850,23396527)",122487850,23396527,CELL
P120006554,BIPD,1/12/2012 0:00,1410,7480,NE HIDDEN COVE RD,121776986,25673504,MISC3
P120006932,BIPD,1/13/2012 0:00,0710,4727,BLAKELY HEIGHTS DR NE,121860250,22580650,WC911
P120008288,BIPD,1/15/2012 0:00,1650,24670,MILLER BAY RD NE,122046800,29172000,MVC4
P120005389,BIPD,1/10/2012 0:00,1347,9330,NE HIGH SCHOOL RD,122363800,23666100,FU
P120008430,BIPD,1/15/2012 0:00,2317,9330,NE HIGH SCHOOL RD,122363800,23666100,FI
P120008533,BIPD,1/16/2012 0:00,0829,,BLUE HERON AVE NE / MADISON AVE N,122452966,23519883,CELL
P120008652,BIPD,1/16/2012 0:00,1307,11826,MANZANITA LN NE,121682750,24945350,ASSIS4
P120005615,BIPD,1/10/2012 0:00,2108,,NE DAY RD E / STATE HWY 305 NE,122023402,25247379,DUI3
P120003440,BIPD,1/6/2012 0:00,2333,,MADISON AVE N / WINSLOW WAY E,122427660,23249390,FI
P120003854,BIPD,1/7/2012 0:00,1955,907,CARVER ST,118435000,20790500,MEDIA
P120006851,BIPD,1/13/2012 0:00,0018,,NE HIGH SCHOOL RD / SANDS AVE NE,121907925,23666959,T
P120006946,BIPD,1/13/2012 0:00,0749,907,CARVER ST,118435000,20790500,MEDIA
P120003922,BIPD,1/7/2012 0:00,2216,,FLETCHER BAY RD NE / NE HIGH SCHOOL RD,121498530,23670902,T
P120008551,BIPD,1/16/2012 0:00,0938,,NORTH MADISON AVE NE / NE VALLEY RD,122457917,24703521,PC3
P120008658,BIPD,1/16/2012 0:00,1311,11692,KIRK AVE NE,121101400,24857800,SUSPI4
P120008720,BIPD,1/16/2012 0:00,1527,625,WINSLOW WAY E,122607400,23236100,FI
P120009133,BIPD,1/17/2012 0:00,1344,253,HIGH SCHOOL RD NE,122470100,23646300,ASSIS4
P120004585,BIPD,1/9/2012 0:00,0800,625,WINSLOW WAY E,122607400,23236100,TRANS
P120004768,BIPD,1/9/2012 0:00,1237,,DIAMOND DR NE / NE EMERALD LN,120871971,27214277,WC4
P120007050,BIPD,1/13/2012 0:00,1120,225,NE HIGH SCHOOL RD,122373600,23636900,FI
P120007054,BIPD,1/13/2012 0:00,1125,9330,NE HIGH SCHOOL RD,122363800,23666100,MVC4
P120007256,BIPD,1/13/2012 0:00,1719,8553,NE DAY RD E,122118900,25224300,ALRA
P120005637,BIPD,1/10/2012 0:00,2205,213,GOWEN PL NW,122074350,23272100,FU
P120007322,BIPD,1/13/2012 0:00,1857,519,BJUNE DR SE,122557261,23215964,DV3
P120009957,BIPD,1/19/2012 0:00,1340,,HIGH SCHOOL RD NE / HILDEBRAND LN NE,122535496,23644973,FI
P120008793,BIPD,1/16/2012 0:00,1754,,MILLER RD NE / NE TOLO RD,121433990,24330529,T
P120008854,BIPD,1/16/2012 0:00,2114,,EAKIN DR NW / WYATT WAY NW,122125132,23392830,T
P120009131,BIPD,1/17/2012 0:00,1332,253,HIGH SCHOOL RD NE,122470100,23646300,ASSIS3
P120009311,BIPD,1/17/2012 0:00,2123,321,HIGH SCHOOL RD NE,122500500,23645700,ASSAU3
P120009579,BIPD,1/18/2012 0:00,1313,7666,NE HIGH SCHOOL RD,121802600,23667700,RECKL3
P120010372,BIPD,1/20/2012 0:00,1235,,,120874335,24518746,CELL
P120007337,BIPD,1/13/2012 0:00,1919,907,CARVER ST,118435000,20790500,MEDIA
P120007333,BIPD,1/13/2012 0:00,1915,785,ERICKSEN AVE NE,122526250,23490750,SFC
P120007421,BIPD,1/13/2012 0:00,2146,241,WINSLOW WAY W,122377000,23251900,NOISE3
P120007563,BIPD,1/14/2012 0:00,0716,316,WINSLOW WAY E,122497400,23247300,ALRA
P120007683,BIPD,1/14/2012 0:00,1310,9010,MILLER RD NE,121339300,24048500,ALRA
P120007689,BIPD,1/14/2012 0:00,1319,,NE HIGH SCHOOL RD / SPORTSMAN CLUB RD NE,122100813,23659652,T
P120009999,BIPD,1/19/2012 0:00,1456,253,HIGH SCHOOL RD NE,122470100,23646300,T
P120007364,BIPD,1/13/2012 0:00,1945,625,WINSLOW WAY E,122607400,23236100,WRT3
P120005892,BIPD,1/11/2012 0:00,1152,,ERICKSEN AVE NE / MADRONE LN N,122485723,23250998,CELL
P120007492,BIPD,1/14/2012 0:00,0000,9312,CAPSTAN DR NE,122202750,23717550,PROWL3
P120010541,BIPD,1/20/2012 0:00,1921,8270,NE BLAKELY HEIGHTS DR,121928650,22550250,WC911
P120010519,BIPD,1/20/2012 0:00,1811,,NE ROBERTS RD / SUNRISE DR NE,122725237,24828276,TRAFF3
P120009261,BIPD,1/17/2012 0:00,1841,,BRIEN DR SE / WINSLOW WAY E,122533974,23230969,CELL
P120005012,BIPD,1/9/2012 0:00,1953,5378,DIAMOND PL NE,121678950,22866050,CHILD4
P120005861,BIPD,1/11/2012 0:00,1103,8287,NE CARMELLA LN,122004850,23526700,FU
P120005841,BIPD,1/11/2012 0:00,1027,,MADRONE LN N / WINSLOW WAY E,122461044,23248357,ASSAU2
P120006086,BIPD,1/11/2012 0:00,1731,11773,SUNRISE DR NE,122700600,24899650,THEFT4
P120010381,BIPD,1/20/2012 0:00,1251,,GILMORE WAY NE / WINSLOW WAY E,122615981,23254352,CELL
P120010529,BIPD,1/20/2012 0:00,1836,2202,10TH ST,119249650,21336100,HARAS3
P120010744,BIPD,1/21/2012 0:00,0511,,NE COUNTRY CLUB RD / TOE JAM HILL RD NE,122733788,22057172,WIRESU
P120010783,BIPD,1/21/2012 0:00,0837,,MADISON AVE N / STATE HWY 305 NE,122472543,23963078,T
P120010801,BIPD,1/21/2012 0:00,0949,,MILLER RD NE / NE NEW BROOKLYN RD,121365750,23936543,RECKL3
P120010892,BIPD,1/21/2012 0:00,1341,3090,CRYSTAL SPRINGS DR NE,121209650,22071050,CIVIL4
P120007693,BIPD,1/14/2012 0:00,1330,,NE MORGAN RD / STATE HWY 305 NE,122252700,24842450,T
P120007717,BIPD,1/14/2012 0:00,1403,4529,POINT WHITE DR NE,121671050,22554000,MALIC4
P120007824,BIPD,1/14/2012 0:00,1745,,NE HIDDEN COVE RD / MANZANITA RD NE,121491223,25653561,ASSIS3
P120010900,BIPD,1/21/2012 0:00,1355,,NE DANIEL CT / NORTH MADISON AVE NE,122454331,24523487,TRAFF3
P120004747,BIPD,1/9/2012 0:00,1148,9951,NE SOUTH BEACH DR,122436438,21417020,CIVIL4
P120007842,BIPD,1/14/2012 0:00,1806,,MADISON AVE N / WINSLOW WAY E,122427660,23249390,T
P120007639,BIPD,1/14/2012 0:00,1125,1220,HILDEBRAND LN NE,122550200,23631100,ASSIS4
P120007659,BIPD,1/14/2012 0:00,1211,920,MADISON AVE N,122445900,23547300,PC3
P120011019,BIPD,1/21/2012 0:00,1715,,SPORTSMAN CLUB RD NE / STATE HWY 305 NE,122395136,24298387,T
P120011138,BIPD,1/21/2012 0:00,2207,,BATTLE POINT DR NE / SKINNER RD NE,121002880,24605129,TRAFF3
P120011189,BIPD,1/21/2012 0:00,2342,,BIRKLAND RD NE / WEST BLAKELY RD NE,122064347,22362730,CELL
P120011315,BIPD,1/22/2012 0:00,0853,439,COSGROVE ST NW,122185250,23363100,FU
P120003934,BIPD,1/7/2012 0:00,2238,,MANITOU BEACH DR NE / NORTH MADISON AVE NE,122430015,24309046,T
P120003939,BIPD,1/7/2012 0:00,2245,,NE DAY RD E / STATE HWY 305 NE,122023402,25247379,T
P120007126,BIPD,1/13/2012 0:00,1406,,MADISON AVE N / STATE HWY 305 NE,122472543,23963078,T
P120007243,BIPD,1/13/2012 0:00,1704,,,120874335,24518746,CELL
P120007252,BIPD,1/13/2012 0:00,1715,,NORTH MADISON AVE NE / NE VALLEY RD,122457917,24703521,T
P120004003,BIPD,1/8/2012 0:00,0023,5009,TAYLOR AVE NE,122602200,22641950,PROWL2
P120007663,BIPD,1/14/2012 0:00,1227,,DEERCLIFF RD NE / HIGH SCHOOL RD NE,122698252,23629450,CELL
P120007696,BIPD,1/14/2012 0:00,1336,,NE HIDDEN COVE RD / STATE HWY 305 NE,121741136,25661125,TRAFF3
P120010746,BIPD,1/21/2012 0:00,0537,231,WINSLOW WAY E,122463600,23240400,PC3
P120010836,BIPD,1/21/2012 0:00,1121,,"XY(122481619,23112078)",122481619,23112078,CELL
P120010848,BIPD,1/21/2012 0:00,1205,9138,NE HIDDEN COVE RD,122324000,25805400,MISC4
P120007894,BIPD,1/14/2012 0:00,2056,7781,NE NORTH ST,121914788,26580260,FIREW3
P120007869,BIPD,1/14/2012 0:00,1951,,NE COUNTRY CLUB RD / FORT WARD HILL RD NE,122444940,22146864,TRAFF3
P120010980,BIPD,1/21/2012 0:00,1609,9596,GREEN SPOT PL NE,122615350,24182000,KEEP4
P120007916,BIPD,1/14/2012 0:00,2145,,HARBORVIEW DR SE / OLYMPIC DR SE,122618573,23213755,T
P120008403,BIPD,1/15/2012 0:00,2154,,NE HIGH SCHOOL RD / MADISON AVE N,122439864,23649989,T
P120008458,BIPD,1/16/2012 0:00,0101,9330,NE HIGH SCHOOL RD,122363800,23666100,FI
P120011441,BIPD,1/22/2012 0:00,1436,7056,NE NEW BROOKLYN RD,121576600,23979950,WC3
P120011505,BIPD,1/22/2012 0:00,1654,,"XY(121185009,24456970)",121185009,24456970,CELL
P120011772,BIPD,1/23/2012 0:00,0918,5190,NE EAGLE HARBOR DR,122358450,22868150,MVC4
P120011857,BIPD,1/23/2012 0:00,1126,,NE BUSINESS PARK LN / COPPERTOP LOOP NE,122341628,24093666,T
P120011928,BIPD,1/23/2012 0:00,1314,,HILDEBRAND LN NE / TORMEY LN NE,122534254,23589670,MISC3
P120009990,BIPD,1/19/2012 0:00,1440,,NE LOVGREEN RD E / NORTH MADISON AVE NE,122463342,24967499,TRAFF3
P120006164,BIPD,1/11/2012 0:00,2022,8287,NE CARMELLA LN,122004850,23526700,FU
P120006221,BIPD,1/11/2012 0:00,2228,12806,SUNRISE DR NE,122744550,25203900,RUNAW4
P120006446,BIPD,1/12/2012 0:00,1051,410,MADRONA WAY NE,122473959,23355934,MALIC4
P120006663,BIPD,1/12/2012 0:00,1739,625,WINSLOW WAY E,122607400,23236100,FI
P120006717,BIPD,1/12/2012 0:00,1925,253,HIGH SCHOOL RD NE,122470100,23646300,CHILD3
P120006855,BIPD,1/13/2012 0:00,0033,253,HIGH SCHOOL RD NE,122470100,23646300,T
P120008024,BIPD,1/15/2012 0:00,0134,,HIGH SCHOOL RD NE / HILDEBRAND LN NE,122535496,23644973,T
P120010924,BIPD,1/21/2012 0:00,1428,,"XY(122312790,23690430)",122312790,23690430,CELL
P120008064,BIPD,1/15/2012 0:00,0708,625,WINSLOW WAY E,122607400,23236100,WRT3
P120005941,BIPD,1/11/2012 0:00,1321,,FLETCHER BAY RD NE / NE HIGH SCHOOL RD,121498530,23670902,RECKL3
P120005927,BIPD,1/11/2012 0:00,1300,8263,NE CARMELLA LN,121977900,23520850,FU
P120011312,BIPD,1/22/2012 0:00,0833,439,COSGROVE ST NW,122185250,23363100,ALRA
P120008721,BIPD,1/16/2012 0:00,1527,,"XY(122346810,22566296)",122346810,22566296,CELL
P120008945,BIPD,1/17/2012 0:00,0440,,MILLER RD NE / NE TOLO RD,121433990,24330529,TRAFF3
P120009010,BIPD,1/17/2012 0:00,0949,,MADISON AVE N / STATE HWY 305 NE,122472543,23963078,T
P120009022,BIPD,1/17/2012 0:00,1007,10255,NE VALLEY RD,122674600,24698700,MISC4
P120009403,BIPD,1/18/2012 0:00,0427,,NE NEW BROOKLYN RD / SANDS AVE NE,121914537,23931258,TRANS
P120009502,BIPD,1/18/2012 0:00,0952,907,CARVER ST,118435000,20790500,MEDIA
P120010311,BIPD,1/20/2012 0:00,1010,835,MADISON AVE N,122415100,23498500,THREA4
P120012763,BIPD,1/24/2012 0:00,2134,625,WINSLOW WAY E,122607400,23236100,MISC4
P120012792,BIPD,1/24/2012 0:00,2222,,AGATEWOOD RD NE / NE DOLPHIN DR,121570277,26306220,TRAFF3
P120013003,BIPD,1/25/2012 0:00,0748,7910,NE DAY RD W,121585050,25311350,BLSP
P120013118,BIPD,1/25/2012 0:00,1155,337,BROMLEY PL NW,122222100,23275300,ASSIS3
P120013148,BIPD,1/25/2012 0:00,1258,8355,NE DAY RD E,122064100,25221100,FU
P120010837,BIPD,1/21/2012 0:00,1127,8241,NE BLAKELY HEIGHTS CT,121931650,22571700,THEFT4
P120006952,BIPD,1/13/2012 0:00,0802,,MADISON AVE N / STATE HWY 305 NE,122472543,23963078,T
P120007096,BIPD,1/13/2012 0:00,1303,10044,EDGECOMBE PL NE,122500000,24237150,THEFT4
P120011204,BIPD,1/22/2012 0:00,0026,8000,NE WEST PORT MADISON RD,121960881,26032229,FI
P120007125,BIPD,1/13/2012 0:00,1403,,MADISON AVE N / STATE HWY 305 NE,122472543,23963078,TRAFF3
P120006035,BIPD,1/11/2012 0:00,1547,8472,NE LOVGREEN RD E,122226075,24975101,MISSI4
P120008543,BIPD,1/16/2012 0:00,0917,,NE LOVGREEN RD E / STATE HWY 305 NE,122193914,24976129,MVC4
P120008607,BIPD,1/16/2012 0:00,1148,,NE DAY RD E / STATE HWY 305 NE,122023402,25247379,RECKL3
P120011830,BIPD,1/23/2012 0:00,1049,9450,NE CORAL CT,122235850,23801800,FU
P120008806,BIPD,1/16/2012 0:00,1841,,NE NEW BROOKLYN RD / NORTH TOWN DR NE,122285145,23917554,T
P120008969,BIPD,1/17/2012 0:00,0742,9737,NE CHARISMA CIR,122460700,22061650,ALRP
P120011652,BIPD,1/23/2012 0:00,0039,625,WINSLOW WAY E,122607400,23236100,WRT3
P120009597,BIPD,1/18/2012 0:00,1350,,SPORTSMAN CLUB RD NE / STATE HWY 305 NE,122395136,24298387,FI
P120009930,BIPD,1/19/2012 0:00,1243,,WEAVER RD NW / WYATT WAY NW,122167956,23391345,WC3
P120009948,BIPD,1/19/2012 0:00,1323,299,SHANNON DR SE,122508700,23164500,THEFT4
P120010010,BIPD,1/19/2012 0:00,1511,,FLETCHER BAY RD NE / NE HIGH SCHOOL RD,121498530,23670902,MVC3
P120010095,BIPD,1/19/2012 0:00,1830,,"XY(122307290,23080514)",122307290,23080514,CELL
P120013365,BIPD,1/25/2012 0:00,1910,1090,IHLAND PL NE,122475350,23575100,SUICIB
P120013400,BIPD,1/25/2012 0:00,2017,8677,MADISON AVE N,122420700,23836800,WC911
P120013432,BIPD,1/25/2012 0:00,2157,,NE HIDDEN COVE RD / STATE HWY 305 NE,121741136,25661125,T
P120013626,BIPD,1/26/2012 0:00,0950,7468,NE BAY HILL RD,121757300,24875900,SUSPI3
P120013866,BIPD,1/26/2012 0:00,1624,,NE DAY RD E / STATE HWY 305 NE,122023402,25247379,MVCG
P120013907,BIPD,1/26/2012 0:00,1730,7100,BLUE SKY LN NE,121334800,23385550,WC911
P120007975,BIPD,1/14/2012 0:00,2354,8895,MADISON AVE N,122433700,23949200,T
P120008172,BIPD,1/15/2012 0:00,1243,6515,NE ADAS WILL LN,121494600,26208850,WC911
P120004556,BIPD,1/9/2012 0:00,0512,,LOVELL AVE NW / WYATT WAY NW,122300088,23386514,T
P120009106,BIPD,1/17/2012 0:00,1247,625,WINSLOW WAY E,122607400,23236100,MISC4
P120009248,BIPD,1/17/2012 0:00,1818,,NE HIGH SCHOOL RD / HORIZON VIEW PL NW,122310438,23631740,CELL
P120009345,BIPD,1/17/2012 0:00,2331,,SPORTSMAN CLUB RD NE / STATE HWY 305 NE,122395136,24298387,T
P120009087,BIPD,1/17/2012 0:00,1158,6364,NE TARA LN,121294150,22213850,FRAUD4
P120009237,BIPD,1/17/2012 0:00,1753,,NE NEW BROOKLYN RD / SANDS AVE NE,121914537,23931258,MVCA
P120009314,BIPD,1/17/2012 0:00,2139,292,MADRONA WAY NE,122497400,23365150,DV3
P120009631,BIPD,1/18/2012 0:00,1500,,STATE HWY 305 NE / WINSLOW WAY E,122597069,23245490,TRAFF3
P120009857,BIPD,1/19/2012 0:00,0810,301,HIGH SCHOOL RD NE,122491536,23645882,ASSIS4
P120009861,BIPD,1/19/2012 0:00,0835,4450,BLAKELY AVE NE,122091700,22497100,MISC4
P120010168,BIPD,1/19/2012 0:00,2215,321,HIGH SCHOOL RD NE,122500500,23645700,FI
P120012707,BIPD,1/24/2012 0:00,1918,9084,NORTH TOWN DR NE,122301700,23968150,POV4
P120010395,BIPD,1/20/2012 0:00,1323,,NE DAY RD E / STATE HWY 305 NE,122023402,25247379,TRAFF3
P120010538,BIPD,1/20/2012 0:00,1910,,STATE HWY 305 NE / WINSLOW WAY E,122597069,23245490,MVC3
P120010654,BIPD,1/21/2012 0:00,0041,1310,MADISON AVE N,122447500,23664000,OPEN3
P120007332,BIPD,1/13/2012 0:00,1905,,"XY(122347121,24073137)",122347121,24073137,CELL
P120000954,BIPD,1/2/2012 0:00,1922,,"XY(122485332,23257939)",122485332,23257939,CELL
P120000931,BIPD,1/2/2012 0:00,1843,,MADISON AVE N / MADRONA WAY NE,122430171,23356861,PC3
P120007885,BIPD,1/14/2012 0:00,2035,8895,MADISON AVE N,122433700,23949200,MISC3
P120000809,BIPD,1/2/2012 0:00,1448,625,WINSLOW WAY E,122607400,23236100,MISC4
P120000773,BIPD,1/2/2012 0:00,1352,7936,NE BECK RD,121823850,22347250,MISC3
P120013901,BIPD,1/26/2012 0:00,1722,625,WINSLOW WAY E,122607400,23236100,WRT3
P120014253,BIPD,1/27/2012 0:00,1110,,NE BUSINESS PARK LN / SPORTSMAN CLUB RD NE,122322118,24094785,T
P120014280,BIPD,1/27/2012 0:00,1132,,NE HIGH SCHOOL RD / MADISON AVE N,122439864,23649989,T
P120014291,BIPD,1/27/2012 0:00,1142,8105,SPORTSMAN CLUB RD NE,122102750,23720500,THEFT4
P120014339,BIPD,1/27/2012 0:00,1306,406,HIGH SCHOOL RD NE,122537800,23644900,ASSIS4
P120014355,BIPD,1/27/2012 0:00,1332,625,WINSLOW WAY E,122607400,23236100,FOUND4
P120010079,BIPD,1/19/2012 0:00,1743,4759,LYNWOOD CENTER RD NE,121753900,22568600,WC3
P120010369,BIPD,1/20/2012 0:00,1225,,GROW AVE NW / WINSLOW WAY W,122330727,23253959,FOUND4
P120010469,BIPD,1/20/2012 0:00,1622,11099,NE SEABORN RD,122836500,22233300,NAVIG3
P120010574,BIPD,1/20/2012 0:00,2111,4738,LYNWOOD CENTER RD NE,121775200,22508600,PC3
P120013161,BIPD,1/25/2012 0:00,1324,,MADISON AVE N / STATE HWY 305 NE,122472543,23963078,TRAFF3
P120010635,BIPD,1/20/2012 0:00,2357,499,OLYMPIC DR SE,122674000,23182900,PC3
P120010846,BIPD,1/21/2012 0:00,1157,,"XY(121208669,23443586)",121208669,23443586,CELL
P120010922,BIPD,1/21/2012 0:00,1427,11160,OLALLIE LN NE,120877400,24691000,FU
P120014246,BIPD,1/27/2012 0:00,1054,,NE BUSINESS PARK LN / SPORTSMAN CLUB RD NE,122322118,24094785,T
P120014247,BIPD,1/27/2012 0:00,1059,9343,SPORTSMAN CLUB RD NE,122337100,24132500,T
P120010965,BIPD,1/21/2012 0:00,1550,180,HARBOR SQUARE LOOP NE,122649332,23272671,WC3
P120010976,BIPD,1/21/2012 0:00,1605,920,HILDEBRAND LN NE,122546100,23567800,INTOX4
P120014409,BIPD,1/27/2012 0:00,1451,,KOMEDAL RD NE / NE SEABOLD RD,121564990,26043092,VERBA3
P120011977,BIPD,1/23/2012 0:00,1444,9330,NE HIGH SCHOOL RD,122363800,23666100,SUSPI3
P120011960,BIPD,1/23/2012 0:00,1419,9450,NE CORAL CT,122235850,23801800,FU
P120012176,BIPD,1/23/2012 0:00,2232,6894,NE SEABOLD CHURCH RD,121590300,25930700,PC3
P120012449,BIPD,1/24/2012 0:00,1250,1270,MADISON AVE N,122444300,23625500,ASSIS3
P120012743,BIPD,1/24/2012 0:00,2052,9657,NE WINTHERS RD,122482151,24966767,WIRESU
P120010857,BIPD,1/21/2012 0:00,1220,,"XY(121186992,23443710)",121186992,23443710,CELL
P120010865,BIPD,1/21/2012 0:00,1231,,"XY(121187765,23455004)",121187765,23455004,CELL
P120013372,BIPD,1/25/2012 0:00,1917,907,CARVER ST,118435000,20790500,MEDIA
P120010942,BIPD,1/21/2012 0:00,1512,,NE HIDDEN COVE RD / STATE HWY 305 NE,121741136,25661125,TRAFF3
P120011215,BIPD,1/22/2012 0:00,0102,,"XY(122636659,25532775)",122636659,25532775,CELL
P120011223,BIPD,1/22/2012 0:00,0124,,NE KOURA RD / STATE HWY 305 NE,122310217,24709702,T
P120008205,BIPD,1/15/2012 0:00,1403,3204,POINT WHITE DR NE,121322000,22083350,ALRA
P120008275,BIPD,1/15/2012 0:00,1626,,NE LOVGREEN RD E / STATE HWY 305 NE,122193914,24976129,MVCA
P120004325,BIPD,1/8/2012 0:00,1648,,"XY(122467888,23307211)",122467888,23307211,CELL
P120008457,BIPD,1/16/2012 0:00,0057,3949,CRYSTAL SPRINGS DR NE,121040400,22361700,FI
P120008501,BIPD,1/16/2012 0:00,0523,343,WINSLOW WAY E,122501900,23247000,FI
P120009547,BIPD,1/18/2012 0:00,1200,10100,NE LAFAYETTE AVE,122655059,26153261,WIRESU
P120009707,BIPD,1/18/2012 0:00,1805,907,CARVER ST,118435000,20790500,MEDIA
P120012807,BIPD,1/24/2012 0:00,2233,321,HIGH SCHOOL RD NE,122500500,23645700,ALRA
P120012816,BIPD,1/24/2012 0:00,2239,,FERNCLIFF AVE NE / TIFFANY MEADOWS DR NE,122695379,23445828,WIRESU
P120009795,BIPD,1/18/2012 0:00,2300,,NE DAY RD E / STATE HWY 305 NE,122023402,25247379,FI
P120009821,BIPD,1/19/2012 0:00,0104,225,NE HIGH SCHOOL RD,122373600,23636900,PC4
P120014429,BIPD,1/27/2012 0:00,1516,382,MADISON AVE N,122429977,23351526,POV4
P120014595,BIPD,1/27/2012 0:00,2102,16639,AGATE POINT RD NE,121798650,26506800,FIREW4
P120014724,BIPD,1/28/2012 0:00,0018,241,WINSLOW WAY W,122377000,23251900,UNWAN3
P120014838,BIPD,1/28/2012 0:00,0800,625,WINSLOW WAY E,122607400,23236100,MISC4
P120014918,BIPD,1/28/2012 0:00,1159,370,FIR ACRES DR NW,122359344,23474796,FU
P120015353,BIPD,1/29/2012 0:00,0226,15347,SUQUAMISH WAY NE,121270800,26509200,ASSIS3
P120011650,BIPD,1/23/2012 0:00,0032,299,SHANNON DR SE,122508700,23164500,FI
P120013910,BIPD,1/26/2012 0:00,1740,343,WINSLOW WAY E,122501900,23247000,TRANS
P120008096,BIPD,1/15/2012 0:00,0905,,NE LOVGREEN RD E / STATE HWY 305 NE,122193914,24976129,MVCA
P120008324,BIPD,1/15/2012 0:00,1744,245,HIGH SCHOOL RD NW,122243500,23654700,TRAFF4
P120008333,BIPD,1/15/2012 0:00,1807,907,CARVER ST,118435000,20790500,MEDIA
P120011768,BIPD,1/23/2012 0:00,0914,,NE BUSINESS PARK LN / SPORTSMAN CLUB RD NE,122322118,24094785,T
P120008531,BIPD,1/16/2012 0:00,0827,10628,NE MANITOU PARK BLVD,122894400,24481800,NOISE4
P120004733,BIPD,1/9/2012 0:00,1133,,BLAKELY AVE NE / NE BUCKLIN HILL RD,121921781,23138274,T
P120005334,BIPD,1/10/2012 0:00,1208,406,HIGH SCHOOL RD NE,122537800,23644900,WC3
P120005430,BIPD,1/10/2012 0:00,1444,9198,NE HIDDEN COVE RD,122341550,25773250,SUSPI4
P120009019,BIPD,1/17/2012 0:00,1006,7588,NE MEADOWMEER LN,121730650,24664500,WC911
P120009067,BIPD,1/17/2012 0:00,1126,625,WINSLOW WAY E,122607400,23236100,TRANS
P120007946,BIPD,1/14/2012 0:00,2301,7934,NE BUCKLIN HILL RD,121886700,23147700,DUI3
P120011328,BIPD,1/22/2012 0:00,0950,625,WINSLOW WAY E,122607400,23236100,WRT4
P120011389,BIPD,1/22/2012 0:00,1301,,CAPSTAN DR NE / NE TIDAL CT,122193283,23739154,PC4
P120011501,BIPD,1/22/2012 0:00,1651,9084,NORTH TOWN DR NE,122301700,23968150,FU
P120011563,BIPD,1/22/2012 0:00,2001,,MADISON AVE N / WYATT WAY NE,122430637,23382031,RECKL3
P120011573,BIPD,1/22/2012 0:00,2031,,MADRONE LN N / WINSLOW WAY E,122461044,23248357,PC3
P120013337,BIPD,1/25/2012 0:00,1739,7895,WESTERLY LN NE,121863100,23641650,ALRA
P120010116,BIPD,1/19/2012 0:00,1907,1297,MADISON AVE N,122437900,23645700,DUI3
P120010357,BIPD,1/20/2012 0:00,1201,,"XY(122346834,22567390)",122346834,22567390,CELL
P120013989,BIPD,1/26/2012 0:00,2122,277,SHEPARD WAY NW,122383994,23317366,SUSPI3
P120010504,BIPD,1/20/2012 0:00,1738,907,CARVER ST,118435000,20790500,MEDIA
P120012058,BIPD,1/23/2012 0:00,1647,,MADISON AVE N / STATE HWY 305 NE,122472543,23963078,MVC4
P120014395,BIPD,1/27/2012 0:00,1438,,NE HIGH SCHOOL RD / MADISON AVE N,122439864,23649989,T
P120014547,BIPD,1/27/2012 0:00,1847,601,HIGH SCHOOL RD NE,122587100,23628700,DUI3
P120014590,BIPD,1/27/2012 0:00,2053,,NE HIGH SCHOOL RD / HORIZON VIEW PL NW,122310438,23631740,CELL
P120012121,BIPD,1/23/2012 0:00,1818,,BILL POINT CRST NE / NE OLD CREOSOTE HILL RD,122851233,22778935,CELL
P120012700,BIPD,1/24/2012 0:00,1911,,BJUNE DR SE / RAVINE LN NE,122541881,23254147,CELL
P120009103,BIPD,1/17/2012 0:00,1239,,NE HIGH SCHOOL RD / HORIZON VIEW PL NW,122315388,23640387,CELL
P120005589,BIPD,1/10/2012 0:00,2002,12079,SUNRISE DR NE,122714050,24989450,WC911
P120005929,BIPD,1/11/2012 0:00,1302,1283,SHANTI LN NE,122243050,23642050,ALS
P120005974,BIPD,1/11/2012 0:00,1402,6500,ISLAND CENTER RD NE,121504341,23234866,ASSIS4
P120009595,BIPD,1/18/2012 0:00,1341,,CAROLE PL NE / PLEASANT PL NE,122252112,24970582,CELL
P120006283,BIPD,1/12/2012 0:00,0105,,STATE HWY 305 NE / NE WEST PORT MADISON RD,121590699,26041540,T
P120010756,BIPD,1/21/2012 0:00,0640,241,MADISON AVE N,122429004,23305607,ALRA
P120014238,BIPD,1/27/2012 0:00,1045,9000,SPORTSMAN CLUB RD NE,122278682,23987317,T
P120010757,BIPD,1/21/2012 0:00,0702,,NE LOVGREEN RD E / STATE HWY 305 NE,122193914,24976129,TRAFF3
P120010829,BIPD,1/21/2012 0:00,1056,9084,NORTH TOWN DR NE,122301700,23968150,FU
P120014512,BIPD,1/27/2012 0:00,1723,,GOWEN PL NW / WYATT WAY NW,122080959,23394457,PC4
P120010947,BIPD,1/21/2012 0:00,1525,,NE LOVGREEN RD W / MILLER RD NE,121741307,24988019,T
P120012749,BIPD,1/24/2012 0:00,2104,,FERNCLIFF AVE NE / NE LOFGREN RD,122631170,24104765,TRAFF3
P120015277,BIPD,1/29/2012 0:00,0016,122,HALL BROTHERS LOOP NW,122373197,23258375,NOISE4
P120012761,BIPD,1/24/2012 0:00,2128,,NE ERIC AVE / NORTH MADISON AVE NE,122465182,25055163,T
P120012779,BIPD,1/24/2012 0:00,2201,400,HARBORVIEW DR SE,122621100,23168300,DV3
P120012810,BIPD,1/24/2012 0:00,2234,653,NE KLICKITAT PL,122631650,23484800,BURGL1
P120015563,BIPD,1/29/2012 0:00,1505,,6TH ST / HEWITT AVE,119367433,21220982,ASSIS3
P120011611,BIPD,1/22/2012 0:00,2208,,NE HIDDEN COVE RD / STATE HWY 305 NE,121741136,25661125,T
P120011622,BIPD,1/22/2012 0:00,2245,,NE BUSINESS PARK LN / COPPERTOP LOOP NE,122341628,24093666,PC3
P120012285,BIPD,1/24/2012 0:00,0615,625,WINSLOW WAY E,122607400,23236100,FOUND4
P120012392,BIPD,1/24/2012 0:00,1054,9596,GREEN SPOT PL NE,122615350,24182000,FU
P120012456,BIPD,1/24/2012 0:00,1303,9330,NE HIGH SCHOOL RD,122363800,23666100,FU
P120012530,BIPD,1/24/2012 0:00,1447,625,WINSLOW WAY E,122607400,23236100,FI
P120015551,BIPD,1/29/2012 0:00,1443,,BLAKELY AVE NE / NE MABREY LN,122006479,22647954,T
P120015571,BIPD,1/29/2012 0:00,1519,,WEAVER RD NW / WYATT WAY NW,122167956,23391345,T
P120015651,BIPD,1/29/2012 0:00,1914,1270,MADISON AVE N,122444300,23625500,INTOXA
P120016019,BIPD,1/30/2012 0:00,1240,9312,CAPSTAN DR NE,122202750,23717550,FU
P120016270,BIPD,1/30/2012 0:00,1946,265,WINSLOW WAY E,122482895,23247756,ALRA
P120006383,BIPD,1/12/2012 0:00,0902,316,WINSLOW WAY E,122497400,23247300,ALRA
P120006622,BIPD,1/12/2012 0:00,1611,1270,MADISON AVE N,122444300,23625500,THEFT4
P120006761,BIPD,1/12/2012 0:00,2127,,NE BUCKLIN HILL RD / NE EAGLE HARBOR DR,121966131,23304962,T
P120006841,BIPD,1/13/2012 0:00,0000,,NE HIGH SCHOOL RD / WEAVER RD NW,122172525,23657280,T
P120010832,BIPD,1/21/2012 0:00,1102,145,FERNCLIFF AVE NE,122681863,23269225,TRAFF4
P120010855,BIPD,1/21/2012 0:00,1215,14747,HENDERSON RD NE,121456800,25910700,HARAS4
P120012821,BIPD,1/24/2012 0:00,2245,7419,MADRONA DR NE,123100100,23454500,BURGL1
P120015773,BIPD,1/30/2012 0:00,0143,430,ERICKSEN AVE NE,122527951,23356548,SUSPI3
P120012811,BIPD,1/24/2012 0:00,2238,7895,WESTERLY LN NE,121863100,23641650,ALRA
P120016024,BIPD,1/30/2012 0:00,1247,,LYTLE RD NE / PLEASANT BEACH DR NE,121916365,22288534,T
P120012923,BIPD,1/25/2012 0:00,0343,,NE HIGH SCHOOL RD / WESTERLY LN NE,121872133,23667388,TRAFF3
P120012973,BIPD,1/25/2012 0:00,0615,13365,NE CAMBRIDGE CREST WAY,122194000,25692750,BURGL3
P120011041,BIPD,1/21/2012 0:00,1759,,NORTH MADISON AVE NE / NE VALLEY RD,122457917,24703521,T
P120014845,BIPD,1/28/2012 0:00,0832,300,HIGH SCHOOL RD NE,122506200,23645600,T
P120011414,BIPD,1/22/2012 0:00,1347,1560,MADISON AVE N,122513050,23720400,BLSGP
P120011729,BIPD,1/23/2012 0:00,0738,9330,NE HIGH SCHOOL RD,122363800,23666100,FU
P120014974,BIPD,1/28/2012 0:00,1410,10193,NE SOUTH BEACH DR,122535250,21405900,MALIC3
P120011831,BIPD,1/23/2012 0:00,1050,,NE HIGH SCHOOL RD / SPORTSMAN CLUB RD NE,122100813,23659652,T
P120012676,BIPD,1/24/2012 0:00,1827,8982,NE DAY RD E,122285700,25244950,TRAFF3
P120016234,BIPD,1/30/2012 0:00,1832,,NE SASQUATCH LN / SUNRISE DR NE,122728836,25005641,SUSPI3
P120012689,BIPD,1/24/2012 0:00,1851,245,NE HIGH SCHOOL RD,122404050,23635100,NARCO3
P120013320,BIPD,1/25/2012 0:00,1708,1270,MADISON AVE N,122444300,23625500,HARAS4
P120013625,BIPD,1/26/2012 0:00,0949,5741,NE TOLO RD,121077500,24401300,FRAUD4
P120016858,BIPD,1/31/2012 0:00,2334,,NE KOURA RD / MILLER RD NE,121576406,24728795,T
P120016328,BIPD,1/30/2012 0:00,2219,,AGATEWOOD RD NE / STATE HWY 305 NE,121562025,26138320,ASSIS3
P120016363,BIPD,1/31/2012 0:00,0026,234,WOOD AVE SW,122365500,23199500,ALSP
P120016376,BIPD,1/31/2012 0:00,0105,,BJUNE DR SE / MADISON AVE S,122427052,23224917,PC3
P120016403,BIPD,1/31/2012 0:00,0257,381,WALLACE WAY NE,122524400,23506000,BLSP
P120016484,BIPD,1/31/2012 0:00,0913,200,RAVINE LN NE,122580554,23276926,THEFT4
P120016678,BIPD,1/31/2012 0:00,1550,406,HIGH SCHOOL RD NE,122537800,23644900,NARCO4
P120008200,BIPD,1/15/2012 0:00,1353,,MILLER RD NE / NE OLSON FARM LN,121721005,24948919,T
P120015187,BIPD,1/28/2012 0:00,2154,,MADISON AVE N / STATE HWY 305 NE,122472543,23963078,T
P120008198,BIPD,1/15/2012 0:00,1349,9312,CAPSTAN DR NE,122202750,23717550,FU
P120008260,BIPD,1/15/2012 0:00,1604,4997,LYNWOOD CENTER RD NE,121781763,22674484,THREA4
P120008498,BIPD,1/16/2012 0:00,0500,9500,SPORTSMAN CLUB RD NE,122353861,24174910,FI
P120013009,BIPD,1/25/2012 0:00,0801,10155,BATTLE POINT DR NE,120998389,24397145,WIRESU
P120013202,BIPD,1/25/2012 0:00,1439,,BJUNE DR SE / WINSLOW WAY E,122533107,23245903,MVCA
P120013242,BIPD,1/25/2012 0:00,1527,,NE BERGMAN RD / MANZANITA RD NE,121541292,25127005,WIRESF
P120016339,BIPD,1/30/2012 0:00,2250,7666,NE HIGH SCHOOL RD,121802600,23667700,PC3
P120016414,BIPD,1/31/2012 0:00,0358,381,WALLACE WAY NE,122524400,23506000,TRANS
P120013336,BIPD,1/25/2012 0:00,1737,1270,MADISON AVE N,122444300,23625500,INFOP3
P120016694,BIPD,1/31/2012 0:00,1611,12781,NORTH MADISON AVE NE,122441400,25215900,ASSAU4
P120016863,BIPD,1/31/2012 0:00,2348,,GROW AVE NW / NE HIGH SCHOOL RD,122337828,23651155,FI
P120016969,BIPD,2/1/2012 0:00,0838,,"XY(122382724,25091758)",122382724,25091758,CELL
P120017068,BIPD,2/1/2012 0:00,1143,18480,SUQUAMISH WAY NE,121557700,27040300,FU
P120017114,BIPD,2/1/2012 0:00,1306,174,HIGH SCHOOL RD NW,122231020,23655197,DUI3
P120014461,BIPD,1/27/2012 0:00,1549,,MADISON AVE N / NE NEW BROOKLYN RD,122442200,23911813,FU
P120010899,BIPD,1/21/2012 0:00,1353,8687,NE ODD FELLOWS RD,122087350,22278050,ASSIS4
P120011011,BIPD,1/21/2012 0:00,1703,907,CARVER ST,118435000,20790500,MEDIA
P120011029,BIPD,1/21/2012 0:00,1740,15798,STATE HWY 305 NE,121419100,26448500,DUI3
P120006974,BIPD,1/13/2012 0:00,0850,,NE DAY RD W / MILLER RD NE,121978357,25249210,T
P120006995,BIPD,1/13/2012 0:00,0941,,HIGH SCHOOL RD NE / POLLYS LN NE,122632397,23643334,PC3
P120011152,BIPD,1/21/2012 0:00,2238,7666,NE HIGH SCHOOL RD,121802600,23667700,FI
P120012220,BIPD,1/24/2012 0:00,0044,,NE KOURA RD / STATE HWY 305 NE,122310217,24709702,DUI3
P120012330,BIPD,1/24/2012 0:00,0911,9350,NE HIGH SCHOOL RD,122411800,23664400,MALIC4
P120012524,BIPD,1/24/2012 0:00,1440,14537,MISTY VALE PL NE,122714350,25811150,SUICI3
P120012704,BIPD,1/24/2012 0:00,1916,907,CARVER ST,118435000,20790500,MEDIA
P120013167,BIPD,1/25/2012 0:00,1334,16357,REITAN RD NE,121431100,26423400,THEFT4
P120016860,BIPD,1/31/2012 0:00,2336,,GROW AVE NW / NE HIGH SCHOOL RD,122337828,23651155,T
P120013701,BIPD,1/26/2012 0:00,1200,625,WINSLOW WAY E,122607400,23236100,MISC4
P120017171,BIPD,2/1/2012 0:00,1428,,"XY(122313471,23721427)",122313471,23721427,CELL
P120013983,BIPD,1/26/2012 0:00,2102,7570,NE EMERALD WAY,121756850,22812050,FU
P120013997,BIPD,1/26/2012 0:00,2147,241,WINSLOW WAY W,122377000,23251900,PC3
P120014142,BIPD,1/27/2012 0:00,0742,,PHELPS RD NE / NE YETI LN,122046708,25325538,T
P120014326,BIPD,1/27/2012 0:00,1244,,NE LOVGREEN RD W / MILLER RD NE,121741307,24988019,T
P120013567,BIPD,1/26/2012 0:00,0649,497,HARBORVIEW DR SE,122589500,23122300,INFOP4
P120013601,BIPD,1/26/2012 0:00,0850,219,MADISON AVE S,122426919,23219253,GRAFF4
P120017159,BIPD,2/1/2012 0:00,1408,7305,NE HIDDEN COVE RD,121696700,25648700,MISC3
P120017262,BIPD,2/1/2012 0:00,1652,343,WINSLOW WAY E,122501900,23247000,VERBA3
P120013939,BIPD,1/26/2012 0:00,1855,907,CARVER ST,118435000,20790500,MEDIA
P120017631,BIPD,2/2/2012 0:00,1012,225,HIGH SCHOOL RD NW,122240895,23654772,FU
P120017906,BIPD,2/2/2012 0:00,1855,907,CARVER ST,118435000,20790500,MEDIA
P120017900,BIPD,2/2/2012 0:00,1850,,GROW AVE NW / MADISON AVE N,122426361,23658381,CELL
P120017998,BIPD,2/2/2012 0:00,2227,7968,FINCH RD NE,122064000,23640000,FI
P120015274,BIPD,1/29/2012 0:00,0012,9330,NE HIGH SCHOOL RD,122363800,23666100,PC3
P120018043,BIPD,2/3/2012 0:00,0017,,CAVE AVE NE / WINSLOW WAY E,122622306,23244727,T
P120016968,BIPD,2/1/2012 0:00,0837,,IHLAND WAY NE / MADISON AVE N,122435017,23579543,T
P120013212,BIPD,1/25/2012 0:00,1449,6893,NE SEABOLD CHURCH RD,121584750,25890750,ABAND4
P120017162,BIPD,2/1/2012 0:00,1411,282,KNECHTEL WAY NE,122487800,23447100,WC911
P120013755,BIPD,1/26/2012 0:00,1334,299,SHANNON DR SE,122508700,23164500,MISC3
P120017340,BIPD,2/1/2012 0:00,1922,,FERNCLIFF AVE NE / HIGH SCHOOL RD NE,122700327,23641703,T
P120013807,BIPD,1/26/2012 0:00,1452,,MADISON AVE N / STATE HWY 305 NE,122472543,23963078,WC3
P120014347,BIPD,1/27/2012 0:00,1320,10250,NE CASEY ST,122654750,23916050,HARAS4
P120018402,BIPD,2/3/2012 0:00,1502,,NE HIGH SCHOOL RD / SPORTSMAN CLUB RD NE,122100813,23659652,T
P120018404,BIPD,2/3/2012 0:00,1505,3080,POINT WHITE DR NE,121259150,22038650,WC911
P120014531,BIPD,1/27/2012 0:00,1801,907,CARVER ST,118435000,20790500,MEDIA
P120011054,BIPD,1/21/2012 0:00,1837,,FLETCHER BAY RD NE / MILLER RD NE,121365750,23936543,T
P120011192,BIPD,1/21/2012 0:00,2348,241,WINSLOW WAY W,122377000,23251900,VERBA3
P120011653,BIPD,1/23/2012 0:00,0044,15347,SUQUAMISH WAY NE,121270800,26509200,ASSIS3
P120014221,BIPD,1/27/2012 0:00,1015,14543,MISTY VALE PL NE,122700100,25806150,WC911
P120014946,BIPD,1/28/2012 0:00,1310,7280,NE BAKER HILL RD,121657171,22608561,FU
P120015181,BIPD,1/28/2012 0:00,2135,,ERICKSEN AVE NE / MADRONE LN N,122485723,23250998,CELL
P120015226,BIPD,1/28/2012 0:00,2306,225,HIGH SCHOOL RD NW,122240895,23654772,ASSIS4
P120015401,BIPD,1/29/2012 0:00,0515,,MADISON AVE N / WYATT WAY NE,122430637,23382031,T
P120018148,BIPD,2/3/2012 0:00,0814,400,MADISON AVE N,122430175,23356988,T
P120018197,BIPD,2/3/2012 0:00,0942,,NE NEW BROOKLYN RD / SPORTSMAN CLUB RD NE,122235375,23919324,T
P120018245,BIPD,2/3/2012 0:00,1105,625,WINSLOW WAY E,122607400,23236100,MVC4
P120018254,BIPD,2/3/2012 0:00,1115,,NE LIGHTMOOR CT / SPORTSMAN CLUB RD NE,122054241,23550289,T
P120018377,BIPD,2/3/2012 0:00,1430,7452,E MADRONE AVE,121575253,20656404,CHILD5
P120018405,BIPD,2/3/2012 0:00,1505,300,HIGH SCHOOL RD NE,122506200,23645600,FU
P120014162,BIPD,1/27/2012 0:00,0841,,NE BECK RD / WEST BLAKELY RD NE,122036800,22335190,T
P120017572,BIPD,2/2/2012 0:00,0720,614,DIVISION ST,119442800,20147600,TRANS
P120017633,BIPD,2/2/2012 0:00,1015,280,MADISON AVE N,122441700,23299100,MISC3
P120014170,BIPD,1/27/2012 0:00,0855,,BATTLE POINT DR NE / MILLER RD NE,121350327,24126968,T
P120014248,BIPD,1/27/2012 0:00,1102,10861,NE MANITOU PARK BLVD,122932900,24590800,MISC4
P120014987,BIPD,1/28/2012 0:00,1429,8521,MADISON AVE N,122388100,23738800,DUI3
P120014995,BIPD,1/28/2012 0:00,1451,12299,NE COUNTRY CLUB RD,123232800,21822400,MISC4
P120015122,BIPD,1/28/2012 0:00,1919,,STATE HWY 305 NE / WINSLOW WAY E,122597069,23245490,RECKL4
P120015139,BIPD,1/28/2012 0:00,1948,,FERNCLIFF AVE NE / HIGH SCHOOL RD NE,122700327,23641703,FI
P120015479,BIPD,1/29/2012 0:00,1202,1187,WYATT WAY NW,122069100,23385600,ALS
P120015705,BIPD,1/29/2012 0:00,2153,1270,MADISON AVE N,122444300,23625500,FI
P120018423,BIPD,2/3/2012 0:00,1525,625,WINSLOW WAY E,122607400,23236100,FOUND4
P120018522,BIPD,2/3/2012 0:00,1736,245,HIGH SCHOOL RD NW,122243500,23654700,DV3
P120018559,BIPD,2/3/2012 0:00,1838,10033,EDGECOMBE PL NE,122476650,24232100,ALRA
P120018693,BIPD,2/3/2012 0:00,2315,218,KNECHTEL WAY NE,122494750,23465450,THEFT4
P120018748,BIPD,2/4/2012 0:00,0109,,NE HIDDEN COVE RD / STATE HWY 305 NE,121741136,25661125,T
P120019155,BIPD,2/4/2012 0:00,1821,,MADISON AVE N / WINSLOW WAY E,122427660,23249390,UNKNO3
P120015468,BIPD,1/29/2012 0:00,1135,776,MADISON AVE N,122432769,23478658,FU
P120015488,BIPD,1/29/2012 0:00,1226,,MILLER RD NE / PETERSON HILL RD NE,121669667,24878567,T
P120018244,BIPD,2/3/2012 0:00,1105,625,WINSLOW WAY E,122607400,23236100,MISC4
P120018238,BIPD,2/3/2012 0:00,1046,8193,NE MABREY LN,121924250,22647200,MISC4
P120015698,BIPD,1/29/2012 0:00,2120,15900,STATE HWY 305 NE,121341200,26500900,T
P120018668,BIPD,2/3/2012 0:00,2223,,MADISON AVE N / WINSLOW WAY E,122427660,23249390,FI
P120011447,BIPD,1/22/2012 0:00,1443,,"XY(121091185,24191286)",121091185,24191286,CELL
P120007013,BIPD,1/13/2012 0:00,1021,10105,MANITOU BEACH DR NE,122691989,24377310,ASSIS4
P120007276,BIPD,1/13/2012 0:00,1753,625,WINSLOW WAY E,122607400,23236100,FU
P120007462,BIPD,1/13/2012 0:00,2303,,SPORTSMAN CLUB RD NE / STATE HWY 305 NE,122395136,24298387,T
P120007733,BIPD,1/14/2012 0:00,1506,750,ERICKSEN AVE NE,122540400,23488350,THEFT4
P120012111,BIPD,1/23/2012 0:00,1807,907,CARVER ST,118435000,20790500,MEDIA
P120014613,BIPD,1/27/2012 0:00,2141,,AGATEWOOD RD NE / STATE HWY 305 NE,121562025,26138320,T
P120014628,BIPD,1/27/2012 0:00,2209,6600,NE SEABOLD RD,121474950,26050900,ANIMA3
P120018225,BIPD,2/3/2012 0:00,1023,11004,NORTH MADISON AVE NE,122514850,24624450,FU
P120014894,BIPD,1/28/2012 0:00,1058,11004,NORTH MADISON AVE NE,122514850,24624450,BURGL4
P120014901,BIPD,1/28/2012 0:00,1115,7143,ISLAND CENTER RD NE,121604267,23341196,FU
P120015090,BIPD,1/28/2012 0:00,1802,,NE HIGH SCHOOL RD / SPORTSMAN CLUB RD NE,122100813,23659652,T
P120017592,BIPD,2/2/2012 0:00,0835,205,KNECHTEL WAY NE,122464100,23447500,WC3
P120019986,BIPD,2/6/2012 0:00,1030,7895,WESTERLY LN NE,121863100,23641650,ALRA
P120020078,BIPD,2/6/2012 0:00,1219,286,PARFITT WAY SW,122358750,23170800,ASSIS3
P120020221,BIPD,2/6/2012 0:00,1522,,BLAKELY AVE NE / NE ODD FELLOWS RD,122237383,22290522,T
P120020446,BIPD,2/7/2012 0:00,0151,625,WINSLOW WAY E,122607400,23236100,FU
P120020605,BIPD,2/7/2012 0:00,1051,253,HIGH SCHOOL RD NE,122470100,23646300,PC4
P120015995,BIPD,1/30/2012 0:00,1203,403,MADISON AVE N,122430200,23357500,HARAS4
P120016062,BIPD,1/30/2012 0:00,1356,,"XY(122598146,23067936)",122598146,23067936,CELL
P120016224,BIPD,1/30/2012 0:00,1819,10424,NE SUNRISE BLUFF LN,122765900,25688750,SUSPI3
P120016245,BIPD,1/30/2012 0:00,1901,11201,SUNRISE DR NE,122722500,24697800,FI
P120016304,BIPD,1/30/2012 0:00,2112,15311,GROTLE ST NE,122143300,26051050,MISC4
P120008030,BIPD,1/15/2012 0:00,0214,350,HIGH SCHOOL RD NE,122521100,23645300,FI
P120008106,BIPD,1/15/2012 0:00,0934,907,CARVER ST,118435000,20790500,MEDIA
P120008377,BIPD,1/15/2012 0:00,2018,497,HARBORVIEW DR SE,122589500,23122300,FI
P120004770,BIPD,1/9/2012 0:00,1242,301,HIGH SCHOOL RD NE,122491536,23645882,ASSIS3
P120005073,BIPD,1/9/2012 0:00,2236,,NE DAY RD E / STATE HWY 305 NE,122023402,25247379,T
P120005133,BIPD,1/10/2012 0:00,0259,,NE MANITOU PARK BLVD / ROLLING BAY WALK NE,122970362,24614879,PC4
P120015148,BIPD,1/28/2012 0:00,1957,241,WINSLOW WAY W,122377000,23251900,FU
P120011875,BIPD,1/23/2012 0:00,1151,,,120874335,24518746,CELL
P120011996,BIPD,1/23/2012 0:00,1517,,"XY(122347655,24072760)",122347655,24072760,CELL
P120012147,BIPD,1/23/2012 0:00,2003,625,WINSLOW WAY E,122607400,23236100,FU
P120016578,BIPD,1/31/2012 0:00,1228,920,HILDEBRAND LN NE,122546100,23567800,INTOX3
P120016691,BIPD,1/31/2012 0:00,1604,7934,NE BUCKLIN HILL RD,121886700,23147700,FI
P120016468,BIPD,1/31/2012 0:00,0830,,,122245266,23700308,CELL
P120016552,BIPD,1/31/2012 0:00,1143,,REITAN RD NE / STATE HWY 305 NE,121501742,26370270,RECKL3
P120017124,BIPD,2/1/2012 0:00,1321,9330,NE HIGH SCHOOL RD,122363800,23666100,FU
P120017327,BIPD,2/1/2012 0:00,1848,5627,LYNWOOD CENTER RD NE,121736213,22896647,CIVIL3
P120017426,BIPD,2/1/2012 0:00,2149,,NE SEABOLD RD / STATE HWY 305 NE,121590699,26041540,DUI3
P120017516,BIPD,2/2/2012 0:00,0157,253,HIGH SCHOOL RD NE,122470100,23646300,PC3
P120020615,BIPD,2/7/2012 0:00,1119,,NE COUNTRY CLUB RD / FORT WARD HILL RD NE,122444940,22146864,MVC4
P120020872,BIPD,2/7/2012 0:00,1744,7571,NE DOLPHIN DR,121805400,26281400,ALRA
P120020894,BIPD,2/7/2012 0:00,1832,625,WINSLOW WAY E,122607400,23236100,WRT3
P120021128,BIPD,2/8/2012 0:00,0915,7620,FLETCHER BAY RD NE,121594850,23569000,FU
P120021131,BIPD,2/8/2012 0:00,0917,15460,WASHINGTON AVE NE,122425900,26127800,RECKL4
P120021413,BIPD,2/8/2012 0:00,1656,625,WINSLOW WAY E,122607400,23236100,WRT4
P120012696,BIPD,1/24/2012 0:00,1901,,NE DAY RD E / VISTA DR NE,122352360,25234399,TRAFF3
P120012803,BIPD,1/24/2012 0:00,2232,,SPORTSMAN CLUB RD NE / STATE HWY 305 NE,122395136,24298387,WIRESU
P120005197,BIPD,1/10/2012 0:00,0857,10255,NE VALLEY RD,122674600,24698700,TRANS
P120008991,BIPD,1/17/2012 0:00,0902,,NE DAY RD E / STATE HWY 305 NE,122023402,25247379,TRAFF3
P120013193,BIPD,1/25/2012 0:00,1416,,HIGH SCHOOL RD NE / STATE HWY 305 NE,122571082,23644469,T
P120009336,BIPD,1/17/2012 0:00,2253,299,SHANNON DR SE,122508700,23164500,PC3
P120016757,BIPD,1/31/2012 0:00,1812,,CAMPBELL ST NE / PLEASANT BEACH DR NE,122040815,22157072,SUSPI3
P120016759,BIPD,1/31/2012 0:00,1822,278,WINSLOW WAY E,122487600,23247600,THEFT4
P120017048,BIPD,2/1/2012 0:00,1116,8677,MADISON AVE N,122420700,23836800,ORDNA4
P120019493,BIPD,2/5/2012 0:00,1146,,BATTLE POINT DR NE / MILLER RD NE,121350327,24126968,T
P120019502,BIPD,2/5/2012 0:00,1209,,BATTLE POINT DR NE / MILLER RD NE,121350327,24126968,T
P120014064,BIPD,1/27/2012 0:00,0109,625,WINSLOW WAY E,122607400,23236100,FU
P120019605,BIPD,2/5/2012 0:00,1520,,"XY(122346810,22566296)",122346810,22566296,CELL
P120014106,BIPD,1/27/2012 0:00,0452,,"XY(121861362,25447713)",121861362,25447713,CELL
P120014137,BIPD,1/27/2012 0:00,0712,6439,CRYSTAL SPRINGS DR NE,121039950,23153350,ALRP
P120014182,BIPD,1/27/2012 0:00,0914,2300,SOUNDVIEW DR NE,122368400,21774850,VEHIT4
P120017645,BIPD,2/2/2012 0:00,1031,,FERNCLIFF AVE NE / WING POINT WAY NE,122693146,23376023,SUSPI3
P120021468,BIPD,2/8/2012 0:00,1827,,MADISON AVE N / STATE HWY 305 NE,122472543,23963078,MVC4
P120021812,BIPD,2/9/2012 0:00,1153,10295,NE WINTHERS RD,122678600,24941100,SUSPI3
P120021851,BIPD,2/9/2012 0:00,1306,245,HIGH SCHOOL RD NW,122243500,23654700,FU
P120022145,BIPD,2/9/2012 0:00,2356,,MANITOU BEACH DR NE / NORTH MADISON AVE NE,122430015,24309046,T
P120022169,BIPD,2/10/2012 0:00,0054,625,WINSLOW WAY E,122607400,23236100,WRT3
P120022179,BIPD,2/10/2012 0:00,0108,625,WINSLOW WAY E,122607400,23236100,WRT4
P120009427,BIPD,1/18/2012 0:00,0628,,SIVERTSON RD NE / NE WEST PORT MADISON RD,121960506,26032235,MVC4
P120013437,BIPD,1/25/2012 0:00,2213,,STATE HWY 305 NE / WINSLOW WAY E,122597069,23245490,T
P120009439,BIPD,1/18/2012 0:00,0654,499,OLYMPIC DR SE,122674000,23182900,INFOP4
P120009956,BIPD,1/19/2012 0:00,1338,,BLAKELY HILL RD NE / NEW SWEDEN AVE NE,122554266,22464334,CELL
P120013896,BIPD,1/26/2012 0:00,1715,9350,NE HIGH SCHOOL RD,122411800,23664400,MALIC3
P120010121,BIPD,1/19/2012 0:00,1917,907,CARVER ST,118435000,20790500,MEDIA
P120015767,BIPD,1/30/2012 0:00,0116,280,MADISON AVE N,122441700,23299100,DV3
P120015856,BIPD,1/30/2012 0:00,0820,,NE NEW BROOKLYN RD / SPORTSMAN CLUB RD NE,122235375,23919324,T
P120015981,BIPD,1/30/2012 0:00,1142,8300,NE ODD FELLOWS RD,121940365,22282225,T
P120016082,BIPD,1/30/2012 0:00,1419,13820,MANZANITA RD NE,121502250,25596300,VERBA4
P120016151,BIPD,1/30/2012 0:00,1616,,BLAKELY AVE NE / NE ODD FELLOWS RD,122237383,22290522,T
P120016283,BIPD,1/30/2012 0:00,2022,321,HIGH SCHOOL RD NE,122500500,23645700,PC3
P120017319,BIPD,2/1/2012 0:00,1828,,REITAN RD NE / STATE HWY 305 NE,121501742,26370270,DUI3
P120019758,BIPD,2/5/2012 0:00,2051,381,WALLACE WAY NE,122524400,23506000,FU
P120017357,BIPD,2/1/2012 0:00,1951,1046,BLUE HERON AVE NE,122495000,23557700,ASSIS3
P120019995,BIPD,2/6/2012 0:00,1042,,NE MANUAL RD / STATE HWY 305 NE,121710851,25706189,T
P120017533,BIPD,2/2/2012 0:00,0330,,NE MANITOU PARK BLVD / ROLLING BAY WALK NE,122970362,24614879,PC3
P120017712,BIPD,2/2/2012 0:00,1253,,MCDONALD AVE NE / NE OLD MILL RD,122281102,22614125,NARCO4
P120022355,BIPD,2/10/2012 0:00,1016,821,HIGH SCHOOL RD NE,122669100,23642300,ASSIS3
P120019264,BIPD,2/4/2012 0:00,2200,,NE DAY RD W / MILLER RD NE,121978357,25249210,T
P120019620,BIPD,2/5/2012 0:00,1604,253,HIGH SCHOOL RD NE,122470100,23646300,FI
P120019718,BIPD,2/5/2012 0:00,1940,,BATTLE POINT DR NE / SKINNER RD NE,121002880,24605129,MALIC3
P120019757,BIPD,2/5/2012 0:00,2051,,ARROW POINT DR NE / MILLER RD NE,121550644,24644417,T
P120017799,BIPD,2/2/2012 0:00,1605,796,MADISON AVE N,122432904,23484538,MALIC4
P120020344,BIPD,2/6/2012 0:00,1849,11371,NE WING POINT WAY,123018250,23353600,SUSPI3
P120017828,BIPD,2/2/2012 0:00,1638,,MADISON AVE N / STATE HWY 305 NE,122472543,23963078,MVC4
P120017870,BIPD,2/2/2012 0:00,1749,,ARROW POINT DR NE / MILLER RD NE,121550644,24644417,TRAFF3
P120018016,BIPD,2/2/2012 0:00,2305,499,OLYMPIC DR SE,122674000,23182900,INTOXB
P120018061,BIPD,2/3/2012 0:00,0059,,HIGH SCHOOL RD NW / PATMOS LN NW,122237663,23654874,T
P120014059,BIPD,1/27/2012 0:00,0105,,STATE HWY 305 NE / NE WEST PORT MADISON RD,121590699,26041540,T
P120010512,BIPD,1/20/2012 0:00,1752,5232,NE FREY AVE,121015655,24825890,WC911
P120010597,BIPD,1/20/2012 0:00,2214,,NE SEABOLD CHURCH RD / STATE HWY 305 NE,121628932,25910523,WC3
P120014153,BIPD,1/27/2012 0:00,0815,,"XY(122472744,23625622)",122472744,23625622,CELL
P120010797,BIPD,1/21/2012 0:00,0922,380,WINSLOW WAY E,122507500,23253200,VERBA3
P120014282,BIPD,1/27/2012 0:00,1134,9343,SPORTSMAN CLUB RD NE,122337100,24132500,T
P120019805,BIPD,2/5/2012 0:00,2308,9330,NE HIGH SCHOOL RD,122363800,23666100,PC3
P120022446,BIPD,2/10/2012 0:00,1229,,HILDEBRAND LN NE / TORMEY LN NE,122534254,23589670,FI
P120022706,BIPD,2/10/2012 0:00,1942,625,WINSLOW WAY E,122607400,23236100,ASSIS3
P120023086,BIPD,2/11/2012 0:00,1300,,NE DAY RD E / NORTH MADISON AVE NE,122468811,25230896,T
P120023194,BIPD,2/11/2012 0:00,1626,,HIGH SCHOOL RD NE / STATE HWY 305 NE,122571082,23644469,TRAFF3
P120023237,BIPD,2/11/2012 0:00,1748,,NE DAY RD E / STATE HWY 305 NE,122023402,25247379,TRAFF3
P120016464,BIPD,1/31/2012 0:00,0822,625,WINSLOW WAY E,122607400,23236100,TRANS
P120016701,BIPD,1/31/2012 0:00,1618,1201,CHERRY AVE NE,122892000,23620450,FI
P120017167,BIPD,2/1/2012 0:00,1419,225,NE HIGH SCHOOL RD,122373600,23636900,FI
P120020174,BIPD,2/6/2012 0:00,1418,10140,NE HIGH SCHOOL RD,122620450,23657900,SUSPI3
P120017259,BIPD,2/1/2012 0:00,1651,,NE DAY RD E / STATE HWY 305 NE,122023402,25247379,DUI3
P120017277,BIPD,2/1/2012 0:00,1717,380,WINSLOW WAY E,122507500,23253200,FI
P120018610,BIPD,2/3/2012 0:00,2018,8641,SANDS AVE NE,121875700,23848100,FI
P120020520,BIPD,2/7/2012 0:00,0755,,SUNRISE DR NE / NE VALLEY RD,122722526,24697639,T
P120018698,BIPD,2/3/2012 0:00,2328,300,WALLACE WAY NE,122500724,23513259,PC3
P120018816,BIPD,2/4/2012 0:00,0407,253,HIGH SCHOOL RD NE,122470100,23646300,RECKL3
P120018846,BIPD,2/4/2012 0:00,0822,253,HIGH SCHOOL RD NE,122470100,23646300,INFOP3
P120018851,BIPD,2/4/2012 0:00,0831,,MADISON AVE N / NE NEW BROOKLYN RD,122442200,23911813,T
P120011106,BIPD,1/21/2012 0:00,2052,,HIGH SCHOOL RD NE / STATE HWY 305 NE,122571082,23644469,T
P120014386,BIPD,1/27/2012 0:00,1419,,"XY(122307290,23080514)",122307290,23080514,CELL
P120011134,BIPD,1/21/2012 0:00,2148,6460,NE BUD PURSER LN,121544154,31445225,ASSIS3
P120014444,BIPD,1/27/2012 0:00,1532,,NE HIGH SCHOOL RD / MADISON AVE N,122439864,23649989,TRANS
P120011738,BIPD,1/23/2012 0:00,0754,10255,NE VALLEY RD,122674600,24698700,TRANS
P120017741,BIPD,2/2/2012 0:00,1354,,SPORTSMAN CLUB RD NE / STATE HWY 305 NE,122395136,24298387,T
P120020389,BIPD,2/6/2012 0:00,2121,4070,PLEASANT BEACH DR NE,121813650,22357200,PC3
P120020449,BIPD,2/7/2012 0:00,0159,,SUNRISE DR NE / NE VALLEY RD,122722526,24697639,T
P120017845,BIPD,2/2/2012 0:00,1710,625,WINSLOW WAY E,122607400,23236100,INFOP4
P120018054,BIPD,2/3/2012 0:00,0047,,HIGH SCHOOL RD NE / STATE HWY 305 NE,122571082,23644469,T
P120018195,BIPD,2/3/2012 0:00,0940,,ERICKSEN AVE NE / WALLACE WAY NE,122531605,23512269,FU
P120017588,BIPD,2/2/2012 0:00,0825,225,HIGH SCHOOL RD NW,122240895,23654772,DV3
P120017632,BIPD,2/2/2012 0:00,1014,825,HIGH SCHOOL RD NE,122670700,23642200,REPOS
P120018383,BIPD,2/3/2012 0:00,1433,,GROW AVE NW / NE HIGH SCHOOL RD,122337828,23651155,MISC3
P120014556,BIPD,1/27/2012 0:00,1909,499,OLYMPIC DR SE,122674000,23182900,DV3
P120021132,BIPD,2/8/2012 0:00,0917,,NE HIGH SCHOOL RD / MADISON AVE N,122439864,23649989,T
P120018631,BIPD,2/3/2012 0:00,2101,122,WINSLOW WAY E,122435200,23249200,FI
P120018877,BIPD,2/4/2012 0:00,0946,,NE DAY RD E / STATE HWY 305 NE,122023402,25247379,RECKL3
P120019003,BIPD,2/4/2012 0:00,1410,625,WINSLOW WAY E,122607400,23236100,FI
P120019072,BIPD,2/4/2012 0:00,1556,425,JOHN ADAMS LN NW,122380750,23361050,PARKI4
P120019138,BIPD,2/4/2012 0:00,1753,821,HIGH SCHOOL RD NE,122669100,23642300,FU
P120019211,BIPD,2/4/2012 0:00,2032,625,WINSLOW WAY E,122607400,23236100,WRT3
P120021716,BIPD,2/9/2012 0:00,0928,4569,LYNWOOD CENTER RD NE,121750700,22509200,WC911
P120014840,BIPD,1/28/2012 0:00,0808,9596,GREEN SPOT PL NE,122615350,24182000,MISC3
P120011940,BIPD,1/23/2012 0:00,1331,10256,ARROW POINT DR NE,121149335,24603290,FOUND4
P120012028,BIPD,1/23/2012 0:00,1554,7600,NE HIDDEN COVE RD,121811307,25668896,T
P120012160,BIPD,1/23/2012 0:00,2116,245,NE HIGH SCHOOL RD,122404050,23635100,FU
P120015459,BIPD,1/29/2012 0:00,1057,,NE HIGH SCHOOL RD / HORIZON VIEW PL NW,122310438,23631740,CELL
P120015473,BIPD,1/29/2012 0:00,1147,9312,CAPSTAN DR NE,122202750,23717550,FU
P120018368,BIPD,2/3/2012 0:00,1423,,HIGH SCHOOL RD NW / PATMOS LN NW,122237663,23654874,MVCA
P120018424,BIPD,2/3/2012 0:00,1525,9350,NE HIGH SCHOOL RD,122411800,23664400,NARCO4
P120018554,BIPD,2/3/2012 0:00,1828,9330,NE HIGH SCHOOL RD,122363800,23666100,PC3
P120021430,BIPD,2/8/2012 0:00,1729,11795,VENICE LOOP NE,121119900,24914000,HARAS4
P120018803,BIPD,2/4/2012 0:00,0305,299,SHANNON DR SE,122508700,23164500,FI
P120015454,BIPD,1/29/2012 0:00,1047,,GROW AVE NW / LOVELL AVE NW,122312418,23385419,CELL
P120023250,BIPD,2/11/2012 0:00,1810,14700,SUNRISE DR NE,122861350,25871250,FOUND4
P120023637,BIPD,2/12/2012 0:00,1219,8895,MADISON AVE N,122433700,23949200,FU
P120023714,BIPD,2/12/2012 0:00,1445,10781,SUNRISE DR NE,122720091,24567188,MISC4
P120023713,BIPD,2/12/2012 0:00,1445,365,HENSHAW WAY NE,122454146,23291767,PC4
P120024032,BIPD,2/13/2012 0:00,0847,625,WINSLOW WAY E,122607400,23236100,FOUND4
P120019401,BIPD,2/5/2012 0:00,0501,,SPORTSMAN CLUB RD NE / STATE HWY 305 NE,122395136,24298387,T
P120022449,BIPD,2/10/2012 0:00,1235,,NE LOVGREEN RD E / NORTH MADISON AVE NE,122463342,24967499,T
P120019486,BIPD,2/5/2012 0:00,1126,,BATTLE POINT DR NE / MILLER RD NE,121350327,24126968,T
P120019512,BIPD,2/5/2012 0:00,1230,,NE HIDDEN COVE RD / STATE HWY 305 NE,121741136,25661125,T
P120023005,BIPD,2/11/2012 0:00,0916,,NE NEW BROOKLYN RD / SPORTSMAN CLUB RD NE,122235375,23919324,T
P120019538,BIPD,2/5/2012 0:00,1310,10329,NE SUNROSE LN,122715050,25297350,DV2
P120012430,BIPD,1/24/2012 0:00,1218,309,WALLACE WAY NW,122356750,23508050,WC911
P120015672,BIPD,1/29/2012 0:00,1956,907,CARVER ST,118435000,20790500,MEDIA
P120012503,BIPD,1/24/2012 0:00,1417,8892,FLETCHER BLVD NE,121248260,24021053,FRAUD4
P120012568,BIPD,1/24/2012 0:00,1545,625,WINSLOW WAY E,122607400,23236100,MISSI4
P120008597,BIPD,1/16/2012 0:00,1122,8812,BATTLE POINT DR NE,121122918,24107414,BLS
P120015978,BIPD,1/30/2012 0:00,1140,10255,NE VALLEY RD,122674600,24698700,MISC4
P120018636,BIPD,2/3/2012 0:00,2108,6110,NE TOLO RD,121322800,24350900,SUSPI3
P120018661,BIPD,2/3/2012 0:00,2208,,SPORTSMAN CLUB RD NE / STATE HWY 305 NE,122395136,24298387,T
P120018671,BIPD,2/3/2012 0:00,2235,,BLAKELY AVE NE / NE ODD FELLOWS RD,122237383,22290522,T
P120018831,BIPD,2/4/2012 0:00,0710,,"XY(122706692,23141823)",122706692,23141823,CELL
P120018876,BIPD,2/4/2012 0:00,0946,14934,KOMEDAL RD NE,121575550,25955850,VEHIT4
P120018928,BIPD,2/4/2012 0:00,1152,,NE LOVGREEN RD E / PLEASANT PL NE,122244655,24974505,T
P120015843,BIPD,1/30/2012 0:00,0752,9500,NE NEW BROOKLYN RD,122396907,23913396,T
P120016126,BIPD,1/30/2012 0:00,1545,,NE DAY RD E / STATE HWY 305 NE,122023402,25247379,T
P120021827,BIPD,2/9/2012 0:00,1218,9330,NE HIGH SCHOOL RD,122363800,23666100,FI
P120016347,BIPD,1/30/2012 0:00,2331,5834,WARD AVE NE,122596400,22917100,PC3
P120019114,BIPD,2/4/2012 0:00,1704,734,NE DAY LILY LN,122655600,23658200,WC4
P120019258,BIPD,2/4/2012 0:00,2150,,NE NEW BROOKLYN RD / SPORTSMAN CLUB RD NE,122235375,23919324,T
P120024055,BIPD,2/13/2012 0:00,0959,,NE DAY RD E / NORTH MADISON AVE NE,122468811,25230896,T
P120024195,BIPD,2/13/2012 0:00,1330,,NE BEACH CREST DR / NORTH MADISON AVE NE,122452795,24439432,T
P120024232,BIPD,2/13/2012 0:00,1430,,STATE HWY 305 NE / NE WEST PORT MADISON RD,121590699,26041540,DUI3
P120024461,BIPD,2/13/2012 0:00,2241,823,NE HIGH SCHOOL RD,122681850,23625700,BLS
P120024856,BIPD,2/14/2012 0:00,1604,261,TORMEY LN NE,122489350,23586050,VERBA4
P120024925,BIPD,2/14/2012 0:00,1828,,NORTH MADISON AVE NE / NE VALLEY RD,122457917,24703521,TRAFF3
P120018978,BIPD,2/4/2012 0:00,1314,220,MADISON AVE N,122428857,23299139,FOUND4
P120019000,BIPD,2/4/2012 0:00,1406,821,HIGH SCHOOL RD NE,122669100,23642300,UNWAN3
P120019310,BIPD,2/4/2012 0:00,2327,11299,ARROW POINT DR NE,121068800,24696200,PC3
P120019522,BIPD,2/5/2012 0:00,1244,316,WINSLOW WAY E,122497400,23247300,SUICIA
P120019583,BIPD,2/5/2012 0:00,1424,3853,PLEASANT BEACH DR NE,121846500,22268950,SFR
P120017635,BIPD,2/2/2012 0:00,1016,,"XY(121185009,24456970)",121185009,24456970,CELL
P120023197,BIPD,2/11/2012 0:00,1630,11800,MILLER RD NE,121707353,24928815,T
P120020171,BIPD,2/6/2012 0:00,1414,,NE BERGMAN RD / MILLER RD NE,121825422,25120970,T
P120020368,BIPD,2/6/2012 0:00,1951,,EAGLE PL NE / WINSLOW WAY E,122749069,23238832,SUSPI3
P120020382,BIPD,2/6/2012 0:00,2049,,FINCH RD NE / NE NEW HOLLAND CT,122037088,23445768,T
P120020431,BIPD,2/7/2012 0:00,0015,,RAVINE LN NE / WINSLOW WAY E,122573055,23246239,T
P120022374,BIPD,2/10/2012 0:00,1044,,NE HIGH SCHOOL RD / MADISON AVE N,122439864,23649989,T
P120019325,BIPD,2/5/2012 0:00,0007,,BLAKELY AVE NE / NE OLD MILL RD,121925739,23093499,T
P120019358,BIPD,2/5/2012 0:00,0151,253,HIGH SCHOOL RD NE,122470100,23646300,PC3
P120019726,BIPD,2/5/2012 0:00,1951,218,KNECHTEL WAY NE,122494750,23465450,FU
P120019971,BIPD,2/6/2012 0:00,1009,,HILDEBRAND LN NE / TORMEY LN NE,122534254,23589670,PC3
P120022714,BIPD,2/10/2012 0:00,2018,393,WINSLOW WAY E,122522620,23246076,T
P120024965,BIPD,2/14/2012 0:00,1948,9723,COPPERTOP LOOP NE,122371460,24101160,FU
P120025075,BIPD,2/15/2012 0:00,0125,,NE KOURA RD / STATE HWY 305 NE,122310217,24709702,T
P120025414,BIPD,2/15/2012 0:00,1526,7644,NE DAY RD W,121826500,25255700,NARCO4
P120022369,BIPD,2/10/2012 0:00,1041,,GROW AVE NW / MADISON AVE N,122426361,23658381,CELL
P120025962,BIPD,2/16/2012 0:00,1451,625,WINSLOW WAY E,122607400,23236100,FU
P120026155,BIPD,2/16/2012 0:00,2051,8895,MADISON AVE N,122433700,23949200,MISC3
P120019908,BIPD,2/6/2012 0:00,0809,,MADISON AVE N / STATE HWY 305 NE,122472543,23963078,TRAFF3
P120020217,BIPD,2/6/2012 0:00,1516,,BLAKELY AVE NE / NE ODD FELLOWS RD,122237383,22290522,T
P120020280,BIPD,2/6/2012 0:00,1647,625,WINSLOW WAY E,122607400,23236100,SEXOF4
P120020749,BIPD,2/7/2012 0:00,1452,9000,NE HIDDEN COVE RD,122295150,25796400,MISC4
P120023249,BIPD,2/11/2012 0:00,1808,183,WALLACE WAY NE,122460850,23497200,ASSIS3
P120023274,BIPD,2/11/2012 0:00,1851,499,OLYMPIC DR SE,122674000,23182900,DUI3
P120020503,BIPD,2/7/2012 0:00,0719,,BATTLE POINT DR NE / MILLER RD NE,121350327,24126968,T
P120024053,BIPD,2/13/2012 0:00,0958,,NE DAY RD E / STATE HWY 305 NE,122023402,25247379,T
P120020506,BIPD,2/7/2012 0:00,0726,8530,NE RENNY LN,122098100,24745900,ALRA
P120020526,BIPD,2/7/2012 0:00,0804,299,SHANNON DR SE,122508700,23164500,PC4
P120020595,BIPD,2/7/2012 0:00,1034,382,MADISON AVE N,122429977,23351526,FU
P120020634,BIPD,2/7/2012 0:00,1146,7011,NE EAGLE HARBOR DR,121926000,23323750,CPR
P120016133,BIPD,1/30/2012 0:00,1550,,NE COUNTRY CLUB RD / FORT WARD HILL RD NE,122444940,22146864,T
P120016140,BIPD,1/30/2012 0:00,1600,,BLAKELY AVE NE / NE ODD FELLOWS RD,122237383,22290522,T
P120008995,BIPD,1/17/2012 0:00,0911,625,WINSLOW WAY E,122607400,23236100,THEFT4
P120016576,BIPD,1/31/2012 0:00,1227,9330,NE HIGH SCHOOL RD,122363800,23666100,FI
P120017273,BIPD,2/1/2012 0:00,1712,,NE DAY RD E / STATE HWY 305 NE,122023402,25247379,RECKL4
P120017421,BIPD,2/1/2012 0:00,2143,10048,HIGH SCHOOL RD NE,122571300,23644500,ALRA
P120022994,BIPD,2/11/2012 0:00,0830,343,WINSLOW WAY E,122501900,23247000,ASSIS4
P120023004,BIPD,2/11/2012 0:00,0911,11299,ARROW POINT DR NE,121068800,24696200,FU
P120026745,BIPD,2/17/2012 0:00,2228,,,120874335,24518746,CELL
P120026798,BIPD,2/18/2012 0:00,0015,625,WINSLOW WAY E,122607400,23236100,ASSIS3
P120027104,BIPD,2/18/2012 0:00,1604,,"XY(122100456,24617467)",122100456,24617467,CELL
P120022720,BIPD,2/10/2012 0:00,2027,,"XY(121156877,24429512)",121156877,24429512,CELL
P120020049,BIPD,2/6/2012 0:00,1145,343,WINSLOW WAY E,122501900,23247000,ASSIS4
P120022988,BIPD,2/11/2012 0:00,0802,,MADRONE AVE E / VALLEY AVE E,121692824,20737290,T
P120022993,BIPD,2/11/2012 0:00,0825,625,WINSLOW WAY E,122607400,23236100,FU
P120020095,BIPD,2/6/2012 0:00,1236,,FLETCHER BAY RD NE / LYNWOOD CENTER RD NE,121758601,23062387,TRAFF4
P120023229,BIPD,2/11/2012 0:00,1729,10220,NE YAQUINA AVE,122658350,24022050,SUICI3
P120020658,BIPD,2/7/2012 0:00,1233,,IHLAND WAY NE / MADISON AVE N,122435017,23579543,T
P120020940,BIPD,2/7/2012 0:00,2003,,FINCH RD NE / SPORTSMAN CLUB RD NE,122065485,23658671,CELL
P120021397,BIPD,2/8/2012 0:00,1619,7480,NE BUCKLIN HILL RD,121750747,23138181,WC3
P120021498,BIPD,2/8/2012 0:00,1954,,NE HANSON AVE / SPRINGRIDGE RD NE,121250939,23806951,SUSPI3
P120021605,BIPD,2/9/2012 0:00,0054,,STATE HWY 305 NE / WINSLOW WAY E,122597069,23245490,T
P120021523,BIPD,2/8/2012 0:00,2042,424,NW EDVARD ST,119225700,27675500,ASSIS1
P120023264,BIPD,2/11/2012 0:00,1837,,NE HIGH SCHOOL RD / MADISON AVE N,122439864,23649989,MVCA
P120018445,BIPD,2/3/2012 0:00,1550,,NE MORGAN RD / STATE HWY 305 NE,122252700,24842450,T
P120018507,BIPD,2/3/2012 0:00,1718,,HIGH SCHOOL RD NE / STATE HWY 305 NE,122571082,23644469,TRAFF3
P120018535,BIPD,2/3/2012 0:00,1809,6894,NE SEABOLD CHURCH RD,121590300,25930700,SUSPI3
P120018576,BIPD,2/3/2012 0:00,1906,,BATTLE POINT DR NE / MILLER RD NE,121350327,24126968,T
P120021684,BIPD,2/9/2012 0:00,0809,6425,NE HIDDEN COVE RD,121433750,25645800,FRAUD4
P120027294,BIPD,2/18/2012 0:00,2248,,NE BUSINESS PARK LN / SPORTSMAN CLUB RD NE,122322118,24094785,T
P120027316,BIPD,2/18/2012 0:00,2328,,GROW AVE NW / SHEPARD WAY NW,122331356,23319978,SUSPI3
P120027667,BIPD,2/19/2012 0:00,1910,253,HIGH SCHOOL RD NE,122470100,23646300,UNWAN3
P120027746,BIPD,2/19/2012 0:00,2241,,NE BAY HILL RD / MILLER RD NE,121653804,24856831,T
P120027889,BIPD,2/20/2012 0:00,0822,300,WYATT WAY NW,122360172,23384468,T
P120028003,BIPD,2/20/2012 0:00,1241,821,HIGH SCHOOL RD NE,122669100,23642300,GUNVI3
P120012590,BIPD,1/24/2012 0:00,1603,15305,GROTLE ST NE,122133200,26026850,ADRIFT
P120017627,BIPD,2/2/2012 0:00,1005,10777,MANDUS OLSON RD NE,121763150,24555600,TRESP3
P120012633,BIPD,1/24/2012 0:00,1705,14537,MISTY VALE PL NE,122714350,25811150,TRANS
P120013326,BIPD,1/25/2012 0:00,1724,,NE DAY RD E / STATE HWY 305 NE,122023402,25247379,DUI3
P120018048,BIPD,2/3/2012 0:00,0032,,NE HIDDEN COVE RD / SPARGUR LOOP RD NE,122213877,25764708,T
P120013331,BIPD,1/25/2012 0:00,1733,,NE HIGH SCHOOL RD / HORIZON VIEW PL NW,122310438,23631740,CELL
P120021784,BIPD,2/9/2012 0:00,1104,911,HILDEBRAND LN NE,122517900,23536900,BURGL4
P120021819,BIPD,2/9/2012 0:00,1210,,"XY(121861362,25447713)",121861362,25447713,CELL
P120021821,BIPD,2/9/2012 0:00,1212,6260,HARBORCREST DR NE,122146950,23064350,FRAUD4
P120021992,BIPD,2/9/2012 0:00,1741,,"XY(122090015,25029985)",122090015,25029985,CELL
P120022049,BIPD,2/9/2012 0:00,2010,907,CARVER ST,118435000,20790500,MEDIA
P120022131,BIPD,2/9/2012 0:00,2321,,NE BYRON DR / FERNCLIFF AVE NE,122701389,23703548,T
P120022648,BIPD,2/10/2012 0:00,1743,530,HOMESTEAD LN,122488950,23403750,THEFT4
P120022974,BIPD,2/11/2012 0:00,0724,920,HILDEBRAND LN NE,122546100,23567800,WC911
P120023078,BIPD,2/11/2012 0:00,1233,,NE LOVGREEN RD W / MILLER RD NE,121741307,24988019,T
P120023084,BIPD,2/11/2012 0:00,1245,,SPORTSMAN CLUB RD NE / STATE HWY 305 NE,122395136,24298387,T
P120019691,BIPD,2/5/2012 0:00,1908,11440,SUNRISE DR NE,122723642,24757639,SUSPI3
P120028110,BIPD,2/20/2012 0:00,1706,,HIGH SCHOOL RD NE / HILDEBRAND LN NE,122535496,23644973,FI
P120028221,BIPD,2/20/2012 0:00,2153,,NE NEW BROOKLYN RD / SPORTSMAN CLUB RD NE,122235375,23919324,T
P120028228,BIPD,2/20/2012 0:00,2220,,MILLER RD NE / NE OLSON FARM LN,121721005,24948919,T
P120028441,BIPD,2/21/2012 0:00,1113,8806,BATTLE POINT DR NE,121140400,24191700,PARKI3
P120028464,BIPD,2/21/2012 0:00,1142,4463,PLEASANT BEACH DR NE,121758450,22476050,WC911
P120028696,BIPD,2/21/2012 0:00,1755,4571,BLAKELY HEIGHTS DR NE,121856700,22528350,WC3
P120020361,BIPD,2/6/2012 0:00,1932,601,HIGH SCHOOL RD NE,122587100,23628700,T
P120020717,BIPD,2/7/2012 0:00,1404,,MADISON AVE N / WINSLOW WAY E,122427660,23249390,ASSIS4
P120020811,BIPD,2/7/2012 0:00,1611,252,SHANNON DR SE,122473798,23172785,PROWL3
P120020822,BIPD,2/7/2012 0:00,1623,625,WINSLOW WAY E,122607400,23236100,WRT3
P120023592,BIPD,2/12/2012 0:00,1043,9678,OLYMPUS BEACH RD NE,120887050,24252050,FU
P120021158,BIPD,2/8/2012 0:00,0953,,HIGH SCHOOL RD NE / HILDEBRAND LN NE,122535496,23644973,T
P120019902,BIPD,2/6/2012 0:00,0802,15158,SKOGEN LN NE,122061140,26030282,WIRESL
P120020034,BIPD,2/6/2012 0:00,1130,,STATE HWY 305 NE / WINSLOW WAY E,122597069,23245490,T
P120020123,BIPD,2/6/2012 0:00,1310,,KIMIKO LN / MADISON AVE N,122440017,23810953,T
P120023205,BIPD,2/11/2012 0:00,1647,,"XY(121743967,24379838)",121743967,24379838,CELL
P120023284,BIPD,2/11/2012 0:00,1919,,NE LOVGREEN RD E / STATE HWY 305 NE,122193914,24976129,DUI3
P120023511,BIPD,2/12/2012 0:00,0353,4704,BLAKELY AVE NE,122054800,22581700,T
P120022054,BIPD,2/9/2012 0:00,2016,,GROW AVE NW / NE HIGH SCHOOL RD,122337828,23651155,T
P120022104,BIPD,2/9/2012 0:00,2233,,MADISON AVE N / STATE HWY 305 NE,122472543,23963078,SUSPI3
P120022483,BIPD,2/10/2012 0:00,1339,625,WINSLOW WAY E,122607400,23236100,FOUND4
P120022501,BIPD,2/10/2012 0:00,1404,11515,NORTHWIND CT NE,122376150,24801813,FU
P120022717,BIPD,2/10/2012 0:00,2021,519,BJUNE DR SE,122557261,23215964,WC3
P120022757,BIPD,2/10/2012 0:00,2128,625,WINSLOW WAY E,122607400,23236100,FU
P120025672,BIPD,2/16/2012 0:00,0031,234,WOOD AVE SW,122365500,23199500,ALSP
P120029043,BIPD,2/22/2012 0:00,1157,920,HILDEBRAND LN NE,122546100,23567800,WC4
P120029836,BIPD,2/23/2012 0:00,1703,,STATE HWY 305 NE / WINSLOW WAY E,122597069,23245490,T
P120029842,BIPD,2/23/2012 0:00,1714,,MADISON AVE N / WINSLOW WAY E,122427660,23249390,PC3
P120029982,BIPD,2/23/2012 0:00,2152,,"XY(122706692,23141823)",122706692,23141823,CELL
P120022819,BIPD,2/10/2012 0:00,2308,241,WINSLOW WAY W,122377000,23251900,NOISE4
P120022852,BIPD,2/11/2012 0:00,0003,403,MADISON AVE S,122425500,23163900,NOISE4
P120023045,BIPD,2/11/2012 0:00,1125,635,HIGH SCHOOL RD NE,122615700,23616500,FU
P120023177,BIPD,2/11/2012 0:00,1557,,"XY(121682094,24404206)",121682094,24404206,CELL
P120020925,BIPD,2/7/2012 0:00,1930,,NE HOSTMARK ST / STATE HWY 305 NE,119658572,27274486,DUI3
P120027315,BIPD,2/18/2012 0:00,2326,,NE ODD FELLOWS RD / WEST BLAKELY RD NE,122036168,22290364,FI
P120013598,BIPD,1/26/2012 0:00,0844,13826,MANZANITA RD NE,121505450,25617400,ALRA
P120018364,BIPD,2/3/2012 0:00,1416,7666,NE HIGH SCHOOL RD,121802600,23667700,VERBA3
P120013697,BIPD,1/26/2012 0:00,1155,625,WINSLOW WAY E,122607400,23236100,MISC4
P120018541,BIPD,2/3/2012 0:00,1812,907,CARVER ST,118435000,20790500,MEDIA
P120018571,BIPD,2/3/2012 0:00,1856,,MADISON AVE N / STATE HWY 305 NE,122472543,23963078,TRAFF3
P120018653,BIPD,2/3/2012 0:00,2150,,HIGH SCHOOL RD NE / STATE HWY 305 NE,122571082,23644469,T
P120023888,BIPD,2/12/2012 0:00,2115,,NE DAY RD E / PHELPS RD NE,122035020,25246770,SUSPI3
P120024237,BIPD,2/13/2012 0:00,1434,9125,SPORTSMAN CLUB RD NE,122290100,24108100,FU
P120024274,BIPD,2/13/2012 0:00,1532,,NE NEW BROOKLYN RD / NORTH TOWN DR NE,122251223,23947183,CELL
P120027689,BIPD,2/19/2012 0:00,2014,8895,MADISON AVE N,122433700,23949200,FU
P120024329,BIPD,2/13/2012 0:00,1702,4058,CRYSTAL SPRINGS DR NE,121067850,22387850,WC3
P120024429,BIPD,2/13/2012 0:00,2106,343,WINSLOW WAY E,122501900,23247000,FU
P120030104,BIPD,2/24/2012 0:00,0734,10015,NE YAQUINA AVE,122582850,23997950,WC3
P120030245,BIPD,2/24/2012 0:00,1218,7305,NE HIDDEN COVE RD,121696700,25648700,MISC5
P120030270,BIPD,2/24/2012 0:00,1258,9918,NE VALLEY RD,122570540,24701163,WC911
P120030299,BIPD,2/24/2012 0:00,1345,461,SHANNON DR SE,122555985,23204454,SUICIB
P120030359,BIPD,2/24/2012 0:00,1516,625,WINSLOW WAY E,122607400,23236100,FI
P120030855,BIPD,2/25/2012 0:00,1308,285,MADISON AVE S,122426500,23199000,WC3
P120020983,BIPD,2/7/2012 0:00,2204,,NE BERGMAN RD / MILLER RD NE,121825422,25120970,T
P120021095,BIPD,2/8/2012 0:00,0759,,MILLER RD NE / NE TOLO RD,121433990,24330529,TRAFF3
P120027701,BIPD,2/19/2012 0:00,2041,7611,NE HIDDEN COVE RD,121845900,25628800,FI
P120021275,BIPD,2/8/2012 0:00,1256,1200,HILDEBRAND LN NE,122551100,23614700,ASSIS4
P120023760,BIPD,2/12/2012 0:00,1617,,"XY(122090015,25029985)",122090015,25029985,CELL
P120023800,BIPD,2/12/2012 0:00,1747,907,CARVER ST,118435000,20790500,MEDIA
P120021317,BIPD,2/8/2012 0:00,1355,9509,SPORTSMAN CLUB RD NE,122354713,24177057,WC3
P120021279,BIPD,2/8/2012 0:00,1258,9330,NE HIGH SCHOOL RD,122363800,23666100,SUSPI4
P120021549,BIPD,2/8/2012 0:00,2158,344,TORMEY LN NE,122512500,23598600,NARCO3
P120018826,BIPD,2/4/2012 0:00,0606,,SPORTSMAN CLUB RD NE / STATE HWY 305 NE,122395136,24298387,T
P120018856,BIPD,2/4/2012 0:00,0843,14732,HENDERSON RD NE,121495602,25889842,THEFT4
P120018833,BIPD,2/4/2012 0:00,0728,14405,SPARGUR LOOP RD NE,122204250,25772550,WC3
P120019048,BIPD,2/4/2012 0:00,1524,370,BRIEN DR SE,122509300,23185900,OPEN4
P120014047,BIPD,1/27/2012 0:00,0027,,NE HIDDEN COVE RD / STATE HWY 305 NE,121741136,25661125,T
P120014096,BIPD,1/27/2012 0:00,0313,8465,NE BECK RD,122014100,22325200,PROWL3
P120014112,BIPD,1/27/2012 0:00,0513,928,CHERRY AVE NE,122954850,23566500,SFR
P120014268,BIPD,1/27/2012 0:00,1125,8900,NE KOURA RD,122221360,24713252,T
P120031125,BIPD,2/25/2012 0:00,2256,,KNECHTEL WAY NE / MADISON AVE N,122432246,23447716,T
P120031348,BIPD,2/26/2012 0:00,1341,,"XY(121319031,24348501)",121319031,24348501,CELL
P120031353,BIPD,2/26/2012 0:00,1351,,BJUNE DR SE / MADISON AVE S,122427052,23224917,ALSP
P120031537,BIPD,2/26/2012 0:00,2020,624,MADISON AVE N,122443400,23416950,FU
P120031730,BIPD,2/27/2012 0:00,0957,7873,NE DAY RD W,121902639,25251576,WC911
P120028745,BIPD,2/21/2012 0:00,1939,1310,MADISON AVE N,122447500,23664000,MISSI3
P120024715,BIPD,2/14/2012 0:00,1209,930,MADISON AVE N,122447750,23567000,ASSIS4
P120027879,BIPD,2/20/2012 0:00,0756,10150,NE COUNTRY CLUB RD,122545900,22110000,PC3
P120028095,BIPD,2/20/2012 0:00,1627,10103,NE GARIBALDI LOOP,122692700,23712350,BURGL2
P120024961,BIPD,2/14/2012 0:00,1939,499,OLYMPIC DR SE,122674000,23182900,SUSPI3
P120025018,BIPD,2/14/2012 0:00,2150,12375,MILLER RD NE,121847650,25165600,MVCG
P120025187,BIPD,2/15/2012 0:00,0916,13074,MANZANITA RD NE,121484443,25327796,INTOX3
P120023934,BIPD,2/12/2012 0:00,2354,,MADISON AVE N / WINSLOW WAY E,122427660,23249390,PC3
P120024020,BIPD,2/13/2012 0:00,0811,625,WINSLOW WAY E,122607400,23236100,TRANS
P120024197,BIPD,2/13/2012 0:00,1333,343,WINSLOW WAY E,122501900,23247000,UNWAN3
P120028963,BIPD,2/22/2012 0:00,0929,,"XY(121462345,23120814)",121462345,23120814,CELL
P120024364,BIPD,2/13/2012 0:00,1822,907,CARVER ST,118435000,20790500,MEDIA
P120024495,BIPD,2/14/2012 0:00,0020,,NE HIDDEN COVE RD / STATE HWY 305 NE,121741136,25661125,T
P120019495,BIPD,2/5/2012 0:00,1151,,BATTLE POINT DR NE / MILLER RD NE,121350327,24126968,T
P120019505,BIPD,2/5/2012 0:00,1213,,SPORTSMAN CLUB RD NE / STATE HWY 305 NE,122395136,24298387,T
P120019508,BIPD,2/5/2012 0:00,1220,,SPORTSMAN CLUB RD NE / STATE HWY 305 NE,122395136,24298387,T
P120014308,BIPD,1/27/2012 0:00,1202,9300,SPORTSMAN CLUB RD NE,122332600,24121200,T
P120014370,BIPD,1/27/2012 0:00,1400,,MADISON AVE N / NE NEW BROOKLYN RD,122442200,23911813,T
P120014508,BIPD,1/27/2012 0:00,1715,8251,SPRINGRIDGE RD NE,121242050,23746700,MVC4
P120028876,BIPD,2/22/2012 0:00,0341,,WYATT WAY NW / WYATT WAY NW,122117093,23311282,CELL
P120028967,BIPD,2/22/2012 0:00,0934,,NE HIGH SCHOOL RD / SPORTSMAN CLUB RD NE,122100813,23659652,TRAFF3
P120028975,BIPD,2/22/2012 0:00,0948,7792,NE YEOMALT POINT DR,123121700,23590100,THEFT4
P120031938,BIPD,2/27/2012 0:00,1525,176,ERICKSEN AVE NE,122530800,23271400,OPEN3
P120032081,BIPD,2/27/2012 0:00,1955,2529,FIR AVE,120070050,21756600,ASSIS3
P120025459,BIPD,2/15/2012 0:00,1626,,NE DAY RD E / NE YETI LN,122025071,25272959,CELL
P120028712,BIPD,2/21/2012 0:00,1822,253,HIGH SCHOOL RD NE,122470100,23646300,VERBA3
P120025566,BIPD,2/15/2012 0:00,1921,907,CARVER ST,118435000,20790500,MEDIA
P120025867,BIPD,2/16/2012 0:00,1206,515,FERNCLIFF AVE NE,122659600,23386800,MALIC4
P120025878,BIPD,2/16/2012 0:00,1232,829,HIGH SCHOOL RD NE,122672300,23642200,ASSIS4
P120025903,BIPD,2/16/2012 0:00,1312,,"XY(122706692,23141823)",122706692,23141823,CELL
P120014573,BIPD,1/27/2012 0:00,1957,,NE EMERALD WAY / LYNWOOD CENTER RD NE,121767657,22803396,T
P120019953,BIPD,2/6/2012 0:00,0947,11299,ARROW POINT DR NE,121068800,24696200,THEFT4
P120015007,BIPD,1/28/2012 0:00,1505,6425,NE HIDDEN COVE RD,121433750,25645800,ALRA
P120019912,BIPD,2/6/2012 0:00,0821,614,DIVISION ST,119442800,20147600,MISC4
P120015198,BIPD,1/28/2012 0:00,2224,245,HIGH SCHOOL RD NW,122243500,23654700,NARCO3
P120015244,BIPD,1/28/2012 0:00,2336,,"XY(122212086,23587934)",122212086,23587934,CELL
P120024800,BIPD,2/14/2012 0:00,1431,305,MADISON AVE N,122413500,23319400,UNWAN3
P120019039,BIPD,2/4/2012 0:00,1504,2589,SAND DOLLAR RD W,118235100,20241500,ASSIS3
P120021753,BIPD,2/9/2012 0:00,1027,4062,CRYSTAL SPRINGS DR NE,121074400,22379650,FU
P120019051,BIPD,2/4/2012 0:00,1527,1200,HILDEBRAND LN NE,122551100,23614700,CHILD3
P120022314,BIPD,2/10/2012 0:00,0905,,NE BAY HILL RD / MILLER RD NE,121657490,24861833,T
P120022454,BIPD,2/10/2012 0:00,1238,11515,NORTHWIND CT NE,122376150,24801813,ABAND4
P120032119,BIPD,2/27/2012 0:00,2150,920,HILDEBRAND LN NE,122546100,23567800,DUI3
P120032336,BIPD,2/28/2012 0:00,1114,4777,LYNWOOD CENTER RD NE,121763478,22572056,THEFT4
P120032429,BIPD,2/28/2012 0:00,1411,1114,HIGH SCHOOL RD NE,122781331,23623676,SUSPI3
P120032562,BIPD,2/28/2012 0:00,1755,907,CARVER ST,118435000,20790500,MEDIA
P120032935,BIPD,2/29/2012 0:00,1408,299,SHANNON DR SE,122508700,23164500,PC3
P120033012,BIPD,2/29/2012 0:00,1613,10928,OLALLIE LN NE,120818788,24681689,WIRESU
P120026351,BIPD,2/17/2012 0:00,0915,,MADISON AVE N / NE NEW BROOKLYN RD,122442200,23911813,T
P120026385,BIPD,2/17/2012 0:00,1015,10861,NE MANITOU PARK BLVD,122932900,24590800,ALSP
P120026402,BIPD,2/17/2012 0:00,1050,,NEW SWEDEN AVE NE / NE OLD MILL RD,122541089,22454212,RECOV4
P120026449,BIPD,2/17/2012 0:00,1214,4710,BLAKELY HEIGHTS DR NE,121885700,22574100,FI
P120023204,BIPD,2/11/2012 0:00,1645,,"XY(122372449,22793401)",122372449,22793401,CELL
P120026885,BIPD,2/18/2012 0:00,0326,1853,SAKAI VILLAGE LOOP NE,122481200,23820400,UNKNO3
P120015550,BIPD,1/29/2012 0:00,1442,,NE JUSTIN CT / MILLER RD NE,121500047,24497860,T
P120020398,BIPD,2/6/2012 0:00,2153,3949,CRYSTAL SPRINGS DR NE,121040400,22361700,FI
P120020652,BIPD,2/7/2012 0:00,1223,220,PARFITT WAY SW,122383300,23192900,FU
P120015759,BIPD,1/30/2012 0:00,0044,,MILLER RD NE / PETERSON HILL RD NE,121669667,24878567,T
P120020777,BIPD,2/7/2012 0:00,1527,625,WINSLOW WAY E,122607400,23236100,TRANS
P120022546,BIPD,2/10/2012 0:00,1454,,"XY(122307290,23080514)",122307290,23080514,CELL
P120026480,BIPD,2/17/2012 0:00,1302,12670,SUNRISE DR NE,122745550,25166350,HARAS4
P120022592,BIPD,2/10/2012 0:00,1542,,NE DAY RD E / STATE HWY 305 NE,122023402,25247379,T
P120022632,BIPD,2/10/2012 0:00,1707,,NE DAY RD E / STATE HWY 305 NE,122023402,25247379,T
P120022876,BIPD,2/11/2012 0:00,0040,,NE NEW BROOKLYN RD / SPORTSMAN CLUB RD NE,122235375,23919324,T
P120023096,BIPD,2/11/2012 0:00,1312,410,MADRONA WAY NE,122473959,23355934,THEFT4
P120024778,BIPD,2/14/2012 0:00,1356,499,OLYMPIC DR SE,122674000,23182900,ASSIS3
P120024786,BIPD,2/14/2012 0:00,1415,625,WINSLOW WAY E,122607400,23236100,FU
P120024796,BIPD,2/14/2012 0:00,1429,625,WINSLOW WAY E,122607400,23236100,FRAUD4
P120024838,BIPD,2/14/2012 0:00,1531,1912,NE PARK VIEW DR,122415700,21644450,MISSI4
P120024868,BIPD,2/14/2012 0:00,1621,1912,NE PARK VIEW DR,122415700,21644450,RETURN
P120025633,BIPD,2/15/2012 0:00,2239,10693,NE BYRON DR,122783750,23688950,ALRA
P120015897,BIPD,1/30/2012 0:00,0949,625,WINSLOW WAY E,122607400,23236100,MISC4
P120021180,BIPD,2/8/2012 0:00,1032,,KIMIKO LN / MADISON AVE N,122440017,23810953,T
P120021221,BIPD,2/8/2012 0:00,1134,,NORTH MADISON AVE NE / NE VALLEY RD,122457917,24703521,CHILD4
P120021297,BIPD,2/8/2012 0:00,1321,7205,NE DOLPHIN DR,121728768,26292798,FRAUD4
P120016297,BIPD,1/30/2012 0:00,2055,,SPORTSMAN CLUB RD NE / STATE HWY 305 NE,122395136,24298387,WC3
P120017535,BIPD,2/2/2012 0:00,0351,8485,FLETCHER BAY RD NE,121394800,23849600,FI
P120027260,BIPD,2/18/2012 0:00,2126,,FINCH RD NE / SPORTSMAN CLUB RD NE,122038267,23529659,T
P120023350,BIPD,2/11/2012 0:00,2125,,SPORTSMAN CLUB RD NE / STATE HWY 305 NE,122395136,24298387,T
P120023451,BIPD,2/12/2012 0:00,0052,,SPORTSMAN CLUB RD NE / STATE HWY 305 NE,122395136,24298387,T
P120023464,BIPD,2/12/2012 0:00,0114,,KALLGREN RD NE / NE WINTER VIEW LN,122600020,25160878,T
P120023533,BIPD,2/12/2012 0:00,0604,600,WINSLOW WAY E,122597200,23245500,PC3
P120023704,BIPD,2/12/2012 0:00,1425,,NE DAY RD E / STATE HWY 305 NE,122023402,25247379,RECKL3
P120026932,BIPD,2/18/2012 0:00,0816,,NE BECK RD / PLEASANT BEACH DR NE,121808099,22341203,BLSP
P120027050,BIPD,2/18/2012 0:00,1356,829,HIGH SCHOOL,122611157,23237126,ASSIS5
P120027253,BIPD,2/18/2012 0:00,2111,,STATE HWY 305 NE / WINSLOW WAY E,122597069,23245490,T
P120027563,BIPD,2/19/2012 0:00,1517,,NE SEABOLD CHURCH RD / STATE HWY 305 NE,121628932,25910523,TRAFF3
P120030766,BIPD,2/25/2012 0:00,1008,,NE COUNTRY CLUB RD / FORT WARD HILL RD NE,122444940,22146864,MVC3
P120027806,BIPD,2/20/2012 0:00,0105,,BIG FIR LN NE / MANDUS OLSON RD NE,121736569,24197243,FI
P120025803,BIPD,2/16/2012 0:00,0957,8639,SPRINGRIDGE RD NE,121252145,23891986,WC4
P120026705,BIPD,2/17/2012 0:00,2105,,GROW AVE NW / NE HIGH SCHOOL RD,122337828,23651155,T
P120026816,BIPD,2/18/2012 0:00,0047,625,WINSLOW WAY E,122607400,23236100,MISC3
P120023393,BIPD,2/11/2012 0:00,2241,,NE BAKER HILL RD / LYNWOOD CENTER RD NE,121772402,22605337,TRAFF3
P120027394,BIPD,2/19/2012 0:00,0241,13800,MANZANITA RD NE,121504100,25585650,MISSI4
P120023479,BIPD,2/12/2012 0:00,0137,,LOGG RD NE / NE VALLEY RD,122755481,24697124,T
P120013029,BIPD,1/25/2012 0:00,0904,9405,NE TIDAL CT,122209600,23730050,WC911
P120021731,BIPD,2/9/2012 0:00,0954,190,GOWEN PL NW,122121350,23250550,FU
P120021752,BIPD,2/9/2012 0:00,1025,,NE DAY RD W / MILLER RD NE,121978357,25249210,RECKL3
P120021816,BIPD,2/9/2012 0:00,1206,911,HILDEBRAND LN NE,122517900,23536900,FU
P120013123,BIPD,1/25/2012 0:00,1203,,FERNCLIFF AVE NE / HIGH SCHOOL RD NE,122700327,23641703,TRAFF3
P120023947,BIPD,2/13/2012 0:00,0120,,STATE HWY 305 NE / WINSLOW WAY E,122597069,23245490,PC3
P120024256,BIPD,2/13/2012 0:00,1457,,MADISON AVE N / NE NEW BROOKLYN RD,122442200,23911813,T
P120024404,BIPD,2/13/2012 0:00,2015,,MADISON AVE N / WINSLOW WAY E,122427660,23249390,T
P120028020,BIPD,2/20/2012 0:00,1319,8800,NE ODD FELLOWS RD,122103373,22283264,T
P120024420,BIPD,2/13/2012 0:00,2053,343,WINSLOW WAY E,122501900,23247000,INTOX3
P120028109,BIPD,2/20/2012 0:00,1704,10103,NE GARIBALDI LOOP,122692700,23712350,CELL
P120023532,BIPD,2/12/2012 0:00,0554,406,HIGH SCHOOL RD NE,122537800,23644900,FI
P120023576,BIPD,2/12/2012 0:00,0952,,HIGH SCHOOL RD NE / STATE HWY 305 NE,122571082,23644469,FI
P120023584,BIPD,2/12/2012 0:00,1021,8301,NE DAY RD E,122023500,25247400,FI
P120028114,BIPD,2/20/2012 0:00,1709,3773,PLEASANT BEACH DR NE,121919000,22280650,SEXOF4
P120028308,BIPD,2/21/2012 0:00,0542,4704,BLAKELY AVE NE,122054800,22581700,PC3
P120028590,BIPD,2/21/2012 0:00,1452,1412,ELIZABETH PL NW,122267650,23712950,FOUND4
P120024514,BIPD,2/14/2012 0:00,0131,5834,WARD AVE NE,122596400,22917100,PC3
P120028304,BIPD,2/21/2012 0:00,0520,10650,NE GERTIE JOHNSON RD,122811400,24756050,MALIC4
P120028717,BIPD,2/21/2012 0:00,1836,,"XY(121185009,24456970)",121185009,24456970,CELL
P120024543,BIPD,2/14/2012 0:00,0448,,STATE HWY 305 NE / VINEYARD LN,122559210,23438563,T
P120021769,BIPD,2/9/2012 0:00,1045,641,JANELLE PL NW,122240750,23547550,ALRA
P120021889,BIPD,2/9/2012 0:00,1421,271,WINSLOW WAY E,122484900,23247700,FU
P120027870,BIPD,2/20/2012 0:00,0725,,NE BAKER HILL RD / LYNWOOD CENTER RD NE,121772402,22605337,T
P120031032,BIPD,2/25/2012 0:00,1908,,ARROW POINT DR NE / MILLER RD NE,121550644,24644417,T
P120027872,BIPD,2/20/2012 0:00,0734,,NE KOURA RD / MILLER RD NE,121576406,24728795,T
P120028339,BIPD,2/21/2012 0:00,0818,8489,MADISON AVE N,122421300,23757400,BURGL4
P120028455,BIPD,2/21/2012 0:00,1137,235,CAMELIA LOOP NE,122451700,23598100,FRAUD4
P120028502,BIPD,2/21/2012 0:00,1253,13381,HIDDEN COVE LN NE,121449850,25614000,ALRA
P120018249,BIPD,2/3/2012 0:00,1110,9330,NE HIGH SCHOOL RD,122363800,23666100,MISC4
P120018292,BIPD,2/3/2012 0:00,1215,625,WINSLOW WAY E,122607400,23236100,MISC4
P120022051,BIPD,2/9/2012 0:00,2015,,NE HIGH SCHOOL RD / MADISON AVE N,122439864,23649989,T
P120018477,BIPD,2/3/2012 0:00,1634,253,HIGH SCHOOL RD NE,122470100,23646300,SUSPI4
P120019079,BIPD,2/4/2012 0:00,1602,253,HIGH SCHOOL RD NE,122470100,23646300,FOUND4
P120022543,BIPD,2/10/2012 0:00,1452,,CAVE AVE NE / FERNCLIFF AVE NE,122646107,23301125,CELL
P120028705,BIPD,2/21/2012 0:00,1815,625,WINSLOW WAY E,122607400,23236100,MISC4
P120029121,BIPD,2/22/2012 0:00,1405,4779,LYNWOOD CENTER RD NE,121749200,22595450,FRAUD4
P120029242,BIPD,2/22/2012 0:00,1733,1220,HILDEBRAND LN NE,122550200,23631100,BLS
P120032079,BIPD,2/27/2012 0:00,1950,,JOHN ADAMS LN NW / SHEPARD WAY NW,122376719,23317881,MVCG
P120029628,BIPD,2/23/2012 0:00,1131,370,FIR ACRES DR NW,122359344,23474796,FU
P120022063,BIPD,2/9/2012 0:00,2053,5650,NE TOLO RD,121154950,24367000,WC911
P120025881,BIPD,2/16/2012 0:00,1235,10403,NE SEABORN RD,122656450,22232900,VEHIT4
P120026359,BIPD,2/17/2012 0:00,0929,20464,VIKING AVE NW,119251400,27839100,ASSIS2
P120030190,BIPD,2/24/2012 0:00,1041,,"XY(122552272,23583747)",122552272,23583747,CELL
P120026724,BIPD,2/17/2012 0:00,2150,,HIGH SCHOOL RD NE / STATE HWY 305 NE,122571082,23644469,T
P120027089,BIPD,2/18/2012 0:00,1522,,"XY(122485867,23257562)",122485867,23257562,CELL
P120022590,BIPD,2/10/2012 0:00,1535,8346,GRAND AVE NE,122822500,23761650,HARAS4
P120019087,BIPD,2/4/2012 0:00,1618,829,HIGH SCHOOL RD NE,122672300,23642200,UNKNO4
P120022985,BIPD,2/11/2012 0:00,0758,625,WINSLOW WAY E,122607400,23236100,MISC3
P120023009,BIPD,2/11/2012 0:00,0936,,NE COUNTRY CLUB RD / FORT WARD HILL RD NE,122444940,22146864,T
P120019126,BIPD,2/4/2012 0:00,1721,7895,NE HIGH SCHOOL RD,121870786,23667390,SUSPI4
P120019386,BIPD,2/5/2012 0:00,0333,203,PARFITT WAY SW,122385100,23135900,PC3
P120029622,BIPD,2/23/2012 0:00,1121,785,ERICKSEN AVE NE,122526250,23490750,BURGL4
P120030000,BIPD,2/23/2012 0:00,2242,625,WINSLOW WAY E,122607400,23236100,FU
P120030011,BIPD,2/23/2012 0:00,2336,,"XY(122406144,23484425)",122406144,23484425,CELL
P120030174,BIPD,2/24/2012 0:00,1016,15680,VINCENT RD NW,118735400,26228800,ASSIS3
P120030386,BIPD,2/24/2012 0:00,1608,,MADISON AVE N / WINSLOW WAY E,122427660,23249390,PC4
P120030709,BIPD,2/25/2012 0:00,0542,5300,ROCKAWAY BEACH RD NE,122978843,22736853,ASSIS3
P120028688,BIPD,2/21/2012 0:00,1736,,MADISON AVE N / WYATT WAY NE,122430637,23382031,MALIC4
P120028798,BIPD,2/21/2012 0:00,2221,,GILMORE WAY NE / WINSLOW WAY E,122615981,23254352,CELL
P120029232,BIPD,2/22/2012 0:00,1716,,MADISON AVE N / WINSLOW WAY E,122427660,23249390,PC3
P120029246,BIPD,2/22/2012 0:00,1737,253,WINSLOW WAY W,122369700,23242800,ALRA
P120029266,BIPD,2/22/2012 0:00,1808,907,CARVER ST,118435000,20790500,MEDIA
P120029396,BIPD,2/23/2012 0:00,0011,370,FIR ACRES DR NW,122359344,23474796,HARAS4
P120030369,BIPD,2/24/2012 0:00,1536,14012,SUNRISE DR NE,122754800,25629550,FU
P120030474,BIPD,2/24/2012 0:00,1901,907,CARVER ST,118435000,20790500,MEDIA
P120027162,BIPD,2/18/2012 0:00,1810,1188,NAKATA PL NW,122394900,23607200,ALS
P120027183,BIPD,2/18/2012 0:00,1849,363,TORMEY LN NE,122495700,23592650,UNWAN3
P120031249,BIPD,2/26/2012 0:00,0613,12241,NE COUNTRY CLUB RD,123282050,21722450,SFR
P120027269,BIPD,2/18/2012 0:00,2139,,SPORTSMAN CLUB RD NE / STATE HWY 305 NE,122395136,24298387,T
P120023513,BIPD,2/12/2012 0:00,0419,9626,NE BEACH CREST DR,122463475,24439292,NOISE4
P120019648,BIPD,2/5/2012 0:00,1730,12146,SUNRISE DR NE,122736850,24992200,FU
P120023676,BIPD,2/12/2012 0:00,1335,7143,ISLAND CENTER RD NE,121604267,23341196,ALSP
P120019788,BIPD,2/5/2012 0:00,2211,15798,STATE HWY 305 NE,121419100,26448500,T
P120019924,BIPD,2/6/2012 0:00,0845,11594,NE YEOMALT POINT DR,123092950,23567700,BURGL4
P120033037,BIPD,2/29/2012 0:00,1708,,FERNCLIFF AVE NE / HIGH SCHOOL RD NE,122700327,23641703,T
P120030478,BIPD,2/24/2012 0:00,1918,4710,BLAKELY HEIGHTS DR NE,121885700,22574100,INFOP4
P120030534,BIPD,2/24/2012 0:00,2105,9330,NE HIGH SCHOOL RD,122363800,23666100,THEFT4
P120030551,BIPD,2/24/2012 0:00,2148,241,WINSLOW WAY W,122377000,23251900,NOISE4
P120030820,BIPD,2/25/2012 0:00,1207,330,CAVE AVE NE,122631450,23324350,ASSIS4
P120033088,BIPD,2/29/2012 0:00,1855,,SPORTSMAN CLUB RD NE / STATE HWY 305 NE,122395136,24298387,TRAFF3
P120031589,BIPD,2/26/2012 0:00,2251,,"XY(122313319,23714498)",122313319,23714498,CELL
P120027304,BIPD,2/18/2012 0:00,2258,7070,NE EAGLE HARBOR DR,121972000,23357300,FI
P120032084,BIPD,2/27/2012 0:00,2002,,NE HOSTMARK ST / NESS PL NE,119523389,27275356,T
P120027572,BIPD,2/19/2012 0:00,1545,10257,NE DARDEN LN,122572950,21488400,ALRA
P120032110,BIPD,2/27/2012 0:00,2129,,NE EAGLE HARBOR DR / NE OLD CREOSOTE HILL RD,122928362,22848761,T
P120027660,BIPD,2/19/2012 0:00,1854,8000,MILLER RD NE,121357629,23960561,T
P120026482,BIPD,2/17/2012 0:00,1302,835,MADISON AVE N,122415100,23498500,VERBA3
P120026493,BIPD,2/17/2012 0:00,1317,353,WALLACE WAY NE,122517107,23513061,MALIC4
P120026627,BIPD,2/17/2012 0:00,1756,343,WINSLOW WAY E,122501900,23247000,ASSAU2
P120030195,BIPD,2/24/2012 0:00,1049,9156,NE BRIAR ROSE LN,122419305,22530868,NARCO4
P120030445,BIPD,2/24/2012 0:00,1810,625,WINSLOW WAY E,122607400,23236100,FU
P120030486,BIPD,2/24/2012 0:00,1927,408,MADRONA WAY NE,122473697,23355940,MALIC4
P120020011,BIPD,2/6/2012 0:00,1100,,IHLAND WAY NE / MADISON AVE N,122435017,23579543,T
P120020131,BIPD,2/6/2012 0:00,1317,381,WALLACE WAY NW,122340670,23517884,FU
P120024360,BIPD,2/13/2012 0:00,1816,27553,SERENE DR NE,121236650,30135350,FU
P120020283,BIPD,2/6/2012 0:00,1651,,HIGH SCHOOL RD NE / STATE HWY 305 NE,122571082,23644469,T
P120020323,BIPD,2/6/2012 0:00,1759,907,CARVER ST,118435000,20790500,MEDIA
P120020654,BIPD,2/7/2012 0:00,1228,215,FINCH PL SW,122403500,23209000,MALIC4
P120033141,BIPD,2/29/2012 0:00,2156,292,MADRONA WAY NE,122497400,23365150,THEFT4
P120033240,BIPD,3/1/2012 0:00,0608,499,OLYMPIC DR SE,122674000,23182900,PC4
P120033336,BIPD,3/1/2012 0:00,1109,7430,NE BAY HILL RD,121750200,24866950,THEFT4
P120033409,BIPD,3/1/2012 0:00,1359,625,WINSLOW WAY E,122607400,23236100,MISC3
P120033930,BIPD,3/2/2012 0:00,1252,5846,MAIN ST NE,122631650,22920300,SUSPI4
P120033936,BIPD,3/2/2012 0:00,1259,5600,NE EAGLE HARBOR DR,122234389,22864956,T
P120027664,BIPD,2/19/2012 0:00,1902,,MILLER RD NE / NE TOLO RD,121433990,24330529,T
P120027922,BIPD,2/20/2012 0:00,0948,,MADISON AVE N / WINSLOW WAY E,122427660,23249390,PC3
P120027944,BIPD,2/20/2012 0:00,1050,,BATTLE POINT DR NE / MILLER RD NE,121350327,24126968,T
P120028007,BIPD,2/20/2012 0:00,1248,,NE MANITOU PARK BLVD / ROLLING BAY WALK NE,122970362,24614879,PC3
P120028035,BIPD,2/20/2012 0:00,1354,499,OLYMPIC DR SE,122674000,23182900,MISC4
P120033081,BIPD,2/29/2012 0:00,1839,,,122620920,23359686,CELL
P120030868,BIPD,2/25/2012 0:00,1332,1302,KINGS PL NW,122269250,23682000,ALSP
P120031001,BIPD,2/25/2012 0:00,1821,907,CARVER ST,118435000,20790500,MEDIA
P120031036,BIPD,2/25/2012 0:00,1915,,NE DAY RD E / STATE HWY 305 NE,122023402,25247379,T
P120031049,BIPD,2/25/2012 0:00,1944,,HIGH SCHOOL RD NE / STATE HWY 305 NE,122571082,23644469,T
P120027590,BIPD,2/19/2012 0:00,1619,,"XY(122706692,23141823)",122706692,23141823,CELL
P120033119,BIPD,2/29/2012 0:00,2038,279,MADISON AVE N,122429300,23317900,MVC2
P120033218,BIPD,3/1/2012 0:00,0224,,OLYMPIC DR SE / STATE HWY 305 NE,122597069,23245490,T
P120033337,BIPD,3/1/2012 0:00,1110,9431,COPPERTOP LOOP NE,122356460,24125014,NARCO4
P120033418,BIPD,3/1/2012 0:00,1419,27000,MILLER BAY RD NE,122087800,29975000,T
P120030578,BIPD,2/24/2012 0:00,2247,,NE DAY RD E / STATE HWY 305 NE,122023402,25247379,T
P120030940,BIPD,2/25/2012 0:00,1600,9330,NE HIGH SCHOOL RD,122363800,23666100,FU
P120020906,BIPD,2/7/2012 0:00,1855,907,CARVER ST,118435000,20790500,MEDIA
P120021021,BIPD,2/7/2012 0:00,2356,,NE LOVGREEN RD E / PLEASANT PL NE,122244655,24974505,T
P120024819,BIPD,2/14/2012 0:00,1504,10440,NE QUIET VALLEY LN,122713600,23737250,SUSPI4
P120021324,BIPD,2/8/2012 0:00,1410,2324,SOUNDVIEW DR NE,122369750,21780750,FU
P120025550,BIPD,2/15/2012 0:00,1852,,NE DAY RD E / STATE HWY 305 NE,122023402,25247379,TRAFF3
P120021332,BIPD,2/8/2012 0:00,1425,829,NE HIGH SCHOOL RD,122683050,23596550,MENTA3
P120028265,BIPD,2/21/2012 0:00,0052,635,HIGH SCHOOL RD NE,122615700,23616500,T
P120028728,BIPD,2/21/2012 0:00,1859,,"XY(122406144,23484425)",122406144,23484425,CELL
P120029120,BIPD,2/22/2012 0:00,1400,8263,NE CARMELLA LN,121977900,23520850,FRAUD4
P120024866,BIPD,2/14/2012 0:00,1617,8890,MILLER RD NE,121326700,24066800,THEFT4
P120025151,BIPD,2/15/2012 0:00,0756,,SPORTSMAN CLUB RD NE / STATE HWY 305 NE,122395136,24298387,MVCG
P120025482,BIPD,2/15/2012 0:00,1653,461,SHANNON DR SE,122555985,23204454,WC3
P120030955,BIPD,2/25/2012 0:00,1640,11004,NORTH MADISON AVE NE,122514850,24624450,CIVIL3
P120031076,BIPD,2/25/2012 0:00,2057,8421,NE GRIZDALE LN,122024950,23977250,FU
P120031083,BIPD,2/25/2012 0:00,2113,,STATE HWY 305 NE / SUQUAMISH WAY NE,121272953,26526622,T
P120031091,BIPD,2/25/2012 0:00,2132,,NE COUNTY PARK RD / NE WEST PORT MADISON RD,122033077,26160213,SUSPI3
P120033939,BIPD,3/2/2012 0:00,1304,5000,ROSE AVE NE,122416213,22711899,PC4
P120031472,BIPD,2/26/2012 0:00,1736,624,MADISON AVE N,122443400,23416950,DV2
P120028027,BIPD,2/20/2012 0:00,1337,4253,PLEASANT BEACH DR NE,121773950,22427050,T
P120031105,BIPD,2/25/2012 0:00,2205,299,SHANNON DR SE,122508700,23164500,PC3
P120028129,BIPD,2/20/2012 0:00,1754,907,CARVER ST,118435000,20790500,MEDIA
P120033916,BIPD,3/2/2012 0:00,1232,,NE KOURA RD / STATE HWY 305 NE,122310217,24709702,ASSIS3
P120031502,BIPD,2/26/2012 0:00,1830,625,WINSLOW WAY E,122607400,23236100,FU
P120031825,BIPD,2/27/2012 0:00,1211,10674,NE MANOR LN,122835350,25576750,BLSGP
P120034224,BIPD,3/2/2012 0:00,2130,,STATE HWY 305 NE / WINSLOW WAY E,122597069,23245490,ASSAU2
P120034244,BIPD,3/2/2012 0:00,2220,253,HIGH SCHOOL RD NE,122470100,23646300,FI
P120034309,BIPD,3/3/2012 0:00,0010,499,OLYMPIC DR SE,122674000,23182900,ASSIS3
P120034499,BIPD,3/3/2012 0:00,1205,835,MADISON AVE N,122415100,23498500,NARCO4
P120034589,BIPD,3/3/2012 0:00,1449,,NE BERGMAN RD / MILLER RD NE,121825422,25120970,T
P120017789,BIPD,2/2/2012 0:00,1550,180,KNECHTEL WAY NE,122459350,23453800,WC911
P120018003,BIPD,2/2/2012 0:00,2233,,NE BAKER HILL RD / BLAKELY AVE NE,122016317,22599490,T
P120021949,BIPD,2/9/2012 0:00,1615,,NE DAY RD E / STATE HWY 305 NE,122023402,25247379,FI
P120022202,BIPD,2/10/2012 0:00,0225,,STATE HWY 305 NE / WINSLOW WAY E,122597069,23245490,PC3
P120022290,BIPD,2/10/2012 0:00,0831,829,HIGH SCHOOL RD NE,122672300,23642200,ASSIS3
P120022788,BIPD,2/10/2012 0:00,2225,14610,KOMEDAL RD NE,121575100,25837300,FU
P120031823,BIPD,2/27/2012 0:00,1207,,NE LAFAYETTE AVE / SUNRISE DR NE,122750063,26150618,DV4
P120031996,BIPD,2/27/2012 0:00,1648,,HIGH SCHOOL RD NE / HILDEBRAND LN NE,122535496,23644973,TRAFF3
P120032032,BIPD,2/27/2012 0:00,1758,907,CARVER ST,118435000,20790500,MEDIA
P120032093,BIPD,2/27/2012 0:00,2037,298,WINSLOW WAY W,122354637,23252713,ALRA
P120032128,BIPD,2/27/2012 0:00,2219,,NORTH MADISON AVE NE / NE VALLEY RD,122457917,24703521,T
P120032202,BIPD,2/28/2012 0:00,0301,,NE DAY RD E / STATE HWY 305 NE,122023402,25247379,T
P120029340,BIPD,2/22/2012 0:00,2117,,"XY(122347655,24072760)",122347655,24072760,CELL
P120033959,BIPD,3/2/2012 0:00,1332,,MILLER RD NE / PETERSON HILL RD NE,121669667,24878567,T
P120029336,BIPD,2/22/2012 0:00,2114,,SUNRISE DR NE / NE VALLEY RD,122722526,24697639,DV3
P120025841,BIPD,2/16/2012 0:00,1109,,"XY(121185009,24456970)",121185009,24456970,CELL
P120030119,BIPD,2/24/2012 0:00,0843,,MADISON AVE N / WALLACE WAY NE,122433596,23514669,T
P120034216,BIPD,3/2/2012 0:00,2119,241,WINSLOW WAY W,122377000,23251900,PC3
P120034772,BIPD,3/3/2012 0:00,2115,,WEAVER RD NW / WYATT WAY NW,122167956,23391345,T
P120034828,BIPD,3/3/2012 0:00,2306,,NE DAY RD W / MILLER RD NE,121978357,25249210,T
P120034838,BIPD,3/3/2012 0:00,2322,9330,NE HIGH SCHOOL RD,122363800,23666100,FI
P120034933,BIPD,3/4/2012 0:00,0237,14235,SUNRISE DR NE,122742241,25682531,ALRA
P120034951,BIPD,3/4/2012 0:00,0403,,FORT WARD HILL RD NE / NE SOUTH BEACH DR,122322537,21535320,FI
P120034971,BIPD,3/4/2012 0:00,0637,231,WINSLOW WAY E,122463600,23240400,ALRB
P120034945,BIPD,3/4/2012 0:00,0328,1270,MADISON AVE N,122444300,23625500,T
P120032210,BIPD,2/28/2012 0:00,0332,13550,SUNRISE DR NE,122738452,25456207,ALRA
P120029647,BIPD,2/23/2012 0:00,1200,,STATE HWY 305 NE / WINSLOW WAY E,122597069,23245490,BLSP
P120029661,BIPD,2/23/2012 0:00,1221,,NE DAY RD E / STATE HWY 305 NE,122023402,25247379,T
P120029701,BIPD,2/23/2012 0:00,1329,600,WINSLOW WAY E,122597200,23245500,FU
P120031593,BIPD,2/26/2012 0:00,2301,,NE GERTIE JOHNSON RD / LOGG RD NE,122761136,24755746,PC3
P120034318,BIPD,3/3/2012 0:00,0047,1201,CHERRY AVE NE,122892000,23620450,THEFT4
P120034346,BIPD,3/3/2012 0:00,0143,,FERNCLIFF AVE NE / HIGH SCHOOL RD NE,122700327,23641703,FI
P120031922,BIPD,2/27/2012 0:00,1501,350,GROW AVE NW,122340100,23334950,MISC5
P120031906,BIPD,2/27/2012 0:00,1433,499,OLYMPIC DR SE,122674000,23182900,ASSIS3
P120034683,BIPD,3/3/2012 0:00,1737,,FALK RD NE / NE VALLEY RD,122787526,24696148,BRUSH
P120023348,BIPD,2/11/2012 0:00,2122,,CHERRY ORCHARD LN NE / NE NEW BROOKLYN RD,121714499,23933239,RECOV3
P120023507,BIPD,2/12/2012 0:00,0319,299,SHANNON DR SE,122508700,23164500,FI
P120023661,BIPD,2/12/2012 0:00,1313,15798,STATE HWY 305 NE,121419100,26448500,RECKL3
P120027169,BIPD,2/18/2012 0:00,1824,755,FAIRVIEW AVE NE,123054650,23458600,WC911
P120027267,BIPD,2/18/2012 0:00,2139,,NE HIDDEN COVE RD / HIDDEN HEIGHTS LN NE,121863923,25645739,PC3
P120023680,BIPD,2/12/2012 0:00,1341,12875,MANZANITA RD NE,121475100,25263150,FU
P120030207,BIPD,2/24/2012 0:00,1120,,"XY(122485867,23257562)",122485867,23257562,CELL
P120030321,BIPD,2/24/2012 0:00,1420,,ERICKSEN AVE NE / MADRONE LN N,122485723,23250998,CELL
P120030869,BIPD,2/25/2012 0:00,1337,,HIGH SCHOOL RD NE / STATE HWY 305 NE,122571082,23644469,T
P120031045,BIPD,2/25/2012 0:00,1939,,NE DAY RD E / STATE HWY 305 NE,122023402,25247379,T
P120031374,BIPD,2/26/2012 0:00,1432,,MADISON AVE N / STATE HWY 305 NE,122472543,23963078,ASSIS4
P120031632,BIPD,2/27/2012 0:00,0149,253,HIGH SCHOOL RD NE,122470100,23646300,FOUND4
P120031929,BIPD,2/27/2012 0:00,1509,9330,NE HIGH SCHOOL RD,122363800,23666100,THEFT4
P120032246,BIPD,2/28/2012 0:00,0804,10039,NE SUMMERBERRY CT,122638850,25116550,MISSI3
P120032486,BIPD,2/28/2012 0:00,1536,,"XY(122706692,23141823)",122706692,23141823,CELL
P120035021,BIPD,3/4/2012 0:00,0949,641,JANELLE PL NW,122240750,23547550,ALRA
P120035115,BIPD,3/4/2012 0:00,1331,,FLETCHER BAY RD NE / MILLER RD NE,121365750,23936543,RECKL3
P120032582,BIPD,2/28/2012 0:00,1832,241,MADISON AVE N,122429004,23305607,ALRA
P120030162,BIPD,2/24/2012 0:00,1002,,"XY(121185009,24456970)",121185009,24456970,CELL
P120036033,BIPD,3/6/2012 0:00,0754,,"XY(122688689,23214456)",122688689,23214456,CELL
P120036039,BIPD,3/6/2012 0:00,0808,9330,NE HIGH SCHOOL RD,122363800,23666100,PC4
P120033108,BIPD,2/29/2012 0:00,2007,907,CARVER ST,118435000,20790500,MEDIA
P120033131,BIPD,2/29/2012 0:00,2116,10635,FALK RD NE,122777450,24509700,SUSPI3
P120033431,BIPD,3/1/2012 0:00,1441,11580,NORTH MADISON AVE NE,122460479,24829013,SUSPI2
P120035014,BIPD,3/4/2012 0:00,0939,253,WINSLOW WAY W,122369700,23242800,NOISE4
P120035212,BIPD,3/4/2012 0:00,1704,150,WINSLOW WAY E,122467800,23261300,WC3
P120035258,BIPD,3/4/2012 0:00,1839,231,WINSLOW WAY E,122463600,23240400,ALRB
P120035521,BIPD,3/5/2012 0:00,0954,,NE EAGLE HARBOR DR / TAYLOR AVE NE,122683634,22854252,T
P120035677,BIPD,3/5/2012 0:00,1419,9343,SPORTSMAN CLUB RD NE,122337100,24132500,MISC3
P120035733,BIPD,3/5/2012 0:00,1536,11212,PARKHILL PL NE,122543168,24745208,WC911
P120027562,BIPD,2/19/2012 0:00,1514,15843,AGATE PASS BRG,121391000,26467600,SUSPI2
P120027593,BIPD,2/19/2012 0:00,1622,,GILMORE WAY NE / WINSLOW WAY E,122615981,23254352,CELL
P120024157,BIPD,2/13/2012 0:00,1239,7409,FLETCHER BAY RD NE,121663464,23450588,TRAFF3
P120024173,BIPD,2/13/2012 0:00,1256,,NORTH MADISON AVE NE / NE VALLEY RD,122457917,24703521,T
P120027761,BIPD,2/19/2012 0:00,2302,4192,NE EAGLE HARBOR DR,122685900,22854900,FI
P120032085,BIPD,2/27/2012 0:00,2010,253,HIGH SCHOOL RD NE,122470100,23646300,FI
P120032362,BIPD,2/28/2012 0:00,1151,253,HIGH SCHOOL RD NE,122470100,23646300,MVC4
P120032416,BIPD,2/28/2012 0:00,1355,,"XY(121319031,24348501)",121319031,24348501,CELL
P120035914,BIPD,3/5/2012 0:00,2154,,GROW AVE NW / WYATT WAY NW,122332251,23385462,T
P120032425,BIPD,2/28/2012 0:00,1407,920,HILDEBRAND LN NE,122546100,23567800,INTOXB
P120033071,BIPD,2/29/2012 0:00,1824,,HIGH SCHOOL RD NE / STATE HWY 305 NE,122571082,23644469,TRAFF3
P120033528,BIPD,3/1/2012 0:00,1701,625,WINSLOW WAY E,122607400,23236100,FU
P120033536,BIPD,3/1/2012 0:00,1716,,HIGH SCHOOL RD NE / STATE HWY 305 NE,122571082,23644469,TRAFF3
P120033662,BIPD,3/1/2012 0:00,2208,343,WINSLOW WAY E,122501900,23247000,BLSP
P120033846,BIPD,3/2/2012 0:00,1027,,HILDEBRAND LN NE / TORMEY LN NE,122534254,23589670,FI
P120033889,BIPD,3/2/2012 0:00,1151,625,WINSLOW WAY E,122607400,23236100,FI
P120034009,BIPD,3/2/2012 0:00,1439,280,MADISON AVE N,122441700,23299100,FU
P120032576,BIPD,2/28/2012 0:00,1827,6475,NE BUCKSKIN LN,121369100,22407150,FU
P120032658,BIPD,2/28/2012 0:00,2203,,DIVISION AVE NE / NE FERN ST,121597289,27250956,ASSIS3
P120032718,BIPD,2/29/2012 0:00,0146,625,WINSLOW WAY E,122607400,23236100,MISC4
P120032948,BIPD,2/29/2012 0:00,1427,920,HILDEBRAND LN NE,122546100,23567800,FU
P120035557,BIPD,3/5/2012 0:00,1055,6482,NE JUSTIN CT,121458950,24577900,DV3
P120033211,BIPD,3/1/2012 0:00,0215,,NE HIGH SCHOOL RD / HILDEBRAND LN NE,122451103,23652001,CELL
P120035751,BIPD,3/5/2012 0:00,1622,6158,NE LARIAT LOOP,121233000,22612450,ALRA
P120035874,BIPD,3/5/2012 0:00,2006,343,WINSLOW WAY E,122501900,23247000,LOSTP4
P120035885,BIPD,3/5/2012 0:00,2046,625,WINSLOW WAY E,122607400,23236100,FU
P120036007,BIPD,3/6/2012 0:00,0604,,NE HIGH SCHOOL RD / SPORTSMAN CLUB RD NE,122100813,23659652,TRAFF3
P120033951,BIPD,3/2/2012 0:00,1325,,NE NEW BROOKLYN RD / SPORTSMAN CLUB RD NE,122235375,23919324,T
P120033954,BIPD,3/2/2012 0:00,1328,9330,NE HIGH SCHOOL RD,122363800,23666100,FI
P120024341,BIPD,2/13/2012 0:00,1746,,NE NEW BROOKLYN RD / SANDS AVE NE,121914537,23931258,T
P120024453,BIPD,2/13/2012 0:00,2210,,NE LOVGREEN RD E / PLEASANT PL NE,122244655,24974505,T
P120024596,BIPD,2/14/2012 0:00,0819,,NE DAY RD E / STATE HWY 305 NE,122023402,25247379,ALSP
P120028014,BIPD,2/20/2012 0:00,1301,,LYTLE RD NE / PLEASANT BEACH DR NE,121916365,22288534,T
P120024645,BIPD,2/14/2012 0:00,0952,11707,ARROW POINT DR NE,121131600,24875250,CHILD4
P120024652,BIPD,2/14/2012 0:00,1001,,MADISON AVE N / WINSLOW WAY E,122427660,23249390,MISC3
P120034019,BIPD,3/2/2012 0:00,1451,5689,NE WILD CHERRY LN,121172450,23782350,CPR
P120037319,BIPD,3/8/2012 0:00,1335,9330,NE HIGH SCHOOL RD,122363800,23666100,T
P120037797,BIPD,3/9/2012 0:00,1008,343,WINSLOW WAY E,122501900,23247000,WC3
P120034152,BIPD,3/2/2012 0:00,1851,907,CARVER ST,118435000,20790500,MEDIA
P120034543,BIPD,3/3/2012 0:00,1334,,MILLER RD NE / NE TOLO RD,121433990,24330529,ASSIS3
P120036139,BIPD,3/6/2012 0:00,1122,829,HIGH SCHOOL RD NE,122672300,23642200,WRT4
P120033257,BIPD,3/1/2012 0:00,0751,,HIGH SCHOOL RD NE / STATE HWY 305 NE,122571082,23644469,TRAFF3
P120033309,BIPD,3/1/2012 0:00,1014,10820,ROLLING BAY WALK NE,122877300,24690250,SFR
P120033379,BIPD,3/1/2012 0:00,1258,292,MADRONA WAY NE,122497400,23365150,FU
P120033594,BIPD,3/1/2012 0:00,1859,11257,NE WING POINT DR,122929223,23294585,BURGL4
P120033787,BIPD,3/2/2012 0:00,0820,625,WINSLOW WAY E,122607400,23236100,FI
P120034211,BIPD,3/2/2012 0:00,2106,7669,NE DAY RD W,121834517,25255112,FU
P120036117,BIPD,3/6/2012 0:00,1048,105,WINSLOW WAY W,122426300,23249500,THEFT4
P120036142,BIPD,3/6/2012 0:00,1127,343,WINSLOW WAY E,122501900,23247000,MVC3
P120036285,BIPD,3/6/2012 0:00,1617,473,GLEN HOLLOW PL SW,122314100,23224800,SUSPI2
P120036318,BIPD,3/6/2012 0:00,1720,10255,NE VALLEY RD,122674600,24698700,FI
P120036342,BIPD,3/6/2012 0:00,1751,625,WINSLOW WAY E,122607400,23236100,UNKNO3
P120034681,BIPD,3/3/2012 0:00,1736,,NE BEACH CREST DR / NORTH MADISON AVE NE,122452795,24439432,T
P120037942,BIPD,3/9/2012 0:00,1412,,NE BEACH CREST DR / NORTH MADISON AVE NE,122452795,24439432,T
P120034861,BIPD,3/3/2012 0:00,2351,253,HIGH SCHOOL RD NE,122470100,23646300,PC3
P120035121,BIPD,3/4/2012 0:00,1346,4450,BLAKELY AVE NE,122091700,22497100,SEXOF4
P120035299,BIPD,3/4/2012 0:00,2022,9330,NE HIGH SCHOOL RD,122363800,23666100,T
P120035461,BIPD,3/5/2012 0:00,0800,4450,BLAKELY AVE NE,122091700,22497100,FU
P120036808,BIPD,3/7/2012 0:00,1504,,"XY(121185009,24456970)",121185009,24456970,CELL
P120033791,BIPD,3/2/2012 0:00,0834,,NE MANITOU PARK BLVD / ROLLING BAY WALK NE,122970362,24614879,PC3
P120036867,BIPD,3/7/2012 0:00,1656,,"XY(121320181,24352488)",121320181,24352488,CELL
P120036935,BIPD,3/7/2012 0:00,1939,11954,MILLER RD NE,121741214,24987825,RUNAW4
P120033865,BIPD,3/2/2012 0:00,1104,9500,SPORTSMAN CLUB RD NE,122353861,24174910,T
P120033863,BIPD,3/2/2012 0:00,1051,499,MADISON AVE N,122417100,23377800,FRAUD4
P120033269,BIPD,3/1/2012 0:00,0828,,HIGH SCHOOL RD NE / STATE HWY 305 NE,122571082,23644469,TRAFF3
P120033421,BIPD,3/1/2012 0:00,1420,,NE LIBERTY RD / STATE HWY 305 NE,119624446,27572402,TRAFF3
P120035868,BIPD,3/5/2012 0:00,1953,353,WALLACE WAY NE,122517107,23513061,THREA4
P120033550,BIPD,3/1/2012 0:00,1735,907,CARVER ST,118435000,20790500,MEDIA
P120033728,BIPD,3/2/2012 0:00,0232,,NE HIDDEN COVE RD / STATE HWY 305 NE,121741136,25661125,DUI3
P120033781,BIPD,3/2/2012 0:00,0800,499,OLYMPIC DR SE,122674000,23182900,LOSTP4
P120024734,BIPD,2/14/2012 0:00,1239,9125,SPORTSMAN CLUB RD NE,122290100,24108100,BOMBT3
P120024929,BIPD,2/14/2012 0:00,1831,907,CARVER ST,118435000,20790500,MEDIA
P120025611,BIPD,2/15/2012 0:00,2128,6400,NE EAGLE HARBOR DR,122098119,23113894,MVCA
P120021734,BIPD,2/9/2012 0:00,1003,829,HIGH SCHOOL RD NE,122672300,23642200,ASSIS4
P120021860,BIPD,2/9/2012 0:00,1326,,"XY(122315861,23878262)",122315861,23878262,CELL
P120036440,BIPD,3/6/2012 0:00,2254,381,SHEPARD WAY NW,122346500,23312500,BURNC
P120036604,BIPD,3/7/2012 0:00,0959,9141,FLETCHER BAY RD NE,121231350,23932200,FU
P120036753,BIPD,3/7/2012 0:00,1408,,MADISON AVE N / STATE HWY 305 NE,122472543,23963078,RECKL3
P120036803,BIPD,3/7/2012 0:00,1457,,"XY(121185009,24456970)",121185009,24456970,CELL
P120036865,BIPD,3/7/2012 0:00,1655,,"XY(121320181,24352488)",121320181,24352488,CELL
P120036933,BIPD,3/7/2012 0:00,1931,,SUNRISE DR NE / NE WINTHERS RD,122727869,24959985,MVC4
P120035569,BIPD,3/5/2012 0:00,1122,,NE HIDDEN COVE RD / STATE HWY 305 NE,121741136,25661125,DUI3
P120035915,BIPD,3/5/2012 0:00,2156,,NE SEABOLD RD / STATE HWY 305 NE,121590699,26041540,T
P120035969,BIPD,3/6/2012 0:00,0134,6715,NE PINE ST,121572300,27203150,ASSIS3
P120032753,BIPD,2/29/2012 0:00,0646,601,HIGH SCHOOL RD NE,122587100,23628700,T
P120032887,BIPD,2/29/2012 0:00,1218,625,WINSLOW WAY E,122607400,23236100,FU
P120033027,BIPD,2/29/2012 0:00,1637,,NE DAY RD E / NORTH MADISON AVE NE,122468811,25230896,MVC3
P120033911,BIPD,3/2/2012 0:00,1225,11980,SUNRISE DR NE,122736100,24955800,THEFT4
P120037392,BIPD,3/8/2012 0:00,1550,,"XY(121320181,24352488)",121320181,24352488,CELL
P120037505,BIPD,3/8/2012 0:00,1940,499,OLYMPIC DR SE,122674000,23182900,PROWL3
P120030087,BIPD,2/24/2012 0:00,0544,,NE LOFGREN RD / MORAN RD NE,122445705,24110420,MVCB
P120037611,BIPD,3/8/2012 0:00,2325,625,WINSLOW WAY E,122607400,23236100,WRT4
P120034341,BIPD,3/3/2012 0:00,0132,2845,NE MCWILLIAMS RD,120138700,23172000,ASSIS3
P120036790,BIPD,3/7/2012 0:00,1448,499,OLYMPIC DR SE,122674000,23182900,SUSPI3
P120036991,BIPD,3/7/2012 0:00,2134,9804,NE MURDEN COVE DR,122575000,24388650,FU
P120031161,BIPD,2/26/2012 0:00,0013,9330,NE HIGH SCHOOL RD,122363800,23666100,FI
P120037422,BIPD,3/8/2012 0:00,1653,,NE KOURA RD / STATE HWY 305 NE,122310217,24709702,ASSIS3
P120031270,BIPD,2/26/2012 0:00,0751,16471,STATE HWY 305 NE,120405900,26373300,ASSIS3
P120031273,BIPD,2/26/2012 0:00,0800,8213,NE BUCKLIN HILL RD,121950700,23221900,MALIC4
P120036962,BIPD,3/7/2012 0:00,2039,907,CARVER ST,118435000,20790500,MEDIA
P120037072,BIPD,3/8/2012 0:00,0157,,MADISON AVE N / WINSLOW WAY E,122427660,23249390,PC3
P120037322,BIPD,3/8/2012 0:00,1344,,CAPSTAN DR NE / NE HIGH SCHOOL RD,122210812,23655945,T
P120037389,BIPD,3/8/2012 0:00,1546,220,PARFITT WAY SW,122383300,23192900,LOSTP4
P120037395,BIPD,3/8/2012 0:00,1550,,"XY(121320181,24352488)",121320181,24352488,CELL
P120037410,BIPD,3/8/2012 0:00,1626,350,HIGH SCHOOL RD NE,122521100,23645300,VERBA4
P120036155,BIPD,3/6/2012 0:00,1151,5689,NE WILD CHERRY LN,121172450,23782350,FU
P120036219,BIPD,3/6/2012 0:00,1426,,"XY(122122614,24734461)",122122614,24734461,CELL
P120036358,BIPD,3/6/2012 0:00,1822,907,CARVER ST,118435000,20790500,MEDIA
P120039553,BIPD,3/12/2012 0:00,1253,,NE NEW BROOKLYN RD / SPORTSMAN CLUB RD NE,122235375,23919324,T
P120036553,BIPD,3/7/2012 0:00,0806,,"XY(123418519,22545609)",123418519,22545609,CELL
P120037871,BIPD,3/9/2012 0:00,1215,6110,NE TOLO RD,121322800,24350900,SUICIG
P120034563,BIPD,3/3/2012 0:00,1405,,MADRONE LN N / UNNAMED,122461694,23264815,PC4
P120034651,BIPD,3/3/2012 0:00,1656,,SPORTSMAN CLUB RD NE / STATE HWY 305 NE,122395136,24298387,DUI3
P120035216,BIPD,3/4/2012 0:00,1716,,"XY(121320181,24352488)",121320181,24352488,CELL
P120035372,BIPD,3/5/2012 0:00,0039,9343,SPORTSMAN CLUB RD NE,122337100,24132500,PC3
P120035648,BIPD,3/5/2012 0:00,1314,343,WINSLOW WAY E,122501900,23247000,ASSIS3
P120029273,BIPD,2/22/2012 0:00,1818,,MADISON AVE N / WINSLOW WAY E,122427660,23249390,PC3
P120021877,BIPD,2/9/2012 0:00,1351,821,HIGH SCHOOL RD NE,122669100,23642300,FI
P120026108,BIPD,2/16/2012 0:00,1909,907,CARVER ST,118435000,20790500,MEDIA
P120029642,BIPD,2/23/2012 0:00,1151,625,WINSLOW WAY E,122607400,23236100,FI
P120029717,BIPD,2/23/2012 0:00,1409,,ANDERSON HILL RD SW / W STATE HWY 16,118353440,19780543,FU
P120026135,BIPD,2/16/2012 0:00,2005,829,HIGH SCHOOL RD,122693144,23599887,BLSGP
P120035642,BIPD,3/5/2012 0:00,1307,1233,CHERRY AVE NE,122871000,23645350,SUSPI3
P120035828,BIPD,3/5/2012 0:00,1828,907,CARVER ST,118435000,20790500,MEDIA
P120035902,BIPD,3/5/2012 0:00,2124,,NE BAKER HILL RD / BLAKELY AVE NE,122016317,22599490,T
P120036003,BIPD,3/6/2012 0:00,0503,,NE HIGH SCHOOL RD / MADISON AVE N,122439864,23649989,RECKL3
P120036058,BIPD,3/6/2012 0:00,0913,,"XY(121320181,24352488)",121320181,24352488,CELL
P120036361,BIPD,3/6/2012 0:00,1822,7954,NE BAKER HILL RD,121860350,22618450,MENTAB
P120034222,BIPD,3/2/2012 0:00,2126,292,MADRONA WAY NE,122497400,23365150,FU
P120037853,BIPD,3/9/2012 0:00,1141,,"XY(121320181,24352488)",121320181,24352488,CELL
P120034330,BIPD,3/3/2012 0:00,0110,,CENTRAL VALLEY RD NE / NB303RAMP,119262077,24306066,ASSIS3
P120034485,BIPD,3/3/2012 0:00,1132,625,WINSLOW WAY E,122607400,23236100,ASSIS4
P120038127,BIPD,3/9/2012 0:00,2009,515,PACIFIC AVE,119762700,21193600,ASSIS3
P120038408,BIPD,3/10/2012 0:00,0944,10215,MANITOU BEACH DR NE,122760250,24441950,FU
P120037417,BIPD,3/8/2012 0:00,1644,245,HIGH SCHOOL RD NW,122243500,23654700,SUSPI4
P120037517,BIPD,3/8/2012 0:00,2002,370,BRIEN DR SE,122509300,23185900,INFOP4
P120037529,BIPD,3/8/2012 0:00,2022,,"XY(121320181,24352488)",121320181,24352488,CELL
P120037604,BIPD,3/8/2012 0:00,2309,625,WINSLOW WAY E,122607400,23236100,FU
P120037672,BIPD,3/9/2012 0:00,0229,15900,STATE HWY 305 NE,121341200,26500900,T
P120037792,BIPD,3/9/2012 0:00,1002,,"XY(121320181,24352488)",121320181,24352488,CELL
P120026284,BIPD,2/17/2012 0:00,0347,12715,MILLER RD NE,121906000,25221600,PC3
P120026578,BIPD,2/17/2012 0:00,1613,353,WALLACE WAY NE,122517107,23513061,BURGL1
P120030185,BIPD,2/24/2012 0:00,1030,15515,HARVEY RD NE,121462100,26173050,ALRP
P120026966,BIPD,2/18/2012 0:00,1025,9428,NE VIEWCREST AVE,122408335,25018718,THEFT4
P120030291,BIPD,2/24/2012 0:00,1335,4409,NEW SWEDEN AVE NE,122526850,22466750,MVCA
P120034606,BIPD,3/3/2012 0:00,1523,835,MADISON AVE N,122415100,23498500,ASSIS3
P120034714,BIPD,3/3/2012 0:00,1830,,MILLER RD NE / NE TOLO RD,121433990,24330529,T
P120034763,BIPD,3/3/2012 0:00,2045,,"XY(122406144,23484425)",122406144,23484425,CELL
P120035005,BIPD,3/4/2012 0:00,0911,12248,PETERSON HILL RD NE,121700300,25048900,ALRU
P120035142,BIPD,3/4/2012 0:00,1452,,GILMORE WAY NE / WINSLOW WAY E,122615981,23254352,CELL
P120035191,BIPD,3/4/2012 0:00,1630,15311,GROTLE ST NE,122143300,26051050,WC911
P120036672,BIPD,3/7/2012 0:00,1218,499,OLYMPIC DR SE,122674000,23182900,SUICI3
P120040200,BIPD,3/13/2012 0:00,1638,,HIGH SCHOOL LOOP NE / NE HIGH SCHOOL RD,121973343,23664362,T
P120036892,BIPD,3/7/2012 0:00,1726,625,WINSLOW WAY E,122607400,23236100,MISC4
P120036891,BIPD,3/7/2012 0:00,1725,835,MADISON AVE N,122415100,23498500,ASSAU4
P120036925,BIPD,3/7/2012 0:00,1912,9804,NE MURDEN COVE DR,122575000,24388650,DVG
P120037121,BIPD,3/8/2012 0:00,0639,,FIELDSTONE LN NE / NE KOURA RD,121862447,24723838,SUSPI3
P120036480,BIPD,3/7/2012 0:00,0138,,LYNWOOD CENTER RD NE / POINT WHITE DR NE,121758992,22525846,PC3
P120036581,BIPD,3/7/2012 0:00,0912,,"XY(121185009,24456970)",121185009,24456970,CELL
P120036675,BIPD,3/7/2012 0:00,1223,216,KNECHTEL WAY NE,122492450,23465350,SUSPI4
P120036791,BIPD,3/7/2012 0:00,1448,,"XY(121185009,24456970)",121185009,24456970,CELL
P120036812,BIPD,3/7/2012 0:00,1510,625,WINSLOW WAY E,122607400,23236100,FI
P120037184,BIPD,3/8/2012 0:00,0930,11270,MEADOWMEER CIR NE,121973045,24744542,BURGL4
P120036034,BIPD,3/6/2012 0:00,0756,5353,RUBY PL NE,121716750,22838850,RECKL3
P120037862,BIPD,3/9/2012 0:00,1150,13820,MANZANITA RD NE,121502250,25596300,HARAS4
P120038926,BIPD,3/11/2012 0:00,0851,11159,NE WING POINT DR,122968589,23260770,ALRA
P120039529,BIPD,3/12/2012 0:00,1211,11004,NORTH MADISON AVE NE,122514850,24624450,BURGL4
P120039621,BIPD,3/12/2012 0:00,1502,250,MADRONA WAY NE,122470050,23365000,FU
P120039624,BIPD,3/12/2012 0:00,1507,,BLAKELY AVE NE / NE ODD FELLOWS RD,122237383,22290522,T
P120035355,BIPD,3/4/2012 0:00,2345,,HIGH SCHOOL RD NE / STATE HWY 305 NE,122571082,23644469,TRAFF3
P120035464,BIPD,3/5/2012 0:00,0818,,"XY(123119691,22780425)",123119691,22780425,CELL
P120035498,BIPD,3/5/2012 0:00,0923,502,PIERCE CT NW,122294800,23412450,FRAUD4
P120035605,BIPD,3/5/2012 0:00,1208,9500,SPORTSMAN CLUB RD NE,122353861,24174910,T
P120035712,BIPD,3/5/2012 0:00,1514,,BATTLE POINT DR NE / MILLER RD NE,121350327,24126968,T
P120035783,BIPD,3/5/2012 0:00,1703,7893,FLETCHER BAY RD NE,121499399,23618527,WC911
P120039692,BIPD,3/12/2012 0:00,1736,347,HIGH SCHOOL RD NW,122256599,23654320,THREA2
P120039704,BIPD,3/12/2012 0:00,1800,907,CARVER ST,118435000,20790500,MEDIA
P120039786,BIPD,3/12/2012 0:00,2118,,NE HIGH SCHOOL RD / HORIZON VIEW PL NW,122310438,23631740,CELL
P120039866,BIPD,3/13/2012 0:00,0102,9255,MILLER RD NE,121326300,24101650,T
P120040501,BIPD,3/14/2012 0:00,0846,11299,ARROW POINT DR NE,121068800,24696200,MALIC4
P120037243,BIPD,3/8/2012 0:00,1059,,"XY(122315861,23878262)",122315861,23878262,CELL
P120037251,BIPD,3/8/2012 0:00,1127,220,PARFITT WAY SW,122383300,23192900,THEFT4
P120033964,BIPD,3/2/2012 0:00,1337,4452,ROCKAWAY BEACH RD NE,122944800,22450200,DV4
P120034138,BIPD,3/2/2012 0:00,1817,,NE EAGLE HARBOR DR / WYATT WAY NW,121975030,23400247,T
P120034189,BIPD,3/2/2012 0:00,2009,10820,ROLLING BAY WALK NE,122877300,24690250,FU
P120038133,BIPD,3/9/2012 0:00,2039,,VILLAGE CIR NW / WEAVER RD NW,122168809,23435678,T
P120036335,BIPD,3/6/2012 0:00,1740,,NE DAY RD E / STATE HWY 305 NE,122023402,25247379,DUI3
P120036320,BIPD,3/6/2012 0:00,1724,15798,STATE HWY 305 NE,121419100,26448500,MVCG
P120040732,BIPD,3/14/2012 0:00,1718,,HIGH SCHOOL RD NE / STONECRESS LN NE,122668902,23642279,T
P120036587,BIPD,3/7/2012 0:00,0930,1310,MADISON AVE N,122447500,23664000,SUSPI4
P120033831,BIPD,3/2/2012 0:00,1002,,NE BUSINESS PARK LN / COPPERTOP LOOP NE,122341628,24093666,T
P120033833,BIPD,3/2/2012 0:00,1003,6274,NE HIDDEN COVE RD,121394050,25666350,ALRA
P120027408,BIPD,2/19/2012 0:00,0325,6599,NE MONTE VISTA DR,121474141,24974691,FI
P120027463,BIPD,2/19/2012 0:00,1003,621,HIGH SCHOOL RD NE,122273200,23634400,T
P120027629,BIPD,2/19/2012 0:00,1733,907,CARVER ST,118435000,20790500,MEDIA
P120030888,BIPD,2/25/2012 0:00,1416,253,HIGH SCHOOL RD NE,122470100,23646300,MVC4
P120027725,BIPD,2/19/2012 0:00,2138,,FERNCLIFF AVE NE / HAWLEY WAY NE,122690651,23281481,T
P120027790,BIPD,2/20/2012 0:00,0013,299,SHANNON DR SE,122508700,23164500,FI
P120033971,BIPD,3/2/2012 0:00,1344,15798,STATE HWY 305 NE,121419100,26448500,PC4
P120037999,BIPD,3/9/2012 0:00,1546,,NE BECK RD / PLEASANT BEACH DR NE,121808099,22341203,T
P120037991,BIPD,3/9/2012 0:00,1529,9407,SANDS AVE NE,121917087,24097992,MISC4
P120038566,BIPD,3/10/2012 0:00,1514,15915,STATE HWY 305 NE,121262800,26525300,RECKL3
P120041627,BIPD,3/16/2012 0:00,1042,7143,ISLAND CENTER RD NE,121604267,23341196,FU
P120038647,BIPD,3/10/2012 0:00,1740,829,HIGH SCHOOL RD NE,122672300,23642200,SERVI
P120040739,BIPD,3/14/2012 0:00,1734,,GROW AVE NW / WINSLOW WAY W,122330727,23253959,T
P120040879,BIPD,3/15/2012 0:00,0016,,SPORTSMAN CLUB RD NE / STATE HWY 305 NE,122395136,24298387,TRAFF3
P120040895,BIPD,3/15/2012 0:00,0119,10015,NE YAQUINA AVE,122582850,23997950,WC911
P120040998,BIPD,3/15/2012 0:00,0840,,NE LOVGREEN RD E / NORTH MADISON AVE NE,122463342,24967499,WIRESF
P120041008,BIPD,3/15/2012 0:00,0905,2106,FORT WARD HILL RD NE,122366300,21679100,FU
P120041091,BIPD,3/15/2012 0:00,1139,,NE BERGMAN RD / PETERSON HILL RD NE,121673952,25125201,WIRESU
P120038159,BIPD,3/9/2012 0:00,2141,2800,TOE JAM HILL RD NE,122759037,21956440,T
P120038359,BIPD,3/10/2012 0:00,0631,10215,MANITOU BEACH DR NE,122760250,24441950,LOSTP4
P120038379,BIPD,3/10/2012 0:00,0824,10215,MANITOU BEACH DR NE,122760250,24441950,FU
P120038392,BIPD,3/10/2012 0:00,0911,,NE BAY HILL RD / MILLER RD NE,121657490,24861833,T
P120038422,BIPD,3/10/2012 0:00,1010,10560,NE MORNING LN,122799050,25942250,TRAFF3
P120038668,BIPD,3/10/2012 0:00,1826,,HIGH SCHOOL RD NE / STATE HWY 305 NE,122571082,23644469,MVC4
P120038943,BIPD,3/11/2012 0:00,0937,,STATE HWY 305 NE / NE WEST PORT MADISON RD,121590699,26041540,TRAFF3
P120038963,BIPD,3/11/2012 0:00,1056,625,WINSLOW WAY E,122607400,23236100,MISC4
P120039264,BIPD,3/11/2012 0:00,2144,5834,WARD AVE NE,122596400,22917100,PC4
P120039716,BIPD,3/12/2012 0:00,1819,,NE EAGLE HARBOR DR / TAYLOR AVE NE,122683634,22854252,TRAFF3
P120039875,BIPD,3/13/2012 0:00,0150,,NE DAY RD E / PHELPS RD NE,122035020,25246770,FI
P120027810,BIPD,2/20/2012 0:00,0121,,NE NEW BROOKLYN RD / NORTH TOWN DR NE,122285145,23917554,T
P120027948,BIPD,2/20/2012 0:00,1053,12781,NORTH MADISON AVE NE,122441400,25215900,CIVIL4
P120031940,BIPD,2/27/2012 0:00,1525,6439,CRYSTAL SPRINGS DR NE,121039950,23153350,ASSIS4
P120032111,BIPD,2/27/2012 0:00,2130,465,WINSLOW WAY E,122543850,23233600,PROWL3
P120028063,BIPD,2/20/2012 0:00,1458,,ERICKSEN AVE NE / WINSLOW WAY E,122525612,23245942,RECKL3
P120032509,BIPD,2/28/2012 0:00,1613,,REITAN RD NE / UNNAMED,121516647,26440688,SUSPI4
P120041325,BIPD,3/15/2012 0:00,1926,,ERICKSEN AVE NE / MADRONE LN N,122507226,23242865,CELL
P120043021,BIPD,3/18/2012 0:00,1731,,NE DAY RD W / ROE RD NE,121544760,25259679,T
P120041283,BIPD,3/15/2012 0:00,1750,10739,BATTLE POINT DR NE,120946800,24592400,THEFT4
P120041447,BIPD,3/16/2012 0:00,0100,625,WINSLOW WAY E,122607400,23236100,FU
P120037818,BIPD,3/9/2012 0:00,1035,4043,BLUFF ST NE,121830755,22358091,ALSP
P120041549,BIPD,3/16/2012 0:00,0832,2106,FORT WARD HILL RD NE,122366300,21679100,FU
P120040630,BIPD,3/14/2012 0:00,1324,624,EAGLECLIFF RD,122638650,23554150,OPEN3
P120038927,BIPD,3/11/2012 0:00,0853,9805,NE MURDEN COVE DR,122550350,24367500,WC3
P120039011,BIPD,3/11/2012 0:00,1259,7143,ISLAND CENTER RD NE,121604267,23341196,FU
P120039277,BIPD,3/11/2012 0:00,2226,3200,POINT WHITE DR NE,121321501,22095367,T
P120039468,BIPD,3/12/2012 0:00,1004,7100,NE BAY HILL RD,121648632,24857135,BLS
P120039511,BIPD,3/12/2012 0:00,1128,10161,NORTH MADISON AVE NE,122440350,24359800,T
P120039927,BIPD,3/13/2012 0:00,0713,,NE DAY RD W / MILLER RD NE,121978357,25249210,T
P120040011,BIPD,3/13/2012 0:00,1030,10230,NE BEACH CREST DR,122703250,24416500,CIVIL4
P120040534,BIPD,3/14/2012 0:00,0953,,,122153208,23605287,CELL
P120040637,BIPD,3/14/2012 0:00,1334,8895,MADISON AVE N,122433700,23949200,T
P120040644,BIPD,3/14/2012 0:00,1355,625,WINSLOW WAY E,122607400,23236100,FOUND4
P120040721,BIPD,3/14/2012 0:00,1659,,DEERCLIFF RD NE / FERNCLIFF AVE NE,122698690,23559865,T
P120039556,BIPD,3/12/2012 0:00,1258,,NE BEVERLY LN / MANDUS OLSON RD NE,121795037,24609862,ASSAU3
P120039643,BIPD,3/12/2012 0:00,1549,12227,KENNETH PL NE,122396850,25080050,PROWL3
P120039645,BIPD,3/12/2012 0:00,1552,,BLAKELY AVE NE / NE ODD FELLOWS RD,122237383,22290522,TRANS
P120039676,BIPD,3/12/2012 0:00,1647,347,HIGH SCHOOL RD NW,122256599,23654320,THREA3
P120039725,BIPD,3/12/2012 0:00,1841,,NE HIGH SCHOOL RD / HORIZON VIEW PL NW,122310438,23631740,CELL
P120041729,BIPD,3/16/2012 0:00,1342,,NE HIGH SCHOOL RD / MADISON AVE N,122439864,23649989,T
P120038712,BIPD,3/10/2012 0:00,2040,,"XY(122346810,22566296)",122346810,22566296,CELL
P120041650,BIPD,3/16/2012 0:00,1147,,KNECHTEL WAY NE / MADISON AVE N,122432246,23447716,T
P120039105,BIPD,3/11/2012 0:00,1602,,NE HIDDEN COVE RD / STATE HWY 305 NE,121741136,25661125,DUI3
P120041741,BIPD,3/16/2012 0:00,1403,7139,NE DOLPHIN DR,121691100,26290600,MISC4
P120041714,BIPD,3/16/2012 0:00,1323,,MADISON AVE N / NE NEW BROOKLYN RD,122442200,23911813,FU
P120040785,BIPD,3/14/2012 0:00,1912,907,CARVER ST,118435000,20790500,MEDIA
P120040821,BIPD,3/14/2012 0:00,2048,601,HIGH SCHOOL RD NE,122587100,23628700,FU
P120037156,BIPD,3/8/2012 0:00,0838,,NE EAGLE HARBOR DR / WYATT WAY NW,121975030,23400247,RECKL3
P120040767,BIPD,3/14/2012 0:00,1846,,NE BLUEFIN CT / CAPSTAN DR NE,122210847,23674588,MVC4
P120037552,BIPD,3/8/2012 0:00,2116,13780,SILVEN AVE NE,121452200,25595600,SUSPI3
P120037666,BIPD,3/9/2012 0:00,0214,,NE HIDDEN COVE RD / STATE HWY 305 NE,121741136,25661125,FI
P120028272,BIPD,2/21/2012 0:00,0114,,JUST A MEER LN NE / STATE HWY 305 NE,122250788,24846810,DUI3
P120028382,BIPD,2/21/2012 0:00,0929,10861,NE MANITOU PARK BLVD,122932900,24590800,BURGL4
P120028567,BIPD,2/21/2012 0:00,1431,10315,NE PINE WAY,122623100,22576450,FRAUD4
P120028856,BIPD,2/22/2012 0:00,0137,,NE HIDDEN COVE RD / SPARGUR LOOP RD NE,122213877,25764708,TRAFF3
P120033254,BIPD,3/1/2012 0:00,0733,,STATE HWY 305 NE / WINSLOW WAY E,122597069,23245490,TRAFF3
P120029019,BIPD,2/22/2012 0:00,1114,8521,MADISON AVE N,122388100,23738800,CPR
P120041766,BIPD,3/16/2012 0:00,1445,1200,HILDEBRAND LN NE,122551100,23614700,WC911
P120041812,BIPD,3/16/2012 0:00,1544,14924,SUNRISE DR NE,122759250,25984150,HARAS4
P120041841,BIPD,3/16/2012 0:00,1617,11407,BLUE HERON LN NE,121402662,24783584,WC911
P120041891,BIPD,3/16/2012 0:00,1742,9352,NE VIEWCREST AVE,122383338,25019629,OPEN3
P120041993,BIPD,3/16/2012 0:00,2119,301,HIGH SCHOOL RD NE,122491536,23645882,FI
P120042065,BIPD,3/16/2012 0:00,2304,9025,NISQUALLY WAY NE,121219800,24055200,ALRA
P120037841,BIPD,3/9/2012 0:00,1126,300,HIGH SCHOOL RD NE,122506200,23645600,PARKI4
P120037856,BIPD,3/9/2012 0:00,1143,6110,NE TOLO RD,121322800,24350900,CELL
P120037936,BIPD,3/9/2012 0:00,1400,9330,NE HIGH SCHOOL RD,122363800,23666100,FU
P120041332,BIPD,3/15/2012 0:00,1945,8135,NE WEST PORT MADISON RD,122014400,26048650,FU
P120037988,BIPD,3/9/2012 0:00,1523,625,WINSLOW WAY E,122607400,23236100,FOUND4
P120038079,BIPD,3/9/2012 0:00,1812,907,CARVER ST,118435000,20790500,MEDIA
P120039762,BIPD,3/12/2012 0:00,2017,11240,PINYON AVE NE,121782850,24776950,CIVIL4
P120041908,BIPD,3/16/2012 0:00,1800,907,CARVER ST,118435000,20790500,MEDIA
P120037535,BIPD,3/8/2012 0:00,2047,907,CARVER ST,118435000,20790500,MEDIA
P120037772,BIPD,3/9/2012 0:00,0941,253,HIGH SCHOOL RD NE,122470100,23646300,MVC3
P120040219,BIPD,3/13/2012 0:00,1731,,NE LOVGREEN RD W / MILLER RD NE,121741307,24988019,T
P120040230,BIPD,3/13/2012 0:00,1755,,NE HIGH SCHOOL RD / SPORTSMAN CLUB RD NE,122100813,23659652,T
P120037758,BIPD,3/9/2012 0:00,0906,,MADISON AVE N / WINSLOW WAY E,122427660,23249390,PC3
P120041305,BIPD,3/15/2012 0:00,1838,,SPORTSMAN CLUB RD NE / STATE HWY 305 NE,122395136,24298387,T
P120041727,BIPD,3/16/2012 0:00,1337,714,VINEYARD LN,122583866,23432372,T
P120041748,BIPD,3/16/2012 0:00,1415,9125,SPORTSMAN CLUB RD NE,122290100,24108100,MALIC4
P120041810,BIPD,3/16/2012 0:00,1539,,NE DAY RD E / STATE HWY 305 NE,122023402,25247379,T
P120033423,BIPD,3/1/2012 0:00,1425,625,WINSLOW WAY E,122607400,23236100,WRT4
P120029089,BIPD,2/22/2012 0:00,1306,9330,NE HIGH SCHOOL RD,122363800,23666100,PC3
P120029189,BIPD,2/22/2012 0:00,1606,625,WINSLOW WAY E,122607400,23236100,FU
P120033493,BIPD,3/1/2012 0:00,1559,625,WINSLOW WAY E,122607400,23236100,FU
P120025800,BIPD,2/16/2012 0:00,0951,10861,NE MANITOU PARK BLVD,122932900,24590800,SUSPI3
P120026081,BIPD,2/16/2012 0:00,1823,343,WINSLOW WAY E,122501900,23247000,ASSIS3
P120042244,BIPD,3/17/2012 0:00,1143,625,WINSLOW WAY E,122607400,23236100,FRAUD4
P120042878,BIPD,3/18/2012 0:00,1039,,NE SEABOLD RD / STATE HWY 305 NE,121590699,26041540,DUI3
P120042987,BIPD,3/18/2012 0:00,1612,8400,JENNIE AVE NE,121152799,23816446,HARAS4
P120043011,BIPD,3/18/2012 0:00,1711,,NE BERGMAN RD / MILLER RD NE,121825422,25120970,T
P120041594,BIPD,3/16/2012 0:00,0958,9330,NE HIGH SCHOOL RD,122363800,23666100,FU
P120043681,BIPD,3/19/2012 0:00,2228,,NE DAY RD E / STATE HWY 305 NE,122023402,25247379,T
P120040312,BIPD,3/13/2012 0:00,2122,,GROW AVE NW / NE HIGH SCHOOL RD,122337828,23651155,T
P120040379,BIPD,3/14/2012 0:00,0000,10015,NE YAQUINA AVE,122582850,23997950,SUICI3
P120040453,BIPD,3/14/2012 0:00,0615,,HARBORVIEW DR SE / OLYMPIC DR SE,122618573,23213755,T
P120040615,BIPD,3/14/2012 0:00,1236,9330,NE HIGH SCHOOL RD,122363800,23666100,FI
P120040795,BIPD,3/14/2012 0:00,1927,601,HIGH SCHOOL RD NE,122587100,23628700,SUSPI3
P120040803,BIPD,3/14/2012 0:00,1947,1862,SAKAI VILLAGE LOOP NE,122498050,23827150,WC911
P120041603,BIPD,3/16/2012 0:00,1014,,NE NEW BROOKLYN RD / SPORTSMAN CLUB RD NE,122235375,23919324,T
P120041623,BIPD,3/16/2012 0:00,1037,,NE BUSINESS PARK LN / SPORTSMAN CLUB RD NE,122322118,24094785,T
P120041747,BIPD,3/16/2012 0:00,1413,625,WINSLOW WAY E,122607400,23236100,ASSIS4
P120041773,BIPD,3/16/2012 0:00,1454,10742,NORTH MADISON AVE NE,122567900,24545500,ALRA
P120041813,BIPD,3/16/2012 0:00,1544,,NE DAY RD E / STATE HWY 305 NE,122023402,25247379,RECKL3
P120038128,BIPD,3/9/2012 0:00,2010,,FERNCLIFF AVE NE / HIGH SCHOOL RD NE,122700327,23641703,PC3
P120042121,BIPD,3/17/2012 0:00,0104,499,OLYMPIC DR SE,122674000,23182900,DUI3
P120042150,BIPD,3/17/2012 0:00,0233,,"XY(121372402,24909182)",121372402,24909182,CELL
P120042279,BIPD,3/17/2012 0:00,1330,11299,ARROW POINT DR NE,121068800,24696200,FOUND4
P120042368,BIPD,3/17/2012 0:00,1621,,CHERRY TREE LN NE / NE ENETAI LN,121657734,27039663,DUI3
P120042477,BIPD,3/17/2012 0:00,1955,,NE HOSTMARK ST / NE LINCOLN RD,119493255,27276184,T
P120042591,BIPD,3/17/2012 0:00,2220,,NW FINN HILL RD / VIKING AVE NW,119231137,27793032,ASSIS3
P120033935,BIPD,3/2/2012 0:00,1258,10985,ROLLING BAY WALK NE,122954150,24626650,FRAUD4
P120033917,BIPD,3/2/2012 0:00,1233,625,WINSLOW WAY E,122607400,23236100,FI
P120034001,BIPD,3/2/2012 0:00,1425,,NE JUSTIN CT / MILLER RD NE,121500047,24497860,T
P120029854,BIPD,2/23/2012 0:00,1737,920,HILDEBRAND LN NE,122546100,23567800,INTOXG
P120029937,BIPD,2/23/2012 0:00,2019,370,FIR ACRES DR NW,122359344,23474796,FU
P120043873,BIPD,3/20/2012 0:00,1029,12001,NE COUNTRY CLUB RD,123157450,21837400,ALRA
P120043924,BIPD,3/20/2012 0:00,1149,,MADISON AVE N / WYATT WAY NE,122430637,23382031,RECKL4
P120043953,BIPD,3/20/2012 0:00,1256,,BJUNE DR SE / MADISON AVE S,122427052,23224917,PURSU
P120043899,BIPD,3/20/2012 0:00,1109,9125,SPORTSMAN CLUB RD NE,122290100,24108100,THEFT4
P120044071,BIPD,3/20/2012 0:00,1636,,COLUMBIA ST NE / NE MIDDLE ST,121342259,27500275,WRT3
P120044104,BIPD,3/20/2012 0:00,1733,13700,SUNRISE DR NE,122828300,25547100,THEFT4
P120040977,BIPD,3/15/2012 0:00,0748,,NE LOVGREEN RD E / NORTH MADISON AVE NE,122463342,24967499,WIRESF
P120041077,BIPD,3/15/2012 0:00,1113,,STATE HWY 305 NE / WINSLOW WAY E,122597069,23245490,T
P120043642,BIPD,3/19/2012 0:00,2016,343,WINSLOW WAY E,122501900,23247000,ASSIS4
P120041369,BIPD,3/15/2012 0:00,2126,271,WINSLOW WAY E,122484900,23247700,SUSPI3
P120041381,BIPD,3/15/2012 0:00,2206,,NE KOURA RD / STATE HWY 305 NE,122310217,24709702,T
P120041553,BIPD,3/16/2012 0:00,0838,,NE BUCKLIN HILL RD / NE EAGLE HARBOR DR,121966131,23304962,T
P120038236,BIPD,3/9/2012 0:00,2339,17653,NOLL RD NE,120185550,26876100,ASSIS3
P120038409,BIPD,3/10/2012 0:00,0945,,HIGH SCHOOL RD NE / STATE HWY 305 NE,122571082,23644469,RECKL3
P120042296,BIPD,3/17/2012 0:00,1404,,FLETCHER BAY RD NE / MILLER RD NE,121365750,23936543,DUI3
P120036080,BIPD,3/6/2012 0:00,0949,,"XY(122346818,22566660)",122346818,22566660,CELL
P120042485,BIPD,3/17/2012 0:00,2003,,NE HARRISON ST / STATE HWY 305 NE,119658851,27232421,T
P120039291,BIPD,3/11/2012 0:00,2251,499,OLYMPIC DR SE,122674000,23182900,ASSIS3
P120042782,BIPD,3/18/2012 0:00,0328,9084,NORTH TOWN DR NE,122301700,23968150,DV3
P120042809,BIPD,3/18/2012 0:00,0605,,MADISON AVE N / WYATT WAY NE,122430637,23382031,TRAFF3
P120042990,BIPD,3/18/2012 0:00,1617,,MILLER RD NE / NE TOLO RD,121433990,24330529,T
P120043343,BIPD,3/19/2012 0:00,1037,11024,NE WING POINT WAY,122898000,23384050,FU
P120043393,BIPD,3/19/2012 0:00,1145,220,PARFITT WAY SW,122383300,23192900,THEFT4
P120043743,BIPD,3/20/2012 0:00,0357,6531,NE BUCKSKIN LN,121407700,22406150,SUSPI4
P120030267,BIPD,2/24/2012 0:00,1250,625,WINSLOW WAY E,122607400,23236100,FU
P120030271,BIPD,2/24/2012 0:00,1303,14012,SUNRISE DR NE,122754800,25629550,HARAS4
P120030572,BIPD,2/24/2012 0:00,2226,,SPORTSMAN CLUB RD NE / NE WARDWELL RD,122379781,24286006,DUI3
P120034779,BIPD,3/3/2012 0:00,2137,,NE HIDDEN COVE RD / PHELPS RD NE,122357064,25761218,T
P120030627,BIPD,2/25/2012 0:00,0035,,"XY(122485332,23257939)",122485332,23257939,CELL
P120034820,BIPD,3/3/2012 0:00,2256,,MILLER RD NE / PETERSON HILL RD NE,121669667,24878567,T
P120039296,BIPD,3/11/2012 0:00,2317,,,121237479,23476503,CELL
P120039302,BIPD,3/11/2012 0:00,2330,499,OLYMPIC DR SE,122674000,23182900,INFOP3
P120039583,BIPD,3/12/2012 0:00,1412,8282,NE HIDDEN COVE RD,122058700,25804600,THEFT4
P120040196,BIPD,3/13/2012 0:00,1632,,FINCH RD NE / NE HIGH SCHOOL RD,122040602,23661844,T
P120040249,BIPD,3/13/2012 0:00,1815,907,CARVER ST,118435000,20790500,MEDIA
P120044528,BIPD,3/21/2012 0:00,1244,10950,NE COUNTRY CLUB RD,122831350,22044250,FU
P120044539,BIPD,3/21/2012 0:00,1323,9330,NE HIGH SCHOOL RD,122363800,23666100,FU
P120044619,BIPD,3/21/2012 0:00,1545,3204,POINT WHITE DR NE,121322000,22083350,ALRA
P120044626,BIPD,3/21/2012 0:00,1552,380,WINSLOW WAY E,122507500,23253200,WC911
P120044651,BIPD,3/21/2012 0:00,1637,9723,COPPERTOP LOOP NE,122371460,24101160,MISC3
P120044921,BIPD,3/22/2012 0:00,0728,625,WINSLOW WAY E,122607400,23236100,MISC4
P120043777,BIPD,3/20/2012 0:00,0641,,NE BAKER HILL RD / LYNWOOD CENTER RD NE,121772402,22605337,TRAFF3
P120044024,BIPD,3/20/2012 0:00,1458,403,MADISON AVE S,122425500,23163900,TRANS
P120044158,BIPD,3/20/2012 0:00,1904,6688,NE BAYVIEW BLVD,121525500,25006150,UNKNO3
P120041263,BIPD,3/15/2012 0:00,1712,5210,NE EAGLE HARBOR DR,122343350,22864750,WC911
P120044227,BIPD,3/20/2012 0:00,2142,661,AL DORSEY LN NW,122292000,23431200,WC4
P120044751,BIPD,3/21/2012 0:00,1937,625,WINSLOW WAY E,122607400,23236100,WRT4
P120030790,BIPD,2/25/2012 0:00,1108,11299,ARROW POINT DR NE,121068800,24696200,ALRA
P120031190,BIPD,2/26/2012 0:00,0115,499,OLYMPIC DR SE,122674000,23182900,ASSIS3
P120034942,BIPD,3/4/2012 0:00,0319,,NE BEACH CREST DR / NORTH MADISON AVE NE,122452795,24439432,T
P120031311,BIPD,2/26/2012 0:00,1122,,BATTLE POINT DR NE / MILLER RD NE,121350327,24126968,RECKL4
P120031373,BIPD,2/26/2012 0:00,1430,1302,KINGS PL NW,122269250,23682000,FU
P120031712,BIPD,2/27/2012 0:00,0921,6100,HARBORCREST DR NE,122139350,23041950,FRAUD4
P120040331,BIPD,3/13/2012 0:00,2202,,MADISON AVE N / STATE HWY 305 NE,122472543,23963078,T
P120043401,BIPD,3/19/2012 0:00,1203,625,WINSLOW WAY E,122607400,23236100,FU
P120040794,BIPD,3/14/2012 0:00,1925,19781,FRONT ST NE,119352000,27611700,TRAFF3
P120041007,BIPD,3/15/2012 0:00,0904,9125,SPORTSMAN CLUB RD NE,122290100,24108100,BOMBTF
P120041061,BIPD,3/15/2012 0:00,1032,,BJUNE DR SE / WINSLOW WAY E,122533107,23245903,MVC3
P120041107,BIPD,3/15/2012 0:00,1211,625,WINSLOW WAY E,122607400,23236100,FI
P120043976,BIPD,3/20/2012 0:00,1331,499,OLYMPIC DR SE,122674000,23182900,FI
P120041608,BIPD,3/16/2012 0:00,1024,,BLAKELY AVE NE / NE BUCKLIN HILL RD,121921781,23138274,T
P120041668,BIPD,3/16/2012 0:00,1210,625,WINSLOW WAY E,122607400,23236100,CIVIL4
P120041669,BIPD,3/16/2012 0:00,1210,860,FAIRVIEW AVE NE,123076350,23487000,CIVIL4
P120041790,BIPD,3/16/2012 0:00,1516,2106,FORT WARD HILL RD NE,122366300,21679100,FU
P120039895,BIPD,3/13/2012 0:00,0351,,NE COUNTRY CLUB RD / UPPER FARMS RD NE,123085047,21902910,FI
P120042489,BIPD,3/17/2012 0:00,2009,9624,MANDUS OLSON RD NE,121751750,24206300,SUICI3
P120042608,BIPD,3/17/2012 0:00,2239,,NE FOREST ROCK LN / STATE HWY 305 NE,119614824,27761058,T
P120042676,BIPD,3/18/2012 0:00,0000,,HIGH SCHOOL RD NE / STATE HWY 305 NE,122571082,23644469,T
P120043083,BIPD,3/18/2012 0:00,2031,15702,POINT MONROE DR NE,122723550,26304200,FU
P120043384,BIPD,3/19/2012 0:00,1128,380,WINSLOW WAY E,122507500,23253200,DV3
P120041284,BIPD,3/15/2012 0:00,1757,,FLETCHER BAY RD NE / MILLER RD NE,121365750,23936543,CHILD2
P120044790,BIPD,3/21/2012 0:00,2121,,"XY(122346818,22566660)",122346818,22566660,CELL
P120044810,BIPD,3/21/2012 0:00,2231,,STATE HWY 305 NE / NE WEST PORT MADISON RD,121590699,26041540,T
P120044905,BIPD,3/22/2012 0:00,0610,1810,SAKAI VILLAGE LOOP NE,122448600,23823350,OPEN3
P120044982,BIPD,3/22/2012 0:00,1011,,REITAN RD NE / STATE HWY 305 NE,121501742,26370270,INFOP4
P120045020,BIPD,3/22/2012 0:00,1134,11580,NE YEOMALT POINT DR,123083450,23572200,FU
P120035302,BIPD,3/4/2012 0:00,2026,11526,MEADOWMEER CIR NE,122048247,24821777,WC911
P120032443,BIPD,2/28/2012 0:00,1428,10039,NE SUMMERBERRY CT,122638850,25116550,MISC4
P120032769,BIPD,2/29/2012 0:00,0744,225,NE HIGH SCHOOL RD,122373600,23636900,DOAA
P120032911,BIPD,2/29/2012 0:00,1316,9330,NE HIGH SCHOOL RD,122363800,23666100,PC4
P120032912,BIPD,2/29/2012 0:00,1319,7143,ISLAND CENTER RD NE,121604267,23341196,FU
P120033095,BIPD,2/29/2012 0:00,1923,1721,NE PRESTON ST,122974300,23532800,SUSPI4
P120039985,BIPD,3/13/2012 0:00,0927,347,HIGH SCHOOL RD NW,122256599,23654320,CIVIL3
P120040111,BIPD,3/13/2012 0:00,1414,,GROW AVE NW / NE HIGH SCHOOL RD,122337828,23651155,T
P120045054,BIPD,3/22/2012 0:00,1245,4738,LYNWOOD CENTER RD NE,121775200,22508600,ALRA
P120040117,BIPD,3/13/2012 0:00,1423,,GROW AVE NW / SHEPARD WAY NW,122331356,23319978,T
P120040149,BIPD,3/13/2012 0:00,1507,625,WINSLOW WAY E,122607400,23236100,FRAUD4
P120042418,BIPD,3/17/2012 0:00,1829,7968,FINCH RD NE,122064000,23640000,T
P120045035,BIPD,3/22/2012 0:00,1201,4710,BLAKELY HEIGHTS DR NE,121885700,22574100,KEEP4
P120045552,BIPD,3/23/2012 0:00,1000,4710,BLAKELY HEIGHTS DR NE,121885700,22574100,KEEP4
P120045558,BIPD,3/23/2012 0:00,1008,499,OLYMPIC DR SE,122674000,23182900,THEFT3
P120045576,BIPD,3/23/2012 0:00,1043,5801,WARD AVE NE,122592100,22918400,WC911
P120047714,BIPD,3/27/2012 0:00,0812,,ERICKSEN AVE NE / MADRONE LN N,122485723,23250998,CELL
P120045686,BIPD,3/23/2012 0:00,1415,9350,NE HIGH SCHOOL RD,122411800,23664400,FU
P120035909,BIPD,3/5/2012 0:00,2138,,"XY(121320181,24352488)",121320181,24352488,CELL
P120033294,BIPD,3/1/2012 0:00,0938,,HANSVILLE RD NE / NE STATE HWY 104,122070360,29996104,T
P120033429,BIPD,3/1/2012 0:00,1437,233,SHEPARD WAY NW,122393845,23316671,BLSP
P120035974,BIPD,3/6/2012 0:00,0157,,NE CARMELLA LN / FINCH RD NE,122038267,23529659,MVC3
P120033411,BIPD,3/1/2012 0:00,1408,282,KNECHTEL WAY NE,122487800,23447100,FU
P120036348,BIPD,3/6/2012 0:00,1801,829,HIGH SCHOOL RD NE,122672300,23642200,WC911
P120041419,BIPD,3/15/2012 0:00,2334,15701,POINT MONROE DR NE,122720400,26295450,ALSP
P120041563,BIPD,3/16/2012 0:00,0855,,GROW AVE NW / NE HIGH SCHOOL RD,122337828,23651155,MVC4
P120043915,BIPD,3/20/2012 0:00,1136,11000,NORTH MADISON AVE NE,122456560,24640717,T
P120044531,BIPD,3/21/2012 0:00,1250,12115,CHARLES PL NE,122287350,25001550,GRAFF4
P120044548,BIPD,3/21/2012 0:00,1332,,SPORTSMAN CLUB RD NE / NE WARDWELL RD,122379781,24286006,T
P120044762,BIPD,3/21/2012 0:00,1957,,HIGH SCHOOL RD NE / STONECRESS LN NE,122668902,23642279,T
P120042548,BIPD,3/17/2012 0:00,2137,,IHLAND WAY NE / MADISON AVE N,122435017,23579543,T
P120042669,BIPD,3/17/2012 0:00,2351,803,NE KLICKITAT PL,122670550,23489750,RECKL3
P120042717,BIPD,3/18/2012 0:00,0050,,BJUNE DR SE / MADISON AVE S,122427052,23224917,RECOV3
P120042866,BIPD,3/18/2012 0:00,1020,14000,NORTH MADISON AVE NE,122452200,25628300,PC3
P120045579,BIPD,3/23/2012 0:00,1053,,NE HIGH SCHOOL RD / PATMOS LN NW,122221342,23647566,CELL
P120045980,BIPD,3/23/2012 0:00,2237,15446,SUNRISE DR NE,122763600,26092300,SUSPI3
P120046136,BIPD,3/24/2012 0:00,0605,7666,NE HIGH SCHOOL RD,121802600,23667700,FI
P120046167,BIPD,3/24/2012 0:00,0836,280,MADISON AVE N,122441700,23299100,FI
P120046169,BIPD,3/24/2012 0:00,0846,299,SHANNON DR SE,122508700,23164500,PARKI4
P120046187,BIPD,3/24/2012 0:00,0925,710,ERICKSEN AVE NE,122541300,23452200,ASSAU3
P120046259,BIPD,3/24/2012 0:00,1219,625,WINSLOW WAY E,122607400,23236100,MISC3
P120036674,BIPD,3/7/2012 0:00,1220,,"XY(121185009,24456970)",121185009,24456970,CELL
P120036719,BIPD,3/7/2012 0:00,1329,10475,MANITOU BEACH DR NE,122842250,24455950,OPEN3
P120036703,BIPD,3/7/2012 0:00,1314,408,MADRONA WAY NE,122473697,23355940,FU
P120033558,BIPD,3/1/2012 0:00,1744,625,WINSLOW WAY E,122607400,23236100,THEFT4
P120033691,BIPD,3/1/2012 0:00,2343,,NE BERGMAN RD / MILLER RD NE,121825422,25120970,T
P120029488,BIPD,2/23/2012 0:00,0728,10861,NE MANITOU PARK BLVD,122932900,24590800,THEFT4
P120044922,BIPD,3/22/2012 0:00,0729,625,WINSLOW WAY E,122607400,23236100,SUSPI3
P120041962,BIPD,3/16/2012 0:00,1947,10015,NE YAQUINA AVE,122582850,23997950,SUICIB
P120045029,BIPD,3/22/2012 0:00,1153,253,HIGH SCHOOL RD NE,122470100,23646300,SUSPI4
P120042225,BIPD,3/17/2012 0:00,1034,625,WINSLOW WAY E,122607400,23236100,FU
P120038463,BIPD,3/10/2012 0:00,1139,,NE KOURA RD / STATE HWY 305 NE,122310217,24709702,RECKL3
P120045191,BIPD,3/22/2012 0:00,1654,625,WINSLOW WAY E,122607400,23236100,WC911
P120043045,BIPD,3/18/2012 0:00,1821,16281,STATE HWY 305 NE,120863575,26271124,ASSIS3
P120043158,BIPD,3/18/2012 0:00,2337,,EUCLID AVE NE / WASHINGTON AVE NE,122444389,25908044,FI
P120043551,BIPD,3/19/2012 0:00,1649,,SPORTSMAN CLUB RD NE / STATE HWY 305 NE,122395136,24298387,T
P120043576,BIPD,3/19/2012 0:00,1733,,NE DAY RD E / STATE HWY 305 NE,122023402,25247379,T
P120043688,BIPD,3/19/2012 0:00,2255,,FINCH RD NE / NE HIGH SCHOOL RD,122040602,23661844,T
P120043757,BIPD,3/20/2012 0:00,0538,,NE JUSTIN CT / MILLER RD NE,121500047,24497860,T
P120046416,BIPD,3/24/2012 0:00,1833,,FERNCLIFF AVE NE / NE KLICKITAT PL,122696043,23486236,THREA4
P120046488,BIPD,3/24/2012 0:00,2130,,SUNRISE DR NE / NE SUNRISE BLUFF LN,122742198,25679587,T
P120046498,BIPD,3/24/2012 0:00,2144,10861,NE MANITOU PARK BLVD,122932900,24590800,T
P120046512,BIPD,3/24/2012 0:00,2158,253,HIGH SCHOOL RD NE,122470100,23646300,DUI3
P120046671,BIPD,3/25/2012 0:00,0356,497,HARBORVIEW DR SE,122589500,23122300,MISC4
P120046721,BIPD,3/25/2012 0:00,0918,10326,NE BARKENTINE RD,122647400,22466350,ANIMAB
P120038696,BIPD,3/10/2012 0:00,1950,625,WINSLOW WAY E,122607400,23236100,FU
P120038873,BIPD,3/11/2012 0:00,0326,,NORTH MADISON AVE NE / NE VALLEY RD,122457917,24703521,T
P120039057,BIPD,3/11/2012 0:00,1410,15798,STATE HWY 305 NE,121419100,26448500,TRAFF3
P120039133,BIPD,3/11/2012 0:00,1656,,"XY(121270007,24074502)",121270007,24074502,CELL
P120039222,BIPD,3/11/2012 0:00,2022,1220,HILDEBRAND LN NE,122550200,23631100,T
P120029557,BIPD,2/23/2012 0:00,0923,625,WINSLOW WAY E,122607400,23236100,FU
P120037407,BIPD,3/8/2012 0:00,1613,625,WINSLOW WAY E,122607400,23236100,MISC4
P120034049,BIPD,3/2/2012 0:00,1537,,NE DAY RD W / MILLER RD NE,121978357,25249210,T
P120034054,BIPD,3/2/2012 0:00,1544,11661,NE SUNSET LOOP,121713617,24900308,THEFT4
P120034106,BIPD,3/2/2012 0:00,1716,299,SHANNON DR SE,122508700,23164500,THEFT4
P120034196,BIPD,3/2/2012 0:00,2029,7669,NE DAY RD W,121834517,25255112,ALRA
P120043908,BIPD,3/20/2012 0:00,1126,9125,SPORTSMAN CLUB RD NE,122290100,24108100,RECKL3
P120044005,BIPD,3/20/2012 0:00,1425,,"XY(122347655,24072760)",122347655,24072760,CELL
P120044022,BIPD,3/20/2012 0:00,1456,15843,AGATE PASS BRG,121391000,26467600,WC3
P120044116,BIPD,3/20/2012 0:00,1808,907,CARVER ST,118435000,20790500,MEDIA
P120046813,BIPD,3/25/2012 0:00,1342,11711,OLYMPIC TERRACE AVE NE,121472385,24889000,ALRA
P120047005,BIPD,3/25/2012 0:00,2211,,ERICKSEN AVE NE / MADRONE LN N,122485723,23250998,CELL
P120043666,BIPD,3/19/2012 0:00,2128,7501,NE DOLPHIN DR,121808500,26284100,ALRA
P120046823,BIPD,3/25/2012 0:00,1407,3600,POINT WHITE DR NE,121433828,22246572,T
P120047004,BIPD,3/25/2012 0:00,2208,4300,POINT WHITE DR NE,121584549,22478424,T
P120047007,BIPD,3/25/2012 0:00,2215,,"XY(122314419,24991101)",122314419,24991101,CELL
P120047012,BIPD,3/25/2012 0:00,2233,,GROW AVE NW / GROW PL NW,122332190,23369845,FI
P120047159,BIPD,3/26/2012 0:00,0918,625,WINSLOW WAY E,122607400,23236100,WRT4
P120046763,BIPD,3/25/2012 0:00,1143,635,NE HIGH SCHOOL RD,122308024,23652301,FI
P120044773,BIPD,3/21/2012 0:00,2036,,GROW AVE NW / WYATT WAY NW,122332251,23385462,T
P120046781,BIPD,3/25/2012 0:00,1222,9374,NE DAY RD E,122391550,25265650,SUSPI3
P120046804,BIPD,3/25/2012 0:00,1317,,"XY(122706692,23141823)",122706692,23141823,CELL
P120046870,BIPD,3/25/2012 0:00,1624,625,WINSLOW WAY E,122607400,23236100,WRT3
P120047083,BIPD,3/26/2012 0:00,0339,,DIVISION AVE NE / NE GENEVA ST,121596892,27228917,ASSIS3
P120034579,BIPD,3/3/2012 0:00,1432,,GROW AVE NW / WINSLOW WAY W,122330727,23253959,TRAFF3
P120034796,BIPD,3/3/2012 0:00,2210,,AZALEA AVE NE / NE WING POINT WAY,122868520,23371293,SUSPI3
P120034876,BIPD,3/4/2012 0:00,0020,8500,NE HIDDEN COVE RD,122137086,25766402,PC3
P120034885,BIPD,3/4/2012 0:00,0045,625,WINSLOW WAY E,122607400,23236100,UNKNO3
P120035037,BIPD,3/4/2012 0:00,1047,,VILLAGE CIR NW / WEAVER RD NW,122168809,23435678,PC3
P120035085,BIPD,3/4/2012 0:00,1248,,ERICKSEN AVE NE / WALLACE WAY NE,122531605,23512269,PC3
P120044357,BIPD,3/21/2012 0:00,0515,5711,WARD AVE NE,122581350,22904050,GASLI
P120044427,BIPD,3/21/2012 0:00,0944,635,HIGH SCHOOL RD NE,122615700,23616500,ASSIS3
P120047638,BIPD,3/27/2012 0:00,0138,,MANITOU BEACH DR NE / NORTH MADISON AVE NE,122430015,24309046,T
P120044707,BIPD,3/21/2012 0:00,1812,15843,AGATE PASS BRG,121391000,26467600,RECKL3
P120042256,BIPD,3/17/2012 0:00,1211,,REITAN RD NE / STATE HWY 305 NE,121501742,26370270,DUI3
P120047125,BIPD,3/26/2012 0:00,0742,625,WINSLOW WAY E,122607400,23236100,TRANS
P120047356,BIPD,3/26/2012 0:00,1434,634,AZALEA AVE NE,122888600,23435650,MISC4
P120047521,BIPD,3/26/2012 0:00,2019,,KNECHTEL WAY NE / MADISON AVE N,122432246,23447716,FI
P120047601,BIPD,3/26/2012 0:00,2322,,CREOSOTE PL NE / ROCKAWAY BEACH RD NE,122939041,22834319,FI
P120047736,BIPD,3/27/2012 0:00,0853,9079,NORTH TOWN DR NE,122286150,23968100,PROWL4
P120047791,BIPD,3/27/2012 0:00,1019,11563,BATTLE POINT DR NE,120951750,24837850,THREA4
P120035240,BIPD,3/4/2012 0:00,1755,,"XY(121320181,24352488)",121320181,24352488,CELL
P120035403,BIPD,3/5/2012 0:00,0413,,MADISON AVE N / WINSLOW WAY E,122427660,23249390,FI
P120038944,BIPD,3/11/2012 0:00,0944,,STATE HWY 305 NE / NE WEST PORT MADISON RD,121590699,26041540,T
P120035430,BIPD,3/5/2012 0:00,0703,,NE KNIGHT RD / SUNRISE DR NE,122736116,25355617,TRAFF3
P120035587,BIPD,3/5/2012 0:00,1155,9500,SPORTSMAN CLUB RD NE,122353861,24174910,T
P120039523,BIPD,3/12/2012 0:00,1204,314,EAKIN DR NW,122137050,23318000,BURGL4
P120042318,BIPD,3/17/2012 0:00,1443,,NE DAY RD W / MILLER RD NE,121978357,25249210,T
P120047719,BIPD,3/27/2012 0:00,0818,,NE ROSARIO PL / WEAVER RD NW,122171607,23604938,FOUND4
P120045476,BIPD,3/23/2012 0:00,0726,4400,ROCKAWAY BEACH RD NE,122945656,22310720,PC4
P120045474,BIPD,3/23/2012 0:00,0723,,"XY(121506991,22325882)",121506991,22325882,CELL
P120045505,BIPD,3/23/2012 0:00,0835,7100,NE DOLPHIN DR,121670312,26304225,PC4
P120045535,BIPD,3/23/2012 0:00,0926,11305,LARIX PL NE,121711750,24742350,ALSP
P120042529,BIPD,3/17/2012 0:00,2113,300-BLK,WINSLOW WAY E,122494670,23247424,FI
P120046787,BIPD,3/25/2012 0:00,1238,601,HIGH SCHOOL RD NE,122587100,23628700,ANIMA4
P120042683,BIPD,3/18/2012 0:00,0006,860,FAIRVIEW AVE NE,123076350,23487000,NOISE3
P120043028,BIPD,3/18/2012 0:00,1747,,NE KOURA RD / MILLER RD NE,121576406,24728795,T
P120043063,BIPD,3/18/2012 0:00,1917,,"XY(122706692,23141823)",122706692,23141823,CELL
P120043165,BIPD,3/19/2012 0:00,0012,1220,HILDEBRAND LN NE,122550200,23631100,FI
P120035667,BIPD,3/5/2012 0:00,1401,,MADISON AVE N / NE NEW BROOKLYN RD,122442200,23911813,T
P120035724,BIPD,3/5/2012 0:00,1524,7070,NE EAGLE HARBOR DR,121972000,23357300,RECKL3
P120035928,BIPD,3/5/2012 0:00,2230,,BJUNE DR SE / BRIEN DR SE,122482650,23202882,T
P120035936,BIPD,3/5/2012 0:00,2315,253,HIGH SCHOOL RD NE,122470100,23646300,FI
P120040329,BIPD,3/13/2012 0:00,2150,253,HIGH SCHOOL RD NE,122470100,23646300,T
P120036228,BIPD,3/6/2012 0:00,1446,,IHLAND WAY NE / MADISON AVE N,122435017,23579543,T
P120045640,BIPD,3/23/2012 0:00,1256,625,WINSLOW WAY E,122607400,23236100,MISC4
P120045745,BIPD,3/23/2012 0:00,1608,625,WINSLOW WAY E,122607400,23236100,FU
P120045841,BIPD,3/23/2012 0:00,1809,343,WINSLOW WAY E,122501900,23247000,SHOPL4
P120045969,BIPD,3/23/2012 0:00,2216,,SUQUAMISH WAY NE / NE WEE WUN WAY,121290139,26717539,T
P120046243,BIPD,3/24/2012 0:00,1145,9000,MILLER RD NE,121360650,24052700,T
P120047793,BIPD,3/27/2012 0:00,1021,4710,BLAKELY HEIGHTS DR NE,121885700,22574100,ASSIS3
P120047885,BIPD,3/27/2012 0:00,1254,380,WINSLOW WAY E,122507500,23253200,WC911
P120047908,BIPD,3/27/2012 0:00,1328,1218,4TH ST,119527150,21168350,WRT4
P120048219,BIPD,3/28/2012 0:00,0045,,HIGH SCHOOL RD NE / STATE HWY 305 NE,122571082,23644469,FU
P120048331,BIPD,3/28/2012 0:00,0851,625,WINSLOW WAY E,122607400,23236100,MISC4
P120048554,BIPD,3/28/2012 0:00,1525,8478,HANSEN RD NE,121056200,23841600,THEFT4
P120047340,BIPD,3/26/2012 0:00,1407,,WEAVER RD NW / WYATT WAY NW,122167956,23391345,T
P120043248,BIPD,3/19/2012 0:00,0721,,EUCLID AVE NE / PHELPS RD NE,122444389,25908044,SUSPI3
P120047481,BIPD,3/26/2012 0:00,1855,,HIGH SCHOOL RD NE / STATE HWY 305 NE,122571082,23644469,T
P120047705,BIPD,3/27/2012 0:00,0755,,"XY(122706692,23141823)",122706692,23141823,CELL
P120043442,BIPD,3/19/2012 0:00,1318,,NE KOURA RD / STATE HWY 305 NE,122310217,24709702,T
P120043444,BIPD,3/19/2012 0:00,1321,,GROW PL NW / SHEPARD WAY NW,122324878,23349755,CELL
P120036836,BIPD,3/7/2012 0:00,1550,,MADISON AVE N / WINSLOW WAY E,122427660,23249390,FI
P120037020,BIPD,3/7/2012 0:00,2310,,NE HIDDEN COVE RD / HIDDEN HEIGHTS LN NE,121863923,25645739,T
P120037106,BIPD,3/8/2012 0:00,0530,6531,NE BUCKSKIN LN,121407700,22406150,PROWL3
P120034047,BIPD,3/2/2012 0:00,1535,14490,NORTH MADISON AVE NE,122463650,25749150,MISC3
P120040667,BIPD,3/14/2012 0:00,1516,10130,NE KNIGHT RD,122652000,25371100,FRAUD4
P120037303,BIPD,3/8/2012 0:00,1313,625,WINSLOW WAY E,122607400,23236100,MISC4
P120046389,BIPD,3/24/2012 0:00,1743,150,MADRONE LN N,122461219,23252754,MVC3
P120046517,BIPD,3/24/2012 0:00,2211,,FLETCHER BAY RD NE / LYNWOOD CENTER RD NE,121758601,23062387,T
P120046538,BIPD,3/24/2012 0:00,2256,9624,SPORTSMAN CLUB RD NE,122373100,24193200,PC3
P120046624,BIPD,3/25/2012 0:00,0133,,NE BAKER HILL RD / DEERPATH LN NE,121367460,22610607,T
P120047448,BIPD,3/26/2012 0:00,1757,907,CARVER ST,118435000,20790500,MEDIA
P120047519,BIPD,3/26/2012 0:00,2012,755,MOJI LN NW,122200850,23493550,FU
P120048763,BIPD,3/28/2012 0:00,2256,6075,LYNWOOD CENTER RD NE,121747672,23044637,MVC4
P120048890,BIPD,3/29/2012 0:00,0758,,ERICKSEN AVE NE / MADRONE LN N,122485723,23250998,CELL
P120049035,BIPD,3/29/2012 0:00,1241,403,MADISON AVE N,122430200,23357500,ASSIS4
P120049129,BIPD,3/29/2012 0:00,1516,2510,FORT WARD HILL RD NE,122370322,21848647,FRAUD4
P120049469,BIPD,3/30/2012 0:00,0646,233,PARFITT WAY SW,122384600,23163500,BURGL2
P120049739,BIPD,3/30/2012 0:00,1516,7056,NE NEW BROOKLYN RD,121576600,23979950,RUNAW4
P120043457,BIPD,3/19/2012 0:00,1347,9423,CAPSTAN DR NE,122189000,23769550,FU
P120043488,BIPD,3/19/2012 0:00,1443,,HIGH SCHOOL RD NE / STATE HWY 305 NE,122571082,23644469,TRAFF3
P120048549,BIPD,3/28/2012 0:00,1510,1974,WING POINT WAY NE,123046550,23372800,CIVIL4
P120043586,BIPD,3/19/2012 0:00,1754,,NE BAY HILL RD / MILLER RD NE,121657490,24861833,T
P120043805,BIPD,3/20/2012 0:00,0811,,,120874335,24518746,CELL
P120037483,BIPD,3/8/2012 0:00,1854,,NE HIGH SCHOOL RD / MADISON AVE N,122439864,23649989,T
P120037491,BIPD,3/8/2012 0:00,1901,380,WINSLOW WAY E,122507500,23253200,BLS
P120037578,BIPD,3/8/2012 0:00,2211,920,MADISON AVE N,122445900,23547300,THEFT4
P120037644,BIPD,3/9/2012 0:00,0107,,NE DAY RD E / STATE HWY 305 NE,122023402,25247379,T
P120041500,BIPD,3/16/2012 0:00,0409,2520,CHERRY AVE,119826700,21775200,FU
P120041610,BIPD,3/16/2012 0:00,1026,,NE NEW BROOKLYN RD / SPORTSMAN CLUB RD NE,122235375,23919324,T
P120047288,BIPD,3/26/2012 0:00,1249,,MADRONE LN N / WINSLOW WAY E,122461044,23248357,FI
P120049916,BIPD,3/30/2012 0:00,1954,,"XY(121873148,22050638)",121873148,22050638,CELL
P120049936,BIPD,3/30/2012 0:00,2048,4200,POINT WHITE DR NE,121540348,22469937,T
P120047299,BIPD,3/26/2012 0:00,1257,,HIGH SCHOOL RD NE / HILDEBRAND LN NE,122535496,23644973,FI
P120047386,BIPD,3/26/2012 0:00,1539,10950,NE COUNTRY CLUB RD,122831350,22044250,FU
P120047489,BIPD,3/26/2012 0:00,1904,9490,NE HIGH SCHOOL RD,122358400,23704100,WC911
P120046760,BIPD,3/25/2012 0:00,1137,,"XY(122706692,23141823)",122706692,23141823,CELL
P120049783,BIPD,3/30/2012 0:00,1633,7056,NE NEW BROOKLYN RD,121576600,23979950,FU
P120049850,BIPD,3/30/2012 0:00,1804,907,CARVER ST,118435000,20790500,MEDIA
P120049944,BIPD,3/30/2012 0:00,2102,11954,MILLER RD NE,121741214,24987825,FU
P120050364,BIPD,3/31/2012 0:00,1637,14776,SUNRISE DR NE,122789100,25899050,FU
P120050434,BIPD,3/31/2012 0:00,1954,2444,SOUNDVIEW DR NE,122368150,21812450,ANIMA3
P120045037,BIPD,3/22/2012 0:00,1206,10670,NE MANOR LN,122839050,25584400,BLSG
P120045093,BIPD,3/22/2012 0:00,1415,,ALEXANDER PL / HIGH SCHOOL RD NE,122793203,23623036,SUSPI3
P120049464,BIPD,3/30/2012 0:00,0603,,NE MORGAN RD / STATE HWY 305 NE,122252700,24842450,T
P120045153,BIPD,3/22/2012 0:00,1550,8478,HANSEN RD NE,121056200,23841600,FRAUD4
P120042249,BIPD,3/17/2012 0:00,1152,,NE DAY RD E / STATE HWY 305 NE,122023402,25247379,T
P120042464,BIPD,3/17/2012 0:00,1937,1080,NE FOREST ROCK LN,119716300,27786700,T
P120047610,BIPD,3/26/2012 0:00,2354,330,MADISON AVE S,122434250,23159800,OPEN3
P120044941,BIPD,3/22/2012 0:00,0822,4710,BLAKELY HEIGHTS DR NE,121885700,22574100,THREA4
P120045176,BIPD,3/22/2012 0:00,1625,7235,NE PARKWAY ST,121744500,27094900,WRT3
P120045164,BIPD,3/22/2012 0:00,1604,550,MADISON AVE N,122431200,23400600,CUSTO4
P120045178,BIPD,3/22/2012 0:00,1628,618,WINSLOW WAY E,122601785,23245349,INFOP3
P120047964,BIPD,3/27/2012 0:00,1455,17115,AGATE ST NE,121756700,26667750,MISC4
P120037795,BIPD,3/9/2012 0:00,1003,,"XY(121320181,24352488)",121320181,24352488,CELL
P120037846,BIPD,3/9/2012 0:00,1136,,"XY(121185009,24456970)",121185009,24456970,CELL
P120041692,BIPD,3/16/2012 0:00,1250,9330,NE HIGH SCHOOL RD,122363800,23666100,FI
P120038513,BIPD,3/10/2012 0:00,1342,,JOHN ADAMS LN NW / WYATT WAY NW,122388661,23383450,T
P120041792,BIPD,3/16/2012 0:00,1518,,NE DAY RD E / NORTH MADISON AVE NE,122468811,25230896,T
P120050517,BIPD,3/31/2012 0:00,2254,9805,NE MURDEN COVE DR,122550350,24367500,PC4
P120050590,BIPD,4/1/2012 0:00,0133,,HIGH SCHOOL RD NE / STATE HWY 305 NE,122571082,23644469,DUI3
P120050643,BIPD,4/1/2012 0:00,0551,497,HARBORVIEW DR SE,122589500,23122300,INFOP4
P120050749,BIPD,4/1/2012 0:00,1245,15729,POINT MONROE DR NE,122670450,26293800,CHILD3
P120051156,BIPD,4/2/2012 0:00,0832,,NE GRIZDALE LN / NE NEW BROOKLYN RD,122112497,23923755,T
P120051196,BIPD,4/2/2012 0:00,0957,,CHERRY AVE NE / NE DINGLEY RD,122958978,23502526,FRAUD4
P120048016,BIPD,3/27/2012 0:00,1620,11000,STATE HWY 3 SW,115397200,17798000,MISC3
P120048053,BIPD,3/27/2012 0:00,1730,,NE HIGH SCHOOL RD / MADISON AVE N,122439864,23649989,DUI3
P120048084,BIPD,3/27/2012 0:00,1823,907,CARVER ST,118435000,20790500,MEDIA
P120048330,BIPD,3/28/2012 0:00,0850,299,SHANNON DR SE,122508700,23164500,PC3
P120048468,BIPD,3/28/2012 0:00,1232,,NE DAY RD E / STATE HWY 305 NE,122023402,25247379,DUI3
P120048587,BIPD,3/28/2012 0:00,1621,625,WINSLOW WAY E,122607400,23236100,FU
P120038632,BIPD,3/10/2012 0:00,1705,,SPORTSMAN CLUB RD NE / STATE HWY 305 NE,122395136,24298387,T
P120038813,BIPD,3/10/2012 0:00,2356,241,WINSLOW WAY W,122377000,23251900,SUSPI3
P120038824,BIPD,3/11/2012 0:00,0027,15900,STATE HWY 305 NE,121341200,26500900,T
P120042542,BIPD,3/17/2012 0:00,2131,,NW STATE HWY 308 / VIKING WAY NW,119065684,26233773,T
P120042698,BIPD,3/18/2012 0:00,0026,250,CAMELIA LOOP NE,122478000,23588600,THEFT3
P120038883,BIPD,3/11/2012 0:00,0422,1076,ALEXANDER PL,122797772,23577716,DV3
P120045223,BIPD,3/22/2012 0:00,1811,907,CARVER ST,118435000,20790500,MEDIA
P120042492,BIPD,3/17/2012 0:00,2015,20148,10TH AVE NE,119684900,27740700,T
P120049941,BIPD,3/30/2012 0:00,2054,,"XY(121395986,25933905)",121395986,25933905,CELL
P120046944,BIPD,3/25/2012 0:00,1844,8160,NE WEST PORT MADISON RD,121988250,26110750,DOAA
P120046975,BIPD,3/25/2012 0:00,2004,299,SHANNON DR SE,122508700,23164500,FI
P120050599,BIPD,4/1/2012 0:00,0142,,NE DAY RD E / STATE HWY 305 NE,122023402,25247379,FI
P120048900,BIPD,3/29/2012 0:00,0823,,"XY(122706692,23141823)",122706692,23141823,CELL
P120048914,BIPD,3/29/2012 0:00,0850,1201,CHERRY AVE NE,122892000,23620450,ASSIS3
P120048939,BIPD,3/29/2012 0:00,0941,11580,NORTH MADISON AVE NE,122460479,24829013,SUICI3
P120049029,BIPD,3/29/2012 0:00,1229,5357,RUBY PL NE,121704250,22856400,FRAUD4
P120049279,BIPD,3/29/2012 0:00,1930,907,CARVER ST,118435000,20790500,MEDIA
P120051260,BIPD,4/2/2012 0:00,1119,17000,AGATE ST NE,121770933,26674396,PC4
P120039418,BIPD,3/12/2012 0:00,0741,,NE HALLS HILL RD / ROCKAWAY BLUFF RD NE,122786547,22275496,TRAFF3
P120039507,BIPD,3/12/2012 0:00,1122,9304,NE LAFAYETTE AVE,122402300,26107600,BLSP
P120040075,BIPD,3/13/2012 0:00,1308,,NE DAY RD E / STATE HWY 305 NE,122023402,25247379,T
P120040093,BIPD,3/13/2012 0:00,1343,9330,NE HIGH SCHOOL RD,122363800,23666100,FI
P120043661,BIPD,3/19/2012 0:00,2101,,BATTLE POINT DR NE / MILLER RD NE,121350327,24126968,T
P120040177,BIPD,3/13/2012 0:00,1610,,HIGH SCHOOL RD NE / STATE HWY 305 NE,122571082,23644469,T
P120051357,BIPD,4/2/2012 0:00,1359,7666,NE HIGH SCHOOL RD,121802600,23667700,PC4
P120051358,BIPD,4/2/2012 0:00,1400,11151,HYLA AVE NE,122656421,24683166,BLSG
P120051523,BIPD,4/2/2012 0:00,1803,907,CARVER ST,118435000,20790500,MEDIA
P120051542,BIPD,4/2/2012 0:00,1845,,NE HIGH SCHOOL RD / MADISON AVE N,122439864,23649989,TRANS
P120051643,BIPD,4/2/2012 0:00,2304,8409,HANSEN RD NE,121030300,23826050,ANIMA3
P120047020,BIPD,3/25/2012 0:00,2252,9330,NE HIGH SCHOOL RD,122363800,23666100,PC3
P120047208,BIPD,3/26/2012 0:00,1015,10255,NE VALLEY RD,122674600,24698700,FI
P120047459,BIPD,3/26/2012 0:00,1821,7570,NE EMERALD WAY,121756850,22812050,CIVIL4
P120051205,BIPD,4/2/2012 0:00,1014,,NE LOVGREEN RD E / NORTH MADISON AVE NE,122463342,24967499,PC4
P120051287,BIPD,4/2/2012 0:00,1151,343,WINSLOW WAY E,122501900,23247000,ASSIS3
P120047850,BIPD,3/27/2012 0:00,1152,253,HIGH SCHOOL RD NE,122470100,23646300,LOSTP4
P120049419,BIPD,3/30/2012 0:00,0125,,"XY(122386029,23628619)",122386029,23628619,CELL
P120049802,BIPD,3/30/2012 0:00,1703,,MCDONALD AVE NE / NE OLD MILL RD,122281102,22614125,TRAFF3
P120051371,BIPD,4/2/2012 0:00,1413,,ARROW POINT DR NE / MILLER RD NE,121550644,24644417,T
P120049920,BIPD,3/30/2012 0:00,2001,,BIRKLAND RD NE / WEST BLAKELY RD NE,122064347,22362730,UNKNO3
P120049889,BIPD,3/30/2012 0:00,1914,11954,MILLER RD NE,121741214,24987825,RUNAW4
P120051783,BIPD,4/3/2012 0:00,0749,8409,HANSEN RD NE,121030300,23826050,TRAFF3
P120047590,BIPD,3/26/2012 0:00,2302,,NE BAKER HILL RD / NE LARIAT LOOP,121291508,22526608,T
P120050231,BIPD,3/31/2012 0:00,1132,7056,NE NEW BROOKLYN RD,121576600,23979950,RUNAW4
P120050296,BIPD,3/31/2012 0:00,1418,,NE LOVGREEN RD E / NORTH MADISON AVE NE,122463342,24967499,T
P120050298,BIPD,3/31/2012 0:00,1423,9517,NE LOVGREEN RD E,122418536,24968792,T
P120050338,BIPD,3/31/2012 0:00,1532,499,OLYMPIC DR SE,122674000,23182900,RECKL3
P120047633,BIPD,3/27/2012 0:00,0125,,KIMIKO LN / MADISON AVE N,122440017,23810953,FI
P120051832,BIPD,4/3/2012 0:00,0933,8440,NE GORDON DR,122110200,26181600,KEEP4
P120047692,BIPD,3/27/2012 0:00,0705,,"XY(121185009,24456970)",121185009,24456970,CELL
P120047707,BIPD,3/27/2012 0:00,0759,,"XY(122706692,23141823)",122706692,23141823,CELL
P120047789,BIPD,3/27/2012 0:00,1018,,NE DAY RD E / STATE HWY 305 NE,122023402,25247379,T
P120047834,BIPD,3/27/2012 0:00,1121,,NE DAY RD E / STATE HWY 305 NE,122023402,25247379,DUI3
P120050398,BIPD,3/31/2012 0:00,1817,205,MADRONA WAY NE,122456450,23344800,BURGL4
P120040266,BIPD,3/13/2012 0:00,1838,,NE HIGH SCHOOL RD / MADISON AVE N,122433634,23644002,T
P120043997,BIPD,3/20/2012 0:00,1409,403,MADISON AVE S,122425500,23163900,WRT3
P120040410,BIPD,3/14/2012 0:00,0140,8108,NE WEST PORT MADISON RD,121994500,26053600,MVCG
P120044040,BIPD,3/20/2012 0:00,1536,625,WINSLOW WAY E,122607400,23236100,FOUND4
P120040458,BIPD,3/14/2012 0:00,0631,,"XY(122383974,22666544)",122383974,22666544,CELL
P120037435,BIPD,3/8/2012 0:00,1705,1245,GROW AVE NW,122326950,23624600,WC911
P120051653,BIPD,4/2/2012 0:00,2351,5452,NE SUNSET PL,121066050,23799350,GUNVI4
P120051810,BIPD,4/3/2012 0:00,0901,10821,NE WACKY NUT WAY,122833800,22324350,ASSIS3
P120051883,BIPD,4/3/2012 0:00,1113,,HILDEBRAND LN NE / TORMEY LN NE,122534254,23589670,FI
P120052388,BIPD,4/4/2012 0:00,0943,12533,STATE HWY 305 NE,122083032,25158521,T
P120049784,BIPD,3/30/2012 0:00,1634,,"XY(122346810,22566296)",122346810,22566296,CELL
P120048182,BIPD,3/27/2012 0:00,2242,,STATE HWY 305 NE / VINEYARD LN,122556963,23457347,MVCG
P120048304,BIPD,3/28/2012 0:00,0800,,SPORTSMAN CLUB RD NE / STATE HWY 305 NE,122395136,24298387,T
P120048451,BIPD,3/28/2012 0:00,1203,,BJUNE DR SE / WINSLOW WAY E,122533107,23245903,TRAFF3
P120048859,BIPD,3/29/2012 0:00,0639,6975,ISLAND CENTER RD NE,121457000,23399850,ALRA
P120049054,BIPD,3/29/2012 0:00,1311,9805,NE MURDEN COVE DR,122550350,24367500,ASSIS4
P120051956,BIPD,4/3/2012 0:00,1343,350,HIGH SCHOOL RD NE,122521100,23645300,WC911
P120050659,BIPD,4/1/2012 0:00,0747,7666,NE HIGH SCHOOL RD,121802600,23667700,PC4
P120047717,BIPD,3/27/2012 0:00,0816,6110,NE TOLO RD,121322800,24350900,WC4
P120045110,BIPD,3/22/2012 0:00,1444,600,WINSLOW WAY E,122597200,23245500,ALRB
P120051305,BIPD,4/2/2012 0:00,1215,,"XY(121320641,24348829)",121320641,24348829,CELL
P120047766,BIPD,3/27/2012 0:00,0947,9805,NE MURDEN COVE DR,122550350,24367500,WC3
P120047862,BIPD,3/27/2012 0:00,1206,7307,BLACKBIRD DR NE,119480950,23496950,WRT4
P120050440,BIPD,3/31/2012 0:00,2016,380,WINSLOW WAY E,122507500,23253200,ANIMAB
P120050654,BIPD,4/1/2012 0:00,0711,1720,NE PRESTON ST,122973300,23551400,WC911
P120050665,BIPD,4/1/2012 0:00,0813,15900,STATE HWY 305 NE,121341200,26500900,FI
P120050675,BIPD,4/1/2012 0:00,0847,625,WINSLOW WAY E,122607400,23236100,WRT3
P120050863,BIPD,4/1/2012 0:00,1702,8895,MADISON AVE N,122433700,23949200,ASSIS3
P120050898,BIPD,4/1/2012 0:00,1821,15450,SMOLAND LN NE,122089400,26125900,BURGL4
P120044144,BIPD,3/20/2012 0:00,1847,6500,NE EAGLE HARBOR DR,122055188,23128740,T
P120041125,BIPD,3/15/2012 0:00,1246,6370,NE TOLO RD,121387500,24358050,CIVIL4
P120041173,BIPD,3/15/2012 0:00,1412,11275,NE WING POINT DR,123016550,23214750,SUSPI3
P120041290,BIPD,3/15/2012 0:00,1809,907,CARVER ST,118435000,20790500,MEDIA
P120041631,BIPD,3/16/2012 0:00,1053,8294,NE LOVGREEN RD W,122051050,24992700,ASSIS4
P120044429,BIPD,3/21/2012 0:00,0946,2106,FORT WARD HILL RD NE,122366300,21679100,FU
P120049794,BIPD,3/30/2012 0:00,1653,,NE DAY RD E / STATE HWY 305 NE,122023402,25247379,RECKL4
P120052513,BIPD,4/4/2012 0:00,1417,6012,ROSE LOOP NE,122409050,22934900,TRESP4
P120052598,BIPD,4/4/2012 0:00,1737,,MADISON AVE N / STATE HWY 305 NE,122472543,23963078,TRAFF3
P120052692,BIPD,4/4/2012 0:00,2054,,NE DAY RD E / STATE HWY 305 NE,122023402,25247379,RECKL3
P120052891,BIPD,4/5/2012 0:00,0831,625,WINSLOW WAY E,122607400,23236100,FI
P120053089,BIPD,4/5/2012 0:00,1506,,NE BYRON DR / FERNCLIFF AVE NE,122701389,23703548,T
P120049130,BIPD,3/29/2012 0:00,1520,245,HIGH SCHOOL RD NW,122243500,23654700,INTOX3
P120052352,BIPD,4/4/2012 0:00,0836,,"XY(121861362,25447713)",121861362,25447713,CELL
P120049386,BIPD,3/29/2012 0:00,2357,,"XY(122347121,24073137)",122347121,24073137,CELL
P120049502,BIPD,3/30/2012 0:00,0845,928,BLUE HERON AVE NE,122494500,23526400,DOAA
P120049547,BIPD,3/30/2012 0:00,1001,10806,HART LN NE,121667720,24595655,PC5
P120041705,BIPD,3/16/2012 0:00,1309,10455,NE WIGGINS RD,122711850,22642100,SFR
P120041751,BIPD,3/16/2012 0:00,1420,625,WINSLOW WAY E,122607400,23236100,FRAUD4
P120044782,BIPD,3/21/2012 0:00,2059,,MADISON AVE N / WALLACE WAY NE,122433596,23514669,T
P120044924,BIPD,3/22/2012 0:00,0734,625,WINSLOW WAY E,122607400,23236100,HARAS4
P120042043,BIPD,3/16/2012 0:00,2240,,MADISON AVE N / NE NEW BROOKLYN RD,122442200,23911813,T
P120042389,BIPD,3/17/2012 0:00,1713,9423,CAPSTAN DR NE,122189000,23769550,SUICI3
P120053878,BIPD,4/6/2012 0:00,2000,,AGATEWOOD RD NE / STATE HWY 305 NE,121562025,26138320,FI
P120053860,BIPD,4/6/2012 0:00,1917,8733,NE ROSARIO PL,122137950,23616400,HARAS4
P120053907,BIPD,4/6/2012 0:00,2041,403,MADISON AVE N,122430200,23357500,SUSPI2
P120053916,BIPD,4/6/2012 0:00,2108,,NE KOURA RD / STATE HWY 305 NE,122310217,24709702,T
P120053956,BIPD,4/6/2012 0:00,2219,,NE DAY RD E / STATE HWY 305 NE,122023402,25247379,T
P120053962,BIPD,4/6/2012 0:00,2235,,HIGH SCHOOL RD NE / STATE HWY 305 NE,122571082,23644469,T
P120050920,BIPD,4/1/2012 0:00,1912,19723,DIVISION AVE NE,121593750,27516650,ASSIS3
P120050989,BIPD,4/1/2012 0:00,2218,5129,MCDONALD AVE NE,122273800,22681850,LIQUO3
P120050961,BIPD,4/1/2012 0:00,2054,1310,MADISON AVE N,122447500,23664000,BLSGP
P120051136,BIPD,4/2/2012 0:00,0750,,SPORTSMAN CLUB RD NE / STATE HWY 305 NE,122395136,24298387,T
P120051302,BIPD,4/2/2012 0:00,1212,,"XY(122485867,23257562)",122485867,23257562,CELL
P120051313,BIPD,4/2/2012 0:00,1234,,"XY(121320641,24348829)",121320641,24348829,CELL
P120042390,BIPD,3/17/2012 0:00,1713,,NE KONO RD / NE TANI CREEK RD,122232749,22181034,TRAFF3
P120045577,BIPD,3/23/2012 0:00,1043,240,CAMELIA LOOP NE,122464500,23595700,REPOS
P120042864,BIPD,3/18/2012 0:00,1010,7000,NE DOLPHIN DR,121646400,26318800,PC3
P120045638,BIPD,3/23/2012 0:00,1256,8203,SPORTSMAN CLUB RD NE,122132500,23727700,MISC3
P120043252,BIPD,3/19/2012 0:00,0734,,"XY(121713919,23056078)",121713919,23056078,CELL
P120043270,BIPD,3/19/2012 0:00,0829,635,HIGH SCHOOL RD NE,122615700,23616500,FU
P120049587,BIPD,3/30/2012 0:00,1052,,MADISON AVE N / WINSLOW WAY E,122427660,23249390,RECKL3
P120049743,BIPD,3/30/2012 0:00,1518,,MADISON AVE N / WYATT WAY NE,122430637,23382031,TRAFF3
P120045641,BIPD,3/23/2012 0:00,1303,9330,NE HIGH SCHOOL RD,122363800,23666100,FU
P120053083,BIPD,4/5/2012 0:00,1458,,HIGH SCHOOL RD NE / STATE HWY 305 NE,122571082,23644469,T
P120045708,BIPD,3/23/2012 0:00,1448,8897,FLETCHER BAY RD NE,121308402,23938027,FRAUD4
P120045763,BIPD,3/23/2012 0:00,1631,9330,NE HIGH SCHOOL RD,122363800,23666100,MISC4
P120054002,BIPD,4/6/2012 0:00,2347,,COSGROVE ST NW / WYATT WAY NW,122209928,23389986,T
P120054390,BIPD,4/7/2012 0:00,1830,907,CARVER ST,118435000,20790500,MEDIA
P120054540,BIPD,4/8/2012 0:00,0009,755,WINSLOW WAY E,122646964,23244102,FI
P120054880,BIPD,4/8/2012 0:00,1827,,NORTH MADISON AVE NE / NE TORVANGER RD,122452164,25628115,GUNVI3
P120055008,BIPD,4/8/2012 0:00,2358,5500,BLAKELY AVE NE,121964576,22850876,T
P120051478,BIPD,4/2/2012 0:00,1648,6575,WINGPOINT,123063053,23167598,CIVIL4
P120053903,BIPD,4/6/2012 0:00,2037,5150,DEERPATH LN NE,121363555,22680877,FU
P120051637,BIPD,4/2/2012 0:00,2251,,NE COUNTY PARK RD / SMOLAND LN NE,122048580,26163580,PC3
P120050156,BIPD,3/31/2012 0:00,0450,,NE LIBERTY RD / STATE HWY 305 NE,119624446,27572402,ASSIS3
P120050230,BIPD,3/31/2012 0:00,1130,,BIRKLAND RD NE / WEST BLAKELY RD NE,122064347,22362730,CELL
P120050251,BIPD,3/31/2012 0:00,1217,,"XY(122485332,23257939)",122485332,23257939,CELL
P120043349,BIPD,3/19/2012 0:00,1052,625,WINSLOW WAY E,122607400,23236100,FRAUD4
P120043620,BIPD,3/19/2012 0:00,1919,,STATE HWY 305 / VINYARD,121804386,25528521,T
P120043811,BIPD,3/20/2012 0:00,0827,625,WINSLOW WAY E,122607400,23236100,TRANS
P120043991,BIPD,3/20/2012 0:00,1356,139,MADRONE LN N,122461174,23251709,WC3
P120043994,BIPD,3/20/2012 0:00,1402,10289,NORTH MADISON AVE NE,122442950,24386150,HARAS4
P120044089,BIPD,3/20/2012 0:00,1708,,NORTH MADISON AVE NE / NE VALLEY RD,122457917,24703521,T
P120045929,BIPD,3/23/2012 0:00,2038,625,WINSLOW WAY E,122607400,23236100,MISC4
P120045935,BIPD,3/23/2012 0:00,2051,400,HARBORVIEW DR SE,122621100,23168300,WC911
P120053964,BIPD,4/6/2012 0:00,2238,11024,NE WING POINT WAY,122898000,23384050,FU
P120050345,BIPD,3/31/2012 0:00,1546,9240,FERNCLIFF AVE NE,122713750,24044050,RECKL4
P120054121,BIPD,4/7/2012 0:00,0733,,STATE HWY 305 NE / NE WEST PORT MADISON RD,121590699,26041540,T
P120050855,BIPD,4/1/2012 0:00,1651,15446,SUNRISE DR NE,122763600,26092300,GUNVI3
P120055083,BIPD,4/9/2012 0:00,0742,,NE HIGH SCHOOL RD / SPORTSMAN CLUB RD NE,122100813,23659652,T
P120052432,BIPD,4/4/2012 0:00,1127,8550,BATTLE POINT DR NE,121201100,24162350,FU
P120055137,BIPD,4/9/2012 0:00,1004,234,WOOD AVE SW,122365500,23199500,WC4
P120055155,BIPD,4/9/2012 0:00,1042,,HILDEBRAND LN NE / TORMEY LN NE,122534254,23589670,PC3
P120055173,BIPD,4/9/2012 0:00,1117,,NE KOURA RD / STATE HWY 305 NE,122310217,24709702,T
P120055258,BIPD,4/9/2012 0:00,1336,755,WINSLOW WAY E,122646964,23244102,WC911
P120050284,BIPD,3/31/2012 0:00,1355,,NE LOVGREEN RD E / NORTH MADISON AVE NE,122463342,24967499,T
P120054537,BIPD,4/7/2012 0:00,2358,,MADISON AVE N / STATE HWY 305 NE,122472543,23963078,T
P120050330,BIPD,3/31/2012 0:00,1525,107,JACOLET LN NW,122428299,23410358,MVC4
P120052280,BIPD,4/4/2012 0:00,0249,4200,NE EAGLE HARBOR DR,122666900,22910900,DV4
P120052353,BIPD,4/4/2012 0:00,0842,,"XY(121861362,25447713)",121861362,25447713,CELL
P120052444,BIPD,4/4/2012 0:00,1203,247,SHEPARD WAY NW,122375773,23292696,TRANS
P120046762,BIPD,3/25/2012 0:00,1141,15446,SUNRISE DR NE,122763600,26092300,GRAFF4
P120044060,BIPD,3/20/2012 0:00,1613,,DEERCLIFF RD NE / FERNCLIFF AVE NE,122698690,23559865,WIRESU
P120040481,BIPD,3/14/2012 0:00,0803,,NE DAY RD E / STATE HWY 305 NE,122023402,25247379,T
P120046863,BIPD,3/25/2012 0:00,1615,9255,NE FORT ST,122194450,22009500,FU
P120046919,BIPD,3/25/2012 0:00,1809,,NE HIDDEN COVE RD / STATE HWY 305 NE,121741136,25661125,RECKL2
P120051101,BIPD,4/2/2012 0:00,0606,,BJUNE DR SE / WINSLOW WAY E,122533107,23245903,T
P120051158,BIPD,4/2/2012 0:00,0836,,NE NEW BROOKLYN RD / SANDS AVE NE,121914537,23931258,T
P120051485,BIPD,4/2/2012 0:00,1702,406,HIGH SCHOOL RD NE,122537800,23644900,T
P120051484,BIPD,4/2/2012 0:00,1701,243,WINSLOW WAY E,122475442,23247961,TRESP3
P120051514,BIPD,4/2/2012 0:00,1756,,NE CASCADE ST / JOHN ST NE,122773424,25556817,T
P120051664,BIPD,4/3/2012 0:00,0016,,FLETCHER BAY RD NE / NE HIGH SCHOOL RD,121498530,23670902,T
P120048007,BIPD,3/27/2012 0:00,1608,,FORT WARD HILL RD NE / NE PARK VIEW DR,122356096,21647527,DUI3
P120045202,BIPD,3/22/2012 0:00,1720,827,NE HIGH SCHOOL RD,122679200,23604800,VERBA4
P120045206,BIPD,3/22/2012 0:00,1728,727,ERICKSEN AVE NE,122523350,23455600,ALRA
P120051499,BIPD,4/2/2012 0:00,1726,,MILLER RD NE / NE NEW BROOKLYN RD,121365750,23936543,DUI3
P120051515,BIPD,4/2/2012 0:00,1757,,SPORTSMAN CLUB RD NE / STATE HWY 305 NE,122395136,24298387,TRAFF3
P120045485,BIPD,3/23/2012 0:00,0744,4710,BLAKELY HEIGHTS DR NE,121885700,22574100,ASSIS3
P120055436,BIPD,4/9/2012 0:00,1817,907,CARVER ST,118435000,20790500,MEDIA
P120053285,BIPD,4/5/2012 0:00,2221,,FERNCLIFF AVE NE / WING POINT WAY NE,122693146,23376023,POV3
P120053319,BIPD,4/5/2012 0:00,2320,8521,MADISON AVE N,122388100,23738800,FU
P120053519,BIPD,4/6/2012 0:00,1016,,STATE HWY 305 NE / WINSLOW WAY E,122597069,23245490,T
P120053639,BIPD,4/6/2012 0:00,1344,9407,SANDS AVE NE,121917087,24097992,HARAS4
P120053730,BIPD,4/6/2012 0:00,1548,7034,NE HIGH SCHOOL RD,121582100,23746300,THEFT4
P120054876,BIPD,4/8/2012 0:00,1814,,MEADOWMEER CIR NE / PEGGY LN NE,121988833,24758950,CELL
P120052551,BIPD,4/4/2012 0:00,1539,,NE BAKER HILL RD / LISTENING AVE NE,121622955,22609336,MALIC4
P120053138,BIPD,4/5/2012 0:00,1645,12215,NE COUNTRY CLUB RD,123233900,21789150,MVC4
P120055080,BIPD,4/9/2012 0:00,0725,,NE HIGH SCHOOL RD / MADISON AVE N,122439864,23649989,T
P120053161,BIPD,4/5/2012 0:00,1737,835,STRAWBERRY LN NW,122205400,23511300,ASSIS3
P120053366,BIPD,4/6/2012 0:00,0105,,NE EAGLE HARBOR DR / WYATT WAY NW,121975030,23400247,T
P120040608,BIPD,3/14/2012 0:00,1207,,MADISON AVE N / WINSLOW WAY E,122427660,23249390,MVC4
P120040833,BIPD,3/14/2012 0:00,2143,,HIGH SCHOOL RD NE / STATE HWY 305 NE,122571082,23644469,TRAFF3
P120040961,BIPD,3/15/2012 0:00,0652,,SPORTSMAN CLUB RD NE / STATE HWY 305 NE,122395136,24298387,TRAFF3
P120047277,BIPD,3/26/2012 0:00,1233,208,HIGH SCHOOL RD NE,122478900,23646100,FU
P120044305,BIPD,3/21/2012 0:00,0103,,NE DAY RD E / STATE HWY 305 NE,122023402,25247379,T
P120044393,BIPD,3/21/2012 0:00,0753,649,AL DORSEY LN NW,122237550,23430800,ALRA
P120054778,BIPD,4/8/2012 0:00,1404,299,SHANNON DR SE,122508700,23164500,PC4
P120054782,BIPD,4/8/2012 0:00,1410,253,HIGH SCHOOL RD NE,122470100,23646300,ANIMA3
P120051685,BIPD,4/3/2012 0:00,0128,278,WINSLOW WAY E,122487600,23247600,PC4
P120051790,BIPD,4/3/2012 0:00,0802,16344,REITAN RD NE,121457500,26451350,SUSPI2
P120052326,BIPD,4/4/2012 0:00,0652,907,CARVER ST,118435000,20790500,MEDIA
P120048039,BIPD,3/27/2012 0:00,1657,,FLETCHER BAY RD NE / MILLER RD NE,121365750,23936543,TRAFF4
P120048319,BIPD,3/28/2012 0:00,0831,,SUNRISE DR NE / NE WINTHERS RD,122727869,24959985,RECKL3
P120048503,BIPD,3/28/2012 0:00,1333,7056,NE NEW BROOKLYN RD,121576600,23979950,DV4
P120046222,BIPD,3/24/2012 0:00,1102,710,ERICKSEN AVE NE,122541300,23452200,FU
P120049114,BIPD,3/29/2012 0:00,1503,625,WINSLOW WAY E,122607400,23236100,FOUND5
P120049212,BIPD,3/29/2012 0:00,1723,499,OLYMPIC DR SE,122674000,23182900,MVC4
P120055714,BIPD,4/10/2012 0:00,0953,,MOJI LN NW / STRAWBERRY LN NW,122212904,23498760,CHILD4
P120055912,BIPD,4/10/2012 0:00,1548,,NE BAKER HILL RD / BLAKELY AVE NE,122016317,22599490,RECKL3
P120056364,BIPD,4/11/2012 0:00,1254,,REITAN RD NE / STATE HWY 305 NE,121501742,26370270,RECKL3
P120056409,BIPD,4/11/2012 0:00,1435,11812,CLEAR CREEK RD NW,118281850,25047050,ASSIS3
P120056921,BIPD,4/12/2012 0:00,1505,11024,NE WING POINT WAY,122898000,23384050,FU
P120056994,BIPD,4/12/2012 0:00,1749,756,WINSLOW WAY E,122650404,23250895,SFC
P120055186,BIPD,4/9/2012 0:00,1126,,NE KOURA RD / STATE HWY 305 NE,122310217,24709702,T
P120055200,BIPD,4/9/2012 0:00,1202,11300,MILLER RD NE,121588968,24764824,T
P120053424,BIPD,4/6/2012 0:00,0608,,OLYMPIC DR SE / WINSLOW WAY E,122597069,23245490,MVC3
P120053521,BIPD,4/6/2012 0:00,1021,8400,JENNIE AVE NE,121152799,23816446,DV4
P120053553,BIPD,4/6/2012 0:00,1126,625,WINSLOW WAY E,122607400,23236100,FI
P120053572,BIPD,4/6/2012 0:00,1214,4784,BLAKELY AVE NE,122017316,22594675,T
P120044428,BIPD,3/21/2012 0:00,0945,13068,PHELPS RD NE,122064850,25293900,CIVIL4
P120044597,BIPD,3/21/2012 0:00,1504,920,HILDEBRAND LN NE,122546100,23567800,DV3
P120044694,BIPD,3/21/2012 0:00,1746,,HIGH SCHOOL RD NE / POLLYS LN NE,122632397,23643334,T
P120044939,BIPD,3/22/2012 0:00,0817,,NE EISENHARDT LN / MILLER BAY RD NE,121517175,28043055,SUSPI4
P120048561,BIPD,3/28/2012 0:00,1529,11000,STATE HWY 3 SW,115397200,17798000,WRT4
P120045026,BIPD,3/22/2012 0:00,1150,310,SHEPARD WAY NW,122367800,23324550,WC3
P120052572,BIPD,4/4/2012 0:00,1640,225,HIGH SCHOOL RD NW,122240895,23654772,HARAS4
P120055249,BIPD,4/9/2012 0:00,1326,,"XY(121325347,24205334)",121325347,24205334,CELL
P120052628,BIPD,4/4/2012 0:00,1839,253,HIGH SCHOOL RD NE,122470100,23646300,ASSIS4
P120052889,BIPD,4/5/2012 0:00,0829,1245,PATMOS LN NW,122228950,23592700,REPOS
P120052944,BIPD,4/5/2012 0:00,1024,8954,MADISON AVE N,122502650,23960350,FU
P120053046,BIPD,4/5/2012 0:00,1338,,MADISON AVE N / WINSLOW WAY E,122427660,23249390,PC4
P120049248,BIPD,3/29/2012 0:00,1826,253,HIGH SCHOOL RD NE,122470100,23646300,INTOX3
P120049710,BIPD,3/30/2012 0:00,1424,9336,NE HIGH SCHOOL RD,122348442,23650764,PC4
P120052188,BIPD,4/3/2012 0:00,2124,400,WINSLOW WAY E,122525800,23245900,SUSPI3
P120049863,BIPD,3/30/2012 0:00,1822,499,OLYMPIC DR SE,122674000,23182900,MVC4
P120049877,BIPD,3/30/2012 0:00,1854,7056,NE NEW BROOKLYN RD,121576600,23979950,RUNAW4
P120049977,BIPD,3/30/2012 0:00,2227,11954,MILLER RD NE,121741214,24987825,RETURN
P120045616,BIPD,3/23/2012 0:00,1229,343,WINSLOW WAY E,122501900,23247000,MVC4
P120049190,BIPD,3/29/2012 0:00,1656,10411,NE WEST KINGSTON RD,122862100,29452800,FU
P120049245,BIPD,3/29/2012 0:00,1806,5796,NE TOLO RD,121184917,24338251,SUICI3
P120049269,BIPD,3/29/2012 0:00,1917,245,HIGH SCHOOL RD NW,122243500,23654700,BLSP
P120045961,BIPD,3/23/2012 0:00,2201,625,WINSLOW WAY E,122607400,23236100,FU
P120053640,BIPD,4/6/2012 0:00,1347,,GROW AVE NW / WYATT WAY NW,122332251,23385462,T
P120053802,BIPD,4/6/2012 0:00,1746,907,CARVER ST,118435000,20790500,MEDIA
P120053942,BIPD,4/6/2012 0:00,2156,,HIGH SCHOOL RD NE / HILDEBRAND LN NE,122535496,23644973,FI
P120054045,BIPD,4/7/2012 0:00,0117,,HIGH SCHOOL RD NE / HILDEBRAND LN NE,122535496,23644973,T
P120051897,BIPD,4/3/2012 0:00,1137,253,HIGH SCHOOL RD NE,122470100,23646300,ASSIS3
P120054113,BIPD,4/7/2012 0:00,0708,402,BRIEN DR SE,122516200,23185800,T
P120057051,BIPD,4/12/2012 0:00,1949,,FERNCLIFF AVE NE / HIGH SCHOOL RD NE,122700327,23641703,T
P120057056,BIPD,4/12/2012 0:00,1958,,MADISON AVE N / WYATT WAY NE,122430637,23382031,WC3
P120057065,BIPD,4/12/2012 0:00,2011,157,WINSLOW WAY E,122447800,23242600,ROBBE4
P120057175,BIPD,4/12/2012 0:00,2354,10102,EDGECOMBE PL NE,122508750,24293900,PC4
P120057424,BIPD,4/13/2012 0:00,1245,343,WINSLOW WAY E,122501900,23247000,T
P120057430,BIPD,4/13/2012 0:00,1250,1898,COMMODORE LN NW,122225400,23839000,FRAUD4
P120050116,BIPD,3/31/2012 0:00,0209,499,OLYMPIC DR SE,122674000,23182900,DUI3
P120053158,BIPD,4/5/2012 0:00,1731,280,MADISON AVE N,122441700,23299100,ALRA
P120050139,BIPD,3/31/2012 0:00,0327,,WEAVER RD NW / WYATT WAY NW,122167956,23391345,T
P120053361,BIPD,4/6/2012 0:00,0043,4535,SORREL WAY NE,121199150,22537100,MALIC4
P120050372,BIPD,3/31/2012 0:00,1652,625,WINSLOW WAY E,122607400,23236100,FU
P120053531,BIPD,4/6/2012 0:00,1037,8890,MILLER RD NE,121326700,24066800,FU
P120055717,BIPD,4/10/2012 0:00,1000,,MOJI LN NW / STRAWBERRY LN NW,122212904,23498760,CHILD4
P120053058,BIPD,4/5/2012 0:00,1407,,BLAKELY AVE NE / NE ODD FELLOWS RD,122237383,22290522,TRAFF4
P120049896,BIPD,3/30/2012 0:00,1924,,"XY(121236252,22553802)",121236252,22553802,CELL
P120053094,BIPD,4/5/2012 0:00,1519,,"XY(122552272,23583747)",122552272,23583747,CELL
P120053487,BIPD,4/6/2012 0:00,0930,625,WINSLOW WAY E,122607400,23236100,TRANS
P120053566,BIPD,4/6/2012 0:00,1203,4779,LYNWOOD CENTER RD NE,121749200,22595450,MALIC4
P120046076,BIPD,3/24/2012 0:00,0121,380,WINSLOW WAY E,122507500,23253200,ALRA
P120046177,BIPD,3/24/2012 0:00,0903,625,WINSLOW WAY E,122607400,23236100,FU
P120046217,BIPD,3/24/2012 0:00,1047,,BATTLE POINT DR NE / MILLER RD NE,121350327,24126968,T
P120046337,BIPD,3/24/2012 0:00,1546,,FERNCLIFF AVE NE / HIGH SCHOOL RD NE,122700327,23641703,T
P120049770,BIPD,3/30/2012 0:00,1620,14000,NORTH MADISON AVE NE,122452200,25628300,T
P120049900,BIPD,3/30/2012 0:00,1927,,NE BAKER HILL RD / PINTO CT NE,121314305,22531109,TRAFF3
P120053590,BIPD,4/6/2012 0:00,1245,,HARBORVIEW DR SE / OLYMPIC DR SE,122618573,23213755,PC3
P120051024,BIPD,4/1/2012 0:00,2356,7611,NE HIDDEN COVE RD,121845900,25628800,FI
P120053924,BIPD,4/6/2012 0:00,2122,,HIGH SCHOOL RD NE / STATE HWY 305 NE,122571082,23644469,MVCG
P120054021,BIPD,4/7/2012 0:00,0012,6531,NE BUCKSKIN LN,121407700,22406150,WC911
P120054206,BIPD,4/7/2012 0:00,1137,245,HIGH SCHOOL RD NW,122243500,23654700,POV3
P120051936,BIPD,4/3/2012 0:00,1253,,"XY(122372449,22793401)",122372449,22793401,CELL
P120051902,BIPD,4/3/2012 0:00,1145,,NE COUNTRY CLUB RD / FORT WARD HILL RD NE,122444940,22146864,INFOP4
P120054208,BIPD,4/7/2012 0:00,1140,625,WINSLOW WAY E,122607400,23236100,FI
P120051983,BIPD,4/3/2012 0:00,1430,270,OLYMPIC DR SE,122674150,23183550,INTOXB
P120054509,BIPD,4/7/2012 0:00,2323,8040,NE DAY RD W,121947550,25271700,ALRA
P120052183,BIPD,4/3/2012 0:00,2116,385,ERICKSEN AVE NE,122522150,23343800,PROWL3
P120055123,BIPD,4/9/2012 0:00,0941,,BATTLE POINT DR NE / MILLER RD NE,121350327,24126968,T
P120057667,BIPD,4/13/2012 0:00,2002,13189,NORTH MADISON AVE NE,122453850,25353500,FU
P120057682,BIPD,4/13/2012 0:00,2028,911,HILDEBRAND LN NE,122517900,23536900,FI
P120057722,BIPD,4/13/2012 0:00,2158,241,WINSLOW WAY W,122377000,23251900,NOISE4
P120057792,BIPD,4/14/2012 0:00,0001,,NE DAY RD E / STATE HWY 305 NE,122023402,25247379,T
P120057817,BIPD,4/14/2012 0:00,0114,7480,NE BUCKLIN HILL RD,121750747,23138181,T
P120046448,BIPD,3/24/2012 0:00,1933,8580,FERNCLIFF AVE NE,122703592,23810586,WC911
P120046569,BIPD,3/24/2012 0:00,2332,,NE DAY RD E / NORTH MADISON AVE NE,122468811,25230896,T
P120046610,BIPD,3/25/2012 0:00,0107,,MADRONE LN N / WINSLOW WAY E,122461044,23248357,PC3
P120050660,BIPD,4/1/2012 0:00,0750,1832,SAKAI VILLAGE LOOP NE,122466950,23827400,WC911
P120046833,BIPD,3/25/2012 0:00,1436,11555,OLYMPIC TERRACE AVE NE,121456850,24837450,ALRA
P120046827,BIPD,3/25/2012 0:00,1417,625,WINSLOW WAY E,122607400,23236100,WRT4
P120054785,BIPD,4/8/2012 0:00,1421,625,WINSLOW WAY E,122607400,23236100,FI
P120056605,BIPD,4/11/2012 0:00,2257,,"XY(121861362,25447713)",121861362,25447713,CELL
P120054804,BIPD,4/8/2012 0:00,1508,,NE HIGH SCHOOL RD / MADISON AVE N,122439864,23649989,T
P120054912,BIPD,4/8/2012 0:00,2000,16001,SUQUAMISH WAY NE,121276200,26606100,ASSAU2
P120054976,BIPD,4/8/2012 0:00,2240,1310,MADISON AVE N,122447500,23664000,FI
P120055111,BIPD,4/9/2012 0:00,0918,8555,MADISON AVE N,122413300,23788700,T
P120051155,BIPD,4/2/2012 0:00,0829,625,WINSLOW WAY E,122607400,23236100,TRANS
P120051336,BIPD,4/2/2012 0:00,1322,10600,HART LN NE,121738052,24594571,PC4
P120051348,BIPD,4/2/2012 0:00,1346,4400,ROCKAWAY BEACH RD NE,122945656,22310720,PC4
P120054949,BIPD,4/8/2012 0:00,2147,8895,MADISON AVE N,122433700,23949200,T
P120055113,BIPD,4/9/2012 0:00,0928,,MADISON AVE N / NE NEW BROOKLYN RD,122442200,23911813,T
P120055135,BIPD,4/9/2012 0:00,0959,,MILLER RD NE / NE TOLO RD,121433990,24330529,T
P120050071,BIPD,3/31/2012 0:00,0045,15900,STATE HWY 305 NE,121341200,26500900,T
P120056882,BIPD,4/12/2012 0:00,1347,11024,NE WING POINT WAY,122898000,23384050,POV4
P120054291,BIPD,4/7/2012 0:00,1410,,"XY(122304627,25986277)",122304627,25986277,CELL
P120054373,BIPD,4/7/2012 0:00,1732,14490,NORTH MADISON AVE NE,122463650,25749150,FU
P120054431,BIPD,4/7/2012 0:00,1946,8842,NE DAY RD E,122217900,25259750,FU
P120057905,BIPD,4/14/2012 0:00,0850,,MADISON AVE N / WALLACE WAY NE,122433596,23514669,T
P120058056,BIPD,4/14/2012 0:00,1457,,GROW AVE NW / WINSLOW WAY W,122330727,23253959,RECKL4
P120058037,BIPD,4/14/2012 0:00,1405,4420,BLUFF ST NE,121825550,22474200,DV3
P120058140,BIPD,4/14/2012 0:00,1753,,NE DAY RD E / STATE HWY 305 NE,122023402,25247379,MISC3
P120058253,BIPD,4/14/2012 0:00,2225,,STATE HWY 305 NE / WINSLOW WAY E,122597069,23245490,DUI3
P120058250,BIPD,4/14/2012 0:00,2220,581,CHERRY AVE NE,122945750,23403950,CPR
P120046887,BIPD,3/25/2012 0:00,1715,,NE MORGAN RD / STATE HWY 305 NE,122252700,24842450,T
P120047145,BIPD,3/26/2012 0:00,0841,10000,ARROW POINT DR NE,121176279,24602158,T
P120051251,BIPD,4/2/2012 0:00,1107,,COSGROVE ST NW / WYATT WAY NW,122209928,23389986,T
P120051441,BIPD,4/2/2012 0:00,1604,9429,NE VIEWCREST AVE,122408335,25018714,ANIMA4
P120044213,BIPD,3/20/2012 0:00,2111,12400,KALLGREN RD NE,122618350,25086200,ALRA
P120047982,BIPD,3/27/2012 0:00,1524,,ERICKSEN AVE NE / WYATT WAY NE,122529004,23379604,TRAFF3
P120055119,BIPD,4/9/2012 0:00,0937,,NE NEW BROOKLYN RD / SPORTSMAN CLUB RD NE,122235375,23919324,T
P120055325,BIPD,4/9/2012 0:00,1519,625,WINSLOW WAY E,122607400,23236100,FU
P120055506,BIPD,4/9/2012 0:00,2029,,NE KOURA RD / MILLER RD NE,121576406,24728795,TRAFF3
P120057683,BIPD,4/13/2012 0:00,2029,,NE EAGLE HARBOR DR / WYATT WAY NW,121975030,23400247,T
P120057729,BIPD,4/13/2012 0:00,2203,,NE DAY RD E / STATE HWY 305 NE,122023402,25247379,TRAFF3
P120057735,BIPD,4/13/2012 0:00,2209,11299,ARROW POINT DR NE,121068800,24696200,FIREW4
P120054675,BIPD,4/8/2012 0:00,0921,10259,SUNRISE PL NE,122701000,25929400,FU
P120054666,BIPD,4/8/2012 0:00,0838,231,PARFITT WAY SW,122376400,23128100,UNWAN4
P120054766,BIPD,4/8/2012 0:00,1323,,SUQUAMISH WAY NE / NE TOTTEN RD,121325804,26844155,MVC4
P120054948,BIPD,4/8/2012 0:00,2131,,NE DAY RD E / STATE HWY 305 NE,122023402,25247379,T
P120055073,BIPD,4/9/2012 0:00,0618,,NE LOVGREEN RD E / STATE HWY 305 NE,122193914,24976129,MVC3
P120055197,BIPD,4/9/2012 0:00,1150,,NE KOURA RD / STATE HWY 305 NE,122310217,24709702,T
P120055181,BIPD,4/9/2012 0:00,1123,635,HIGH SCHOOL RD NE,122615700,23616500,PC3
P120055201,BIPD,4/9/2012 0:00,1205,1045,MADISON AVE N,122411650,23570850,HARAS4
P120055277,BIPD,4/9/2012 0:00,1408,625,WINSLOW WAY E,122607400,23236100,FRAUD4
P120051387,BIPD,4/2/2012 0:00,1436,15446,SUNRISE DR NE,122763600,26092300,PC4
P120051434,BIPD,4/2/2012 0:00,1547,,BATTLE POINT DR NE / MILLER RD NE,121350327,24126968,T
P120051512,BIPD,4/2/2012 0:00,1755,8409,HANSEN RD NE,121030300,23826050,ANIMA3
P120058468,BIPD,4/15/2012 0:00,1051,245,HIGH SCHOOL RD NW,122243500,23654700,ASSIS4
P120058617,BIPD,4/15/2012 0:00,1713,,"XY(121112708,22219098)",121112708,22219098,CELL
P120058805,BIPD,4/16/2012 0:00,0230,,"XY(122552272,23583747)",122552272,23583747,CELL
P120058996,BIPD,4/16/2012 0:00,1223,6471,NE BRIGHAM RD,121441750,24852300,ALRA
P120059247,BIPD,4/16/2012 0:00,1842,907,CARVER ST,118435000,20790500,MEDIA
P120055222,BIPD,4/9/2012 0:00,1242,625,WINSLOW WAY E,122607400,23236100,FRAUD4
P120055251,BIPD,4/9/2012 0:00,1327,,MADISON AVE N / WINSLOW WAY E,122427660,23249390,PC3
P120055270,BIPD,4/9/2012 0:00,1359,111,WOOD AVE SW,122346938,23249975,SUSPI3
P120055282,BIPD,4/9/2012 0:00,1420,,TAYLOR AVE NE / NE WIGGINS RD,122672832,22651184,UNKNO3
P120055513,BIPD,4/9/2012 0:00,2038,,STATE HWY 305 NE / WINSLOW WAY E,122597069,23245490,T
P120055577,BIPD,4/9/2012 0:00,2319,,SPORTSMAN CLUB RD NE / STATE HWY 305 NE,122395136,24298387,T
P120055510,BIPD,4/9/2012 0:00,2034,625,WINSLOW WAY E,122607400,23236100,WC3
P120055547,BIPD,4/9/2012 0:00,2202,,ERICKSEN AVE NE / MADRONE LN N,122485723,23250998,CELL
P120051574,BIPD,4/2/2012 0:00,2007,,FINCH RD NE / NE HIGH SCHOOL RD,122040602,23661844,T
P120048995,BIPD,3/29/2012 0:00,1122,7570,NE EMERALD WAY,121756850,22812050,THREA4
P120046121,BIPD,3/24/2012 0:00,0343,499,OLYMPIC DR SE,122674000,23182900,INFOP3
P120051904,BIPD,4/3/2012 0:00,1155,11700,MEADOWMEER CIR NE,122120000,24736300,ASSIS4
P120059222,BIPD,4/16/2012 0:00,1753,4420,BLUFF ST NE,121825550,22474200,CIVIL4
P120059319,BIPD,4/16/2012 0:00,2222,9330,NE HIGH SCHOOL RD,122363800,23666100,SUSPI3
P120059480,BIPD,4/17/2012 0:00,1225,501,NE HIGH SCHOOL RD,122276126,23653630,FU
P120059755,BIPD,4/17/2012 0:00,2209,625,WINSLOW WAY E,122607400,23236100,FU
P120059841,BIPD,4/17/2012 0:00,0814,9402,NE ENDICOTT ST,122437900,26191700,UNKNO3
P120057480,BIPD,4/13/2012 0:00,1405,,HIGH SCHOOL RD NE / POLLYS LN NE,122632397,23643334,T
P120055507,BIPD,4/9/2012 0:00,2030,499,OLYMPIC DR SE,122674000,23182900,T
P120055523,BIPD,4/9/2012 0:00,2112,8842,NE DAY RD E,122217900,25259750,FU
P120055543,BIPD,4/9/2012 0:00,2148,,BLAKELY AVE NE / NE MABREY LN,122006479,22647954,T
P120058232,BIPD,4/14/2012 0:00,2130,11299,ARROW POINT DR NE,121068800,24696200,PC3
P120055553,BIPD,4/9/2012 0:00,2213,,SPORTSMAN CLUB RD NE / STATE HWY 305 NE,122395136,24298387,T
P120055674,BIPD,4/10/2012 0:00,0802,1858,SAKAI VILLAGE LOOP NE,122496450,23830700,MISSI4
P120055887,BIPD,4/10/2012 0:00,1458,,MOJI LN NW / STRAWBERRY LN NW,122212904,23498760,FU
P120055983,BIPD,4/10/2012 0:00,1752,,NE HIGH SCHOOL RD / MADISON AVE N,122439864,23649989,TRAFF3
P120056710,BIPD,4/12/2012 0:00,0749,,KIMIKO LN / MADISON AVE N,122440017,23810953,T
P120056800,BIPD,4/12/2012 0:00,1059,625,WINSLOW WAY E,122607400,23236100,FI
P120056825,BIPD,4/12/2012 0:00,1152,1270,MADISON AVE N,122444300,23625500,FI
P120056862,BIPD,4/12/2012 0:00,1305,9330,NE HIGH SCHOOL RD,122363800,23666100,FU
P120052047,BIPD,4/3/2012 0:00,1636,9341,NE SOUTH BEACH DR,122306350,21565900,ALRS
P120052077,BIPD,4/3/2012 0:00,1726,,ERICKSEN AVE NE / WINSLOW WAY E,122525612,23245942,RECKL3
P120052172,BIPD,4/3/2012 0:00,2106,,"XY(122513139,23633494)",122513139,23633494,CELL
P120052202,BIPD,4/3/2012 0:00,2208,,NE HIGH SCHOOL RD / HORIZON VIEW PL NW,122310438,23631740,CELL
P120052685,BIPD,4/4/2012 0:00,2043,,FERNCLIFF AVE NE / NE KLICKITAT PL,122696043,23486236,T
P120057580,BIPD,4/13/2012 0:00,1713,10535,NE MORNING LN,122788500,25916200,FOUND5
P120060128,BIPD,4/18/2012 0:00,1304,,MADISON AVE N / WINSLOW WAY E,122427660,23249390,FI
P120060301,BIPD,4/18/2012 0:00,1735,625,WINSLOW WAY E,122607400,23236100,PC4
P120060326,BIPD,4/18/2012 0:00,1817,,"XY(121893043,20297066)",121893043,20297066,WATERR
P120060399,BIPD,4/18/2012 0:00,2145,625,WINSLOW WAY E,122607400,23236100,TESTP
P120060675,BIPD,4/19/2012 0:00,1138,9330,NE HIGH SCHOOL RD,122363800,23666100,FOUND4
P120053771,BIPD,4/6/2012 0:00,1651,,OLYMPIC DR SE / WINSLOW WAY E,122597069,23245490,FU
P120053993,BIPD,4/6/2012 0:00,2326,,NE HIDDEN COVE RD / STATE HWY 305 NE,121741136,25661125,T
P120057076,BIPD,4/12/2012 0:00,2027,,BROCKTON AVE NE / NE MIDDLE ST,121539544,27555799,ASSIS3
P120057306,BIPD,4/13/2012 0:00,0904,,MADISON AVE N / NE NEW BROOKLYN RD,122442200,23911813,T
P120057309,BIPD,4/13/2012 0:00,0910,,SPORTSMAN CLUB RD NE / STATE HWY 305 NE,122395136,24298387,T
P120057333,BIPD,4/13/2012 0:00,0958,1050,HILDEBRAND LN NE,122545200,23588400,FU
P120055885,BIPD,4/10/2012 0:00,1454,370,WALLACE WAY NE,122522778,23512987,FU
P120056068,BIPD,4/10/2012 0:00,2133,,MADISON AVE N / WALLACE WAY NE,122433596,23514669,T
P120056072,BIPD,4/10/2012 0:00,2143,,MADISON AVE N / STATE HWY 305 NE,122472543,23963078,DUI3
P120056244,BIPD,4/11/2012 0:00,0823,499,OLYMPIC DR SE,122674000,23182900,SUSPI3
P120059293,BIPD,4/16/2012 0:00,2101,,HOLLY FARM LN NE / NE NEW BROOKLYN RD,121517247,23935124,T
P120054544,BIPD,4/8/2012 0:00,0014,299,SHANNON DR SE,122508700,23164500,FI
P120061887,BIPD,4/21/2012 0:00,1011,450,WINSLOW WAY E,122541300,23246000,BURGL4
P120061905,BIPD,4/21/2012 0:00,1050,11299,ARROW POINT DR NE,121068800,24696200,MISC4
P120061930,BIPD,4/21/2012 0:00,1145,,NE LAFAYETTE AVE / SUNRISE DR NE,122750063,26150618,BLSP
P120062276,BIPD,4/21/2012 0:00,2228,241,WINSLOW WAY W,122377000,23251900,PARKI3
P120062258,BIPD,4/21/2012 0:00,2154,,NE BAKER HILL RD / LYNWOOD CENTER RD NE,121772402,22605337,FI
P120062342,BIPD,4/22/2012 0:00,0007,397,WINSLOW WAY E,122524500,23246000,MISSI4
P120056446,BIPD,4/11/2012 0:00,1543,,HIGH SCHOOL RD NE / STATE HWY 305 NE,122571082,23644469,TRAFF3
P120053131,BIPD,4/5/2012 0:00,1623,7364,MADRONA DR NE,123113200,23435550,ALRA
P120053180,BIPD,4/5/2012 0:00,1800,907,CARVER ST,118435000,20790500,MEDIA
P120053370,BIPD,4/6/2012 0:00,0113,5330,TAYLOR AVE NE,122691200,22763550,PROWL3
P120056828,BIPD,4/12/2012 0:00,1154,,REITAN RD NE / STATE HWY 305 NE,121501742,26370270,DUI3
P120057053,BIPD,4/12/2012 0:00,1957,167,STATE HWY 305 NE,122597504,23267443,TRAFF3
P120057442,BIPD,4/13/2012 0:00,1316,,LYNWOOD CENTER RD NE / POINT WHITE DR NE,121758992,22525846,T
P120057661,BIPD,4/13/2012 0:00,1950,253,HIGH SCHOOL RD NE,122470100,23646300,T
P120057859,BIPD,4/14/2012 0:00,0254,7480,NE BUCKLIN HILL RD,121750747,23138181,TRANS
P120057880,BIPD,4/14/2012 0:00,0456,2375,DOUGLAS DR NE,122437900,21799900,PROWL3
P120058043,BIPD,4/14/2012 0:00,1422,,"XY(121185009,24456970)",121185009,24456970,CELL
P120054686,BIPD,4/8/2012 0:00,0959,15446,SUNRISE DR NE,122763600,26092300,PC4
P120056766,BIPD,4/12/2012 0:00,1008,667,GROW AVE NW,122326800,23441150,ASSIS4
P120056853,BIPD,4/12/2012 0:00,1249,2210,DOUGLAS DR NE,122462406,21755001,TRAFF4
P120057008,BIPD,4/12/2012 0:00,1822,601,HIGH SCHOOL RD NE,122587100,23628700,INTOX3
P120057017,BIPD,4/12/2012 0:00,1843,907,CARVER ST,118435000,20790500,MEDIA
P120057121,BIPD,4/12/2012 0:00,2136,,MADISON AVE N / STATE HWY 305 NE,122472543,23963078,T
P120062478,BIPD,4/22/2012 0:00,0748,,MADISON AVE N / NE NEW BROOKLYN RD,122442200,23911813,MISC4
P120064598,BIPD,4/25/2012 0:00,2137,,HIGH SCHOOL RD NE / STATE HWY 305 NE,122571082,23644469,FI
P120062553,BIPD,4/22/2012 0:00,1141,717,MOJI LN NW,122225200,23492250,NOISE4
P120062593,BIPD,4/22/2012 0:00,1323,380,WINSLOW WAY E,122507500,23253200,ANIMA3
P120062807,BIPD,4/22/2012 0:00,2034,835,MADISON AVE N,122415100,23498500,T
P120062817,BIPD,4/22/2012 0:00,2058,,MADISON AVE N / NE NEW BROOKLYN RD,122442200,23911813,T
P120047999,BIPD,3/27/2012 0:00,1545,337,HIGH SCHOOL RD NE,122507600,23645500,UNWAN3
P120048031,BIPD,3/27/2012 0:00,1642,,HIGH SCHOOL RD NE / STATE HWY 305 NE,122571082,23644469,INTOX3
P120051884,BIPD,4/3/2012 0:00,1114,920,HILDEBRAND LN NE,122546100,23567800,BLSGP
P120048048,BIPD,3/27/2012 0:00,1717,14818,STATE HWY 305 NE,121660400,25893700,DV3
P120052069,BIPD,4/3/2012 0:00,1718,,NE BERGMAN RD / MILLER RD NE,121830015,25125082,CIVIL4
P120048295,BIPD,3/28/2012 0:00,0729,,NE HIGH SCHOOL RD / MADISON AVE N,122439864,23649989,FI
P120057484,BIPD,4/13/2012 0:00,1413,,STATE HWY 305 NE / NE WEST PORT MADISON RD,121590699,26041540,DUI4
P120057497,BIPD,4/13/2012 0:00,1441,621,HIGH SCHOOL RD NE,122273200,23634400,WC911
P120057739,BIPD,4/13/2012 0:00,2215,10861,NE MANITOU PARK BLVD,122932900,24590800,ASSAUB
P120060274,BIPD,4/18/2012 0:00,1704,625,WINSLOW WAY E,122607400,23236100,TESTP
P120058118,BIPD,4/14/2012 0:00,1656,,NE BAY HILL RD / MILLER RD NE,121657490,24861833,T
P120058148,BIPD,4/14/2012 0:00,1809,907,CARVER ST,118435000,20790500,MEDIA
P120058237,BIPD,4/14/2012 0:00,2138,,NE NEW BROOKLYN RD / NORTH TOWN DR NE,122285145,23917554,T
P120058236,BIPD,4/14/2012 0:00,2137,625,WINSLOW WAY E,122607400,23236100,MISC4
P120060279,BIPD,4/18/2012 0:00,1711,253,HIGH SCHOOL RD NE,122470100,23646300,ASSIS3
P120058489,BIPD,4/15/2012 0:00,1157,245,HIGH SCHOOL RD NW,122243500,23654700,FU
P120058554,BIPD,4/15/2012 0:00,1505,,"XY(122093745,26248888)",122093745,26248888,CELL
P120060680,BIPD,4/19/2012 0:00,1149,345,KNECHTEL WAY NE,122501400,23437000,ASSIS3
P120062869,BIPD,4/22/2012 0:00,2305,230,WINSLOW WAY E,122471377,23248070,PC4
P120059968,BIPD,4/18/2012 0:00,0843,8241,NE BLAKELY HEIGHTS CT,121931650,22571700,MVC4
P120063359,BIPD,4/23/2012 0:00,1924,625,WINSLOW WAY E,122607400,23236100,FU
P120063387,BIPD,4/23/2012 0:00,2041,1100-BLK,NORTH MADISON,122438322,23583445,T
P120063397,BIPD,4/23/2012 0:00,2058,,MADISON AVE N / WINSLOW WAY E,122427660,23249390,T
P120063401,BIPD,4/23/2012 0:00,2107,8500,WYATT WAY NW,122081173,23394451,T
P120058541,BIPD,4/15/2012 0:00,1435,10210,NE CASEY ST,122636600,23915350,THEFT4
P120061331,BIPD,4/20/2012 0:00,1232,,SPORTSMAN CLUB RD NE / STATE HWY 305 NE,122395136,24298387,T
P120061332,BIPD,4/20/2012 0:00,1234,,NE HIGH SCHOOL RD / HORIZON VIEW PL NW,122314854,23640764,CELL
P120058885,BIPD,4/16/2012 0:00,0930,,MADISON AVE N / NE NEW BROOKLYN RD,122442200,23911813,T
P120059044,BIPD,4/16/2012 0:00,1339,,NE HONEYSUCKLE LN / OLYMPIC TERRACE AVE NE,121473032,24911267,T
P120058590,BIPD,4/15/2012 0:00,1614,35271,HANSVILLE RD NE,122098300,32678600,MVCA
P120058741,BIPD,4/15/2012 0:00,2234,,NE EAGLE HARBOR DR / WYATT WAY NW,121975030,23400247,T
P120058927,BIPD,4/16/2012 0:00,1028,,"XY(121721364,23532415)",121721364,23532415,CELL
P120058978,BIPD,4/16/2012 0:00,1212,625,WINSLOW WAY E,122607400,23236100,HARAS4
P120059091,BIPD,4/16/2012 0:00,1437,9330,NE HIGH SCHOOL RD,122363800,23666100,THEFT4
P120059043,BIPD,4/16/2012 0:00,1338,829,HIGH SCHOOL RD NE,122672300,23642200,WC3
P120063430,BIPD,4/23/2012 0:00,2236,12681,MILLER RD NE,121931100,25217400,FI
P120060906,BIPD,4/19/2012 0:00,1723,,FERNCLIFF AVE NE / HAWLEY WAY NE,122690651,23281481,T
P120060953,BIPD,4/19/2012 0:00,1908,907,CARVER ST,118435000,20790500,MEDIA
P120061112,BIPD,4/20/2012 0:00,0229,3949,CRYSTAL SPRINGS DR NE,121040400,22361700,ASSIS3
P120061131,BIPD,4/20/2012 0:00,0431,499,OLYMPIC DR SE,122674000,23182900,UNWAN3
P120061329,BIPD,4/20/2012 0:00,1231,911,HILDEBRAND LN NE,122517900,23536900,FI
P120059102,BIPD,4/16/2012 0:00,1445,,SUNRISE DR NE / NE VALLEY RD,122722526,24697639,MALIC4
P120059278,BIPD,4/16/2012 0:00,2030,625,WINSLOW WAY E,122607400,23236100,FU
P120059428,BIPD,4/17/2012 0:00,1047,10603,NE VALLEY RD,122793800,24689600,DV5
P120056247,BIPD,4/11/2012 0:00,0826,4710,BLAKELY HEIGHTS DR NE,121885700,22574100,KEEP4
P120056424,BIPD,4/11/2012 0:00,1506,7570,NE EMERALD WAY,121756850,22812050,UNKNO2
P120056525,BIPD,4/11/2012 0:00,1906,,FERNCLIFF AVE NE / WING POINT WAY NE,122693146,23376023,T
P120059287,BIPD,4/16/2012 0:00,2048,1302,KINGS PL NW,122269250,23682000,FU
P120059331,BIPD,4/16/2012 0:00,2249,7666,NE HIGH SCHOOL RD,121802600,23667700,PC3
P120056889,BIPD,4/12/2012 0:00,1357,253,HIGH SCHOOL RD NE,122470100,23646300,INTOX3
P120061914,BIPD,4/21/2012 0:00,1110,,HEMLOCK AVE NE / NE YAQUINA AVE,122510052,24009568,RECKL3
P120061917,BIPD,4/21/2012 0:00,1123,930,BLUE HERON AVE NE,122490050,23526150,INFOP4
P120061922,BIPD,4/21/2012 0:00,1133,,"XY(122552272,23583747)",122552272,23583747,CELL
P120057090,BIPD,4/12/2012 0:00,2049,9060,OLYMPUS BEACH RD NE,120969231,24069567,REPOS
P120053635,BIPD,4/6/2012 0:00,1341,,NE HIDDEN COVE RD / STATE HWY 305 NE,121741136,25661125,TRAFF3
P120057298,BIPD,4/13/2012 0:00,0847,,NE KOURA RD / MILLER RD NE,121576406,24728795,T
P120053847,BIPD,4/6/2012 0:00,1849,10235,BATTLE POINT DR NE,120976350,24437750,ANIMA3
P120054242,BIPD,4/7/2012 0:00,1239,,HIGH SCHOOL RD NE / HILDEBRAND LN NE,122535496,23644973,TRAFF3
P120054423,BIPD,4/7/2012 0:00,1935,9000,MILLER RD NE,121360650,24052700,T
P120056529,BIPD,4/11/2012 0:00,1926,625,WINSLOW WAY E,122607400,23236100,MISC4
P120061717,BIPD,4/20/2012 0:00,2352,,SPORTSMAN CLUB RD NE / STATE HWY 305 NE,122395136,24298387,MVCG
P120059502,BIPD,4/17/2012 0:00,1315,625,WINSLOW WAY E,122607400,23236100,FOUND4
P120061925,BIPD,4/21/2012 0:00,1138,,NE HIDDEN COVE RD / PHELPS RD NE,122357064,25761218,THREA3
P120056599,BIPD,4/11/2012 0:00,2230,,SPORTSMAN CLUB RD NE / STATE HWY 305 NE,122395136,24298387,PC3
P120061632,BIPD,4/20/2012 0:00,2114,316,WINSLOW WAY E,122497400,23247300,PC3
P120066834,BIPD,4/29/2012 0:00,1732,9009,MILLER RD NE,121314650,24055000,CUSTO4
P120063609,BIPD,4/24/2012 0:00,0943,,"XY(123040147,23020024)",123040147,23020024,CELL
P120063620,BIPD,4/24/2012 0:00,0957,1872,SAKAI VILLAGE LOOP NE,122502400,23815700,CIVIL4
P120063638,BIPD,4/24/2012 0:00,1038,9624,SPORTSMAN CLUB RD NE,122373100,24193200,WC911
P120064039,BIPD,4/25/2012 0:00,0116,,NE DAY RD E / STATE HWY 305 NE,122023402,25247379,T
P120059418,BIPD,4/17/2012 0:00,1027,,NE HIGH SCHOOL RD / SANDS AVE NE,121907925,23666959,MVCG
P120059463,BIPD,4/17/2012 0:00,1159,913,CARVER ST,118434500,20789900,MISC4
P120059533,BIPD,4/17/2012 0:00,1404,309,WALLACE WAY NW,122356750,23508050,HARAS4
P120059499,BIPD,4/17/2012 0:00,1308,9330,NE HIGH SCHOOL RD,122363800,23666100,FI
P120062811,BIPD,4/22/2012 0:00,2037,,NE HIGH SCHOOL RD / MADISON AVE N,122433634,23644002,T
P120059629,BIPD,4/17/2012 0:00,1701,2324,SOUNDVIEW DR NE,122369750,21780750,UNWAN3
P120054869,BIPD,4/8/2012 0:00,1753,,HEMLOCK AVE NE / NE YAQUINA AVE,122510052,24009568,TRANS
P120055313,BIPD,4/9/2012 0:00,1457,625,WINSLOW WAY E,122607400,23236100,FU
P120055425,BIPD,4/9/2012 0:00,1805,11201,SUNRISE DR NE,122722500,24697800,TRAFF3
P120055492,BIPD,4/9/2012 0:00,1956,,EAKIN DR NW / WYATT WAY NW,122125132,23392830,T
P120051577,BIPD,4/2/2012 0:00,2024,1197,HAWLEY WAY NE,122783050,23287500,WC911
P120051672,BIPD,4/3/2012 0:00,0040,8440,NE GORDON DR,122110200,26181600,HARAS4
P120062353,BIPD,4/22/2012 0:00,0024,,AGATE PASS BRIDGE,122487344,23622262,FI
P120059690,BIPD,4/17/2012 0:00,1931,,BATTLE POINT DR NE / DEAD END,120874335,24518746,CELL
P120059947,BIPD,4/18/2012 0:00,0725,499,OLYMPIC DR SE,122674000,23182900,FU
P120062642,BIPD,4/22/2012 0:00,1542,10259,SUNRISE PL NE,122701000,25929400,CPR
P120062834,BIPD,4/22/2012 0:00,2123,,NE HIGH SCHOOL RD / SPORTSMAN CLUB RD NE,122100813,23659652,TRAFF3
P120059959,BIPD,4/18/2012 0:00,0814,400,WINSLOW WAY E,122525800,23245900,ALRA
P120064523,BIPD,4/25/2012 0:00,1833,11042,SUNRISE DR NE,122734300,24659900,FU
P120064589,BIPD,4/25/2012 0:00,2123,757,ALDER AVE NE,122983900,23472900,SUSPI4
P120064641,BIPD,4/25/2012 0:00,2326,8100,HANSEN RD NE,121117402,23723485,SUSPI3
P120065006,BIPD,4/26/2012 0:00,1526,1301,KINGS PL NW,122265500,23664150,THEFT4
P120065110,BIPD,4/26/2012 0:00,1850,,"XY(122347121,24073137)",122347121,24073137,CELL
P120065122,BIPD,4/26/2012 0:00,1904,,"XY(122347121,24073137)",122347121,24073137,CELL
P120059700,BIPD,4/17/2012 0:00,2012,2324,SOUNDVIEW DR NE,122369750,21780750,FU
P120059740,BIPD,4/17/2012 0:00,2138,8542,BATTLE POINT DR NE,121226850,24190950,VERBA3
P120059969,BIPD,4/18/2012 0:00,0844,400,WINSLOW WAY E,122525800,23245900,ALRA
P120060001,BIPD,4/18/2012 0:00,0954,,LYNWOOD CENTER RD NE / PLEASANT BEACH DR NE,121758992,22525846,FRAUD4
P120060234,BIPD,4/18/2012 0:00,1622,,NE DAY RD E / STATE HWY 305 NE,122023402,25247379,T
P120057869,BIPD,4/14/2012 0:00,0333,625,WINSLOW WAY E,122607400,23236100,MISC3
P120051692,BIPD,4/3/2012 0:00,0149,625,WINSLOW WAY E,122607400,23236100,WRT4
P120058452,BIPD,4/15/2012 0:00,1025,,MANITOU BEACH DR NE / NORTH MADISON AVE NE,122430015,24309046,T
P120056030,BIPD,4/10/2012 0:00,1946,907,CARVER ST,118435000,20790500,MEDIA
P120056098,BIPD,4/10/2012 0:00,2244,20487,VIKING AVE NW,119237636,27826725,MISSI4
P120056135,BIPD,4/11/2012 0:00,0014,,HIGH SCHOOL RD NE / STATE HWY 305 NE,122571082,23644469,T
P120060062,BIPD,4/18/2012 0:00,1112,10140,HIGH SCHOOL RD @ KITSAP BANK,122525612,23245942,PC4
P120060095,BIPD,4/18/2012 0:00,1217,350,HIGH SCHOOL RD NE,122521100,23645300,WC911
P120060177,BIPD,4/18/2012 0:00,1447,1849,NE VIRGINIA CT,122462700,21612600,SFR
P120060222,BIPD,4/18/2012 0:00,1607,,REITAN RD NE / STATE HWY 305 NE,121501742,26370270,TRAFF3
P120060841,BIPD,4/19/2012 0:00,1534,,STATE HWY 305 NE / VINEYARD LN,122559210,23438563,ASSIS3
P120060948,BIPD,4/19/2012 0:00,1900,,RIDGE LN NE / RIDGE LN NE,121869938,23288666,CELL
P120065440,BIPD,4/27/2012 0:00,1041,,"XY(122346801,22567026)",122346801,22567026,CELL
P120063201,BIPD,4/23/2012 0:00,1455,,"XY(122437810,23831801)",122437810,23831801,T
P120065674,BIPD,4/27/2012 0:00,1636,1297,PATMOS LN NW,122229000,23647450,FU
P120065721,BIPD,4/27/2012 0:00,1802,907,CARVER ST,118435000,20790500,MEDIA
P120065726,BIPD,4/27/2012 0:00,1807,,DEAD END / HARBORVIEW DR SE,122646542,23198957,CELL
P120066085,BIPD,4/28/2012 0:00,1116,,NE SEABOLD RD / STATE HWY 305 NE,121590699,26041540,TRAFF3
P120063636,BIPD,4/24/2012 0:00,1032,9624,SPORTSMAN CLUB RD NE,122373100,24193200,WC911
P120060379,BIPD,4/18/2012 0:00,2029,,HARBORVIEW DR SE / OLYMPIC DR SE,122618573,23213755,ASSIS4
P120060612,BIPD,4/19/2012 0:00,1000,625,WINSLOW WAY E,122607400,23236100,FU
P120060896,BIPD,4/19/2012 0:00,1707,15446,SUNRISE DR NE,122763600,26092300,T
P120061288,BIPD,4/20/2012 0:00,1130,,NE KOURA RD / STATE HWY 305 NE,122310217,24709702,T
P120064599,BIPD,4/25/2012 0:00,2142,,NE BUCKLIN HILL RD / NE EAGLE HARBOR DR,121966131,23304962,TRAFF3
P120058732,BIPD,4/15/2012 0:00,2151,,NE DAY RD E / NORTH MADISON AVE NE,122468811,25230896,T
P120056218,BIPD,4/11/2012 0:00,0700,,REITAN RD NE / STATE HWY 305 NE,121501742,26370270,MVCG
P120056391,BIPD,4/11/2012 0:00,1337,,"XY(122727750,23671495)",122727750,23671495,CELL
P120056399,BIPD,4/11/2012 0:00,1412,11024,NE WING POINT WAY,122898000,23384050,FU
P120058909,BIPD,4/16/2012 0:00,1003,245,HIGH SCHOOL RD NW,122243500,23654700,FU
P120056564,BIPD,4/11/2012 0:00,2053,1180,HILDEBRAND LN NE,122550200,23601300,ALRB
P120061052,BIPD,4/19/2012 0:00,2312,8611,HANSEN RD NE,121035850,23889000,ALRA
P120061297,BIPD,4/20/2012 0:00,1145,,NE LAURA LOOP / STATE HWY 305 NE,121137042,26462717,FI
P120061350,BIPD,4/20/2012 0:00,1300,9330,NE HIGH SCHOOL RD,122363800,23666100,FI
P120064033,BIPD,4/25/2012 0:00,0103,,NE HOSTMARK ST / STATE HWY 305 NE,119658572,27274486,T
P120061446,BIPD,4/20/2012 0:00,1508,823,HIGH SCHOOL RD NE,122669900,23642300,MALIC4
P120061479,BIPD,4/20/2012 0:00,1557,9797,NE MURDEN COVE DR,122542750,24379950,FU
P120065105,BIPD,4/26/2012 0:00,1845,,"XY(122347121,24073137)",122347121,24073137,CELL
P120065107,BIPD,4/26/2012 0:00,1848,,"XY(122347121,24073137)",122347121,24073137,CELL
P120065109,BIPD,4/26/2012 0:00,1850,,"XY(122347121,24073137)",122347121,24073137,CELL
P120061542,BIPD,4/20/2012 0:00,1752,253,HIGH SCHOOL RD NE,122470100,23646300,RECKL3
P120061589,BIPD,4/20/2012 0:00,1925,,MANITOU BEACH DR NE / NE MURDEN COVE DR,122519347,24304491,NOISE4
P120066131,BIPD,4/28/2012 0:00,1326,9423,CAPSTAN DR NE,122189000,23769550,WC911
P120066138,BIPD,4/28/2012 0:00,1343,321,HIGH SCHOOL RD NE,122500500,23645700,THEFT4
P120066580,BIPD,4/29/2012 0:00,0446,,NE HIGH SCHOOL RD / MADISON AVE N,122433634,23644002,FI
P120066655,BIPD,4/29/2012 0:00,1047,,HIGH SCHOOL RD NE / STONECRESS LN NE,122668902,23642279,T
P120066667,BIPD,4/29/2012 0:00,1132,,FERNCLIFF AVE NE / HIGH SCHOOL RD NE,122700327,23641703,T
P120066831,BIPD,4/29/2012 0:00,1729,232,OLYMPIC DR SE,122614960,23216561,WC911
P120056570,BIPD,4/11/2012 0:00,2103,6647,NE BAKER HILL RD,121429350,22577550,SFR
P120059272,BIPD,4/16/2012 0:00,2014,,MADISON AVE N / WINSLOW WAY E,122427660,23249390,FI
P120056783,BIPD,4/12/2012 0:00,1028,764,MOJI LN NW,122189500,23505450,CHILD4
P120057279,BIPD,4/13/2012 0:00,0819,,NE HIDDEN COVE RD / MANZANITA RD NE,121491223,25653561,T
P120059956,BIPD,4/18/2012 0:00,0808,5778,SOLANA LN NE,121211550,23664000,ALRA
P120059961,BIPD,4/18/2012 0:00,0825,465,WINSLOW WAY E,122543850,23233600,WC911
P120061494,BIPD,4/20/2012 0:00,1612,10210,NE CASEY ST,122636600,23915350,FU
P120061507,BIPD,4/20/2012 0:00,1632,625,WINSLOW WAY E,122607400,23236100,MISC4
P120061509,BIPD,4/20/2012 0:00,1640,,WINSLOW WAY E / WINSLOW WAY E,122485867,23257562,CELL
P120061544,BIPD,4/20/2012 0:00,1752,907,CARVER ST,118435000,20790500,MEDIA
P120061639,BIPD,4/20/2012 0:00,2127,,HIGH SCHOOL RD NE / STATE HWY 305 NE,122571082,23644469,T
P120061675,BIPD,4/20/2012 0:00,2239,11299,ARROW POINT DR NE,121068800,24696200,FI
P120048688,BIPD,3/28/2012 0:00,2001,907,CARVER ST,118435000,20790500,MEDIA
P120048891,BIPD,3/29/2012 0:00,0759,6110,NE TOLO RD,121322800,24350900,CELL
P120048988,BIPD,3/29/2012 0:00,1107,1,HOOD CANAL BRG,120357300,31631300,WRT3
P120052485,BIPD,4/4/2012 0:00,1333,5657,NE FOSTER RD,121163040,23875061,FRAUD4
P120052567,BIPD,4/4/2012 0:00,1621,385,ERICKSEN AVE NE,122522150,23343800,FU
P120049284,BIPD,3/29/2012 0:00,1938,,MADISON AVE N / WYATT WAY NE,122430637,23382031,RECKL3
P120061766,BIPD,4/21/2012 0:00,0134,,GROW AVE NW / SHEPARD WAY NW,122331356,23319978,FI
P120061775,BIPD,4/21/2012 0:00,0205,,ERICKSEN AVE NE / WALLACE WAY NE,122531605,23512269,SUSPI3
P120059339,BIPD,4/16/2012 0:00,2315,11299,ARROW POINT DR NE,121068800,24696200,FI
P120059411,BIPD,4/17/2012 0:00,0958,,NE HIGH SCHOOL RD / WESTERLY LN NE,121872133,23667388,PC4
P120062618,BIPD,4/22/2012 0:00,1439,511,BJUNE DR SE,122558735,23220246,FI
P120060010,BIPD,4/18/2012 0:00,1009,823,HIGH SCHOOL RD NE,122669900,23642300,SEXOF4
P120060240,BIPD,4/18/2012 0:00,1625,,"XY(122406144,23484425)",122406144,23484425,CELL
P120057365,BIPD,4/13/2012 0:00,1048,,HILDEBRAND LN NE / TORMEY LN NE,122534254,23589670,PC3
P120060909,BIPD,4/19/2012 0:00,1727,,NE DAY RD E / NORTH MADISON AVE NE,122468811,25230896,T
P120057367,BIPD,4/13/2012 0:00,1054,8489,FLETCHER BAY RD NE,121359600,23829700,SUSPI4
P120057581,BIPD,4/13/2012 0:00,1713,,"XY(122404215,23565100)",122404215,23565100,CELL
P120049492,BIPD,3/30/2012 0:00,0822,827,HIGH SCHOOL RD NE,122671500,23642200,HARAS4
P120049549,BIPD,3/30/2012 0:00,1001,8376,NE SUMANEE PL,122034950,25510300,PC5
P120049650,BIPD,3/30/2012 0:00,1223,625,WINSLOW WAY E,122607400,23236100,THEFT3
P120049680,BIPD,3/30/2012 0:00,1311,9330,NE HIGH SCHOOL RD,122363800,23666100,PC3
P120050076,BIPD,3/31/2012 0:00,0055,,NE DAY RD E / STATE HWY 305 NE,122023402,25247379,T
P120053360,BIPD,4/6/2012 0:00,0042,,HIGH SCHOOL RD NE / STATE HWY 305 NE,122571082,23644469,T
P120061679,BIPD,4/20/2012 0:00,2246,241,WINSLOW WAY W,122377000,23251900,NOISE4
P120061788,BIPD,4/21/2012 0:00,0231,343,WINSLOW WAY E,122501900,23247000,FI
P120061997,BIPD,4/21/2012 0:00,1329,907,CARVER ST,118435000,20790500,MEDIA
P120059674,BIPD,4/17/2012 0:00,1839,,MADRONE LN N / WINSLOW WAY E,122461044,23248357,ASSIS3
P120065560,BIPD,4/27/2012 0:00,1344,,NE EAGLE HARBOR DR / WYATT WAY NW,121975030,23400247,T
P120062501,BIPD,4/22/2012 0:00,0918,157,WINSLOW WAY E,122447800,23242600,ASSIS3
P120066875,BIPD,4/29/2012 0:00,1859,907,CARVER ST,118435000,20790500,MEDIA
P120067084,BIPD,4/30/2012 0:00,0830,,HIGH SCHOOL RD NW / SHANTI LN NE,122250725,23654457,T
P120067258,BIPD,4/30/2012 0:00,1305,,NE BUCKLIN HILL RD / NE EAGLE HARBOR DR,121966131,23304962,WIRESU
P120067333,BIPD,4/30/2012 0:00,1507,9125,SPORTSMAN CLUB RD NE,122290100,24108100,MISSI3
P120067347,BIPD,4/30/2012 0:00,1527,,NE BUCKLIN HILL RD / NE EAGLE HARBOR DR,121966131,23304962,TRAFF3
P120067356,BIPD,4/30/2012 0:00,1540,,NE HIGH SCHOOL RD / MADISON AVE N,122433634,23644002,T
P120057603,BIPD,4/13/2012 0:00,1747,625,WINSLOW WAY E,122607400,23236100,MISC4
P120057692,BIPD,4/13/2012 0:00,2051,1287,WING POINT WAY NE,122834700,23372100,PC3
P120057718,BIPD,4/13/2012 0:00,2149,,BATTLE POINT DR NE / MILLER RD NE,121350327,24126968,T
P120057778,BIPD,4/13/2012 0:00,2320,253,HIGH SCHOOL RD NE,122470100,23646300,PC3
P120057812,BIPD,4/14/2012 0:00,0102,,LYNWOOD CENTER RD NE / POINT WHITE DR NE,121758992,22525846,PC3
P120055705,BIPD,4/10/2012 0:00,0933,278,WINSLOW WAY E,122487600,23247600,THEFT4
P120050121,BIPD,3/31/2012 0:00,0216,381,WALLACE WAY NE,122524400,23506000,MISC4
P120050410,BIPD,3/31/2012 0:00,1843,8895,MADISON AVE N,122433700,23949200,BLSP
P120050854,BIPD,4/1/2012 0:00,1644,285,MADISON AVE S,122426500,23199000,BLSG
P120051139,BIPD,4/2/2012 0:00,0756,,NE DAY RD W / MILLER RD NE,121978357,25249210,T
P120053898,BIPD,4/6/2012 0:00,2034,,FLETCHER BAY RD NE / NE VINCENT RD,121730305,23119394,FU
P120062843,BIPD,4/22/2012 0:00,2151,241,WINSLOW WAY W,122377000,23251900,NOISE4
P120062974,BIPD,4/23/2012 0:00,0817,8555,MADISON AVE N,122413300,23788700,T
P120063060,BIPD,4/23/2012 0:00,1038,6007,NE EAGLEWOOD LN,121486600,31794350,FU
P120063080,BIPD,4/23/2012 0:00,1104,,BIPD,122607400,23236100,FI
P120063130,BIPD,4/23/2012 0:00,1232,,FINCH RD NE / NE HIGH SCHOOL RD,122040602,23661844,FOUND4
P120063353,BIPD,4/23/2012 0:00,1912,,SUNRISE DR NE / NE VALLEY RD,122722526,24697639,DUI3
P120055723,BIPD,4/10/2012 0:00,1010,,NE ENDICOTT ST / WASHINGTON AVE NE,122413650,26171667,TRAFF3
P120061565,BIPD,4/20/2012 0:00,1831,10289,NORTH MADISON AVE NE,122442950,24386150,CUSTO4
P120061641,BIPD,4/20/2012 0:00,2138,,MADISON AVE N / NE NEW BROOKLYN RD,122442200,23911813,T
P120057845,BIPD,4/14/2012 0:00,0221,499,OLYMPIC DR SE,122674000,23182900,SUSPI4
P120055913,BIPD,4/10/2012 0:00,1548,,STATE HWY 305 NE / WINSLOW WAY E,122597069,23245490,SUSPI3
P120055978,BIPD,4/10/2012 0:00,1726,7940,NE BAKER HILL RD,121878450,22646150,WC911
P120067388,BIPD,4/30/2012 0:00,1617,10861,NE MANITOU PARK BLVD,122932900,24590800,SEXOF4
P120070903,BIPD,5/6/2012 0:00,1108,,"XY(122346817,22566660)",122346817,22566660,CELL
P120067767,BIPD,5/1/2012 0:00,0931,8555,MADISON AVE N,122413300,23788700,T
P120067894,BIPD,5/1/2012 0:00,1252,,NE HIGH SCHOOL RD / HORIZON VIEW PL NW,122314854,23640764,CELL
P120067928,BIPD,5/1/2012 0:00,1402,625,WINSLOW WAY E,122607400,23236100,FI
P120067949,BIPD,5/1/2012 0:00,1447,,"XY(122651229,23171855)",122651229,23171855,CELL
P120051144,BIPD,4/2/2012 0:00,0811,,FINCH RD NE / WYATT WAY NW,122036524,23398020,T
P120047174,BIPD,3/26/2012 0:00,0930,,NE HIGH SCHOOL RD / MADISON AVE N,122439864,23649989,POV4
P120047239,BIPD,3/26/2012 0:00,1110,,NE BERGMAN RD / PETERSON HILL RD NE,121673952,25125201,T
P120054204,BIPD,4/7/2012 0:00,1134,,NORTH MADISON AVE NE / NE VALLEY RD,122457917,24703521,T
P120054252,BIPD,4/7/2012 0:00,1306,,ERICKSEN AVE NE / WALLACE WAY NE,122531605,23512269,FOUND4
P120047961,BIPD,3/27/2012 0:00,1449,253,HIGH SCHOOL RD NE,122470100,23646300,MVC4
P120062657,BIPD,4/22/2012 0:00,1612,,REITAN RD NE / STATE HWY 305 NE,121501742,26370270,RECKL4
P120062839,BIPD,4/22/2012 0:00,2138,,NE HIGH SCHOOL RD / LOVELL AVE NW,122305944,23652365,FI
P120062885,BIPD,4/22/2012 0:00,2356,,SPORTSMAN CLUB RD NE / STATE HWY 305 NE,122395136,24298387,T
P120063012,BIPD,4/23/2012 0:00,0936,5210,BLAKELY AVE NE,122000750,22743450,SUSPI4
P120063104,BIPD,4/23/2012 0:00,1131,,HILDEBRAND LN NE / TORMEY LN NE,122534254,23589670,PC3
P120063146,BIPD,4/23/2012 0:00,1311,,ERICKSEN AVE NE / MADRONE LN N,122485723,23250998,CELL
P120065557,BIPD,4/27/2012 0:00,1340,625,WINSLOW WAY E,122607400,23236100,MISC4
P120065640,BIPD,4/27/2012 0:00,1554,9330,NE HIGH SCHOOL RD,122363800,23666100,FU
P120068913,BIPD,5/3/2012 0:00,0350,625,WINSLOW WAY E,122607400,23236100,WRT4
P120069083,BIPD,5/3/2012 0:00,1139,,GROW AVE NW / WYATT WAY NW,122332251,23385462,RECKL3
P120069091,BIPD,5/3/2012 0:00,1150,,NE HIGH SCHOOL RD / MADISON AVE N,122433634,23644002,T
P120069161,BIPD,5/3/2012 0:00,1401,9330,NE HIGH SCHOOL RD,122363800,23666100,FI
P120054418,BIPD,4/7/2012 0:00,1922,6531,NE JUSTIN CT,121478600,24517600,T
P120051861,BIPD,4/3/2012 0:00,1027,7415,NE COYOTE FARM LN,121751084,24074913,WC2
P120051959,BIPD,4/3/2012 0:00,1353,11685,NE SUNSET LOOP,121763250,24911250,THEFT4
P120054697,BIPD,4/8/2012 0:00,1017,20300,INDIANOLA RD NE,122408000,27727000,WATERR
P120052096,BIPD,4/3/2012 0:00,1805,11282,NE STATE HWY 104,123195300,29433700,ATL4
P120063486,BIPD,4/24/2012 0:00,0134,15347,SUQUAMISH WAY NE,121270800,26509200,ASSIS3
P120066783,BIPD,4/29/2012 0:00,1604,4192,NE EAGLE HARBOR DR,122685900,22854900,FU
P120063685,BIPD,4/24/2012 0:00,1157,15011,WASHINGTON AVE NE,122407700,25964150,MVC4
P120063821,BIPD,4/24/2012 0:00,1646,,FLETCHER BAY RD NE / LYNWOOD CENTER RD NE,121758601,23062387,T
P120067353,BIPD,4/30/2012 0:00,1537,,"XY(122428506,25755882)",122428506,25755882,CELL
P120063877,BIPD,4/24/2012 0:00,1831,,NE DAY RD E / STATE HWY 305 NE,122023402,25247379,T
P120067885,BIPD,5/1/2012 0:00,1239,,NE LOVGREEN RD W / MILLER RD NE,121741307,24988019,T
P120063254,BIPD,4/23/2012 0:00,1622,7500-BLK,HIDDEN COVE,121824479,25665564,T
P120063355,BIPD,4/23/2012 0:00,1916,,"XY(122315861,23878262)",122315861,23878262,CELL
P120064045,BIPD,4/25/2012 0:00,0129,,NE DAY RD E / STATE HWY 305 NE,122023402,25247379,WC3
P120064209,BIPD,4/25/2012 0:00,1046,,DON PALMER AVE NE / NE VINCENT RD,121612669,23146997,MVC3
P120064253,BIPD,4/25/2012 0:00,1151,625,WINSLOW WAY E,122607400,23236100,TESTP
P120069357,BIPD,5/3/2012 0:00,2012,14405,SPARGUR LOOP RD NE,122204250,25772550,DV3
P120069377,BIPD,5/3/2012 0:00,2127,,NE EAGLE HARBOR DR / NEW SWEDEN AVE NE,122551758,22852957,INFOP4
P120069527,BIPD,5/4/2012 0:00,0451,601,HIGH SCHOOL RD NE,122587100,23628700,TRAFF3
P120069704,BIPD,5/4/2012 0:00,1155,9709,NE SOUTH BEACH DR,122354300,21433850,WC3
P120070144,BIPD,5/5/2012 0:00,0144,10901,SUNRISE DR NE,122691800,24609300,RUNAW4
P120070531,BIPD,5/5/2012 0:00,1936,,MILLER RD NE / PETERSON HILL RD NE,121669667,24878567,T
P120063903,BIPD,4/24/2012 0:00,1948,907,CARVER ST,118435000,20790500,MEDIA
P120067757,BIPD,5/1/2012 0:00,0916,,NE HIGH SCHOOL RD / MADISON AVE N,122433634,23644002,T
P120064188,BIPD,4/25/2012 0:00,0958,8062,SANDS AVE NE,121920600,23711650,FOUND4
P120067919,BIPD,5/1/2012 0:00,1339,,SEMINOLE RD NE / STATE HWY 305 NE,120267634,26539482,ASSIS3
P120064404,BIPD,4/25/2012 0:00,1520,,"XY(122347121,24073137)",122347121,24073137,CELL
P120068089,BIPD,5/1/2012 0:00,1951,,WINSLOW WAY E / WINSLOW WAY E,122485867,23257562,CELL
P120061835,BIPD,4/21/2012 0:00,0727,11345,KALLGREN RD NE,122591136,24748256,TRAFF4
P120058516,BIPD,4/15/2012 0:00,1322,,NE HIDDEN COVE RD / PHELPS RD NE,122357064,25761218,T
P120058671,BIPD,4/15/2012 0:00,1903,,NE DAY RD E / STATE HWY 305 NE,122023402,25247379,RECKL3
P120058742,BIPD,4/15/2012 0:00,2235,344,TORMEY LN NE,122512500,23598600,NARCO3
P120058770,BIPD,4/15/2012 0:00,2357,9330,NE HIGH SCHOOL RD,122363800,23666100,PC3
P120058789,BIPD,4/16/2012 0:00,0123,,NE EAGLE HARBOR DR / MCDONALD AVE NE,122288154,22858476,T
P120054757,BIPD,4/8/2012 0:00,1302,,NE DAY RD E / STATE HWY 305 NE,122023402,25247379,INTOX3
P120052368,BIPD,4/4/2012 0:00,0917,,NE LOVGREEN RD E / STATE HWY 305 NE,122193914,24976129,RECKL3
P120052486,BIPD,4/4/2012 0:00,1333,601,HIGH SCHOOL RD NE,122587100,23628700,FI
P120054924,BIPD,4/8/2012 0:00,2028,,OLYMPIC DR SE / WINSLOW WAY E,122597069,23245490,T
P120052656,BIPD,4/4/2012 0:00,1933,907,CARVER ST,118435000,20790500,MEDIA
P120064587,BIPD,4/25/2012 0:00,2121,,GROW AVE NW / NE HIGH SCHOOL RD,122337828,23651155,DUI3
P120065073,BIPD,4/26/2012 0:00,1706,,BIRKLAND RD NE / WEST BLAKELY RD NE,122064347,22362730,CELL
P120065119,BIPD,4/26/2012 0:00,1902,907,CARVER ST,118435000,20790500,MEDIA
P120065193,BIPD,4/26/2012 0:00,2144,,FERNCLIFF AVE NE / HIGH SCHOOL RD NE,122700327,23641703,T
P120065425,BIPD,4/27/2012 0:00,1015,,NE HIDDEN COVE RD / STATE HWY 305 NE,121741136,25661125,TRAFF4
P120061842,BIPD,4/21/2012 0:00,0750,176,ERICKSEN AVE NE,122530800,23271400,BURGL4
P120070811,BIPD,5/6/2012 0:00,0536,9271,FERNCLIFF AVE NE,122652800,24046750,MALIC4
P120070902,BIPD,5/6/2012 0:00,1105,,"XY(122346817,22566660)",122346817,22566660,CELL
P120070944,BIPD,5/6/2012 0:00,1215,8997,HEMLOCK AVE NE,122502750,24001150,NOISE4
P120070933,BIPD,5/6/2012 0:00,1153,,KNECHTEL WAY NE / MADISON AVE N,122432246,23447716,MVC4
P120071050,BIPD,5/6/2012 0:00,1548,1110,CHERRY AVE NE,122933700,23604150,NOISE4
P120071139,BIPD,5/6/2012 0:00,1907,,NE NEW BROOKLYN RD / SPORTSMAN CLUB RD NE,122235375,23919324,MVCG
P120058963,BIPD,4/16/2012 0:00,1131,,DUANE LN NW / WALLACE WAY NE,122424047,23528179,CELL
P120058983,BIPD,4/16/2012 0:00,1215,1245,GROW AVE NW,122326950,23624600,PARKI4
P120059439,BIPD,4/17/2012 0:00,1109,12059,NORTH MADISON AVE NE,122452400,24996050,THEFT4
P120062495,BIPD,4/22/2012 0:00,0852,827,HIGH SCHOOL RD NE,122671500,23642200,VERBA3
P120059602,BIPD,4/17/2012 0:00,1556,625,WINSLOW WAY E,122607400,23236100,FI
P120062590,BIPD,4/22/2012 0:00,1315,10900,NORTH MADISON AVE NE,122456002,24609075,T
P120068581,BIPD,5/2/2012 0:00,1533,625,WINSLOW WAY E,122607400,23236100,MISC3
P120064433,BIPD,4/25/2012 0:00,1559,8330,GRAND AVE NE,122823350,23753750,FRAUD4
P120064568,BIPD,4/25/2012 0:00,2041,499,OLYMPIC DR SE,122674000,23182900,PC3
P120064635,BIPD,4/25/2012 0:00,2313,,FLETCHER BAY RD NE / NE HIGH SCHOOL RD,121498530,23670902,TRAFF3
P120064791,BIPD,4/26/2012 0:00,0912,757,ALDER AVE NE,122983900,23472900,FU
P120064957,BIPD,4/26/2012 0:00,1343,625,WINSLOW WAY E,122607400,23236100,FI
P120052744,BIPD,4/4/2012 0:00,2309,,MADISON AVE N / WYATT WAY NE,122430637,23382031,T
P120055128,BIPD,4/9/2012 0:00,0952,,NE HIGH SCHOOL RD / MADISON AVE N,122439864,23649989,T
P120055236,BIPD,4/9/2012 0:00,1307,,SPORTSMAN CLUB RD NE / STATE HWY 305 NE,122395136,24298387,RECKL3
P120052908,BIPD,4/5/2012 0:00,0923,8550,BATTLE POINT DR NE,121201100,24162350,HARAS4
P120055555,BIPD,4/9/2012 0:00,2218,9125,SPORTSMAN CLUB RD NE,122290100,24108100,FI
P120055571,BIPD,4/9/2012 0:00,2307,,SPORTSMAN CLUB RD NE / STATE HWY 305 NE,122395136,24298387,T
P120061860,BIPD,4/21/2012 0:00,0846,930,BLUE HERON AVE NE,122490050,23526150,PROWL4
P120062016,BIPD,4/21/2012 0:00,1413,7087,NE BAY HILL RD,121578950,24847250,THEFT4
P120066755,BIPD,4/29/2012 0:00,1458,,NE BAKER HILL RD / BLAKELY AVE NE,122016317,22599490,T
P120066810,BIPD,4/29/2012 0:00,1639,625,WINSLOW WAY E,122607400,23236100,WRT3
P120067060,BIPD,4/30/2012 0:00,0654,,GROW AVE NW / NE HIGH SCHOOL RD,122337828,23651155,T
P120071285,BIPD,5/7/2012 0:00,0315,12311,ARROW POINT LOOP NE,121258650,24995200,UNKNOA
P120068055,BIPD,5/1/2012 0:00,1804,693,NE KLICKITAT PL,122636350,23486300,WC911
P120068088,BIPD,5/1/2012 0:00,1949,253,HIGH SCHOOL RD NE,122470100,23646300,SUSPI3
P120068669,BIPD,5/2/2012 0:00,1746,,HARBORVIEW DR SE / OLYMPIC DR SE,122618573,23213755,PC3
P120068729,BIPD,5/2/2012 0:00,2006,907,CARVER ST,118435000,20790500,MEDIA
P120068771,BIPD,5/2/2012 0:00,2151,625,WINSLOW WAY E,122607400,23236100,ASSIS4
P120060768,BIPD,4/19/2012 0:00,1401,625,WINSLOW WAY E,122607400,23236100,FOUND4
P120062865,BIPD,4/22/2012 0:00,2301,5834,WARD AVE NE,122596400,22917100,FUELS
P120060942,BIPD,4/19/2012 0:00,1844,,NE BUCKLIN HILL RD / LYNWOOD CENTER RD NE,121827747,23137013,TRAFF3
P120061001,BIPD,4/19/2012 0:00,2112,11601,JUST A MEER LN NE,122206750,24864650,VEHIT4
P120061030,BIPD,4/19/2012 0:00,2213,11580,NORTH MADISON AVE NE,122460479,24829013,SUICIB
P120061084,BIPD,4/20/2012 0:00,0058,1270,MADISON AVE N,122444300,23625500,UNWAN3
P120065086,BIPD,4/26/2012 0:00,1758,253,HIGH SCHOOL RD NE,122470100,23646300,FI
P120062389,BIPD,4/22/2012 0:00,0144,,FLETCHER BAY RD NE / LYNWOOD CENTER RD NE,121758601,23062387,UNKNO3
P120066022,BIPD,4/28/2012 0:00,0820,,NE DAY RD W / MILLER RD NE,121978357,25249210,T
P120066099,BIPD,4/28/2012 0:00,1150,499,OLYMPIC DR SE,122674000,23182900,BLSP
P120066197,BIPD,4/28/2012 0:00,1523,1535,WHITED PL NW,122301750,23754900,FU
P120066352,BIPD,4/28/2012 0:00,2010,,"XY(122195067,23559851)",122195067,23559851,CELL
P120053023,BIPD,4/5/2012 0:00,1304,,HIGH SCHOOL RD NE / STATE HWY 305 NE,122571082,23644469,FI
P120053201,BIPD,4/5/2012 0:00,1856,625,WINSLOW WAY E,122607400,23236100,MISC4
P120053338,BIPD,4/5/2012 0:00,2344,1000,WEAVER RD NW,122187600,23568300,OPEN3
P120055995,BIPD,4/10/2012 0:00,1814,245,NE HIGH SCHOOL RD,122404050,23635100,INTOXA
P120053456,BIPD,4/6/2012 0:00,0825,360,TORMEY LN NE,122518692,23590355,UNWAN3
P120056443,BIPD,4/11/2012 0:00,1537,727,ERICKSEN AVE NE,122523350,23455600,ALRA
P120067212,BIPD,4/30/2012 0:00,1144,,GROW AVE NW / WYATT WAY NW,122332251,23385462,T
P120067626,BIPD,5/1/2012 0:00,0028,9471,NE IDELWEIS CT,122403850,24926450,BLS
P120067856,BIPD,5/1/2012 0:00,1151,197,PARFITT WAY SW,122389850,23157650,WC911
P120067933,BIPD,5/1/2012 0:00,1413,,NE DAY RD E / NORTH MADISON AVE NE,122468811,25230896,TRAFF3
P120067945,BIPD,5/1/2012 0:00,1435,625,WINSLOW WAY E,122607400,23236100,FI
P120067935,BIPD,5/1/2012 0:00,1417,12781,NORTH MADISON AVE NE,122441400,25215900,PC3
P120068810,BIPD,5/2/2012 0:00,2255,,NE KOURA RD / NE WILLIAMS LN,121467744,24729708,WC3
P120071671,BIPD,5/7/2012 0:00,1744,,NE BAKER HILL RD / LYNWOOD CENTER RD NE,121772402,22605337,T
P120071679,BIPD,5/7/2012 0:00,1755,907,CARVER ST,118435000,20790500,MEDIA
P120071857,BIPD,5/8/2012 0:00,0131,,AGATEWOOD RD NE / STATE HWY 305 NE,121562025,26138320,DUI3
P120071854,BIPD,5/8/2012 0:00,0121,625,WINSLOW WAY E,122607400,23236100,TRANS
P120066431,BIPD,4/28/2012 0:00,2252,12781,NORTH MADISON AVE NE,122441400,25215900,FI
P120066618,BIPD,4/29/2012 0:00,0842,11299,ARROW POINT DR NE,121068800,24696200,GRAFF4
P120066733,BIPD,4/29/2012 0:00,1413,,STATE HWY 305 NE / SUQUAMISH WAY NE,121272953,26526622,DUI3
P120067245,BIPD,4/30/2012 0:00,1231,7383,NE EAGLE HARBOR DR,121913101,23441927,TRAFF3
P120067306,BIPD,4/30/2012 0:00,1424,6789,NE BERGMAN RD,121548250,25106850,KEEP3
P120067564,BIPD,4/30/2012 0:00,2101,,DON PALMER AVE NE / NE VINCENT RD,121612669,23146997,OPEN3
P120056568,BIPD,4/11/2012 0:00,2059,907,CARVER ST,118435000,20790500,MEDIA
P120053657,BIPD,4/6/2012 0:00,1409,,DIVISION AVE NE / NE GENEVA ST,121596892,27228917,ASSIS3
P120053726,BIPD,4/6/2012 0:00,1544,253,HIGH SCHOOL RD NE,122470100,23646300,T
P120053854,BIPD,4/6/2012 0:00,1858,,SUNRISE DR NE / NE VALLEY RD,122722526,24697639,FI
P120053971,BIPD,4/6/2012 0:00,2256,1858,SAKAI VILLAGE LOOP NE,122496450,23830700,FU
P120051232,BIPD,4/2/2012 0:00,1051,8318,NE SUMANEE PL,121995600,25651400,PC3
P120061160,BIPD,4/20/2012 0:00,0740,7290,NE EAGLE HARBOR DR,121971185,23408106,CIVIL4
P120061196,BIPD,4/20/2012 0:00,0855,7669,NE DAY RD W,121834517,25255112,ALRA
P120061221,BIPD,4/20/2012 0:00,0952,9330,NE HIGH SCHOOL RD,122363800,23666100,FU
P120061322,BIPD,4/20/2012 0:00,1224,,NE HIGH SCHOOL RD / HORIZON VIEW PL NW,122314854,23640764,CELL
P120063585,BIPD,4/24/2012 0:00,0853,253,WINSLOW WAY W,122369700,23242800,ALRA
P120061411,BIPD,4/20/2012 0:00,1434,,NE DAY RD W / MILLER RD NE,121978357,25249210,T
P120071999,BIPD,5/8/2012 0:00,1007,829,NE HIGH SCHOOL RD,122683050,23596550,CIVIL4
P120072220,BIPD,5/8/2012 0:00,1552,,NE DAY RD E / NE YETI LN,122025071,25272959,CELL
P120072501,BIPD,5/9/2012 0:00,0540,,NE SEABOLD RD / STATE HWY 305 NE,121590699,26041540,RECKL3
P120072566,BIPD,5/9/2012 0:00,0923,,CREOSOTE PL NE / NE EAGLE HARBOR DR,122939041,22834319,TRAFF3
P120072734,BIPD,5/9/2012 0:00,1406,11826,MANZANITA LN NE,121682750,24945350,FU
P120072885,BIPD,5/9/2012 0:00,1735,,REITAN RD NE / STATE HWY 305 NE,121501742,26370270,RECKL3
P120061647,BIPD,4/20/2012 0:00,2153,,NORTH MADISON AVE NE / NE TIMBERLANE PL,122453663,24488795,T
P120061663,BIPD,4/20/2012 0:00,2208,11687,NE SUNSET LOOP,121743350,24880950,SUSPI3
P120057912,BIPD,4/14/2012 0:00,0901,9330,NE HIGH SCHOOL RD,122363800,23666100,MISC4
P120058499,BIPD,4/15/2012 0:00,1231,,"XY(122346810,22566296)",122346810,22566296,CELL
P120061710,BIPD,4/20/2012 0:00,2333,,CURTIS LOOP NE / FERNCLIFF AVE NE,122694970,23430418,T
P120061878,BIPD,4/21/2012 0:00,0945,164,BJUNE DR SE,122460072,23216642,BURGL4
P120057022,BIPD,4/12/2012 0:00,1847,625,WINSLOW WAY E,122607400,23236100,MISC4
P120051593,BIPD,4/2/2012 0:00,2102,10159,ARROW POINT DR NE,121340650,24558650,SUSPI3
P120057275,BIPD,4/13/2012 0:00,0808,,NE HIGH SCHOOL RD / MADISON AVE N,122439864,23649989,SUSPI3
P120051777,BIPD,4/3/2012 0:00,0725,,NE HIDDEN COVE RD / STATE HWY 305 NE,121741136,25661125,DUI3
P120057791,BIPD,4/13/2012 0:00,2354,,"XY(122315861,23878262)",122315861,23878262,CELL
P120067584,BIPD,4/30/2012 0:00,2213,625,WINSLOW WAY E,122607400,23236100,FU
P120067821,BIPD,5/1/2012 0:00,1101,9402,NE ENDICOTT ST,122437900,26191700,SUSPI3
P120068066,BIPD,5/1/2012 0:00,1832,725,NW RASMUSSEN CT,119144800,28004000,ASSIS2
P120068633,BIPD,5/2/2012 0:00,1647,499,OLYMPIC DR SE,122674000,23182900,THEFT3
P120068647,BIPD,5/2/2012 0:00,1715,,NE DAY RD E / STATE HWY 305 NE,122023402,25247379,DUI3
P120068650,BIPD,5/2/2012 0:00,1726,499,OLYMPIC DR SE,122674000,23182900,SUSPI3
P120073004,BIPD,5/9/2012 0:00,2207,,NE AVALON LN / BLAKELY AVE NE,122002329,22667441,T
P120073419,BIPD,5/10/2012 0:00,1520,,NE BEACH CREST DR / NORTH MADISON AVE NE,122452795,24439432,T
P120073702,BIPD,5/11/2012 0:00,0048,9330,NE HIGH SCHOOL RD,122363800,23666100,PC3
P120071320,BIPD,5/7/2012 0:00,0723,,MADISON AVE N / WINSLOW WAY E,122427660,23249390,T
P120071410,BIPD,5/7/2012 0:00,1020,,"XY(122392769,23623363)",122392769,23623363,CELL
P120074522,BIPD,5/12/2012 0:00,0316,,REITAN RD NE / STATE HWY 305 NE,121437974,26434991,TRAFF3
P120071144,BIPD,5/6/2012 0:00,1917,13355,NORTH MADISON AVE NE,122459600,25414550,DUI3
P120071159,BIPD,5/6/2012 0:00,2006,,BROOM ST NE / NE COUNTY PARK RD,122211484,26159545,SFR
P120068195,BIPD,5/2/2012 0:00,0056,7666,NE HIGH SCHOOL RD,121802600,23667700,PC3
P120068547,BIPD,5/2/2012 0:00,1458,,ERICKSEN AVE NE / WINSLOW WAY E,122525612,23245942,PC3
P120068630,BIPD,5/2/2012 0:00,1639,406,HIGH SCHOOL RD NE,122537800,23644900,T
P120068693,BIPD,5/2/2012 0:00,1829,,FERNCLIFF AVE NE / TIFFANY MEADOWS DR NE,122695379,23445828,T
P120068954,BIPD,5/3/2012 0:00,0703,625,WINSLOW WAY E,122607400,23236100,WRT4
P120068979,BIPD,5/3/2012 0:00,0823,7070,NE EAGLE HARBOR DR,121972000,23357300,RECKL3
P120069060,BIPD,5/3/2012 0:00,1052,10140,HIGH SCCHOOL RD @ KITSAP BANK,0,0,FU
P120065359,BIPD,4/27/2012 0:00,0757,,IHLAND WAY NE / MADISON AVE N,122435017,23579543,T
P120065367,BIPD,4/27/2012 0:00,0822,5930,ROSE LOOP NE,122354900,22951050,ASSIS3
P120065393,BIPD,4/27/2012 0:00,0914,499,OLYMPIC DR SE,122674000,23182900,WC911
P120061940,BIPD,4/21/2012 0:00,1202,12781,NORTH MADISON AVE NE,122441400,25215900,TRANS
P120062097,BIPD,4/21/2012 0:00,1633,4300,NE OLD MILL RD,122492300,22471250,SUSPI3
P120064629,BIPD,4/25/2012 0:00,2304,8100,HANSEN RD NE,121117402,23723485,PC4
P120062191,BIPD,4/21/2012 0:00,1953,285,SHANNON DR SE,122472100,23159650,DV3
P120065112,BIPD,4/26/2012 0:00,1856,133,PARFITT WAY SW,122413500,23148750,UNWAN3
P120062218,BIPD,4/21/2012 0:00,2051,,NE BAKER HILL RD / LYNWOOD CENTER RD NE,121772402,22605337,FI
P120068749,BIPD,5/2/2012 0:00,2055,,MADISON AVE S / PARFITT WAY SW,122425441,23164008,FI
P120068852,BIPD,5/2/2012 0:00,2345,,MADISON AVE N / STATE HWY 305 NE,122472543,23963078,TRAFF3
P120068891,BIPD,5/3/2012 0:00,0143,,BLAKELY AVE NE / THREE T RD NE,122533783,22270189,FI
P120068946,BIPD,5/3/2012 0:00,0632,625,WINSLOW WAY E,122607400,23236100,MISC4
P120065767,BIPD,4/27/2012 0:00,1951,7861,NE BUCKLIN HILL RD,121867900,23115000,MENTA4
P120054622,BIPD,4/8/2012 0:00,0404,336,WINSLOW WAY E,122500895,23247064,PC3
P120058224,BIPD,4/14/2012 0:00,2115,,NE KOURA RD / MILLER RD NE,121576406,24728795,T
P120058230,BIPD,4/14/2012 0:00,2125,,MADISON AVE N / NE NEW BROOKLYN RD,122442200,23911813,T
P120058244,BIPD,4/14/2012 0:00,2207,,MADISON AVE N / NE NEW BROOKLYN RD,122442200,23911813,T
P120054710,BIPD,4/8/2012 0:00,1054,231,PARFITT WAY SW,122376400,23128100,FU
P120058455,BIPD,4/15/2012 0:00,1033,,NE BEACH CREST DR / NORTH MADISON AVE NE,122452795,24439432,T
P120074620,BIPD,5/12/2012 0:00,1027,,SPORTSMAN CLUB RD NE / STATE HWY 305 NE,122395136,24298387,T
P120074729,BIPD,5/12/2012 0:00,1404,,NE DAY RD E / STATE HWY 305 NE,122023402,25247379,RECKL3
P120074850,BIPD,5/12/2012 0:00,1727,,AGATE POINT RD NE / NE DOLPHIN DR,121827604,26302254,FI
P120074844,BIPD,5/12/2012 0:00,1716,7571,NE DOLPHIN DR,121805400,26281400,ALRA
P120074865,BIPD,5/12/2012 0:00,1802,,FLETCHER BAY RD NE / ISLAND CENTER RD NE,121639712,23516206,T
P120074918,BIPD,5/12/2012 0:00,1937,907,CARVER ST,118435000,20790500,MEDIA
P120069017,BIPD,5/3/2012 0:00,0934,,NE BEACH CREST DR / MANITOU BEACH DR NE,122703148,24385961,TRAFF3
P120065954,BIPD,4/28/2012 0:00,0231,,WINSLOW WAY E / WINSLOW WAY E,122485875,23257927,CELL
P120066059,BIPD,4/28/2012 0:00,1018,,BATTLE POINT DR NE / DEAD END,120874335,24518746,CELL
P120069779,BIPD,5/4/2012 0:00,1405,8943,NE KONO RD,122124800,22156350,ALRA
P120069824,BIPD,5/4/2012 0:00,1512,,"XY(122347245,23694050)",122347245,23694050,CELL
P120069931,BIPD,5/4/2012 0:00,1741,,MADISON AVE N / STATE HWY 305 NE,122472543,23963078,TRAFF4
P120065369,BIPD,4/27/2012 0:00,0825,,NE HIGH SCHOOL RD / HORIZON VIEW PL NW,122310438,23631740,CELL
P120065650,BIPD,4/27/2012 0:00,1611,,"XY(122406144,23484425)",122406144,23484425,CELL
P120062251,BIPD,4/21/2012 0:00,2147,,SPORTSMAN CLUB RD NE / STATE HWY 305 NE,122395136,24298387,TRAFF3
P120065711,BIPD,4/27/2012 0:00,1742,1297,PATMOS LN NW,122229000,23647450,RETURN
P120062448,BIPD,4/22/2012 0:00,0520,19366,BROCKTON AVE NE,121535790,27427656,ASSIS3
P120062521,BIPD,4/22/2012 0:00,0956,4485,NE EAGLE HARBOR DR,122599150,22847200,MALIC4
P120065627,BIPD,4/27/2012 0:00,1527,1297,PATMOS LN NW,122229000,23647450,RUNAW4
P120071460,BIPD,5/7/2012 0:00,1141,10140,HIGH SCHOOL RD @ KITSAP BANK,122716650,23524950,PC4
P120071824,BIPD,5/7/2012 0:00,2347,,NE LOVGREEN RD E / STATE HWY 305 NE,122193914,24976129,T
P120069279,BIPD,5/3/2012 0:00,1734,7861,NE BUCKLIN HILL RD,121867900,23115000,INFOP4
P120069613,BIPD,5/4/2012 0:00,0942,305,MADISON AVE N,122413500,23319400,BURGL4
P120069645,BIPD,5/4/2012 0:00,1029,470,WOOD AVE SW,122356200,23140400,ASSIS4
P120054793,BIPD,4/8/2012 0:00,1440,,"XY(122479215,23992888)",122479215,23992888,CELL
P120058751,BIPD,4/15/2012 0:00,2301,,NE BUSINESS PARK LN / SPORTSMAN CLUB RD NE,122322118,24094785,T
P120054796,BIPD,4/8/2012 0:00,1446,245,HIGH SCHOOL RD NW,122243500,23654700,WC3
P120054831,BIPD,4/8/2012 0:00,1610,,"XY(121516890,23262979)",121516890,23262979,CELL
P120055093,BIPD,4/9/2012 0:00,0814,,NE BUCKLIN HILL RD / NE EAGLE HARBOR DR,121966131,23304962,RECKL4
P120055100,BIPD,4/9/2012 0:00,0839,4710,BLAKELY HEIGHTS DR NE,121885700,22574100,KEEP4
P120070285,BIPD,5/5/2012 0:00,1048,,NE SEABOLD RD / STATE HWY 305 NE,121590699,26041540,FU
P120070535,BIPD,5/5/2012 0:00,1940,625,WINSLOW WAY E,122607400,23236100,WRT3
P120070739,BIPD,5/6/2012 0:00,0133,,NORTH MADISON AVE NE / STATE HWY 305 NE,122395136,24298387,DUI3
P120071008,BIPD,5/6/2012 0:00,1419,10139,BATTLE POINT DR NE,120978100,24360350,SUSPI4
P120071148,BIPD,5/6/2012 0:00,1920,,NE LOVGREEN RD E / PLEASANT PL NE,122244655,24974505,ASSAU4
P120055355,BIPD,4/9/2012 0:00,1621,625,WINSLOW WAY E,122607400,23236100,FU
P120058939,BIPD,4/16/2012 0:00,1053,,NE KOURA RD / STATE HWY 305 NE,122310217,24709702,ABAND4
P120058948,BIPD,4/16/2012 0:00,1107,,HILDEBRAND LN NE / TORMEY LN NE,122534254,23589670,PC3
P120059024,BIPD,4/16/2012 0:00,1309,499,OLYMPIC DR SE,122674000,23182900,FU
P120055624,BIPD,4/10/2012 0:00,0223,499,OLYMPIC DR SE,122674000,23182900,ASSAUB
P120059421,BIPD,4/17/2012 0:00,1035,10861,NE MANITOU PARK BLVD,122932900,24590800,CPR
P120062755,BIPD,4/22/2012 0:00,1845,907,CARVER ST,118435000,20790500,MEDIA
P120065918,BIPD,4/28/2012 0:00,0102,285,MADISON AVE S,122426500,23199000,WC3
P120062893,BIPD,4/23/2012 0:00,0059,,AARON AVE / GRAND AVE,122856188,23682319,PC3
P120063002,BIPD,4/23/2012 0:00,0918,625,WINSLOW WAY E,122607400,23236100,WRT3
P120063030,BIPD,4/23/2012 0:00,0958,5608,BLAKELY AVE NE,121957262,22886214,T
P120063024,BIPD,4/23/2012 0:00,0954,15879,EUCLID AVE NE,122402600,26237050,MALIC4
P120069819,BIPD,5/4/2012 0:00,1507,625,WINSLOW WAY E,122607400,23236100,FU
P120069949,BIPD,5/4/2012 0:00,1813,9330,NE HIGH SCHOOL RD,122363800,23666100,SUSPI3
P120070022,BIPD,5/4/2012 0:00,2131,,MADISON AVE N / WYATT WAY NE,122430637,23382031,DUI3
P120070066,BIPD,5/4/2012 0:00,2306,,NE DAY RD E / STATE HWY 305 NE,122023402,25247379,DUI3
P120070168,BIPD,5/5/2012 0:00,0236,,NE SEABOLD RD / STATE HWY 305 NE,121590699,26041540,ASSIS3
P120070508,BIPD,5/5/2012 0:00,1844,,NE EAGLE HARBOR DR / MCDONALD AVE NE,122288154,22858476,TRAFF3
P120074971,BIPD,5/12/2012 0:00,2119,487,COSGROVE ST NW,122203600,23375350,PROWL3
P120075037,BIPD,5/12/2012 0:00,2307,625,WINSLOW WAY E,122607400,23236100,ASSIS4
P120075156,BIPD,5/13/2012 0:00,0631,,"XY(122406144,23484425)",122406144,23484425,CELL
P120075236,BIPD,5/13/2012 0:00,1125,,ERICKSEN AVE NE / WINSLOW WAY E,122525612,23245942,T
P120075295,BIPD,5/13/2012 0:00,1352,7305,NE HIDDEN COVE RD,121696700,25648700,FU
P120075463,BIPD,5/13/2012 0:00,1911,625,WINSLOW WAY E,122607400,23236100,FOUND4
P120070687,BIPD,5/5/2012 0:00,2350,200,HIGH SCHOOL RD NE,122476500,23646200,NOISE4
P120070749,BIPD,5/6/2012 0:00,0149,15347,SUQUAMISH WAY NE,121270800,26509200,ASSIS3
P120070836,BIPD,5/6/2012 0:00,0738,350,NE HIGH SCHOOL RD,122514450,23655900,ASSIS4
P120074302,BIPD,5/11/2012 0:00,2111,907,CARVER ST,118435000,20790500,MEDIA
P120070913,BIPD,5/6/2012 0:00,1119,,"XY(122346817,22566660)",122346817,22566660,CELL
P120071067,BIPD,5/6/2012 0:00,1631,,LYNWOOD CENTER RD NE / NE OPAL RIDGE LN,121716320,22933709,T
P120075590,BIPD,5/14/2012 0:00,0042,,SUNRISE DR NE / NE VALLEY RD,122722526,24697639,PC3
P120073770,BIPD,5/11/2012 0:00,0659,,HIGH SCHOOL RD NE / STATE HWY 305 NE,122571082,23644469,TRAFF3
P120073937,BIPD,5/11/2012 0:00,1225,15446,SUNRISE DR NE,122763600,26092300,FI
P120074319,BIPD,5/11/2012 0:00,2131,,MADISON AVE N / NE NEW BROOKLYN RD,122442200,23911813,T
P120074323,BIPD,5/11/2012 0:00,2151,,NE BUSINESS PARK LN / SPORTSMAN CLUB RD NE,122322118,24094785,T
P120059441,BIPD,4/17/2012 0:00,1110,12985,PHELPS RD NE,122013600,25315000,FU
P120055785,BIPD,4/10/2012 0:00,1148,12345,ARROW POINT LOOP NE,121220250,24984800,WIRESF
P120055817,BIPD,4/10/2012 0:00,1248,,HIGH SCHOOL RD NE / STATE HWY 305 NE,122571082,23644469,T
P120056194,BIPD,4/11/2012 0:00,0458,,,122630768,23204044,CELL
P120056594,BIPD,4/11/2012 0:00,2218,1858,SAKAI VILLAGE LOOP NE,122496450,23830700,FU
P120059665,BIPD,4/17/2012 0:00,1810,907,CARVER ST,118435000,20790500,MEDIA
P120071665,BIPD,5/7/2012 0:00,1726,,NE DAY RD W / MILLER RD NE,121978357,25249210,T
P120071696,BIPD,5/7/2012 0:00,1825,,NE LOVGREEN RD W / MILLER RD NE,121741307,24988019,T
P120071801,BIPD,5/7/2012 0:00,2249,,MADISON AVE N / WYATT WAY NE,122430637,23382031,TRAFF3
P120071912,BIPD,5/8/2012 0:00,0628,,MILLER RD NE / NE NEW BROOKLYN RD,121365750,23936543,T
P120071936,BIPD,5/8/2012 0:00,0811,625,WINSLOW WAY E,122607400,23236100,FI
P120071994,BIPD,5/8/2012 0:00,0959,625,WINSLOW WAY E,122607400,23236100,SUSPI4
P120071096,BIPD,5/6/2012 0:00,1736,,NE HIGH SCHOOL RD / MADISON AVE N,122433634,23644002,T
P120071132,BIPD,5/6/2012 0:00,1859,,ERICKSEN AVE NE / WINSLOW WAY E,122525612,23245942,UNKNO3
P120071169,BIPD,5/6/2012 0:00,2045,,NE HIGH SCHOOL RD / LOVELL AVE NW,122305944,23652365,SUSPI3
P120074611,BIPD,5/12/2012 0:00,1004,,NE CORNERSTONE LN / DEAD END,121833567,23342379,CELL
P120071184,BIPD,5/6/2012 0:00,2112,,NE DAY RD E / STATE HWY 305 NE,122023402,25247379,T
P120071186,BIPD,5/6/2012 0:00,2115,,"XY(122406144,23484425)",122406144,23484425,CELL
P120074380,BIPD,5/11/2012 0:00,2308,11687,NE SUNSET LOOP,121743350,24880950,GUNVI3
P120076406,BIPD,5/15/2012 0:00,1214,,MADISON AVE N / WINSLOW WAY E,122427660,23249390,BLSP
P120076526,BIPD,5/15/2012 0:00,1604,550,MADISON AVE N,122431200,23400600,FU
P120076607,BIPD,5/15/2012 0:00,1810,550,MADISON AVE N,122431200,23400600,FU
P120076636,BIPD,5/15/2012 0:00,1906,879,GROW AVE NW,122325700,23511600,FU
P120076672,BIPD,5/15/2012 0:00,2016,11299,ARROW POINT DR NE,121068800,24696200,MISSI3
P120056742,BIPD,4/12/2012 0:00,0901,625,WINSLOW WAY E,122607400,23236100,FI
P120059842,BIPD,4/17/2012 0:00,0958,,NE HIGH SCHOOL RD / WESTERLY LN NE,121872133,23667388,PC4
P120056905,BIPD,4/12/2012 0:00,1430,4685,NE NORTH TOLO RD,120869337,24506360,ALRA
P120056951,BIPD,4/12/2012 0:00,1559,,,121666782,24712852,CELL
P120056963,BIPD,4/12/2012 0:00,1634,225,HIGH SCHOOL RD NW,122240895,23654772,HARAS4
P120060254,BIPD,4/18/2012 0:00,1638,301,HIGH SCHOOL RD NE,122491500,23645900,ASSIS4
P120074946,BIPD,5/12/2012 0:00,2031,,NE CARMELLA LN / SPORTSMAN CLUB RD NE,122038267,23529659,FU
P120069072,BIPD,5/3/2012 0:00,1116,,HILDEBRAND LN NE / TORMEY LN NE,122534254,23589670,PC3
P120071455,BIPD,5/7/2012 0:00,1137,,"XY(121857064,25207003)",121857064,25207003,CELL
P120071463,BIPD,5/7/2012 0:00,1145,,NE SUMANEE PL / NE YETI LN,122060776,25333099,CELL
P120069114,BIPD,5/3/2012 0:00,1233,200,HIGH SCHOOL RD NE,122476500,23646200,VERBA3
P120076833,BIPD,5/16/2012 0:00,0602,499,OLYMPIC DR SE,122674000,23182900,ASSIS3
P120076900,BIPD,5/16/2012 0:00,0929,15576,WASHINGTON AVE NE,122424400,26166250,CIVIL4
P120077121,BIPD,5/16/2012 0:00,1542,,ERICKSEN AVE NE / WINSLOW WAY E,122525612,23245942,PC3
P120077123,BIPD,5/16/2012 0:00,1546,,NE DAY RD E / STATE HWY 305 NE,122023402,25247379,ASSAU3
P120077591,BIPD,5/17/2012 0:00,1203,465,WALLACE WAY NW,122309700,23509350,BLSP
P120077595,BIPD,5/17/2012 0:00,1208,650,ERICKSEN AVE NE,122539100,23426350,DUI3
P120071995,BIPD,5/8/2012 0:00,0959,245,HIGH SCHOOL RD NW,122243500,23654700,FU
P120074314,BIPD,5/11/2012 0:00,2124,,NE DAY RD E / STATE HWY 305 NE,122023402,25247379,DUI2
P120072053,BIPD,5/8/2012 0:00,1149,245,HIGH SCHOOL RD NW,122243500,23654700,FU
P120072356,BIPD,5/8/2012 0:00,1950,625,WINSLOW WAY E,122607400,23236100,MISC4
P120074849,BIPD,5/12/2012 0:00,1726,,BIRKLAND RD NE / WEST BLAKELY RD NE,122064347,22362730,CELL
P120074864,BIPD,5/12/2012 0:00,1759,10048,HIGH SCHOOL RD NE,122571300,23644500,ALRA
P120060284,BIPD,4/18/2012 0:00,1719,,DEAD END / MADISON AVE N,122444215,23289487,CELL
P120054155,BIPD,4/7/2012 0:00,0923,5834,WARD AVE NE,122596400,22917100,THREA4
P120060371,BIPD,4/18/2012 0:00,2005,,STATE HWY 305 NE / VIKING AVE NW,119300662,28150779,TRANS
P120060392,BIPD,4/18/2012 0:00,2122,8542,BATTLE POINT DR NE,121226850,24190950,VERBA3
P120054185,BIPD,4/7/2012 0:00,1024,,BATTLE POINT DR NE / MILLER RD NE,121350327,24126968,T
P120054354,BIPD,4/7/2012 0:00,1640,,FLETCHER BAY RD NE / NE HIGH SCHOOL RD,121498530,23670902,T
P120072124,BIPD,5/8/2012 0:00,1339,,ERICKSEN AVE NE / WINSLOW WAY E,122525612,23245942,PC3
P120072327,BIPD,5/8/2012 0:00,1839,2412,SOUNDVIEW DR NE,122367750,21797900,ANIMA3
P120072833,BIPD,5/9/2012 0:00,1633,,NE DAY RD E / NE YETI LN,122025071,25272959,CELL
P120072988,BIPD,5/9/2012 0:00,2125,316,WINSLOW WAY E,122497400,23247300,FI
P120076010,BIPD,5/14/2012 0:00,1811,6490,NE JUSTIN CT,121431950,24574500,MISSI4
P120073256,BIPD,5/10/2012 0:00,1054,,NE ADAS WILL LN / STATE HWY 305 NE,121518898,26215422,TRAFF3
P120077797,BIPD,5/17/2012 0:00,1733,,SPORTSMAN CLUB RD NE / STATE HWY 305 NE,122395136,24298387,MISC3
P120077851,BIPD,5/17/2012 0:00,1917,,MADRONE LN N / WINSLOW WAY E,122461044,23248357,T
P120077871,BIPD,5/17/2012 0:00,2005,,NE DAY RD W / MILLER RD NE,121978357,25249210,T
P120077898,BIPD,5/17/2012 0:00,2106,,NE NEW BROOKLYN RD / NORTH TOWN DR NE,122285145,23917554,T
P120077940,BIPD,5/17/2012 0:00,2253,,MADISON AVE N / WINSLOW WAY E,122427660,23249390,FU
P120078203,BIPD,5/18/2012 0:00,1303,10048,HIGH SCHOOL RD NE,122571300,23644500,WC911
P120054355,BIPD,4/7/2012 0:00,1642,11201,SUNRISE DR NE,122722500,24697800,T
P120060753,BIPD,4/19/2012 0:00,1342,10589,MANDUS OLSON RD NE,121793925,24453119,WC911
P120057891,BIPD,4/14/2012 0:00,0725,,SPORTSMAN CLUB RD NE / STATE HWY 305 NE,122395136,24298387,T
P120061095,BIPD,4/20/2012 0:00,0122,7056,NE NEW BROOKLYN RD,121576600,23979950,RUNAW4
P120058287,BIPD,4/14/2012 0:00,2323,,NE NEW BROOKLYN RD / SPORTSMAN CLUB RD NE,122235375,23919324,T
P120073581,BIPD,5/10/2012 0:00,2002,,"XY(122514013,23576557)",122514013,23576557,CELL
P120073622,BIPD,5/10/2012 0:00,2132,,MADISON AVE N / STATE HWY 305 NE,122472543,23963078,MVCG
P120073781,BIPD,5/11/2012 0:00,0746,,MADISON AVE N / STATE HWY 305 NE,122472543,23963078,RECKL3
P120076625,BIPD,5/15/2012 0:00,1846,502,GROW AVE NW,122340500,23393800,NOISE4
P120073881,BIPD,5/11/2012 0:00,1054,10931,NE SOUTH BEACH DR,122786400,21431450,NOISE4
P120073920,BIPD,5/11/2012 0:00,1149,9343,SPORTSMAN CLUB RD NE,122337100,24132500,FU
P120061425,BIPD,4/20/2012 0:00,1450,,KILLDEER LN NE / NE KOURA RD,121818507,24724502,T
P120061867,BIPD,4/21/2012 0:00,0904,11290,SUNRISE DR NE,122733850,24732650,ALRA
P120058461,BIPD,4/15/2012 0:00,1040,8346,GRAND AVE NE,122822500,23761650,FU
P120058768,BIPD,4/15/2012 0:00,2350,,SPORTSMAN CLUB RD NE / STATE HWY 305 NE,122395136,24298387,T
P120058771,BIPD,4/15/2012 0:00,2359,,MILLER RD NE / NE TOLO RD,121433990,24330529,T
P120058833,BIPD,4/16/2012 0:00,0639,625,WINSLOW WAY E,122607400,23236100,THEFT4
P120078154,BIPD,5/18/2012 0:00,1130,9343,SPORTSMAN CLUB RD NE,122337100,24132500,FI
P120076171,BIPD,5/15/2012 0:00,0029,465,WINSLOW WAY E,122543850,23233600,THREA4
P120078312,BIPD,5/18/2012 0:00,1544,,NE DAY RD E / STATE HWY 305 NE,122023402,25247379,T
P120078473,BIPD,5/18/2012 0:00,2111,,KIMIKO LN / MADISON AVE N,122440017,23810953,T
P120078478,BIPD,5/18/2012 0:00,2120,,NE LAUGHING SALMON LN / TRIMBLE AVE NE,122080508,23988500,T
P120078636,BIPD,5/19/2012 0:00,0233,285,MADISON AVE S,122426500,23199000,PROWL3
P120074289,BIPD,5/11/2012 0:00,2052,8065,NE WEST PORT MADISON RD,122003604,26045943,PC3
P120074428,BIPD,5/12/2012 0:00,0012,,NE SEABOLD RD / STATE HWY 305 NE,121590699,26041540,LOUDP4
P120074494,BIPD,5/12/2012 0:00,0209,,"XY(122406144,23484425)",122406144,23484425,CELL
P120074488,BIPD,5/12/2012 0:00,0157,12740,VISTA DR NE,122352123,25221045,ASSIS3
P120074498,BIPD,5/12/2012 0:00,0218,11109,HYLA AVE NE,122656356,24669395,UNKNO2
P120074552,BIPD,5/12/2012 0:00,0702,499,OLYMPIC DR SE,122674000,23182900,SUSPI2
P120062192,BIPD,4/21/2012 0:00,1954,14976,SANDY HOOK RD NE,120959400,25999400,FI
P120062284,BIPD,4/21/2012 0:00,2245,,SIVERTSON RD NE / NE WEST PORT MADISON RD,121960506,26032235,RECKL3
P120062400,BIPD,4/22/2012 0:00,0207,,NE HIGH SCHOOL RD / SPORTSMAN CLUB RD NE,122100813,23659652,FI
P120058853,BIPD,4/16/2012 0:00,0804,,NE HIDDEN COVE RD / MANZANITA RD NE,121491223,25653561,T
P120058925,BIPD,4/16/2012 0:00,1026,,FLETCHER BAY RD NE / NE HIGH SCHOOL RD,121498530,23670902,WIRESU
P120059135,BIPD,4/16/2012 0:00,1530,1270,MADISON AVE N,122444300,23625500,MALIC4
P120074697,BIPD,5/12/2012 0:00,1256,,STATE HWY 305 NE / WINSLOW WAY E,122597069,23245490,T
P120075006,BIPD,5/12/2012 0:00,2206,253,HIGH SCHOOL RD NE,122470100,23646300,FU
P120072010,BIPD,5/8/2012 0:00,1037,9638,NE LAFAYETTE AVE,122509250,26177250,ALRA
P120075960,BIPD,5/14/2012 0:00,1628,10225,MANITOU BEACH DR NE,122767600,24426700,ALRU
P120075979,BIPD,5/14/2012 0:00,1718,,LOVELL AVE NW / WYATT WAY NW,122300088,23386514,MALIC4
P120063260,BIPD,4/23/2012 0:00,1636,625,WINSLOW WAY E,122607400,23236100,MISC4
P120066796,BIPD,4/29/2012 0:00,1618,16285,STATE HWY 305 NE,120963750,26314350,THREA4
P120066840,BIPD,4/29/2012 0:00,1746,,HIGH SCHOOL RD NE / MADISON AVE N,122567518,23651641,CELL
P120063432,BIPD,4/23/2012 0:00,2248,,NE KOURA RD / STATE HWY 305 NE,122310217,24709702,T
P120063572,BIPD,4/24/2012 0:00,0819,625,WINSLOW WAY E,122607400,23236100,WRT4
P120063559,BIPD,4/24/2012 0:00,0735,625,WINSLOW WAY E,122607400,23236100,TRANS
P120078666,BIPD,5/19/2012 0:00,0511,835,MADISON AVE N,122415100,23498500,MALIC4
P120078696,BIPD,5/19/2012 0:00,0734,907,CARVER ST,118435000,20790500,MEDIA
P120078717,BIPD,5/19/2012 0:00,0826,14910,SUNRISE DR NE,122813450,25970700,WC911
P120078769,BIPD,5/19/2012 0:00,1023,9212,NE RUYS LN,121970400,24038700,SFR
P120078877,BIPD,5/19/2012 0:00,1328,,NE HIGH SCHOOL RD / HORIZON VIEW PL NW,122314854,23640764,CELL
P120078881,BIPD,5/19/2012 0:00,1333,,HIGH SCHOOL RD NE / HILDEBRAND LN NE,122535496,23644973,TRAFF3
P120062663,BIPD,4/22/2012 0:00,1625,,NE HIDDEN COVE RD / STATE HWY 305 NE,121741136,25661125,RECKL3
P120062901,BIPD,4/23/2012 0:00,0150,,JUST A MEER LN NE / STATE HWY 305 NE,122250788,24846810,TRAFF3
P120059459,BIPD,4/17/2012 0:00,0804,,NE HIGH SCHOOL RD / SANDS AVE NE,121907925,23666959,MVC4
P120059506,BIPD,4/17/2012 0:00,1319,,BLAKELY AVE NE / NE ODD FELLOWS RD,122237383,22290522,RECKL3
P120059557,BIPD,4/17/2012 0:00,1445,724,ERICKSEN AVE NE,122539700,23463700,WC911
P120063044,BIPD,4/23/2012 0:00,1020,625,WINSLOW WAY E,122607400,23236100,MISC4
P120076030,BIPD,5/14/2012 0:00,1833,6490,NE JUSTIN CT,121431950,24574500,FU
P120076141,BIPD,5/14/2012 0:00,2304,10259,NE SUNROSE LN,122700150,25298100,WC911
P120078249,BIPD,5/18/2012 0:00,1413,,NE HIGH SCHOOL RD / HORIZON VIEW PL NW,122310438,23631740,CELL
P120076360,BIPD,5/15/2012 0:00,1058,10255,NE VALLEY RD,122674600,24698700,MISC4
P120076403,BIPD,5/15/2012 0:00,1208,9125,SPORTSMAN CLUB RD NE,122290100,24108100,ASSAU4
P120078458,BIPD,5/18/2012 0:00,2034,625,WINSLOW WAY E,122607400,23236100,FI
P120078904,BIPD,5/19/2012 0:00,1409,,HIGH SCHOOL RD NE / STATE HWY 305 NE,122571082,23644469,TRAFF3
P120079004,BIPD,5/19/2012 0:00,1725,625,WINSLOW WAY E,122607400,23236100,MISC3
P120079090,BIPD,5/19/2012 0:00,2042,,NE EAGLE HARBOR DR / WYATT WAY NW,121975030,23400247,T
P120079107,BIPD,5/19/2012 0:00,2129,4779,LYNWOOD CENTER RD NE,121749200,22595450,PC4
P120075924,BIPD,5/14/2012 0:00,1534,,"XY(122090015,25029985)",122090015,25029985,CELL
P120075947,BIPD,5/14/2012 0:00,1601,911,CARVER ST,118421000,20788100,CELL
P120074955,BIPD,5/12/2012 0:00,2048,550,MADISON AVE N,122431200,23400600,FU
P120072431,BIPD,5/8/2012 0:00,2246,15446,SUNRISE DR NE,122763600,26092300,SUSPI3
P120072524,BIPD,5/9/2012 0:00,0731,,"XY(122474346,23987887)",122474346,23987887,CELL
P120069338,BIPD,5/3/2012 0:00,1937,907,CARVER ST,118435000,20790500,MEDIA
P120069488,BIPD,5/4/2012 0:00,0143,9125,SPORTSMAN CLUB RD NE,122290100,24108100,TRAFF3
P120063015,BIPD,4/23/2012 0:00,0940,9805,NE MURDEN COVE DR,122550350,24367500,WC4
P120059578,BIPD,4/17/2012 0:00,1527,625,WINSLOW WAY E,122607400,23236100,FI
P120059744,BIPD,4/17/2012 0:00,2146,829,NE HIGH SCHOOL RD,122683050,23596550,THREA4
P120060051,BIPD,4/18/2012 0:00,1100,499,OLYMPIC DR SE,122674000,23182900,ALRS
P120060090,BIPD,4/18/2012 0:00,1211,,NE HIGH SCHOOL RD / HORIZON VIEW PL NW,122310438,23631740,CELL
P120063626,BIPD,4/24/2012 0:00,1010,,HENSHAW WAY NE / MADISON AVE N,122428700,23292510,RECKL3
P120076677,BIPD,5/15/2012 0:00,2020,,MADISON AVE N / WYATT WAY NE,122430637,23382031,FU
P120076711,BIPD,5/15/2012 0:00,2135,,OLYMPIC DR SE / WINSLOW WAY E,122597069,23245490,T
P120076760,BIPD,5/15/2012 0:00,2335,,NE DAY RD E / STATE HWY 305 NE,122023402,25247379,T
P120076919,BIPD,5/16/2012 0:00,0958,5211,ROSE AVE NE,122368550,22775850,CIVIL4
P120077045,BIPD,5/16/2012 0:00,1350,7305,NE HIDDEN COVE RD,121696700,25648700,FU
P120077037,BIPD,5/16/2012 0:00,1338,625,WINSLOW WAY E,122607400,23236100,THEFT4
P120073123,BIPD,5/10/2012 0:00,0419,5011,CRYSTAL SPRINGS DR NE,121080550,22699050,ALRA
P120075934,BIPD,5/14/2012 0:00,1542,625,WINSLOW WAY E,122607400,23236100,MISC3
P120073146,BIPD,5/10/2012 0:00,0645,,NE HIDDEN COVE RD / STATE HWY 305 NE,121741136,25661125,DUI3
P120073183,BIPD,5/10/2012 0:00,0824,,HIGH SCHOOL RD NE / STATE HWY 305 NE,122571082,23644469,FU
P120073269,BIPD,5/10/2012 0:00,1114,625,WINSLOW WAY E,122607400,23236100,MISC4
P120073307,BIPD,5/10/2012 0:00,1231,,"XY(121861362,25447713)",121861362,25447713,CELL
P120076003,BIPD,5/14/2012 0:00,1808,907,CARVER ST,118435000,20790500,MEDIA
P120079222,BIPD,5/20/2012 0:00,0029,11299,ARROW POINT DR NE,121068800,24696200,SUSPI3
P120079400,BIPD,5/20/2012 0:00,1148,,"XY(122552272,23583747)",122552272,23583747,CELL
P120079410,BIPD,5/20/2012 0:00,1220,499,OLYMPIC DR SE,122674000,23182900,VERBA4
P120076040,BIPD,5/14/2012 0:00,1846,9453,COPPERTOP LOOP NE,122383150,24117150,ALRA
P120076114,BIPD,5/14/2012 0:00,2140,,"XY(122406144,23484425)",122406144,23484425,CELL
P120060215,BIPD,4/18/2012 0:00,1549,1050,HILDEBRAND LN NE,122545200,23588400,FU
P120064241,BIPD,4/25/2012 0:00,1131,625,WINSLOW WAY E,122607400,23236100,FI
P120060344,BIPD,4/18/2012 0:00,1904,907,CARVER ST,118435000,20790500,MEDIA
P120060578,BIPD,4/19/2012 0:00,0900,,NE DAY RD E / STATE HWY 305 NE,122023402,25247379,DUI3
P120057105,BIPD,4/12/2012 0:00,2112,601,HIGH SCHOOL RD NE,122587100,23628700,T
P120064509,BIPD,4/25/2012 0:00,1817,8100,HANSEN RD NE,121117402,23723485,INFOP4
P120078251,BIPD,5/18/2012 0:00,1415,,NE HIGH SCHOOL RD / HORIZON VIEW PL NW,122310438,23631740,CELL
P120080029,BIPD,5/21/2012 0:00,1614,,"XY(122552272,23583747)",122552272,23583747,CELL
P120080022,BIPD,5/21/2012 0:00,1559,397,WINSLOW WAY E,122524500,23246000,MVCA
P120080158,BIPD,5/21/2012 0:00,2039,200,NE MOE ST,119433900,27351200,WRT3
P120080367,BIPD,5/22/2012 0:00,0842,,FORT WARD HILL RD NE / NE KITSAP ST,122359237,21866935,TRAFF3
P120080737,BIPD,5/22/2012 0:00,2128,499,OLYMPIC DR SE,122674000,23182900,DUI3
P120077452,BIPD,5/17/2012 0:00,0744,,NE MORGAN RD / STATE HWY 305 NE,122252700,24842450,T
P120079396,BIPD,5/20/2012 0:00,1132,,REITAN RD NE / STATE HWY 305 NE,121437974,26434991,TRAFF3
P120077461,BIPD,5/17/2012 0:00,0807,,KIMIKO LN / SAKAI VILLAGE LOOP NE,122452768,23810394,T
P120075118,BIPD,5/13/2012 0:00,0151,403,MADISON AVE N,122430200,23357500,UNWAN3
P120075267,BIPD,5/13/2012 0:00,1245,,STATE HWY 305 NE / WINSLOW WAY E,122597069,23245490,T
P120057593,BIPD,4/13/2012 0:00,1726,599,HARBORVIEW DR SE,122599000,23135000,THEFT4
P120064596,BIPD,4/25/2012 0:00,2134,8301,NE DAY RD E,122023500,25247400,ANIMA3
P120060586,BIPD,4/19/2012 0:00,0919,,NE DAY RD E / SUNRISE DR NE,122733885,25222379,FOUND4
P120060698,BIPD,4/19/2012 0:00,1216,,REITAN RD NE / STATE HWY 305 NE,121501742,26370270,RECKL3
P120057700,BIPD,4/13/2012 0:00,2108,,MADISON AVE S / PARFITT WAY SW,122425441,23164008,ASSIS3
P120061392,BIPD,4/20/2012 0:00,1407,,MADISON AVE N / WYATT WAY NE,122430637,23382031,FOUND5
P120073304,BIPD,5/10/2012 0:00,1230,15843,AGATE PASS BRG,121391000,26467600,ASSIS3
P120076660,BIPD,5/15/2012 0:00,1953,465,WINSLOW WAY E,122543850,23233600,FU
P120073437,BIPD,5/10/2012 0:00,1553,,GROW AVE NW / WYATT WAY NW,122332251,23385462,DUI3
P120073518,BIPD,5/10/2012 0:00,1737,907,CARVER ST,118435000,20790500,MEDIA
P120077718,BIPD,5/17/2012 0:00,1531,783,MADISON AVE N,122425100,23483350,WC911
P120073545,BIPD,5/10/2012 0:00,1833,,REITAN RD NE / STATE HWY 305 NE,121501742,26370270,RECKL3
P120075360,BIPD,5/13/2012 0:00,1557,,"XY(122406144,23484425)",122406144,23484425,CELL
P120075369,BIPD,5/13/2012 0:00,1608,343,WINSLOW WAY E,122501900,23247000,LOSTP4
P120075702,BIPD,5/14/2012 0:00,0927,,NE HIGH SCHOOL RD / HORIZON VIEW PL NW,122310438,23631740,CELL
P120075806,BIPD,5/14/2012 0:00,1212,9415,MILLER RD NE,121350800,24173100,FOUND4
P120077766,BIPD,5/17/2012 0:00,1640,,NE HIGH SCHOOL RD / MADISON AVE N,122433634,23644002,T
P120077857,BIPD,5/17/2012 0:00,1930,9000,MILLER RD NE,121360650,24052700,PC4
P120080782,BIPD,5/22/2012 0:00,2348,,NE DAY RD E / STATE HWY 305 NE,122023402,25247379,FI
P120081064,BIPD,5/23/2012 0:00,1403,550,MADISON AVE N,122431200,23400600,MALIC4
P120081350,BIPD,5/23/2012 0:00,2253,,NE EAGLE HARBOR DR / WYATT WAY NW,121975030,23400247,T
P120081447,BIPD,5/24/2012 0:00,0725,625,WINSLOW WAY E,122607400,23236100,WRT4
P120081502,BIPD,5/24/2012 0:00,1020,,NE HIDDEN COVE RD / STATE HWY 305 NE,121741136,25661125,RECKL2
P120081815,BIPD,5/24/2012 0:00,1855,625,WINSLOW WAY E,122607400,23236100,FU
P120073845,BIPD,5/11/2012 0:00,0950,,MADISON AVE N / WINSLOW WAY E,122427660,23249390,T
P120078192,BIPD,5/18/2012 0:00,1245,,NE EAGLE HARBOR DR / NE OLD CREOSOTE HILL RD,122928362,22848761,TRAFF3
P120073844,BIPD,5/11/2012 0:00,0950,14519,PHELPS RD NE,122376650,25803100,HARAS4
P120078301,BIPD,5/18/2012 0:00,1529,,NE BAKER HILL RD / LYNWOOD CENTER RD NE,121772402,22605337,RECKL3
P120074051,BIPD,5/11/2012 0:00,1449,,HIGH SCHOOL RD NE / STATE HWY 305 NE,122571082,23644469,MVC4
P120074117,BIPD,5/11/2012 0:00,1604,,"XY(120878759,24201947)",120878759,24201947,CELL
P120065361,BIPD,4/27/2012 0:00,0804,,MADISON AVE N / NE NEW BROOKLYN RD,122442200,23911813,T
P120065714,BIPD,4/27/2012 0:00,1745,,NE EAGLE HARBOR DR / WYATT WAY NW,121975030,23400247,T
P120061962,BIPD,4/21/2012 0:00,1243,6105,NE MARSHALL RD,121274400,23216800,SUSPI2
P120062134,BIPD,4/21/2012 0:00,1730,,PLEASANT BEACH DR NE / POINT WHITE DR NE,121758992,22525846,MVC4
P120066054,BIPD,4/28/2012 0:00,1004,,NE HIGH SCHOOL RD / MADISON AVE N,122434245,23650717,T
P120077927,BIPD,5/17/2012 0:00,2208,,MADISON AVE N / WINSLOW WAY E,122427660,23249390,RECKL3
P120078186,BIPD,5/18/2012 0:00,1230,,NE KOURA RD / STATE HWY 305 NE,122310217,24709702,TRAFF3
P120078272,BIPD,5/18/2012 0:00,1449,12231,SUNRISE DR NE,122701550,25030450,TRESP3
P120078386,BIPD,5/18/2012 0:00,1801,321,HIGH SCHOOL RD NE,122500500,23645700,ASSIS3
P120078802,BIPD,5/19/2012 0:00,1129,,NE KOURA RD / MILLER RD NE,121576406,24728795,RECKL3
P120078925,BIPD,5/19/2012 0:00,1441,,NE DAY RD E / STATE HWY 305 NE,122023402,25247379,T
P120074273,BIPD,5/11/2012 0:00,2035,,BATTLE POINT DR NE / MILLER RD NE,121350327,24126968,T
P120074462,BIPD,5/12/2012 0:00,0119,,STATE HWY 305 NE / NE WEST PORT MADISON RD,121590699,26041540,T
P120078484,BIPD,5/18/2012 0:00,2131,,MANDUS OLSON RD NE / NE NEW BROOKLYN RD,121781469,23932547,T
P120078629,BIPD,5/19/2012 0:00,0217,,STATE HWY 305 NE / WINSLOW WAY E,122597069,23245490,DUI3
P120078674,BIPD,5/19/2012 0:00,0542,,"XY(122492359,23964871)",122492359,23964871,CELL
P120074787,BIPD,5/12/2012 0:00,1546,299,SHANNON DR SE,122508700,23164500,LOSTP3
P120081839,BIPD,5/24/2012 0:00,1948,625,WINSLOW WAY E,122607400,23236100,FU
P120081894,BIPD,5/24/2012 0:00,2148,,KIMIKO LN / MADISON AVE N,122440017,23810953,T
P120081946,BIPD,5/24/2012 0:00,2342,,NE HIDDEN COVE RD / STATE HWY 305 NE,121741136,25661125,DUI3
P120081979,BIPD,5/25/2012 0:00,0105,9330,NE HIGH SCHOOL RD,122363800,23666100,PC3
P120082040,BIPD,5/25/2012 0:00,0738,907,CARVER ST,118435000,20790500,MEDIA
P120082104,BIPD,5/25/2012 0:00,1005,,GROW AVE NW / NE HIGH SCHOOL RD,122337828,23651155,T
P120078954,BIPD,5/19/2012 0:00,1526,,MADISON AVE N / WYATT WAY NE,122430637,23382031,RECKL3
P120078965,BIPD,5/19/2012 0:00,1554,,NE HIGH SCHOOL RD / MADISON AVE N,122433634,23644002,T
P120079043,BIPD,5/19/2012 0:00,1912,,NE MORGAN RD / STATE HWY 305 NE,122252700,24842450,T
P120079205,BIPD,5/20/2012 0:00,0009,406,HIGH SCHOOL RD NE,122537800,23644900,T
P120079312,BIPD,5/20/2012 0:00,0657,,STATE HWY 305 NE / WINSLOW WAY E,122597069,23245490,T
P120079329,BIPD,5/20/2012 0:00,0834,8954,MADISON AVE N,122502650,23960350,DV3
P120079561,BIPD,5/20/2012 0:00,1748,4939,NE AVALON LN,121970300,22658600,WC911
P120079963,BIPD,5/21/2012 0:00,1440,200,HIGH SCHOOL RD NE,122476500,23646200,WC3
P120077468,BIPD,5/17/2012 0:00,0823,9576,NE MARY SAM LN,122413450,25335250,MENTA3
P120077661,BIPD,5/17/2012 0:00,1355,9125,SPORTSMAN CLUB RD NE,122290100,24108100,FU
P120079980,BIPD,5/21/2012 0:00,1501,12985,PHELPS RD NE,122013600,25315000,T
P120082402,BIPD,5/25/2012 0:00,1717,,COMMODORE LN NW / KINGS PL NW,122275852,23672035,T
P120072599,BIPD,5/9/2012 0:00,1037,299,SHANNON DR SE,122508700,23164500,THEFT4
P120079096,BIPD,5/19/2012 0:00,2103,,BLAKELY AVE NE / NE ODD FELLOWS RD,122237383,22290522,T
P120079206,BIPD,5/20/2012 0:00,0010,,STATE HWY 305 NE / NE WEST PORT MADISON RD,121590699,26041540,T
P120079232,BIPD,5/20/2012 0:00,0050,751,HIGH SCHOOL RD NW,122210500,23643800,LOUDP3
P120072899,BIPD,5/9/2012 0:00,1748,10855,NE PUGET BLUFF LN,122886050,25758100,BURGL4
P120066058,BIPD,4/28/2012 0:00,1016,,"XY(121039525,24641964)",121039525,24641964,CELL
P120066068,BIPD,4/28/2012 0:00,1032,,"XY(121079600,24707095)",121079600,24707095,CELL
P120062096,BIPD,4/21/2012 0:00,1633,10526,NE WIGGINS RD,122733950,22657550,PC3
P120062151,BIPD,4/21/2012 0:00,1815,625,WINSLOW WAY E,122607400,23236100,MISC4
P120062480,BIPD,4/22/2012 0:00,0752,,NE BAKER HILL RD / LYNWOOD CENTER RD NE,121772402,22605337,FU
P120062488,BIPD,4/22/2012 0:00,0819,7087,NE BAY HILL RD,121578950,24847250,FU
P120082164,BIPD,5/25/2012 0:00,1158,,GROW AVE NW / WYATT WAY NW,122332251,23385462,TRAFF3
P120082348,BIPD,5/25/2012 0:00,1608,9900,NE TORVANGER RD,122573492,25625802,T
P120082350,BIPD,5/25/2012 0:00,1611,,MADISON AVE N / WINSLOW WAY E,122427660,23249390,PC3
P120082536,BIPD,5/25/2012 0:00,2055,499,OLYMPIC DR SE,122674000,23182900,SUSPI3
P120079779,BIPD,5/21/2012 0:00,0846,7873,NE DAY RD W,121902639,25251576,WC911
P120082559,BIPD,5/25/2012 0:00,2144,253,HIGH SCHOOL RD NE,122470100,23646300,FI
P120075484,BIPD,5/13/2012 0:00,2002,530,WOOD AVE SW,122357850,23131500,WC911
P120076316,BIPD,5/15/2012 0:00,0944,635,HIGH SCHOOL RD NE,122615700,23616500,MVC3
P120076339,BIPD,5/15/2012 0:00,1022,7580,NE CORNERSTONE LN,121801930,23332886,UNKNO4
P120076364,BIPD,5/15/2012 0:00,1109,625,WINSLOW WAY E,122607400,23236100,FI
P120076362,BIPD,5/15/2012 0:00,1104,343,WINSLOW WAY E,122501900,23247000,VEHIT4
P120076644,BIPD,5/15/2012 0:00,1918,625,WINSLOW WAY E,122607400,23236100,MISC4
P120066807,BIPD,4/29/2012 0:00,1635,,COSGROVE ST NW / WYATT WAY NW,122209928,23389986,SUSPI4
P120066815,BIPD,4/29/2012 0:00,1653,5276,NE OLD MILL RD,122153200,22758700,WC911
P120062543,BIPD,4/22/2012 0:00,1106,499,OLYMPIC DR SE,122674000,23182900,DUI4
P120062952,BIPD,4/23/2012 0:00,0707,625,WINSLOW WAY E,122607400,23236100,WC911
P120067557,BIPD,4/30/2012 0:00,2050,11610,NE WING POINT WAY,123060024,23362046,ALRA
P120067637,BIPD,5/1/2012 0:00,0115,,NE DAY RD E / STATE HWY 305 NE,122023402,25247379,T
P120076789,BIPD,5/16/2012 0:00,0141,253,HIGH SCHOOL RD NE,122470100,23646300,INTOX3
P120081073,BIPD,5/23/2012 0:00,1411,9330,NE HIGH SCHOOL RD,122363800,23666100,PC3
P120077328,BIPD,5/16/2012 0:00,2215,253,HIGH SCHOOL RD NE,122470100,23646300,MISC3
P120077790,BIPD,5/17/2012 0:00,1723,,HIGH SCHOOL RD NE / STATE HWY 305 NE,122571082,23644469,DUI3
P120078120,BIPD,5/18/2012 0:00,1013,7565,NE EMERALD WAY,121736700,22782500,DV4
P120078237,BIPD,5/18/2012 0:00,1357,8355,NE DAY RD E,122064100,25221100,FU
P120080000,BIPD,5/21/2012 0:00,1525,,"XY(121720712,25692507)",121720712,25692507,T
P120077740,BIPD,5/17/2012 0:00,1600,,"XY(122346817,22566660)",122346817,22566660,CELL
P120080424,BIPD,5/22/2012 0:00,1043,249,WINSLOW WAY E,122475500,23238850,ALRB
P120080776,BIPD,5/22/2012 0:00,2321,635,HIGH SCHOOL RD NE,122615700,23616500,FI
P120081058,BIPD,5/23/2012 0:00,1354,363,TORMEY LN NE,122495700,23592650,WC911
P120067762,BIPD,5/1/2012 0:00,0923,11299,ARROW POINT DR NE,121068800,24696200,GRAFF4
P120062957,BIPD,4/23/2012 0:00,0717,,NE KOURA RD / MILLER RD NE,121576406,24728795,T
P120062965,BIPD,4/23/2012 0:00,0754,5681,BLAKELY AVE NE,121952415,22909780,T
P120068683,BIPD,5/2/2012 0:00,1808,,HIGH SCHOOL RD NE / STATE HWY 305 NE,122571082,23644469,WC3
P120063085,BIPD,4/23/2012 0:00,1110,,BIHS,122436810,23660706,FI
P120068821,BIPD,5/2/2012 0:00,2314,,NE KOURA RD / MILLER RD NE,121576406,24728795,FI
P120078323,BIPD,5/18/2012 0:00,1602,,NE HIDDEN COVE RD / STATE HWY 305 NE,121741136,25661125,T
P120078345,BIPD,5/18/2012 0:00,1639,,NE DAY RD E / STATE HWY 305 NE,122023402,25247379,TRAFF3
P120078360,BIPD,5/18/2012 0:00,1708,,BLAKELY AVE NE / WEST BLAKELY RD NE,122038544,22396255,WIRESU
P120078409,BIPD,5/18/2012 0:00,1842,,FERNCLIFF AVE NE / WINSLOW WAY E,122689699,23243385,ASSIS3
P120078969,BIPD,5/19/2012 0:00,1606,,MADISON AVE N / SADIE LN NW,122432385,23462050,T
P120079056,BIPD,5/19/2012 0:00,1926,,MADISON AVE N / WYATT WAY NE,122430637,23382031,T
P120081038,BIPD,5/23/2012 0:00,1333,1180,HILDEBRAND LN NE,122550200,23601300,PC3
P120081468,BIPD,5/24/2012 0:00,0858,,NE DAY RD E / NORTH MADISON AVE NE,122468811,25230896,T
P120081481,BIPD,5/24/2012 0:00,0933,5196,NE SULLIVAN RD,121193675,22769772,FU
P120081605,BIPD,5/24/2012 0:00,1337,,NE DAY RD E / STATE HWY 305 NE,122023402,25247379,MVCG
P120081697,BIPD,5/24/2012 0:00,1601,,NE HIDDEN COVE RD / STATE HWY 305 NE,121741136,25661125,T
P120081693,BIPD,5/24/2012 0:00,1558,9651,NE WINTHERS RD,122473650,24954450,CIVIL3
P120082722,BIPD,5/26/2012 0:00,0519,750,MADISON AVE N,122432593,23471015,UNKNO3
P120082985,BIPD,5/26/2012 0:00,1716,,NE BLUEFIN CT / NE SEA RAY CT,122210847,23674588,T
P120083018,BIPD,5/26/2012 0:00,1818,8300,FLETCHER BAY RD NE,121465526,23752325,T
P120083229,BIPD,5/27/2012 0:00,0138,193,GROW AVE NW,122324050,23287600,ALSP
P120083250,BIPD,5/27/2012 0:00,0221,107,MADISON AVE N,122427734,23252220,NOISE4
P120083546,BIPD,5/27/2012 0:00,1828,10897,NE BROWNELL LN,122780200,21519600,BLSP
P120063306,BIPD,4/23/2012 0:00,1802,,"XY(122347655,24072760)",122347655,24072760,CELL
P120068956,BIPD,5/3/2012 0:00,0711,6555,NE WILLIAMS LN,121450001,24730069,FOUND4
P120063421,BIPD,4/23/2012 0:00,2159,,NE EMERALD WAY / LYNWOOD CENTER RD NE,121767657,22803396,FI
P120063427,BIPD,4/23/2012 0:00,2228,,NE DAY RD E / STATE HWY 305 NE,122023402,25247379,T
P120069197,BIPD,5/3/2012 0:00,1504,,NE EAGLE HARBOR DR / NEW SWEDEN AVE NE,122551758,22852957,MVCG
P120069345,BIPD,5/3/2012 0:00,1944,,NE HIDDEN COVE RD / STATE HWY 305 NE,121741136,25661125,TRAFF3
P120075079,BIPD,5/13/2012 0:00,0023,625,WINSLOW WAY E,122607400,23236100,FU
P120075214,BIPD,5/13/2012 0:00,1012,,"XY(122406144,23484425)",122406144,23484425,UNKNO3
P120075314,BIPD,5/13/2012 0:00,1429,,BRIEN DR SE / SHANNON DR SE,122474155,23207104,CELL
P120075426,BIPD,5/13/2012 0:00,1751,625,WINSLOW WAY E,122607400,23236100,MEDIA
P120079962,BIPD,5/21/2012 0:00,1439,,"XY(122486254,23662541)",122486254,23662541,CELL
P120081745,BIPD,5/24/2012 0:00,1732,,MADISON AVE N / STATE HWY 305 NE,122472543,23963078,T
P120081756,BIPD,5/24/2012 0:00,1743,415,ROBINWOOD DR NE,122709003,23362983,SUSPI4
P120081812,BIPD,5/24/2012 0:00,1851,,SUNRISE DR NE / NE VALLEY RD,122722526,24697639,T
P120082175,BIPD,5/25/2012 0:00,1211,381,SHEPARD WAY NW,122346500,23312500,WC4
P120085548,BIPD,5/31/2012 0:00,0927,,NE HIDDEN COVE RD / STATE HWY 305 NE,121741136,25661125,TRAFF3
P120085554,BIPD,5/31/2012 0:00,0936,,NE DAY RD E / STATE HWY 305 NE,122023402,25247379,TRAFF3
P120083642,BIPD,5/27/2012 0:00,2131,,STATE HWY 305 NE / VINEYARD LN,122559210,23438563,T
P120083755,BIPD,5/28/2012 0:00,0109,,MADISON AVE N / STATE HWY 305 NE,122472543,23963078,T
P120084014,BIPD,5/28/2012 0:00,1557,225,NE HIGH SCHOOL RD,122373600,23636900,THEFT4
P120084066,BIPD,5/28/2012 0:00,1708,,ERICKSEN AVE NE / WALLACE WAY NE,122531605,23512269,BLSP
P120084134,BIPD,5/28/2012 0:00,1941,189,WALLACE WAY NE,122462250,23505650,CIVIL4
P120084215,BIPD,5/28/2012 0:00,2327,7812,NE YEOMALT POINT DR,123116200,23594500,DV3
P120080058,BIPD,5/21/2012 0:00,1720,625,WINSLOW WAY E,122607400,23236100,FU
P120082558,BIPD,5/25/2012 0:00,2139,,STATE HWY 305 NE / VINEYARD LN,122556963,23457347,TRAFF3
P120080167,BIPD,5/21/2012 0:00,2056,15558,BROOM ST NE,122225950,26168550,ALRA
P120082580,BIPD,5/25/2012 0:00,2235,,NE HIDDEN COVE RD / STATE HWY 305 NE,121741136,25661125,T
P120080208,BIPD,5/21/2012 0:00,2226,9805,NE MURDEN COVE DR,122550350,24367500,WC4
P120083017,BIPD,5/26/2012 0:00,1817,,CEMETERY RD NE / NEW SWEDEN AVE NE,122031353,25269536,CELL
P120082194,BIPD,5/25/2012 0:00,1230,9691,NE LOFGREN RD,122478400,24092500,FOUND4
P120082341,BIPD,5/25/2012 0:00,1549,,NE LOVGREEN RD E / NORTH MADISON AVE NE,122463342,24967499,T
P120082368,BIPD,5/25/2012 0:00,1634,,NORTH MADISON AVE NE / NE TORVANGER RD,122452164,25628115,T
P120082395,BIPD,5/25/2012 0:00,1704,9125,SPORTSMAN CLUB RD NE,122290100,24108100,LOSTP4
P120082701,BIPD,5/26/2012 0:00,0321,910,MADISON AVE N,122446700,23530900,UNKNO3
P120080169,BIPD,5/21/2012 0:00,2101,,"XY(122346817,22566660)",122346817,22566660,CELL
P120063858,BIPD,4/24/2012 0:00,1759,,NE NEW BROOKLYN RD / SPORTSMAN CLUB RD NE,122235375,23919324,RECKL3
P120064232,BIPD,4/25/2012 0:00,1118,6531,NE BUCKSKIN LN,121407700,22406150,WC3
P120064495,BIPD,4/25/2012 0:00,1744,8555,MADISON AVE N,122413300,23788700,FU
P120064511,BIPD,4/25/2012 0:00,1818,5858,CRYSTAL SPRINGS DR NE,121152133,22924251,FU
P120064565,BIPD,4/25/2012 0:00,2039,907,CARVER ST,118435000,20790500,MEDIA
P120060927,BIPD,4/19/2012 0:00,1825,625,WINSLOW WAY E,122607400,23236100,TESTP
P120084311,BIPD,5/29/2012 0:00,0843,,NORTH TOWN DR NE / NE NORTH TOWN LOOP,122325768,24002505,MVC3
P120084306,BIPD,5/29/2012 0:00,0829,,EUCLID AVE NE / WASHINGTON AVE NE,122444389,25908044,ABAND4
P120084344,BIPD,5/29/2012 0:00,0953,7056,NE NEW BROOKLYN RD,121576600,23979950,NARCO4
P120084375,BIPD,5/29/2012 0:00,1037,,EUCLID AVE NE / WASHINGTON AVE NE,122442101,25913639,FU
P120084444,BIPD,5/29/2012 0:00,1233,,MANDUS OLSON RD NE / NE NEW BROOKLYN RD,121781469,23932547,TRAFF4
P120083032,BIPD,5/26/2012 0:00,1848,1533,WHITED PL NW,122297900,23743700,THEFT4
P120080613,BIPD,5/22/2012 0:00,1644,,NE HIDDEN COVE RD / STATE HWY 305 NE,121741136,25661125,ASSIS3
P120080897,BIPD,5/23/2012 0:00,0843,9125,SPORTSMAN CLUB RD NE,122290100,24108100,NARCO4
P120081140,BIPD,5/23/2012 0:00,1538,124,BJUNE DR SE,122436600,23232200,MVC3
P120081164,BIPD,5/23/2012 0:00,1626,625,WINSLOW WAY E,122607400,23236100,HARAS4
P120081245,BIPD,5/23/2012 0:00,1902,,NE DAY RD E / STATE HWY 305 NE,122023402,25247379,MVC4
P120080191,BIPD,5/21/2012 0:00,2154,11555,BATTLE POINT DR NE,120943550,24828200,ALRA
P120080232,BIPD,5/21/2012 0:00,2335,11555,BATTLE POINT DR NE,120943550,24828200,FU
P120080386,BIPD,5/22/2012 0:00,0936,625,WINSLOW WAY E,122607400,23236100,FU
P120083033,BIPD,5/26/2012 0:00,1851,11090,ROLLING BAY WALK NE,122884750,24685150,BURGL4
P120083119,BIPD,5/26/2012 0:00,2151,1310,MADISON AVE N,122447500,23664000,NOISE4
P120083315,BIPD,5/27/2012 0:00,0904,1049,MADISON AVE N,122418650,23577000,PC3
P120084608,BIPD,5/29/2012 0:00,1710,,SPORTSMAN CLUB RD NE / STATE HWY 305 NE,122395136,24298387,RECKL3
P120084735,BIPD,5/29/2012 0:00,2205,7087,NE BAY HILL RD,121578950,24847250,FU
P120084741,BIPD,5/29/2012 0:00,2210,11216,PINYON AVE NE,121792700,24750900,FIREW4
P120084856,BIPD,5/30/2012 0:00,0623,,BATTLE POINT DR NE / MILLER RD NE,121350327,24126968,T
P120084862,BIPD,5/30/2012 0:00,0635,,HIGH SCHOOL RD NE / STATE HWY 305 NE,122571082,23644469,FI
P120082807,BIPD,5/26/2012 0:00,1108,6605,NE EAGLE HARBOR DR,122003172,23191766,T
P120065789,BIPD,4/27/2012 0:00,2050,,"XY(121124078,23845019)",121124078,23845019,CELL
P120065882,BIPD,4/27/2012 0:00,2349,294,WINSLOW WAY E,122493059,23247472,PC4
P120066268,BIPD,4/28/2012 0:00,1742,,NE LOVGREEN RD W / MILLER RD NE,121741307,24988019,T
P120066333,BIPD,4/28/2012 0:00,1924,907,CARVER ST,118435000,20790500,MEDIA
P120070079,BIPD,5/4/2012 0:00,2328,,MADISON AVE N / STATE HWY 305 NE,122472543,23963078,MVCG
P120066635,BIPD,4/29/2012 0:00,0938,1560,MADISON AVE N,122513050,23720400,TRESP4
P120081281,BIPD,5/23/2012 0:00,2021,907,CARVER ST,118435000,20790500,MEDIA
P120081330,BIPD,5/23/2012 0:00,2209,,NE BUCKLIN HILL RD / NE EAGLE HARBOR DR,121966131,23304962,SUSPI3
P120081368,BIPD,5/24/2012 0:00,0012,1240,WING POINT WAY NE,122821050,23386050,ALSP
P120081652,BIPD,5/24/2012 0:00,1454,,NE MANUAL RD / STATE HWY 305 NE,121710851,25706189,T
P120081737,BIPD,5/24/2012 0:00,1719,,"XY(121079600,24707095)",121079600,24707095,CELL
P120084087,BIPD,5/28/2012 0:00,1752,,"XY(122347121,24073137)",122347121,24073137,CELL
P120085051,BIPD,5/30/2012 0:00,1256,,MADISON AVE N / STATE HWY 305 NE,122472543,23963078,TRAFF3
P120085176,BIPD,5/30/2012 0:00,1603,10235,MANITOU BEACH DR NE,122773750,24427950,MALIC4
P120085190,BIPD,5/30/2012 0:00,1620,,EUCLID AVE NE / WASHINGTON AVE NE,122444389,25908044,FI
P120085536,BIPD,5/31/2012 0:00,0847,920,HILDEBRAND LN NE,122546100,23567800,BLSP
P120083475,BIPD,5/27/2012 0:00,1547,406,HIGH SCHOOL RD NE,122537800,23644900,PC3
P120085593,BIPD,5/31/2012 0:00,1101,7056,NE NEW BROOKLYN RD,121576600,23979950,FU
P120084214,BIPD,5/28/2012 0:00,2317,11050,STATE HWY 305 NE,122335900,24653200,DUI3
P120084277,BIPD,5/29/2012 0:00,0547,380,WINSLOW WAY E,122507500,23253200,ALRA
P120084765,BIPD,5/29/2012 0:00,2326,920,HILDEBRAND LN NE,122546100,23567800,FU
P120087114,BIPD,6/2/2012 0:00,1539,,NE DAY RD E / STATE HWY 305 NE,122023402,25247379,MISC4
P120085046,BIPD,5/30/2012 0:00,1250,,EUCLID AVE NE / WASHINGTON AVE NE,122405021,26178098,SUSPI4
P120066753,BIPD,4/29/2012 0:00,1455,4192,NE EAGLE HARBOR DR,122685900,22854900,THREA1
P120067361,BIPD,4/30/2012 0:00,1546,625,WINSLOW WAY E,122607400,23236100,FI
P120070478,BIPD,5/5/2012 0:00,1744,625,WINSLOW WAY E,122607400,23236100,ASSIS3
P120067493,BIPD,4/30/2012 0:00,1854,907,CARVER ST,118435000,20790500,MEDIA
P120068370,BIPD,5/2/2012 0:00,0949,9533,NE IDELWEIS CT,122428850,24927100,FU
P120068386,BIPD,5/2/2012 0:00,1025,,SPORTSMAN CLUB RD NE / STATE HWY 305 NE,122395136,24298387,T
P120081844,BIPD,5/24/2012 0:00,1958,9651,NE WINTHERS RD,122473650,24954450,CIVIL4
P120082141,BIPD,5/25/2012 0:00,1117,,BATTLE POINT DR NE / MILLER RD NE,121350327,24126968,T
P120084601,BIPD,5/29/2012 0:00,1653,920,HILDEBRAND LN NE,122546100,23567800,FU
P120082238,BIPD,5/25/2012 0:00,1340,,NE DAY RD E / STATE HWY 305 NE,122023402,25247379,T
P120079098,BIPD,5/19/2012 0:00,2108,,MADRONE AVE E / VALLEY AVE E,121692824,20737290,T
P120079792,BIPD,5/21/2012 0:00,0921,321,BROMLEY PL NW,122209800,23283750,ALRA
P120085142,BIPD,5/30/2012 0:00,1502,9415,COPPERTOP LOOP NE,122338750,24107300,FI
P120085166,BIPD,5/30/2012 0:00,1545,,MADISON AVE N / STATE HWY 305 NE,122472543,23963078,ASSAU4
P120085290,BIPD,5/30/2012 0:00,1946,125,FERNCLIFF AVE NE,122689900,23252800,FOUND4
P120085346,BIPD,5/30/2012 0:00,2123,,SPORTSMAN CLUB RD NE / STATE HWY 305 NE,122395136,24298387,T
P120085432,BIPD,5/31/2012 0:00,0009,253,HIGH SCHOOL RD NE,122470100,23646300,SHOPL4
P120085721,BIPD,5/31/2012 0:00,1509,,STATE HWY 305 NE / WINSLOW WAY E,122597069,23245490,T
P120085610,BIPD,5/31/2012 0:00,1145,1245,GROW AVE NW,122326950,23624600,SUSPI4
P120085776,BIPD,5/31/2012 0:00,1630,751,HIGH SCHOOL RD NW,122210500,23643800,THEFT4
P120085890,BIPD,5/31/2012 0:00,1931,16639,AGATE POINT RD NE,121798650,26506800,THREA4
P120085945,BIPD,5/31/2012 0:00,2119,,NE EAGLE HARBOR DR / WYATT WAY NW,121975030,23400247,T
P120085948,BIPD,5/31/2012 0:00,2122,640,ALDER AVE NE,122999600,23419150,POV4
P120086140,BIPD,6/1/2012 0:00,0721,,NE BAY HILL RD / MILLER RD NE,121653804,24856831,T
P120068703,BIPD,5/2/2012 0:00,1853,,MADISON AVE N / STATE HWY 305 NE,122472543,23963078,T
P120068829,BIPD,5/2/2012 0:00,2318,,STATE HWY 305 NE / NE YAQUINA AVE,122484949,23965398,CELL
P120069031,BIPD,5/3/2012 0:00,1000,,SPORTSMAN CLUB RD NE / STATE HWY 305 NE,122395136,24298387,T
P120069249,BIPD,5/3/2012 0:00,1619,1270,MADISON AVE N,122444300,23625500,SUSPI4
P120069441,BIPD,5/3/2012 0:00,2359,,ERICKSEN AVE NE / WALLACE WAY NE,122531605,23512269,PC3
P120071675,BIPD,5/7/2012 0:00,1753,,BLAKELY AVE NE / NE COUNTRY CLUB RD,122421503,22250629,T
P120085881,BIPD,5/31/2012 0:00,1918,284,WOOD AVE SW,122353550,23191750,CIVIL4
P120086009,BIPD,5/31/2012 0:00,2322,8774,NE SPARGUR LOOP RD,122234266,25871425,PC3
P120086316,BIPD,6/1/2012 0:00,1300,625,WINSLOW WAY E,122607400,23236100,FU
P120086370,BIPD,6/1/2012 0:00,1427,,NE DAY RD E / STATE HWY 305 NE,122023402,25247379,TRAFF3
P120082815,BIPD,5/26/2012 0:00,1121,,FORT WARD HILL RD NE / NE SOUTH BEACH DR,122322537,21535320,TRAFF3
P120086155,BIPD,6/1/2012 0:00,0802,7056,NE NEW BROOKLYN RD,121576600,23979950,FU
P120086211,BIPD,6/1/2012 0:00,1008,499,OLYMPIC DR SE,122674000,23182900,THEFT4
P120086223,BIPD,6/1/2012 0:00,1027,7056,NE NEW BROOKLYN RD,121576600,23979950,FU
P120086468,BIPD,6/1/2012 0:00,1705,,STATE HWY 305 NE / WINSLOW WAY E,122597069,23245490,T
P120086518,BIPD,6/1/2012 0:00,1839,,NE SEABOLD CHURCH RD / STATE HWY 305 NE,121628932,25910523,TRAFF3
P120086783,BIPD,6/2/2012 0:00,0224,15347,SUQUAMISH WAY NE,121270800,26509200,PC3
P120084982,BIPD,5/30/2012 0:00,1106,,NE DAY RD E / STATE HWY 305 NE,122023402,25247379,RECKL3
P120089329,BIPD,6/6/2012 0:00,0926,17861,PURVES AVE NE,121451050,26918600,DV4
P120089463,BIPD,6/6/2012 0:00,1345,,MADISON AVE N / WYATT WAY NE,122430637,23382031,T
P120087800,BIPD,6/3/2012 0:00,1654,,NE EAGLE HARBOR DR / WYATT WAY NW,121975030,23400247,T
P120087837,BIPD,6/3/2012 0:00,1813,,FINCH RD NE / NE NEW LONDON CT,122037088,23445768,T
P120087912,BIPD,6/3/2012 0:00,2056,125,FERNCLIFF AVE NE,122689900,23252800,TRESP3
P120064764,BIPD,4/26/2012 0:00,0757,8677,MADISON AVE N,122420700,23836800,MVC4
P120064769,BIPD,4/26/2012 0:00,0808,1535,WHITED PL NW,122301750,23754900,THEFT4
P120064811,BIPD,4/26/2012 0:00,0946,625,WINSLOW WAY E,122607400,23236100,FOUND4
P120072191,BIPD,5/8/2012 0:00,1514,301,HIGH SCHOOL RD NE,122491500,23645900,ASSAU3
P120065151,BIPD,4/26/2012 0:00,2007,,SUNRISE DR NE / NE TORVANGER RD,122740992,25622192,PC4
P120069948,BIPD,5/4/2012 0:00,1812,,NE DAY RD E / NE YETI LN,122025071,25272959,CELL
P120079856,BIPD,5/21/2012 0:00,1121,,NE KOURA RD / STATE HWY 305 NE,122310217,24709702,TRAFF3
P120085044,BIPD,5/30/2012 0:00,1244,7031,NE BAKER HILL RD,121554050,22593450,WC911
P120082451,BIPD,5/25/2012 0:00,1837,4192,NE EAGLE HARBOR DR,122685900,22854900,MISC4
P120082550,BIPD,5/25/2012 0:00,2121,241,WINSLOW WAY W,122377000,23251900,DUI3
P120082926,BIPD,5/26/2012 0:00,1505,,FLETCHER BAY RD NE / ISLAND CENTER RD NE,121639712,23516206,T
P120083445,BIPD,5/27/2012 0:00,1442,,NE KOURA RD / STATE HWY 305 NE,122310217,24709702,RECKL3
P120086540,BIPD,6/1/2012 0:00,1926,13051,STATE HWY 305 NE,121964010,25333531,TRAFF3
P120082943,BIPD,5/26/2012 0:00,1536,11727,ARROW POINT DR NE,121133050,24895350,THEFT4
P120086815,BIPD,6/2/2012 0:00,0353,,MADISON AVE N / STATE HWY 305 NE,122472543,23963078,TRAFF4
P120086892,BIPD,6/2/2012 0:00,0934,9453,COPPERTOP LOOP NE,122383150,24117150,ALRA
P120086963,BIPD,6/2/2012 0:00,1118,,NE BAKER HILL RD / LYNWOOD CENTER RD NE,121772402,22605337,MVC4
P120087032,BIPD,6/2/2012 0:00,1255,907,CARVER ST,118435000,20790500,MEDIA
P120088126,BIPD,6/4/2012 0:00,0857,7873,NE DAY RD W,121902639,25251576,WC911
P120088181,BIPD,6/4/2012 0:00,1035,,"XY(122344066,23693025)",122344066,23693025,CELL
P120088328,BIPD,6/4/2012 0:00,1419,,WINSLOW WAY E / WINSLOW WAY E,122485875,23257927,CELL
P120088376,BIPD,6/4/2012 0:00,1529,12060,NORTH MADISON AVE NE,122463980,24997138,ALRA
P120088383,BIPD,6/4/2012 0:00,1536,,WINSLOW WAY E / WINSLOW WAY E,122485867,23257562,CELL
P120069968,BIPD,5/4/2012 0:00,1910,9621,MANDUS OLSON RD NE,121741839,24197177,ASSAU4
P120070040,BIPD,5/4/2012 0:00,2209,,FRONT ST NE / KING OLAF VEI,119401527,27349018,TRAFF4
P120070143,BIPD,5/5/2012 0:00,0144,,FINCH RD NE / NE HIGH SCHOOL RD,122040602,23661844,FI
P120070236,BIPD,5/5/2012 0:00,0837,9415,MILLER RD NE,121350800,24173100,BURGL4
P120070221,BIPD,5/5/2012 0:00,0721,,NE SEABOLD RD / STATE HWY 305 NE,121590699,26041540,FI
P120073488,BIPD,5/10/2012 0:00,1641,,NE DAY RD E / STATE HWY 305 NE,122023402,25247379,DRIVE2
P120083459,BIPD,5/27/2012 0:00,1511,5900,BATTLE POINT DR NE,121326278,24134439,T
P120083473,BIPD,5/27/2012 0:00,1546,,MADISON AVE N / WINSLOW WAY E,122427660,23249390,ANIMA4
P120083493,BIPD,5/27/2012 0:00,1623,,NE BRACKENWOOD LN / SUNRISE DR NE,122737093,25390225,PC3
P120083551,BIPD,5/27/2012 0:00,1839,,NE DAY RD E / NORTH MADISON AVE NE,122468811,25230896,SUSPI3
P120085866,BIPD,5/31/2012 0:00,1900,,NE HIGH SCHOOL RD / MADISON AVE N,122433634,23644002,T
P120085903,BIPD,5/31/2012 0:00,2002,499,OLYMPIC DR SE,122674000,23182900,VERBA4
P120087088,BIPD,6/2/2012 0:00,1436,7056,NE NEW BROOKLYN RD,121576600,23979950,FU
P120087097,BIPD,6/2/2012 0:00,1453,1352,STONECRESS LN NE,122646600,23676150,FU
P120087366,BIPD,6/2/2012 0:00,2323,490,MADISON AVE N,122440600,23374700,WC911
P120087401,BIPD,6/3/2012 0:00,0033,,FLETCHER BAY RD NE / LYNWOOD CENTER RD NE,121758601,23062387,T
P120087521,BIPD,6/3/2012 0:00,0715,,ARROW POINT DR NE / MILLER RD NE,121550644,24644417,T
P120088259,BIPD,6/4/2012 0:00,1217,9651,GREEN SPOT PL NE,122614118,24141261,FU
P120070573,BIPD,5/5/2012 0:00,2043,,NE DAY RD E / NE YETI LN,122031353,25269536,CELL
P120070608,BIPD,5/5/2012 0:00,2151,316,WINSLOW WAY E,122497400,23247300,ANIMA3
P120070638,BIPD,5/5/2012 0:00,2238,200,HIGH SCHOOL RD NE,122476500,23646200,LOUDP4
P120070697,BIPD,5/6/2012 0:00,0009,625,WINSLOW WAY E,122607400,23236100,FI
P120070974,BIPD,5/6/2012 0:00,1329,9505,SPORTSMAN CLUB RD NE,122334400,24148650,T
P120074682,BIPD,5/12/2012 0:00,1228,6856,NE WEST PORT MADISON RD,121606850,26065850,THEFT4
P120088462,BIPD,6/4/2012 0:00,1755,8719,BATTLE POINT DR NE,121165904,24106787,WC911
P120088471,BIPD,6/4/2012 0:00,1821,907,CARVER ST,118435000,20790500,MEDIA
P120088499,BIPD,6/4/2012 0:00,1904,7893,FLETCHER BAY RD NE,121499399,23618527,WC911
P120088495,BIPD,6/4/2012 0:00,1855,5055,ROSE AVE NE,122403900,22685500,ASSIS4
P120088936,BIPD,6/5/2012 0:00,1512,,NORTH MADISON AVE NE / STATE HWY 305 NE,122395136,24298387,TRAFF3
P120088989,BIPD,6/5/2012 0:00,1645,6522,NE BAYVIEW BLVD,121448454,25006618,WC911
P120088487,BIPD,6/4/2012 0:00,1846,,MILLER RD NE / NE NEW BROOKLYN RD,121365750,23936543,T
P120088670,BIPD,6/5/2012 0:00,0533,,NORTH MADISON AVE NE / NE TORVANGER RD,122452164,25628115,WIRESF
P120088959,BIPD,6/5/2012 0:00,1552,5976,NE WHITMORE WAY,121176305,22439760,MVC3
P120089476,BIPD,6/6/2012 0:00,1401,,"XY(121261079,23490565)",121261079,23490565,CELL
P120089475,BIPD,6/6/2012 0:00,1401,138,HARBOR SQUARE LOOP NE,122650091,23259167,CIVIL4
P120089236,BIPD,6/6/2012 0:00,0353,11866,MANZANITA LN NE,121688800,24955750,BLS
P120089298,BIPD,6/6/2012 0:00,0836,1050,HILDEBRAND LN NE,122545200,23588400,ALRA
P120089315,BIPD,6/6/2012 0:00,0906,570,STETSON PL SW,122340865,23109359,THEFT4
P120087042,BIPD,6/2/2012 0:00,1301,,NE SEABOLD RD / STATE HWY 305 NE,121590699,26041540,TRAFF4
P120087115,BIPD,6/2/2012 0:00,1543,,"XY(122315861,23878262)",122315861,23878262,CELL
P120087139,BIPD,6/2/2012 0:00,1615,6000,BATTLE POINT DR NE,121320273,24136304,T
P120083578,BIPD,5/27/2012 0:00,1925,494,COSGROVE ST NW,122217850,23379700,NOISE4
P120083600,BIPD,5/27/2012 0:00,2012,,MILLER RD NE / NE TOLO RD,121433990,24330529,T
P120083660,BIPD,5/27/2012 0:00,2207,,"XY(121535426,26353278)",121535426,26353278,CELL
P120086169,BIPD,6/1/2012 0:00,0828,5452,LYNWOOD CENTER RD NE,121822150,22839150,ALRP
P120083662,BIPD,5/27/2012 0:00,2212,,HALL BROTHERS LOOP NW / WINSLOW WAY W,122354453,23252718,FI
P120083934,BIPD,5/28/2012 0:00,1307,181,LOVELL AVE SW,122254950,23227000,CPR
P120087414,BIPD,6/3/2012 0:00,0059,612,ALDER AVE NE,123000100,23410500,PROWL3
P120087571,BIPD,6/3/2012 0:00,0935,,NE DAY RD W / MILLER RD NE,121978357,25249210,T
P120087681,BIPD,6/3/2012 0:00,1315,920,HILDEBRAND LN NE,122546100,23567800,WC911
P120089844,BIPD,6/7/2012 0:00,0418,9330,NE HIGH SCHOOL RD,122363800,23666100,FOUND4
P120089863,BIPD,6/7/2012 0:00,0721,,SUNRISE DR NE / NE VALLEY RD,122722526,24697639,MVC4
P120090407,BIPD,6/8/2012 0:00,0040,,NE LOVGREEN RD E / PLEASANT PL NE,122244655,24974505,ASSIS3
P120071089,BIPD,5/6/2012 0:00,1724,,HIGH SCHOOL RD NE / HILDEBRAND LN NE,122535496,23644973,T
P120074836,BIPD,5/12/2012 0:00,1703,,OLYMPIC DR SE / WINSLOW WAY E,122597069,23245490,TRAFF3
P120074842,BIPD,5/12/2012 0:00,1709,,NE HIDDEN COVE RD / STATE HWY 305 NE,121741136,25661125,ASSIS3
P120071332,BIPD,5/7/2012 0:00,0801,9343,SPORTSMAN CLUB RD NE,122337100,24132500,FU
P120074895,BIPD,5/12/2012 0:00,1854,316,WINSLOW WAY E,122497400,23247300,INFOP4
P120071337,BIPD,5/7/2012 0:00,0819,10255,NE VALLEY RD,122674600,24698700,FI
P120089746,BIPD,6/6/2012 0:00,2259,241,WINSLOW WAY W,122377000,23251900,FI
P120089774,BIPD,6/6/2012 0:00,2339,,NE DAY RD E / STATE HWY 305 NE,122023402,25247379,T
P120089903,BIPD,6/7/2012 0:00,0848,7056,NE NEW BROOKLYN RD,121576600,23979950,FU
P120090201,BIPD,6/7/2012 0:00,1716,11515,NORTHWIND CT NE,122376150,24801813,SUICI4
P120086554,BIPD,6/1/2012 0:00,1941,625,WINSLOW WAY E,122607400,23236100,FI
P120086597,BIPD,6/1/2012 0:00,2051,,PENNY PL NE / NE SUNSET LOOP,121755353,24865939,UNKNO3
P120086323,BIPD,6/1/2012 0:00,1310,21750,MARKET PL NW,119107400,28228400,ASSAU3
P120084110,BIPD,5/28/2012 0:00,1843,,FINCH RD NE / NE HIGH SCHOOL RD,122040602,23661844,DUI3
P120084238,BIPD,5/29/2012 0:00,0133,7812,NE YEOMALT POINT DR,123116200,23594500,FU
P120086590,BIPD,6/1/2012 0:00,2043,5834,WARD AVE NE,122596400,22917100,PC3
P120084672,BIPD,5/29/2012 0:00,1942,1939,NE PARK VIEW DR,122364850,21658050,UNWAN3
P120063619,BIPD,4/24/2012 0:00,0956,625,WINSLOW WAY E,122607400,23236100,MISC3
P120063664,BIPD,4/24/2012 0:00,1123,625,WINSLOW WAY E,122607400,23236100,FU
P120061850,BIPD,4/21/2012 0:00,0821,10769,NE BROWNELL LN,122758850,21471900,ALRA
P120067859,BIPD,5/1/2012 0:00,1154,,BATTLE POINT DR NE / DEAD END,120874335,24518746,CELL
P120064318,BIPD,4/25/2012 0:00,1322,9415,MILLER RD NE,121350800,24173100,ASSIS4
P120068071,BIPD,5/1/2012 0:00,1844,21200,OLHAVA WAY NW,119094300,28169200,ASSIS3
P120090499,BIPD,6/8/2012 0:00,0741,,NE DAY RD W / MILLER RD NE,121978357,25249210,T
P120090512,BIPD,6/8/2012 0:00,0802,280,MADISON AVE N,122441700,23299100,T
P120090523,BIPD,6/8/2012 0:00,0824,8219,NE NEW BROOKLYN RD,121955550,23906300,ANIMA3
P120090562,BIPD,6/8/2012 0:00,0931,7160,NE EAGLE HARBOR DR,121973900,23377450,THEFT4
P120090663,BIPD,6/8/2012 0:00,1232,350,HIGH SCHOOL RD NE,122521100,23645300,UNWAN4
P120090776,BIPD,6/8/2012 0:00,1542,4759,LYNWOOD CENTER RD NE,121753900,22568600,FI
P120071710,BIPD,5/7/2012 0:00,1857,,HIGH SCHOOL LOOP NE / NE HIGH SCHOOL RD,121942002,23665601,T
P120069466,BIPD,5/4/2012 0:00,0049,,KIMIKO LN / SAKAI VILLAGE LOOP NE,122452768,23810394,FI
P120069537,BIPD,5/4/2012 0:00,0557,,HIGH SCHOOL RD NE / STATE HWY 305 NE,122571082,23644469,T
P120069564,BIPD,5/4/2012 0:00,0755,8669,BATTLE POINT DR NE,121217250,24098350,ALRA
P120069783,BIPD,5/4/2012 0:00,1411,,NE BERGMAN RD / MILLER RD NE,121830015,25125082,T
P120075584,BIPD,5/14/2012 0:00,0023,,NE MANITOU PARK BLVD / ROLLING BAY WALK NE,122970362,24614879,FI
P120086596,BIPD,6/1/2012 0:00,2050,7430,NE BAY HILL RD,121750200,24866950,SUICI3
P120090584,BIPD,6/8/2012 0:00,1000,,STATE HWY 305 NE / VINEYARD LN,122559210,23438563,T
P120090654,BIPD,6/8/2012 0:00,1219,,"XY(121259864,23553713)",121259864,23553713,CELL
P120090666,BIPD,6/8/2012 0:00,1237,,"XY(123169195,22916177)",123169195,22916177,CELL
P120090986,BIPD,6/8/2012 0:00,2208,7627,NE NORTH ST,121847700,26624950,RECKL3
P120092166,BIPD,6/11/2012 0:00,0043,4192,NE EAGLE HARBOR DR,122685900,22854900,FI
P120082245,BIPD,5/25/2012 0:00,1346,9330,NE HIGH SCHOOL RD,122363800,23666100,FU
P120082335,BIPD,5/25/2012 0:00,1541,625,WINSLOW WAY E,122607400,23236100,SEXOF5
P120082355,BIPD,5/25/2012 0:00,1616,,"XY(122056016,25261692)",122056016,25261692,CELL
P120084752,BIPD,5/29/2012 0:00,2247,350,GROW AVE NW,122340100,23334950,FU
P120082438,BIPD,5/25/2012 0:00,1822,907,CARVER ST,118435000,20790500,MEDIA
P120082452,BIPD,5/25/2012 0:00,1838,7056,NE NEW BROOKLYN RD,121576600,23979950,DV3
P120090929,BIPD,6/8/2012 0:00,2017,,BJUNE DR SE / BRIEN DR SE,122482650,23202882,TRANS
P120091107,BIPD,6/9/2012 0:00,0151,1324,STONECRESS LN NE,122674950,23667200,BURGL1
P120091171,BIPD,6/9/2012 0:00,0617,,HIGH SCHOOL RD NE / MADISON AVE N,122487355,23953670,CELL
P120091358,BIPD,6/9/2012 0:00,1502,,SUNRISE DR NE / NE WINTHERS RD,122727869,24959985,MVCG
P120091473,BIPD,6/9/2012 0:00,1848,,STATE HWY 305 NE / WINSLOW WAY E,122597069,23245490,RECKL3
P120069885,BIPD,5/4/2012 0:00,1630,,"XY(122322134,23730723)",122322134,23730723,CELL
P120069919,BIPD,5/4/2012 0:00,1721,,NE HIDDEN COVE RD / STATE HWY 305 NE,121741136,25661125,T
P120075962,BIPD,5/14/2012 0:00,1644,,"XY(122347655,24072760)",122347655,24072760,CELL
P120075984,BIPD,5/14/2012 0:00,1724,3754,LYTLE RD NE,121911250,22244000,UNWAN3
P120073209,BIPD,5/10/2012 0:00,0920,15425,HARVEY RD NE,121500450,26106800,ASSIS4
P120073305,BIPD,5/10/2012 0:00,1231,,"XY(121791930,25524177)",121791930,25524177,T
P120092194,BIPD,6/11/2012 0:00,0352,601,HIGH SCHOOL RD NE,122587100,23628700,SUSPI3
P120092256,BIPD,6/11/2012 0:00,0831,8580,GRAND AVE NE,122772100,23828350,FU
P120092394,BIPD,6/11/2012 0:00,1225,13820,MANZANITA RD NE,121502250,25596300,ANIMA3
P120092500,BIPD,6/11/2012 0:00,1520,9516,GREEN SPOT PL NE,122618650,24153800,MALIC4
P120092561,BIPD,6/11/2012 0:00,1654,,GROW AVE NW / NE HIGH SCHOOL RD,122337828,23651155,T
P120092669,BIPD,6/11/2012 0:00,1957,330,NICHOLSON PL NW,122258650,23341400,FU
P120084891,BIPD,5/30/2012 0:00,0758,,NE HIDDEN COVE RD / PHELPS RD NE,122357064,25761218,T
P120085282,BIPD,5/30/2012 0:00,1934,4676,NE EAGLE HARBOR DR,122546850,22918700,PC3
P120085367,BIPD,5/30/2012 0:00,2146,,NE HIDDEN COVE RD / STATE HWY 305 NE,121741136,25661125,TRAFF3
P120085401,BIPD,5/30/2012 0:00,2253,,NE MORGAN RD / STATE HWY 305 NE,122252700,24842450,T
P120085560,BIPD,5/31/2012 0:00,0957,,NE DAY RD E / STATE HWY 305 NE,122023402,25247379,PC4
P120085604,BIPD,5/31/2012 0:00,1135,1201,CHERRY AVE NE,122892000,23620450,FU
P120091560,BIPD,6/9/2012 0:00,2128,625,WINSLOW WAY E,122607400,23236100,FOUND3
P120091572,BIPD,6/9/2012 0:00,2154,16330,REITAN RD NE,121532650,26425100,SUSPI3
P120091584,BIPD,6/9/2012 0:00,2216,16330,REITAN RD NE,121532650,26425100,FI
P120091935,BIPD,6/10/2012 0:00,1539,,FLETCHER BAY RD NE / NE VINCENT RD,121730305,23119394,T
P120092054,BIPD,6/10/2012 0:00,2015,751,HIGH SCHOOL RD NW,122210500,23643800,NARCO4
P120092382,BIPD,6/11/2012 0:00,1151,,YEOMALT PL NE / NE YEOMALT POINT DR,123113916,23532443,ASSAU4
P120073364,BIPD,5/10/2012 0:00,1410,625,WINSLOW WAY E,122607400,23236100,FI
P120076705,BIPD,5/15/2012 0:00,2127,,GROW AVE NW / WYATT WAY NW,122332251,23385462,TRESP2
P120076764,BIPD,5/15/2012 0:00,2347,550,MADISON AVE N,122431200,23400600,SUSPI3
P120073376,BIPD,5/10/2012 0:00,1427,245,HIGH SCHOOL RD NW,122243500,23654700,BLSP
P120077041,BIPD,5/16/2012 0:00,1343,11475,KALLGREN RD NE,122550600,24790300,NOISE4
P120077065,BIPD,5/16/2012 0:00,1424,625,WINSLOW WAY E,122607400,23236100,FI
P120092845,BIPD,6/12/2012 0:00,0718,,NE BAKER HILL RD / PALOMINO DR NE,121262216,22530015,MVCG
P120093140,BIPD,6/12/2012 0:00,1644,245,HIGH SCHOOL RD NW,122243500,23654700,FU
P120093439,BIPD,6/13/2012 0:00,0721,,MADISON AVE N / NE NEW BROOKLYN RD,122442200,23911813,T
P120090243,BIPD,6/7/2012 0:00,1833,,MADISON AVE N / WYATT WAY NE,122430637,23382031,T
P120093618,BIPD,6/13/2012 0:00,1225,9330,NE HIGH SCHOOL RD,122363800,23666100,MVC4
P120093649,BIPD,6/13/2012 0:00,1324,6075,NE TOLO RD,121271297,24336495,DV2
P120085824,BIPD,5/31/2012 0:00,1756,907,CARVER ST,118435000,20790500,MEDIA
P120086038,BIPD,6/1/2012 0:00,0026,,FLETCHER BAY RD NE / MILLER RD NE,121365750,23936543,TRAFF4
P120086078,BIPD,6/1/2012 0:00,0203,11841,MILLER RD NE,121712956,24936665,DV3
P120086139,BIPD,6/1/2012 0:00,0712,,NE DAY RD W / MILLER RD NE,121978357,25249210,T
P120086235,BIPD,6/1/2012 0:00,1058,6148,NE EAGLE HARBOR DR,122225800,23065200,TRAFF3
P120073472,BIPD,5/10/2012 0:00,1623,,MADISON AVE N / STATE HWY 305 NE,122472543,23963078,MVC3
P120073829,BIPD,5/11/2012 0:00,0924,511,BJUNE DR SE,122558735,23220246,MISC3
P120074060,BIPD,5/11/2012 0:00,1459,8473,FERNCLIFF AVE NE,122629250,23785700,ANIMA3
P120074129,BIPD,5/11/2012 0:00,1630,,"XY(122315861,23878262)",122315861,23878262,CELL
P120074467,BIPD,5/12/2012 0:00,0125,6818,NE WEST PORT MADISON RD,121596404,26041366,PC4
P120074583,BIPD,5/12/2012 0:00,0852,8812,BATTLE POINT DR NE,121122918,24107414,CIVIL3
P120064445,BIPD,4/25/2012 0:00,1609,8555,MADISON AVE N,122413300,23788700,MVC4
P120064755,BIPD,4/26/2012 0:00,0730,1535,WHITED PL NW,122301750,23754900,THEFT4
P120065245,BIPD,4/26/2012 0:00,2312,,REITAN RD NE / STATE HWY 305 NE,121437974,26434991,DUI3
P120065682,BIPD,4/27/2012 0:00,1652,275,HIGH SCHOOL RD NE,122479900,23646100,UNWAN3
P120068684,BIPD,5/2/2012 0:00,1809,,"XY(122346817,22566660)",122346817,22566660,CELL
P120068747,BIPD,5/2/2012 0:00,2053,,"XY(122315861,23878262)",122315861,23878262,CELL
P120089637,BIPD,6/6/2012 0:00,1918,829,HIGH SCHOOL RD NE,122672300,23642200,MISC4
P120092986,BIPD,6/12/2012 0:00,1206,9330,NE HIGH SCHOOL RD,122363800,23666100,WC911
P120093181,BIPD,6/12/2012 0:00,1815,907,CARVER ST,118435000,20790500,MEDIA
P120093267,BIPD,6/12/2012 0:00,2101,499,OLYMPIC DR SE,122674000,23182900,T
P120093285,BIPD,6/12/2012 0:00,2146,,MADISON AVE N / WINSLOW WAY E,122427660,23249390,T
P120093553,BIPD,6/13/2012 0:00,1036,625,WINSLOW WAY E,122607400,23236100,FU
P120086295,BIPD,6/1/2012 0:00,1226,8027,NE HIDDEN COVE RD,121981700,25757250,SUSPI4
P120086450,BIPD,6/1/2012 0:00,1635,5410,MCDONALD AVE NE,122285140,22792614,INFOP4
P120086457,BIPD,6/1/2012 0:00,1647,,NE HIGH SCHOOL RD / MADISON AVE N,122433634,23644002,T
P120088520,BIPD,6/4/2012 0:00,1943,1220,HILDEBRAND LN NE,122550200,23631100,DUI3
P120086853,BIPD,6/2/2012 0:00,0804,125,FERNCLIFF AVE NE,122689900,23252800,ASSIS4
P120086978,BIPD,6/2/2012 0:00,1144,,BIRKLAND RD NE / WEST BLAKELY RD NE,122064347,22362730,CELL
P120090260,BIPD,6/7/2012 0:00,1906,11515,NORTHWIND CT NE,122376150,24801813,FU
P120094102,BIPD,6/14/2012 0:00,0848,,GILMORE WAY NE / WINSLOW WAY E,122615981,23254352,CELL
P120094147,BIPD,6/14/2012 0:00,1000,,SUNRISE DR NE / NE TORVANGER RD,122740992,25622192,LITTE4
P120094184,BIPD,6/14/2012 0:00,1053,19160,FRONT ST NE,119365600,27388600,FU
P120094275,BIPD,6/14/2012 0:00,1338,9330,NE HIGH SCHOOL RD,122363800,23666100,FU
P120091131,BIPD,6/9/2012 0:00,0310,11361,LOGG RD NE,122760609,24749678,UNKNO3
P120074834,BIPD,5/12/2012 0:00,1701,,NE DAY RD E / STATE HWY 305 NE,122023402,25247379,ASSIS3
P120074871,BIPD,5/12/2012 0:00,1812,,NE HIGH SCHOOL RD / LOVELL AVE NW,122305944,23652365,MVC3
P120078812,BIPD,5/19/2012 0:00,1150,15576,WASHINGTON AVE NE,122424400,26166250,CIVIL3
P120078887,BIPD,5/19/2012 0:00,1341,,STATE HWY 305 NE / NE TOLLEFSON ST,119656473,27080492,MVC3
P120074908,BIPD,5/12/2012 0:00,1929,625,WINSLOW WAY E,122607400,23236100,THREA3
P120093724,BIPD,6/13/2012 0:00,1505,635,HIGH SCHOOL RD NE,122615700,23616500,THREA3
P120095617,BIPD,6/16/2012 0:00,1325,,ALMA PL NE / NE SEABOLD RD,121564990,26043092,FI
P120095728,BIPD,6/16/2012 0:00,1701,,NE EAGLE HARBOR DR / TAYLOR AVE NE,122682500,22853961,T
P120093833,BIPD,6/13/2012 0:00,1827,,NE EAGLE HARBOR DR / EAGLE HARBOR LN NE,122130618,23110095,TRAFF3
P120093824,BIPD,6/13/2012 0:00,1804,253,HIGH SCHOOL RD NE,122470100,23646300,FU
P120093841,BIPD,6/13/2012 0:00,1854,7087,NE BAY HILL RD,121578950,24847250,THREA4
P120087006,BIPD,6/2/2012 0:00,1228,,MADISON AVE N / WINSLOW WAY E,122427660,23249390,ASSIS3
P120087143,BIPD,6/2/2012 0:00,1621,,BATTLE POINT DR NE / NE NORTH TOLO RD,121000738,24475451,SUSPI4
P120087220,BIPD,6/2/2012 0:00,1819,1352,STONECRESS LN NE,122646600,23676150,FU
P120087217,BIPD,6/2/2012 0:00,1815,5425,TAYLOR AVE NE,122674500,22803350,HARAS4
P120087256,BIPD,6/2/2012 0:00,1912,,SANDS AVE NE / NE WALDEN LN,121913938,23905462,T
P120087255,BIPD,6/2/2012 0:00,1910,350,GROW AVE NW,122340100,23334950,WC911
P120091258,BIPD,6/9/2012 0:00,1141,,GROW AVE NW / WYATT WAY NW,122332251,23385462,TRAFF3
P120091303,BIPD,6/9/2012 0:00,1320,11299,ARROW POINT DR NE,121068800,24696200,MALIC4
P120091319,BIPD,6/9/2012 0:00,1401,625,WINSLOW WAY E,122607400,23236100,WRT3
P120091408,BIPD,6/9/2012 0:00,1633,9402,NE ENDICOTT ST,122437900,26191700,POV3
P120091548,BIPD,6/9/2012 0:00,2058,,"XY(122261041,22614518)",122261041,22614518,CELL
P120094317,BIPD,6/14/2012 0:00,1457,9330,NE HIGH SCHOOL RD,122363800,23666100,WC911
P120074997,BIPD,5/12/2012 0:00,2156,381,WALLACE WAY NE,122524400,23506000,ASSIS3
P120079041,BIPD,5/19/2012 0:00,1905,,HIGH SCHOOL RD NE / STATE HWY 305 NE,122571082,23644469,T
P120075096,BIPD,5/13/2012 0:00,0052,,"XY(122717935,23512997)",122717935,23512997,CELL
P120079093,BIPD,5/19/2012 0:00,2053,,BLAKELY AVE NE / NE OLD MILL RD,121925739,23093499,T
P120075195,BIPD,5/13/2012 0:00,0842,625,WINSLOW WAY E,122607400,23236100,MISC5
P120075271,BIPD,5/13/2012 0:00,1254,,NE CARMELLA LN / SPORTSMAN CLUB RD NE,122038267,23529659,MEDIA
P120087309,BIPD,6/2/2012 0:00,2058,7000,MADRONA DR NE,123062760,23362821,CPR
P120085230,BIPD,5/30/2012 0:00,1739,14215,SILVEN AVE NE,121386800,25722800,ALRP
P120087479,BIPD,6/3/2012 0:00,0317,14607,PHELPS RD NE,122422350,25865700,DOAA
P120087478,BIPD,6/3/2012 0:00,0314,625,WINSLOW WAY E,122607400,23236100,WRT3
P120090505,BIPD,6/8/2012 0:00,0745,907,CARVER ST,118435000,20790500,MEDIA
P120087579,BIPD,6/3/2012 0:00,0955,299,SHANNON DR SE,122508700,23164500,PC3
P120094474,BIPD,6/14/2012 0:00,2008,625,WINSLOW WAY E,122607400,23236100,FI
P120094750,BIPD,6/15/2012 0:00,0923,,"XY(122347121,24073137)",122347121,24073137,CELL
P120095147,BIPD,6/15/2012 0:00,1859,11299,ARROW POINT DR NE,121068800,24696200,T
P120095411,BIPD,6/16/2012 0:00,0156,13900,TOAD HOLLER PL NE,121694350,25579300,LOUDP4
P120095499,BIPD,6/16/2012 0:00,0921,15900,STATE HWY 305 NE,121341200,26500900,SUSPI2
P120093900,BIPD,6/13/2012 0:00,2102,907,CARVER ST,118435000,20790500,MEDIA
P120096380,BIPD,6/17/2012 0:00,1807,920,HILDEBRAND LN NE,122546100,23567800,WC911
P120093991,BIPD,6/13/2012 0:00,2353,10861,NE MANITOU PARK BLVD,122932900,24590800,SUSPI3
P120093995,BIPD,6/14/2012 0:00,0015,12781,NORTH MADISON AVE NE,122441400,25215900,OPEN3
P120094182,BIPD,6/14/2012 0:00,1051,10670,NE BYRON DR,122785300,23716000,FRAUD4
P120094240,BIPD,6/14/2012 0:00,1244,,CAVE AVE NE / WINSLOW WAY E,122622306,23244727,T
P120087714,BIPD,6/3/2012 0:00,1417,11240,PINYON AVE NE,121782850,24776950,SUICIB
P120087788,BIPD,6/3/2012 0:00,1616,,FLETCHER BAY RD NE / NE HIGH SCHOOL RD,121498530,23670902,T
P120087839,BIPD,6/3/2012 0:00,1815,625,WINSLOW WAY E,122607400,23236100,WRT3
P120088000,BIPD,6/4/2012 0:00,0017,,TRAIL HEIGHTS CT NE / TRAIL HEIGHTS CT NE,122210323,25736606,CELL
P120088010,BIPD,6/4/2012 0:00,0110,1500,NE RIDDELL RD,119672500,22667200,ASSIS3
P120088106,BIPD,6/4/2012 0:00,0808,7056,NE NEW BROOKLYN RD,121576600,23979950,RETURN
P120095550,BIPD,6/16/2012 0:00,1116,120,MADRONE LN N,122464221,23263093,BLSP
P120095594,BIPD,6/16/2012 0:00,1251,240,CAMELIA LOOP NE,122464500,23595700,ASSIS4
P120095720,BIPD,6/16/2012 0:00,1646,,NE EAGLE HARBOR DR / WIMSEY AVE NE,122226061,22914354,WC3
P120095759,BIPD,6/16/2012 0:00,1806,,SPORTSMAN CLUB RD NE / STATE HWY 305 NE,122395136,24298387,T
P120095776,BIPD,6/16/2012 0:00,1826,,MILLER RD NE / NE TOLO RD,121433990,24330529,T
P120095850,BIPD,6/16/2012 0:00,2128,6230,NE BRADFORD LN,121369032,24757201,FU
P120075275,BIPD,5/13/2012 0:00,1306,625,WINSLOW WAY E,122607400,23236100,MISC4
P120075639,BIPD,5/14/2012 0:00,0655,,"XY(121185009,24456970)",121185009,24456970,CELL
P120071916,BIPD,5/8/2012 0:00,0643,,NE KOURA RD / MILLER RD NE,121576406,24728795,T
P120072073,BIPD,5/8/2012 0:00,1208,,CARVER ST / CARVER ST,122485723,23250998,CELL
P120072675,BIPD,5/9/2012 0:00,1238,7364,MADRONA DR NE,123113200,23435550,ALRA
P120073117,BIPD,5/10/2012 0:00,0339,5011,CRYSTAL SPRINGS DR NE,121080550,22699050,ALRA
P120088110,BIPD,6/4/2012 0:00,0816,,GROW AVE NW / NE HIGH SCHOOL RD,122337828,23651155,SUSPI3
P120091320,BIPD,6/9/2012 0:00,1401,,NE SEABOLD RD / STATE HWY 305 NE,121590699,26041540,T
P120088173,BIPD,6/4/2012 0:00,1020,9651,GREEN SPOT PL NE,122614118,24141261,WC3
P120088377,BIPD,6/4/2012 0:00,1532,11230,NE WING POINT DR,122999050,23250400,THEFT4
P120088429,BIPD,6/4/2012 0:00,1702,10430,NE CASCADE ST,122749050,25564350,ALS
P120088519,BIPD,6/4/2012 0:00,1942,299,SHANNON DR SE,122508700,23164500,PC3
P120094223,BIPD,6/14/2012 0:00,1209,625,WINSLOW WAY E,122607400,23236100,FU
P120094370,BIPD,6/14/2012 0:00,1623,9431,CAPSTAN DR NE,122196700,23788050,MISSI3
P120094487,BIPD,6/14/2012 0:00,2032,11727,KIRK AVE NE,121081587,24896738,POV4
P120094529,BIPD,6/14/2012 0:00,2149,,RAVINE LN NE / WINSLOW WAY E,122573055,23246239,T
P120094643,BIPD,6/15/2012 0:00,0210,,NE BUSINESS PARK LN / COPPERTOP LOOP NE,122341628,24093666,PC3
P120076286,BIPD,5/15/2012 0:00,0918,5211,ROSE AVE NE,122368550,22775850,CIVIL3
P120076615,BIPD,5/15/2012 0:00,1821,879,GROW AVE NW,122325700,23511600,NOISE4
P120076988,BIPD,5/16/2012 0:00,1212,600,WINSLOW WAY E,122597200,23245500,WC911
P120077163,BIPD,5/16/2012 0:00,1644,14492,SUNRISE DR NE,122893150,25780300,FU
P120077373,BIPD,5/17/2012 0:00,0012,321,HIGH SCHOOL RD NE,122500500,23645700,SUSPI3
P120077386,BIPD,5/17/2012 0:00,0048,11299,ARROW POINT DR NE,121068800,24696200,FI
P120094085,BIPD,6/14/2012 0:00,0822,6523,NE MY WAY,121348300,22241750,ALRA
P120096237,BIPD,6/17/2012 0:00,1333,,STATE HWY 305 NE / WINSLOW WAY E,122597069,23245490,TRAFF3
P120096386,BIPD,6/17/2012 0:00,1827,907,CARVER ST,118435000,20790500,MEDIA
P120096586,BIPD,6/18/2012 0:00,0108,10255,NE VALLEY RD,122674600,24698700,FI
P120096637,BIPD,6/18/2012 0:00,0515,15558,BROOM ST NE,122225950,26168550,ALRA
P120096638,BIPD,6/18/2012 0:00,0518,422,WALLACE WAY NW,122327493,23518272,FU
P120069259,BIPD,5/3/2012 0:00,1636,343,WINSLOW WAY E,122501900,23247000,ASSIS4
P120069462,BIPD,5/4/2012 0:00,0039,301,HIGH SCHOOL RD NE,122491500,23645900,MISC3
P120065737,BIPD,4/27/2012 0:00,1827,16201,AGATEWOOD RD NE,121613950,26409650,SUSPI4
P120065877,BIPD,4/27/2012 0:00,2336,625,WINSLOW WAY E,122607400,23236100,SUSPI3
P120065911,BIPD,4/28/2012 0:00,0046,13681,MANZANITA RD NE,121467200,25556200,ALRA
P120065994,BIPD,4/28/2012 0:00,0614,,NE DAY RD E / STATE HWY 305 NE,122023402,25247379,T
P120094728,BIPD,6/15/2012 0:00,0835,,NE DAY RD E / NE YETI LN,122031353,25269536,CELL
P120098072,BIPD,6/20/2012 0:00,1418,,NE DAY RD E / STATE HWY 305 NE,122023402,25247379,FI
P120092615,BIPD,6/11/2012 0:00,1805,907,CARVER ST,118435000,20790500,MEDIA
P120092731,BIPD,6/11/2012 0:00,2225,,SPORTSMAN CLUB RD NE / STATE HWY 305 NE,122395136,24298387,DUI3
P120092959,BIPD,6/12/2012 0:00,1119,10100,NORTH MADISON AVE NE,122446339,24334574,T
P120094780,BIPD,6/15/2012 0:00,1021,,"XY(122406144,23484425)",122406144,23484425,CELL
P120091529,BIPD,6/9/2012 0:00,2032,9025,NISQUALLY WAY NE,121219800,24055200,ALRA
P120091561,BIPD,6/9/2012 0:00,2130,11289,BATTLE POINT DR NE,120925500,24781300,SUSPI3
P120089058,BIPD,6/5/2012 0:00,1855,183,HARBOR SQUARE LOOP NE,122666665,23247720,CUSTO4
P120089143,BIPD,6/5/2012 0:00,2222,253,HIGH SCHOOL RD NE,122470100,23646300,DUI3
P120089212,BIPD,6/6/2012 0:00,0112,,FINCH RD NE / SPORTSMAN CLUB RD NE,122065485,23658671,CELL
P120089931,BIPD,6/7/2012 0:00,0950,,SPORTSMAN CLUB RD NE / STATE HWY 305 NE,122395136,24298387,MVCG
P120096738,BIPD,6/18/2012 0:00,0953,380,WINSLOW WAY E,122507500,23253200,FU
P120096795,BIPD,6/18/2012 0:00,1117,270,OLYMPIC DR SE,122674150,23183550,FU
P120096973,BIPD,6/18/2012 0:00,1643,343,WINSLOW WAY E,122501900,23247000,UNWAN3
P120096992,BIPD,6/18/2012 0:00,1723,499,OLYMPIC DR SE,122674000,23182900,INTOXB
P120097260,BIPD,6/19/2012 0:00,0852,,"XY(122123078,25830478)",122123078,25830478,CELL
P120077758,BIPD,5/17/2012 0:00,1625,9500,NE NEW BROOKLYN RD,122396907,23913396,T
P120077804,BIPD,5/17/2012 0:00,1736,12000,SUNRISE DR NE,122727873,24960120,T
P120081277,BIPD,5/23/2012 0:00,2014,,NE SASQUATCH LN / SUNRISE DR NE,122728836,25005641,MALIC4
P120077824,BIPD,5/17/2012 0:00,1805,,NE HIGH SCHOOL RD / MADISON AVE N,122433634,23644002,T
P120078005,BIPD,5/18/2012 0:00,0141,,AGATEWOOD RD NE / STATE HWY 305 NE,121562025,26138320,FI
P120078257,BIPD,5/18/2012 0:00,1424,499,OLYMPIC DR SE,122674000,23182900,INFOP3
P120094877,BIPD,6/15/2012 0:00,1230,4476,ROCKAWAY BEACH RD NE,122944850,22467900,MISC4
P120094917,BIPD,6/15/2012 0:00,1326,299,SHANNON DR SE,122508700,23164500,PC3
P120094992,BIPD,6/15/2012 0:00,1521,,MADISON AVE N / WINSLOW WAY E,122427660,23249390,PC3
P120095460,BIPD,6/16/2012 0:00,0735,240,CAMELIA LOOP NE,122464500,23595700,FU
P120095810,BIPD,6/16/2012 0:00,1955,9330,NE HIGH SCHOOL RD,122363800,23666100,T
P120096210,BIPD,6/17/2012 0:00,1247,241,WINSLOW WAY W,122377000,23251900,FU
P120092670,BIPD,6/11/2012 0:00,2000,,NE KOURA RD / MANDUS OLSON RD NE,121797049,24724658,RECOV3
P120089963,BIPD,6/7/2012 0:00,1107,,HIGH SCHOOL RD NE / POLLYS LN NE,122632397,23643334,T
P120090232,BIPD,6/7/2012 0:00,1821,253,HIGH SCHOOL RD NE,122470100,23646300,FI
P120090242,BIPD,6/7/2012 0:00,1832,,"XY(122155170,21606934)",122155170,21606934,CELL
P120090343,BIPD,6/7/2012 0:00,2215,,MILLER RD NE / NE TOLO RD,121433990,24330529,T
P120087321,BIPD,6/2/2012 0:00,2151,299,SHANNON DR SE,122508700,23164500,PC3
P120078930,BIPD,5/19/2012 0:00,1448,,"XY(122347655,24072760)",122347655,24072760,CELL
P120081618,BIPD,5/24/2012 0:00,1350,9343,SPORTSMAN CLUB RD NE,122337100,24132500,WC911
P120081733,BIPD,5/24/2012 0:00,1714,,NE EMERALD WAY / LYNWOOD CENTER RD NE,121767657,22803396,T
P120081887,BIPD,5/24/2012 0:00,2135,,NE HOSTMARK ST / STATE HWY 305 NE,119658572,27274486,T
P120078936,BIPD,5/19/2012 0:00,1457,,NE HIGH SCHOOL RD / MADISON AVE N,122433634,23644002,T
P120079085,BIPD,5/19/2012 0:00,2026,,STATE HWY 305 NE / NE WEST PORT MADISON RD,121590699,26041540,T
P120097271,BIPD,6/19/2012 0:00,0912,625,WINSLOW WAY E,122607400,23236100,FU
P120097488,BIPD,6/19/2012 0:00,1536,6075,NE TOLO RD,121271297,24336495,CIVIL4
P120097570,BIPD,6/19/2012 0:00,1816,907,CARVER ST,118435000,20790500,MEDIA
P120097672,BIPD,6/19/2012 0:00,2141,8595,NE DAY RD E,122160250,25135450,FIREW4
P120097907,BIPD,6/20/2012 0:00,1023,,HILDEBRAND LN NE / TORMEY LN NE,122534254,23589670,FI
P120098379,BIPD,6/21/2012 0:00,0109,,FLETCHER BAY RD NE / NE NEW BROOKLYN RD,121365750,23936543,T
P120096337,BIPD,6/17/2012 0:00,1655,10034,EDGECOMBE PL NE,122500200,24227700,ALRA
P120096372,BIPD,6/17/2012 0:00,1751,,NE DAY RD W / MILLER RD NE,121978357,25249210,T
P120096450,BIPD,6/17/2012 0:00,2024,625,WINSLOW WAY E,122607400,23236100,RECOV3
P120096508,BIPD,6/17/2012 0:00,2210,,STATE HWY 305 NE / VIKING AVE NW,119300662,28150779,T
P120096548,BIPD,6/17/2012 0:00,2331,7666,NE HIGH SCHOOL RD,121802600,23667700,PC4
P120090465,BIPD,6/8/2012 0:00,0531,,SUNRISE DR NE / NE VALLEY RD,122722526,24697639,MVC4
P120090602,BIPD,6/8/2012 0:00,1031,,MADISON AVE N / WINSLOW WAY E,122427660,23249390,PC4
P120090672,BIPD,6/8/2012 0:00,1249,11240,PINYON AVE NE,121782850,24776950,DV2
P120094372,BIPD,6/14/2012 0:00,1632,11707,ARROW POINT DR NE,121131600,24875250,THREA1
P120090820,BIPD,6/8/2012 0:00,1637,1827,PARADE GROUNDS AVE NE,122393850,21612100,DV4
P120090864,BIPD,6/8/2012 0:00,1806,907,CARVER ST,118435000,20790500,MEDIA
P120066397,BIPD,4/28/2012 0:00,2147,,NE BUSINESS PARK LN / SPORTSMAN CLUB RD NE,122322118,24094785,T
P120066462,BIPD,4/28/2012 0:00,2343,7934,NE BUCKLIN HILL RD,121886700,23147700,T
P120066521,BIPD,4/29/2012 0:00,0129,,STATE HWY 305 NE / NE WEST PORT MADISON RD,121590699,26041540,T
P120066784,BIPD,4/29/2012 0:00,1604,,SPORTSMAN CLUB RD NE / STATE HWY 305 NE,122395136,24298387,UNKNO3
P120066945,BIPD,4/29/2012 0:00,2213,253,HIGH SCHOOL RD NE,122470100,23646300,SUSPI3
P120067011,BIPD,4/30/2012 0:00,0145,,NE LOVGREEN RD E / STATE HWY 305 NE,122193914,24976129,T
P120082037,BIPD,5/25/2012 0:00,0735,9651,NE WINTHERS RD,122473650,24954450,CIVIL4
P120079109,BIPD,5/19/2012 0:00,2139,,BOND RD NE / STATE HWY 305 NE,119464218,27949759,T
P120079913,BIPD,5/21/2012 0:00,1311,,"XY(122348213,24074572)",122348213,24074572,CELL
P120082812,BIPD,5/26/2012 0:00,1117,,COMMODORE LN NW / HIGH SCHOOL RD NW,122275860,23653645,T
P120080084,BIPD,5/21/2012 0:00,1801,907,CARVER ST,118435000,20790500,MEDIA
P120083601,BIPD,5/27/2012 0:00,2013,9195,HEMLOCK AVE NE,122509356,24033622,UNKNO4
P120098474,BIPD,6/21/2012 0:00,0839,,FLETCHER BAY RD NE / NE NEW BROOKLYN RD,121365750,23936543,T
P120098495,BIPD,6/21/2012 0:00,0920,,MADISON AVE N / WINSLOW WAY E,122427660,23249390,FI
P120098502,BIPD,6/21/2012 0:00,0933,6910,NE DAY RD W,121581714,25259196,THEFT4
P120095993,BIPD,6/17/2012 0:00,0036,625,WINSLOW WAY E,122607400,23236100,DV3
P120099231,BIPD,6/22/2012 0:00,1103,625,WINSLOW WAY E,122607400,23236100,FU
P120099275,BIPD,6/22/2012 0:00,1219,,NE DAY RD E / STATE HWY 305 NE,122023402,25247379,MVC3
P120096762,BIPD,6/18/2012 0:00,1031,,HIGH SCHOOL RD NE / STATE HWY 305 NE,122571082,23644469,MVC4
P120096769,BIPD,6/18/2012 0:00,1037,,MADRONE LN N / WINSLOW WAY E,122461044,23248357,MISC3
P120097533,BIPD,6/19/2012 0:00,1653,241,WINSLOW WAY W,122377000,23251900,NOISE4
P120097718,BIPD,6/19/2012 0:00,2331,11954,MILLER RD NE,121740493,24986353,DV4
P120097941,BIPD,6/20/2012 0:00,1101,240,CAMELIA LOOP NE,122464500,23595700,FU
P120098053,BIPD,6/20/2012 0:00,1353,15843,AGATE PASS BRG,121391000,26467600,RECKL3
P120067193,BIPD,4/30/2012 0:00,1115,,GROW AVE NW / NE HIGH SCHOOL RD,122337828,23651155,T
P120067236,BIPD,4/30/2012 0:00,1214,232,OLYMPIC DR SE,122614960,23216561,TRESP3
P120063717,BIPD,4/24/2012 0:00,1311,10861,NE MANITOU PARK BLVD,122932900,24590800,MISC5
P120063749,BIPD,4/24/2012 0:00,1428,911,HILDEBRAND LN NE,122517900,23536900,FU
P120070849,BIPD,5/6/2012 0:00,0826,,GILMORE WAY NE / WINSLOW WAY E,122615981,23254352,CELL
P120063941,BIPD,4/24/2012 0:00,2121,6428,NE EAGLE HARBOR DR,122061200,23164600,WIRESF
P120075779,BIPD,5/14/2012 0:00,1138,625,WINSLOW WAY E,122607400,23236100,WRT4
P120076052,BIPD,5/14/2012 0:00,1920,15843,AGATE PASS BRG,121391000,26467600,BLSP
P120084117,BIPD,5/28/2012 0:00,1902,299,SHANNON DR SE,122508700,23164500,PC3
P120080713,BIPD,5/22/2012 0:00,2024,,MILLER RD NE / NE NEW BROOKLYN RD,121365750,23936543,RECKL3
P120080759,BIPD,5/22/2012 0:00,2230,,TOWN AND COUNTRY MARKET,122472315,23247704,FI
P120099232,BIPD,6/22/2012 0:00,1104,12230,NE BLACKSTER LN,122628150,25044650,THREA4
P120099521,BIPD,6/22/2012 0:00,1955,11071,OLALLIE LN NE,120765850,24690550,THEFT4
P120099556,BIPD,6/22/2012 0:00,2124,,STATE HWY 305 NE / WINSLOW WAY E,122597069,23245490,T
P120099646,BIPD,6/23/2012 0:00,0041,499,OLYMPIC DR SE,122674000,23182900,THEFT3
P120099756,BIPD,6/23/2012 0:00,0702,,NE HIDDEN COVE RD / PHELPS RD NE,122357064,25761218,TRAFF3
P120099838,BIPD,6/23/2012 0:00,1147,1858,SAKAI VILLAGE LOOP NE,122496450,23830700,MISC4
P120090869,BIPD,6/8/2012 0:00,1814,5464,DIAMOND PL NE,121671650,22712500,WC911
P120090888,BIPD,6/8/2012 0:00,1902,3609,POINT WHITE DR NE,121402400,22232400,LOSTP4
P120091063,BIPD,6/9/2012 0:00,0023,,SPORTSMAN CLUB RD NE / STATE HWY 305 NE,122395136,24298387,T
P120091083,BIPD,6/9/2012 0:00,0106,9330,NE HIGH SCHOOL RD,122363800,23666100,SUSPI3
P120091434,BIPD,6/9/2012 0:00,1748,,BJUNE DR SE / BRIEN DR SE,122482650,23202882,FOUND3
P120091438,BIPD,6/9/2012 0:00,1752,,NE HIGH SCHOOL RD / HORIZON VIEW PL NW,122310438,23631740,CELL
P120098062,BIPD,6/20/2012 0:00,1359,625,WINSLOW WAY E,122607400,23236100,MISC4
P120094754,BIPD,6/15/2012 0:00,0930,8895,MADISON AVE N,122433700,23949200,TRANS
P120098323,BIPD,6/20/2012 0:00,2243,241,WINSLOW WAY W,122377000,23251900,VERBA3
P120098556,BIPD,6/21/2012 0:00,1048,280,MADISON AVE N,122441700,23299100,FU
P120098655,BIPD,6/21/2012 0:00,1355,1724,FORT WARD HILL RD NE,122362250,21582450,FU
P120098744,BIPD,6/21/2012 0:00,1619,9779,NE SOUTH BEACH DR,122397450,21416000,NAVIG3
P120080859,BIPD,5/23/2012 0:00,0637,1201,CHERRY AVE NE,122892000,23620450,THEFT4
P120084750,BIPD,5/29/2012 0:00,2237,,EUCLID AVE NE / WASHINGTON AVE NE,122444389,25908044,SUSPI3
P120080956,BIPD,5/23/2012 0:00,1115,,MADRONE LN N / WINSLOW WAY E,122461044,23248357,MVC4
P120081021,BIPD,5/23/2012 0:00,1313,625,WINSLOW WAY E,122607400,23236100,WRT4
P120084860,BIPD,5/30/2012 0:00,0628,,GROW AVE NW / GROW AVE NW,122348469,23484962,CELL
P120081108,BIPD,5/23/2012 0:00,1503,,OLYMPIC COLLEGE WAY NW / STATE HWY 3 NW,119198900,28195561,DUI3
P120091489,BIPD,6/9/2012 0:00,1925,,BJUNE DR SE / WINSLOW WAY E,122533107,23245903,FI
P120091523,BIPD,6/9/2012 0:00,2025,,FIELDSTONE LN NE / NE KOURA RD,121862447,24723838,DUI3
P120091764,BIPD,6/10/2012 0:00,0806,11299,ARROW POINT DR NE,121068800,24696200,FU
P120091985,BIPD,6/10/2012 0:00,1720,5032,LYNWOOD CENTER RD NE,121795063,22685260,FI
P120092502,BIPD,6/11/2012 0:00,1524,350,HIGH SCHOOL RD NE,122521100,23645300,WC911
P120092640,BIPD,6/11/2012 0:00,1858,,STATE HWY 305 NE / WINSLOW WAY E,122597069,23245490,TRAFF3
P120099869,BIPD,6/23/2012 0:00,1306,499,OLYMPIC DR SE,122674000,23182900,FI
P120100217,BIPD,6/24/2012 0:00,0024,253,HIGH SCHOOL RD NE,122470100,23646300,T
P120100410,BIPD,6/24/2012 0:00,1045,,NE ADAS WILL LN / STATE HWY 305 NE,121518898,26215422,MALIC4
P120100489,BIPD,6/24/2012 0:00,1342,1724,FORT WARD HILL RD NE,122362250,21582450,DUI3
P120100551,BIPD,6/24/2012 0:00,1555,625,WINSLOW WAY E,122607400,23236100,WRT4
P120098828,BIPD,6/21/2012 0:00,1837,907,CARVER ST,118435000,20790500,MEDIA
P120099004,BIPD,6/21/2012 0:00,2332,4192,NE EAGLE HARBOR DR,122685900,22854900,PC3
P120099055,BIPD,6/22/2012 0:00,0117,,NE KOURA RD / STATE HWY 305 NE,122310217,24709702,T
P120099087,BIPD,6/22/2012 0:00,0250,635,HIGH SCHOOL RD NE,122615700,23616500,ALRA
P120099227,BIPD,6/22/2012 0:00,1047,640,ALDER AVE NE,122999600,23419150,CIVIL4
P120099260,BIPD,6/22/2012 0:00,1152,,NE KOURA RD / STATE HWY 305 NE,122310217,24709702,MVC4
P120081216,BIPD,5/23/2012 0:00,1811,,FERNCLIFF AVE NE / HIGH SCHOOL RD NE,122700327,23641703,DUI3
P120085194,BIPD,5/30/2012 0:00,1626,,SPORTSMAN CLUB RD NE / STATE HWY 305 NE,122395136,24298387,MVCG
P120085275,BIPD,5/30/2012 0:00,1919,10093,EDGECOMBE PL NE,122483200,24287250,FU
P120085400,BIPD,5/30/2012 0:00,2248,,SPORTSMAN CLUB RD NE / STATE HWY 305 NE,122395136,24298387,T
P120081435,BIPD,5/24/2012 0:00,0624,,ERICKSEN AVE NE / MADRONE LN N,122485723,23250998,CELL
P120081495,BIPD,5/24/2012 0:00,1003,,LYNWOOD CENTER RD NE / PLEASANT BEACH DR NE,121758992,22525846,MVCH
P120064012,BIPD,4/25/2012 0:00,0004,10769,NE BROWNELL LN,122758850,21471900,ALRA
P120071155,BIPD,5/6/2012 0:00,1950,,MILLER RD NE / PETERSON HILL RD NE,121669667,24878567,T
P120071161,BIPD,5/6/2012 0:00,2018,6565,NE HONEYSUCKLE LN,121447714,24911575,VERBA4
P120071327,BIPD,5/7/2012 0:00,0745,,NE HIGH SCHOOL RD / WESTERLY LN NE,121872133,23667388,T
P120071448,BIPD,5/7/2012 0:00,1121,942,ISAAC AVE NE,122716650,23524950,SUSPI3
P120064176,BIPD,4/25/2012 0:00,0931,5357,MCDONALD AVE NE,122267750,22817450,NARCO4
P120090368,BIPD,6/7/2012 0:00,2306,9000,MILLER RD NE,121360650,24052700,SUSPI3
P120090373,BIPD,6/7/2012 0:00,2315,8595,NE DAY RD E,122160250,25135450,FI
P120096575,BIPD,6/18/2012 0:00,0040,245,NE HIGH SCHOOL RD,122404050,23635100,INFOP4
P120096658,BIPD,6/18/2012 0:00,0625,779,VILLAGE CIR NW,122227550,23450350,FU
P120096672,BIPD,6/18/2012 0:00,0753,13401,STATE HWY 305 NE,121868600,25432300,DUI3
P120094333,BIPD,6/14/2012 0:00,1529,,NE LOVGREEN RD E / NORTH MADISON AVE NE,122463342,24967499,T
P120100819,BIPD,6/25/2012 0:00,0155,,"XY(122346817,22566660)",122346817,22566660,CELL
P120100982,BIPD,6/25/2012 0:00,1019,,"XY(122366999,22978867)",122366999,22978867,CELL
P120101031,BIPD,6/25/2012 0:00,1122,9125,SPORTSMAN CLUB RD NE,122290100,24108100,PC3
P120098613,BIPD,6/21/2012 0:00,1218,350,HIGH SCHOOL RD NE,122521100,23645300,WC911
P120098804,BIPD,6/21/2012 0:00,1752,10770,NE BROOMGERRIE RD,122846700,23802150,WC911
P120098803,BIPD,6/21/2012 0:00,1751,,NE SEABOLD RD / STATE HWY 305 NE,121590699,26041540,MVC4
P120099316,BIPD,6/22/2012 0:00,1345,16330,REITAN RD NE,121532650,26425100,THEFT4
P120099446,BIPD,6/22/2012 0:00,1737,332,WYATT WAY NE,122506000,23417050,HARAS3
P120099847,BIPD,6/23/2012 0:00,1209,252,SHANNON DR SE,122473798,23172785,ASSIS4
P120099851,BIPD,6/23/2012 0:00,1226,,FERNCLIFF AVE NE / WINSLOW WAY E,122689699,23243385,INFOP4
P120099945,BIPD,6/23/2012 0:00,1559,,GROW AVE NW / WYATT WAY NW,122332251,23385462,TRAFF4
P120071692,BIPD,5/7/2012 0:00,1810,,MILLER RD NE / NE TOLO RD,121433990,24330529,T
P120068110,BIPD,5/1/2012 0:00,2045,907,CARVER ST,118435000,20790500,MEDIA
P120071804,BIPD,5/7/2012 0:00,2252,,"XY(122552272,23583747)",122552272,23583747,CELL
P120068311,BIPD,5/2/2012 0:00,0811,,SPORTSMAN CLUB RD NE / STATE HWY 305 NE,122395136,24298387,T
P120068416,BIPD,5/2/2012 0:00,1119,8312,NE NEW HOLLAND CT,121985000,23479900,BLSP
P120072214,BIPD,5/8/2012 0:00,1547,6523,NE MY WAY,121348300,22241750,ALRA
P120094337,BIPD,6/14/2012 0:00,1534,,NE ERIC AVE / NORTH MADISON AVE NE,122465182,25055163,T
P120094423,BIPD,6/14/2012 0:00,1832,,BLAKELY AVE NE / NE COUNTRY CLUB RD,122421503,22250629,RECKL3
P120097237,BIPD,6/19/2012 0:00,0739,,"XY(122307290,23080514)",122307290,23080514,CELL
P120097249,BIPD,6/19/2012 0:00,0818,,NE HIDDEN COVE RD / PHELPS RD NE,122357064,25761218,T
P120094553,BIPD,6/14/2012 0:00,2240,,"XY(122406144,23484425)",122406144,23484425,MISC4
P120094616,BIPD,6/15/2012 0:00,0043,,NE HIDDEN COVE RD / STATE HWY 305 NE,121741136,25661125,T
P120085712,BIPD,5/31/2012 0:00,1457,625,WINSLOW WAY E,122607400,23236100,FU
P120081531,BIPD,5/24/2012 0:00,1125,872,ISAAC AVE NE,122714800,23502900,FRAUD4
P120081623,BIPD,5/24/2012 0:00,1400,,NE DAY RD E / STATE HWY 305 NE,122023402,25247379,MVCG
P120081913,BIPD,5/24/2012 0:00,2231,7056,NE NEW BROOKLYN RD,121576600,23979950,RUNAW4
P120085973,BIPD,5/31/2012 0:00,2220,,NE HIDDEN COVE RD / STATE HWY 305 NE,121741136,25661125,T
P120082017,BIPD,5/25/2012 0:00,0539,,NE MANUAL RD / STATE HWY 305 NE,121710851,25706189,T
P120098928,BIPD,6/21/2012 0:00,2122,,SPORTSMAN CLUB RD NE / STATE HWY 305 NE,122395136,24298387,T
P120102066,BIPD,6/27/2012 0:00,0105,,STATE HWY 305 NE / WINSLOW WAY E,122597069,23245490,PC3
P120102154,BIPD,6/27/2012 0:00,0721,,NE BAY HILL RD / MILLER RD NE,121653804,24856831,T
P120102174,BIPD,6/27/2012 0:00,0836,,NE BUCKLIN HILL RD / LYNWOOD CENTER RD NE,121827747,23137013,TRAFF3
P120102273,BIPD,6/27/2012 0:00,1119,,GROW AVE NW / NE HIGH SCHOOL RD,122337828,23651155,T
P120103006,BIPD,6/28/2012 0:00,1352,4883,BLAKELY AVE NE,121989950,22633900,TRAFF3
P120100046,BIPD,6/23/2012 0:00,1925,907,CARVER ST,118435000,20790500,MEDIA
P120100733,BIPD,6/24/2012 0:00,2236,16639,AGATE POINT RD NE,121798650,26506800,FIREW4
P120100896,BIPD,6/25/2012 0:00,0738,370,BRIEN DR SE,122509300,23185900,PARKI4
P120098089,BIPD,6/20/2012 0:00,1505,,"XY(122398607,23502833)",122398607,23502833,CELL
P120098098,BIPD,6/20/2012 0:00,1518,225,NE HIGH SCHOOL RD,122373600,23636900,FU
P120098270,BIPD,6/20/2012 0:00,2051,253,HIGH SCHOOL RD NE,122470100,23646300,OPEN3
P120094677,BIPD,6/15/2012 0:00,0554,,"XY(122406144,23484425)",122406144,23484425,CELL
P120094729,BIPD,6/15/2012 0:00,0838,240,CAMELIA LOOP NE,122464500,23595700,DVB
P120094813,BIPD,6/15/2012 0:00,1106,9343,SPORTSMAN CLUB RD NE,122337100,24132500,FU
P120095039,BIPD,6/15/2012 0:00,1616,270,OLYMPIC DR SE,122674150,23183550,UNWAN2
P120098779,BIPD,6/21/2012 0:00,1713,284,WOOD AVE SW,122353550,23191750,KEEP4
P120068659,BIPD,5/2/2012 0:00,1735,635,HIGH SCHOOL RD NE,122615700,23616500,MISC4
P120069507,BIPD,5/4/2012 0:00,0240,170,HARBOR SQUARE LOOP NE,122631728,23272775,ALS
P120072640,BIPD,5/9/2012 0:00,1143,11011,NE BOULDER PL,122804800,22393550,SUICI1
P120072982,BIPD,5/9/2012 0:00,2111,200,MADISON AVE N,122493100,23291400,HARAS3
P120073147,BIPD,5/10/2012 0:00,0651,,HIGH SCHOOL RD NE / STATE HWY 305 NE,122571082,23644469,TRAFF3
P120069520,BIPD,5/4/2012 0:00,0358,,NE KOURA RD / STATE HWY 305 NE,122310217,24709702,FI
P120082531,BIPD,5/25/2012 0:00,2049,,LYTLE RD NE / PLEASANT BEACH DR NE,121916365,22288534,T
P120082739,BIPD,5/26/2012 0:00,0741,907,CARVER ST,118435000,20790500,MEDIA
P120083594,BIPD,5/27/2012 0:00,1956,907,CARVER ST,118435000,20790500,MEDIA
P120086373,BIPD,6/1/2012 0:00,1429,,"XY(122418286,23796108)",122418286,23796108,CELL
P120086537,BIPD,6/1/2012 0:00,1923,350,GROW AVE NW,122340100,23334950,WC911
P120080222,BIPD,5/21/2012 0:00,2255,,NE HIDDEN COVE RD / PHELPS RD NE,122357064,25761218,TRAFF3
P120103228,BIPD,6/28/2012 0:00,1945,3000,PLEASANT BEACH DR NE,122112500,22010500,FU
P120103483,BIPD,6/29/2012 0:00,0951,,HILDEBRAND LN NE / TORMEY LN NE,122534254,23589670,PC3
P120103553,BIPD,6/29/2012 0:00,1128,625,WINSLOW WAY E,122607400,23236100,FI
P120103619,BIPD,6/29/2012 0:00,1311,11770,MANZANITA LN NE,121689800,24918850,T
P120103626,BIPD,6/29/2012 0:00,1318,,WINSLOW WAY E / WINSLOW WAY E,122485867,23257562,CELL
P120103828,BIPD,6/29/2012 0:00,1812,907,CARVER ST,118435000,20790500,MEDIA
P120098313,BIPD,6/20/2012 0:00,2211,10001,NE KNIGHT RD,122608800,25351900,FIREW4
P120101483,BIPD,6/26/2012 0:00,0150,12060,NORTH MADISON AVE NE,122463980,24997138,OPEN3
P120101517,BIPD,6/26/2012 0:00,0517,9575,NE VIEWCREST AVE,122456335,25016491,PC4
P120101529,BIPD,6/26/2012 0:00,0608,12060,NORTH MADISON AVE NE,122463980,24997138,FU
P120101539,BIPD,6/26/2012 0:00,0652,,NE HIDDEN COVE RD / STATE HWY 305 NE,121741136,25661125,MVCG
P120101808,BIPD,6/26/2012 0:00,1534,9801,NE MURDEN COVE DR,122553900,24379200,HARAS4
P120069587,BIPD,5/4/2012 0:00,0856,9000,MILLER RD NE,121360650,24052700,SUSPI4
P120069617,BIPD,5/4/2012 0:00,0947,,"XY(121261506,23486541)",121261506,23486541,CELL
P120073473,BIPD,5/10/2012 0:00,1623,711,VILLAGE CIR NW,122196450,23412950,FRAUD4
P120070083,BIPD,5/4/2012 0:00,2334,,HIGH SCHOOL RD NE / STATE HWY 305 NE,122571082,23644469,T
P120070101,BIPD,5/5/2012 0:00,0009,,"XY(122415354,23180299)",122415354,23180299,CELL
P120073715,BIPD,5/11/2012 0:00,0122,1000,WEAVER RD NW,122187600,23568300,PC3
P120095174,BIPD,6/15/2012 0:00,1930,8677,MADISON AVE N,122420700,23836800,FU
P120099257,BIPD,6/22/2012 0:00,1143,15740,EUCLID AVE NE,122421300,26270200,CPR
P120095210,BIPD,6/15/2012 0:00,2028,345,KNECHTEL WAY NE,122501400,23437000,ALRA
P120095275,BIPD,6/15/2012 0:00,2210,241,WINSLOW WAY W,122377000,23251900,NOISE4
P120095403,BIPD,6/16/2012 0:00,0141,11299,ARROW POINT DR NE,121068800,24696200,SUSPI3
P120086603,BIPD,6/1/2012 0:00,2054,,"XY(121282990,24791158)",121282990,24791158,SUICI3
P120086659,BIPD,6/1/2012 0:00,2229,,"XY(114747703,33075196)",114747703,33075196,FU
P120086991,BIPD,6/2/2012 0:00,1206,343,WINSLOW WAY E,122501900,23247000,T
P120087104,BIPD,6/2/2012 0:00,1513,16435,EUCLID AVE NE,122408450,25952500,WC4
P120080302,BIPD,5/22/2012 0:00,0517,4303,BLAKELY AVE NE,122012550,22426650,TRAFF3
P120080338,BIPD,5/22/2012 0:00,0731,10255,NE VALLEY RD,122674600,24698700,TRANS
P120070224,BIPD,5/5/2012 0:00,0734,,REITAN RD NE / STATE HWY 305 NE,121501742,26370270,T
P120070465,BIPD,5/5/2012 0:00,1723,,GILMORE WAY NE / WINSLOW WAY E,122615981,23254352,CELL
P120074105,BIPD,5/11/2012 0:00,1548,,MADISON AVE N / STATE HWY 305 NE,122472543,23963078,T
P120070464,BIPD,5/5/2012 0:00,1721,,NE SEABOLD RD / STATE HWY 305 NE,121590699,26041540,FU
P120070521,BIPD,5/5/2012 0:00,1914,907,CARVER ST,118435000,20790500,MEDIA
P120074264,BIPD,5/11/2012 0:00,2026,8065,NE WEST PORT MADISON RD,122003604,26045943,BURGL4
P120102133,BIPD,6/27/2012 0:00,0538,7700,NE HIDDEN COVE RD,121858850,25678850,SUSPI3
P120102708,BIPD,6/28/2012 0:00,0001,,NE GRIZDALE LN / NE NEW BROOKLYN RD,122112497,23923755,FIREW3
P120102849,BIPD,6/28/2012 0:00,0923,208,HIGH SCHOOL RD NE,122478900,23646100,FRAUD4
P120104568,BIPD,6/30/2012 0:00,2143,,SPORTSMAN CLUB RD NE / NE WARDWELL RD,122379781,24286006,T
P120102901,BIPD,6/28/2012 0:00,1056,23719,STOTTLEMEYER RD NE,120343000,28913700,RECOV4
P120102938,BIPD,6/28/2012 0:00,1211,3273,PLEASANT BEACH DR NE,122067950,22101400,FRAUD4
P120095436,BIPD,6/16/2012 0:00,0336,811,CHERRY AVE NE,122936600,23480200,FIREW3
P120095779,BIPD,6/16/2012 0:00,1832,,CAVE AVE NE / WINSLOW WAY E,122622306,23244727,T
P120092750,BIPD,6/11/2012 0:00,2319,11299,ARROW POINT DR NE,121068800,24696200,FI
P120092871,BIPD,6/12/2012 0:00,0846,,HIGH SCHOOL RD NE / POLLYS LN NE,122632397,23643334,T
P120093077,BIPD,6/12/2012 0:00,1502,625,WINSLOW WAY E,122607400,23236100,FI
P120093286,BIPD,6/12/2012 0:00,2150,14414,NORTH MADISON AVE NE,122524000,25772350,MENTAG
P120104191,BIPD,6/30/2012 0:00,0819,220,PARFITT WAY SW,122383300,23192900,WC3
P120104238,BIPD,6/30/2012 0:00,1051,,NE HIGH SCHOOL RD / MADISON AVE N,122433634,23644002,T
P120104468,BIPD,6/30/2012 0:00,1900,,NE HIDDEN COVE RD / NE SELFORS LN,122079881,25769504,PARKI3
P120104562,BIPD,6/30/2012 0:00,2135,,NE EAGLE HARBOR DR / WYATT WAY NW,121975030,23400247,T
P120104571,BIPD,6/30/2012 0:00,2145,12600,MILLER RD NE,121902090,25190827,FIREW4
P120104572,BIPD,6/30/2012 0:00,2145,,AGATE POINT RD NE / NE NORTH ST,121841871,26629783,FIREW4
P120074312,BIPD,5/11/2012 0:00,2123,,SPORTSMAN CLUB RD NE / NE WARDWELL RD,122379781,24286006,T
P120070545,BIPD,5/5/2012 0:00,1958,502,GROW AVE NW,122340500,23393800,PC4
P120074571,BIPD,5/12/2012 0:00,0818,10330,NE FRENCH LN,122681050,25546400,MISC4
P120070648,BIPD,5/5/2012 0:00,2250,15798,STATE HWY 305 NE,121419100,26448500,TRAFF3
P120070683,BIPD,5/5/2012 0:00,2343,235,CAMELIA LOOP NE,122451700,23598100,NOISE4
P120103108,BIPD,6/28/2012 0:00,1640,,HIGH SCHOOL RD NE / STATE HWY 305 NE,122571082,23644469,T
P120103156,BIPD,6/28/2012 0:00,1801,,HEMLOCK AVE NE / NE YAQUINA AVE,122510052,24009568,T
P120103157,BIPD,6/28/2012 0:00,1802,625,WINSLOW WAY E,122607400,23236100,FU
P120103256,BIPD,6/28/2012 0:00,2055,827,HIGH SCHOOL RD NE,122671500,23642200,ASSAU3
P120103270,BIPD,6/28/2012 0:00,2148,811,CHERRY AVE NE,122936600,23480200,ALRA
P120103287,BIPD,6/28/2012 0:00,2214,,MANDUS OLSON RD NE / NE NEW BROOKLYN RD,121781469,23932547,TRAFF3
P120101129,BIPD,6/25/2012 0:00,1416,280,MADISON AVE N,122441700,23299100,VERBA3
P120101649,BIPD,6/26/2012 0:00,1027,181,LOVELL AVE SW,122254950,23227000,FU
P120101801,BIPD,6/26/2012 0:00,1524,,"XY(122552272,23583747)",122552272,23583747,CELL
P120104670,BIPD,7/1/2012 0:00,0000,3949,CRYSTAL SPRINGS DR NE,121040400,22361700,FI
P120104774,BIPD,7/1/2012 0:00,0359,,ERICKSEN AVE NE / WINSLOW WAY E,122525612,23245942,SUSPI3
P120104862,BIPD,7/1/2012 0:00,0938,,"XY(122155170,21606934)",122155170,21606934,UNKNO3
P120067534,BIPD,4/30/2012 0:00,2005,5402,ROCKAWAY BEACH RD NE,122969950,22763650,ANIMA4
P120075184,BIPD,5/13/2012 0:00,0825,1025,BURWELL ST,119574100,21120800,MISC5
P120075170,BIPD,5/13/2012 0:00,0752,625,WINSLOW WAY E,122607400,23236100,FU
P120075244,BIPD,5/13/2012 0:00,1149,6551,FLETCHER BAY RD NE,121696650,23185200,TRAFF3
P120070712,BIPD,5/6/2012 0:00,0040,,"XY(122406144,23484425)",122406144,23484425,CELL
P120070873,BIPD,5/6/2012 0:00,0956,625,WINSLOW WAY E,122607400,23236100,MISC4
P120101523,BIPD,6/26/2012 0:00,0538,12060,NORTH MADISON AVE NE,122463980,24997138,PC4
P120093693,BIPD,6/13/2012 0:00,1428,8555,MADISON AVE N,122413300,23788700,PARKI4
P120094063,BIPD,6/14/2012 0:00,0654,9727,COPPERTOP LOOP NE,122353856,24101681,ALRA
P120102171,BIPD,6/27/2012 0:00,0830,,CAVE AVE NE / WINSLOW WAY E,122622306,23244727,T
P120097118,BIPD,6/18/2012 0:00,2224,780,VILLAGE CIR NW,122215050,23459100,SUSPI4
P120097176,BIPD,6/19/2012 0:00,0051,635,HIGH SCHOOL RD NE,122615700,23616500,FOUND4
P120080527,BIPD,5/22/2012 0:00,1353,,ERICKSEN AVE NE / MADRONE LN N,122485723,23250998,CELL
P120080640,BIPD,5/22/2012 0:00,1734,907,CARVER ST,118435000,20790500,MEDIA
P120080661,BIPD,5/22/2012 0:00,1810,,NE WING POINT WAY / WING POINT WAY NE,122868520,23371293,T
P120084569,BIPD,5/29/2012 0:00,1555,,FORT WARD HILL RD NE / NE PARK VIEW DR,122356096,21647527,SUSPI4
P120088403,BIPD,6/4/2012 0:00,1605,7421,NE ABIES DR,121726900,24775950,MENTAG
P120084676,BIPD,5/29/2012 0:00,1952,11216,PINYON AVE NE,121792700,24750900,FIREW4
P120101877,BIPD,6/26/2012 0:00,1758,,STATE HWY 305 NE / SUQUAMISH WAY NE,121272953,26526622,RECKL4
P120105267,BIPD,7/1/2012 0:00,2318,15843,AGATE PASS BRG,121391000,26467600,DUI3
P120105538,BIPD,7/2/2012 0:00,1317,5256,NE OLD MILL RD,122203250,22777150,MISC4
P120105570,BIPD,7/2/2012 0:00,1356,3273,PLEASANT BEACH DR NE,122067950,22101400,THEFT4
P120105738,BIPD,7/2/2012 0:00,1835,907,CARVER ST,118435000,20790500,MEDIA
P120105760,BIPD,7/2/2012 0:00,1931,5834,WARD AVE NE,122596400,22917100,PC3
P120071525,BIPD,5/7/2012 0:00,1344,625,WINSLOW WAY E,122607400,23236100,FU
P120068029,BIPD,5/1/2012 0:00,1717,,HILDEBRAND LN NE / TORMEY LN NE,122534254,23589670,T
P120071944,BIPD,5/8/2012 0:00,0829,625,WINSLOW WAY E,122607400,23236100,FI
P120075940,BIPD,5/14/2012 0:00,1553,15345,HARVEY RD NE,121510050,26096550,THEFT4
P120076025,BIPD,5/14/2012 0:00,1826,15843,AGATE PASS BRG,121391000,26467600,TRAFF3
P120097269,BIPD,6/19/2012 0:00,0912,7040,FLETCHER BAY RD NE,121720717,23169300,CIVIL3
P120097235,BIPD,6/19/2012 0:00,0738,625,WINSLOW WAY E,122607400,23236100,TRANS
P120097654,BIPD,6/19/2012 0:00,2111,343,WINSLOW WAY E,122501900,23247000,INTOX4
P120097742,BIPD,6/20/2012 0:00,0043,11954,MILLER RD NE,121740493,24986353,FU
P120103072,BIPD,6/28/2012 0:00,1550,509,BJUNE DR SE,122559194,23223162,MVC4
P120097741,BIPD,6/20/2012 0:00,0037,16330,REITAN RD NE,121532650,26425100,THEFT4
P120084796,BIPD,5/30/2012 0:00,0123,9343,SPORTSMAN CLUB RD NE,122337100,24132500,MALIC4
P120084799,BIPD,5/30/2012 0:00,0133,9343,SPORTSMAN CLUB RD NE,122337100,24132500,PC3
P120084903,BIPD,5/30/2012 0:00,0824,21780,STATE HWY 305 NE,119257400,28169800,MVC3
P120085171,BIPD,5/30/2012 0:00,1550,625,WINSLOW WAY E,122607400,23236100,MISC4
P120089228,BIPD,6/6/2012 0:00,0244,301,HIGH SCHOOL RD NE,122491500,23645900,NOISE4
P120089232,BIPD,6/6/2012 0:00,0306,9330,NE HIGH SCHOOL RD,122363800,23666100,SUSPI3
P120105777,BIPD,7/2/2012 0:00,2020,,"XY(122552272,23583747)",122552272,23583747,CELL
P120105995,BIPD,7/3/2012 0:00,0714,907,CARVER ST,118435000,20790500,MEDIA
P120106007,BIPD,7/3/2012 0:00,0750,,BJUNE DR SE / WINSLOW WAY E,122533107,23245903,MVC4
P120106412,BIPD,7/3/2012 0:00,1936,,BATTLE POINT DR NE / MILLER RD NE,121350327,24126968,FIREW4
P120106486,BIPD,7/3/2012 0:00,2141,141,PARFITT WAY SW,122410800,23143000,NOISE4
P120106499,BIPD,7/3/2012 0:00,2201,141,PARFITT WAY SW,122410800,23143000,NOISE4
P120072115,BIPD,5/8/2012 0:00,1330,1981,NE WILLOW AVE,123049650,23432400,PC4
P120076610,BIPD,5/15/2012 0:00,1814,,NE LOVGREEN RD W / MILLER RD NE,121741307,24988019,T
P120076643,BIPD,5/15/2012 0:00,1917,1912,NE PARK VIEW DR,122415700,21644450,WC911
P120076687,BIPD,5/15/2012 0:00,2048,,LOVELL AVE NW / WYATT WAY NW,122300088,23386514,T
P120072244,BIPD,5/8/2012 0:00,1631,6523,NE MY WAY,121348300,22241750,ALRA
P120072318,BIPD,5/8/2012 0:00,1828,907,CARVER ST,118435000,20790500,MEDIA
P120085504,BIPD,5/31/2012 0:00,0638,,MADISON AVE N / STATE HWY 305 NE,122472543,23963078,MVC3
P120085705,BIPD,5/31/2012 0:00,1449,625,WINSLOW WAY E,122607400,23236100,FRAUD4
P120085898,BIPD,5/31/2012 0:00,1945,253,HIGH SCHOOL RD NE,122470100,23646300,T
P120085921,BIPD,5/31/2012 0:00,2036,,FERNCLIFF AVE NE / WING POINT WAY NE,122693146,23376023,RECKL3
P120085924,BIPD,5/31/2012 0:00,2042,625,WINSLOW WAY E,122607400,23236100,WRT4
P120086052,BIPD,6/1/2012 0:00,0058,9571,SILVERDALE WAY NW,118164200,24273900,ASSIS3
P120097884,BIPD,6/20/2012 0:00,0920,,STATE HWY 305 NE / VINEYARD LN,122559210,23438563,T
P120103259,BIPD,6/28/2012 0:00,2103,,NE KOURA RD / STATE HWY 305 NE,122310217,24709702,T
P120098680,BIPD,6/21/2012 0:00,1445,,"XY(121196327,22051928)",121196327,22051928,CELL
P120099165,BIPD,6/22/2012 0:00,0853,9343,SPORTSMAN CLUB RD NE,122337100,24132500,FU
P120099333,BIPD,6/22/2012 0:00,1412,7968,FINCH RD NE,122064000,23640000,LITTE4
P120105578,BIPD,7/2/2012 0:00,1405,,NE LOVGREEN RD E / STATE HWY 305 NE,122193914,24976129,FI
P120105773,BIPD,7/2/2012 0:00,2012,299,SHANNON DR SE,122508700,23164500,PC3
P120103316,BIPD,6/28/2012 0:00,2330,,MADISON AVE N / WINSLOW WAY E,122427660,23249390,FIREW3
P120103452,BIPD,6/29/2012 0:00,0839,625,WINSLOW WAY E,122607400,23236100,WRT4
P120103739,BIPD,6/29/2012 0:00,1544,10255,NE VALLEY RD,122674600,24698700,FI
P120101233,BIPD,6/25/2012 0:00,1642,403,MADISON AVE N,122430200,23357500,LITTE4
P120106620,BIPD,7/4/2012 0:00,0019,,DUANE LN NW / WALLACE WAY NE,122445779,23529527,CELL
P120106679,BIPD,7/4/2012 0:00,0219,18685,3RD AVE NE,121661100,27176050,ASSIS3
P120106766,BIPD,7/4/2012 0:00,0942,208,HIGH SCHOOL RD NE,122478900,23646100,INFOP3
P120107113,BIPD,7/4/2012 0:00,2036,125,FERNCLIFF AVE NE,122689900,23252800,NOISE4
P120107243,BIPD,7/4/2012 0:00,2301,465,WINSLOW WAY E,122543850,23233600,FIREW4
P120107275,BIPD,7/4/2012 0:00,2322,,NE DAY RD E / SUNRISE DR NE,122733885,25222379,T
P120099372,BIPD,6/22/2012 0:00,1518,,"XY(122346817,22566660)",122346817,22566660,CELL
P120099950,BIPD,6/23/2012 0:00,1610,215,FINCH PL SW,122403500,23209000,THEFT3
P120100079,BIPD,6/23/2012 0:00,2034,4738,LYNWOOD CENTER RD NE,121775200,22508600,ALRA
P120100188,BIPD,6/23/2012 0:00,2341,5520,WELFARE AVE NE,122755100,22828400,PROWL3
P120100294,BIPD,6/24/2012 0:00,0332,,NE DAY RD E / NORTH MADISON AVE NE,122468811,25230896,LOUDP3
P120100623,BIPD,6/24/2012 0:00,1827,,FLETCHER BAY RD NE / NE HIGH SCHOOL RD,121498530,23670902,DUI3
P120106578,BIPD,7/3/2012 0:00,2331,4205,PALOMINO DR NE,121262750,22426850,MISC4
P120103756,BIPD,6/29/2012 0:00,1609,16011,AGATEWOOD RD NE,121561300,26316650,GUNVI3
P120104007,BIPD,6/29/2012 0:00,2326,,NE DAY RD E / NE YETI LN,122025071,25272959,CELL
P120104029,BIPD,6/29/2012 0:00,2356,11299,ARROW POINT DR NE,121068800,24696200,FI
P120101396,BIPD,6/25/2012 0:00,2217,,MADISON AVE N / STATE HWY 305 NE,122472543,23963078,DUI3
P120104160,BIPD,6/30/2012 0:00,0632,,"XY(122346817,22566660)",122346817,22566660,CELL
P120089968,BIPD,6/7/2012 0:00,1109,10597,MANDUS OLSON RD NE,121794244,24457367,SUSPI4
P120086234,BIPD,6/1/2012 0:00,1056,,NE DAY LILY LN / STONECRESS LN NE,122669036,23654255,FU
P120090412,BIPD,6/8/2012 0:00,0048,,REITAN RD NE / STATE HWY 305 NE,121501742,26370270,T
P120086273,BIPD,6/1/2012 0:00,1151,,STATE HWY 305 NE / NE YAQUINA AVE,122482902,23968727,CELL
P120090650,BIPD,6/8/2012 0:00,1204,4998,ROCKAWAY BEACH RD NE,122964850,22601200,SUSPI4
P120090621,BIPD,6/8/2012 0:00,1104,625,WINSLOW WAY E,122607400,23236100,FU
P120107268,BIPD,7/4/2012 0:00,2318,9009,MILLER RD NE,121314650,24055000,FIREW3
P120107283,BIPD,7/4/2012 0:00,2333,253,HIGH SCHOOL RD NE,122470100,23646300,DUI3
P120104879,BIPD,7/1/2012 0:00,1011,,LYNWOOD CENTER RD NE / POINT WHITE DR NE,121758992,22525846,FU
P120107690,BIPD,7/5/2012 0:00,1501,360,TORMEY LN NE,122527054,23595610,THEFT4
P120107813,BIPD,7/5/2012 0:00,1758,,STATE HWY 305 NE / VINEYARD LN,122559210,23438563,T
P120103999,BIPD,6/29/2012 0:00,2314,321,HIGH SCHOOL RD NE,122500500,23645700,VERBA3
P120100772,BIPD,6/24/2012 0:00,2355,9125,SPORTSMAN CLUB RD NE,122290100,24108100,FI
P120101158,BIPD,6/25/2012 0:00,1500,16290,AGATE POINT RD NE,121946000,26392000,THEFT4
P120104181,BIPD,6/30/2012 0:00,0721,9343,SPORTSMAN CLUB RD NE,122337100,24132500,SUSPI3
P120101187,BIPD,6/25/2012 0:00,1543,,NE BUSINESS PARK LN / NORTH TOWN DR NE,122321229,24074071,CELL
P120095828,BIPD,6/16/2012 0:00,2039,2175,DOUGLAS DR NE,122451950,21723700,ALRA
P120107120,BIPD,7/4/2012 0:00,2056,4804,CRYSTAL SPRINGS DR NE,121078400,22620150,FU
P120107365,BIPD,7/5/2012 0:00,0117,,GROW AVE NW / SHEPARD WAY NW,122331356,23319978,FIREW3
P120104147,BIPD,6/30/2012 0:00,0425,3000,PLEASANT BEACH DR NE,122112500,22010500,ASSIS3
P120104205,BIPD,6/30/2012 0:00,0847,,NE BUSINESS PARK LN / COPPERTOP LOOP NE,122341628,24093666,ASSIS3
P120104219,BIPD,6/30/2012 0:00,0945,,HIGH SCHOOL RD NE / STATE HWY 305 NE,122571082,23644469,FI
P120104263,BIPD,6/30/2012 0:00,1133,,SPORTSMAN CLUB RD NE / STATE HWY 305 NE,122395136,24298387,TRAFF3
P120086333,BIPD,6/1/2012 0:00,1320,8555,MADISON AVE N,122413300,23788700,ALRA
P120086544,BIPD,6/1/2012 0:00,1930,907,CARVER ST,118435000,20790500,MEDIA
P120083808,BIPD,5/28/2012 0:00,0541,920,HILDEBRAND LN NE,122546100,23567800,ALS
P120087150,BIPD,6/2/2012 0:00,1633,,NE NEW BROOKLYN RD / SPORTSMAN CLUB RD NE,122235375,23919324,MVCA
P120087421,BIPD,6/3/2012 0:00,0122,625,WINSLOW WAY E,122607400,23236100,WRT4
P120084076,BIPD,5/28/2012 0:00,1733,,"XY(122346817,22566660)",122346817,22566660,CELL
P120107853,BIPD,7/5/2012 0:00,1905,907,CARVER ST,118435000,20790500,MEDIA
P120107863,BIPD,7/5/2012 0:00,1917,9330,NE HIGH SCHOOL RD,122363800,23666100,T
P120107972,BIPD,7/5/2012 0:00,2237,,"XY(121185009,24456970)",121185009,24456970,CELL
P120108062,BIPD,7/6/2012 0:00,0509,,MADISON AVE N / WINSLOW WAY E,122427660,23249390,PC3
P120108078,BIPD,7/6/2012 0:00,0714,,NE KOURA RD / MILLER RD NE,121576406,24728795,T
P120108277,BIPD,7/6/2012 0:00,1304,,NICHOLSON PL NW / WYATT WAY NW,122250974,23388522,BRUSH
P120087591,BIPD,6/3/2012 0:00,1018,,STATE HWY 305 NE / WINSLOW WAY E,122597069,23245490,TRAFF3
P120091117,BIPD,6/9/2012 0:00,0230,,GILMORE WAY NE / WINSLOW WAY E,122615981,23254352,CELL
P120091157,BIPD,6/9/2012 0:00,0519,,NE GERTIE JOHNSON RD / LOGG RD NE,122761136,24755746,WIRESU
P120084549,BIPD,5/29/2012 0:00,1523,380,WINSLOW WAY E,122507500,23253200,BLSP
P120091304,BIPD,6/9/2012 0:00,1321,,"XY(122793791,23253032)",122793791,23253032,CELL
P120088397,BIPD,6/4/2012 0:00,1600,625,WINSLOW WAY E,122607400,23236100,FU
P120106248,BIPD,7/3/2012 0:00,1441,,"XY(122346817,22566660)",122346817,22566660,CELL
P120106402,BIPD,7/3/2012 0:00,1925,141,PARFITT WAY SW,122410800,23143000,NOISE4
P120106408,BIPD,7/3/2012 0:00,1933,,OLYMPIC DR SE / WINSLOW WAY E,122597069,23245490,MVC4
P120108733,BIPD,7/7/2012 0:00,0014,,NE HIDDEN COVE RD / STATE HWY 305 NE,121741136,25661125,FI
P120108859,BIPD,7/7/2012 0:00,0746,,NE LOVGREEN RD E / STATE HWY 305 NE,122193914,24976129,FI
P120097109,BIPD,6/18/2012 0:00,2153,,NE DAY RD E / PHELPS RD NE,122035020,25246770,TRAFF3
P120102511,BIPD,6/27/2012 0:00,1812,,GROW AVE NW / WYATT WAY NW,122332251,23385462,CPR
P120102562,BIPD,6/27/2012 0:00,1939,8263,NE CARMELLA LN,121977900,23520850,SUICI4
P120102776,BIPD,6/28/2012 0:00,0335,9125,SPORTSMAN CLUB RD NE,122290100,24108100,THEFT3
P120102824,BIPD,6/28/2012 0:00,0821,2324,SOUNDVIEW DR NE,122369750,21780750,CIVIL3
P120102874,BIPD,6/28/2012 0:00,1007,499,OLYMPIC DR SE,122674000,23182900,FI
P120104346,BIPD,6/30/2012 0:00,1424,,NE NEW BROOKLYN RD / SPORTSMAN CLUB RD NE,122235375,23919324,VEHIT4
P120104538,BIPD,6/30/2012 0:00,2058,7666,NE HIGH SCHOOL RD,121802600,23667700,CIVIL3
P120104640,BIPD,6/30/2012 0:00,2311,6576,NE TARA LN,121398100,22196050,LOUDP4
P120105005,BIPD,7/1/2012 0:00,1540,,HOMESTEAD LN / MADISON AVE N,122451175,23438195,CELL
P120105000,BIPD,7/1/2012 0:00,1519,8555,CHERRY ORCHARD LN NE,121744100,23853200,ALRA
P120105113,BIPD,7/1/2012 0:00,1828,16001,SUQUAMISH WAY NE,121276200,26606100,T
P120109010,BIPD,7/7/2012 0:00,1349,23719,STOTTLEMEYER RD NE,120343000,28913700,FU
P120109076,BIPD,7/7/2012 0:00,1536,,"XY(121283064,24791156)",121283064,24791156,CELL
P120109317,BIPD,7/7/2012 0:00,2303,16639,AGATE POINT RD NE,121798650,26506800,PC3
P120109314,BIPD,7/7/2012 0:00,2259,901,MADISON AVE N,122434312,23547503,DUI3
P120109259,BIPD,7/7/2012 0:00,2150,9569,NE TORVANGER RD,122487650,25617150,FU
P120109425,BIPD,7/8/2012 0:00,0159,,"XY(122386099,23535215)",122386099,23535215,CELL
P120103114,BIPD,6/28/2012 0:00,1656,12146,SUNRISE DR NE,122736850,24992200,FU
P120105776,BIPD,7/2/2012 0:00,2020,,"XY(122465853,23528357)",122465853,23528357,CELL
P120103128,BIPD,6/28/2012 0:00,1716,12146,SUNRISE DR NE,122736850,24992200,FU
P120103400,BIPD,6/29/2012 0:00,0613,499,OLYMPIC DR SE,122674000,23182900,THEFT3
P120106426,BIPD,7/3/2012 0:00,2000,11067,NE STATE HWY 104,123095700,29654500,ASSIS3
P120103453,BIPD,6/29/2012 0:00,0839,742,ALDER AVE NE,123000300,23463450,MALIC4
P120088569,BIPD,6/4/2012 0:00,2213,,"XY(122262731,22450297)",122262731,22450297,CELL
P120088627,BIPD,6/5/2012 0:00,0135,,STATE HWY 305 NE / WINSLOW WAY E,122597069,23245490,FI
P120088712,BIPD,6/5/2012 0:00,0820,,SPORTSMAN CLUB RD NE / STATE HWY 305 NE,122395136,24298387,MVCB
P120089114,BIPD,6/5/2012 0:00,2058,,GILMORE WAY NE / WINSLOW WAY E,122615981,23254352,CELL
P120089409,BIPD,6/6/2012 0:00,1201,11280,ARROW POINT DR NE,121138694,24759992,FRAUD4
P120089412,BIPD,6/6/2012 0:00,1205,510,HOMESTEAD LN,122473400,23390350,FRAUD4
P120105127,BIPD,7/1/2012 0:00,1908,383,SHEPARD WAY NW,122341350,23312450,FI
P120107846,BIPD,7/5/2012 0:00,1853,625,WINSLOW WAY E,122607400,23236100,FI
P120107939,BIPD,7/5/2012 0:00,2149,9507,NE SOUTH BEACH DR,122311500,21533700,WATERR
P120105121,BIPD,7/1/2012 0:00,1853,24258,STOTTLEMEYER RD NE,120471634,29074149,ASSIS4
P120105330,BIPD,7/2/2012 0:00,0249,,NE DAY RD E / STATE HWY 305 NE,122023402,25247379,DUI3
P120103488,BIPD,6/29/2012 0:00,1006,280,MADISON AVE N,122441700,23299100,PC3
P120106617,BIPD,7/4/2012 0:00,0017,,"XY(122415352,23517424)",122415352,23517424,CELL
P120103589,BIPD,6/29/2012 0:00,1218,9125,SPORTSMAN CLUB RD NE,122290100,24108100,FI
P120103682,BIPD,6/29/2012 0:00,1416,,ERICKSEN AVE NE / MADRONE LN N,122485723,23250998,CELL
P120103687,BIPD,6/29/2012 0:00,1418,240,CAMELIA LOOP NE,122464500,23595700,SUSPI3
P120103788,BIPD,6/29/2012 0:00,1705,7934,NE BUCKLIN HILL RD,121886700,23147700,T
P120107428,BIPD,7/5/2012 0:00,0555,,"XY(122706692,23141823)",122706692,23141823,CELL
P120109881,BIPD,7/8/2012 0:00,2219,,NE SEABOLD RD / STATE HWY 305 NE,121590699,26041540,TRAFF3
P120109913,BIPD,7/8/2012 0:00,2319,,REITAN RD NE / STATE HWY 305 NE,121501742,26370270,NOISE4
P120110221,BIPD,7/9/2012 0:00,1306,,"XY(122555464,23318064)",122555464,23318064,CELL
P120110243,BIPD,7/9/2012 0:00,1354,11208,PARKHILL PL NE,122543118,24745095,FRAUD4
P120110305,BIPD,7/9/2012 0:00,1519,,NE SOUTH BEACH DR / TOE JAM HILL RD NE,122713687,21437155,SUSPI4
P120089430,BIPD,6/6/2012 0:00,1245,11280,ARROW POINT DR NE,121138694,24759992,FU
P120089517,BIPD,6/6/2012 0:00,1534,625,WINSLOW WAY E,122607400,23236100,THEFT3
P120089721,BIPD,6/6/2012 0:00,2208,481,MADISON AVE N,122430500,23377300,PC4
P120089921,BIPD,6/7/2012 0:00,0938,,NE MORGAN RD / STATE HWY 305 NE,122252700,24842450,T
P120090061,BIPD,6/7/2012 0:00,1350,186,WYATT WAY NW,122405200,23396700,WC911
P120090637,BIPD,6/8/2012 0:00,1139,821,HIGH SCHOOL RD NE,122669100,23642300,FU
P120103789,BIPD,6/29/2012 0:00,1708,12810,SUNRISE DR NE,122733883,25222231,ALRA
P120103806,BIPD,6/29/2012 0:00,1737,,MADISON AVE N / STATE HWY 305 NE,122472543,23963078,MVCB
P120104103,BIPD,6/30/2012 0:00,0205,253,HIGH SCHOOL RD NE,122470100,23646300,T
P120107103,BIPD,7/4/2012 0:00,2025,4804,CRYSTAL SPRINGS DR NE,121078400,22620150,THEFT4
P120104176,BIPD,6/30/2012 0:00,0707,,NE DAY RD W / ROE RD NE,121544760,25259679,TRAFF3
P120104279,BIPD,6/30/2012 0:00,1214,,RAVINE LN NE / WINSLOW WAY E,122573055,23246239,T
P120108720,BIPD,7/6/2012 0:00,2351,9856,NE TORVANGER RD,122560163,25626080,PROWL2
P120105803,BIPD,7/2/2012 0:00,2109,,MADRONE LN N / WINSLOW WAY E,122461044,23248357,T
P120105955,BIPD,7/3/2012 0:00,0437,,NE DAY RD E / STATE HWY 305 NE,122023402,25247379,PC3
P120105973,BIPD,7/3/2012 0:00,0615,11299,ARROW POINT DR NE,121068800,24696200,ALRA
P120106210,BIPD,7/3/2012 0:00,1400,3212,POINT WHITE DR NE,121326900,22087650,THEFT4
P120104157,BIPD,6/30/2012 0:00,0614,,"XY(122090015,25029985)",122090015,25029985,CELL
P120110343,BIPD,7/9/2012 0:00,1611,,AGATE PASS RD NE / NE SANWICK PL,121723887,26557607,PC4
P120110373,BIPD,7/9/2012 0:00,1713,,"XY(122347655,24072760)",122347655,24072760,CELL
P120110521,BIPD,7/9/2012 0:00,2207,,NE NEW BROOKLYN RD / SANDS AVE NE,121914537,23931258,MVC3
P120110544,BIPD,7/9/2012 0:00,2253,253,HIGH SCHOOL RD NE,122470100,23646300,FU
P120110682,BIPD,7/10/2012 0:00,0914,282,KNECHTEL WAY NE,122487800,23447100,FU
P120107369,BIPD,7/5/2012 0:00,0136,,SPORTSMAN CLUB RD NE / STATE HWY 305 NE,122395136,24298387,INTOXA
P120107371,BIPD,7/5/2012 0:00,0140,13072,PHELPS RD NE,122097700,25300750,LOUDP4
P120107407,BIPD,7/5/2012 0:00,0322,,SPORTSMAN CLUB RD NE / STATE HWY 305 NE,122395136,24298387,DUI3
P120107437,BIPD,7/5/2012 0:00,0710,,NE BAY HILL RD / MILLER RD NE,121653804,24856831,T
P120109862,BIPD,7/8/2012 0:00,2149,16639,AGATE POINT RD NE,121798650,26506800,FIREW4
P120107596,BIPD,7/5/2012 0:00,1243,,NE DAY RD E / STATE HWY 305 NE,122023402,25247379,FI
P120090726,BIPD,6/8/2012 0:00,1432,,"XY(122576143,23688972)",122576143,23688972,TRAFF3
P120090744,BIPD,6/8/2012 0:00,1449,10000,ARROW POINT DR NE,121176279,24602158,T
P120090890,BIPD,6/8/2012 0:00,1906,,ERICKSEN AVE NE / MADRONE LN N,122485723,23250998,CELL
P120090881,BIPD,6/8/2012 0:00,1849,,BJUNE DR SE / BRIEN DR SE,122482650,23202882,ASSAU2
P120090992,BIPD,6/8/2012 0:00,2220,625,WINSLOW WAY E,122607400,23236100,MISC4
P120091009,BIPD,6/8/2012 0:00,2301,253,HIGH SCHOOL RD NE,122470100,23646300,INTOX3
P120104276,BIPD,6/30/2012 0:00,1207,8611,NE BELLE HILL LN,122149890,24219511,CIVIL4
P120101793,BIPD,6/26/2012 0:00,1510,1348,STONECRESS LN NE,122649450,23676350,SEXOF4
P120102020,BIPD,6/26/2012 0:00,2242,11299,ARROW POINT DR NE,121068800,24696200,SUSPI3
P120104281,BIPD,6/30/2012 0:00,1218,,SPORTSMAN CLUB RD NE / STATE HWY 305 NE,122395136,24298387,MVCG
P120102282,BIPD,6/27/2012 0:00,1133,16330,REITAN RD NE,121532650,26425100,FU
P120104452,BIPD,6/30/2012 0:00,1824,,BATTLE POINT DR NE / MILLER RD NE,121350327,24126968,T
P120110999,BIPD,7/10/2012 0:00,1805,635,HIGH SCHOOL RD NE,122615700,23616500,ASSIS3
P120111065,BIPD,7/10/2012 0:00,1958,316,WINSLOW WAY E,122497400,23247300,MISC4
P120111217,BIPD,7/11/2012 0:00,0110,11299,ARROW POINT DR NE,121068800,24696200,ALRA
P120111376,BIPD,7/11/2012 0:00,0953,6639,NE BAYVIEW BLVD,121473850,25023800,KEEP4
P120111425,BIPD,7/11/2012 0:00,1054,14669,KOMEDAL RD NE,121560842,25868257,ALRA
P120111447,BIPD,7/11/2012 0:00,1133,14669,KOMEDAL RD NE,121560842,25868257,ALRA
P120107654,BIPD,7/5/2012 0:00,1409,,NORTH MADISON AVE NE / NE VALLEY RD,122457917,24703521,T
P120107669,BIPD,7/5/2012 0:00,1423,27000,MILLER BAY RD NE,122087800,29975000,ASSIS3
P120107673,BIPD,7/5/2012 0:00,1425,5834,WARD AVE NE,122596400,22917100,PC4
P120107733,BIPD,7/5/2012 0:00,1551,,FINCH RD NE / NE NEW HOLLAND CT,122037088,23445768,T
P120110348,BIPD,7/9/2012 0:00,1623,7290,SPRINGRIDGE RD NE,121245179,23431890,SUSPI3
P120107744,BIPD,7/5/2012 0:00,1605,5419,WELFARE AVE NE,122738950,22803550,ASSIS3
P120111455,BIPD,7/11/2012 0:00,1146,,MADISON AVE N / STATE HWY 305 NE,122472543,23963078,RECKL3
P120111516,BIPD,7/11/2012 0:00,1322,15741,POINT MONROE DR NE,122645050,26277350,SUSPI4
P120111694,BIPD,7/11/2012 0:00,1851,879,GROW AVE NW,122325700,23511600,ANIMA3
P120109531,BIPD,7/8/2012 0:00,1006,280,MADISON AVE N,122441700,23299100,ALRA
P120109537,BIPD,7/8/2012 0:00,1031,207,PARFITT WAY SW,122385200,23157750,WC911
P120109755,BIPD,7/8/2012 0:00,1806,,NE MAXWELL LN / MILLER RD NE,121347636,24121488,T
P120091036,BIPD,6/8/2012 0:00,2331,,MANDUS OLSON RD NE / NE NEW BROOKLYN RD,121781469,23932547,T
P120087725,BIPD,6/3/2012 0:00,1441,11090,ROLLING BAY WALK NE,122884750,24685150,CIVIL4
P120087888,BIPD,6/3/2012 0:00,1958,9195,HEMLOCK AVE NE,122509356,24033622,GUNVI3
P120088271,BIPD,6/4/2012 0:00,1239,16344,REITAN RD NE,121457500,26451350,NARCO3
P120091730,BIPD,6/10/2012 0:00,0355,,FERNCLIFF AVE NE / HIGH SCHOOL RD NE,122700327,23641703,TRANS
P120107793,BIPD,7/5/2012 0:00,1737,225,NE HIGH SCHOOL RD,122373600,23636900,PC4
P120108191,BIPD,7/6/2012 0:00,1052,,EUCLID AVE NE / WASHINGTON AVE NE,122444389,25908044,T
P120108457,BIPD,7/6/2012 0:00,1741,,"XY(122307290,23080514)",122307290,23080514,CELL
P120108453,BIPD,7/6/2012 0:00,1728,12985,PHELPS RD NE,122013600,25315000,ORDNA3
P120106628,BIPD,7/4/2012 0:00,0034,7761,HANSEN RD NE,121071450,23562250,SUSPI3
P120106649,BIPD,7/4/2012 0:00,0120,190,GOWEN PL NW,122121350,23250550,ASSIS3
P120104516,BIPD,6/30/2012 0:00,2017,6000,NE BAKER HILL RD,121183900,22592700,T
P120105001,BIPD,7/1/2012 0:00,1520,625,WINSLOW WAY E,122607400,23236100,INFOP4
P120105422,BIPD,7/2/2012 0:00,0922,14521,NORTH MADISON AVE NE,122425350,25794100,HARAS4
P120105485,BIPD,7/2/2012 0:00,1119,10289,NORTH MADISON AVE NE,122442950,24386150,FRAUD4
P120105789,BIPD,7/2/2012 0:00,2040,14313,NORTH MADISON AVE NE,122458092,25680410,FIREW4
P120105892,BIPD,7/3/2012 0:00,0018,,DIAMOND PL NE / NE EMERALD WAY,121724259,22788163,NARCO3
P120109758,BIPD,7/8/2012 0:00,1815,625,WINSLOW WAY E,122607400,23236100,CIVIL4
P120111983,BIPD,7/12/2012 0:00,0820,625,WINSLOW WAY E,122607400,23236100,FU
P120112121,BIPD,7/12/2012 0:00,1248,,NE LOVGREEN RD E / STATE HWY 305 NE,122193914,24976129,T
P120112155,BIPD,7/12/2012 0:00,1347,403,MADISON AVE N,122430200,23357500,FOUND4
P120112386,BIPD,7/12/2012 0:00,1924,,ERICKSEN AVE NE / WYATT WAY NE,122529004,23379604,RECKL4
P120112416,BIPD,7/12/2012 0:00,2027,5307,STATE HWY 303 NE,119722400,22816800,WRT3
P120091882,BIPD,6/10/2012 0:00,1323,10526,NE QUIET VALLEY LN,122732144,23731726,WRT4
P120091954,BIPD,6/10/2012 0:00,1614,7666,NE HIGH SCHOOL RD,121802600,23667700,FOUND4
P120094159,BIPD,6/14/2012 0:00,1012,19160,FRONT ST NE,119365600,27388600,FU
P120092075,BIPD,6/10/2012 0:00,2056,,NE DAY RD E / STATE HWY 305 NE,122023402,25247379,T
P120094239,BIPD,6/14/2012 0:00,1239,920,HILDEBRAND LN NE,122546100,23567800,WC911
P120094477,BIPD,6/14/2012 0:00,2017,8677,MADISON AVE N,122420700,23836800,FU
P120073194,BIPD,5/10/2012 0:00,0859,1005,BLUE HERON AVE NE,122477300,23540850,DV3
P120073389,BIPD,5/10/2012 0:00,1445,245,HIGH SCHOOL RD NW,122243500,23654700,WC3
P120073420,BIPD,5/10/2012 0:00,1522,625,WINSLOW WAY E,122607400,23236100,FI
P120073584,BIPD,5/10/2012 0:00,2008,,FLETCHER BAY RD NE / MILLER RD NE,121365750,23936543,T
P120073671,BIPD,5/10/2012 0:00,2335,270,OLYMPIC DR SE,122674150,23183550,ALSP
P120077587,BIPD,5/17/2012 0:00,1157,,BLAKELY AVE NE / NE BUCKLIN HILL RD,121921781,23138274,DUI3
P120106446,BIPD,7/3/2012 0:00,2045,5515,NE TOLO RD,121110200,24306750,SUSPI4
P120106615,BIPD,7/4/2012 0:00,0015,231,WINSLOW WAY E,122463600,23240400,VERBA3
P120106824,BIPD,7/4/2012 0:00,1145,761,VILLAGE CIR NW,122228450,23435950,ASSIS3
P120106859,BIPD,7/4/2012 0:00,1250,13720,SUNRISE DR NE,122739644,25528130,ASSAU3
P120106918,BIPD,7/4/2012 0:00,1455,316,WINSLOW WAY E,122497400,23247300,ASSAU4
P120106660,BIPD,7/4/2012 0:00,0136,241,WINSLOW WAY W,122377000,23251900,MISC3
P120106708,BIPD,7/4/2012 0:00,0431,403,MADISON AVE N,122430200,23357500,ORDNA4
P120106911,BIPD,7/4/2012 0:00,1436,,ERICKSEN AVE NE / MADRONE LN N,122485723,23250998,CELL
P120109783,BIPD,7/8/2012 0:00,1900,,NE BUCKLIN HILL RD / NE EAGLE HARBOR DR,121966131,23304962,T
P120111438,BIPD,7/11/2012 0:00,1117,,NE BUSINESS PARK LN / SPORTSMAN CLUB RD NE,122322118,24094785,THEFT4
P120109857,BIPD,7/8/2012 0:00,2141,15446,SUNRISE DR NE,122763600,26092300,FI
P120112507,BIPD,7/12/2012 0:00,2328,,NE KOURA RD / MILLER RD NE,121576406,24728795,T
P120112554,BIPD,7/13/2012 0:00,0119,,NE DAY RD E / STATE HWY 305 NE,122023402,25247379,T
P120112592,BIPD,7/13/2012 0:00,0328,10472,NE SUNRISE BLUFF LN,122820350,25694550,THEFT2
P120112701,BIPD,7/13/2012 0:00,1013,13229,MILLSTONE PL NE,121975900,25432900,FRAUD4
P120112794,BIPD,7/13/2012 0:00,1223,10060,HIGH SCHOOL RD NE,122601000,23755700,ASSIS3
P120113253,BIPD,7/14/2012 0:00,0247,,MADISON AVE S / PARFITT WAY SW,122425441,23164008,UNWAN3
P120094749,BIPD,6/15/2012 0:00,0921,5419,WELFARE AVE NE,122738950,22803550,CHILD4
P120092206,BIPD,6/11/2012 0:00,0534,37687,OLYMPIC VIEW RD NE,121336750,33479350,ASSIS3
P120092309,BIPD,6/11/2012 0:00,1006,8387,NE SUMANEE PL,122027400,25476550,ALRA
P120092359,BIPD,6/11/2012 0:00,1112,,NE DAY RD E / STATE HWY 305 NE,122023402,25247379,RECKL3
P120092356,BIPD,6/11/2012 0:00,1108,488,WINSLOW WAY E,122551500,23246500,MVC4
P120092337,BIPD,6/11/2012 0:00,1043,829,HIGH SCHOOL RD NE,122672300,23642200,CIVIL4
P120073804,BIPD,5/11/2012 0:00,0838,,SPORTSMAN CLUB RD NE / NE WARDWELL RD,122379781,24286006,T
P120073928,BIPD,5/11/2012 0:00,1203,,NE HIDDEN COVE RD / STATE HWY 305 NE,121741136,25661125,T
P120074143,BIPD,5/11/2012 0:00,1707,6641,NE JAY ST,121512400,25358850,WC911
P120074242,BIPD,5/11/2012 0:00,1934,3835,PLEASANT BEACH DR NE,121865000,22260700,T
P120074410,BIPD,5/11/2012 0:00,2352,,SPORTSMAN CLUB RD NE / STATE HWY 305 NE,122395136,24298387,T
P120078401,BIPD,5/18/2012 0:00,1828,907,CARVER ST,118435000,20790500,MEDIA
P120109813,BIPD,7/8/2012 0:00,2009,9651,NE WINTHERS RD,122473650,24954450,ASSIS3
P120109974,BIPD,7/9/2012 0:00,0127,,NE HALLS HILL RD / ROCKAWAY BEACH RD NE,122900590,22255198,PC3
P120109972,BIPD,7/9/2012 0:00,0126,9009,MILLER RD NE,121314650,24055000,NOISE4
P120110071,BIPD,7/9/2012 0:00,0834,14535,SIVERTSON RD NE,121721613,25805846,LOSTP4
P120110271,BIPD,7/9/2012 0:00,1425,625,WINSLOW WAY E,122607400,23236100,FU
P120110296,BIPD,7/9/2012 0:00,1506,11900,NE COUNTRY CLUB RD,123127300,21888500,SUSPI3
P120106949,BIPD,7/4/2012 0:00,1543,,CAPSTAN DR NE / HIGH SCHOOL RD NW,122210812,23655945,MVC4
P120107052,BIPD,7/4/2012 0:00,1859,1220,HILDEBRAND LN NE,122550200,23631100,WC2
P120109854,BIPD,7/8/2012 0:00,2136,,REITAN RD NE / STATE HWY 305 NE,121501742,26370270,TRANS
P120107092,BIPD,7/4/2012 0:00,2012,,"XY(122251753,24258758)",122251753,24258758,CELL
P120109965,BIPD,7/9/2012 0:00,0111,,NE HIGH SCHOOL RD / SPORTSMAN CLUB RD NE,122100813,23659652,TRAFF3
P120113355,BIPD,7/14/2012 0:00,0952,220,PARFITT WAY SW,122383300,23192900,WC3
P120113470,BIPD,7/14/2012 0:00,1324,7143,ISLAND CENTER RD NE,121604267,23341196,BURGL4
P120113626,BIPD,7/14/2012 0:00,1815,,NE DAY RD E / STATE HWY 305 NE,122023402,25247379,T
P120114118,BIPD,7/15/2012 0:00,1621,253,HIGH SCHOOL RD NE,122470100,23646300,T
P120114912,BIPD,7/16/2012 0:00,2323,825,NE HIGH SCHOOL RD,122681300,23613550,FU
P120115112,BIPD,7/17/2012 0:00,1037,,"XY(122443654,23118748)",122443654,23118748,CELL
P120095340,BIPD,6/15/2012 0:00,2335,15843,AGATE PASS BRG,121391000,26467600,DUI3
P120092472,BIPD,6/11/2012 0:00,1447,,"XY(121261079,23490565)",121261079,23490565,CELL
P120092533,BIPD,6/11/2012 0:00,1607,4779,LYNWOOD CENTER RD NE,121749200,22595450,TRAFF3
P120092667,BIPD,6/11/2012 0:00,1952,,MADRONE LN N / WINSLOW WAY E,122461044,23248357,T
P120092686,BIPD,6/11/2012 0:00,2038,15879,EUCLID AVE NE,122402600,26237050,ALRA
P120092753,BIPD,6/11/2012 0:00,2332,,NE DAY RD E / STATE HWY 305 NE,122023402,25247379,DUI3
P120078747,BIPD,5/19/2012 0:00,0946,601,HIGH SCHOOL RD NE,122587100,23628700,ANIMA4
P120074675,BIPD,5/12/2012 0:00,1217,7666,NE HIGH SCHOOL RD,121802600,23667700,PARKI3
P120078873,BIPD,5/19/2012 0:00,1325,,SPORTSMAN CLUB RD NE / STATE HWY 305 NE,122395136,24298387,T
P120078937,BIPD,5/19/2012 0:00,1459,,MADISON AVE N / WINSLOW WAY E,122427660,23249390,PC3
P120078967,BIPD,5/19/2012 0:00,1600,,HIGH SCHOOL RD NE / STONECRESS LN NE,122668902,23642279,T
P120074733,BIPD,5/12/2012 0:00,1408,13545,PHELPS RD NE,122223600,25583800,PARKI4
P120110378,BIPD,7/9/2012 0:00,1724,15127,HENDERSON RD NE,121481500,26000300,MALIC4
P120110459,BIPD,7/9/2012 0:00,2003,625,WINSLOW WAY E,122607400,23236100,UNKNO4
P120112394,BIPD,7/12/2012 0:00,1939,6789,NE BERGMAN RD,121548250,25106850,FU
P120110493,BIPD,7/9/2012 0:00,2107,,NE DAY RD E / STATE HWY 305 NE,122023402,25247379,RECKL3
P120110655,BIPD,7/10/2012 0:00,0733,625,WINSLOW WAY E,122607400,23236100,WRT3
P120110879,BIPD,7/10/2012 0:00,1517,16942,NE SANWICK PL,121638244,26675743,ALRA
P120107165,BIPD,7/4/2012 0:00,2157,,"XY(122552272,23583747)",122552272,23583747,CELL
P120107308,BIPD,7/4/2012 0:00,2355,,NE EAGLE HARBOR DR / WYATT WAY NW,121975030,23400247,T
P120107315,BIPD,7/5/2012 0:00,0003,1570,FORT WARD HILL RD NE,122358750,21529200,FIREW4
P120104318,BIPD,6/30/2012 0:00,1334,,GROW AVE NW / WYATT WAY NW,122332251,23385462,NOISE4
P120108130,BIPD,7/6/2012 0:00,0915,3000,PLEASANT BEACH DR NE,122112500,22010500,FU
P120110211,BIPD,7/9/2012 0:00,1254,,ERICKSEN AVE NE / KNECHTEL WAY NE,122530633,23445968,PC3
P120115117,BIPD,7/17/2012 0:00,1039,295,WINSLOW WAY E,122493059,23247476,CELL
P120115672,BIPD,7/18/2012 0:00,0935,,"XY(122684855,23669876)",122684855,23669876,CELL
P120115718,BIPD,7/18/2012 0:00,1125,7183,NE EAGLE HARBOR DR,121966252,23376108,MVC3
P120115901,BIPD,7/18/2012 0:00,1633,4420,BLUFF ST NE,121825550,22474200,DV3
P120116253,BIPD,7/19/2012 0:00,0645,,BATTLE POINT DR NE / MILLER RD NE,121350327,24126968,T
P120092945,BIPD,6/12/2012 0:00,1041,9025,NISQUALLY WAY NE,121219800,24055200,ALRA
P120093358,BIPD,6/13/2012 0:00,0126,14414,NORTH MADISON AVE NE,122524000,25772350,ASSIS4
P120093505,BIPD,6/13/2012 0:00,0943,,NE DAY RD W / MILLER RD NE,121978357,25249210,T
P120093527,BIPD,6/13/2012 0:00,1012,,NE BAKER HILL RD / LYNWOOD CENTER RD NE,121772402,22605337,TRAFF3
P120091177,BIPD,6/9/2012 0:00,0742,,NE GERTIE JOHNSON RD / LOGG RD NE,122761136,24755746,PC3
P120091609,BIPD,6/9/2012 0:00,2252,,NE NEW BROOKLYN RD / SPORTSMAN CLUB RD NE,122235375,23919324,T
P120110971,BIPD,7/10/2012 0:00,1724,10450,ARROW POINT DR NE,121252550,24650150,SUSPI4
P120108869,BIPD,7/7/2012 0:00,0802,,NE MONTE VISTA DR / MONTE VISTA PL NE,121442274,24975228,ASSIS4
P120108886,BIPD,7/7/2012 0:00,0914,,STATE HWY 305 NE / VINEYARD LN,122559210,23438563,T
P120108894,BIPD,7/7/2012 0:00,0937,330,NICHOLSON PL NW,122258650,23341400,FU
P120108966,BIPD,7/7/2012 0:00,1214,8555,MADISON AVE N,122413300,23788700,SUSPI3
P120109229,BIPD,7/7/2012 0:00,2112,5352,RUBY PL NE,121735250,22840850,PROWL4
P120108254,BIPD,7/6/2012 0:00,1224,965,WINSLOW WAY E,122713050,23222150,CIVIL4
P120108336,BIPD,7/6/2012 0:00,1437,,"XY(122347121,24073137)",122347121,24073137,CELL
P120108424,BIPD,7/6/2012 0:00,1634,8836,FERNCLIFF AVE NE,122759750,23929050,FOUND4
P120108935,BIPD,7/7/2012 0:00,1103,,MADISON AVE N / STATE HWY 305 NE,122472543,23963078,T
P120110488,BIPD,7/9/2012 0:00,2054,,NE AGATE BLF / AGATE POINT RD NE,121840381,26561395,FIREW4
P120110508,BIPD,7/9/2012 0:00,2134,827,HIGH SCHOOL RD NE,122671500,23642200,HARAS3
P120116280,BIPD,7/19/2012 0:00,0808,280,WYATT WAY NE,122485900,23391500,FU
P120116395,BIPD,7/19/2012 0:00,1205,625,WINSLOW WAY E,122607400,23236100,FI
P120116533,BIPD,7/19/2012 0:00,1636,920,HILDEBRAND LN NE,122546100,23567800,ASSIS3
P120116609,BIPD,7/19/2012 0:00,1837,,NE HIGH SCHOOL RD / MADISON AVE N,122433634,23644002,T
P120116732,BIPD,7/19/2012 0:00,2242,16383,AGATE PASS RD NE,121688039,26407798,GUNVI3
P120116929,BIPD,7/20/2012 0:00,1022,748,NE BROOKCLIFF LN,122666250,23471950,FU
P120113468,BIPD,7/14/2012 0:00,1318,431,GROW AVE NW,122305600,23359250,THEFT4
P120111259,BIPD,7/11/2012 0:00,0348,16639,AGATE POINT RD NE,121798650,26506800,SUSPI3
P120111301,BIPD,7/11/2012 0:00,0738,,NE DAY RD W / MILLER RD NE,121978357,25249210,T
P120109634,BIPD,7/8/2012 0:00,1406,240,CAMELIA LOOP NE,122464500,23595700,FU
P120111483,BIPD,7/11/2012 0:00,1235,625,WINSLOW WAY E,122607400,23236100,WRT5
P120111541,BIPD,7/11/2012 0:00,1409,7644,NE DAY RD W,121826500,25255700,SUSPI3
P120094077,BIPD,6/14/2012 0:00,0752,,ERICKSEN AVE NE / WINSLOW WAY E,122525612,23245942,TRAFF3
P120094101,BIPD,6/14/2012 0:00,0847,625,WINSLOW WAY E,122607400,23236100,MALIC4
P120094224,BIPD,6/14/2012 0:00,1210,4139,POINT WHITE DR NE,121466750,22398700,MVCR
P120094948,BIPD,6/15/2012 0:00,1417,,NE DAY RD E / STATE HWY 305 NE,122023402,25247379,MVCG
P120095021,BIPD,6/15/2012 0:00,1557,15843,AGATE PASS BRG,121391000,26467600,TRAFF4
P120110671,BIPD,7/10/2012 0:00,0834,15798,STATE HWY 305 NE,121419100,26448500,TRAFF3
P120110672,BIPD,7/10/2012 0:00,0837,9280,NE LOVGREEN RD E,122369150,24979200,FU
P120108956,BIPD,7/7/2012 0:00,1145,,EAKIN DR NW / WYATT WAY NW,122125132,23392830,T
P120109106,BIPD,7/7/2012 0:00,1632,625,WINSLOW WAY E,122607400,23236100,FU
P120109192,BIPD,7/7/2012 0:00,1954,907,CARVER ST,118435000,20790500,MEDIA
P120109400,BIPD,7/8/2012 0:00,0105,,NE BEACH CREST DR / NE TIMBERLANE PL,122450567,24471840,CELL
P120079051,BIPD,5/19/2012 0:00,1922,907,CARVER ST,118435000,20790500,MEDIA
P120074872,BIPD,5/12/2012 0:00,1812,,NE CARMELLA LN / SPORTSMAN CLUB RD NE,122038267,23529659,MVCA
P120074931,BIPD,5/12/2012 0:00,2013,253,HIGH SCHOOL RD NE,122470100,23646300,INTOX3
P120075503,BIPD,5/13/2012 0:00,2050,907,CARVER ST,118435000,20790500,MEDIA
P120075526,BIPD,5/13/2012 0:00,2145,,NE DAY RD E / STATE HWY 305 NE,122023402,25247379,T
P120075626,BIPD,5/14/2012 0:00,0500,,NE SEABOLD CHURCH RD / STATE HWY 305 NE,121628932,25910523,T
P120116979,BIPD,7/20/2012 0:00,1132,,NE MORGAN RD / STATE HWY 305 NE,122252700,24842450,T
P120117202,BIPD,7/20/2012 0:00,1725,,"XY(122347121,24073137)",122347121,24073137,CELL
P120117247,BIPD,7/20/2012 0:00,1850,,NE DAY RD W / MILLER RD NE,121978357,25249210,T
P120117258,BIPD,7/20/2012 0:00,1913,,PHELPS RD NE / NE SUMANEE PL,122130546,25457993,T
P120117307,BIPD,7/20/2012 0:00,2107,299,SHANNON DR SE,122508700,23164500,PC3
P120117506,BIPD,7/21/2012 0:00,0636,253,HIGH SCHOOL RD NE,122470100,23646300,FI
P120111664,BIPD,7/11/2012 0:00,1746,,CRYSTAL SPRINGS DR NE / NE SULLIVAN RD,121120626,22755537,MISC3
P120111657,BIPD,7/11/2012 0:00,1719,16881,AGATE PASS RD NE,121655200,26698850,THEFT4
P120111688,BIPD,7/11/2012 0:00,1831,494,COSGROVE ST NW,122217850,23379700,PARKI4
P120112005,BIPD,7/12/2012 0:00,0930,499,OLYMPIC DR SE,122674000,23182900,UNKNO3
P120112235,BIPD,7/12/2012 0:00,1537,625,WINSLOW WAY E,122607400,23236100,FI
P120115105,BIPD,7/17/2012 0:00,1031,,"XY(122443654,23118748)",122443654,23118748,CELL
P120095162,BIPD,6/15/2012 0:00,1912,11700,TWO CREEKS RD NE,121610300,24892850,WC4
P120095226,BIPD,6/15/2012 0:00,2047,,FLETCHER BAY RD NE / MILLER RD NE,121365750,23936543,DV3
P120095277,BIPD,6/15/2012 0:00,2212,5574,WELFARE AVE NE,122756200,22838600,SFR
P120095473,BIPD,6/16/2012 0:00,0830,,NORTH MADISON AVE NE / PHELPS RD NE,122423110,25842563,WIRESU
P120095575,BIPD,6/16/2012 0:00,1213,3000,PLEASANT BEACH DR NE,122112500,22010500,SUSPI4
P120095574,BIPD,6/16/2012 0:00,1212,21609,HOWARD AVE NE,123503150,28103300,GUNINJA
P120095629,BIPD,6/16/2012 0:00,1347,3000,PLEASANT BEACH DR NE,122112500,22010500,FOUND4
P120095649,BIPD,6/16/2012 0:00,1428,299,SHANNON DR SE,122508700,23164500,PC3
P120095746,BIPD,6/16/2012 0:00,1734,625,WINSLOW WAY E,122607400,23236100,FI
P120098020,BIPD,6/20/2012 0:00,1315,2339,SE CEDAR RD,119780900,18551400,FU
P120093749,BIPD,6/13/2012 0:00,1550,625,WINSLOW WAY E,122607400,23236100,FI
P120115108,BIPD,7/17/2012 0:00,1034,,ERICKSEN AVE NE / MADRONE LN N,122491326,23241024,CELL
P120112205,BIPD,7/12/2012 0:00,1454,6789,NE BERGMAN RD,121548250,25106850,TRESP4
P120112376,BIPD,7/12/2012 0:00,1912,,ERICKSEN AVE NE / WYATT WAY NE,122529004,23379604,TRAFF3
P120112409,BIPD,7/12/2012 0:00,2006,2324,SOUNDVIEW DR NE,122369750,21780750,CIVIL3
P120112447,BIPD,7/12/2012 0:00,2150,625,WINSLOW WAY E,122607400,23236100,WRT3
P120112460,BIPD,7/12/2012 0:00,2226,7669,NE DAY RD W,121834517,25255112,ALRA
P120113702,BIPD,7/14/2012 0:00,2101,,MILLER RD NE / NE TOLO RD,121433990,24330529,DUI3
P120113735,BIPD,7/14/2012 0:00,2148,,NE SEABOLD RD / STATE HWY 305 NE,121590699,26041540,FI
P120114056,BIPD,7/15/2012 0:00,1323,7800,NE YEOMALT POINT DR,123103015,23576207,SUSPI4
P120117596,BIPD,7/21/2012 0:00,1129,,STATE HWY 305 NE / WINSLOW WAY E,122597069,23245490,T
P120117692,BIPD,7/21/2012 0:00,1500,,NE DAY RD E / NE YETI LN,122031353,25269536,CELL
P120117695,BIPD,7/21/2012 0:00,1508,490,GROW PL NW,122301900,23377250,ALRA
P120093974,BIPD,6/13/2012 0:00,2324,1-,NE DOLPHIN DR,121801148,26302152,PC4
P120094009,BIPD,6/14/2012 0:00,0051,,NE LOVGREEN RD W / MILLER RD NE,121741307,24988019,T
P120094041,BIPD,6/14/2012 0:00,0343,1000,WEAVER RD NW,122187600,23568300,FI
P120096406,BIPD,6/17/2012 0:00,1850,,NE SEABOLD CHURCH RD / STATE HWY 305 NE,121628932,25910523,T
P120096433,BIPD,6/17/2012 0:00,1955,5579,NE FOSTER RD,121112850,23857450,WC3
P120096553,BIPD,6/17/2012 0:00,2345,11299,ARROW POINT DR NE,121068800,24696200,PC4
P120071773,BIPD,5/7/2012 0:00,2135,,MADISON AVE N / NE NEW BROOKLYN RD,122442200,23911813,T
P120080393,BIPD,5/22/2012 0:00,0958,,AGATEWOOD RD NE / NE DOLPHIN DR,121570277,26306220,TRAFF3
P120076311,BIPD,5/15/2012 0:00,0942,213,MADISON AVE N,122428792,23296552,VERBA3
P120080733,BIPD,5/22/2012 0:00,2122,12330,ARROW POINT LOOP NE,121216235,25031780,WC911
P120081007,BIPD,5/23/2012 0:00,1238,,NE BYRON DR / GRAND AVE NE,122833670,23701279,WIRESU
P120076691,BIPD,5/15/2012 0:00,2103,945,HILDEBRAND LN NE,122515600,23567100,VEHIT4
P120112604,BIPD,7/13/2012 0:00,0447,,BJUNE DR SE / WINSLOW WAY E,122533107,23245903,T
P120112692,BIPD,7/13/2012 0:00,1007,,NE EAGLE HARBOR DR / TAYLOR AVE NE,122682500,22853961,T
P120113029,BIPD,7/13/2012 0:00,1839,253,HIGH SCHOOL RD NE,122470100,23646300,ASSIS3
P120113293,BIPD,7/14/2012 0:00,0642,,ERICKSEN AVE NE / WINSLOW WAY E,122525612,23245942,T
P120113312,BIPD,7/14/2012 0:00,0740,907,CARVER ST,118435000,20790500,MEDIA
P120113397,BIPD,7/14/2012 0:00,1106,,BJUNE DR SE / MADISON AVE S,122427052,23224917,T
P120115732,BIPD,7/18/2012 0:00,1154,13900,MANZANITA RD NE,121490003,25586285,LITTE4
P120118110,BIPD,7/22/2012 0:00,0506,301,HIGH SCHOOL RD NE,122491500,23645900,ALRA
P120118351,BIPD,7/22/2012 0:00,1652,15798,STATE HWY 305 NE,121419100,26448500,RECKL3
P120118413,BIPD,7/22/2012 0:00,1900,907,CARVER ST,118435000,20790500,MEDIA
P120118583,BIPD,7/23/2012 0:00,0517,301,HIGH SCHOOL RD NE,122491500,23645900,ALRA
P120118734,BIPD,7/23/2012 0:00,1139,,"XY(122347655,24072760)",122347655,24072760,CELL
P120099303,BIPD,6/22/2012 0:00,1320,5083,TAYLOR AVE NE,122668150,22678000,HARAS4
P120099315,BIPD,6/22/2012 0:00,1341,499,OLYMPIC DR SE,122674000,23182900,BLSP
P120099421,BIPD,6/22/2012 0:00,1640,350,HIGH SCHOOL RD NE,122521100,23645300,FI
P120099454,BIPD,6/22/2012 0:00,1754,131,PARFITT WAY SW,122413100,23151700,RECKL3
P120096865,BIPD,6/18/2012 0:00,1317,,NE SEABOLD CHURCH RD / STATE HWY 305 NE,121628932,25910523,TRAFF3
P120111309,BIPD,7/11/2012 0:00,0759,907,CARVER ST,118435000,20790500,MEDIA
P120111377,BIPD,7/11/2012 0:00,0953,625,WINSLOW WAY E,122607400,23236100,FI
P120111390,BIPD,7/11/2012 0:00,1014,,MILLER RD NE / NE TOLO RD,121433990,24330529,FI
P120114025,BIPD,7/15/2012 0:00,1201,,NE HIGH SCHOOL RD / SPORTSMAN CLUB RD NE,122100813,23659652,PC3
P120114573,BIPD,7/16/2012 0:00,1311,653,NE KLICKITAT PL,122631650,23484800,SUSPI4
P120114586,BIPD,7/16/2012 0:00,1330,,SPORTSMAN CLUB RD NE / STATE HWY 305 NE,122395136,24298387,RECKL3
P120109525,BIPD,7/8/2012 0:00,0931,748,NE BROOKCLIFF LN,122666250,23471950,VEHIT4
P120109567,BIPD,7/8/2012 0:00,1136,,"XY(121328713,22569232)",121328713,22569232,CELL
P120111400,BIPD,7/11/2012 0:00,1025,748,NE BROOKCLIFF LN,122666250,23471950,FU
P120109704,BIPD,7/8/2012 0:00,1610,10000,ARROW POINT DR NE,121176279,24602158,T
P120111453,BIPD,7/11/2012 0:00,1140,330,GROW AVE NW,122351950,23333550,WC911
P120109747,BIPD,7/8/2012 0:00,1750,,NE BAY HILL RD / MILLER RD NE,121653804,24856831,TRAFF3
P120109774,BIPD,7/8/2012 0:00,1842,,FLETCHER BAY RD NE / ISLAND CENTER RD NE,121639712,23516206,T
P120109897,BIPD,7/8/2012 0:00,2241,13456,SUNRISE DR NE,122737645,25425286,REPOS
P120111652,BIPD,7/11/2012 0:00,1709,253,HIGH SCHOOL RD NE,122470100,23646300,SHOPL4
P120110036,BIPD,7/9/2012 0:00,0641,241,WINSLOW WAY W,122377000,23251900,FU
P120107453,BIPD,7/5/2012 0:00,0815,,NE DAY RD E / STATE HWY 305 NE,122023402,25247379,T
P120107479,BIPD,7/5/2012 0:00,0930,931,HILDEBRAND LN NE,122528200,23561500,ALRA
P120118840,BIPD,7/23/2012 0:00,1443,16383,AGATE PASS RD NE,121688039,26407798,WC911
P120118870,BIPD,7/23/2012 0:00,1527,625,WINSLOW WAY E,122607400,23236100,FU
P120118890,BIPD,7/23/2012 0:00,1602,6075,NE TOLO RD,121271297,24336495,WC911
P120118906,BIPD,7/23/2012 0:00,1633,,FERNCLIFF AVE NE / HIGH SCHOOL RD NE,122700327,23641703,WC4
P120119004,BIPD,7/23/2012 0:00,1929,6789,NE BERGMAN RD,121548250,25106850,UNKNOG
P120119020,BIPD,7/23/2012 0:00,1952,200,HIGH SCHOOL RD NE,122476500,23646200,MISC4
P120114635,BIPD,7/16/2012 0:00,1446,625,WINSLOW WAY E,122607400,23236100,FI
P120117218,BIPD,7/20/2012 0:00,1749,10994,ARROW POINT DR NE,121156550,24665800,T
P120114763,BIPD,7/16/2012 0:00,1815,,NE HIGH SCHOOL RD / HORIZON VIEW PL NW,122310438,23631740,CELL
P120114786,BIPD,7/16/2012 0:00,1849,15325,SUNRISE DR NE,122693150,26129250,FU
P120115337,BIPD,7/17/2012 0:00,1609,,GILMORE WAY NE / WINSLOW WAY E,122615981,23254352,CELL
P120115631,BIPD,7/18/2012 0:00,0730,7824,NE ESPERIONE LN,121878550,23228500,ALRA
P120097018,BIPD,6/18/2012 0:00,1812,907,CARVER ST,118435000,20790500,MEDIA
P120097392,BIPD,6/19/2012 0:00,1304,499,OLYMPIC DR SE,122674000,23182900,PARKI4
P120100215,BIPD,6/24/2012 0:00,0011,9125,SPORTSMAN CLUB RD NE,122290100,24108100,PC3
P120097512,BIPD,6/19/2012 0:00,1605,625,WINSLOW WAY E,122607400,23236100,FI
P120097558,BIPD,6/19/2012 0:00,1758,7040,FLETCHER BAY RD NE,121720717,23169300,CIVIL3
P120119182,BIPD,7/24/2012 0:00,0540,141,PARFITT WAY SW,122410800,23143000,NOISE4
P120119251,BIPD,7/24/2012 0:00,0946,,NE DAY RD E / STATE HWY 305 NE,122023402,25247379,TRAFF3
P120119315,BIPD,7/24/2012 0:00,1150,625,WINSLOW WAY E,122607400,23236100,INFOP4
P120119465,BIPD,7/24/2012 0:00,1610,1121,MADISON AVE N,122435146,23585184,THEFT4
P120119485,BIPD,7/24/2012 0:00,1708,299,SHANNON DR SE,122508700,23164500,MISC4
P120119603,BIPD,7/24/2012 0:00,2103,9779,NE SOUTH BEACH DR,122397450,21416000,FU
P120115678,BIPD,7/18/2012 0:00,0948,5145,MCDONALD AVE NE,122276400,22710250,ALSP
P120117939,BIPD,7/21/2012 0:00,2205,15888,EUCLID AVE NE,122417600,26200400,FIREW4
P120115691,BIPD,7/18/2012 0:00,1030,8555,MADISON AVE N,122413300,23788700,UNWAN3
P120115774,BIPD,7/18/2012 0:00,1305,316,WINSLOW WAY E,122497400,23247300,FU
P120115937,BIPD,7/18/2012 0:00,1731,301,HIGH SCHOOL RD NE,122491500,23645900,SHOPL4
P120116145,BIPD,7/18/2012 0:00,2343,168,WINSLOW WAY W,122398346,23255634,PC4
P120107905,BIPD,7/5/2012 0:00,2055,299,SHANNON DR SE,122508700,23164500,PC3
P120107920,BIPD,7/5/2012 0:00,2123,,NORTH MADISON AVE NE / NE VALLEY RD,122457917,24703521,T
P120112247,BIPD,7/12/2012 0:00,1556,599,HARBORVIEW DR SE,122599000,23135000,ADRIFT
P120108125,BIPD,7/6/2012 0:00,0904,11712,SUNRISE DR NE,122726029,24868806,ALRA
P120110276,BIPD,7/9/2012 0:00,1432,278,WINSLOW WAY E,122487600,23247600,CELL
P120110395,BIPD,7/9/2012 0:00,1804,,MADISON AVE N / STATE HWY 305 NE,122472543,23963078,NOISE4
P120097625,BIPD,6/19/2012 0:00,2004,11673,NE SUNSET LOOP,121735950,24926700,WC911
P120097865,BIPD,6/20/2012 0:00,0851,,DEAD END / HARBORVIEW DR SE,122669912,23179110,CELL
P120100930,BIPD,6/25/2012 0:00,0903,3000,PLEASANT BEACH DR NE,122112500,22010500,INFOP4
P120098010,BIPD,6/20/2012 0:00,1256,,STRAWBERRY LN NW / WEAVER RD NW,122170040,23516735,SUSPI3
P120098143,BIPD,6/20/2012 0:00,1631,9330,NE HIGH SCHOOL RD,122363800,23666100,T
P120095787,BIPD,6/16/2012 0:00,1850,625,WINSLOW WAY E,122607400,23236100,WC911
P120116183,BIPD,7/19/2012 0:00,0051,8812,MADISON AVE N,122442239,23913633,PC4
P120116341,BIPD,7/19/2012 0:00,1017,13826,MANZANITA RD NE,121505450,25617400,FU
P120116503,BIPD,7/19/2012 0:00,1531,,FAIRMONT LN NE / NE KOURA RD,122094063,24717498,T
P120116486,BIPD,7/19/2012 0:00,1514,16505,AGATE PASS RD NE,121659350,26419900,ANIMA3
P120116532,BIPD,7/19/2012 0:00,1634,258,WINSLOW WAY E,122480900,23247800,WC3
P120113653,BIPD,7/14/2012 0:00,1911,907,CARVER ST,118435000,20790500,MEDIA
P120119649,BIPD,7/24/2012 0:00,2239,,MILLER RD NE / NE NEW BROOKLYN RD,121365750,23936543,ANIMA3
P120119806,BIPD,7/25/2012 0:00,0907,7052,NE NEW BROOKLYN RD,121571100,24011350,BURGL4
P120117844,BIPD,7/21/2012 0:00,1920,,COPPERTOP LOOP NE / DEAD END,122369877,24097811,CELL
P120117883,BIPD,7/21/2012 0:00,2030,8895,MADISON AVE N,122433700,23949200,T
P120118070,BIPD,7/22/2012 0:00,0230,7997,NE HIGH SCHOOL RD,121907021,23666972,DV2
P120095908,BIPD,6/16/2012 0:00,2235,1000,WEAVER RD NW,122187600,23568300,FI
P120096102,BIPD,6/17/2012 0:00,0742,241,WINSLOW WAY W,122377000,23251900,VEHIT4
P120096239,BIPD,6/17/2012 0:00,1334,1818,EAGLE HARBOR LN NE,122148451,23146470,POV4
P120098146,BIPD,6/20/2012 0:00,1637,625,WINSLOW WAY E,122607400,23236100,FU
P120098195,BIPD,6/20/2012 0:00,1810,,NE HIDDEN COVE RD / STATE HWY 305 NE,121741136,25661125,TRAFF2
P120102150,BIPD,6/27/2012 0:00,0702,11000,MILLER RD NE,121556543,24661315,T
P120076744,BIPD,5/15/2012 0:00,2249,2510,FORT WARD HILL RD NE,122370322,21848647,REPOS
P120081475,BIPD,5/24/2012 0:00,0917,205,KNECHTEL WAY NE,122464100,23447500,FU
P120076990,BIPD,5/16/2012 0:00,1214,1270,MADISON AVE N,122444300,23625500,DV4
P120077042,BIPD,5/16/2012 0:00,1345,,MADISON AVE N / STATE HWY 305 NE,122472543,23963078,T
P120077136,BIPD,5/16/2012 0:00,1602,,LYTLE RD NE / PLEASANT BEACH DR NE,121916365,22288534,T
P120077430,BIPD,5/17/2012 0:00,0504,,NICHOLSON PL NW / WYATT WAY NW,122250974,23388522,TRAFF3
P120110420,BIPD,7/9/2012 0:00,1843,,MADISON AVE N / STATE HWY 305 NE,122472543,23963078,FI
P120110461,BIPD,7/9/2012 0:00,2008,299,SHANNON DR SE,122508700,23164500,PC3
P120110693,BIPD,7/10/2012 0:00,0929,3770,CRYSTAL SPRINGS DR NE,121067450,22308850,THEFT4
P120110706,BIPD,7/10/2012 0:00,0958,1808,EAGLE HARBOR LN NE,122137577,23143886,THEFT4
P120110716,BIPD,7/10/2012 0:00,1029,6142,LYNWOOD CENTER RD NE,121786700,23058050,HARAS4
P120111032,BIPD,7/10/2012 0:00,1848,,NE HIGH SCHOOL RD / SPORTSMAN CLUB RD NE,122100813,23659652,MVC3
P120113817,BIPD,7/14/2012 0:00,2358,,CAPSTAN DR NE / NE HELMSMAN CT,122211662,23705641,SUSPI3
P120119488,BIPD,7/24/2012 0:00,1711,1221,WING POINT WAY NE,122819944,23372380,TRAFF3
P120119608,BIPD,7/24/2012 0:00,2109,9779,NE SOUTH BEACH DR,122397450,21416000,MISC3
P120113867,BIPD,7/15/2012 0:00,0206,1201,CHERRY AVE NE,122892000,23620450,UNKNO3
P120114033,BIPD,7/15/2012 0:00,1216,,NE HIGH SCHOOL RD / MADISON AVE N,122433634,23644002,RECKL3
P120116639,BIPD,7/19/2012 0:00,1931,625,WINSLOW WAY E,122607400,23236100,FU
P120118107,BIPD,7/22/2012 0:00,0416,15843,AGATE PASS BRG,121391000,26467600,GUNVI3
P120119951,BIPD,7/25/2012 0:00,1322,625,WINSLOW WAY E,122607400,23236100,FOUND4
P120119988,BIPD,7/25/2012 0:00,1422,240,CAMELIA LOOP NE,122464500,23595700,FU
P120119999,BIPD,7/25/2012 0:00,1448,625,WINSLOW WAY E,122607400,23236100,FOUND4
P120120069,BIPD,7/25/2012 0:00,1645,625,WINSLOW WAY E,122607400,23236100,WRT4
P120120144,BIPD,7/25/2012 0:00,1915,8987,WOODBANK DR NE,121224850,24017050,PC4
P120102173,BIPD,6/27/2012 0:00,0834,,NE BAKER HILL RD / LYNWOOD CENTER RD NE,121772402,22605337,TRAFF3
P120096292,BIPD,6/17/2012 0:00,1516,10355,NE VALLEY RD,122707800,24698000,ASSIS3
P120096310,BIPD,6/17/2012 0:00,1608,10034,EDGECOMBE PL NE,122500200,24227700,ALRA
P120098762,BIPD,6/21/2012 0:00,1653,10658,NE VALLEY RD,122805850,24739800,ALRP
P120098837,BIPD,6/21/2012 0:00,1855,353,WALLACE WAY NW,122487450,23490600,FI
P120113407,BIPD,7/14/2012 0:00,1115,,NE DAY RD W / MILLER RD NE,121978357,25249210,T
P120111166,BIPD,7/10/2012 0:00,2308,140,WINSLOW WAY W,122415800,23250000,PC4
P120111331,BIPD,7/11/2012 0:00,0840,8903,NE KOURA RD,122231850,24668300,SUSPI4
P120111414,BIPD,7/11/2012 0:00,1040,625,WINSLOW WAY E,122607400,23236100,FOUND4
P120111468,BIPD,7/11/2012 0:00,1206,343,WINSLOW WAY E,122501900,23247000,UNWAN3
P120113696,BIPD,7/14/2012 0:00,2049,550,MADISON AVE N,122431200,23400600,DUI3
P120077537,BIPD,5/17/2012 0:00,1034,380,WINSLOW WAY E,122507500,23253200,BLSP
P120081986,BIPD,5/25/2012 0:00,0137,9330,NE HIGH SCHOOL RD,122363800,23666100,SUSPI4
P120077683,BIPD,5/17/2012 0:00,1423,9330,NE HIGH SCHOOL RD,122363800,23666100,FU
P120077733,BIPD,5/17/2012 0:00,1546,,NE SEABOLD CHURCH RD / STATE HWY 305 NE,121628932,25910523,T
P120077906,BIPD,5/17/2012 0:00,2118,,HOLLY FARM LN NE / NE NEW BROOKLYN RD,121517247,23935124,T
P120077912,BIPD,5/17/2012 0:00,2135,,NE BUSINESS PARK LN / SPORTSMAN CLUB RD NE,122322118,24094785,T
P120116662,BIPD,7/19/2012 0:00,2018,,LINDVOG RD NE / NE STATE HWY 104,122987486,29731958,T
P120119905,BIPD,7/25/2012 0:00,1213,11673,NE SUNSET LOOP,121735950,24926700,ALRA
P120117199,BIPD,7/20/2012 0:00,1724,907,CARVER ST,118435000,20790500,MEDIA
P120117225,BIPD,7/20/2012 0:00,1810,,ARROW POINT DR NE / NE FREY AVE,121140240,24823312,T
P120117268,BIPD,7/20/2012 0:00,1930,15843,AGATE PASS BRG,121391000,26467600,MALIC3
P120117650,BIPD,7/21/2012 0:00,1332,,WINSLOW WAY E / WYATT WAY NE,122517859,23268902,CELL
P120120328,BIPD,7/26/2012 0:00,0545,,PURVES AVE NE / SUQUAMISH WAY NE,121446442,26971033,T
P120120444,BIPD,7/26/2012 0:00,1057,4765,LYNWOOD CENTER RD NE,121751200,22581800,FRAUD4
P120120571,BIPD,7/26/2012 0:00,1429,8400,NE KOURA RD,122026173,24719587,T
P120120581,BIPD,7/26/2012 0:00,1452,8400,NE KOURA RD,122026173,24719587,T
P120120761,BIPD,7/26/2012 0:00,1959,8000,NE HIDDEN COVE RD,121964048,25733544,TRAFF3
P120120782,BIPD,7/26/2012 0:00,2038,,NE SOUTH BEACH DR / TOE JAM HILL RD NE,122713687,21437155,NAVIG3
P120099566,BIPD,6/22/2012 0:00,2144,,STATE HWY 305 NE / WINSLOW WAY E,122597069,23245490,T
P120099645,BIPD,6/23/2012 0:00,0041,499,OLYMPIC DR SE,122674000,23182900,THEFT3
P120099811,BIPD,6/23/2012 0:00,1044,253,HIGH SCHOOL RD NE,122470100,23646300,FI
P120100130,BIPD,6/23/2012 0:00,2208,16639,AGATE POINT RD NE,121798650,26506800,FIREW4
P120100581,BIPD,6/24/2012 0:00,1659,11727,ARROW POINT DR NE,121133050,24895350,ASSIS3
P120100794,BIPD,6/25/2012 0:00,0033,3949,CRYSTAL SPRINGS DR NE,121040400,22361700,FI
P120082502,BIPD,5/25/2012 0:00,2001,,WINSLOW WAY E / WINSLOW WAY E,122485875,23257927,CELL
P120078286,BIPD,5/18/2012 0:00,1510,5898,MAIN ST NE,122620600,22921300,ASSIS3
P120078839,BIPD,5/19/2012 0:00,1229,253,HIGH SCHOOL RD NE,122470100,23646300,T
P120079017,BIPD,5/19/2012 0:00,1743,8900,MILLER RD NE,121326899,24068091,T
P120079341,BIPD,5/20/2012 0:00,0930,,"XY(122552272,23583747)",122552272,23583747,CELL
P120111570,BIPD,7/11/2012 0:00,1456,12818,SUNRISE DR NE,122733915,25224410,MALIC4
P120111587,BIPD,7/11/2012 0:00,1527,,NE HIGH SCHOOL RD / MADISON AVE N,122433634,23644002,TRAFF4
P120111854,BIPD,7/11/2012 0:00,2308,8895,MADISON AVE N,122433700,23949200,T
P120111888,BIPD,7/12/2012 0:00,0033,,STATE HWY 305 NE / WINSLOW WAY E,122597069,23245490,PC3
P120110128,BIPD,7/9/2012 0:00,1025,241,WINSLOW WAY W,122377000,23251900,FU
P120110099,BIPD,7/9/2012 0:00,0935,614,DIVISION ST,119442800,20147600,TRANS
P120117871,BIPD,7/21/2012 0:00,2012,,MADISON AVE N / STATE HWY 305 NE,122472543,23963078,UNKNO3
P120117921,BIPD,7/21/2012 0:00,2141,13068,PHELPS RD NE,122064850,25293900,THREA2
P120118167,BIPD,7/22/2012 0:00,1001,4779,LYNWOOD CENTER RD NE,121749200,22595450,FU
P120118248,BIPD,7/22/2012 0:00,1327,,STATE HWY 305 NE / VINEYARD LN,122556963,23457347,T
P120118309,BIPD,7/22/2012 0:00,1523,6789,NE BERGMAN RD,121548250,25106850,MALIC3
P120118405,BIPD,7/22/2012 0:00,1839,920,MADISON AVE N,122445900,23547300,SEXOF4
P120100782,BIPD,6/25/2012 0:00,0006,,SPORTSMAN CLUB RD NE / STATE HWY 305 NE,122395136,24298387,FI
P120104161,BIPD,6/30/2012 0:00,0632,,"XY(122346817,22566660)",122346817,22566660,CELL
P120104182,BIPD,6/30/2012 0:00,0723,343,WINSLOW WAY E,122501900,23247000,ASSAU3
P120100876,BIPD,6/25/2012 0:00,0654,240,CAMELIA LOOP NE,122464500,23595700,CUSTO4
P120104340,BIPD,6/30/2012 0:00,1415,625,WINSLOW WAY E,122607400,23236100,FRAUD4
P120101202,BIPD,6/25/2012 0:00,1605,625,WINSLOW WAY E,122607400,23236100,WRT4
P120120828,BIPD,7/26/2012 0:00,2240,7172,FLETCHER BAY RD NE,121697550,23419400,ALRA
P120120956,BIPD,7/27/2012 0:00,0744,811,CHERRY AVE NE,122936600,23480200,FU
P120121062,BIPD,7/27/2012 0:00,1153,7579,NE BERGMAN RD,121788850,25122199,T
P120121235,BIPD,7/27/2012 0:00,1644,,NE DAY RD W / MILLER RD NE,121978357,25249210,T
P120121261,BIPD,7/27/2012 0:00,1746,,WINSLOW WAY E / WINSLOW WAY E,122485867,23257562,CELL
P120121275,BIPD,7/27/2012 0:00,1817,907,CARVER ST,118435000,20790500,MEDIA
P120110117,BIPD,7/9/2012 0:00,1007,,ERICKSEN AVE NE / KNECHTEL WAY NE,122530633,23445968,THEFT4
P120114571,BIPD,7/16/2012 0:00,1308,,ERICKSEN AVE NE / MADRONE LN N,122502882,23237122,CELL
P120111936,BIPD,7/12/2012 0:00,0331,823,HIGH SCHOOL RD NE,122669900,23642300,BLSP
P120111968,BIPD,7/12/2012 0:00,0728,,HIGH SCHOOL RD NE / STATE HWY 305 NE,122571082,23644469,DUI3
P120110217,BIPD,7/9/2012 0:00,1303,625,WINSLOW WAY E,122607400,23236100,WRT4
P120112378,BIPD,7/12/2012 0:00,1915,6789,NE BERGMAN RD,121548250,25106850,FU
P120083016,BIPD,5/26/2012 0:00,1817,10768,NE MANITOU PARK BLVD,122969050,24559150,WC3
P120079416,BIPD,5/20/2012 0:00,1234,12898,SUNRISE DR NE,122741600,25260550,WC4
P120079829,BIPD,5/21/2012 0:00,1024,15576,WASHINGTON AVE NE,122424400,26166250,CIVIL4
P120080001,BIPD,5/21/2012 0:00,1526,10899,NE BILL POINT DR,122887000,22832500,ALRA
P120080236,BIPD,5/21/2012 0:00,2357,,BJUNE DR SE / WINSLOW WAY E,122533107,23245903,PC3
P120101422,BIPD,6/25/2012 0:00,2311,,BATTLE POINT DR NE / MILLER RD NE,121350327,24126968,FU
P120101580,BIPD,6/26/2012 0:00,0828,,"XY(121155445,22141147)",121155445,22141147,CELL
P120101663,BIPD,6/26/2012 0:00,1059,11400,MILLER RD NE,121609237,24796880,FI
P120101655,BIPD,6/26/2012 0:00,1045,9125,SPORTSMAN CLUB RD NE,122290100,24108100,PC3
P120101887,BIPD,6/26/2012 0:00,1817,907,CARVER ST,118435000,20790500,MEDIA
P120101891,BIPD,6/26/2012 0:00,1831,,COMMODORE LN NW / ELIZABETH PL NW,122276542,23703870,SUSPI3
P120119938,BIPD,7/25/2012 0:00,1302,1193,NAKATA PL NW,122394900,23589450,FU
P120121874,BIPD,7/28/2012 0:00,2130,,NE DAY RD E / STATE HWY 305 NE,122023402,25247379,T
P120121886,BIPD,7/28/2012 0:00,2157,6959,NE BERGMAN RD,121610015,25126096,NOISE4
P120122226,BIPD,7/29/2012 0:00,1607,,BLAKE ISLAND,123303500,20192600,BOATT3
P120122275,BIPD,7/29/2012 0:00,1722,405,HARBORVIEW DR SE,122603900,23175200,T
P120122315,BIPD,7/29/2012 0:00,1811,5834,WARD AVE NE,122596400,22917100,T
P120112654,BIPD,7/13/2012 0:00,0833,,STATE HWY 305 NE / WINSLOW WAY E,122597069,23245490,T
P120112661,BIPD,7/13/2012 0:00,0854,8023,NE HIDDEN COVE RD,121980550,25742650,WC911
P120112969,BIPD,7/13/2012 0:00,1629,7050,FLETCHER BAY RD NE,121719224,23176956,T
P120113014,BIPD,7/13/2012 0:00,1801,12248,PETERSON HILL RD NE,121700300,25048900,NOISE4
P120113351,BIPD,7/14/2012 0:00,0934,381,SHEPARD WAY NW,122346500,23312500,BLS
P120115681,BIPD,7/18/2012 0:00,0956,,"XY(122346817,22566660)",122346817,22566660,CELL
P120101918,BIPD,6/26/2012 0:00,1923,,"XY(122406144,23484425)",122406144,23484425,UNKNO4
P120098210,BIPD,6/20/2012 0:00,1841,,FORT WARD HILL RD NE / NE SUNNY HILL CIR,122359579,21935721,MVC4
P120098281,BIPD,6/20/2012 0:00,2112,907,CARVER ST,118435000,20790500,MEDIA
P120098526,BIPD,6/21/2012 0:00,1005,4062,CRYSTAL SPRINGS DR NE,121074400,22379650,FU
P120102915,BIPD,6/28/2012 0:00,1130,15039,HENDERSON RD NE,121454400,25971550,ALRA
P120102942,BIPD,6/28/2012 0:00,1225,141,PARFITT WAY SW,122410800,23143000,REPOS
P120122393,BIPD,7/29/2012 0:00,2046,907,CARVER ST,118435000,20790500,MEDIA
P120122359,BIPD,7/29/2012 0:00,1947,7253,NE NEW BROOKLYN RD,121673100,23909500,TRESP3
P120122464,BIPD,7/29/2012 0:00,2257,11022,NE WING POINT WAY,122888303,23370802,SUSPI3
P120122522,BIPD,7/30/2012 0:00,0140,245,HIGH SCHOOL RD NW,122243500,23654700,CELL
P120122608,BIPD,7/30/2012 0:00,0809,,NE NEW BROOKLYN RD / SANDS AVE NE,121914537,23931258,T
P120122726,BIPD,7/30/2012 0:00,1212,910,MADISON AVE N,122446700,23530900,FU
P120121271,BIPD,7/27/2012 0:00,1810,208,HIGH SCHOOL RD NE,122478900,23646100,T
P120118605,BIPD,7/23/2012 0:00,0725,299,SHANNON DR SE,122508700,23164500,PC3
P120118615,BIPD,7/23/2012 0:00,0802,10255,NE VALLEY RD,122674600,24698700,FU
P120118938,BIPD,7/23/2012 0:00,1721,350,HIGH SCHOOL RD NE,122521100,23645300,FU
P120119036,BIPD,7/23/2012 0:00,2033,625,WINSLOW WAY E,122607400,23236100,FU
P120119080,BIPD,7/23/2012 0:00,2223,,BJUNE DR SE / MADISON AVE S,122427052,23224917,MEDIA
P120122847,BIPD,7/30/2012 0:00,1626,,NE DAY RD E / STATE HWY 305 NE,122023402,25247379,TRAFF3
P120123015,BIPD,7/30/2012 0:00,2312,271,WYATT WAY NE,122484450,23372900,SUSPI3
P120123138,BIPD,7/31/2012 0:00,0813,15798,STATE HWY 305 NE,121419100,26448500,FU
P120123174,BIPD,7/31/2012 0:00,0932,1187,WYATT WAY NW,122069100,23385600,BURGL4
P120123124,BIPD,7/31/2012 0:00,0721,625,WINSLOW WAY E,122607400,23236100,TRANS
P120103069,BIPD,6/28/2012 0:00,1548,,STATE HWY 305 NE / WINSLOW WAY E,122597069,23245490,T
P120103200,BIPD,6/28/2012 0:00,1908,,AARON AVE / NE PRESTON ST,122941785,23585483,CELL
P120106433,BIPD,7/3/2012 0:00,2006,141,PARFITT WAY SW,122410800,23143000,NOISE4
P120103203,BIPD,6/28/2012 0:00,1909,,AARON AVE / PLEASANT LN NE,122937557,23610020,CELL
P120103258,BIPD,6/28/2012 0:00,2056,2324,SOUNDVIEW DR NE,122369750,21780750,CIVIL4
P120103571,BIPD,6/29/2012 0:00,1158,,NE HIGH SCHOOL RD / HORIZON VIEW PL NW,122310438,23631740,CELL
P120113370,BIPD,7/14/2012 0:00,1023,,STATE HWY 305 NE / NE WEST PORT MADISON RD,121590699,26041540,T
P120113425,BIPD,7/14/2012 0:00,1147,7100,BLUE SKY LN NE,121334800,23385550,ALRP
P120113476,BIPD,7/14/2012 0:00,1343,10781,SUNRISE DR NE,122720091,24567188,FU
P120113515,BIPD,7/14/2012 0:00,1519,,"XY(122315861,23878262)",122315861,23878262,CELL
P120116251,BIPD,7/19/2012 0:00,0630,,MILLER RD NE / NE TOLO RD,121433990,24330529,T
P120113694,BIPD,7/14/2012 0:00,2046,,DEAD END / HARBORVIEW DR SE,122669814,23179112,CELL
P120119250,BIPD,7/24/2012 0:00,0944,,HENSHAW WAY NE / MADRONE LN N,122489327,23295066,CELL
P120119307,BIPD,7/24/2012 0:00,1131,15798,STATE HWY 305 NE,121419100,26448500,WATERR
P120116549,BIPD,7/19/2012 0:00,1659,,NE MAPLE ST / OLYMPIC TERRACE AVE NE,121475251,24999149,TRAFF3
P120116618,BIPD,7/19/2012 0:00,1850,10051,EDGECOMBE PL NE,122477800,24261650,ALRA
P120122717,BIPD,7/30/2012 0:00,1151,11042,SUNRISE DR NE,122734300,24659900,THEFT4
P120116649,BIPD,7/19/2012 0:00,1946,,"XY(122346817,22566660)",122346817,22566660,CELL
P120121315,BIPD,7/27/2012 0:00,1923,11954,MILLER RD NE,121740493,24986353,RUNAW4
P120121308,BIPD,7/27/2012 0:00,1908,16881,AGATE PASS RD NE,121655200,26698850,CIVIL2
P120121423,BIPD,7/27/2012 0:00,2340,8765,BATTLE POINT DR NE,121146500,24061250,SUSPI3
P120121378,BIPD,7/27/2012 0:00,2205,11954,MILLER RD NE,121740493,24986353,ASSIS4
P120121577,BIPD,7/28/2012 0:00,0910,,STATE HWY 305 NE / VINEYARD LN,122559210,23438563,T
P120121647,BIPD,7/28/2012 0:00,1227,11299,ARROW POINT DR NE,121068800,24696200,FI
P120083505,BIPD,5/27/2012 0:00,1651,,NE HIGH SCHOOL RD / HORIZON VIEW PL NW,122310438,23631740,CELL
P120075723,BIPD,5/14/2012 0:00,1000,,"XY(122347655,24072760)",122347655,24072760,CELL
P120075783,BIPD,5/14/2012 0:00,1141,11035,NE BOULDER PL,122852600,22395300,NOISE4
P120083632,BIPD,5/27/2012 0:00,2116,,NE HIDDEN COVE RD / STATE HWY 305 NE,121741136,25661125,RECKL3
P120075856,BIPD,5/14/2012 0:00,1334,,EUCLID AVE NE / NE LAFAYETTE AVE,122464213,26128660,FOUND4
P120081102,BIPD,5/23/2012 0:00,1452,16720,STATE HWY 305 NE,120247539,26559428,BURGL2
P120113806,BIPD,7/14/2012 0:00,2329,,STATE HWY 305 NE / NE WEST PORT MADISON RD,121590699,26041540,FI
P120114178,BIPD,7/15/2012 0:00,1826,907,CARVER ST,118435000,20790500,MEDIA
P120114252,BIPD,7/15/2012 0:00,2057,8967,SANDS AVE NE,121907950,24019500,THEFT4
P120116566,BIPD,7/19/2012 0:00,1723,907,CARVER ST,118435000,20790500,MEDIA
P120114276,BIPD,7/15/2012 0:00,2202,,NE HIGH SCHOOL RD / MADISON AVE N,122433634,23644002,T
P120119894,BIPD,7/25/2012 0:00,1151,,NE KOURA RD / MILLER RD NE,121576406,24728795,WC3
P120123369,BIPD,7/31/2012 0:00,1547,,NE LOVGREEN RD E / PLEASANT PL NE,122244655,24974505,T
P120120177,BIPD,7/25/2012 0:00,2029,3949,CRYSTAL SPRINGS DR NE,121040400,22361700,RECKL3
P120120566,BIPD,7/26/2012 0:00,1421,7410,SPRINGRIDGE RD NE,121245964,23473624,CIVIL4
P120120589,BIPD,7/26/2012 0:00,1457,200,NE HIGH SCHOOL RD,122481650,23673700,HARAS3
P120120630,BIPD,7/26/2012 0:00,1538,7410,SPRINGRIDGE RD NE,121245964,23473624,CIVIL4
P120106614,BIPD,7/4/2012 0:00,0015,,"XY(122419525,23490698)",122419525,23490698,CELL
P120103583,BIPD,6/29/2012 0:00,1214,,STATE HWY 305 NE / VINEYARD LN,122559210,23438563,T
P120103638,BIPD,6/29/2012 0:00,1332,9600,NE KITSAP ST,122359337,21866930,T
P120104302,BIPD,6/30/2012 0:00,1302,635,HIGH SCHOOL RD NE,122615700,23616500,ASSIS3
P120104389,BIPD,6/30/2012 0:00,1621,,NE HIGH SCHOOL RD / MADISON AVE N,122433634,23644002,T
P120104393,BIPD,6/30/2012 0:00,1626,451,SHANNON DR SE,122556569,23206510,UNWAN3
P120121713,BIPD,7/28/2012 0:00,1533,4950,NEW SWEDEN AVE NE,122553950,22639750,FU
P120123457,BIPD,7/31/2012 0:00,1849,253,HIGH SCHOOL RD NE,122470100,23646300,ALSP
P120123470,BIPD,7/31/2012 0:00,1907,,"XY(122322012,23821574)",122322012,23821574,CELL
P120123471,BIPD,7/31/2012 0:00,1908,,FINCH RD NE / NE HIGH SCHOOL RD,122040602,23661844,DUI3
P120123498,BIPD,7/31/2012 0:00,1957,,"XY(122706692,23141823)",122706692,23141823,CELL
P120123617,BIPD,8/1/2012 0:00,0102,,NE BUSINESS PARK LN / COPPERTOP LOOP NE,122341628,24093666,PC3
P120120701,BIPD,7/26/2012 0:00,1812,907,CARVER ST,118435000,20790500,MEDIA
P120120787,BIPD,7/26/2012 0:00,2047,499,OLYMPIC DR SE,122674000,23182900,WRT4
P120120898,BIPD,7/27/2012 0:00,0224,311,WALLACE WAY NE,122503875,23513224,FI
P120120906,BIPD,7/27/2012 0:00,0313,10401,NE BRACKENWOOD LN,122743600,25378950,SUSPI3
P120121039,BIPD,7/27/2012 0:00,1112,,BATTLE POINT DR NE / MILLER RD NE,121350327,24126968,T
P120124537,BIPD,8/2/2012 0:00,1626,12490,MANZANITA DOCK RD NE,121467800,25164100,T
P120114280,BIPD,7/15/2012 0:00,2208,302,MADRONA WAY NE,122459800,23356235,WC3
P120114376,BIPD,7/16/2012 0:00,0606,,DEAD END / HAWLEY WAY NE,122713168,23294190,CELL
P120114501,BIPD,7/16/2012 0:00,1117,,WINSLOW WAY E / WINSLOW WAY E,122485875,23257927,CELL
P120112180,BIPD,7/12/2012 0:00,1420,168,WOOD AVE SW,122357050,23230450,ASSIS4
P120112242,BIPD,7/12/2012 0:00,1547,253,HIGH SCHOOL RD NE,122470100,23646300,ANIMA3
P120112289,BIPD,7/12/2012 0:00,1655,4738,LYNWOOD CENTER RD NE,121775200,22508600,ALRA
P120104458,BIPD,6/30/2012 0:00,1844,8895,MADISON AVE N,122433700,23949200,VEHFI
P120107263,BIPD,7/4/2012 0:00,2315,5431,NEW SWEDEN AVE NE,122550567,22796468,DV3
P120104531,BIPD,6/30/2012 0:00,2044,,S HARTFORD AVE / PORTER ST,118980881,20875015,ASSIS3
P120104620,BIPD,6/30/2012 0:00,2246,6234,NE EAGLE HARBOR DR,122179454,23089452,ALRA
P120107446,BIPD,7/5/2012 0:00,0745,907,CARVER ST,118435000,20790500,MEDIA
P120123752,BIPD,8/1/2012 0:00,1024,625,WINSLOW WAY E,122607400,23236100,FU
P120126395,BIPD,8/5/2012 0:00,2049,,FINCH RD NE / SPORTSMAN CLUB RD NE,122065485,23658671,CELL
P120124276,BIPD,8/2/2012 0:00,0904,1278,FERNCLIFF AVE NE,122700100,23633300,THEFT4
P120124290,BIPD,8/2/2012 0:00,0931,5635,NE CESSNA LN,121126550,22232850,THREA4
P120124333,BIPD,8/2/2012 0:00,1058,4420,BLUFF ST NE,121825550,22474200,DV4
P120124423,BIPD,8/2/2012 0:00,1324,,NE HIDDEN COVE RD / STATE HWY 305 NE,121741136,25661125,RECKL3
P120121245,BIPD,7/27/2012 0:00,1704,,STATE HWY 305 NE / VINEYARD LN,122559210,23438563,T
P120121578,BIPD,7/28/2012 0:00,0911,9764,NE KITSAP ST,122400300,21857700,THEFT4
P120121978,BIPD,7/29/2012 0:00,0030,4704,BLAKELY AVE NE,122054800,22581700,TRAFF3
P120122133,BIPD,7/29/2012 0:00,1157,910,MADISON AVE N,122446700,23530900,THEFT4
P120122189,BIPD,7/29/2012 0:00,1423,6400,NE MONTE VISTA DR,121390800,24874500,BOATT3
P120122240,BIPD,7/29/2012 0:00,1642,11000,ARROW POINT DR NE,121137163,24678841,T
P120116983,BIPD,7/20/2012 0:00,1139,,NE DAY RD E / STATE HWY 305 NE,122023402,25247379,T
P120115456,BIPD,7/17/2012 0:00,2015,6910,NE DAY RD W,121581714,25259196,FU
P120115525,BIPD,7/17/2012 0:00,2344,,IHLAND WAY NE / MADISON AVE N,122435017,23579543,T
P120115550,BIPD,7/18/2012 0:00,0041,15798,STATE HWY 305 NE,121419100,26448500,TRAFF3
P120115617,BIPD,7/18/2012 0:00,0637,,NE DAY RD W / MILLER RD NE,121978357,25249210,T
P120115665,BIPD,7/18/2012 0:00,0919,,"XY(122346817,22566660)",122346817,22566660,CELL
P120104911,BIPD,7/1/2012 0:00,1127,,"XY(122346817,22566660)",122346817,22566660,CELL
P120104893,BIPD,7/1/2012 0:00,1039,278,WINSLOW WAY E,122487600,23247600,MISC4
P120105026,BIPD,7/1/2012 0:00,1617,157,WINSLOW WAY E,122447800,23242600,PC3
P120107711,BIPD,7/5/2012 0:00,1525,625,WINSLOW WAY E,122607400,23236100,WC911
P120107858,BIPD,7/5/2012 0:00,1910,,PARFITT WAY SW / WOOD AVE SW,122348419,23165250,T
P120102239,BIPD,6/27/2012 0:00,1031,,MADISON AVE N / STATE HWY 305 NE,122472543,23963078,T
P120124475,BIPD,8/2/2012 0:00,1448,10195,NE SOUTH BEACH DR,122542400,21404000,MISC4
P120124509,BIPD,8/2/2012 0:00,1531,,NE DAY RD E / STATE HWY 305 NE,122023402,25247379,T
P120124525,BIPD,8/2/2012 0:00,1604,,NE HIDDEN COVE RD / STATE HWY 305 NE,121741136,25661125,T
P120124542,BIPD,8/2/2012 0:00,1634,,NE DAY RD E / SUNRISE DR NE,122733885,25222379,GUNVI3
P120124597,BIPD,8/2/2012 0:00,1824,907,CARVER ST,118435000,20790500,MEDIA
P120124876,BIPD,8/3/2012 0:00,0908,9191,MORAN RD NE,122430700,24060450,FU
P120122355,BIPD,7/29/2012 0:00,1938,,BLUE HERON LN NE / OLYMPIC TERRACE AVE NE,121468200,24764276,T
P120119679,BIPD,7/25/2012 0:00,0016,,HIGH SCHOOL RD NE / HILDEBRAND LN NE,122535496,23644973,T
P120119684,BIPD,7/25/2012 0:00,0037,8945,SANDS AVE NE,121898950,23983950,BLSP
P120123497,BIPD,7/31/2012 0:00,1954,1270,MADISON AVE N,122444300,23625500,INTOX3
P120123523,BIPD,7/31/2012 0:00,2043,6705,NE DAPPLE CT,121438000,22443150,FU
P120117260,BIPD,7/20/2012 0:00,1915,,"XY(120896394,24163235)",120896394,24163235,CELL
P120116027,BIPD,7/18/2012 0:00,2012,370,BRIEN DR SE,122509300,23185900,SUSPI3
P120116130,BIPD,7/18/2012 0:00,2257,,NE DAY RD E / SUNRISE DR NE,122733885,25222379,FIREW4
P120116186,BIPD,7/19/2012 0:00,0107,7959,MILLER RD NE,121359746,23955683,PC4
P120116192,BIPD,7/19/2012 0:00,0118,9000,MILLER RD NE,121360650,24052700,FI
P120116318,BIPD,7/19/2012 0:00,0930,225,MADRONA WAY NE,122457461,23310606,FRAUD4
P120108133,BIPD,7/6/2012 0:00,0920,11712,SUNRISE DR NE,122726029,24868806,ALRA
P120102743,BIPD,6/28/2012 0:00,0100,3858,ROCKAWAY BEACH RD NE,122936000,22256900,TRAFF3
P120102859,BIPD,6/28/2012 0:00,0936,1128,IRENE PL NE,122764450,23273550,BLSP
P120105616,BIPD,7/2/2012 0:00,1500,,NE BROWNELL LN / TOE JAM HILL RD NE,122721016,21539245,SUSPI3
P120106150,BIPD,7/3/2012 0:00,1224,11721,PETERSON HILL RD NE,121650350,24887100,ALRA
P120106317,BIPD,7/3/2012 0:00,1640,1028,GROW AVE NW,122342138,23556840,TRAFF4
P120125002,BIPD,8/3/2012 0:00,1304,,BERRY PATCH LN NE / NE MORGAN RD,122306677,24841639,GUNVI3
P120125202,BIPD,8/3/2012 0:00,1817,907,CARVER ST,118435000,20790500,MEDIA
P120125290,BIPD,8/3/2012 0:00,2116,125,FERNCLIFF AVE NE,122689900,23252800,LOUDP4
P120125551,BIPD,8/4/2012 0:00,1045,571,ERICKSEN AVE NE,122529588,23403114,ALRA
P120125617,BIPD,8/4/2012 0:00,1318,,MILLER RD NE / NE NEW BROOKLYN RD,121365750,23936543,T
P120125651,BIPD,8/4/2012 0:00,1454,13359,STONEBRIDGE LN NE,122646350,25426400,RECKL3
P120123538,BIPD,7/31/2012 0:00,2122,10144,NE KITSAP ST,122501100,21692450,ASSIS4
P120123569,BIPD,7/31/2012 0:00,2253,13398,MANZANITA RD NE,121499000,25454050,FIREW4
P120123684,BIPD,8/1/2012 0:00,0705,1217,CHERRY AVE NE,122883050,23634100,NOISE4
P120123729,BIPD,8/1/2012 0:00,0923,7761,HANSEN RD NE,121071450,23562250,FU
P120124117,BIPD,8/1/2012 0:00,2122,907,CARVER ST,118435000,20790500,MEDIA
P120124167,BIPD,8/1/2012 0:00,2346,208,HIGH SCHOOL RD NE,122478900,23646100,FOUND4
P120116353,BIPD,7/19/2012 0:00,1047,625,WINSLOW WAY E,122607400,23236100,FI
P120116408,BIPD,7/19/2012 0:00,1230,803,NE KLICKITAT PL,122670550,23489750,BURGL3
P120118027,BIPD,7/22/2012 0:00,0106,,NE LOFGREN RD / MORAN RD NE,122445705,24110420,MVCG
P120116500,BIPD,7/19/2012 0:00,1530,9799,NE LAFAYETTE AVE,122594200,26049700,FRAUD4
P120116577,BIPD,7/19/2012 0:00,1738,,VILLAGE CIR NW / WEAVER RD NW,122168809,23435678,T
P120116586,BIPD,7/19/2012 0:00,1745,,JANELLE PL NW / LOVELL AVE NW,122302797,23536239,ALSP
P120125703,BIPD,8/4/2012 0:00,1609,,STATE HWY 305 NE / NE WEST PORT MADISON RD,121590699,26041540,WC3
P120123377,BIPD,7/31/2012 0:00,1603,214,KNECHTEL WAY NE,122492150,23458850,POV3
P120125810,BIPD,8/4/2012 0:00,1907,,BJUNE DR SE / SHANNON DR SE,122538454,23210532,ALSP
P120125814,BIPD,8/4/2012 0:00,1915,,NE KNIGHT RD / SUNRISE DR NE,122736116,25355617,RECKL3
P120126176,BIPD,8/5/2012 0:00,1211,,LYNWOOD CENTER RD NE / POINT WHITE DR NE,121758992,22525846,FI
P120106488,BIPD,7/3/2012 0:00,2143,,OLYMPIC DR SE / WINSLOW WAY E,122597069,23245490,MALIC3
P120108890,BIPD,7/7/2012 0:00,0924,300,NE HIGH SCHOOL RD,122505550,23655900,FU
P120106481,BIPD,7/3/2012 0:00,2138,,NE KOURA RD / PINYON AVE NE,121766431,24725366,FIREW4
P120106517,BIPD,7/3/2012 0:00,2221,9330,NE HIGH SCHOOL RD,122363800,23666100,SUSPI2
P120109112,BIPD,7/7/2012 0:00,1643,,BATTLE POINT DR NE / MILLER RD NE,121350327,24126968,T
P120106802,BIPD,7/4/2012 0:00,1052,11601,JUST A MEER LN NE,122206750,24864650,ASSIS3
P120081266,BIPD,5/23/2012 0:00,1949,9125,SPORTSMAN CLUB RD NE,122290100,24108100,ASSAU2
P120081657,BIPD,5/24/2012 0:00,1458,,NE DAY RD E / STATE HWY 305 NE,122023402,25247379,DUI3
P120084638,BIPD,5/29/2012 0:00,1810,907,CARVER ST,118435000,20790500,MEDIA
P120084972,BIPD,5/30/2012 0:00,1049,,HILDEBRAND LN NE / TORMEY LN NE,122534254,23589670,PC3
P120081664,BIPD,5/24/2012 0:00,1517,220,PARFITT WAY SW,122383300,23192900,WC4
P120081767,BIPD,5/24/2012 0:00,1751,,SPORTSMAN CLUB RD NE / STATE HWY 305 NE,122395136,24298387,RECKL3
P120126715,BIPD,8/6/2012 0:00,1147,16881,AGATE PASS RD NE,121655200,26698850,FU
P120124527,BIPD,8/2/2012 0:00,1606,1,MANETTE BRG,119932800,21304900,ASSIS3
P120124541,BIPD,8/2/2012 0:00,1633,253,HIGH SCHOOL RD NE,122470100,23646300,RECKL4
P120124660,BIPD,8/2/2012 0:00,2024,,BATTLE POINT DR NE / MILLER RD NE,121350327,24126968,T
P120124747,BIPD,8/2/2012 0:00,2341,220,PARFITT WAY SW,122383300,23192900,WC911
P120124842,BIPD,8/3/2012 0:00,0711,811,CHERRY AVE NE,122936600,23480200,NOISE4
P120126394,BIPD,8/5/2012 0:00,2049,,"XY(121797777,23232624)",121797777,23232624,CELL
P120126695,BIPD,8/6/2012 0:00,1105,625,WINSLOW WAY E,122607400,23236100,MISC4
P120126730,BIPD,8/6/2012 0:00,1209,15798,STATE HWY 305 NE,121419100,26448500,FU
P120126726,BIPD,8/6/2012 0:00,1159,625,WINSLOW WAY E,122607400,23236100,FU
P120126787,BIPD,8/6/2012 0:00,1350,11071,MANITOU BEACH DR NE,122853566,24649652,THEFT4
P120126916,BIPD,8/6/2012 0:00,1646,,NE MORGAN RD / NORTH MADISON AVE NE,122460644,24835410,GUNVI3
P120081806,BIPD,5/24/2012 0:00,1837,625,WINSLOW WAY E,122607400,23236100,INFOP3
P120081826,BIPD,5/24/2012 0:00,1911,907,CARVER ST,118435000,20790500,MEDIA
P120082043,BIPD,5/25/2012 0:00,0752,,MADISON AVE N / WYATT WAY NE,122430637,23382031,T
P120082107,BIPD,5/25/2012 0:00,1011,,NE HIGH SCHOOL RD / MADISON AVE N,122433634,23644002,T
P120082312,BIPD,5/25/2012 0:00,1516,,FOREST LN NE / NE KOURA RD,121993010,24720559,ANIMA4
P120082418,BIPD,5/25/2012 0:00,1752,,HIGH SCHOOL RD NE / HILDEBRAND LN NE,122535496,23644973,T
P120116724,BIPD,7/19/2012 0:00,2220,,ERICKSEN AVE NE / WALLACE WAY NE,122531605,23512269,LIQUO3
P120116738,BIPD,7/19/2012 0:00,2249,,NE MORGAN RD / STATE HWY 305 NE,122252700,24842450,T
P120116774,BIPD,7/20/2012 0:00,0009,6407,NE MARSHALL RD,121378950,23263050,DVB
P120115115,BIPD,7/17/2012 0:00,1039,,"XY(122443654,23118748)",122443654,23118748,CELL
P120115282,BIPD,7/17/2012 0:00,1435,625,WINSLOW WAY E,122607400,23236100,FU
P120125040,BIPD,8/3/2012 0:00,1354,,NE SEABOLD RD / STATE HWY 305 NE,121590699,26041540,RECKL3
P120125076,BIPD,8/3/2012 0:00,1510,625,WINSLOW WAY E,122607400,23236100,FU
P120125397,BIPD,8/4/2012 0:00,0046,,NE BAKER HILL RD / LYNWOOD CENTER RD NE,121772402,22605337,FI
P120122380,BIPD,7/29/2012 0:00,2027,8485,FLETCHER BAY RD NE,121394800,23849600,TRAFF3
P120122661,BIPD,7/30/2012 0:00,0942,817,HIGH SCHOOL RD NE,122668403,23642291,FU
P120127619,BIPD,8/7/2012 0:00,1841,12545,MANZANITA RD NE,121500378,25165866,FU
P120109231,BIPD,7/7/2012 0:00,2112,,FAIRVIEW AVE NE / MADRONA DR NE,123065245,23391464,LOUDP4
P120106913,BIPD,7/4/2012 0:00,1447,368,EAKIN DR NW,122137200,23341000,ALS
P120106968,BIPD,7/4/2012 0:00,1621,,NE DAY RD E / STATE HWY 305 NE,122023402,25247379,RECKL3
P120107020,BIPD,7/4/2012 0:00,1805,,NE KOURA RD / MILLER RD NE,121576406,24728795,RECKL3
P120109529,BIPD,7/8/2012 0:00,0956,,"XY(121268203,24439402)",121268203,24439402,CELL
P120109540,BIPD,7/8/2012 0:00,1042,,"XY(122458343,23474888)",122458343,23474888,CELL
P120127123,BIPD,8/6/2012 0:00,2336,245,NE HIGH SCHOOL RD,122404050,23635100,BLSP
P120127210,BIPD,8/7/2012 0:00,0528,15035,SUNRISE DR NE,122727650,26008750,NOISE4
P120127472,BIPD,8/7/2012 0:00,1434,,RAVINE LN NE / WINSLOW WAY E,122573055,23246239,T
P120127567,BIPD,8/7/2012 0:00,1724,625,WINSLOW WAY E,122607400,23236100,FU
P120127633,BIPD,8/7/2012 0:00,1907,652,CHERRY AVE NE,122975100,23419900,FOUND4
P120127771,BIPD,8/8/2012 0:00,0056,8263,NE CARMELLA LN,121977900,23520850,DV3
P120122612,BIPD,7/30/2012 0:00,0824,12024,PLEASANT PL NE,122252100,24983650,CIVIL4
P120127674,BIPD,8/7/2012 0:00,2030,9235,NORTH TOWN DR NE,122297450,23998450,RECKL3
P120122977,BIPD,7/30/2012 0:00,2155,,NE BAKER HILL RD / LYNWOOD CENTER RD NE,121772402,22605337,T
P120123165,BIPD,7/31/2012 0:00,0909,380,WINSLOW WAY E,122507500,23253200,FU
P120125972,BIPD,8/5/2012 0:00,0016,,NE NEW BROOKLYN RD / SPORTSMAN CLUB RD NE,122235375,23919324,TRAFF3
P120126046,BIPD,8/5/2012 0:00,0314,9009,MILLER RD NE,121314650,24055000,LOUDP4
P120107179,BIPD,7/4/2012 0:00,2207,499,OLYMPIC DR SE,122674000,23182900,FI
P120107228,BIPD,7/4/2012 0:00,2248,,NE HIGH SCHOOL RD / MADISON AVE N,122433634,23644002,T
P120107354,BIPD,7/5/2012 0:00,0055,,NE BOLERO DR / FORT WARD HILL RD NE,122411368,22050598,T
P120109738,BIPD,7/8/2012 0:00,1732,,NE NEW BROOKLYN RD / SANDS AVE NE,121914537,23931258,T
P120107421,BIPD,7/5/2012 0:00,0459,12854,SUNRISE DR NE,122744900,25248000,FU
P120110246,BIPD,7/9/2012 0:00,1359,763,NE KLICKITAT PL,122661050,23488950,SUSPI4
P120115399,BIPD,7/17/2012 0:00,1806,6910,NE DAY RD W,121581714,25259196,ASSIS4
P120119287,BIPD,7/24/2012 0:00,1052,625,WINSLOW WAY E,122607400,23236100,MISC3
P120116838,BIPD,7/20/2012 0:00,0421,,AGATE POINT RD NE / NE DOLPHIN DR,121827604,26302254,SUSPI3
P120116852,BIPD,7/20/2012 0:00,0615,131,PARFITT WAY SW,122413100,23151700,BURGL3
P120115459,BIPD,7/17/2012 0:00,2016,907,CARVER ST,118435000,20790500,MEDIA
P120117129,BIPD,7/20/2012 0:00,1541,,MILLER RD NE / PETERSON HILL RD NE,121669667,24878567,T
P120086296,BIPD,6/1/2012 0:00,1231,650,ERICKSEN AVE NE,122539100,23426350,NARCO3
P120082508,BIPD,5/25/2012 0:00,2012,,NE HIGH SCHOOL RD / HORIZON VIEW PL NW,122310438,23631740,CELL
P120082478,BIPD,5/25/2012 0:00,1916,7056,NE NEW BROOKLYN RD,121576600,23979950,FU
P120087011,BIPD,6/2/2012 0:00,1236,181,LOVELL AVE SW,122254950,23227000,FU
P120087126,BIPD,6/2/2012 0:00,1559,,ERICKSEN AVE NE / WINSLOW WAY E,122525612,23245942,PC3
P120127809,BIPD,8/8/2012 0:00,0404,368,EAGLE PL NE,122751999,23314176,HARAS4
P120127852,BIPD,8/8/2012 0:00,0743,,REITAN RD NE / STATE HWY 305 NE,121501742,26370270,RECKL3
P120128189,BIPD,8/8/2012 0:00,1649,,HARBOR SQUARE LOOP NE / WINSLOW WAY E,122642550,23244214,MALIC4
P120128468,BIPD,8/9/2012 0:00,0043,5627,LYNWOOD CENTER RD NE,121736213,22896647,DV2
P120128536,BIPD,8/9/2012 0:00,0605,1047,BLUE HERON AVE NE,122475300,23558500,LOUDP4
P120128565,BIPD,8/9/2012 0:00,0807,5635,NE CESSNA LN,121126550,22232850,THEFT4
P120107500,BIPD,7/5/2012 0:00,1000,220,KNECHTEL WAY NE,122494147,23470789,TRESP4
P120110366,BIPD,7/9/2012 0:00,1643,,MADISON AVE N / NE YAQUINA AVE,122494139,24009835,NOISE4
P120110444,BIPD,7/9/2012 0:00,1930,141,PARFITT WAY SW,122410800,23143000,UNWAN3
P120107526,BIPD,7/5/2012 0:00,1039,8479,HANSEN RD NE,121047536,23839620,DV2
P120107610,BIPD,7/5/2012 0:00,1305,,NE DAY RD E / STATE HWY 305 NE,122023402,25247379,RECKL3
P120108101,BIPD,7/6/2012 0:00,0811,233,PARFITT WAY SW,122384600,23163500,UNWAN4
P120126235,BIPD,8/5/2012 0:00,1454,7761,HANSEN RD NE,121071450,23562250,FU
P120126245,BIPD,8/5/2012 0:00,1513,,MADISON AVE N / WINSLOW WAY E,122427660,23249390,FU
P120126250,BIPD,8/5/2012 0:00,1520,18718,3RD AVE NE,121674200,27190700,FU
P120126308,BIPD,8/5/2012 0:00,1732,11313,MILLER RD NE,121592250,24798950,FU
P120126420,BIPD,8/5/2012 0:00,2131,11726,KALLGREN RD NE,122624400,24880950,SFR
P120126842,BIPD,8/6/2012 0:00,1517,625,WINSLOW WAY E,122607400,23236100,CHILD4
P120125736,BIPD,8/4/2012 0:00,1713,625,WINSLOW WAY E,122607400,23236100,FU
P120129973,BIPD,8/11/2012 0:00,1247,625,WINSLOW WAY E,122607400,23236100,WRT4
P120130028,BIPD,8/11/2012 0:00,1418,,"XY(120671998,24621877)",120671998,24621877,CELL
P120130044,BIPD,8/11/2012 0:00,1447,12985,PHELPS RD NE,122013600,25315000,ABAND4
P120130114,BIPD,8/11/2012 0:00,1650,6789,NE BERGMAN RD,121548250,25106850,FU
P120130236,BIPD,8/11/2012 0:00,2051,6789,NE BERGMAN RD,121548250,25106850,FU
P120117133,BIPD,7/20/2012 0:00,1552,508,MADRONA WAY NE,122500935,23310103,THEFT4
P120117134,BIPD,7/20/2012 0:00,1554,,HIGH SCHOOL RD NE / STATE HWY 305 NE,122571082,23644469,RECKL3
P120117187,BIPD,7/20/2012 0:00,1703,,NORTH MADISON AVE NE / NE VALLEY RD,122457917,24703521,T
P120117276,BIPD,7/20/2012 0:00,1949,11021,MANITOU BEACH DR NE,122826900,24640550,MALIC3
P120117328,BIPD,7/20/2012 0:00,2154,11832,SUNRISE DR NE,122726687,24904677,TRAFF3
P120117380,BIPD,7/20/2012 0:00,2334,,HIGH SCHOOL RD NE / STATE HWY 305 NE,122571082,23644469,DUI3
P120105091,BIPD,7/1/2012 0:00,1809,907,CARVER ST,118435000,20790500,MEDIA
P120105374,BIPD,7/2/2012 0:00,0720,907,CARVER ST,118435000,20790500,MEDIA
P120105539,BIPD,7/2/2012 0:00,1319,16942,NE SANWICK PL,121638244,26675743,ALRA
P120108584,BIPD,7/6/2012 0:00,2059,,NE HIGH SCHOOL RD / HORIZON VIEW PL NW,122310438,23631740,CELL
P120111687,BIPD,7/11/2012 0:00,1831,299,SHANNON DR SE,122508700,23164500,MALIC4
P120126952,BIPD,8/6/2012 0:00,1740,,GILMORE WAY NE / WINSLOW WAY E,122615981,23254352,CELL
P120126947,BIPD,8/6/2012 0:00,1733,,HIGH SCHOOL RD NE / STATE HWY 305 NE,122571082,23644469,MVCG
P120127268,BIPD,8/7/2012 0:00,0911,625,WINSLOW WAY E,122607400,23236100,SEXOF4
P120127335,BIPD,8/7/2012 0:00,1058,13072,PHELPS RD NE,122097700,25300750,WC911
P120127494,BIPD,8/7/2012 0:00,1520,271,WYATT WAY NE,122484450,23372900,WC911
P120127603,BIPD,8/7/2012 0:00,1814,907,CARVER ST,118435000,20790500,MEDIA
P120130315,BIPD,8/11/2012 0:00,2323,141,PARFITT WAY SW,122410800,23143000,PC3
P120130373,BIPD,8/12/2012 0:00,0204,253,HIGH SCHOOL RD NE,122470100,23646300,SHOPL3
P120130440,BIPD,8/12/2012 0:00,0806,11299,ARROW POINT DR NE,121068800,24696200,ALRA
P120130465,BIPD,8/12/2012 0:00,0935,,NE DAY RD E / STATE HWY 305 NE,122023402,25247379,T
P120130591,BIPD,8/12/2012 0:00,1516,1220,WING POINT WAY NE,122797400,23380500,FU
P120130729,BIPD,8/12/2012 0:00,1955,,NE DAY RD E / STATE HWY 305 NE,122023402,25247379,RECKL3
P120108605,BIPD,7/6/2012 0:00,2136,,AGATE POINT RD NE / NE NORTH ST,121841871,26629783,FIREW4
P120108671,BIPD,7/6/2012 0:00,2248,,AGATE POINT RD NE / KINNEAR RD NE,121842023,26633188,FIREW4
P120112013,BIPD,7/12/2012 0:00,0943,9330,NE HIGH SCHOOL RD,122363800,23666100,T
P120112151,BIPD,7/12/2012 0:00,1344,11585,BERRY PATCH LN NE,122299700,24791100,MISC5
P120109084,BIPD,7/7/2012 0:00,1554,8400,SPRINGRIDGE RD NE,121251233,23821834,T
P120112420,BIPD,7/12/2012 0:00,2035,2324,SOUNDVIEW DR NE,122369750,21780750,CIVIL3
P120117733,BIPD,7/21/2012 0:00,1625,11021,NE WING POINT WAY,122886545,23370842,ALRA
P120117772,BIPD,7/21/2012 0:00,1734,120,WINSLOW WAY E,122434572,23249174,ASSIS4
P120120601,BIPD,7/26/2012 0:00,1511,6999,NE BAKER HILL RD,121495850,22548700,THEFT4
P120117759,BIPD,7/21/2012 0:00,1706,10093,EDGECOMBE PL NE,122483200,24287250,SUICIA
P120117920,BIPD,7/21/2012 0:00,2140,,ERICKSEN AVE NE / MADRONE LN N,122485723,23250998,CELL
P120118247,BIPD,7/22/2012 0:00,1325,,"XY(122548681,23298875)",122548681,23298875,CELL
P120087208,BIPD,6/2/2012 0:00,1800,299,SHANNON DR SE,122508700,23164500,PC3
P120082670,BIPD,5/26/2012 0:00,0137,,NE DAY RD E / NORTH MADISON AVE NE,122468811,25230896,PC3
P120082970,BIPD,5/26/2012 0:00,1626,299,SHANNON DR SE,122508700,23164500,PC3
P120082998,BIPD,5/26/2012 0:00,1731,,MILLER RD NE / NE TOLO RD,121433990,24330529,T
P120083083,BIPD,5/26/2012 0:00,2037,299,SHANNON DR SE,122508700,23164500,FI
P120083175,BIPD,5/26/2012 0:00,2343,1310,MADISON AVE N,122447500,23664000,LOUDP4
P120127583,BIPD,8/7/2012 0:00,1744,,NE HIDDEN COVE RD / STATE HWY 305 NE,121741136,25661125,MVCB
P120127615,BIPD,8/7/2012 0:00,1833,8895,MADISON AVE N,122433700,23949200,FU
P120127630,BIPD,8/7/2012 0:00,1902,280,MADISON AVE N,122441700,23299100,FI
P120127649,BIPD,8/7/2012 0:00,1949,280,MADISON AVE N,122441700,23299100,PC4
P120125521,BIPD,8/4/2012 0:00,0941,15843,AGATE PASS BRG,121391000,26467600,MVCG
P120130706,BIPD,8/12/2012 0:00,1902,1121,WALNUT ST,120013941,21905434,ASSIS3
P120130776,BIPD,8/12/2012 0:00,2119,8641,SANDS AVE NE,121875700,23848100,FI
P120130856,BIPD,8/13/2012 0:00,0039,14414,NORTH MADISON AVE NE,122524000,25772350,FU
P120131086,BIPD,8/13/2012 0:00,1318,,SPORTSMAN CLUB RD NE / STATE HWY 305 NE,122395136,24298387,T
P120131187,BIPD,8/13/2012 0:00,1618,285,MADISON AVE S,122426500,23199000,WC911
P120131202,BIPD,8/13/2012 0:00,1703,,NE KOURA RD / STATE HWY 305 NE,122310217,24709702,ASSAUB
P120109095,BIPD,7/7/2012 0:00,1612,,HANSEN RD NE / SPRINGRIDGE RD NE,121247912,23608750,T
P120109115,BIPD,7/7/2012 0:00,1646,8681,BATTLE POINT DR NE,121195600,24085850,ALSP
P120112589,BIPD,7/13/2012 0:00,0324,1244,LOVELL AVE NW,122319500,23629750,MALIC3
P120109281,BIPD,7/7/2012 0:00,2218,3348,POINT WHITE DR NE,121390000,22141650,FIREW4
P120109301,BIPD,7/7/2012 0:00,2237,16639,AGATE POINT RD NE,121798650,26506800,FIREW4
P120109367,BIPD,7/8/2012 0:00,0009,,STATE HWY 305 NE / WINSLOW WAY E,122597069,23245490,T
P120125784,BIPD,8/4/2012 0:00,1826,4372,POINT WHITE DR NE,121557350,22460900,BLSP
P120125819,BIPD,8/4/2012 0:00,1922,625,WINSLOW WAY E,122607400,23236100,WRT4
P120127934,BIPD,8/8/2012 0:00,1027,,MADISON AVE N / WINSLOW WAY E,122427660,23249390,MVC4
P120130382,BIPD,8/12/2012 0:00,0238,12311,ARROW POINT LOOP NE,121258650,24995200,UNWAN3
P120130456,BIPD,8/12/2012 0:00,0915,9909,NE TORVANGER RD,122575916,25625747,SUSPI3
P120128242,BIPD,8/8/2012 0:00,1749,9300,HOLLY FARM LN NE,121593850,24079950,PARKI4
P120131268,BIPD,8/13/2012 0:00,1847,9330,NE HIGH SCHOOL RD,122363800,23666100,T
P120128807,BIPD,8/9/2012 0:00,1522,658,MADISON AVE N,122439800,23427800,BURGL4
P120128831,BIPD,8/9/2012 0:00,1606,7500,NE HIDDEN COVE RD,121782759,25674122,T
P120128992,BIPD,8/9/2012 0:00,2043,625,WINSLOW WAY E,122607400,23236100,WC911
P120129333,BIPD,8/10/2012 0:00,1204,334,ERICKSEN AVE NE,122537050,23321300,MISC4
P120129584,BIPD,8/10/2012 0:00,1837,907,CARVER ST,118435000,20790500,MEDIA
P120118344,BIPD,7/22/2012 0:00,1641,,BJUNE DR SE / MADISON AVE S,122427052,23224917,SEXOF3
P120118365,BIPD,7/22/2012 0:00,1715,,NE HIDDEN COVE RD / STATE HWY 305 NE,121741136,25661125,MVCA
P120118673,BIPD,7/23/2012 0:00,0949,11001,NORTH MADISON AVE NE,122409100,24651500,WC4
P120118774,BIPD,7/23/2012 0:00,1250,13911,STATE HWY 305 NE,121761977,25630590,MISC3
P120118998,BIPD,7/23/2012 0:00,1921,907,CARVER ST,118435000,20790500,MEDIA
P120119067,BIPD,7/23/2012 0:00,2202,625,WINSLOW WAY E,122607400,23236100,TRANS
P120109671,BIPD,7/8/2012 0:00,1522,,MILLER RD NE / NE NEW BROOKLYN RD,121365750,23936543,INFOP4
P120109689,BIPD,7/8/2012 0:00,1546,,FINCH RD NE / NE NEW LONDON CT,122037088,23445768,T
P120109710,BIPD,7/8/2012 0:00,1626,10000,ARROW POINT DR NE,121176279,24602158,T
P120110014,BIPD,7/9/2012 0:00,0445,,WINSLOW WAY E / WINSLOW WAY E,122485875,23257927,CELL
P120110368,BIPD,7/9/2012 0:00,1644,,15TH LOOP NE / NE HOSTMARK ST,119838648,27275157,ASSIS3
P120128322,BIPD,8/8/2012 0:00,1957,907,CARVER ST,118435000,20790500,MEDIA
P120130602,BIPD,8/12/2012 0:00,1532,14414,NORTH MADISON AVE NE,122524000,25772350,WC911
P120128454,BIPD,8/9/2012 0:00,0010,,FERNCLIFF AVE NE / WINSLOW WAY E,122689699,23243385,PC4
P120128619,BIPD,8/9/2012 0:00,0943,4327,NE RHODES END,121095600,22456150,HARAS4
P120128635,BIPD,8/9/2012 0:00,1011,,MANITOU BEACH DR NE / NORTH MADISON AVE NE,122430015,24309046,FU
P120128726,BIPD,8/9/2012 0:00,1229,1178,GROW AVE NW,122343400,23608450,WC911
P120129605,BIPD,8/10/2012 0:00,1907,10034,EDGECOMBE PL NE,122500200,24227700,ALRA
P120131329,BIPD,8/13/2012 0:00,2021,,STATE HWY 305 NE / WINSLOW WAY E,122597069,23245490,TRAFF3
P120131537,BIPD,8/14/2012 0:00,0904,9171,MILLER RD NE,121308600,24072100,CIVIL4
P120131599,BIPD,8/14/2012 0:00,1059,,"XY(122552272,23583747)",122552272,23583747,CELL
P120132015,BIPD,8/14/2012 0:00,2209,7070,NE EAGLE HARBOR DR,121972000,23357300,T
P120132020,BIPD,8/14/2012 0:00,2219,,WINSLOW WAY W / WOOD AVE SW,122346964,23253057,NOISE4
P120119144,BIPD,7/24/2012 0:00,0134,,STATE HWY 305 NE / WINSLOW WAY E,122597069,23245490,PC3
P120121580,BIPD,7/28/2012 0:00,0915,,STATE HWY 305 NE / WINSLOW WAY E,122597069,23245490,T
P120119235,BIPD,7/24/2012 0:00,0912,432,JOHN ADAMS LN NW,122387272,23360972,MISC3
P120116976,BIPD,7/20/2012 0:00,1128,4573,POINT WHITE DR NE,121739150,22523250,MALIC4
P120119878,BIPD,7/25/2012 0:00,1132,,NE HIDDEN COVE RD / SPARGUR LOOP RD NE,122213877,25764708,SUSPI4
P120119821,BIPD,7/25/2012 0:00,0930,9199,E MAIN ST,121810300,20737500,ASSIS3
P120110496,BIPD,7/9/2012 0:00,2113,141,PARFITT WAY SW,122410800,23143000,UNKNO1
P120110576,BIPD,7/10/2012 0:00,0017,200,WINSLOW WAY W,122398415,23250826,PC3
P120110904,BIPD,7/10/2012 0:00,1540,625,WINSLOW WAY E,122607400,23236100,MISC4
P120110926,BIPD,7/10/2012 0:00,1621,,HIGH SCHOOL RD NE / STATE HWY 305 NE,122571082,23644469,T
P120108234,BIPD,7/6/2012 0:00,1155,,NE DAY RD E / STATE HWY 305 NE,122023402,25247379,TRAFF3
P120108257,BIPD,7/6/2012 0:00,1227,8521,MADISON AVE N,122388100,23738800,ASSIS4
P120128752,BIPD,8/9/2012 0:00,1320,625,WINSLOW WAY E,122607400,23236100,MISC4
P120128869,BIPD,8/9/2012 0:00,1654,,NE HIDDEN COVE RD / STATE HWY 305 NE,121741136,25661125,TRAFF3
P120128846,BIPD,8/9/2012 0:00,1627,625,WINSLOW WAY E,122607400,23236100,FU
P120128959,BIPD,8/9/2012 0:00,1923,8954,MADISON AVE N,122502650,23960350,ASSIS4
P120129202,BIPD,8/10/2012 0:00,0758,241,MADISON AVE N,122429004,23305607,ALRA
P120132300,BIPD,8/15/2012 0:00,1159,,REITAN RD NE / STATE HWY 305 NE,121501742,26370270,RECKL3
P120132030,BIPD,8/14/2012 0:00,2243,,NE DAY RD E / STATE HWY 305 NE,122023402,25247379,T
P120132312,BIPD,8/15/2012 0:00,1218,,FINCH RD NE / SPORTSMAN CLUB RD NE,122065485,23658671,CELL
P120132429,BIPD,8/15/2012 0:00,1541,,NE HIGH SCHOOL RD / HORIZON VIEW PL NW,122310438,23631740,CELL
P120132483,BIPD,8/15/2012 0:00,1656,,FLETCHER BAY RD NE / MILLER RD NE,121365750,23936543,DUI3
P120132560,BIPD,8/15/2012 0:00,1929,,MANZANITA / STATE HWY 305,0,0,MVC4
P120120159,BIPD,7/25/2012 0:00,1951,9330,NE HIGH SCHOOL RD,122363800,23666100,MALIC3
P120122230,BIPD,7/29/2012 0:00,1617,,LYTLE RD NE / PLEASANT BEACH DR NE,121916365,22288534,T
P120120209,BIPD,7/25/2012 0:00,2136,10539,NORTH MADISON AVE NE,122425150,24457350,SUSPI3
P120120331,BIPD,7/26/2012 0:00,0555,15900,STATE HWY 305 NE,121341200,26500900,T
P120120368,BIPD,7/26/2012 0:00,0848,7571,NE DOLPHIN DR,121805400,26281400,ALRA
P120120380,BIPD,7/26/2012 0:00,0920,381,WALLACE WAY NE,122524400,23506000,PC3
P120108365,BIPD,7/6/2012 0:00,1512,10971,FOREST LN NE,121981950,24641750,FI
P120111820,BIPD,7/11/2012 0:00,2219,5801,BATTLE POINT DR NE,121188150,24074950,ALRP
P120111989,BIPD,7/12/2012 0:00,0835,,NE DAY RD E / NE YETI LN,122025071,25272959,CELL
P120112347,BIPD,7/12/2012 0:00,1815,907,CARVER ST,118435000,20790500,MEDIA
P120112426,BIPD,7/12/2012 0:00,2051,9300,SPORTSMAN CLUB RD NE,122332600,24121200,ALRA
P120112511,BIPD,7/12/2012 0:00,2334,7751,NE EDNA OLSEN LN,121775056,22545896,PC4
P120129243,BIPD,8/10/2012 0:00,0921,,AGATEWOOD RD NE / STATE HWY 305 NE,121562025,26138320,RECKL3
P120129353,BIPD,8/10/2012 0:00,1231,334,ERICKSEN AVE NE,122537050,23321300,MISC4
P120129429,BIPD,8/10/2012 0:00,1419,625,WINSLOW WAY E,122607400,23236100,MISC4
P120129496,BIPD,8/10/2012 0:00,1602,,PARFITT WAY SW / WOOD AVE SW,122348419,23165250,ASSAU3
P120129616,BIPD,8/10/2012 0:00,1927,,SPORTSMAN CLUB RD NE / STATE HWY 305 NE,122395136,24298387,T
P120129707,BIPD,8/10/2012 0:00,2220,499,OLYMPIC DR SE,122674000,23182900,T
P120132666,BIPD,8/15/2012 0:00,2257,,FLETCHER BAY RD NE / NE NEW BROOKLYN RD,121365750,23936543,DUI3
P120132685,BIPD,8/15/2012 0:00,2343,,FINCH RD NE / WYATT WAY NW,122036524,23398020,FI
P120132711,BIPD,8/16/2012 0:00,0042,,NE COUNTY PARK RD / NE WEST PORT MADISON RD,122033077,26160213,FU
P120132868,BIPD,8/16/2012 0:00,1024,,SPORTSMAN CLUB RD NE / STATE HWY 305 NE,122395136,24298387,T
P120133108,BIPD,8/16/2012 0:00,1720,4372,POINT WHITE DR NE,121557350,22460900,ANIMA3
P120133109,BIPD,8/16/2012 0:00,1722,,NE NEW BROOKLYN RD / SANDS AVE NE,121914537,23931258,T
P120120479,BIPD,7/26/2012 0:00,1157,2135,FORT WARD HILL RD NE,122347050,21679250,VEHIT4
P120121048,BIPD,7/27/2012 0:00,1123,,NE JUSTIN CT / MILLER RD NE,121500047,24497860,T
P120122733,BIPD,7/30/2012 0:00,1242,15798,STATE HWY 305 NE,121419100,26448500,MVCG
P120121147,BIPD,7/27/2012 0:00,1420,,PLEASANT PL NE / STATE HWY 305 NE,122237116,24962156,CELL
P120121150,BIPD,7/27/2012 0:00,1421,8500,NE DAY RD E,122120600,25253800,MVC4
P120121163,BIPD,7/27/2012 0:00,1445,289,SHANNON DR SE,122488000,23159000,INFOP2
P120112630,BIPD,7/13/2012 0:00,0658,,BATTLE POINT DR NE / MILLER RD NE,121350327,24126968,T
P120112839,BIPD,7/13/2012 0:00,1311,499,OLYMPIC DR SE,122674000,23182900,UNKNO3
P120115528,BIPD,7/17/2012 0:00,2348,,KNECHTEL WAY NE / MADISON AVE N,122432246,23447716,ASSIS3
P120112875,BIPD,7/13/2012 0:00,1410,499,OLYMPIC DR SE,122674000,23182900,VEHIT4
P120112982,BIPD,7/13/2012 0:00,1651,,FLETCHER BAY RD NE / NE NEW BROOKLYN RD,121365750,23936543,T
P120131317,BIPD,8/13/2012 0:00,2001,,"XY(121861362,25447713)",121861362,25447713,CELL
P120133193,BIPD,8/16/2012 0:00,1927,1618,BEANS BIGHT RD NE,122938850,21526600,ALRA
P120133197,BIPD,8/16/2012 0:00,1943,8954,MADISON AVE N,122502650,23960350,DV2
P120133233,BIPD,8/16/2012 0:00,2111,299,SHANNON DR SE,122508700,23164500,PC3
P120133478,BIPD,8/17/2012 0:00,0831,,WINSLOW WAY E / WINSLOW WAY E,122485875,23257927,CELL
P120133471,BIPD,8/17/2012 0:00,0823,10355,NE VALLEY RD,122707800,24698000,ALRA
P120130093,BIPD,8/11/2012 0:00,1613,7606,NE BERGMAN RD,121797348,25121917,T
P120130104,BIPD,8/11/2012 0:00,1626,,NE HIGH SCHOOL RD / MADISON AVE N,122433634,23644002,T
P120127729,BIPD,8/7/2012 0:00,2248,403,MADISON AVE N,122430200,23357500,ALRA
P120127862,BIPD,8/8/2012 0:00,0817,5464,DIAMOND PL NE,121671650,22712500,CIVIL3
P120133606,BIPD,8/17/2012 0:00,1257,,NE DAY RD E / STATE HWY 305 NE,122023402,25247379,T
P120127894,BIPD,8/8/2012 0:00,0908,7141,NE BAY HILL RD,121655750,24818200,FU
P120121218,BIPD,7/27/2012 0:00,1618,,PHELPS RD NE / NE SUMANEE PL,122130546,25457993,T
P120121209,BIPD,7/27/2012 0:00,1603,11588,BERRY PATCH LN NE,122322550,24790050,ASSIS4
P120121380,BIPD,7/27/2012 0:00,2210,,NE AVALON LN / BLAKELY AVE NE,122002329,22667441,ANIMA3
P120121414,BIPD,7/27/2012 0:00,2331,920,HILDEBRAND LN NE,122546100,23567800,NOISE4
P120121511,BIPD,7/28/2012 0:00,0335,,CROWN DR NE / NE DAY RD E,122386727,25233235,NOISE4
P120121563,BIPD,7/28/2012 0:00,0825,,SPORTSMAN CLUB RD NE / STATE HWY 305 NE,122395136,24298387,T
P120133523,BIPD,8/17/2012 0:00,1003,,NE DAY RD W / MILLER RD NE,121978357,25249210,T
P120133599,BIPD,8/17/2012 0:00,1241,,FLETCHER BAY RD NE / SPRINGRIDGE RD NE,121253090,23939289,RECKL3
P120133658,BIPD,8/17/2012 0:00,1444,921,HILDEBRAND LN NE,122526850,23548750,UNWAN3
P120133719,BIPD,8/17/2012 0:00,1628,10000,ARROW POINT DR NE,121176279,24602158,T
P120133804,BIPD,8/17/2012 0:00,1826,,NE HIGH SCHOOL RD / MADISON AVE N,122433634,23644002,MVC4
P120133848,BIPD,8/17/2012 0:00,1949,,MADISON AVE N / STATE HWY 305 NE,122472543,23963078,RECKL3
P120115748,BIPD,7/18/2012 0:00,1224,9445,NE BUSINESS PARK LN,122368700,24076900,FU
P120113148,BIPD,7/13/2012 0:00,2239,5743,OLD WOODS LN NE,121879900,22913800,ALRA
P120113332,BIPD,7/14/2012 0:00,0853,,NE SEABOLD RD / STATE HWY 305 NE,121590699,26041540,T
P120113516,BIPD,7/14/2012 0:00,1519,,KALLGREN RD NE / NE VALLEY RD,122590741,24700686,MVCA
P120113581,BIPD,7/14/2012 0:00,1656,625,WINSLOW WAY E,122607400,23236100,FU
P120116643,BIPD,7/19/2012 0:00,1941,4355,NE EAGLE HARBOR DR,122646050,22835350,TRAFF3
P120130579,BIPD,8/12/2012 0:00,1446,,SPORTSMAN CLUB RD NE / STATE HWY 305 NE,122395136,24298387,T
P120133718,BIPD,8/17/2012 0:00,1628,7060,NE NEW BROOKLYN RD,121598938,23934265,MISC4
P120130594,BIPD,8/12/2012 0:00,1519,8588,NE HIDDEN COVE RD,122175300,25815400,HARAS4
P120130789,BIPD,8/12/2012 0:00,2145,5700,NE FOSTER RD,121185167,23855678,MVC3
P120134186,BIPD,8/18/2012 0:00,1059,,HIGH SCHOOL RD NE / STATE HWY 305 NE,122571082,23644469,T
P120130926,BIPD,8/13/2012 0:00,0656,785,ERICKSEN AVE NE,122526250,23490750,MALIC4
P120134150,BIPD,8/18/2012 0:00,0941,640,ALDER AVE NE,122999600,23419150,FU
P120134101,BIPD,8/18/2012 0:00,0653,9009,MILLER RD NE,121314650,24055000,WRT4
P120134179,BIPD,8/18/2012 0:00,1044,,STATE HWY 305 NE / NE WEST PORT MADISON RD,121590699,26041540,T
P120134183,BIPD,8/18/2012 0:00,1054,625,WINSLOW WAY E,122607400,23236100,MISC4
P120134243,BIPD,8/18/2012 0:00,1334,,LYTLE RD NE / PLEASANT BEACH DR NE,121916365,22288534,ASSIS4
P120113663,BIPD,7/14/2012 0:00,1919,3000,PLEASANT BEACH DR NE,122112500,22010500,ASSIS4
P120113827,BIPD,7/15/2012 0:00,0015,10500,NE BYRON DR,122728350,23715000,FIREW4
P120113938,BIPD,7/15/2012 0:00,0717,14215,SILVEN AVE NE,121386800,25722800,ALRA
P120114051,BIPD,7/15/2012 0:00,1302,141,PARFITT WAY SW,122410800,23143000,FU
P120117144,BIPD,7/20/2012 0:00,1605,,NE DAY RD W / MILLER RD NE,121978357,25249210,T
P120111141,BIPD,7/10/2012 0:00,2225,190,HARBOR SQUARE LOOP NE,122663667,23268897,FIREW4
P120119456,BIPD,7/24/2012 0:00,1555,8940,MADISON AVE N,122475058,23965105,NOISE4
P120119568,BIPD,7/24/2012 0:00,2009,,"XY(121261079,23490565)",121261079,23490565,CELL
P120119789,BIPD,7/25/2012 0:00,0843,14062,HENDERSON RD NE,121491611,25673459,BURGL4
P120124295,BIPD,8/2/2012 0:00,0945,550,MADISON AVE N,122431200,23400600,THEFT4
P120119803,BIPD,7/25/2012 0:00,0903,7968,FINCH RD NE,122064000,23640000,SUSPI4
P120121780,BIPD,7/28/2012 0:00,1801,9633,OLYMPUS BEACH RD NE,120932510,24222871,SUSPI3
P120130953,BIPD,8/13/2012 0:00,0833,,MADISON AVE N / WYATT WAY NE,122430637,23382031,T
P120131304,BIPD,8/13/2012 0:00,1943,,HIGH SCHOOL RD NE / STATE HWY 305 NE,122571082,23644469,CHILD3
P120131453,BIPD,8/14/2012 0:00,0214,,"XY(122406144,23484425)",122406144,23484425,SUSPI3
P120131524,BIPD,8/14/2012 0:00,0824,1050,HILDEBRAND LN NE,122545200,23588400,ALRB
P120135154,BIPD,8/20/2012 0:00,0909,,NE DAY RD E / STATE HWY 305 NE,122023402,25247379,TRAFF3
P120131800,BIPD,8/14/2012 0:00,1549,138,HARBOR SQUARE LOOP NE,122650091,23259167,POV4
P120087884,BIPD,6/3/2012 0:00,1952,299,SHANNON DR SE,122508700,23164500,FI
P120083346,BIPD,5/27/2012 0:00,1035,499,OLYMPIC DR SE,122674000,23182900,MEDIA
P120083335,BIPD,5/27/2012 0:00,1008,,AGATE POINT RD NE / NE NORTH ST,121842023,26633188,PC3
P120080529,BIPD,5/22/2012 0:00,1359,911,CARVER ST,118421000,20788100,INFOP3
P120088630,BIPD,6/5/2012 0:00,0137,7800,NE DAY RD W,121878568,25252284,PC3
P120084323,BIPD,5/29/2012 0:00,0908,284,WOOD AVE SW,122353550,23191750,FRAUD4
P120114086,BIPD,7/15/2012 0:00,1451,,MANZANITA LN NE / PETERSON HILL RD NE,121668562,24925960,T
P120114153,BIPD,7/15/2012 0:00,1731,11721,PETERSON HILL RD NE,121650350,24887100,FI
P120111283,BIPD,7/11/2012 0:00,0650,9000-BLK,MILLER RD NE,121329580,24080448,T
P120111522,BIPD,7/11/2012 0:00,1329,625,WINSLOW WAY E,122607400,23236100,FI
P120118101,BIPD,7/22/2012 0:00,0359,,NE LOFGREN RD / MORAN RD NE,122445705,24110420,FU
P120111529,BIPD,7/11/2012 0:00,1346,11954,MILLER RD NE,121740493,24986353,BURGL4
P120134415,BIPD,8/18/2012 0:00,1900,11727,KIRK AVE NE,121081587,24896738,PC4
P120134469,BIPD,8/18/2012 0:00,2041,907,CARVER ST,118435000,20790500,MEDIA
P120134548,BIPD,8/18/2012 0:00,2325,13670,MANZANITA RD NE,121500106,25542128,MALIC3
P120133141,BIPD,8/16/2012 0:00,1800,,BATTLE POINT DR NE / MILLER RD NE,121350327,24126968,T
P120133156,BIPD,8/16/2012 0:00,1824,625,WINSLOW WAY E,122607400,23236100,WC911
P120121875,BIPD,7/28/2012 0:00,2130,,CREOSOTE PL NE / NE EAGLE HARBOR DR,122939041,22834319,LOUDP3
P120124512,BIPD,8/2/2012 0:00,1533,640,ALDER AVE NE,122999600,23419150,HARAS4
P120122262,BIPD,7/29/2012 0:00,1706,,FAIRMONT LN NE / NE KOURA RD,122094063,24717498,T
P120122288,BIPD,7/29/2012 0:00,1734,,"XY(122315861,23878262)",122315861,23878262,CELL
P120122321,BIPD,7/29/2012 0:00,1826,5834,WARD AVE NE,122596400,22917100,BOATT3
P120122496,BIPD,7/30/2012 0:00,0017,1448,NE ROGALAND CT,119831500,27255750,BLSP
P120084451,BIPD,5/29/2012 0:00,1247,11299,ARROW POINT DR NE,121068800,24696200,MALIC4
P120085098,BIPD,5/30/2012 0:00,1407,9330,NE HIGH SCHOOL RD,122363800,23666100,FU
P120085088,BIPD,5/30/2012 0:00,1357,11124,NE COUNTRY CLUB RD,122859850,22017850,OPEN3
P120089069,BIPD,6/5/2012 0:00,1914,,MADISON AVE N / STATE HWY 305 NE,122472543,23963078,RECKL3
P120085161,BIPD,5/30/2012 0:00,1534,,NE NEW BROOKLYN RD / SPORTSMAN CLUB RD NE,122235375,23919324,NARCO4
P120085464,BIPD,5/31/2012 0:00,0231,253,HIGH SCHOOL RD NE,122470100,23646300,ASSIS4
P120114224,BIPD,7/15/2012 0:00,1944,,NE HIDDEN COVE RD / STATE HWY 305 NE,121741136,25661125,TRAFF3
P120114470,BIPD,7/16/2012 0:00,1037,625,WINSLOW WAY E,122607400,23236100,TRANS
P120118402,BIPD,7/22/2012 0:00,1826,,NE HIGH SCHOOL RD / HORIZON VIEW PL NW,122310438,23631740,CELL
P120114802,BIPD,7/16/2012 0:00,1913,907,CARVER ST,118435000,20790500,MEDIA
P120115063,BIPD,7/17/2012 0:00,0920,,MILLER RD NE / PETERSON HILL RD NE,121669667,24878567,TRAFF3
P120118993,BIPD,7/23/2012 0:00,1920,1270,MADISON AVE N,122444300,23625500,ASSIS3
P120131805,BIPD,8/14/2012 0:00,1555,978,AARON AVE,122882900,23534250,THEFT4
P120132200,BIPD,8/15/2012 0:00,0923,10255,NE VALLEY RD,122674600,24698700,TRANS
P120132555,BIPD,8/15/2012 0:00,1919,5563,NE FLETCHER LNDG,121095200,23904950,DV2
P120132809,BIPD,8/16/2012 0:00,0803,,CAVE AVE NE / WINSLOW WAY E,122622306,23244727,T
P120132928,BIPD,8/16/2012 0:00,1206,380,WINSLOW WAY E,122507500,23253200,ANIMA3
P120133022,BIPD,8/16/2012 0:00,1433,546,WOOD AVE SW,122367400,23120000,WC911
P120133162,BIPD,8/16/2012 0:00,1834,907,CARVER ST,118435000,20790500,MEDIA
P120134971,BIPD,8/19/2012 0:00,2037,141,PARFITT WAY SW,122410800,23143000,DV2
P120135009,BIPD,8/19/2012 0:00,2214,141,PARFITT WAY SW,122410800,23143000,TRANS
P120135145,BIPD,8/20/2012 0:00,0842,8750,NE SPARGUR LOOP RD,122208000,25876600,TRESP4
P120135297,BIPD,8/20/2012 0:00,1250,1074,HIGH SCHOOL RD NE,122766450,23635350,ALRA
P120135522,BIPD,8/20/2012 0:00,1904,7019,NE BAKER HILL RD,121527100,22601350,FU
P120085562,BIPD,5/31/2012 0:00,1002,,HIGH SCHOOL RD NE / POLLYS LN NE,122632397,23643334,PARKI4
P120085601,BIPD,5/31/2012 0:00,1123,9330,NE HIGH SCHOOL RD,122363800,23666100,NARCO3
P120086070,BIPD,6/1/2012 0:00,0153,,REITAN RD NE / STATE HWY 305 NE,121437974,26434991,T
P120086380,BIPD,6/1/2012 0:00,1444,610,VINEYARD LN,122586949,23438310,SUSPI4
P120086397,BIPD,6/1/2012 0:00,1457,,NE DAY RD E / STATE HWY 305 NE,122023402,25247379,TRAFF3
P120115257,BIPD,7/17/2012 0:00,1416,,SPORTSMAN CLUB RD NE / STATE HWY 305 NE,122395136,24298387,TRAFF3
P120115487,BIPD,7/17/2012 0:00,2131,3070,NE LINCOLN RD,120326879,27919647,ASSIS3
P120115537,BIPD,7/18/2012 0:00,0008,11299,ARROW POINT DR NE,121068800,24696200,T
P120115605,BIPD,7/18/2012 0:00,0509,1560,MADISON AVE N,122513050,23720400,WC911
P120115640,BIPD,7/18/2012 0:00,0827,,JACOLET LN NW / MADISON AVE N,122431468,23410403,T
P120115757,BIPD,7/18/2012 0:00,1237,280,WYATT WAY NE,122485900,23391500,FU
P120122675,BIPD,7/30/2012 0:00,1023,11391,NE WING POINT WAY,123028900,23353050,ALRP
P120122794,BIPD,7/30/2012 0:00,1442,13229,MILLSTONE PL NE,121975900,25432900,FRAUD4
P120122894,BIPD,7/30/2012 0:00,1805,907,CARVER ST,118435000,20790500,MEDIA
P120125520,BIPD,8/4/2012 0:00,0941,345,FIR ACRES DR NW,122390150,23459250,MVC4
P120123007,BIPD,7/30/2012 0:00,2249,271,WYATT WAY NE,122484450,23372900,SUSPI3
P120123001,BIPD,7/30/2012 0:00,2240,499,OLYMPIC DR SE,122674000,23182900,ASSIS4
P120087670,BIPD,6/3/2012 0:00,1236,,HIGH SCHOOL RD NE / STATE HWY 305 NE,122571082,23644469,TRAFF3
P120087716,BIPD,6/3/2012 0:00,1419,,NE DAY RD E / STATE HWY 305 NE,122023402,25247379,PC4
P120090237,BIPD,6/7/2012 0:00,1830,123,BJUNE DR SE,122436600,23219300,FU
P120090282,BIPD,6/7/2012 0:00,1939,7733,HANSEN RD NE,121154546,23610870,ALRA
P120087767,BIPD,6/3/2012 0:00,1549,13250,PHELPS RD NE,122122200,25384800,SUSPI3
P120087780,BIPD,6/3/2012 0:00,1605,,NE DAY RD E / STATE HWY 305 NE,122023402,25247379,PC4
P120135560,BIPD,8/20/2012 0:00,2031,,WEAVER RD NW / WYATT WAY NW,122167956,23391345,T
P120135623,BIPD,8/20/2012 0:00,2325,5489,LYNWOOD CENTER RD NE,121746950,22852250,ANIMA3
P120135971,BIPD,8/21/2012 0:00,1505,625,WINSLOW WAY E,122607400,23236100,FI
P120136006,BIPD,8/21/2012 0:00,1601,,"XY(122552272,23583747)",122552272,23583747,CELL
P120136248,BIPD,8/22/2012 0:00,0039,,MILLER RD NE / NE NEW BROOKLYN RD,121365750,23936543,T
P120136321,BIPD,8/22/2012 0:00,0741,,BATTLE POINT DR NE / MILLER RD NE,121350327,24126968,T
P120133028,BIPD,8/16/2012 0:00,1442,9551,NE SOUTH BEACH DR,122345700,21447650,ALRA
P120132915,BIPD,8/16/2012 0:00,1149,625,WINSLOW WAY E,122607400,23236100,TRANS
P120133154,BIPD,8/16/2012 0:00,1814,,MILLER RD NE / NE TOLO RD,121433990,24330529,T
P120130270,BIPD,8/11/2012 0:00,2205,,"XY(122126225,24921187)",122126225,24921187,CELL
P120130295,BIPD,8/11/2012 0:00,2236,625,WINSLOW WAY E,122607400,23236100,ANIMA4
P120133868,BIPD,8/17/2012 0:00,2031,7525,NE WEST PORT MADISON RD,121800750,25955400,FIREW4
P120115861,BIPD,7/18/2012 0:00,1519,625,WINSLOW WAY E,122607400,23236100,FU
P120116136,BIPD,7/18/2012 0:00,2317,,FERNCLIFF AVE NE / WINSLOW WAY E,122689699,23243385,UNKNO3
P120119567,BIPD,7/24/2012 0:00,2009,9779,NE SOUTH BEACH DR,122397450,21416000,FU
P120119652,BIPD,7/24/2012 0:00,2247,11077,NORTH MADISON AVE NE,122434300,24657600,ALS
P120116677,BIPD,7/19/2012 0:00,2049,3835,PLEASANT BEACH DR NE,121865000,22260700,BURGL4
P120087867,BIPD,6/3/2012 0:00,1920,907,CARVER ST,118435000,20790500,MEDIA
P120083514,BIPD,5/27/2012 0:00,1711,,NE HIGH SCHOOL RD / SANDS AVE NE,121907925,23666959,T
P120090575,BIPD,6/8/2012 0:00,0950,,HIGH SCHOOL RD NE / POLLYS LN NE,122632397,23643334,PC3
P120083535,BIPD,5/27/2012 0:00,1800,,NE BECK RD / PLEASANT BEACH DR NE,121808099,22341203,T
P120084070,BIPD,5/28/2012 0:00,1725,8872,NE WARDWELL RD,122221300,24387500,GUNVI3
P120090655,BIPD,6/8/2012 0:00,1222,12311,ARROW POINT LOOP NE,121258650,24995200,ALSP
P120134085,BIPD,8/18/2012 0:00,0435,,BJUNE DR SE / BRIEN DR SE,122482650,23202882,T
P120137188,BIPD,8/23/2012 0:00,1546,138,HARBOR SQUARE LOOP NE,122650091,23259167,CUSTO4
P120134412,BIPD,8/18/2012 0:00,1854,300,NE HIGH SCHOOL RD,122505550,23655900,FU
P120134569,BIPD,8/19/2012 0:00,0050,1108,WING POINT WAY NE,122778246,23373412,LOUDP4
P120134728,BIPD,8/19/2012 0:00,1217,,NE DAY RD E / STATE HWY 305 NE,122023402,25247379,DUI3
P120134938,BIPD,8/19/2012 0:00,1903,4420,BLUFF ST NE,121825550,22474200,WC3
P120136433,BIPD,8/22/2012 0:00,1128,380,WINSLOW WAY E,122507500,23253200,WC911
P120137080,BIPD,8/23/2012 0:00,1310,16480,EUCLID AVE NE,122388011,25952731,BURGL4
P120137111,BIPD,8/23/2012 0:00,1355,380,WINSLOW WAY E,122507500,23253200,WC911
P120137197,BIPD,8/23/2012 0:00,1559,138,HARBOR SQUARE LOOP NE,122650091,23259167,CUSTO4
P120137340,BIPD,8/23/2012 0:00,2046,,NE KOURA RD / STATE HWY 305 NE,122310217,24709702,HARAS3
P120137526,BIPD,8/24/2012 0:00,0500,,HIGH SCHOOL RD NE / STATE HWY 305 NE,122571082,23644469,TRAFF3
P120120061,BIPD,7/25/2012 0:00,1629,,NE HIDDEN COVE RD / PHELPS RD NE,122357064,25761218,T
P120116985,BIPD,7/20/2012 0:00,1145,13201,NORTH MADISON AVE NE,122431050,25385200,FRAUD4
P120117012,BIPD,7/20/2012 0:00,1234,,STATE HWY 305 NE / NE WEST PORT MADISON RD,121590699,26041540,TRAFF3
P120120561,BIPD,7/26/2012 0:00,1417,,FOREST LN NE / NE KOURA RD,121993010,24720559,T
P120120631,BIPD,7/26/2012 0:00,1540,,NE DAY RD E / STATE HWY 305 NE,122023402,25247379,DUI3
P120120765,BIPD,7/26/2012 0:00,2010,,HIGH SCHOOL RD NE / STATE HWY 305 NE,122571082,23644469,PC3
P120135021,BIPD,8/19/2012 0:00,2241,911,CHERRY AVE NE,122947850,23546350,SUSPI3
P120135258,BIPD,8/20/2012 0:00,1135,215,KNECHTEL WAY NE,122472150,23433350,FRAUD4
P120135535,BIPD,8/20/2012 0:00,1943,,BATTLE POINT DR NE / MILLER RD NE,121350327,24126968,T
P120135756,BIPD,8/21/2012 0:00,0800,614,DIVISION ST,119442800,20147600,TRANS
P120136258,BIPD,8/22/2012 0:00,0103,,FLETCHER BAY RD NE / NE FOSTER RD,121187701,23940773,T
P120136345,BIPD,8/22/2012 0:00,0851,,AGATEWOOD RD NE / STATE HWY 305 NE,121562025,26138320,MVC3
P120137604,BIPD,8/24/2012 0:00,0935,,"XY(122291492,24092968)",122291492,24092968,CELL
P120137692,BIPD,8/24/2012 0:00,1206,10700,NE VALLEY RD,122817050,24707050,SUSPI3
P120134878,BIPD,8/19/2012 0:00,1712,907,CARVER ST,118435000,20790500,MEDIA
P120137758,BIPD,8/24/2012 0:00,1359,253,HIGH SCHOOL RD NE,122470100,23646300,MVC4
P120138271,BIPD,8/25/2012 0:00,0227,625,WINSLOW WAY E,122607400,23236100,WRT3
P120125796,BIPD,8/4/2012 0:00,1849,10060,HIGH SCHOOL RD NE,122601000,23755700,ALRA
P120123014,BIPD,7/30/2012 0:00,2308,,"XY(122406144,23484425)",122406144,23484425,CELL
P120123199,BIPD,7/31/2012 0:00,1003,625,WINSLOW WAY E,122607400,23236100,FU
P120126390,BIPD,8/5/2012 0:00,2045,,NE DAY RD E / STATE HWY 305 NE,122023402,25247379,TRAFF3
P120123289,BIPD,7/31/2012 0:00,1331,945,HILDEBRAND LN NE,122515600,23567100,ANIMA3
P120123417,BIPD,7/31/2012 0:00,1720,625,WINSLOW WAY E,122607400,23236100,FOUND3
P120121143,BIPD,7/27/2012 0:00,1412,,COMMODORE LN NW / DEAD END,122291837,23820779,CELL
P120117111,BIPD,7/20/2012 0:00,1513,11520,SUNRISE DR NE,122736350,24815550,WRT4
P120121238,BIPD,7/27/2012 0:00,1648,3144,PLEASANT BEACH DR NE,122116200,22056450,TRAFF3
P120121328,BIPD,7/27/2012 0:00,2010,,"XY(121079600,24707095)",121079600,24707095,CELL
P120117180,BIPD,7/20/2012 0:00,1656,,NE DAY RD W / MILLER RD NE,121978357,25249210,T
P120121568,BIPD,7/28/2012 0:00,0839,,HIGH SCHOOL RD NE / STATE HWY 305 NE,122571082,23644469,TRAFF4
P120136408,BIPD,8/22/2012 0:00,1049,4420,BLUFF ST NE,121825550,22474200,CIVIL3
P120136519,BIPD,8/22/2012 0:00,1420,1074,HIGH SCHOOL RD NE,122766450,23635350,ALRA
P120139079,BIPD,8/26/2012 0:00,1509,,NE SASQUATCH LN / SUNRISE DR NE,122728836,25005641,ANIMA4
P120136509,BIPD,8/22/2012 0:00,1355,220,OLYMPIC DR SE,122625200,23218600,MVC4
P120133347,BIPD,8/17/2012 0:00,0050,301,HIGH SCHOOL RD NE,122491500,23645900,SUSPI3
P120133379,BIPD,8/17/2012 0:00,0219,299,SHANNON DR SE,122508700,23164500,PC3
P120138290,BIPD,8/25/2012 0:00,0318,15446,SUNRISE DR NE,122763600,26092300,NOISE4
P120138496,BIPD,8/25/2012 0:00,1456,7861,NE BUCKLIN HILL RD,121867900,23115000,T
P120138577,BIPD,8/25/2012 0:00,1750,,MILLER RD NE / NE TOLO RD,121433990,24330529,T
P120138592,BIPD,8/25/2012 0:00,1819,907,CARVER ST,118435000,20790500,MEDIA
P120138707,BIPD,8/25/2012 0:00,2150,15446,SUNRISE DR NE,122763600,26092300,LOUDP4
P120138968,BIPD,8/26/2012 0:00,1029,233,SHANNON DR SE,122464603,23185532,FU
P120117339,BIPD,7/20/2012 0:00,2211,,NE DAY RD E / STATE HWY 305 NE,122023402,25247379,DUI3
P120114173,BIPD,7/15/2012 0:00,1817,,FINCH RD NE / SPORTSMAN CLUB RD NE,122038267,23529659,MVCA
P120118274,BIPD,7/22/2012 0:00,1404,,DIVISION AVE NE / SUQUAMISH WAY NE,121595136,27069627,ASSIS3
P120121899,BIPD,7/28/2012 0:00,2217,11728,OLYMPIC TERRACE AVE NE,121472520,24893529,NOISE4
P120118790,BIPD,7/23/2012 0:00,1308,920,MADISON AVE N,122445900,23547300,FI
P120118780,BIPD,7/23/2012 0:00,1259,625,WINSLOW WAY E,122607400,23236100,MISC4
P120133580,BIPD,8/17/2012 0:00,1215,,"XY(122552272,23583747)",122552272,23583747,CELL
P120133654,BIPD,8/17/2012 0:00,1432,,NE DAY RD E / STATE HWY 305 NE,122023402,25247379,T
P120133730,BIPD,8/17/2012 0:00,1636,,NE DAY RD E / STATE HWY 305 NE,122023402,25247379,MVC3
P120137018,BIPD,8/23/2012 0:00,1055,,STATE HWY 305 NE / NE WEST PORT MADISON RD,121590699,26041540,T
P120137299,BIPD,8/23/2012 0:00,1930,,NE DAY RD W / MILLER RD NE,121978357,25249210,T
P120139087,BIPD,8/26/2012 0:00,1516,,HIGH SCHOOL RD NE / STATE HWY 305 NE,122571082,23644469,TRAFF3
P120139096,BIPD,8/26/2012 0:00,1536,10340,NORTH MADISON AVE NE,122452400,24418800,TRAFF3
P120139135,BIPD,8/26/2012 0:00,1655,561,WINSLOW WAY W,122284359,23249523,NAVIG4
P120136702,BIPD,8/22/2012 0:00,1952,711,EAGLECLIFF RD,122649400,23523250,WC911
P120136833,BIPD,8/23/2012 0:00,0031,617,HIGH SCHOOL RD NE,122587100,23608550,ALRB
P120136973,BIPD,8/23/2012 0:00,0940,,SPORTSMAN CLUB RD NE / STATE HWY 305 NE,122395136,24298387,MVC3
P120123989,BIPD,8/1/2012 0:00,1644,,AGATE PASS BRG / STATE HWY 305 NE,121418990,26448541,FOUND4
P120123990,BIPD,8/1/2012 0:00,1648,16364,REITAN RD NE,121479350,26479150,FU
P120124007,BIPD,8/1/2012 0:00,1704,16223,REITAN RD NE,121438408,26343755,FU
P120121596,BIPD,7/28/2012 0:00,1012,,NE KOURA RD / MILLER RD NE,121576406,24728795,T
P120121678,BIPD,7/28/2012 0:00,1430,8445,NE NEW BROOKLYN RD,122030900,23881950,FOUND4
P120121704,BIPD,7/28/2012 0:00,1527,13500,MANZANITA RD NE,121487142,25450724,FI
P120137898,BIPD,8/24/2012 0:00,1833,907,CARVER ST,118435000,20790500,MEDIA
P120137924,BIPD,8/24/2012 0:00,1853,15510,BROOM ST NE,122259500,26117400,WC911
P120138036,BIPD,8/24/2012 0:00,2031,7823,WESTERLY LN NE,121874014,23630758,ASSIS4
P120138508,BIPD,8/25/2012 0:00,1513,6807,NE DAY RD W,121548150,25203600,BURGL3
P120138524,BIPD,8/25/2012 0:00,1558,,FLETCHER BAY RD NE / NE HIGH SCHOOL RD,121498530,23670902,TRAFF3
P120138546,BIPD,8/25/2012 0:00,1639,,FLETCHER BAY RD NE / NE HIGH SCHOOL RD,121498530,23670902,T
P120137087,BIPD,8/23/2012 0:00,1320,,FLETCHER BAY RD NE / NE HIGH SCHOOL RD,121498530,23670902,CIVIL4
P120139175,BIPD,8/26/2012 0:00,1838,,WYATT WAY NW / WYATT WAY NW,122117093,23311282,CELL
P120139260,BIPD,8/26/2012 0:00,2112,780,VILLAGE CIR NW,122215050,23459100,SUSPI3
P120139363,BIPD,8/27/2012 0:00,0206,245,HIGH SCHOOL RD NW,122243500,23654700,WC3
P120139529,BIPD,8/27/2012 0:00,1119,13003,TRAIL HEIGHTS CT NE,122168350,25600400,ALRA
P120139611,BIPD,8/27/2012 0:00,1334,,"XY(121079600,24707095)",121079600,24707095,CELL
P120122190,BIPD,7/29/2012 0:00,1427,,STATE HWY 305 NE / WINSLOW WAY E,122597069,23245490,MISC5
P120122269,BIPD,7/29/2012 0:00,1716,,FAIRMONT LN NE / NE KOURA RD,122094063,24717498,T
P120122302,BIPD,7/29/2012 0:00,1755,,STATE HWY 305 NE / WINSLOW WAY E,122597069,23245490,ASSIS3
P120119019,BIPD,7/23/2012 0:00,1947,625,WINSLOW WAY E,122607400,23236100,MEDIA
P120122618,BIPD,7/30/2012 0:00,0833,,EAKIN DR NW / WYATT WAY NW,122125132,23392830,T
P120122667,BIPD,7/30/2012 0:00,0954,7789,NE NORTH ST,121921300,26591800,FU
P120124365,BIPD,8/2/2012 0:00,1212,550,MADISON AVE N,122431200,23400600,FU
P120127718,BIPD,8/7/2012 0:00,2219,4909,TAYLOR AVE NE,122610906,22641042,TRAFF3
P120124591,BIPD,8/2/2012 0:00,1821,4230,NE LINCOLN RD,120811400,28163900,FOUND4
P120128239,BIPD,8/8/2012 0:00,1748,,NE DAY RD E / STATE HWY 305 NE,122023402,25247379,RECKL3
P120124939,BIPD,8/3/2012 0:00,1108,,NE DAY RD E / NE YETI LN,122025071,25272959,CELL
P120125171,BIPD,8/3/2012 0:00,1720,14616,SUNRISE DR NE,122890150,25830350,ALRA
P120084175,BIPD,5/28/2012 0:00,2131,253,HIGH SCHOOL RD NE,122470100,23646300,ASSIS3
P120088899,BIPD,6/5/2012 0:00,1404,11612,SUNRISE DR NE,122724959,24815910,CIVIL4
P120088747,BIPD,6/5/2012 0:00,0954,8954,MADISON AVE N,122502650,23960350,WRT3
P120089010,BIPD,6/5/2012 0:00,1718,11127,NE SOUTH BEACH DR,122885300,21498050,DV2
P120089091,BIPD,6/5/2012 0:00,2010,907,CARVER ST,118435000,20790500,MEDIA
P120137682,BIPD,8/24/2012 0:00,1147,9752,MILLER RD NE,121405800,24250400,MVCA
P120140131,BIPD,8/28/2012 0:00,1011,4476,ROCKAWAY BEACH RD NE,122944850,22467900,FI
P120140139,BIPD,8/28/2012 0:00,1028,11580,NORTH MADISON AVE NE,122460479,24829013,SUICI3
P120140064,BIPD,8/28/2012 0:00,0747,625,WINSLOW WAY E,122607400,23236100,TRANS
P120140186,BIPD,8/28/2012 0:00,1142,,"XY(121185009,24456970)",121185009,24456970,CELL
P120140470,BIPD,8/28/2012 0:00,2016,907,CARVER ST,118435000,20790500,MEDIA
P120122772,BIPD,7/30/2012 0:00,1353,625,WINSLOW WAY E,122607400,23236100,HARAS4
P120119085,BIPD,7/23/2012 0:00,2235,625,WINSLOW WAY E,122607400,23236100,MEDIA
P120123134,BIPD,7/31/2012 0:00,0805,11299,ARROW POINT DR NE,121068800,24696200,ANIMA3
P120119184,BIPD,7/24/2012 0:00,0548,,FINCH RD NE / NE HIGH SCHOOL RD,122040602,23661844,FI
P120119266,BIPD,7/24/2012 0:00,1009,8521,MADISON AVE N,122388100,23738800,THREA4
P120119302,BIPD,7/24/2012 0:00,1121,253,HIGH SCHOOL RD NE,122470100,23646300,ASSAU4
P120140538,BIPD,8/28/2012 0:00,2245,,GROW AVE NW / SHEPARD WAY NW,122331356,23319978,T
P120140723,BIPD,8/29/2012 0:00,0927,,"XY(122113616,23561285)",122113616,23561285,CELL
P120140724,BIPD,8/29/2012 0:00,0928,,FINCH RD NE / SPORTSMAN CLUB RD NE,122065485,23658671,CELL
P120140752,BIPD,8/29/2012 0:00,1032,9805,NE MURDEN COVE DR,122550350,24367500,FU
P120140899,BIPD,8/29/2012 0:00,1439,,NE BUCKLIN HILL RD / RIDGE LN NE,121831364,23137142,ASSIS3
P120141030,BIPD,8/29/2012 0:00,1829,,BLAKELY AVE NE / NE COUNTRY CLUB RD,122421503,22250629,MVCG
P120089411,BIPD,6/6/2012 0:00,1203,,"XY(122706692,23141823)",122706692,23141823,CELL
P120089492,BIPD,6/6/2012 0:00,1434,9330,NE HIGH SCHOOL RD,122363800,23666100,FI
P120089523,BIPD,6/6/2012 0:00,1545,541,HOMESTEAD LN,122473100,23418200,SEXOF4
P120089630,BIPD,6/6/2012 0:00,1905,225,NE HIGH SCHOOL RD,122373600,23636900,SUSPI3
P120089654,BIPD,6/6/2012 0:00,1951,11150,FAIRMONT LN NE,122110600,24669900,FRAUD4
P120092243,BIPD,6/11/2012 0:00,0802,11551,SUNRISE DR NE,122724486,24795154,FRAUD4
P120119347,BIPD,7/24/2012 0:00,1243,625,WINSLOW WAY E,122607400,23236100,FI
P120123459,BIPD,7/31/2012 0:00,1849,,LOVELL AVE SW / WINSLOW WAY W,122298739,23254567,PC3
P120123476,BIPD,7/31/2012 0:00,1925,,"XY(121861362,25447713)",121861362,25447713,CELL
P120119503,BIPD,7/24/2012 0:00,1744,7793,NE NORTH ST,121921413,26617531,PARKI3
P120119397,BIPD,7/24/2012 0:00,1420,9779,NE SOUTH BEACH DR,122397450,21416000,WATERR
P120119592,BIPD,7/24/2012 0:00,2040,15347,SUQUAMISH WAY NE,121270800,26509200,ASSIS3
P120141292,BIPD,8/30/2012 0:00,0859,907,CARVER ST,118435000,20790500,MEDIA
P120141628,BIPD,8/30/2012 0:00,1922,5789,NE FOSTER RD,121186677,23880988,TREEH
P120141702,BIPD,8/30/2012 0:00,2205,465,ROBINWOOD DR NE,122735882,23344528,MISC3
P120142048,BIPD,8/31/2012 0:00,1314,9009,MILLER RD NE,121314650,24055000,MALIC4
P120142179,BIPD,8/31/2012 0:00,1627,625,WINSLOW WAY E,122607400,23236100,WC911
P120089713,BIPD,6/6/2012 0:00,2151,1126,MADISON AVE N,122435188,23586835,ASSIS4
P120089807,BIPD,6/7/2012 0:00,0051,11299,ARROW POINT DR NE,121068800,24696200,FI
P120092868,BIPD,6/12/2012 0:00,0836,,FLETCHER BAY RD NE / NE HIGH SCHOOL RD,121498530,23670902,T
P120090085,BIPD,6/7/2012 0:00,1412,19735,10TH AVE NE,119639900,27606600,ASSIS3
P120090152,BIPD,6/7/2012 0:00,1559,1297,MADISON AVE N,122437900,23645700,MVC4
P120090294,BIPD,6/7/2012 0:00,2010,9463,NE BUSINESS PARK LN,122383800,24078150,CIVIL4
P120125209,BIPD,8/3/2012 0:00,1825,235,CAMELIA LOOP NE,122451700,23598100,FU
P120125357,BIPD,8/3/2012 0:00,2322,499,OLYMPIC DR SE,122674000,23182900,FI
P120125365,BIPD,8/3/2012 0:00,2330,,NE EAGLE HARBOR DR / WYATT WAY NW,121975030,23400247,T
P120129213,BIPD,8/10/2012 0:00,0833,,NE BAY HILL RD / MILLER RD NE,121653804,24856831,T
P120125442,BIPD,8/4/2012 0:00,0316,17135,KINNEAR RD NE,121833800,26677700,ALSP
P120129642,BIPD,8/10/2012 0:00,2030,253,HIGH SCHOOL RD NE,122470100,23646300,FI
P120124301,BIPD,8/2/2012 0:00,0959,10815,OLALLIE LN NE,120817755,24641720,WC911
P120124315,BIPD,8/2/2012 0:00,1027,,NE BUCKLIN HILL RD / NE EAGLE HARBOR DR,121966131,23304962,WIRESU
P120119702,BIPD,7/25/2012 0:00,0210,10553,NE SUNRISE BLUFF LN,122874250,25704450,ALRA
P120120217,BIPD,7/25/2012 0:00,2150,625,WINSLOW WAY E,122607400,23236100,FU
P120120511,BIPD,7/26/2012 0:00,1258,9884,MANITOU BEACH DR NE,122578951,24324731,ALRA
P120121200,BIPD,7/27/2012 0:00,1542,,NE LOVGREEN RD E / STATE HWY 305 NE,122193914,24976129,RECKL3
P120142221,BIPD,8/31/2012 0:00,1733,7941,SE SOUTHWORTH DR,121696000,19605300,ASSIS3
P120142267,BIPD,8/31/2012 0:00,1850,,NE DAY RD E / NE YETI LN,122031353,25269536,CELL
P120142299,BIPD,8/31/2012 0:00,2034,840,MADISON AVE N,122440950,23491050,SUSPI3
P120142337,BIPD,8/31/2012 0:00,2140,,"XY(122703403,23165245)",122703403,23165245,UNKNO3
P120139660,BIPD,8/27/2012 0:00,1431,,"XY(122372449,22793401)",122372449,22793401,CELL
P120139849,BIPD,8/27/2012 0:00,1950,907,CARVER ST,118435000,20790500,MEDIA
P120090422,BIPD,6/8/2012 0:00,0107,9330,NE HIGH SCHOOL RD,122363800,23666100,FI
P120090489,BIPD,6/8/2012 0:00,0703,625,WINSLOW WAY E,122607400,23236100,FU
P120093681,BIPD,6/13/2012 0:00,1413,,MADISON AVE N / WALLACE WAY NE,122433596,23514669,RECKL3
P120093786,BIPD,6/13/2012 0:00,1700,225,NE HIGH SCHOOL RD,122373600,23636900,FU
P120090547,BIPD,6/8/2012 0:00,0904,,SPORTSMAN CLUB RD NE / STATE HWY 305 NE,122395136,24298387,TRAFF3
P120094069,BIPD,6/14/2012 0:00,0731,1278,FERNCLIFF AVE NE,122700100,23633300,FU
P120141648,BIPD,8/30/2012 0:00,2004,842,LOVELL AVE NW,122302200,23499510,SUSPI4
P120138878,BIPD,8/26/2012 0:00,0304,,NE SEABOLD RD / STATE HWY 305 NE,121590699,26041540,T
P120139025,BIPD,8/26/2012 0:00,1248,5834,WARD AVE NE,122596400,22917100,INFOP3
P120139043,BIPD,8/26/2012 0:00,1342,710,JOHN NELSON LN NE,122594500,23462400,ALRA
P120139115,BIPD,8/26/2012 0:00,1619,15900,STATE HWY 305 NE,121341200,26500900,T
P120125373,BIPD,8/3/2012 0:00,2348,,NE HIGH SCHOOL RD / SPORTSMAN CLUB RD NE,122100813,23659652,T
P120125389,BIPD,8/4/2012 0:00,0031,,NE EAGLE HARBOR DR / WYATT WAY NW,121975030,23400247,T
P120121545,BIPD,7/28/2012 0:00,0747,625,WINSLOW WAY E,122607400,23236100,UNKNO3
P120121632,BIPD,7/28/2012 0:00,1146,,STATE HWY 305 NE / WINSLOW WAY E,122597069,23245490,MISC4
P120125739,BIPD,8/4/2012 0:00,1716,,NE DAY RD E / NORTH MADISON AVE NE,122468811,25230896,RECKL3
P120117798,BIPD,7/21/2012 0:00,1807,907,CARVER ST,118435000,20790500,MEDIA
P120094081,BIPD,6/14/2012 0:00,0812,11727,KIRK AVE NE,121081587,24896738,POV4
P120087908,BIPD,6/3/2012 0:00,2033,,MADISON AVE N / WYATT WAY NE,122430637,23382031,T
P120094448,BIPD,6/14/2012 0:00,1928,,FIR ACRES DR NW / GROW AVE NW,122334019,23475175,T
P120094527,BIPD,6/14/2012 0:00,2147,,NE ABIES DR / NE KOURA RD,121667045,24727098,T
P120087931,BIPD,6/3/2012 0:00,2137,4442,ROCKAWAY BEACH RD NE,122945000,22438000,DV3
P120088013,BIPD,6/4/2012 0:00,0126,829,HIGH SCHOOL RD NE,122672300,23642200,ASSIS3
P120117899,BIPD,7/21/2012 0:00,2107,,"XY(122346817,22566660)",122346817,22566660,CELL
P120117898,BIPD,7/21/2012 0:00,2103,10086,EDGECOMBE PL NE,122505600,24278750,BURGL3
P120118132,BIPD,7/22/2012 0:00,0743,299,SHANNON DR SE,122508700,23164500,PC3
P120118217,BIPD,7/22/2012 0:00,1217,,GROW AVE NW / WYATT WAY NW,122332251,23385462,PC3
P120122051,BIPD,7/29/2012 0:00,0547,,NE HIDDEN COVE RD / STATE HWY 305 NE,121741136,25661125,T
P120126036,BIPD,8/5/2012 0:00,0251,937,HILDEBRAND LN NE,122527850,23572950,OPEN3
P120139119,BIPD,8/26/2012 0:00,1630,253,HIGH SCHOOL RD NE,122470100,23646300,BRUSH
P120136579,BIPD,8/22/2012 0:00,1612,,NE DAY RD E / STATE HWY 305 NE,122023402,25247379,T
P120136638,BIPD,8/22/2012 0:00,1809,625,WINSLOW WAY E,122607400,23236100,FU
P120142188,BIPD,8/31/2012 0:00,1642,253,HIGH SCHOOL RD NE,122470100,23646300,THEFT4
P120142220,BIPD,8/31/2012 0:00,1732,,NE HIGH SCHOOL RD / HORIZON VIEW PL NW,122310438,23631740,CELL
P120142260,BIPD,8/31/2012 0:00,1843,,NE HIGH SCHOOL RD / HORIZON VIEW PL NW,122310438,23631740,CELL
P120095195,BIPD,6/15/2012 0:00,2011,,NE COUNTRY CLUB RD / FORT WARD HILL RD NE,122444940,22146864,T
P120095292,BIPD,6/15/2012 0:00,2242,,ERICKSEN AVE NE / WYATT WAY NE,122529004,23379604,T
P120090592,BIPD,6/8/2012 0:00,1007,625,WINSLOW WAY E,122607400,23236100,FU
P120095651,BIPD,6/16/2012 0:00,1431,240,CAMELIA LOOP NE,122464500,23595700,FU
P120095753,BIPD,6/16/2012 0:00,1754,,SPORTSMAN CLUB RD NE / STATE HWY 305 NE,122395136,24298387,T
P120096209,BIPD,6/17/2012 0:00,1242,,GILMORE WAY NE / WINSLOW WAY E,122615981,23254352,CELL
P120139998,BIPD,8/28/2012 0:00,0203,18960,STATE HWY 305 NE,119656200,27328300,ASSIS3
P120142615,BIPD,9/1/2012 0:00,1128,,CAMELIA LOOP NE / IHLAND WAY NE,122454156,23578928,FU
P120142926,BIPD,9/1/2012 0:00,2303,,SPORTSMAN CLUB RD NE / STATE HWY 305 NE,122395136,24298387,T
P120142961,BIPD,9/2/2012 0:00,0018,,NE DAY RD E / STATE HWY 305 NE,122023402,25247379,TRAFF3
P120143072,BIPD,9/2/2012 0:00,0825,3588,POINT WHITE DR NE,121436200,22232950,ASSIS4
P120126260,BIPD,8/5/2012 0:00,1532,,SPORTSMAN CLUB RD NE / NE WARDWELL RD,122379781,24286006,T
P120122115,BIPD,7/29/2012 0:00,1100,,HIGH SCHOOL RD NE / STATE HWY 305 NE,122571082,23644469,TRAFF3
P120122443,BIPD,7/29/2012 0:00,2217,17450,FINLEY RD NE,120877150,26821350,ASSIS3
P120122778,BIPD,7/30/2012 0:00,1409,15843,AGATE PASS BRG,121391000,26467600,MEDIA
P120123267,BIPD,7/31/2012 0:00,1239,1187,WYATT WAY NW,122069100,23385600,FU
P120126436,BIPD,8/5/2012 0:00,2159,,NE HIDDEN COVE RD / STATE HWY 305 NE,121741136,25661125,ASSIS3
P120143194,BIPD,9/2/2012 0:00,1338,,"XY(125104206,24269551)",125104206,24269551,CELL
P120143285,BIPD,9/2/2012 0:00,1655,,WINSLOW WAY E / WINSLOW WAY E,122485875,23257927,CELL
P120143358,BIPD,9/2/2012 0:00,1904,,NE DAY RD E / STATE HWY 305 NE,122023402,25247379,RECKL3
P120143366,BIPD,9/2/2012 0:00,1919,12364,MILLER RD NE,121816274,25112463,SUSPI4
P120143381,BIPD,9/2/2012 0:00,1940,8641,SANDS AVE NE,121875700,23848100,FI
P120143510,BIPD,9/3/2012 0:00,0024,253,HIGH SCHOOL RD NE,122470100,23646300,THEFT4
P120142262,BIPD,8/31/2012 0:00,1844,,NE HIGH SCHOOL RD / HORIZON VIEW PL NW,122310438,23631740,CELL
P120142282,BIPD,8/31/2012 0:00,1929,16881,AGATE PASS RD NE,121655200,26698850,SUSPI3
P120136654,BIPD,8/22/2012 0:00,1830,711,EAGLECLIFF RD,122649400,23523250,FOUND4
P120139251,BIPD,8/26/2012 0:00,2050,,NE DAY RD E / STATE HWY 305 NE,122023402,25247379,DUI3
P120139267,BIPD,8/26/2012 0:00,2133,,BJUNE DR SE / SHANNON DR SE,122470988,23209576,T
P120142963,BIPD,9/2/2012 0:00,0019,,SPORTSMAN CLUB RD NE / STATE HWY 305 NE,122395136,24298387,T
P120096213,BIPD,6/17/2012 0:00,1249,284,WOOD AVE SW,122353550,23191750,DV2
P120096244,BIPD,6/17/2012 0:00,1343,284,WOOD AVE SW,122353550,23191750,TRANS
P120096409,BIPD,6/17/2012 0:00,1859,,REITAN RD NE / STATE HWY 305 NE,121501742,26370270,T
P120090616,BIPD,6/8/2012 0:00,1055,,CAVE AVE NE / WINSLOW WAY E,122622306,23244727,T
P120088830,BIPD,6/5/2012 0:00,1224,253,HIGH SCHOOL RD NE,122470100,23646300,MVC4
P120096848,BIPD,6/18/2012 0:00,1241,,HARBOR SQUARE LOOP NE / WINSLOW WAY E,122642550,23244214,MVC4
P120143672,BIPD,9/3/2012 0:00,1112,,STATE HWY 305 NE / WINSLOW WAY E,122597069,23245490,PC3
P120143802,BIPD,9/3/2012 0:00,1510,,FLETCHER BAY RD NE / NE NEW BROOKLYN RD,121365750,23936543,DUI3
P120143885,BIPD,9/3/2012 0:00,1729,,NE DAY RD W / MILLER RD NE,121978357,25249210,T
P120143892,BIPD,9/3/2012 0:00,1742,,NE DAY RD W / MILLER RD NE,121978357,25249210,T
P120143937,BIPD,9/3/2012 0:00,1924,,NE LOVGREEN RD E / STATE HWY 305 NE,122193914,24976129,DUI3
P120144150,BIPD,9/4/2012 0:00,0735,9632,NE DAY RD E,122508950,25244250,T
P120126440,BIPD,8/5/2012 0:00,2202,,NE DAY RD E / STATE HWY 305 NE,122023402,25247379,T
P120123356,BIPD,7/31/2012 0:00,1526,6240,NE TOLO RD,121322873,24335262,T
P120123373,BIPD,7/31/2012 0:00,1557,10093,EDGECOMBE PL NE,122483200,24287250,WC911
P120123443,BIPD,7/31/2012 0:00,1807,907,CARVER ST,118435000,20790500,MEDIA
P120123715,BIPD,8/1/2012 0:00,0900,,NE BERGMAN RD / MANZANITA RD NE,121541292,25127005,T
P120144175,BIPD,9/4/2012 0:00,0837,8895,MADISON AVE N,122433700,23949200,FI
P120144198,BIPD,9/4/2012 0:00,0924,,FLETCHER BAY RD NE / NE HIGH SCHOOL RD,121498530,23670902,TRAFF3
P120144254,BIPD,9/4/2012 0:00,1049,9551,NE NEW BROOKLYN RD,122429500,23912200,THEFT4
P120144302,BIPD,9/4/2012 0:00,1157,,MADISON AVE N / WINSLOW WAY E,122427660,23249390,SUSPI4
P120144256,BIPD,9/4/2012 0:00,1052,8263,NE CARMELLA LN,121977900,23520850,SUSPI4
P120144455,BIPD,9/4/2012 0:00,1541,,HIGH SCHOOL RD NE / STATE HWY 305 NE,122571082,23644469,DUI3
P120091446,BIPD,6/9/2012 0:00,1803,907,CARVER ST,118435000,20790500,MEDIA
P120091665,BIPD,6/10/2012 0:00,0024,,NE DAY RD W / MILLER RD NE,121978357,25249210,T
P120091710,BIPD,6/10/2012 0:00,0229,,CAPSTAN DR NE / HIGH SCHOOL RD NW,122210812,23655945,ASSAU2
P120097006,BIPD,6/18/2012 0:00,1749,241,WINSLOW WAY W,122377000,23251900,FU
P120091862,BIPD,6/10/2012 0:00,1225,,"XY(122706692,23141823)",122706692,23141823,CELL
P120097262,BIPD,6/19/2012 0:00,0856,,KNECHTEL WAY NE / MADISON AVE N,122432246,23447716,T
P120126970,BIPD,8/6/2012 0:00,1814,907,CARVER ST,118435000,20790500,MEDIA
P120124089,BIPD,8/1/2012 0:00,2012,16221,REITAN RD NE,121432800,26338250,FU
P120124680,BIPD,8/2/2012 0:00,2105,465,WINSLOW WAY E,122543850,23233600,NOISE4
P120124716,BIPD,8/2/2012 0:00,2216,4579,LYNWOOD CENTER RD NE,121761428,22562808,MISC3
P120127237,BIPD,8/7/2012 0:00,0754,670,TIFFANY MEADOWS DR NE,122745950,23401850,NOISE4
P120125068,BIPD,8/3/2012 0:00,1453,,NE COUNTRY CLUB RD / FORT WARD HILL RD NE,122444940,22146864,T
P120125571,BIPD,8/4/2012 0:00,1139,6318,NE HIDDEN COVE RD,121395950,25686900,WC3
P120125734,BIPD,8/4/2012 0:00,1710,8954,MADISON AVE N,122502650,23960350,ASSIS3
P120126157,BIPD,8/5/2012 0:00,1103,6595,NE DAPPLE CT,121375450,22436100,FU
P120126354,BIPD,8/5/2012 0:00,1911,907,CARVER ST,118435000,20790500,MEDIA
P120126444,BIPD,8/5/2012 0:00,2205,6601,NE BAKER HILL RD,121387500,22597250,T
P120126665,BIPD,8/6/2012 0:00,0956,7433,NE ABIES DR,121742100,24776600,WC911
P120136954,BIPD,8/23/2012 0:00,0920,,NE HIGH SCHOOL RD / MADISON AVE N,122433634,23644002,T
P120137019,BIPD,8/23/2012 0:00,1101,,VINEYARD LN / WINSLOW WAY E,122581183,23332461,CELL
P120143508,BIPD,9/3/2012 0:00,0015,,BATTLE POINT DR NE / SKINNER RD NE,121002880,24605129,MVC3
P120139958,BIPD,8/27/2012 0:00,2331,550,MADISON AVE N,122431200,23400600,WRT3
P120143727,BIPD,9/3/2012 0:00,1304,2600,FORT WARD HILL RD NE,122359243,21867106,ALSP
P120143690,BIPD,9/3/2012 0:00,1145,499,OLYMPIC DR SE,122674000,23182900,THEFT2
P120142360,BIPD,8/31/2012 0:00,2230,,NE BLUEFIN CT / CAPSTAN DR NE,122210847,23674588,T
P120145574,BIPD,9/6/2012 0:00,1200,9463,NE BUSINESS PARK LN,122383800,24078150,FU
P120145983,BIPD,9/7/2012 0:00,0114,,NE DAY RD E / STATE HWY 305 NE,122023402,25247379,T
P120146240,BIPD,9/7/2012 0:00,1251,,MILLER RD NE / NE NEW BROOKLYN RD,121365750,23936543,DUI3
P120146440,BIPD,9/7/2012 0:00,1816,11727,KIRK AVE NE,121081587,24896738,POV4
P120125177,BIPD,8/3/2012 0:00,1728,6705,NE DAPPLE CT,121438000,22443150,FU
P120125684,BIPD,8/4/2012 0:00,1536,,DEAD END / NE WING POINT DR,123052959,23171161,CELL
P120125700,BIPD,8/4/2012 0:00,1605,13872,NORTH MADISON AVE NE,122451236,25588208,RECKL4
P120125760,BIPD,8/4/2012 0:00,1747,13350,STONEBRIDGE LN NE,122678800,25377600,NOISE4
P120121725,BIPD,7/28/2012 0:00,1601,3211,POINT WHITE DR NE,121318200,22133700,NOISE4
P120125851,BIPD,8/4/2012 0:00,2042,11800,MILLER RD NE,121707353,24928815,T
P120127000,BIPD,8/6/2012 0:00,1920,253,HIGH SCHOOL RD NE,122470100,23646300,WC911
P120124014,BIPD,8/1/2012 0:00,1721,16290,REITAN RD NE,121530550,26391000,FU
P120124043,BIPD,8/1/2012 0:00,1816,3520,POINT WHITE DR NE,121432800,22210950,ALRA
P120124308,BIPD,8/2/2012 0:00,1020,16942,NE SANWICK PL,121638244,26675743,ALRA
P120124357,BIPD,8/2/2012 0:00,1147,,REITAN RD NE / STATE HWY 305 NE,121501742,26370270,RECKL3
P120128151,BIPD,8/8/2012 0:00,1551,343,WINSLOW WAY E,122501900,23247000,MVC4
P120140071,BIPD,8/28/2012 0:00,0812,7507,NE WEST PORT MADISON RD,121843800,26021600,ALRA
P120140286,BIPD,8/28/2012 0:00,1423,249,WINSLOW WAY E,122475500,23238850,SUSPI3
P120140665,BIPD,8/29/2012 0:00,0722,,NE HIGH SCHOOL RD / MADISON AVE N,122433634,23644002,T
P120141150,BIPD,8/29/2012 0:00,2304,,NE MORGAN RD / STATE HWY 305 NE,122252700,24842450,T
P120141159,BIPD,8/29/2012 0:00,2316,10340,NORTH MADISON AVE NE,122452400,24418800,PC3
P120141483,BIPD,8/30/2012 0:00,1454,,REITAN RD NE / STATE HWY 305 NE,121501742,26370270,RECKL3
P120146515,BIPD,9/7/2012 0:00,2042,,NE LATYSON LN / LYNWOOD CENTER RD NE,121492624,22417054,ASSIS3
P120146546,BIPD,9/7/2012 0:00,2132,416,MADRONA WAY NE,122482461,23314231,BURGL1
P120146759,BIPD,9/8/2012 0:00,0917,,BLAKELY AVE NE / THREE T RD NE,122533783,22270189,TRAFF3
P120146837,BIPD,9/8/2012 0:00,1204,829,NE HIGH SCHOOL RD,122683050,23596550,HARAS4
P120147041,BIPD,9/8/2012 0:00,1835,541,HOMESTEAD LN,122473100,23418200,ALRA
P120147048,BIPD,9/8/2012 0:00,1847,,MOJI LN NW / WEAVER RD NW,122169866,23500038,NOISE4
P120128564,BIPD,8/9/2012 0:00,0801,5350,CALA WOODS LN NE,121038200,24263200,WC4
P120121726,BIPD,7/28/2012 0:00,1602,,NE MANUAL RD / STATE HWY 305 NE,121710851,25706189,DUI3
P120126280,BIPD,8/5/2012 0:00,1610,625,WINSLOW WAY E,122607400,23236100,FU
P120126285,BIPD,8/5/2012 0:00,1627,,SPORTSMAN CLUB RD NE / STATE HWY 305 NE,122395136,24298387,RECKL3
P120126364,BIPD,8/5/2012 0:00,1931,,HIGH SCHOOL RD NE / HILDEBRAND LN NE,122535496,23644973,INTOX3
P120126369,BIPD,8/5/2012 0:00,1938,,DEAD END / WARD AVE NE,122586375,22916415,CELL
P120128246,BIPD,8/8/2012 0:00,1753,,NORTH MADISON AVE NE / NE TORVANGER RD,122452164,25628115,GUNVI3
P120131300,BIPD,8/13/2012 0:00,1939,299,SHANNON DR SE,122508700,23164500,PC3
P120128304,BIPD,8/8/2012 0:00,1922,18718,3RD AVE NE,121674200,27190700,FU
P120128595,BIPD,8/9/2012 0:00,0903,,MANITOU BEACH DR NE / NORTH MADISON AVE NE,122430015,24309046,LOSTP4
P120128911,BIPD,8/9/2012 0:00,1800,337,BROMLEY PL NW,122222100,23275300,DV3
P120129142,BIPD,8/10/2012 0:00,0159,,GROW AVE NW / WYATT WAY NW,122332251,23385462,TRAFF3
P120141679,BIPD,8/30/2012 0:00,2115,,SPORTSMAN CLUB RD NE / STATE HWY 305 NE,122395136,24298387,TRAFF3
P120141721,BIPD,8/30/2012 0:00,2254,,STATE HWY 305 NE / NE WEST PORT MADISON RD,121590699,26041540,DUI3
P120141718,BIPD,8/30/2012 0:00,2249,12781,NORTH MADISON AVE NE,122441400,25215900,PC3
P120141806,BIPD,8/31/2012 0:00,0306,10861,NE MANITOU PARK BLVD,122932900,24590800,SUSPI4
P120141887,BIPD,8/31/2012 0:00,0851,,NE DAY RD E / STATE HWY 305 NE,122023402,25247379,TRAFF3
P120126443,BIPD,8/5/2012 0:00,2205,,NE DAY RD E / STATE HWY 305 NE,122023402,25247379,T
P120126502,BIPD,8/5/2012 0:00,2341,21200,OLHAVA WAY NW,119094300,28169200,ASSIS3
P120126599,BIPD,8/6/2012 0:00,0728,11075,STATE HWY 305 NE,122331731,24662303,PC4
P120126646,BIPD,8/6/2012 0:00,0924,601,HIGH SCHOOL RD NE,122587100,23628700,T
P120126699,BIPD,8/6/2012 0:00,1110,625,WINSLOW WAY E,122607400,23236100,FI
P120126965,BIPD,8/6/2012 0:00,1801,,NE CARENE LN / NE LITTLE HARBOR LN,121723989,25750778,MVC4
P120129407,BIPD,8/10/2012 0:00,1339,300,NE HIGH SCHOOL RD,122505550,23655900,MVC4
P120129939,BIPD,8/11/2012 0:00,1128,835,MADISON AVE N,122415100,23498500,CPR
P120130060,BIPD,8/11/2012 0:00,1536,,NE HIGH SCHOOL RD / WESTERLY LN NE,121872133,23667388,T
P120130130,BIPD,8/11/2012 0:00,1705,,"XY(122372449,22793401)",122372449,22793401,CELL
P120130143,BIPD,8/11/2012 0:00,1733,12122,PLEASANT PL NE,122253300,25011950,LOUDP4
P120130164,BIPD,8/11/2012 0:00,1822,907,CARVER ST,118435000,20790500,MEDIA
P120147060,BIPD,9/8/2012 0:00,1915,,FERNCLIFF AVE NE / WINSLOW WAY E,122689699,23243385,DV3
P120147111,BIPD,9/8/2012 0:00,2052,4411,POINT WHITE DR NE,121594900,22510850,SUSPI3
P120147154,BIPD,9/8/2012 0:00,2217,,MADISON AVE N / STATE HWY 305 NE,122472543,23963078,RECKL3
P120147253,BIPD,9/9/2012 0:00,0202,930,MADISON AVE N,122447750,23567000,FI
P120147381,BIPD,9/9/2012 0:00,1122,,REITAN RD NE / STATE HWY 305 NE,121501742,26370270,RECKL3
P120147622,BIPD,9/9/2012 0:00,2149,4461,PLEASANT BEACH DR NE,121765200,22465950,PC3
P120141890,BIPD,8/31/2012 0:00,0858,8154,NE BECK RD,121881200,22348800,ALRP
P120141939,BIPD,8/31/2012 0:00,1022,,NE FOSTER RD / JENNIE AVE NE,121151583,23875342,SUSPI3
P120141942,BIPD,8/31/2012 0:00,1028,5349,MCDONALD AVE NE,122278250,22765900,VERBA4
P120142448,BIPD,9/1/2012 0:00,0147,,NE BAKER HILL RD / BLAKELY AVE NE,122016317,22599490,T
P120142708,BIPD,9/1/2012 0:00,1545,6370,NE TOLO RD,121387500,24358050,MISC3
P120142771,BIPD,9/1/2012 0:00,1759,15843,AGATE PASS BRG,121391000,26467600,TRAFF3
P120097504,BIPD,6/19/2012 0:00,1558,1158,MADISON AVE N,122435393,23595641,FU
P120097561,BIPD,6/19/2012 0:00,1804,7040,FLETCHER BAY RD NE,121720717,23169300,CIVIL3
P120091856,BIPD,6/10/2012 0:00,1212,403,MADISON AVE N,122430200,23357500,THEFT3
P120092011,BIPD,6/10/2012 0:00,1819,,MADISON AVE N / WYATT WAY NE,122430637,23382031,T
P120098376,BIPD,6/21/2012 0:00,0057,,FINCH RD NE / NE HIGH SCHOOL RD,122040602,23661844,T
P120092022,BIPD,6/10/2012 0:00,1841,920,MADISON AVE N,122445900,23547300,T
P120127066,BIPD,8/6/2012 0:00,2117,271,WINSLOW WAY E,122484900,23247700,OPEN3
P120130076,BIPD,8/11/2012 0:00,1552,,IHLAND WAY NE / MADISON AVE N,122435017,23579543,T
P120130107,BIPD,8/11/2012 0:00,1634,652,CHERRY AVE NE,122975100,23419900,POV4
P120130126,BIPD,8/11/2012 0:00,1702,,NE DAY RD W / MANZANITA RD NE,121483434,25260567,T
P120127327,BIPD,8/7/2012 0:00,1056,5635,NE CESSNA LN,121126550,22232850,FU
P120130282,BIPD,8/11/2012 0:00,2217,1201,CHERRY AVE NE,122892000,23620450,SUSPI3
P120130409,BIPD,8/12/2012 0:00,0500,5937,NE BAKER HILL RD,121128050,22593850,ALRA
P120133131,BIPD,8/16/2012 0:00,1746,625,WINSLOW WAY E,122607400,23236100,WC911
P120133151,BIPD,8/16/2012 0:00,1814,270,OLYMPIC DR SE,122674150,23183550,VERBA3
P120127201,BIPD,8/7/2012 0:00,0405,403,MADISON AVE N,122430200,23357500,SUSPI3
P120127216,BIPD,8/7/2012 0:00,0641,9991,NE VALLEY RD,122606350,24683050,NOISE4
P120147778,BIPD,9/10/2012 0:00,0840,2619,TOE JAM HILL RD NE,122696750,21840450,MALIC4
P120147861,BIPD,9/10/2012 0:00,1103,803,NE KLICKITAT PL,122670550,23489750,ABAND4
P120147935,BIPD,9/10/2012 0:00,1302,225,HIGH SCHOOL RD NW,122240895,23654772,FU
P120147973,BIPD,9/10/2012 0:00,1423,9990,NE KNIGHT RD,122606458,25359309,WC4
P120148043,BIPD,9/10/2012 0:00,1607,,SPORTSMAN CLUB RD NE / STATE HWY 305 NE,122395136,24298387,ASSIS3
P120148131,BIPD,9/10/2012 0:00,1832,,NE KOURA RD / STATE HWY 305 NE,122310217,24709702,T
P120143179,BIPD,9/2/2012 0:00,1320,13721,SUNRISE DR NE,122739640,25528130,SFR
P120139664,BIPD,8/27/2012 0:00,1434,,FLETCHER BAY RD NE / NE HIGH SCHOOL RD,121498530,23670902,RECKL3
P120139783,BIPD,8/27/2012 0:00,1744,550,MADISON AVE N,122431200,23400600,WRT4
P120139879,BIPD,8/27/2012 0:00,2046,,NE NEW BROOKLYN RD / SANDS AVE NE,121914537,23931258,T
P120143776,BIPD,9/3/2012 0:00,1437,,"XY(122406144,23484425)",122406144,23484425,CELL
P120143843,BIPD,9/3/2012 0:00,1617,907,CARVER ST,118435000,20790500,MEDIA
P120127745,BIPD,8/7/2012 0:00,2333,625,WINSLOW WAY E,122607400,23236100,WRT3
P120127778,BIPD,8/8/2012 0:00,0118,8263,NE CARMELLA LN,121977900,23520850,TRANS
P120131169,BIPD,8/13/2012 0:00,1547,9709,NE SOUTH BEACH DR,122354300,21433850,CIVIL3
P120131302,BIPD,8/13/2012 0:00,1942,6850,NE DAY RD W,121558850,25277350,TRAFF3
P120127834,BIPD,8/8/2012 0:00,0635,7253,NE NEW BROOKLYN RD,121673100,23909500,SUSPI3
P120128067,BIPD,8/8/2012 0:00,1359,,MADISON AVE N / STATE HWY 305 NE,122472543,23963078,TRAFF3
P120127338,BIPD,8/7/2012 0:00,1101,,NE KOURA RD / MILLER RD NE,121576406,24728795,TRAFF3
P120133464,BIPD,8/17/2012 0:00,0808,9567,OLYMPUS BEACH RD NE,120928050,24204300,WC911
P120133514,BIPD,8/17/2012 0:00,0942,625,WINSLOW WAY E,122607400,23236100,MISC3
P120127458,BIPD,8/7/2012 0:00,1424,,NE HIDDEN COVE RD / STATE HWY 305 NE,121741136,25661125,TRAFF3
P120133731,BIPD,8/17/2012 0:00,1639,,"XY(122562430,21456432)",122562430,21456432,CELL
P120127562,BIPD,8/7/2012 0:00,1716,253,HIGH SCHOOL RD NE,122470100,23646300,WC911
P120145343,BIPD,9/6/2012 0:00,0057,6856,NE WEST PORT MADISON RD,121606850,26065850,DV3
P120148788,BIPD,9/11/2012 0:00,2041,245,HIGH SCHOOL RD NW,122243500,23654700,DV3
P120148976,BIPD,9/12/2012 0:00,0941,710,IVERSON RD NE,119620000,27378500,MISC4
P120149229,BIPD,9/12/2012 0:00,1632,550,MADISON AVE N,122431200,23400600,DV3
P120149564,BIPD,9/13/2012 0:00,0944,,NE NEW BROOKLYN RD / SPORTSMAN CLUB RD NE,122235375,23919324,T
P120146435,BIPD,9/7/2012 0:00,1811,,NE HIDDEN COVE RD / STATE HWY 305 NE,121741136,25661125,SUSPI3
P120143848,BIPD,9/3/2012 0:00,1622,8490,MADISON AVE N,122439944,23807121,NOISE4
P120143870,BIPD,9/3/2012 0:00,1702,,NE KOURA RD / MILLER RD NE,121576406,24728795,T
P120143997,BIPD,9/3/2012 0:00,2130,,NE KOURA RD / STATE HWY 305 NE,122310217,24709702,MVC3
P120144236,BIPD,9/4/2012 0:00,1029,,MADISON AVE N / STATE HWY 305 NE,122472543,23963078,T
P120144255,BIPD,9/4/2012 0:00,1051,15035,SUNRISE DR NE,122727650,26008750,ANIMA3
P120128366,BIPD,8/8/2012 0:00,2115,,NORTH MADISON AVE NE / NE TORVANGER RD,122452164,25628115,TRAFF3
P120132019,BIPD,8/14/2012 0:00,2218,8895,MADISON AVE N,122433700,23949200,T
P120128429,BIPD,8/8/2012 0:00,2319,253,HIGH SCHOOL RD NE,122470100,23646300,FI
P120125863,BIPD,8/4/2012 0:00,2104,13350,STONEBRIDGE LN NE,122678800,25377600,RECKL3
P120125869,BIPD,8/4/2012 0:00,2116,8916,FERNCLIFF AVE NE,122757400,23935450,SINGLE
P120126027,BIPD,8/5/2012 0:00,0214,499,OLYMPIC DR SE,122674000,23182900,UNWAN3
P120127702,BIPD,8/7/2012 0:00,2135,,NE EAGLE HARBOR DR / ROCKAWAY BEACH RD NE,122939041,22834319,RECKL3
P120133878,BIPD,8/17/2012 0:00,2043,,NE DAY RD E / STATE HWY 305 NE,122023402,25247379,T
P120131241,BIPD,8/13/2012 0:00,1805,907,CARVER ST,118435000,20790500,MEDIA
P120131712,BIPD,8/14/2012 0:00,1354,,NE KOURA RD / STATE HWY 305 NE,122310217,24709702,RECKL3
P120131734,BIPD,8/14/2012 0:00,1415,625,WINSLOW WAY E,122607400,23236100,FI
P120131827,BIPD,8/14/2012 0:00,1637,190,HARBOR SQUARE LOOP NE,122663667,23268897,PC3
P120149597,BIPD,9/13/2012 0:00,1038,9330,NE HIGH SCHOOL RD,122363800,23666100,SUICIA
P120149773,BIPD,9/13/2012 0:00,1506,,NE HIGH SCHOOL RD / HORIZON VIEW PL NW,122314854,23640764,CELL
P120150156,BIPD,9/14/2012 0:00,0716,9343,SPORTSMAN CLUB RD NE,122337100,24132500,FI
P120150291,BIPD,9/14/2012 0:00,1101,625,WINSLOW WAY E,122607400,23236100,FU
P120150306,BIPD,9/14/2012 0:00,1122,,SPORTSMAN CLUB RD NE / STATE HWY 305 NE,122395136,24298387,MVC4
P120150300,BIPD,9/14/2012 0:00,1114,4200,NE EAGLE HARBOR DR,122666900,22910900,THEFT4
P120125952,BIPD,8/4/2012 0:00,2335,2520,CHERRY AVE,119826700,21775200,TRANS
P120129020,BIPD,8/9/2012 0:00,2132,403,MADISON AVE N,122430200,23357500,WRT3
P120129039,BIPD,8/9/2012 0:00,2201,755,HIGH SCHOOL RD NE,122656035,23642648,VEHIT4
P120132695,BIPD,8/15/2012 0:00,2359,8775,BATTLE POINT DR NE,121145400,24037450,NOISE4
P120129078,BIPD,8/9/2012 0:00,2324,15347,SUQUAMISH WAY NE,121270800,26509200,ASSIS3
P120133279,BIPD,8/16/2012 0:00,2257,,REITAN RD NE / STATE HWY 305 NE,121501742,26370270,MVC3
P120144167,BIPD,9/4/2012 0:00,0822,10255,NE VALLEY RD,122674600,24698700,TRANS
P120144682,BIPD,9/4/2012 0:00,2234,,LOVELL AVE NW / WYATT WAY NW,122300088,23386514,T
P120144778,BIPD,9/5/2012 0:00,0401,345,KNECHTEL WAY NE,122501400,23437000,SUSPI4
P120144929,BIPD,9/5/2012 0:00,1132,678,CHERRY AVE NE,122966150,23430300,WC4
P120147948,BIPD,9/10/2012 0:00,1317,1240,WING POINT WAY NE,122821050,23386050,FU
P120131886,BIPD,8/14/2012 0:00,1841,,KALLGREN RD NE / NE VALLEY RD,122590741,24700686,T
P120131895,BIPD,8/14/2012 0:00,1857,,KALLGREN RD NE / NE VALLEY RD,122590741,24700686,PARKI3
P120132225,BIPD,8/15/2012 0:00,1007,344,TORMEY LN NE,122512500,23598600,UNWAN3
P120134242,BIPD,8/18/2012 0:00,1316,,LYTLE RD NE / PLEASANT BEACH DR NE,121916365,22288534,ASSIS4
P120132316,BIPD,8/15/2012 0:00,1221,,NE LOVGREEN RD E / NORTH MADISON AVE NE,122463342,24967499,FU
P120132509,BIPD,8/15/2012 0:00,1727,,NE DAY RD E / STATE HWY 305 NE,122023402,25247379,MALIC4
P120129136,BIPD,8/10/2012 0:00,0135,755,HIGH SCHOOL RD NE,122656035,23642648,FU
P120129360,BIPD,8/10/2012 0:00,1239,835,MADISON AVE N,122415100,23498500,THEFT4
P120133663,BIPD,8/17/2012 0:00,1501,,"XY(122346817,22566660)",122346817,22566660,CELL
P120129497,BIPD,8/10/2012 0:00,1603,550,MADISON AVE N,122431200,23400600,MISC3
P120129635,BIPD,8/10/2012 0:00,2002,,MILLER RD NE / NE TOLO RD,121433990,24330529,T
P120129656,BIPD,8/10/2012 0:00,2049,11002,HYLA AVE NE,122665150,24640800,MISSI3
P120150469,BIPD,9/14/2012 0:00,1554,625,WINSLOW WAY E,122607400,23236100,FOUND4
P120150484,BIPD,9/14/2012 0:00,1615,,NE KOURA RD / MILLER RD NE,121576406,24728795,T
P120150570,BIPD,9/14/2012 0:00,1808,1220,HILDEBRAND LN NE,122550200,23631100,T
P120150579,BIPD,9/14/2012 0:00,1829,,CAPSTAN DR NE / HIGH SCHOOL RD NW,122210812,23655945,T
P120150606,BIPD,9/14/2012 0:00,1933,175,LOVELL AVE SW,122261950,23232800,UNKNO3
P120150623,BIPD,9/14/2012 0:00,2018,,STATE HWY 305 NE / SUQUAMISH WAY NE,121272953,26526622,DUI2
P120092053,BIPD,6/10/2012 0:00,2011,,IHLAND WAY NE / MADISON AVE N,122435017,23579543,T
P120098925,BIPD,6/21/2012 0:00,2118,1270,MADISON AVE N,122444300,23625500,FI
P120092397,BIPD,6/11/2012 0:00,1227,321,HIGH SCHOOL RD NE,122500500,23645700,ASSIS3
P120099253,BIPD,6/22/2012 0:00,1135,996,WINSLOW WAY E,122725000,23248950,MVC3
P120092695,BIPD,6/11/2012 0:00,2055,225,NE HIGH SCHOOL RD,122373600,23636900,THEFT3
P120093006,BIPD,6/12/2012 0:00,1248,,HIGH SCHOOL RD NE / STATE HWY 305 NE,122571082,23644469,FI
P120150671,BIPD,9/14/2012 0:00,2158,253,HIGH SCHOOL RD NE,122470100,23646300,ASSAUB
P120150739,BIPD,9/15/2012 0:00,0007,13237,MILLSTONE PL NE,121961500,25408250,ALRA
P120150866,BIPD,9/15/2012 0:00,0611,,NE HIGH SCHOOL RD / WEAVER RD NW,122172525,23657280,T
P120151021,BIPD,9/15/2012 0:00,1308,920,HILDEBRAND LN NE,122546100,23567800,ALSP
P120151234,BIPD,9/15/2012 0:00,1853,907,CARVER ST,118435000,20790500,MEDIA
P120151242,BIPD,9/15/2012 0:00,1904,,ERICKSEN AVE NE / MADRONE LN N,122485723,23250998,CELL
P120134492,BIPD,8/18/2012 0:00,2126,,SPORTSMAN CLUB RD NE / STATE HWY 305 NE,122395136,24298387,T
P120132517,BIPD,8/15/2012 0:00,1750,,NE FREY AVE / VENICE LOOP NE,121079244,24854507,CELL
P120132540,BIPD,8/15/2012 0:00,1845,301,HIGH SCHOOL RD NE,122491500,23645900,FU
P120132706,BIPD,8/16/2012 0:00,0026,,NE COUNTY PARK RD / NE WEST PORT MADISON RD,122033077,26160213,TRAFF3
P120135032,BIPD,8/19/2012 0:00,2308,,NE GRIZDALE LN / NE NEW BROOKLYN RD,122112497,23923755,ASSAU3
P120144967,BIPD,9/5/2012 0:00,1228,,BROCKTON AVE NE / NE PROSPECT ST,121533213,27362210,WRT3
P120144993,BIPD,9/5/2012 0:00,1320,,NE SEABOLD RD / STATE HWY 305 NE,121590699,26041540,DUI3
P120144997,BIPD,9/5/2012 0:00,1323,678,CHERRY AVE NE,122966150,23430300,FU
P120145524,BIPD,9/6/2012 0:00,1036,,ERICKSEN AVE NE / WINSLOW WAY E,122525612,23245942,PC4
P120145582,BIPD,9/6/2012 0:00,1212,,"XY(122307290,23080514)",122307290,23080514,CELL
P120145703,BIPD,9/6/2012 0:00,1536,,NE HIGH SCHOOL RD / HORIZON VIEW PL NW,122310438,23631740,CELL
P120133748,BIPD,8/17/2012 0:00,1712,,"XY(122629780,23450341)",122629780,23450341,CELL
P120129649,BIPD,8/10/2012 0:00,2039,15446,SUNRISE DR NE,122763600,26092300,ALSP
P120129682,BIPD,8/10/2012 0:00,2124,,NE DAY RD E / STATE HWY 305 NE,122023402,25247379,DUI3
P120129731,BIPD,8/10/2012 0:00,2305,13243,MILLSTONE PL NE,121986700,25405150,BURGL2
P120134111,BIPD,8/18/2012 0:00,0737,8301,NE DAY RD E,122023500,25247400,FU
P120130349,BIPD,8/12/2012 0:00,0051,499,OLYMPIC DR SE,122674000,23182900,SUSPI3
P120148739,BIPD,9/11/2012 0:00,1917,912,PARK AVE NE,123025353,23506133,FU
P120151428,BIPD,9/16/2012 0:00,0151,7601,NE BERGMAN RD,121795527,25121974,BURGL4
P120151497,BIPD,9/16/2012 0:00,0734,7131,NE BAY HILL RD,121656400,24827600,ALS
P120151502,BIPD,9/16/2012 0:00,0746,907,CARVER ST,118435000,20790500,MEDIA
P120152104,BIPD,9/17/2012 0:00,1142,15006,KOMEDAL RD NE,121582700,25968850,PC4
P120152363,BIPD,9/17/2012 0:00,1759,499,OLYMPIC DR SE,122674000,23182900,ASSIS3
P120145848,BIPD,9/6/2012 0:00,1933,5470,TAYLOR AVE NE,122689800,22801800,CIVIL3
P120145918,BIPD,9/6/2012 0:00,2207,,NE KOURA RD / STATE HWY 305 NE,122310217,24709702,T
P120143402,BIPD,9/2/2012 0:00,2037,,HIGH SCHOOL RD NE / STATE HWY 305 NE,122571082,23644469,T
P120143607,BIPD,9/3/2012 0:00,0907,,FINCH RD NE / SPORTSMAN CLUB RD NE,122038267,23529659,T
P120146416,BIPD,9/7/2012 0:00,1736,,FERNCLIFF AVE NE / WINSLOW WAY E,122689699,23243385,PARKI4
P120146507,BIPD,9/7/2012 0:00,2032,301,HIGH SCHOOL RD NE,122491500,23645900,ASSIS4
P120152455,BIPD,9/17/2012 0:00,2052,,MADISON AVE N / WYATT WAY NE,122430637,23382031,FI
P120152645,BIPD,9/18/2012 0:00,1002,403,MADISON AVE N,122430200,23357500,FOUND4
P120152799,BIPD,9/18/2012 0:00,1445,625,WINSLOW WAY E,122607400,23236100,ASSAU4
P120152825,BIPD,9/18/2012 0:00,1524,625,WINSLOW WAY E,122607400,23236100,SEXOF4
P120152914,BIPD,9/18/2012 0:00,1730,,LYNWOOD CENTER RD NE / POINT WHITE DR NE,121758992,22525846,NARCO4
P120153079,BIPD,9/19/2012 0:00,0044,,MADISON AVE N / STATE HWY 305 NE,122472543,23963078,BURGLB
P120130800,BIPD,8/12/2012 0:00,2217,3453,PLEASANT BEACH DR NE,122032400,22141300,FU
P120131007,BIPD,8/13/2012 0:00,1038,125,FERNCLIFF AVE NE,122689900,23252800,DV4
P120134382,BIPD,8/18/2012 0:00,1741,,MADISON AVE N / STATE HWY 305 NE,122472543,23963078,MVC3
P120134493,BIPD,8/18/2012 0:00,2127,,NE HIGH SCHOOL RD / MADISON AVE N,122433634,23644002,T
P120134566,BIPD,8/19/2012 0:00,0037,380,WINSLOW WAY E,122507500,23253200,ALRA
P120133323,BIPD,8/17/2012 0:00,0011,10901,MANITOU BEACH DR NE,122843550,24598250,DV3
P120130592,BIPD,8/12/2012 0:00,1516,343,WINSLOW WAY E,122501900,23247000,ASSIS3
P120133351,BIPD,8/17/2012 0:00,0103,200,NE MOE ST,119433900,27351200,TRANS
P120133443,BIPD,8/17/2012 0:00,0706,343,WINSLOW WAY E,122501900,23247000,SUSPI3
P120133560,BIPD,8/17/2012 0:00,1133,11216,NE WING POINT DR,122988750,23259550,WC911
P120135636,BIPD,8/20/2012 0:00,2359,1000,WEAVER RD NW,122187600,23568300,UNKNO3
P120146690,BIPD,9/8/2012 0:00,0330,7571,NE DOLPHIN DR,121805400,26281400,ALRA
P120146742,BIPD,9/8/2012 0:00,0801,907,CARVER ST,118435000,20790500,MEDIA
P120146989,BIPD,9/8/2012 0:00,1705,16976,STATE HWY 305 NE,120136900,26707250,ASSIS3
P120147373,BIPD,9/9/2012 0:00,1105,,HIGH SCHOOL RD NE / STATE HWY 305 NE,122571082,23644469,NOISE4
P120147400,BIPD,9/9/2012 0:00,1208,15369,BROOM ST NE,122191650,26080050,ASSIS3
P120147525,BIPD,9/9/2012 0:00,1728,,NE HIGH SCHOOL RD / HORIZON VIEW PL NW,122310438,23631740,CELL
P120093057,BIPD,6/12/2012 0:00,1407,9330,NE HIGH SCHOOL RD,122363800,23666100,PC3
P120093100,BIPD,6/12/2012 0:00,1549,8988,HEMLOCK AVE NE,122509354,23954324,NOISE4
P120099806,BIPD,6/23/2012 0:00,1026,274,GIDEON LN NW,122367700,23420000,VEHIT4
P120093150,BIPD,6/12/2012 0:00,1714,625,WINSLOW WAY E,122607400,23236100,MISC4
P120093458,BIPD,6/13/2012 0:00,0827,12670,SUNRISE DR NE,122745550,25166350,WC3
P120094050,BIPD,6/14/2012 0:00,0500,,"XY(121298117,22879321)",121298117,22879321,CELL
P120131646,BIPD,8/14/2012 0:00,1215,15446,SUNRISE DR NE,122763600,26092300,PC4
P120131964,BIPD,8/14/2012 0:00,2036,186,WYATT WAY NW,122405200,23396700,WC911
P120132176,BIPD,8/15/2012 0:00,0833,,NE DAY RD E / SUNRISE DR NE,122733885,25222379,T
P120134958,BIPD,8/19/2012 0:00,2001,,NICHOLSON PL NW / WYATT WAY NW,122250974,23388522,T
P120132187,BIPD,8/15/2012 0:00,0901,6590,NE DAPPLE CT,121372100,22464350,WC911
P120128662,BIPD,8/9/2012 0:00,1050,,BJUNE DR SE / MADISON AVE S,122427052,23224917,T
P120153257,BIPD,9/19/2012 0:00,1150,,NE HIGH SCHOOL RD / HILDEBRAND LN NE,122454251,23650473,CELL
P120153426,BIPD,9/19/2012 0:00,1615,8569,HANSEN RD NE,121047560,23870692,FRAUD4
P120153565,BIPD,9/19/2012 0:00,2018,11951,MILLER RD NE,121741382,24988178,OPEN3
P120153664,BIPD,9/19/2012 0:00,2344,,NE EAGLE HARBOR DR / WYATT WAY NW,121975030,23400247,T
P120153769,BIPD,9/20/2012 0:00,0746,,HIGH SCHOOL RD NE / HILDEBRAND LN NE,122535496,23644973,T
P120153937,BIPD,9/20/2012 0:00,1227,,BIPD,122605808,23240649,MISC4
P120133793,BIPD,8/17/2012 0:00,1814,907,CARVER ST,118435000,20790500,MEDIA
P120133812,BIPD,8/17/2012 0:00,1837,184,WINSLOW WAY E,122456154,23248506,THEFT3
P120130690,BIPD,8/12/2012 0:00,1839,14413,SILVEN AVE NE,121389050,25796100,WC3
P120136431,BIPD,8/22/2012 0:00,1126,,SPORTSMAN CLUB RD NE / STATE HWY 305 NE,122395136,24298387,RECKL3
P120136962,BIPD,8/23/2012 0:00,0925,,SPORTSMAN CLUB RD NE / STATE HWY 305 NE,122395136,24298387,MVC3
P120131100,BIPD,8/13/2012 0:00,1341,,"XY(122426891,23223829)",122426891,23223829,CELL
P120132372,BIPD,8/15/2012 0:00,1408,,NE DAY RD E / STATE HWY 305 NE,122023402,25247379,MVCG
P120135809,BIPD,8/21/2012 0:00,0955,499,OLYMPIC DR SE,122674000,23182900,SUSPI3
P120132458,BIPD,8/15/2012 0:00,1617,343,WINSLOW WAY E,122501900,23247000,RECKL3
P120128722,BIPD,8/9/2012 0:00,1211,4187,PLEASANT BEACH DR NE,121778350,22400450,ALRA
P120132652,BIPD,8/15/2012 0:00,2218,350,HIGH SCHOOL RD NE,122521100,23645300,WC911
P120154069,BIPD,9/20/2012 0:00,1601,,NE KOURA RD / STATE HWY 305 NE,122310217,24709702,WC3
P120155832,BIPD,9/23/2012 0:00,1951,240,WEAVER RD NW,122177400,23311200,FI
P120154147,BIPD,9/20/2012 0:00,1816,11984,MILLER RD NE,121745211,24995984,WC911
P120154176,BIPD,9/20/2012 0:00,1906,,NE LOVGREEN RD E / STATE HWY 305 NE,122193914,24976129,T
P120154192,BIPD,9/20/2012 0:00,1942,625,WINSLOW WAY E,122607400,23236100,WRT3
P120151369,BIPD,9/15/2012 0:00,2318,,NE MANUAL RD / STATE HWY 305 NE,121710851,25706189,DUI3
P120133015,BIPD,8/16/2012 0:00,1424,10267,HYLA AVE NE,122684194,24451435,THEFT4
P120133466,BIPD,8/17/2012 0:00,0810,,NE DAY RD W / MILLER RD NE,121978357,25249210,T
P120133533,BIPD,8/17/2012 0:00,1024,,NE DAY RD W / MILLER RD NE,121978357,25249210,T
P120133686,BIPD,8/17/2012 0:00,1531,,ERICKSEN AVE NE / MADRONE LN N,122485723,23250998,CELL
P120133682,BIPD,8/17/2012 0:00,1528,,MADISON AVE N / WALLACE WAY NE,122433596,23514669,T
P120133696,BIPD,8/17/2012 0:00,1546,8376,NE SUMANEE PL,122034950,25510300,MISC4
P120154329,BIPD,9/21/2012 0:00,0154,300,WINSLOW WAY E,122494670,23247424,FI
P120154459,BIPD,9/21/2012 0:00,1000,,NE NEW BROOKLYN RD / SPORTSMAN CLUB RD NE,122235375,23919324,SUSPI3
P120154516,BIPD,9/21/2012 0:00,1158,,SPORTSMAN CLUB RD NE / STATE HWY 305 NE,122395136,24298387,T
P120151700,BIPD,9/16/2012 0:00,1530,7601,NE BERGMAN RD,121795527,25121974,FU
P120151948,BIPD,9/17/2012 0:00,0355,186,WINSLOW WAY E,122456828,23248485,PC4
P120154795,BIPD,9/21/2012 0:00,2025,,NE DAY RD E / NORTH MADISON AVE NE,122468811,25230896,WIRESF
P120131125,BIPD,8/13/2012 0:00,1430,7729,FLETCHER BAY RD NE,121559088,23567799,MVC3
P120131160,BIPD,8/13/2012 0:00,1524,340,WINSLOW,122549790,23246981,T
P120134021,BIPD,8/18/2012 0:00,0103,,"XY(122391513,23083042)",122391513,23083042,CELL
P120134070,BIPD,8/18/2012 0:00,0308,,"XY(122417607,23524672)",122417607,23524672,CELL
P120137351,BIPD,8/23/2012 0:00,2104,7255,NE VINCENT RD,121649300,23089850,FU
P120137525,BIPD,8/24/2012 0:00,0448,,MADISON AVE N / WINSLOW WAY E,122427660,23249390,PC4
P120147717,BIPD,9/10/2012 0:00,0447,,MADISON AVE N / SPORTSMAN CLUB RD NE,122395784,24289520,CELL
P120147841,BIPD,9/10/2012 0:00,1041,8210,NE CARMELLA LN,121923050,23589650,PC3
P120148022,BIPD,9/10/2012 0:00,1540,9110,FLETCHER BAY RD NE,121196750,23948350,HARAS4
P120150312,BIPD,9/14/2012 0:00,1130,10150,NE COUNTRY CLUB RD,122545900,22110000,MALIC4
P120148142,BIPD,9/10/2012 0:00,1858,419,MADRONA WAY NE,122474288,23315063,CIVIL4
P120148347,BIPD,9/11/2012 0:00,0841,11022,NE WING POINT WAY,122888303,23370802,FU
P120133852,BIPD,8/17/2012 0:00,1957,,BATTLE POINT DR NE / MILLER RD NE,121350327,24126968,T
P120134130,BIPD,8/18/2012 0:00,0854,128,MADRONA WAY NE,122434367,23356774,PARKI4
P120134332,BIPD,8/18/2012 0:00,1628,,NE HIDDEN COVE RD / PHELPS RD NE,122357064,25761218,T
P120134225,BIPD,8/18/2012 0:00,1227,6950,FLETCHER BAY RD NE,121727374,23135231,GUNINJA
P120134342,BIPD,8/18/2012 0:00,1636,6950,FLETCHER BAY RD NE,121727374,23135231,FU
P120154826,BIPD,9/21/2012 0:00,2145,216,MADRONA WAY NE,122447325,23356499,UNKNO2
P120156603,BIPD,9/25/2012 0:00,0915,614,DIVISION ST,119442800,20147600,TRANS
P120154975,BIPD,9/22/2012 0:00,0712,9010,MILLER RD NE,121339300,24048500,PC3
P120154998,BIPD,9/22/2012 0:00,0828,740,WINSLOW WAY E,122642700,23244200,ALRA
P120155012,BIPD,9/22/2012 0:00,0909,12300,MILLER RD NE,121799770,25096206,T
P120155122,BIPD,9/22/2012 0:00,1350,5395,CRYSTAL SPRINGS DR NE,121118550,22818150,ALRA
P120134139,BIPD,8/18/2012 0:00,0920,625,WINSLOW WAY E,122607400,23236100,WC911
P120137606,BIPD,8/24/2012 0:00,0944,911,HILLANDALE DR E,120853840,20262381,CIVIL4
P120137833,BIPD,8/24/2012 0:00,1609,7056,NE NEW BROOKLYN RD,121576600,23979950,FU
P120134142,BIPD,8/18/2012 0:00,0925,640,ALDER AVE NE,122999600,23419150,CUSTO4
P120134165,BIPD,8/18/2012 0:00,1019,,SPORTSMAN CLUB RD NE / STATE HWY 305 NE,122395136,24298387,T
P120134198,BIPD,8/18/2012 0:00,1134,,NE KOURA RD / STATE HWY 305 NE,122310217,24709702,T
P120138493,BIPD,8/25/2012 0:00,1441,6500,NE NEW BROOKLYN RD,121415699,23935987,T
P120138500,BIPD,8/25/2012 0:00,1504,5419,LYNWOOD CENTER RD NE,121754550,22828550,FOUND4
P120138523,BIPD,8/25/2012 0:00,1554,,NE HIGH SCHOOL RD / WESTERLY LN NE,121872133,23667388,T
P120138529,BIPD,8/25/2012 0:00,1607,,FAIRMONT LN NE / NE KOURA RD,122094063,24717498,T
P120134671,BIPD,8/19/2012 0:00,0931,7200,NE DOLPHIN DR,121739300,26323300,FU
P120134780,BIPD,8/19/2012 0:00,1356,,"XY(122346817,22566660)",122346817,22566660,CELL
P120155311,BIPD,9/22/2012 0:00,1931,,"XY(122315861,23878262)",122315861,23878262,CELL
P120155501,BIPD,9/23/2012 0:00,0425,,"XY(122346817,22566660)",122346817,22566660,CELL
P120155617,BIPD,9/23/2012 0:00,1231,13900,HIDDEN HEIGHTS LN NE,121880350,25616800,FI
P120155656,BIPD,9/23/2012 0:00,1420,315,WYATT WAY NW,122368750,23375750,CIVIL4
P120155694,BIPD,9/23/2012 0:00,1531,13900,HIDDEN HEIGHTS LN NE,121880350,25616800,FU
P120155791,BIPD,9/23/2012 0:00,1831,,"XY(122346817,22566660)",122346817,22566660,CELL
P120134347,BIPD,8/18/2012 0:00,1646,,NE NEW BROOKLYN RD / SPORTSMAN CLUB RD NE,122235375,23919324,DUI3
P120138538,BIPD,8/25/2012 0:00,1614,,"XY(121051621,24639501)",121051621,24639501,CELL
P120134381,BIPD,8/18/2012 0:00,1740,499,OLYMPIC DR SE,122674000,23182900,UNKNO3
P120134591,BIPD,8/19/2012 0:00,0145,7200,NE DOLPHIN DR,121739300,26323300,BURGL4
P120134882,BIPD,8/19/2012 0:00,1715,,MADISON AVE N / WALLACE WAY NE,122433596,23514669,T
P120134959,BIPD,8/19/2012 0:00,2001,499,OLYMPIC DR SE,122674000,23182900,ASSAU2
P120139058,BIPD,8/26/2012 0:00,1411,9638,NE LAFAYETTE AVE,122509250,26177250,WC911
P120139089,BIPD,8/26/2012 0:00,1519,,FERNCLIFF AVE NE / HIGH SCHOOL RD NE,122700327,23641703,TRAFF3
P120139249,BIPD,8/26/2012 0:00,2049,7468,NE BAY HILL RD,121757300,24875900,WC4
P120134855,BIPD,8/19/2012 0:00,1649,8700,NE ODD FELLOWS RD,122069862,22286892,T
P120134923,BIPD,8/19/2012 0:00,1838,10000,ARROW POINT DR NE,121176279,24602158,T
P120155829,BIPD,9/23/2012 0:00,1940,8285,NE BECK RD,121942750,22333950,MISSI4
P120155830,BIPD,9/23/2012 0:00,1941,,MADISON AVE N / NE NEW BROOKLYN RD,122442200,23911813,T
P120154263,BIPD,9/20/2012 0:00,2304,7439,NE COYOTE FARM LN,121722350,24085050,SFR
P120156444,BIPD,9/24/2012 0:00,2228,10254,NE COUNTRY CLUB RD,122509900,22147800,SUSPI3
P120156446,BIPD,9/24/2012 0:00,2232,,NE MORGAN RD / STATE HWY 305 NE,122252700,24842450,T
P120156500,BIPD,9/25/2012 0:00,0138,,CANDY LOOP NE / STATE HWY 305 NE,120998206,26375410,WRT3
P120134961,BIPD,8/19/2012 0:00,2008,499,OLYMPIC DR SE,122674000,23182900,DUI3
P120135196,BIPD,8/20/2012 0:00,1006,4420,BLUFF ST NE,121825550,22474200,DV3
P120135389,BIPD,8/20/2012 0:00,1501,,HOLLY FARM LN NE / NE NEW BROOKLYN RD,121517247,23935124,GUNVI2
P120135401,BIPD,8/20/2012 0:00,1521,343,WINSLOW WAY E,122501900,23247000,UNWAN3
P120135444,BIPD,8/20/2012 0:00,1636,,NORTH TOWN DR NE / SPORTSMAN CLUB RD NE,122294142,24024195,T
P120135450,BIPD,8/20/2012 0:00,1646,253,HIGH SCHOOL RD NE,122470100,23646300,T
P120100086,BIPD,6/23/2012 0:00,2048,,NE LOVGREEN RD E / STATE HWY 305 NE,122193914,24976129,RECKL3
P120100154,BIPD,6/23/2012 0:00,2256,,BATTLE POINT DR NE / MILLER RD NE,121350327,24126968,MALIC4
P120094360,BIPD,6/14/2012 0:00,1613,4000-BLK,POINT WHITE DR NE,121481557,22396746,T
P120094704,BIPD,6/15/2012 0:00,0741,,NE DAY RD E / STATE HWY 305 NE,122023402,25247379,RECKL3
P120100483,BIPD,6/24/2012 0:00,1324,506,AZALEA AVE NE,122876350,23381050,GRAFF4
P120094940,BIPD,6/15/2012 0:00,1405,299,SHANNON DR SE,122508700,23164500,MISC3
P120148384,BIPD,9/11/2012 0:00,0947,9330,NE HIGH SCHOOL RD,122363800,23666100,THEFT4
P120148438,BIPD,9/11/2012 0:00,1114,253,HIGH SCHOOL RD NE,122470100,23646300,SUSPI4
P120148489,BIPD,9/11/2012 0:00,1245,120,WINSLOW WAY E,122434572,23249174,SUSPI4
P120148996,BIPD,9/12/2012 0:00,1017,,SPORTSMAN CLUB RD NE / STATE HWY 305 NE,122395136,24298387,DUI3
P120146133,BIPD,9/7/2012 0:00,1022,,STATE HWY 305 NE / VINEYARD LN,122559210,23438563,TRAFF3
P120146099,BIPD,9/7/2012 0:00,0918,8954,MADISON AVE N,122502650,23960350,WRT3
P120135494,BIPD,8/20/2012 0:00,1754,,SPORTSMAN CLUB RD NE / STATE HWY 305 NE,122395136,24298387,MVC4
P120135564,BIPD,8/20/2012 0:00,2041,,WEAVER RD NW / WYATT WAY NW,122167956,23391345,T
P120135665,BIPD,8/21/2012 0:00,0111,,MADISON AVE N / STATE HWY 305 NE,122472543,23963078,T
P120140115,BIPD,8/28/2012 0:00,0938,4260,NE OLD MILL RD,122503200,22474750,BURGL1
P120132584,BIPD,8/15/2012 0:00,2018,5563,NE FLETCHER LNDG,121095200,23904950,TRANS
P120136457,BIPD,8/22/2012 0:00,1154,,NE KOURA RD / STATE HWY 305 NE,122310217,24709702,DUI3
P120139261,BIPD,8/26/2012 0:00,2114,4054,WEST BLAKELY RD NE,122052100,22348650,BURGL1
P120135751,BIPD,8/21/2012 0:00,0755,,HIGH SCHOOL RD NE / POLLYS LN NE,122632397,23643334,TRAFF3
P120136048,BIPD,8/21/2012 0:00,1705,625,WINSLOW WAY E,122607400,23236100,HARAS4
P120136961,BIPD,8/23/2012 0:00,0925,11050,STATE HWY 305 NE,122335900,24653200,MVC3
P120137256,BIPD,8/23/2012 0:00,1824,907,CARVER ST,118435000,20790500,MEDIA
P120156567,BIPD,9/25/2012 0:00,0820,,BLAKELY AVE NE / NE MABREY LN,122006479,22647954,T
P120156611,BIPD,9/25/2012 0:00,0930,,NE NEW BROOKLYN RD / SPORTSMAN CLUB RD NE,122235375,23919324,T
P120156679,BIPD,9/25/2012 0:00,1059,625,WINSLOW WAY E,122607400,23236100,FI
P120156681,BIPD,9/25/2012 0:00,1101,10255,NE VALLEY RD,122674600,24698700,MISC4
P120156801,BIPD,9/25/2012 0:00,1422,,NE NEW BROOKLYN RD / SPORTSMAN CLUB RD NE,122235375,23919324,T
P120156829,BIPD,9/25/2012 0:00,1455,210,WINSLOW WAY E,122464601,23248256,VEHIT4
P120095523,BIPD,6/16/2012 0:00,1009,11299,ARROW POINT DR NE,121068800,24696200,MALIC4
P120090747,BIPD,6/8/2012 0:00,1452,11240,PINYON AVE NE,121782850,24776950,FU
P120090914,BIPD,6/8/2012 0:00,1946,11515,NORTHWIND CT NE,122376150,24801813,FU
P120096939,BIPD,6/18/2012 0:00,1548,,"XY(121261079,23490565)",121261079,23490565,CELL
P120101703,BIPD,6/26/2012 0:00,1236,9725,MORAN RD NE,122408800,24227800,CUSTO4
P120096897,BIPD,6/18/2012 0:00,1436,,NE BAY HILL RD / MILLER RD NE,121657490,24861833,MVCA
P120133983,BIPD,8/17/2012 0:00,2326,,MILLER RD NE / NE NEW BROOKLYN RD,121365750,23936543,T
P120140130,BIPD,8/28/2012 0:00,1009,9191,MORAN AVE,122503200,22474750,MISC3
P120140166,BIPD,8/28/2012 0:00,1110,13074,MANZANITA RD NE,121484443,25327796,HARAS4
P120140566,BIPD,8/29/2012 0:00,0011,,NICHOLSON PL NW / WYATT WAY NW,122250974,23388522,T
P120137391,BIPD,8/23/2012 0:00,2215,241,MADISON AVE N,122429004,23305607,ALRA
P120137569,BIPD,8/24/2012 0:00,0806,292,WINSLOW WAY E,122492381,23247490,WIRESF
P120136622,BIPD,8/22/2012 0:00,1725,16711,BRAUER RD NE,119960150,26557150,FU
P120136794,BIPD,8/22/2012 0:00,2315,253,HIGH SCHOOL RD NE,122470100,23646300,HARAS3
P120137278,BIPD,8/23/2012 0:00,1859,,"XY(122074056,25093824)",122074056,25093824,CELL
P120137450,BIPD,8/24/2012 0:00,0006,,ALMA PL NE / NE SEABOLD RD,121564990,26043092,FI
P120137657,BIPD,8/24/2012 0:00,1113,,"XY(121282990,24791158)",121282990,24791158,CELL
P120137716,BIPD,8/24/2012 0:00,1258,,BLAKE ISLAND,123303500,20192600,FI
P120146209,BIPD,9/7/2012 0:00,1205,7396,SPRINGRIDGE RD NE,121324650,23499000,BURGL4
P120146349,BIPD,9/7/2012 0:00,1536,625,WINSLOW WAY E,122607400,23236100,HARAS4
P120149557,BIPD,9/13/2012 0:00,0927,,FERNCLIFF AVE NE / HIGH SCHOOL RD NE,122700327,23641703,TRAFF3
P120149598,BIPD,9/13/2012 0:00,1038,,AZALEA AVE NE / WING POINT WAY NE,122868520,23371293,T
P120149708,BIPD,9/13/2012 0:00,1323,321,NE HIGH SCHOOL RD,122522800,23608950,RECOV3
P120149830,BIPD,9/13/2012 0:00,1629,14730,SUNRISE DR NE,122779950,25886900,FU
P120156922,BIPD,9/25/2012 0:00,1711,,GILMORE WAY NE / WINSLOW WAY E,122615981,23254352,CELL
P120156975,BIPD,9/25/2012 0:00,1851,907,CARVER ST,118435000,20790500,MEDIA
P120157031,BIPD,9/25/2012 0:00,2134,550,MADISON AVE N,122431200,23400600,ASSIS3
P120157038,BIPD,9/25/2012 0:00,2149,15843,AGATE PASS BRG,121391000,26467600,DUI3
P120157449,BIPD,9/26/2012 0:00,1541,9551,NE SOUTH BEACH DR,122345700,21447650,MALIC4
P120137820,BIPD,8/24/2012 0:00,1544,5349,MCDONALD AVE NE,122278250,22765900,ALSP
P120138153,BIPD,8/24/2012 0:00,2302,,NE HIGH SCHOOL RD / HORIZON VIEW PL NW,122310438,23631740,CELL
P120138344,BIPD,8/25/2012 0:00,0805,,NE EAGLE HARBOR DR / WYATT WAY NW,121975030,23400247,TRAFF3
P120138369,BIPD,8/25/2012 0:00,0913,,NE EAGLE HARBOR DR / WYATT WAY NW,121975030,23400247,FU
P120141708,BIPD,8/30/2012 0:00,2215,400,ROBINWOOD DR NE,122709916,23375221,FI
P120142173,BIPD,8/31/2012 0:00,1614,,NE HIDDEN COVE RD / HIDDEN HEIGHTS LN NE,121863923,25645739,T
P120149943,BIPD,9/13/2012 0:00,1940,141,PARFITT WAY SW,122410800,23143000,FI
P120149973,BIPD,9/13/2012 0:00,2046,,HOMESTEAD LN / WYATT WAY NE,122465928,23381215,T
P120149989,BIPD,9/13/2012 0:00,2110,8553,NE DAY RD E,122118900,25224300,THEFT4
P120152662,BIPD,9/18/2012 0:00,1025,3560,GANGMARKEN WAY NE,121322150,22200150,WC911
P120150092,BIPD,9/14/2012 0:00,0147,,AGATEWOOD RD NE / STATE HWY 305 NE,121562025,26138320,T
P120152907,BIPD,9/18/2012 0:00,1721,658,MADISON AVE N,122439800,23427800,POV4
P120137850,BIPD,8/24/2012 0:00,1648,5349,MCDONALD AVE NE,122278250,22765900,FU
P120137890,BIPD,8/24/2012 0:00,1821,625,WINSLOW WAY E,122607400,23236100,WRT3
P120141509,BIPD,8/30/2012 0:00,1544,,"XY(122098580,23599562)",122098580,23599562,CELL
P120137965,BIPD,8/24/2012 0:00,1924,,MILLER RD NE / NE TOLO RD,121433990,24330529,T
P120141882,BIPD,8/31/2012 0:00,0847,,FERNCLIFF AVE NE / HAWLEY WAY NE,122690651,23281481,T
P120138366,BIPD,8/25/2012 0:00,0903,465,WINSLOW WAY E,122543850,23233600,ASSIS4
P120097135,BIPD,6/18/2012 0:00,2308,3636,CRYSTAL SPRINGS DR NE,121094000,22245500,BURGL1
P120097802,BIPD,6/20/2012 0:00,0459,,NE HIGH SCHOOL RD / HILDEBRAND LN NE,122470132,23651584,CELL
P120102010,BIPD,6/26/2012 0:00,2212,9010,MILLER RD NE,121339300,24048500,FI
P120098157,BIPD,6/20/2012 0:00,1651,823,HIGH SCHOOL RD NE,122669900,23642300,SUSPI4
P120102518,BIPD,6/27/2012 0:00,1821,10619,NE MANITOU PARK BLVD,122898629,24508579,THREA3
P120098536,BIPD,6/21/2012 0:00,1022,779,VILLAGE CIR NW,122227550,23450350,FU
P120157487,BIPD,9/26/2012 0:00,1623,550,MADISON AVE N,122431200,23400600,SUSPI4
P120157962,BIPD,9/27/2012 0:00,1217,5025,TAYLOR AVE NE,122637600,22662650,FU
P120156001,BIPD,9/24/2012 0:00,0759,271,WYATT WAY NE,122484450,23372900,T
P120156017,BIPD,9/24/2012 0:00,0820,,MADISON AVE N / NE NEW BROOKLYN RD,122442200,23911813,T
P120156148,BIPD,9/24/2012 0:00,1230,4420,BLUFF ST NE,121825550,22474200,FI
P120156126,BIPD,9/24/2012 0:00,1150,625,WINSLOW WAY E,122607400,23236100,FU
P120138413,BIPD,8/25/2012 0:00,1115,625,WINSLOW WAY E,122607400,23236100,WC911
P120138835,BIPD,8/26/2012 0:00,0126,,GROW AVE NW / WINSLOW WAY W,122330727,23253959,FI
P120138941,BIPD,8/26/2012 0:00,0857,7364,MADRONA DR NE,123113200,23435550,ALRA
P120139336,BIPD,8/27/2012 0:00,0014,12781,NORTH MADISON AVE NE,122441400,25215900,PC3
P120139383,BIPD,8/27/2012 0:00,0448,,LYNWOOD CENTER RD NE / POINT WHITE DR NE,121758992,22525846,FI
P120142163,BIPD,8/31/2012 0:00,1553,842,LOVELL AVE NW,122302200,23499510,PARKI3
P120138618,BIPD,8/25/2012 0:00,1912,6400,NE EAGLE HARBOR DR,122098119,23113894,T
P120138660,BIPD,8/25/2012 0:00,2029,,BATTLE POINT DR NE / NE TOLO RD,120996469,24342223,T
P120142567,BIPD,9/1/2012 0:00,0914,,STATE HWY 305 NE / WINSLOW WAY E,122597069,23245490,TRAFF3
P120138671,BIPD,8/25/2012 0:00,2041,,NE AVALON LN / BLAKELY AVE NE,122002329,22667441,T
P120138741,BIPD,8/25/2012 0:00,2237,,ARROW POINT DR NE / MILLER RD NE,121550644,24644417,SUSPI3
P120150220,BIPD,9/14/2012 0:00,0913,,NE NEW BROOKLYN RD / SPORTSMAN CLUB RD NE,122235375,23919324,TRAFF3
P120150249,BIPD,9/14/2012 0:00,0950,8553,NE DAY RD E,122118900,25224300,THEFT4
P120150343,BIPD,9/14/2012 0:00,1249,823,HIGH SCHOOL RD NE,122669900,23642300,SUSPI3
P120150483,BIPD,9/14/2012 0:00,1614,9110,FLETCHER BAY RD NE,121196750,23948350,POV4
P120150541,BIPD,9/14/2012 0:00,1736,,ERICKSEN AVE NE / WYATT WAY NE,122529004,23379604,T
P120150595,BIPD,9/14/2012 0:00,1902,907,CARVER ST,118435000,20790500,MEDIA
P120156235,BIPD,9/24/2012 0:00,1447,5100,BLAKELY AVE NE,121991570,22719975,T
P120158305,BIPD,9/27/2012 0:00,2310,,STATE HWY 305 NE / NE WEST PORT MADISON RD,121590699,26041540,T
P120158395,BIPD,9/28/2012 0:00,0350,9330,NE HIGH SCHOOL RD,122363800,23666100,PC4
P120158428,BIPD,9/28/2012 0:00,0720,,"XY(121079600,24707095)",121079600,24707095,CELL
P120158426,BIPD,9/28/2012 0:00,0717,200,SHEPARD WAY NW,122401009,23316170,PC4
P120158813,BIPD,9/28/2012 0:00,1644,299,SHANNON DR SE,122508700,23164500,FU
P120135791,BIPD,8/21/2012 0:00,0927,911,HILDEBRAND LN NE,122517900,23536900,CIVIL4
P120136191,BIPD,8/21/2012 0:00,2239,,"XY(122098703,23365322)",122098703,23365322,CELL
P120136382,BIPD,8/22/2012 0:00,1013,,NE DAY RD W / MILLER RD NE,121978357,25249210,T
P120136386,BIPD,8/22/2012 0:00,1017,625,WINSLOW WAY E,122607400,23236100,WRT4
P120140561,BIPD,8/28/2012 0:00,2355,,MCDONALD AVE NE / NE OLD MILL RD,122281102,22614125,FI
P120140620,BIPD,8/29/2012 0:00,0359,5823,ROSE LOOP NE,122309450,22987300,ALRA
P120138812,BIPD,8/26/2012 0:00,0035,10861,NE MANITOU PARK BLVD,122932900,24590800,SUSPI3
P120142951,BIPD,9/1/2012 0:00,2347,,NE DAY RD E / NORTH MADISON AVE NE,122468811,25230896,T
P120138845,BIPD,8/26/2012 0:00,0143,15347,SUQUAMISH WAY NE,121270800,26509200,ASSIS3
P120143115,BIPD,9/2/2012 0:00,1029,9180,NE LOVGREEN RD E,122336068,24971847,DV2
P120138886,BIPD,8/26/2012 0:00,0337,,BLAKELY AVE NE / THREE T RD NE,122600581,22250221,T
P120139191,BIPD,8/26/2012 0:00,1905,907,CARVER ST,118435000,20790500,MEDIA
P120158844,BIPD,9/28/2012 0:00,1737,9330,NE HIGH SCHOOL RD,122363800,23666100,PC3
P120158993,BIPD,9/28/2012 0:00,2201,9330,NE HIGH SCHOOL RD,122363800,23666100,THEFT4
P120159007,BIPD,9/28/2012 0:00,2220,829,HIGH SCHOOL RD NE,122672300,23642200,CIVIL4
P120159158,BIPD,9/29/2012 0:00,0416,22181,WAVECREST AVE NE,121917100,28321050,DUI3
P120159209,BIPD,9/29/2012 0:00,0845,1270,MADISON AVE N,122444300,23625500,SUSPI4
P120159597,BIPD,9/29/2012 0:00,2301,,HIGH SCHOOL RD NE / POLLYS LN NE,122632397,23643334,T
P120150683,BIPD,9/14/2012 0:00,2230,9330,NE HIGH SCHOOL RD,122363800,23666100,FU
P120150911,BIPD,9/15/2012 0:00,0854,,NE HIGH SCHOOL RD / WESTERLY LN NE,121872133,23667388,T
P120149106,BIPD,9/12/2012 0:00,1313,,GROW AVE NW / MADISON AVE N,122381704,23648416,CELL
P120149324,BIPD,9/12/2012 0:00,1938,5226,TAYLOR AVE NE,122685900,22736950,CIVIL3
P120150940,BIPD,9/15/2012 0:00,1026,302,CAVE AVE NE,122624318,23311699,CIVIL4
P120140755,BIPD,8/29/2012 0:00,1038,,NE HIGH SCHOOL RD / MADISON AVE N,122433634,23644002,T
P120140944,BIPD,8/29/2012 0:00,1553,,BLAKELY AVE NE / NE TANI CREEK RD,122266661,22286883,T
P120144148,BIPD,9/4/2012 0:00,0729,,NORTH MADISON AVE NE / NE VALLEY RD,122457917,24703521,T
P120141228,BIPD,8/30/2012 0:00,0324,,NE LOVGREEN RD W / MILLER RD NE,121741307,24988019,FI
P120141265,BIPD,8/30/2012 0:00,0705,6910,NE DAY RD W,121581714,25259196,MALIC4
P120141267,BIPD,8/30/2012 0:00,0741,611,FAIRVIEW AVE NE,123054650,23411550,HARAS4
P120143387,BIPD,9/2/2012 0:00,1946,12364,MILLER RD NE,121816274,25112463,FU
P120139188,BIPD,8/26/2012 0:00,1905,,LOGG RD NE / NE VALLEY RD,122755481,24697124,NOISE4
P120139225,BIPD,8/26/2012 0:00,2006,12800,PHELPS RD NE,122034857,25246940,T
P120143801,BIPD,9/3/2012 0:00,1509,625,WINSLOW WAY E,122607400,23236100,FOUND4
P120143962,BIPD,9/3/2012 0:00,1959,,NE BAKER HILL RD / NE LARIAT LOOP,121213650,22540628,FIREW4
P120144010,BIPD,9/3/2012 0:00,2159,,BATTLE POINT DR NE / DEAD END,120934419,24485637,CELL
P120149445,BIPD,9/13/2012 0:00,0328,625,WINSLOW WAY E,122607400,23236100,FI
P120151053,BIPD,9/15/2012 0:00,1358,,NE BERGMAN RD / PETERSON HILL RD NE,121673952,25125201,T
P120149477,BIPD,9/13/2012 0:00,0610,499,OLYMPIC DR SE,122674000,23182900,FI
P120151965,BIPD,9/17/2012 0:00,0649,,NE KOURA RD / MILLER RD NE,121576406,24728795,T
P120152060,BIPD,9/17/2012 0:00,1034,15006,KOMEDAL RD NE,121582700,25968850,BURGL4
P120152184,BIPD,9/17/2012 0:00,1323,8150,NE HIDDEN COVE RD,122002686,25827211,CIVIL3
P120144156,BIPD,9/4/2012 0:00,0756,,NE DAY RD E / NE YETI LN,122025071,25272959,CELL
P120139705,BIPD,8/27/2012 0:00,1527,,NE HIGH SCHOOL RD / HORIZON VIEW PL NW,122310438,23631740,CELL
P120139721,BIPD,8/27/2012 0:00,1551,419,MADRONA WAY NE,122474288,23315063,FI
P120139727,BIPD,8/27/2012 0:00,1601,,SANDY HOOK RD NE / STATE HWY 305 NE,121065262,26423114,DUI3
P120139832,BIPD,8/27/2012 0:00,1913,,FINCH RD NE / SPORTSMAN CLUB RD NE,122065485,23658671,CELL
P120139916,BIPD,8/27/2012 0:00,2133,,NE LAFAYETTE AVE / POINT MONROE DR NE,122750063,26150618,T
P120141278,BIPD,8/30/2012 0:00,0831,419,MADRONA WAY NE,122474288,23315063,FU
P120141591,BIPD,8/30/2012 0:00,1808,907,CARVER ST,118435000,20790500,MEDIA
P120141695,BIPD,8/30/2012 0:00,2145,,"XY(122346817,22566660)",122346817,22566660,CELL
P120142334,BIPD,8/31/2012 0:00,2139,,GILMORE WAY NE / WINSLOW WAY E,122615981,23254352,CELL
P120142520,BIPD,9/1/2012 0:00,0645,,STATE HWY 305 NE / WINSLOW WAY E,122597069,23245490,PC3
P120142824,BIPD,9/1/2012 0:00,1944,907,CARVER ST,118435000,20790500,MEDIA
P120159645,BIPD,9/30/2012 0:00,0135,829,HIGH SCHOOL RD NE,122672300,23642200,FU
P120158109,BIPD,9/27/2012 0:00,1616,5025,TAYLOR AVE NE,122637600,22662650,FU
P120159703,BIPD,9/30/2012 0:00,0714,907,CARVER ST,118435000,20790500,MEDIA
P120159753,BIPD,9/30/2012 0:00,1022,253,HIGH SCHOOL RD NE,122470100,23646300,ASSIS3
P120159780,BIPD,9/30/2012 0:00,1137,785,ERICKSEN AVE NE,122526250,23490750,WC3
P120139926,BIPD,8/27/2012 0:00,2200,,"XY(122530305,23692224)",122530305,23692224,CELL
P120145013,BIPD,9/5/2012 0:00,1334,,NE HIGH SCHOOL RD / HORIZON VIEW PL NW,122310438,23631740,CELL
P120137373,BIPD,8/23/2012 0:00,2146,,NW SHERMAN HILL RD / VIKING WAY NW,118991759,27172805,MVC3
P120137386,BIPD,8/23/2012 0:00,2205,625,WINSLOW WAY E,122607400,23236100,FU
P120140796,BIPD,8/29/2012 0:00,1135,,HYLA AVE NE / NE VALLEY RD,122656499,24699068,T
P120141238,BIPD,8/30/2012 0:00,0409,,MADISON AVE N / STATE HWY 305 NE,122472543,23963078,FI
P120142833,BIPD,9/1/2012 0:00,2005,9100,HOLLY FARM LN NE,121517443,23976336,ASSIS3
P120142900,BIPD,9/1/2012 0:00,2218,,GROW AVE NW / NE HIGH SCHOOL RD,122337828,23651155,T
P120142936,BIPD,9/1/2012 0:00,2318,299,SHANNON DR SE,122508700,23164500,PC3
P120142939,BIPD,9/1/2012 0:00,2326,,NE SEABOLD RD / STATE HWY 305 NE,121590699,26041540,DUI3
P120139549,BIPD,8/27/2012 0:00,1201,,NE DAY RD E / NE YETI LN,122025071,25272959,CELL
P120139936,BIPD,8/27/2012 0:00,2226,1783,PARADE GROUNDS AVE NE,122386050,21603700,NOISE4
P120154271,BIPD,9/20/2012 0:00,2334,,HIGH SCHOOL RD NE / STATE HWY 305 NE,122571082,23644469,RECKL3
P120152226,BIPD,9/17/2012 0:00,1421,8832,FERNCLIFF AVE NE,122763100,23922350,ALRA
P120152317,BIPD,9/17/2012 0:00,1637,,SPORTSMAN CLUB RD NE / STATE HWY 305 NE,122395136,24298387,RECKL3
P120154464,BIPD,9/21/2012 0:00,1008,635,HIGH SCHOOL RD NE,122615700,23616500,T
P120152457,BIPD,9/17/2012 0:00,2053,15739,POINT MONROE DR NE,122648800,26280550,DV3
P120152590,BIPD,9/18/2012 0:00,0800,10255,NE VALLEY RD,122674600,24698700,TRANS
P120141370,BIPD,8/30/2012 0:00,1132,12781,NORTH MADISON AVE NE,122441400,25215900,VEHFI
P120141631,BIPD,8/30/2012 0:00,1927,8921,MANDUS OLSON RD NE,121765150,23944850,ALRU
P120142054,BIPD,8/31/2012 0:00,1320,1180,HILDEBRAND LN NE,122550200,23601300,SUSPI3
P120142230,BIPD,8/31/2012 0:00,1747,253,HIGH SCHOOL RD NE,122470100,23646300,FU
P120142317,BIPD,8/31/2012 0:00,2100,,ERICKSEN AVE NE / MADRONE LN N,122485723,23250998,CELL
P120142571,BIPD,9/1/2012 0:00,0934,,GROW AVE NW / WINSLOW WAY W,122330727,23253959,T
P120159832,BIPD,9/30/2012 0:00,1405,17562,ANGELINE AVENUE SOUTH NE,121505700,26827850,FU
P120158213,BIPD,9/27/2012 0:00,1913,625,WINSLOW WAY E,122607400,23236100,FU
P120159950,BIPD,9/30/2012 0:00,1826,,STATE HWY 305 NE / WINSLOW WAY E,122597069,23245490,TRAFF3
P120160159,BIPD,10/1/2012 0:00,0853,10255,NE VALLEY RD,122674600,24698700,UNKNO4
P120160225,BIPD,10/1/2012 0:00,0954,5834,WARD AVE NE,122596400,22917100,FU
P120160257,BIPD,10/1/2012 0:00,1048,5834,WARD AVE NE,122596400,22917100,FU
P120140220,BIPD,8/28/2012 0:00,1223,,ERICKSEN AVE NE / MADRONE LN N,122485723,23250998,CELL
P120140392,BIPD,8/28/2012 0:00,1719,245,HIGH SCHOOL RD NW,122243500,23654700,THREA3
P120146243,BIPD,9/7/2012 0:00,1254,11282,NE STATE HWY 104,123195300,29433700,WATERR
P120143794,BIPD,9/3/2012 0:00,1451,,"XY(121990257,25657195)",121990257,25657195,CELL
P120143807,BIPD,9/3/2012 0:00,1516,829,HIGH SCHOOL RD NE,122672300,23642200,FU
P120153017,BIPD,9/18/2012 0:00,2103,,NE HIGH SCHOOL RD / SANDS AVE NE,121907925,23666959,FI
P120153058,BIPD,9/18/2012 0:00,2252,920,MADISON AVE N,122445900,23547300,WRT4
P120153064,BIPD,9/18/2012 0:00,2325,12781,NORTH MADISON AVE NE,122441400,25215900,SUSPI3
P120153124,BIPD,9/19/2012 0:00,0539,,SUQUAMISH WAY NE / NE WEE WUN WAY,121290139,26717539,T
P120153153,BIPD,9/19/2012 0:00,0805,6154,LYNWOOD CENTER RD NE,121777450,23021950,MVC4
P120153194,BIPD,9/19/2012 0:00,0936,,EDGECOMBE PL NE / MANITOU BEACH DR NE,122500033,24305152,T
P120142643,BIPD,9/1/2012 0:00,1237,16881,AGATE PASS RD NE,121655200,26698850,UNWAN3
P120142720,BIPD,9/1/2012 0:00,1603,,NORTH MADISON AVE NE / STATE HWY 305 NE,122395136,24298387,MVC4
P120143094,BIPD,9/2/2012 0:00,0916,,FINCH RD NE / WYATT WAY NW,122036524,23398020,FI
P120143229,BIPD,9/2/2012 0:00,1454,,NE KOURA RD / MILLER RD NE,121576406,24728795,T
P120143299,BIPD,9/2/2012 0:00,1712,1025,BURWELL ST,119574100,21120800,UNKNO4
P120147363,BIPD,9/9/2012 0:00,1036,289,SHANNON DR SE,122488000,23159000,INFOP4
P120160470,BIPD,10/1/2012 0:00,1608,625,WINSLOW WAY E,122607400,23236100,CIVIL4
P120162105,BIPD,10/4/2012 0:00,1200,,"XY(122346817,22566660)",122346817,22566660,CELL
P120160546,BIPD,10/1/2012 0:00,1759,253,HIGH SCHOOL RD NE,122470100,23646300,WC911
P120160624,BIPD,10/1/2012 0:00,2010,11954,MILLER RD NE,121740493,24986353,RUNAW4
P120160665,BIPD,10/1/2012 0:00,2155,,HIGH SCHOOL RD NE / HILDEBRAND LN NE,122535496,23644973,THREA4
P120160784,BIPD,10/2/2012 0:00,0758,,CROWN DR NE / NE DAY RD E,122386727,25233235,TRAFF4
P120098577,BIPD,6/21/2012 0:00,1116,11299,ARROW POINT DR NE,121068800,24696200,PC3
P120102576,BIPD,6/27/2012 0:00,2004,907,CARVER ST,118435000,20790500,MEDIA
P120102822,BIPD,6/28/2012 0:00,0801,509,BJUNE DR SE,122559194,23223162,MVC4
P120102837,BIPD,6/28/2012 0:00,0857,200,MADISON AVE N,122493100,23291400,THEFT4
P120099122,BIPD,6/22/2012 0:00,0625,370,BRIEN DR SE,122509300,23185900,PARKI3
P120099277,BIPD,6/22/2012 0:00,1220,,NE DAY RD E / STATE HWY 305 NE,122023402,25247379,MVCG
P120143570,BIPD,9/3/2012 0:00,0553,829,HIGH SCHOOL RD NE,122672300,23642200,NOISE4
P120143723,BIPD,9/3/2012 0:00,1257,,NE EAGLE HARBOR DR / PACKARD LN NE,122500370,22853836,SFR
P120147817,BIPD,9/10/2012 0:00,0949,4355,NE EAGLE HARBOR DR,122646050,22835350,SUSPI4
P120144180,BIPD,9/4/2012 0:00,0847,14662,SUNRISE DR NE,122814450,25860000,MVC4
P120144251,BIPD,9/4/2012 0:00,1046,5399,NEW SWEDEN AVE NE,122466050,22733850,TRAFF4
P120148032,BIPD,9/10/2012 0:00,1557,419,MADRONA WAY NE,122474288,23315063,CIVIL4
P120160894,BIPD,10/2/2012 0:00,1056,625,WINSLOW WAY E,122607400,23236100,FI
P120159230,BIPD,9/29/2012 0:00,0958,343,WINSLOW WAY E,122501900,23247000,UNWAN3
P120159333,BIPD,9/29/2012 0:00,1435,,NE DAY RD E / STATE HWY 305 NE,122023402,25247379,T
P120159529,BIPD,9/29/2012 0:00,2031,15369,BROOM ST NE,122191650,26080050,ASSIS3
P120159564,BIPD,9/29/2012 0:00,2153,,MADISON AVE N / STATE HWY 305 NE,122472543,23963078,T
P120153236,BIPD,9/19/2012 0:00,1057,1525,FORT WARD HILL RD NE,122348100,21525250,FRAUD4
P120153260,BIPD,9/19/2012 0:00,1152,1310,MADISON AVE N,122447500,23664000,FI
P120153289,BIPD,9/19/2012 0:00,1236,,JOHN ADAMS LN NW / WYATT WAY NW,122388661,23383450,T
P120153370,BIPD,9/19/2012 0:00,1447,8263,NE CARMELLA LN,121977900,23520850,NARCO4
P120153579,BIPD,9/19/2012 0:00,2041,10838,NORTH MADISON AVE NE,122472800,24582800,MVCG
P120153602,BIPD,9/19/2012 0:00,2130,,BLUE HERON AVE NE / IHLAND WAY NE,122465855,23552072,CELL
P120144484,BIPD,9/4/2012 0:00,1632,131,MADISON AVE N,122428014,23262673,VEHIT4
P120144482,BIPD,9/4/2012 0:00,1630,,BJUNE DR SE / SHANNON DR SE,122470988,23209576,PC3
P120144655,BIPD,9/4/2012 0:00,2128,,NE MORGAN RD / STATE HWY 305 NE,122252700,24842450,T
P120144675,BIPD,9/4/2012 0:00,2218,,NE GRIZDALE LN / NE NEW BROOKLYN RD,122112497,23923755,T
P120140652,BIPD,8/29/2012 0:00,0642,16011,AGATEWOOD RD NE,121561300,26316650,SUSPI4
P120145405,BIPD,9/6/2012 0:00,0628,5563,NE FLETCHER LNDG,121095200,23904950,ALS
P120144201,BIPD,9/4/2012 0:00,0929,5831,WARD AVE NE,122593100,22925050,NOISE4
P120146694,BIPD,9/8/2012 0:00,0346,9330,NE HIGH SCHOOL RD,122363800,23666100,FI
P120144434,BIPD,9/4/2012 0:00,1508,,NORTH TOWN DR NE / SPORTSMAN CLUB RD NE,122294142,24024195,T
P120144527,BIPD,9/4/2012 0:00,1732,,MADISON AVE N / MADRONA WAY NE,122430171,23356861,T
P120144563,BIPD,9/4/2012 0:00,1825,907,CARVER ST,118435000,20790500,MEDIA
P120147364,BIPD,9/9/2012 0:00,1039,7396,SPRINGRIDGE RD NE,121324650,23499000,FU
P120161071,BIPD,10/2/2012 0:00,1540,829,HIGH SCHOOL RD NE,122672300,23642200,FU
P120161086,BIPD,10/2/2012 0:00,1607,829,HIGH SCHOOL RD NE,122672300,23642200,DV3
P120161144,BIPD,10/2/2012 0:00,1804,11515,NORTHWIND CT NE,122376150,24801813,SUICIG
P120161307,BIPD,10/3/2012 0:00,0230,829,HIGH SCHOOL RD NE,122672300,23642200,KEEP4
P120161549,BIPD,10/3/2012 0:00,1259,7284,NE EAGLE HARBOR DR,121972661,23403316,TRAFF4
P120161550,BIPD,10/3/2012 0:00,1300,5025,TAYLOR AVE NE,122637600,22662650,DV4
P120153606,BIPD,9/19/2012 0:00,2142,,"XY(122453860,23535917)",122453860,23535917,CELL
P120151425,BIPD,9/16/2012 0:00,0126,,MADISON AVE N / STATE HWY 305 NE,122472543,23963078,T
P120151723,BIPD,9/16/2012 0:00,1554,15260,BROOM ST NE,122238189,26033907,BOATT3
P120153888,BIPD,9/20/2012 0:00,1100,,KNECHTEL WAY NE / MADISON AVE N,122432246,23447716,T
P120154253,BIPD,9/20/2012 0:00,2237,200,HIGH SCHOOL RD NE,122476500,23646200,T
P120154307,BIPD,9/21/2012 0:00,0047,,NE KOURA RD / MEADOWMEER CIR NE,121979178,24721060,T
P120148481,BIPD,9/11/2012 0:00,1234,,"XY(122346817,22566660)",122346817,22566660,CELL
P120145874,BIPD,9/6/2012 0:00,2030,,"XY(122546788,23526950)",122546788,23526950,CELL
P120145936,BIPD,9/6/2012 0:00,2228,,MADISON AVE N / WALLACE WAY NE,122433596,23514669,T
P120145955,BIPD,9/6/2012 0:00,2320,,STATE HWY 305 NE / NE WEST PORT MADISON RD,121590699,26041540,T
P120146019,BIPD,9/7/2012 0:00,0503,625,WINSLOW WAY E,122607400,23236100,FU
P120161729,BIPD,10/3/2012 0:00,1736,499,OLYMPIC DR SE,122674000,23182900,MVC4
P120159921,BIPD,9/30/2012 0:00,1725,7986,NE LOVGREEN RD W,121911505,25015813,FU
P120161813,BIPD,10/3/2012 0:00,2005,682,TIFFANY MEADOWS DR NE,122751550,23419450,ALS
P120161872,BIPD,10/3/2012 0:00,2324,8238,NE BUCKLIN HILL RD,121907800,23276550,LOSTP4
P120162078,BIPD,10/4/2012 0:00,1122,8832,FERNCLIFF AVE NE,122763100,23922350,ALRA
P120162076,BIPD,10/4/2012 0:00,1120,10800,HYLA AVE NE,122665750,24596150,NOISE3
P120154395,BIPD,9/21/2012 0:00,0802,10870,SUNRISE DR NE,122720884,24593413,MVCG
P120154639,BIPD,9/21/2012 0:00,1501,9330,NE HIGH SCHOOL RD,122363800,23666100,NARCO4
P120154736,BIPD,9/21/2012 0:00,1755,,"XY(122706692,23141823)",122706692,23141823,CELL
P120154893,BIPD,9/22/2012 0:00,0026,,BATTLE POINT DR NE / MILLER RD NE,121350327,24126968,T
P120154917,BIPD,9/22/2012 0:00,0127,253,HIGH SCHOOL RD NE,122470100,23646300,FI
P120154915,BIPD,9/22/2012 0:00,0125,16285,STATE HWY 305 NE,120963750,26314350,ASSIS3
P120146245,BIPD,9/7/2012 0:00,1257,,NE HIDDEN COVE RD / STATE HWY 305 NE,121741136,25661125,RECKL3
P120146288,BIPD,9/7/2012 0:00,1404,15798,STATE HWY 305 NE,121419100,26448500,RECKL3
P120146415,BIPD,9/7/2012 0:00,1736,,STATE HWY 305 NE / NE WEST PORT MADISON RD,121590699,26041540,T
P120146600,BIPD,9/7/2012 0:00,2312,302,MADRONA WAY NE,122459800,23356235,INTOXB
P120147277,BIPD,9/9/2012 0:00,0351,9343,SPORTSMAN CLUB RD NE,122337100,24132500,PC4
P120149731,BIPD,9/13/2012 0:00,1400,12715,MILLER RD NE,121906000,25221600,NARCO4
P120162316,BIPD,10/4/2012 0:00,1837,,"XY(121034683,22490860)",121034683,22490860,CELL
P120162388,BIPD,10/4/2012 0:00,2139,,HYLA AVE NE / NE VALLEY RD,122656499,24699068,T
P120162436,BIPD,10/4/2012 0:00,2341,499,OLYMPIC DR SE,122674000,23182900,FU
P120163352,BIPD,10/6/2012 0:00,1331,9490,NE HIGH SCHOOL RD,122358400,23704100,ALS
P120163362,BIPD,10/6/2012 0:00,1347,14950,SUNRISE DR NE,122749517,25994945,TRAFF3
P120163428,BIPD,10/6/2012 0:00,1523,200,HIGH SCHOOL RD NE,122476500,23646200,GUNVI3
P120154956,BIPD,9/22/2012 0:00,0412,,MADISON AVE N / STATE HWY 305 NE,122472543,23963078,FI
P120155049,BIPD,9/22/2012 0:00,1054,,MADISON AVE N / WINSLOW WAY E,122427660,23249390,TRAFF3
P120155197,BIPD,9/22/2012 0:00,1551,7396,SPRINGRIDGE RD NE,121324650,23499000,FU
P120155339,BIPD,9/22/2012 0:00,2055,,KOMEDAL RD NE / NE RALSTON RD,121558906,25779299,T
P120155402,BIPD,9/22/2012 0:00,2309,550,MADISON AVE N,122431200,23400600,SUSPI3
P120155697,BIPD,9/23/2012 0:00,1540,3988,ROCKAWAY BEACH RD NE,122958800,22275500,THEFT4
P120147321,BIPD,9/9/2012 0:00,0829,907,CARVER ST,118435000,20790500,MEDIA
P120147331,BIPD,9/9/2012 0:00,0900,8186,FLETCHER BAY RD NE,121485900,23747950,T
P120147452,BIPD,9/9/2012 0:00,1434,,"XY(122473764,23044023)",122473764,23044023,CELL
P120147641,BIPD,9/9/2012 0:00,2248,27420,GARDEN GATE AVE NE,121881050,30101800,ASSIS3
P120150346,BIPD,9/14/2012 0:00,1306,,HENSHAW WAY NE / MADRONA WAY NE,122415778,23296314,CELL
P120144594,BIPD,9/4/2012 0:00,1924,11201,NE WING POINT DR,122948350,23271500,SFR
P120147652,BIPD,9/9/2012 0:00,2318,,PARKHILL PL NE / NE VALLEY RD,122540804,24701824,GUNVI3
P120144864,BIPD,9/5/2012 0:00,0924,,"XY(122346817,22566660)",122346817,22566660,CELL
P120144883,BIPD,9/5/2012 0:00,0949,10861,NE MANITOU PARK BLVD,122932900,24590800,DV4
P120144990,BIPD,9/5/2012 0:00,1315,,"XY(122706692,23141823)",122706692,23141823,CELL
P120145079,BIPD,9/5/2012 0:00,1539,,NE GRANDVIEW BLVD / WASHINGTON AVE NE,119953085,26183426,BOATT3
P120155878,BIPD,9/23/2012 0:00,2227,16000,SUQUAMISH WAY NE,121276200,26605600,ASSIS3
P120155943,BIPD,9/24/2012 0:00,0245,7910,NE DAY RD W,121585050,25311350,T
P120156085,BIPD,9/24/2012 0:00,1036,625,WINSLOW WAY E,122607400,23236100,LITTE3
P120156095,BIPD,9/24/2012 0:00,1051,200,HIGH SCHOOL RD NE,122476500,23646200,WC3
P120153611,BIPD,9/19/2012 0:00,2152,550,MADISON AVE N,122431200,23400600,SUSPI3
P120158967,BIPD,9/28/2012 0:00,2106,,NE NEW BROOKLYN RD / SANDS AVE NE,121914537,23931258,MISC3
P120099364,BIPD,6/22/2012 0:00,1504,1724,FORT WARD HILL RD NE,122362250,21582450,FU
P120103268,BIPD,6/28/2012 0:00,2133,7571,NE DOLPHIN DR,121805400,26281400,ALRA
P120099406,BIPD,6/22/2012 0:00,1617,8705,POTLATCH AVE NE,121212050,23913150,THEFT4
P120103596,BIPD,6/29/2012 0:00,1232,15798,STATE HWY 305 NE,121419100,26448500,DUI3
P120103679,BIPD,6/29/2012 0:00,1412,,"XY(122315861,23878262)",122315861,23878262,CELL
P120103822,BIPD,6/29/2012 0:00,1807,9343,SPORTSMAN CLUB RD NE,122337100,24132500,PARKI4
P120163653,BIPD,10/6/2012 0:00,2158,8954,MADISON AVE N,122502650,23960350,FU
P120163936,BIPD,10/7/2012 0:00,1320,7143,ISLAND CENTER RD NE,121604267,23341196,VEHIT4
P120164500,BIPD,10/8/2012 0:00,1204,,HARBORVIEW DR SE / OLYMPIC DR SE,122618573,23213755,THEFT3
P120164633,BIPD,10/8/2012 0:00,1544,,WINSLOW WAY E / WINSLOW WAY E,122485867,23257562,CELL
P120164970,BIPD,10/9/2012 0:00,0713,424,WINSLOW WAY E,122534318,23245920,PC4
P120165153,BIPD,10/9/2012 0:00,1408,16938,NE SANWICK PL,121625100,26650550,THEFT4
P120148002,BIPD,9/10/2012 0:00,1512,10526,NE WIGGINS RD,122733950,22657550,SUSPI4
P120148177,BIPD,9/10/2012 0:00,2040,,NE BROOMGERRIE RD / GRAND AVE NE,122794351,23761511,TRAFF3
P120145063,BIPD,9/5/2012 0:00,1513,,MADISON AVE N / WINSLOW WAY E,122427660,23249390,MVC4
P120145154,BIPD,9/5/2012 0:00,1740,19130,ANGELINE AVE NE,121791300,27354000,BOATT3
P120150870,BIPD,9/15/2012 0:00,0637,,STATE HWY 305 NE / VINEYARD LN,122559210,23438563,T
P120145222,BIPD,9/5/2012 0:00,1947,280,MADISON AVE N,122441700,23299100,PC3
P120153789,BIPD,9/20/2012 0:00,0840,,MADISON AVE N / WALLACE WAY NE,122433596,23514669,T
P120153815,BIPD,9/20/2012 0:00,0910,,NE KOURA RD / STATE HWY 305 NE,122310217,24709702,T
P120156347,BIPD,9/24/2012 0:00,1811,3988,ROCKAWAY BEACH RD NE,122958800,22275500,FU
P120159202,BIPD,9/29/2012 0:00,0832,,FERNCLIFF AVE NE / NE QUIET VALLEY LN,122701953,23732635,SUSPI4
P120156420,BIPD,9/24/2012 0:00,2108,125,GROW AVE NW,122330838,23262779,OPEN3
P120156538,BIPD,9/25/2012 0:00,0606,,NE HIDDEN COVE RD / STATE HWY 305 NE,121741136,25661125,T
P120099491,BIPD,6/22/2012 0:00,1911,,MADISON AVE N / WYATT WAY NE,122430637,23382031,T
P120099998,BIPD,6/23/2012 0:00,1801,,MADISON AVE N / NE NEW BROOKLYN RD,122442200,23911813,T
P120100001,BIPD,6/23/2012 0:00,1804,,"XY(122706692,23141823)",122706692,23141823,CELL
P120100012,BIPD,6/23/2012 0:00,1821,11680,NORTH MADISON AVE NE,122486400,24857900,BURGL4
P120100404,BIPD,6/24/2012 0:00,1032,635,HIGH SCHOOL RD NE,122615700,23616500,MALIC4
P120165164,BIPD,10/9/2012 0:00,1426,12781,NORTH MADISON AVE NE,122441400,25215900,PARKI4
P120165259,BIPD,10/9/2012 0:00,1702,5684,NE WILD CHERRY LN,121179100,23815000,TRAFF3
P120165408,BIPD,10/9/2012 0:00,2313,,NE KOURA RD / STATE HWY 305 NE,122310217,24709702,FU
P120165636,BIPD,10/10/2012 0:00,1141,12779,VISTA DR NE,122345450,25225200,ANIMA4
P120165712,BIPD,10/10/2012 0:00,1332,4870,NE EAGLE HARBOR DR,122464700,22864800,MVC4
P120161793,BIPD,10/3/2012 0:00,1912,,FINCH RD NE / SPORTSMAN CLUB RD NE,122057693,23665411,CELL
P120159650,BIPD,9/30/2012 0:00,0147,253,HIGH SCHOOL RD NE,122470100,23646300,ASSIS3
P120156587,BIPD,9/25/2012 0:00,0853,601,HIGH SCHOOL RD NE,122587100,23628700,T
P120156617,BIPD,9/25/2012 0:00,0935,9805,NE MURDEN COVE DR,122550350,24367500,WC3
P120156784,BIPD,9/25/2012 0:00,1359,11001,NORTH MADISON AVE NE,122409100,24651500,MALIC4
P120156806,BIPD,9/25/2012 0:00,1429,,NE BUCKLIN HILL RD / NE EAGLE HARBOR DR,121966131,23304962,MVC4
P120156850,BIPD,9/25/2012 0:00,1524,625,WINSLOW WAY E,122607400,23236100,FI
P120148564,BIPD,9/11/2012 0:00,1438,,"XY(122322012,23821574)",122322012,23821574,CELL
P120148551,BIPD,9/11/2012 0:00,1426,,HIGH SCHOOL RD NE / MADISON AVE N,122492573,23951002,DV2
P120148729,BIPD,9/11/2012 0:00,1852,12539,VISTA DR NE,122345050,25174950,FU
P120148864,BIPD,9/12/2012 0:00,0128,292,WINSLOW WAY E,122492381,23247490,PC4
P120148939,BIPD,9/12/2012 0:00,0816,,GROW AVE NW / SHEPARD WAY NW,122331356,23319978,T
P120149041,BIPD,9/12/2012 0:00,1145,9333,HOLLY FARM LN NE,121500550,24102550,BURGL2
P120100434,BIPD,6/24/2012 0:00,1204,9631,NE WATCH HILL DR,122425650,21478150,ALRA
P120100768,BIPD,6/24/2012 0:00,2345,253,HIGH SCHOOL RD NE,122470100,23646300,FI
P120100993,BIPD,6/25/2012 0:00,1034,,"XY(121991214,23315162)",121991214,23315162,CELL
P120105325,BIPD,7/2/2012 0:00,0203,253,HIGH SCHOOL RD NE,122470100,23646300,THEFT2
P120105779,BIPD,7/2/2012 0:00,2023,,DUANE LN NW / WALLACE WAY NE,122422205,23516179,CELL
P120096712,BIPD,6/18/2012 0:00,0915,499,OLYMPIC DR SE,122674000,23182900,THEFT3
P120161794,BIPD,10/3/2012 0:00,1913,,CAPSTAN DR NE / PATMOS LN NW,122221342,23647566,CELL
P120166413,BIPD,10/11/2012 0:00,1641,343,WINSLOW WAY E,122501900,23247000,HARAS3
P120166398,BIPD,10/11/2012 0:00,1616,625,WINSLOW WAY E,122607400,23236100,ASSIS4
P120166445,BIPD,10/11/2012 0:00,1733,,"XY(122552272,23583747)",122552272,23583747,CELL
P120167084,BIPD,10/12/2012 0:00,1929,6869,NE SILVER SPRINGS LN,121545500,28674400,ASSIS2
P120167165,BIPD,10/12/2012 0:00,2249,,GILMORE WAY NE / WINSLOW WAY E,122615981,23254352,CELL
P120157203,BIPD,9/26/2012 0:00,0925,561,FAIRVIEW AVE NE,123063646,23401073,BLSP
P120157574,BIPD,9/26/2012 0:00,1800,,NE BAKER HILL RD / NE LARIAT LOOP,121213650,22540628,DUI3
P120158179,BIPD,9/27/2012 0:00,1810,,"XY(122706692,23141823)",122706692,23141823,CELL
P120158239,BIPD,9/27/2012 0:00,2013,907,CARVER ST,118435000,20790500,MEDIA
P120160650,BIPD,10/1/2012 0:00,2132,550,MADISON AVE N,122431200,23400600,WC3
P120145142,BIPD,9/5/2012 0:00,1721,,LOVELL AVE NW / WYATT WAY NW,122300088,23386514,T
P120148188,BIPD,9/10/2012 0:00,2057,,SPORTSMAN CLUB RD NE / STATE HWY 305 NE,122395136,24298387,T
P120148310,BIPD,9/11/2012 0:00,0721,,NE LOVGREEN RD E / STATE HWY 305 NE,122193914,24976129,TRAFF3
P120145134,BIPD,9/5/2012 0:00,1710,,SPORTSMAN CLUB RD NE / STATE HWY 305 NE,122395136,24298387,DUI3
P120148550,BIPD,9/11/2012 0:00,1425,8954,MADISON AVE N,122502650,23960350,WC911
P120145247,BIPD,9/5/2012 0:00,2029,907,CARVER ST,118435000,20790500,MEDIA
P120096715,BIPD,6/18/2012 0:00,0917,1804,SAKAI VILLAGE LOOP NE,122448050,23816800,THEFT4
P120096875,BIPD,6/18/2012 0:00,1342,625,WINSLOW WAY E,122607400,23236100,MISC3
P120101846,BIPD,6/26/2012 0:00,1651,2324,SOUNDVIEW DR NE,122369750,21780750,FU
P120101869,BIPD,6/26/2012 0:00,1748,625,WINSLOW WAY E,122607400,23236100,FU
P120101970,BIPD,6/26/2012 0:00,2049,10201,NE ROBERTS RD,122666000,24819300,WIRESF
P120102411,BIPD,6/27/2012 0:00,1509,8705,POTLATCH AVE NE,121212050,23913150,FU
P120167358,BIPD,10/13/2012 0:00,1051,9590,NE WINDSONG LOOP,122422617,24754865,MALIC4
P120167482,BIPD,10/13/2012 0:00,1503,,ERICKSEN AVE NE / WINSLOW WAY E,122525612,23245942,ALSP
P120167593,BIPD,10/13/2012 0:00,1839,,AGATEWOOD RD NE / STATE HWY 305 NE,121562025,26138320,DUI3
P120167645,BIPD,10/13/2012 0:00,2024,,NE DAY RD E / STATE HWY 305 NE,122023402,25247379,TRAFF3
P120167718,BIPD,10/13/2012 0:00,2335,13797,SILVEN AVE NE,121407300,25590600,PROWL2
P120167748,BIPD,10/14/2012 0:00,0051,280,MADISON AVE N,122441700,23299100,FI
P120151959,BIPD,9/17/2012 0:00,0609,9010,MILLER RD NE,121339300,24048500,FI
P120149247,BIPD,9/12/2012 0:00,1700,,NE KOURA RD / STATE HWY 305 NE,122310217,24709702,MVCG
P120149364,BIPD,9/12/2012 0:00,2133,907,CARVER ST,118435000,20790500,MEDIA
P120152201,BIPD,9/17/2012 0:00,1345,625,WINSLOW WAY E,122607400,23236100,FI
P120149543,BIPD,9/13/2012 0:00,0902,2623,TOE JAM HILL RD NE,122639550,21872300,FU
P120149676,BIPD,9/13/2012 0:00,1221,,FERNCLIFF AVE NE / HIGH SCHOOL RD NE,122700327,23641703,INFOP4
P120158532,BIPD,9/28/2012 0:00,1022,,SPORTSMAN CLUB RD NE / NE WARDWELL RD,122379781,24286006,RECKL3
P120158636,BIPD,9/28/2012 0:00,1240,255,SHANNON DR SE,122475130,23171911,THREA4
P120158664,BIPD,9/28/2012 0:00,1308,9563,SPORTSMAN CLUB RD NE,122360358,24191590,T
P120158665,BIPD,9/28/2012 0:00,1312,,HIGH SCHOOL RD NE / STATE HWY 305 NE,122571082,23644469,T
P120158838,BIPD,9/28/2012 0:00,1724,,NE DAY RD E / NE YETI LN,122025071,25272959,CELL
P120161593,BIPD,10/3/2012 0:00,1401,7121,NE HIDDEN COVE RD,121671175,25649162,FRAUD4
P120145332,BIPD,9/6/2012 0:00,0018,625,WINSLOW WAY E,122607400,23236100,WRT3
P120145337,BIPD,9/6/2012 0:00,0039,5232,LYNWOOD CENTER RD NE,121791350,22767850,REPOS
P120149144,BIPD,9/12/2012 0:00,1408,9333,HOLLY FARM LN NE,121500550,24102550,TRANS
P120145793,BIPD,9/6/2012 0:00,1812,907,CARVER ST,118435000,20790500,MEDIA
P120149556,BIPD,9/13/2012 0:00,0927,,NE BUSINESS PARK LN / SPORTSMAN CLUB RD NE,122322118,24094785,T
P120106668,BIPD,7/4/2012 0:00,0159,,MADISON AVE N / WYATT WAY NE,122430637,23382031,TRAFF3
P120106687,BIPD,7/4/2012 0:00,0241,,GROW AVE NW / WYATT WAY NW,122332251,23385462,MVC3
P120106979,BIPD,7/4/2012 0:00,1646,12854,SUNRISE DR NE,122744900,25248000,MVC4
P120107095,BIPD,7/4/2012 0:00,2015,11240,PINYON AVE NE,121782850,24776950,FIREW4
P120102542,BIPD,6/27/2012 0:00,1906,141,PARFITT WAY SW,122410800,23143000,VERBA3
P120107459,BIPD,7/5/2012 0:00,0838,,GROW AVE NW / NE HIGH SCHOOL RD,122337828,23651155,T
P120167755,BIPD,10/14/2012 0:00,0109,9330,NE HIGH SCHOOL RD,122363800,23666100,T
P120167827,BIPD,10/14/2012 0:00,0620,,MADISON AVE N / WYATT WAY NE,122430637,23382031,T
P120168114,BIPD,10/14/2012 0:00,1956,5009,TAYLOR AVE NE,122602200,22641950,UNKNO3
P120168271,BIPD,10/15/2012 0:00,0802,15701,POINT MONROE DR NE,122720400,26295450,FU
P120168269,BIPD,10/15/2012 0:00,0757,625,WINSLOW WAY E,122607400,23236100,TRANS
P120168369,BIPD,10/15/2012 0:00,1052,11070,NE WING POINT DR,123009289,23234977,PC4
P120149788,BIPD,9/13/2012 0:00,1526,5834,WARD AVE NE,122596400,22917100,SUSPI3
P120149849,BIPD,9/13/2012 0:00,1655,301,HIGH SCHOOL RD NE,122491500,23645900,SUSPI4
P120149920,BIPD,9/13/2012 0:00,1903,141,PARFITT WAY SW,122410800,23143000,SUSPI3
P120150515,BIPD,9/14/2012 0:00,1650,5366,DIAMOND PL NE,121692550,22852500,WC911
P120152831,BIPD,9/18/2012 0:00,1533,,MADISON AVE N / WYATT WAY NE,122430637,23382031,T
P120150575,BIPD,9/14/2012 0:00,1814,,NE HIGH SCHOOL RD / WEAVER RD NW,122172525,23657280,T
P120158963,BIPD,9/28/2012 0:00,2043,403,MADISON AVE S,122425500,23163900,MISC4
P120156299,BIPD,9/24/2012 0:00,1646,,MADISON AVE N / STATE HWY 305 NE,122472543,23963078,T
P120158979,BIPD,9/28/2012 0:00,2118,1000,WEAVER RD NW,122187600,23568300,FI
P120162034,BIPD,10/4/2012 0:00,1008,253,HIGH SCHOOL RD NE,122470100,23646300,T
P120156320,BIPD,9/24/2012 0:00,1721,10610,NE GERTIE JOHNSON RD,122804550,24766300,BURGL2
P120162366,BIPD,10/4/2012 0:00,2023,1934,LINCOLN AVE SE,119913650,19924400,WRT3
P120142955,BIPD,9/2/2012 0:00,0006,,FINCH RD NE / NE HIGH SCHOOL RD,122040602,23661844,T
P120143032,BIPD,9/2/2012 0:00,0347,9330,NE HIGH SCHOOL RD,122363800,23666100,PC4
P120143144,BIPD,9/2/2012 0:00,1218,625,WINSLOW WAY E,122607400,23236100,FI
P120143378,BIPD,9/2/2012 0:00,1939,907,CARVER ST,118435000,20790500,MEDIA
P120146335,BIPD,9/7/2012 0:00,1503,7396,SPRINGRIDGE RD NE,121324650,23499000,BURGL4
P120146348,BIPD,9/7/2012 0:00,1531,625,WINSLOW WAY E,122607400,23236100,DV4
P120168475,BIPD,10/15/2012 0:00,1359,678,CHERRY AVE NE,122966150,23430300,PC4
P120168866,BIPD,10/16/2012 0:00,0806,6705,NE DAPPLE CT,121438000,22443150,ALRA
P120168854,BIPD,10/16/2012 0:00,0747,,OLYMPIC DR SE / STATE HWY 305 NE,122597069,23245490,PC3
P120168885,BIPD,10/16/2012 0:00,0902,,NE BROOMGERRIE RD / GRAND AVE NE,122794351,23761511,TRAFF4
P120166249,BIPD,10/11/2012 0:00,1218,625,WINSLOW WAY E,122607400,23236100,FI
P120148185,BIPD,9/10/2012 0:00,2054,11390,PINYON AVE NE,121780997,24790327,NOISE4
P120148193,BIPD,9/10/2012 0:00,2110,301,HIGH SCHOOL RD NE,122491500,23645900,DUI3
P120153165,BIPD,9/19/2012 0:00,0839,,BJUNE DR SE / MADISON AVE S,122427052,23224917,PC4
P120148315,BIPD,9/11/2012 0:00,0735,11601,JUST A MEER LN NE,122206750,24864650,FI
P120148318,BIPD,9/11/2012 0:00,0744,,GROW AVE NW / SHEPARD WAY NW,122331356,23319978,T
P120148443,BIPD,9/11/2012 0:00,1118,5208,NE FOREST GLADE LN,121016814,24163091,FRAUD4
P120169034,BIPD,10/16/2012 0:00,1238,,NE IDELWEIS CT / NORTH MADISON AVE NE,122462708,24935381,TRAFF4
P120169192,BIPD,10/16/2012 0:00,1638,4162,SORREL WAY NE,121212900,22375750,SUSPI3
P120169208,BIPD,10/16/2012 0:00,1701,10881,BILL POINT CIR NE,122921750,22835500,MISSI3
P120167006,BIPD,10/12/2012 0:00,1710,14818,STATE HWY 305 NE,121660400,25893700,CPR
P120169311,BIPD,10/16/2012 0:00,2106,907,CARVER ST,118435000,20790500,MEDIA
P120169328,BIPD,10/16/2012 0:00,2203,840,MADISON AVE N,122440950,23491050,WC911
P120156329,BIPD,9/24/2012 0:00,1734,,ERICKSEN AVE NE / WALLACE WAY NE,122531605,23512269,MVC4
P120159351,BIPD,9/29/2012 0:00,1504,3962,WEST BLAKELY RD NE,122048350,22313700,WC911
P120159486,BIPD,9/29/2012 0:00,1904,8270,NE CARMELLA LN,122000000,23537550,LITTE4
P120159722,BIPD,9/30/2012 0:00,0858,250,OLYMPIC DR SE,122618700,23213700,ALRA
P120163361,BIPD,10/6/2012 0:00,1347,7529,NE BAKER HILL RD,121741595,22606238,T
P120159729,BIPD,9/30/2012 0:00,0928,14414,NORTH MADISON AVE NE,122524000,25772350,KEEP4
P120150690,BIPD,9/14/2012 0:00,2242,,STRAWBERRY LN NW / WEAVER RD NW,122170040,23516735,FI
P120150699,BIPD,9/14/2012 0:00,2258,9330,NE HIGH SCHOOL RD,122363800,23666100,UNKNO3
P120150917,BIPD,9/15/2012 0:00,0912,,NE EDNA OLSEN LN / POINT WHITE DR NE,121751434,22554293,CELL
P120146458,BIPD,9/7/2012 0:00,1901,,MILLER RD NE / NE NEW BROOKLYN RD,121365750,23936543,RECKL3
P120146781,BIPD,9/8/2012 0:00,1020,4569,LYNWOOD CENTER RD NE,121750700,22509200,PC3
P120147086,BIPD,9/8/2012 0:00,2011,,NORTH MADISON AVE NE / NE VALLEY RD,122457917,24703521,T
P120151135,BIPD,9/15/2012 0:00,1618,,"XY(122322012,23821574)",122322012,23821574,CELL
P120151287,BIPD,9/15/2012 0:00,2022,10728,NE VALLEY RD,122803948,24695766,NOISE4
P120151346,BIPD,9/15/2012 0:00,2224,,NE KOURA RD / STATE HWY 305 NE,122310217,24709702,T
P120151470,BIPD,9/16/2012 0:00,0338,625,WINSLOW WAY E,122607400,23236100,FU
P120151690,BIPD,9/16/2012 0:00,1515,4620,TAYLOR AVE NE,122620200,22517150,PC3
P120151991,BIPD,9/17/2012 0:00,0812,4704,BLAKELY AVE NE,122054800,22581700,PC3
P120107620,BIPD,7/5/2012 0:00,1318,625,WINSLOW WAY E,122607400,23236100,FI
P120102570,BIPD,6/27/2012 0:00,1954,,"XY(122552272,23583747)",122552272,23583747,CELL
P120107906,BIPD,7/5/2012 0:00,2101,3160,NE WHEELER ST,120485500,31733000,ASSIS4
P120102927,BIPD,6/28/2012 0:00,1151,7755,WESTERLY LN NE,121796000,23590550,WC911
P120102984,BIPD,6/28/2012 0:00,1316,17296,LEMOLO SHORE DR NE,119761800,26824800,ASSIS3
P120147224,BIPD,9/9/2012 0:00,0054,930,MADISON AVE N,122447750,23567000,DV2
P120147596,BIPD,9/9/2012 0:00,2004,,NORTH MADISON AVE NE / NE RACCOON LN,122470605,25330068,WIRESF
P120151966,BIPD,9/17/2012 0:00,0651,,NE DAY RD W / MILLER RD NE,121978357,25249210,T
P120147657,BIPD,9/9/2012 0:00,2325,7611,NE HIDDEN COVE RD,121845900,25628800,WC4
P120152440,BIPD,9/17/2012 0:00,2027,907,CARVER ST,118435000,20790500,MEDIA
P120147705,BIPD,9/10/2012 0:00,0238,380,WINSLOW WAY E,122507500,23253200,BLSP
P120169604,BIPD,10/17/2012 0:00,1203,15122,NE ANNA VERA LN,122034550,25967200,BLSP
P120169854,BIPD,10/17/2012 0:00,1818,7089,NE BAY HILL RD,121547300,24844400,ASSIS4
P120170013,BIPD,10/18/2012 0:00,0519,,FIELDSTONE LN NE / NE KOURA RD,121862447,24723838,T
P120170238,BIPD,10/18/2012 0:00,1446,,FINCH RD NE / SPORTSMAN CLUB RD NE,122057693,23665411,CELL
P120170494,BIPD,10/19/2012 0:00,0017,,FERNCLIFF AVE NE / WING POINT WAY NE,122693146,23376023,T
P120170515,BIPD,10/19/2012 0:00,0145,,ALMA PL NE / NE SEABOLD RD,121564990,26043092,FI
P120155020,BIPD,9/22/2012 0:00,0933,8964,BATTLE POINT DR NE,121092900,24126600,WC911
P120155301,BIPD,9/22/2012 0:00,1911,499,OLYMPIC DR SE,122674000,23182900,MVC3
P120152027,BIPD,9/17/2012 0:00,0935,625,WINSLOW WAY E,122607400,23236100,CIVIL4
P120152270,BIPD,9/17/2012 0:00,1531,625,WINSLOW WAY E,122607400,23236100,FI
P120152548,BIPD,9/18/2012 0:00,0313,9384,NE DAY RD E,122395141,25232997,PC4
P120152588,BIPD,9/18/2012 0:00,0754,10905,MAIDEN LN NE,121814400,24666450,MALIC4
P120159869,BIPD,9/30/2012 0:00,1538,,"XY(122307290,23080514)",122307290,23080514,CELL
P120159888,BIPD,9/30/2012 0:00,1630,7986,NE LOVGREEN RD W,121911505,25015813,FU
P120159989,BIPD,9/30/2012 0:00,1927,,WINSLOW WAY E / WINSLOW WAY E,122485801,23257928,CELL
P120160090,BIPD,10/1/2012 0:00,0121,,NE DAY RD E / NORTH MADISON AVE NE,122468811,25230896,TRANS
P120160274,BIPD,10/1/2012 0:00,1123,200,HIGH SCHOOL RD NE,122476500,23646200,WC911
P120160377,BIPD,10/1/2012 0:00,1408,,NE DAY RD E / NE YETI LN,122025071,25272959,CELL
P120103084,BIPD,6/28/2012 0:00,1608,9125,SPORTSMAN CLUB RD NE,122290100,24108100,MVCA
P120103432,BIPD,6/29/2012 0:00,0734,907,CARVER ST,118435000,20790500,MEDIA
P120104352,BIPD,6/30/2012 0:00,1440,480,NW WESLEY WAY,119287150,30259050,WATERR
P120108704,BIPD,7/6/2012 0:00,2323,,NE HIDDEN COVE RD / STATE HWY 305 NE,121741136,25661125,T
P120104412,BIPD,6/30/2012 0:00,1717,,ERICKSEN AVE NE / MADRONE LN N,122485723,23250998,CELL
P120104495,BIPD,6/30/2012 0:00,1936,907,CARVER ST,118435000,20790500,MEDIA
P120147744,BIPD,9/10/2012 0:00,0702,132,BJUNE DR SE,122444164,23222555,PC4
P120147845,BIPD,9/10/2012 0:00,1048,625,WINSLOW WAY E,122607400,23236100,MISC4
P120148122,BIPD,9/10/2012 0:00,1823,,NE DAY RD E / STATE HWY 305 NE,122023402,25247379,DUI3
P120148374,BIPD,9/11/2012 0:00,0935,550,MADISON AVE N,122431200,23400600,FU
P120148702,BIPD,9/11/2012 0:00,1805,907,CARVER ST,118435000,20790500,MEDIA
P120152608,BIPD,9/18/2012 0:00,0838,,WINSLOW WAY E / WINSLOW WAY E,122485875,23257927,CELL
P120152618,BIPD,9/18/2012 0:00,0911,13495,MANZANITA RD NE,121407600,25457500,ALRA
P120152682,BIPD,9/18/2012 0:00,1057,11202,NE WING POINT DR,122962400,23273550,MVC4
P120152875,BIPD,9/18/2012 0:00,1642,,NE DAY RD E / STATE HWY 305 NE,122023402,25247379,MVC4
P120152973,BIPD,9/18/2012 0:00,1922,,"XY(122347655,24072760)",122347655,24072760,UNKNO3
P120150710,BIPD,9/14/2012 0:00,2317,9330,NE HIGH SCHOOL RD,122363800,23666100,NOISE4
P120170605,BIPD,10/19/2012 0:00,0916,625,WINSLOW WAY E,122607400,23236100,HARAS4
P120170649,BIPD,10/19/2012 0:00,1015,499,OLYMPIC DR SE,122674000,23182900,ASSIS3
P120170659,BIPD,10/19/2012 0:00,1034,12311,ARROW POINT LOOP NE,121258650,24995200,FU
P120170664,BIPD,10/19/2012 0:00,1045,282,KNECHTEL WAY NE,122487800,23447100,MISC4
P120170755,BIPD,10/19/2012 0:00,1321,,NE DAY RD E / NORTH MADISON AVE NE,122468811,25230896,RECKL3
P120170829,BIPD,10/19/2012 0:00,1534,625,WINSLOW WAY E,122607400,23236100,MISC3
P120160515,BIPD,10/1/2012 0:00,1723,,NE DAY RD E / STATE HWY 305 NE,122023402,25247379,T
P120160659,BIPD,10/1/2012 0:00,2141,301,HIGH SCHOOL RD NE,122491500,23645900,RECKL3
P120160861,BIPD,10/2/2012 0:00,1002,,NE LOVGREEN RD W / MILLER RD NE,121741307,24988019,PC4
P120161019,BIPD,10/2/2012 0:00,1418,829,HIGH SCHOOL RD NE,122672300,23642200,KEEP4
P120161185,BIPD,10/2/2012 0:00,1912,,NICHOLSON PL NW / WYATT WAY NW,122250974,23388522,T
P120161225,BIPD,10/2/2012 0:00,2039,,"XY(122090015,25029985)",122090015,25029985,CELL
P120109239,BIPD,7/7/2012 0:00,2122,625,WINSLOW WAY E,122607400,23236100,DUI3
P120104467,BIPD,6/30/2012 0:00,1859,299,SHANNON DR SE,122508700,23164500,PC3
P120104807,BIPD,7/1/2012 0:00,0638,292,WINSLOW WAY E,122492381,23247490,SEXOF3
P120105082,BIPD,7/1/2012 0:00,1756,,MILLER RD NE / NE TOLO RD,121433990,24330529,T
P120105316,BIPD,7/2/2012 0:00,0110,9330,NE HIGH SCHOOL RD,122363800,23666100,SUSPI3
P120105322,BIPD,7/2/2012 0:00,0136,403,MADISON AVE N,122430200,23357500,FOUND4
P120150698,BIPD,9/14/2012 0:00,2257,9330,NE HIGH SCHOOL RD,122363800,23666100,INTOX3
P120156795,BIPD,9/25/2012 0:00,1414,,MADISON AVE N / STATE HWY 305 NE,122472543,23963078,T
P120150706,BIPD,9/14/2012 0:00,2314,9330,NE HIGH SCHOOL RD,122363800,23666100,INTOX3
P120151037,BIPD,9/15/2012 0:00,1341,9110,FLETCHER BAY RD NE,121196750,23948350,FU
P120151085,BIPD,9/15/2012 0:00,1507,,EDGECOMBE PL NE / MANITOU BEACH DR NE,122500033,24305152,T
P120154277,BIPD,9/20/2012 0:00,2343,4900,ROSE AVE NE,122415800,22687900,RECKL3
P120148753,BIPD,9/11/2012 0:00,1951,12539,VISTA DR NE,122345050,25174950,FU
P120148868,BIPD,9/12/2012 0:00,0144,625,WINSLOW WAY E,122607400,23236100,WRT3
P120149078,BIPD,9/12/2012 0:00,1241,9300,MANDUS OLSON RD NE,121807300,24096350,PROWL2
P120149425,BIPD,9/13/2012 0:00,0104,,NE FOSTER RD / JENNIE AVE NE,121151583,23875342,T
P120149640,BIPD,9/13/2012 0:00,1119,11954,MILLER RD NE,121740493,24986353,FU
P120146068,BIPD,9/7/2012 0:00,0801,,NE DAY RD E / STATE HWY 305 NE,122023402,25247379,RECKL3
P120171507,BIPD,10/20/2012 0:00,2001,253,HIGH SCHOOL RD NE,122470100,23646300,THEFT4
P120171715,BIPD,10/21/2012 0:00,0914,4190,LYTLE RD NE,121922550,22447350,FU
P120171753,BIPD,10/21/2012 0:00,1114,5305,NE OLD MILL RD,122039900,22740150,FU
P120171813,BIPD,10/21/2012 0:00,1334,,WINSLOW WAY E / WINSLOW WAY E,122485867,23257562,CELL
P120171855,BIPD,10/21/2012 0:00,1510,253,HIGH SCHOOL RD NE,122470100,23646300,T
P120154342,BIPD,9/21/2012 0:00,0320,,BAINBRIDGE HIGH SCHOOL,122297262,23697521,PC4
P120154670,BIPD,9/21/2012 0:00,1549,9451,NE NEW BROOKLYN RD,122328400,23904700,FOUND4
P120154744,BIPD,9/21/2012 0:00,1814,9330,NE HIGH SCHOOL RD,122363800,23666100,DV3
P120154880,BIPD,9/21/2012 0:00,2344,,NE NEW BROOKLYN RD / NORTH TOWN DR NE,122285145,23917554,T
P120155316,BIPD,9/22/2012 0:00,1943,907,CARVER ST,118435000,20790500,MEDIA
P120155470,BIPD,9/23/2012 0:00,0204,,FERNCLIFF AVE NE / HIGH SCHOOL RD NE,122700327,23641703,DUI3
P120154057,BIPD,9/20/2012 0:00,1546,1201,CHERRY AVE NE,122892000,23620450,HARAS4
P120146201,BIPD,9/7/2012 0:00,1155,,NE DAY RD E / STATE HWY 305 NE,122023402,25247379,DUI3
P120150232,BIPD,9/14/2012 0:00,0934,305,MADISON AVE N,122413500,23319400,NARCO4
P120150898,BIPD,9/15/2012 0:00,0807,4269,LYNWOOD CENTER RD NE,121758863,22548213,MISC4
P120151533,BIPD,9/16/2012 0:00,0929,5834,WARD AVE NE,122596400,22917100,MALIC4
P120151742,BIPD,9/16/2012 0:00,1618,499,OLYMPIC DR SE,122674000,23182900,INTOXB
P120171857,BIPD,10/21/2012 0:00,1516,461,SHANNON DR,122539587,23209016,CIVIL3
P120172305,BIPD,10/22/2012 0:00,1232,9463,NE BUSINESS PARK LN,122383800,24078150,SUSPI4
P120172350,BIPD,10/22/2012 0:00,1345,625,WINSLOW WAY E,122607400,23236100,FI
P120172490,BIPD,10/22/2012 0:00,1755,270,OLYMPIC DR SE,122674150,23183550,UNKNOA
P120172546,BIPD,10/22/2012 0:00,2028,,NE HIGH SCHOOL RD / HILDEBRAND LN NE,122494723,23638275,CELL
P120172596,BIPD,10/22/2012 0:00,2358,11841,MILLER RD NE,121712956,24936665,DV2
P120155576,BIPD,9/23/2012 0:00,1042,6335,NE LARIAT LOOP,121279200,22556050,WC911
P120155670,BIPD,9/23/2012 0:00,1450,,STATE HWY 305 NE / WINSLOW WAY E,122597069,23245490,T
P120155845,BIPD,9/23/2012 0:00,2018,9101,SPRINGRIDGE RD NE,121248850,24030900,MALIC3
P120156025,BIPD,9/24/2012 0:00,0842,,FERNCLIFF AVE NE / GRAND AVE NE,122707500,23906698,FUELS
P120156116,BIPD,9/24/2012 0:00,1128,8332,NE NEW HOLLAND CT,122002250,23455050,FU
P120158976,BIPD,9/28/2012 0:00,2115,253,HIGH SCHOOL RD NE,122470100,23646300,PC3
P120154674,BIPD,9/21/2012 0:00,1557,13238,TEEM LOOP RD NE,122003750,25467350,FRAUD4
P120154803,BIPD,9/21/2012 0:00,2058,10230,NE BEACH CREST DR,122703250,24416500,ALRA
P120151811,BIPD,9/16/2012 0:00,1833,907,CARVER ST,118435000,20790500,MEDIA
P120151861,BIPD,9/16/2012 0:00,2030,8553,NE DAY RD E,122118900,25224300,FI
P120154959,BIPD,9/22/2012 0:00,0427,,FERNCLIFF AVE NE / HIGH SCHOOL RD NE,122700327,23641703,FI
P120155015,BIPD,9/22/2012 0:00,0915,350,HIGH SCHOOL RD NE,122521100,23645300,WC911
P120156130,BIPD,9/24/2012 0:00,1155,14445,PHELPS RD NE,122360600,25793050,FI
P120156258,BIPD,9/24/2012 0:00,1542,,MADISON AVE N / WINSLOW WAY E,122427660,23249390,FOUND4
P120159304,BIPD,9/29/2012 0:00,1332,625,WINSLOW WAY E,122607400,23236100,MEDIA
P120156492,BIPD,9/25/2012 0:00,0114,499,OLYMPIC DR SE,122674000,23182900,WC4
P120156745,BIPD,9/25/2012 0:00,1243,1240,WING POINT WAY NE,122821050,23386050,FI
P120161438,BIPD,10/3/2012 0:00,1002,7689,NE DAY RD W,121828900,25206300,THEFT4
P120161672,BIPD,10/3/2012 0:00,1557,835,MADISON AVE N,122415100,23498500,CIVIL3
P120161855,BIPD,10/3/2012 0:00,2207,871,WYATT WAY NW,122185800,23372700,MALIC3
P120161917,BIPD,10/4/2012 0:00,0336,,NE LOFGREN RD / MORAN RD NE,122445705,24110420,FI
P120162136,BIPD,10/4/2012 0:00,1258,1187,WYATT WAY NW,122069100,23385600,ABAND4
P120159153,BIPD,9/29/2012 0:00,0353,,HIGH SCHOOL RD NE / STATE HWY 305 NE,122571082,23644469,TRAFF3
P120109802,BIPD,7/8/2012 0:00,1935,,REITAN RD NE / STATE HWY 305 NE,121501742,26370270,THEFT2
P120106075,BIPD,7/3/2012 0:00,1017,,HILDEBRAND LN NE / TORMEY LN NE,122534254,23589670,PC3
P120101215,BIPD,6/25/2012 0:00,1624,,NE KOURA RD / OLYMPIC TERRACE AVE NE,121467744,24729708,DUI3
P120106098,BIPD,7/3/2012 0:00,1057,,NORTH MADISON AVE NE / NE VALLEY RD,122457917,24703521,T
P120110248,BIPD,7/9/2012 0:00,1402,381,WALLACE WAY NE,122524400,23506000,CIVIL4
P120110405,BIPD,7/9/2012 0:00,1817,907,CARVER ST,118435000,20790500,MEDIA
P120152418,BIPD,9/17/2012 0:00,1944,,NE BECK RD / LYTLE RD NE,121909743,22340195,FIREW4
P120152491,BIPD,9/17/2012 0:00,2224,,NE HIGH SCHOOL RD / HORIZON VIEW PL NW,122310438,23631740,CELL
P120152702,BIPD,9/18/2012 0:00,1128,7968,FINCH RD NE,122064000,23640000,GRAFF4
P120152922,BIPD,9/18/2012 0:00,1741,,MADISON AVE N / WINSLOW WAY E,122427660,23249390,T
P120155575,BIPD,9/23/2012 0:00,1040,7070,NE EAGLE HARBOR DR,121972000,23357300,T
P120153355,BIPD,9/19/2012 0:00,1429,,BATTLE POINT DR NE / DEAD END,120874335,24518746,CELL
P120162701,BIPD,10/5/2012 0:00,1222,9330,NE HIGH SCHOOL RD,122363800,23666100,NARCO4
P120159171,BIPD,9/29/2012 0:00,0642,3702,PLEASANT BEACH DR NE,121901450,22298200,HARAS4
P120162979,BIPD,10/5/2012 0:00,2039,7480,NE BUCKLIN HILL RD,121739650,23147550,BURGL3
P120163100,BIPD,10/6/2012 0:00,0056,403,MADISON AVE N,122430200,23357500,FI
P120163533,BIPD,10/6/2012 0:00,1751,907,CARVER ST,118435000,20790500,MEDIA
P120163547,BIPD,10/6/2012 0:00,1812,,NE KNIGHT RD / SUNRISE DR NE,122736116,25355617,RECKL3
P120172664,BIPD,10/23/2012 0:00,0521,,NE DAY RD E / STATE HWY 305 NE,122023402,25247379,T
P120172854,BIPD,10/23/2012 0:00,1217,15626,POINT MONROE DR NE,122797000,26168300,ALRA
P120173090,BIPD,10/23/2012 0:00,1841,,NE LOVGREEN RD E / STATE HWY 305 NE,122193914,24976129,SUSPI3
P120173127,BIPD,10/23/2012 0:00,2050,461,SHANNON DR SE,122555985,23204454,FI
P120173159,BIPD,10/23/2012 0:00,2247,,NE KOURA RD / STATE HWY 305 NE,122310217,24709702,UNKNO3
P120173197,BIPD,10/24/2012 0:00,0110,,MADISON AVE N / STATE HWY 305 NE,122472543,23963078,T
P120155661,BIPD,9/23/2012 0:00,1427,,GROW AVE NW / SHEPARD WAY NW,122331356,23319978,T
P120153397,BIPD,9/19/2012 0:00,1524,5622,ROSE LOOP NE,122353200,22883550,SUSPI4
P120156495,BIPD,9/25/2012 0:00,0132,,GEORGE LN NE / STATE HWY 305 NE,120748436,26240849,FI
P120153620,BIPD,9/19/2012 0:00,2219,301,HIGH SCHOOL RD NE,122491500,23645900,MISC4
P120156547,BIPD,9/25/2012 0:00,0710,,NE DAY RD E / STATE HWY 305 NE,122023402,25247379,DUI3
P120163862,BIPD,10/7/2012 0:00,1007,256,GROW AVE NW,122331284,23306936,ABAND4
P120163864,BIPD,10/7/2012 0:00,1016,11299,ARROW POINT DR NE,121068800,24696200,ALS
P120165026,BIPD,10/9/2012 0:00,0944,9330,NE HIGH SCHOOL RD,122363800,23666100,FI
P120165199,BIPD,10/9/2012 0:00,1521,9350,NE HIGH SCHOOL RD,122411800,23664400,MALIC4
P120165274,BIPD,10/9/2012 0:00,1730,,FERNCLIFF AVE NE / NE KLICKITAT PL,122696043,23486236,T
P120165318,BIPD,10/9/2012 0:00,1854,635,HIGH SCHOOL RD NE,122615700,23616500,T
P120173893,BIPD,10/25/2012 0:00,0830,,"XY(122347792,23670687)",122347792,23670687,CELL
P120170825,BIPD,10/19/2012 0:00,1528,,FERNCLIFF AVE NE / WINSLOW WAY E,122689699,23243385,RECKL4
P120170956,BIPD,10/19/2012 0:00,1902,777,SANTA CLARA LN NE,122731598,23386655,UNWAN3
P120171348,BIPD,10/20/2012 0:00,1453,289,SHANNON DR SE,122488000,23159000,WATERR
P120171346,BIPD,10/20/2012 0:00,1444,6465,HALEY LOOP NE,121782050,23292500,DV2
P120171374,BIPD,10/20/2012 0:00,1548,,NE DAY RD E / NE YETI LN,122031353,25269536,CELL
P120153675,BIPD,9/20/2012 0:00,0028,,NE DAY RD E / STATE HWY 305 NE,122023402,25247379,T
P120153837,BIPD,9/20/2012 0:00,0940,625,WINSLOW WAY E,122607400,23236100,FI
P120153891,BIPD,9/20/2012 0:00,1106,1560,MADISON AVE N,122513050,23720400,TRESP3
P120153908,BIPD,9/20/2012 0:00,1142,4779,LYNWOOD CENTER RD NE,121749200,22595450,MISC4
P120154023,BIPD,9/20/2012 0:00,1455,10945,FAIRMONT LN NE,122133500,24560000,PC3
P120150107,BIPD,9/14/2012 0:00,0314,,NE KNIGHT RD / SUNRISE DR NE,122736116,25355617,TRAFF3
P120150151,BIPD,9/14/2012 0:00,0712,907,CARVER ST,118435000,20790500,MEDIA
P120157616,BIPD,9/26/2012 0:00,1907,9125,SPORTSMAN CLUB RD NE,122290100,24108100,ASSIS4
P120157716,BIPD,9/26/2012 0:00,2330,9330,NE HIGH SCHOOL RD,122363800,23666100,UNWAN3
P120157747,BIPD,9/27/2012 0:00,0136,,STATE HWY 305 NE / NE WEST PORT MADISON RD,121590699,26041540,T
P120157769,BIPD,9/27/2012 0:00,0306,,MILLER BAY RD NE / NE SILVER SPRINGS LN,121626561,28663800,ASSIS3
P120150172,BIPD,9/14/2012 0:00,0755,9125,SPORTSMAN CLUB RD NE,122290100,24108100,T
P120171438,BIPD,10/20/2012 0:00,1738,11954,MILLER RD NE,121740493,24986353,RUNAW4
P120174159,BIPD,10/25/2012 0:00,1623,,NE HIGH SCHOOL RD / MADISON AVE N,122433634,23644002,CELL
P120174279,BIPD,10/25/2012 0:00,2028,271,WINSLOW WAY E,122484900,23247700,SUSPI3
P120174870,BIPD,10/26/2012 0:00,2345,7666,NE HIGH SCHOOL RD,121802600,23667700,FI
P120174906,BIPD,10/27/2012 0:00,0059,253,HIGH SCHOOL RD NE,122470100,23646300,OPEN3
P120174978,BIPD,10/27/2012 0:00,0403,,MANITOU BEACH DR NE / NORTH MADISON AVE NE,122430015,24309046,T
P120165301,BIPD,10/9/2012 0:00,1827,26409,PORT GAMBLE RD NE,121004850,29845050,ASSIS3
P120165402,BIPD,10/9/2012 0:00,2254,,NE DAY RD E / STATE HWY 305 NE,122023402,25247379,TRAFF3
P120165604,BIPD,10/10/2012 0:00,1039,,NE HIGH SCHOOL RD / HORIZON VIEW PL NW,122314854,23640764,CELL
P120165750,BIPD,10/10/2012 0:00,1432,,GRAND AVE / NE YEOMALT POINT DR,123022083,23543556,SUSPI3
P120165817,BIPD,10/10/2012 0:00,1602,,"XY(122706692,23141823)",122706692,23141823,CELL
P120174984,BIPD,10/27/2012 0:00,0423,,STATE HWY 305 NE / NE TOTTEN RD,120519593,26293053,ASSIS3
P120175024,BIPD,10/27/2012 0:00,0812,,"XY(121282990,24791158)",121282990,24791158,CELL
P120175013,BIPD,10/27/2012 0:00,0725,,NE LOVGREEN RD E / STATE HWY 305 NE,122193914,24976129,MVCG
P120175126,BIPD,10/27/2012 0:00,1234,640,ALDER AVE NE,122999600,23419150,BURGL4
P120175180,BIPD,10/27/2012 0:00,1425,11954,MILLER RD NE,121740493,24986353,RETURN
P120175305,BIPD,10/27/2012 0:00,2010,,NE HIGH SCHOOL RD / MADISON AVE N,122433634,23644002,SUSPI3
P120169301,BIPD,10/16/2012 0:00,2034,499,OLYMPIC DR SE,122674000,23182900,DUI3
P120165961,BIPD,10/10/2012 0:00,2122,7798,NE YEOMALT POINT DR,123117300,23575950,MVCG
P120166082,BIPD,10/11/2012 0:00,0648,5479,NE FOSTER RD,121084550,23864000,MISC4
P120166313,BIPD,10/11/2012 0:00,1358,,HARBORVIEW DR SE / OLYMPIC DR SE,122618573,23213755,T
P120166512,BIPD,10/11/2012 0:00,2005,13200,TEEM LOOP RD NE,121994250,25504700,BLSP
P120166689,BIPD,10/12/2012 0:00,0811,1691,STATE HWY 305 NE,122573716,23666128,T
P120150216,BIPD,9/14/2012 0:00,0908,,NE NEW BROOKLYN RD / SPORTSMAN CLUB RD NE,122235375,23919324,TRAFF3
P120154417,BIPD,9/21/2012 0:00,0844,,SPORTSMAN CLUB RD NE / STATE HWY 305 NE,122395136,24298387,T
P120154562,BIPD,9/21/2012 0:00,1305,12990,PHELPS RD NE,122053250,25316300,FI
P120158139,BIPD,9/27/2012 0:00,1647,,"XY(121893901,25413058)",121893901,25413058,CELL
P120158115,BIPD,9/27/2012 0:00,1623,253,HIGH SCHOOL RD NE,122470100,23646300,SUSPI3
P120154534,BIPD,9/21/2012 0:00,1227,625,WINSLOW WAY E,122607400,23236100,WRT3
P120175432,BIPD,10/28/2012 0:00,0045,5684,NE WILD CHERRY LN,121179100,23815000,LOUDP4
P120175535,BIPD,10/28/2012 0:00,0645,,STATE HWY 305 NE / WINSLOW WAY E,122597069,23245490,PC3
P120175568,BIPD,10/28/2012 0:00,0917,,BLAKELY AVE NE / NE COUNTRY CLUB RD,122421503,22250629,ANIMA3
P120175663,BIPD,10/28/2012 0:00,1313,461,SHANNON DR SE,122555985,23204454,MISC4
P120175681,BIPD,10/28/2012 0:00,1433,,MADISON AVE N / WYATT WAY NE,122430637,23382031,ANIMA4
P120175746,BIPD,10/28/2012 0:00,1629,,REITAN RD NE / STATE HWY 305 NE,121501742,26370270,RECKL3
P120154854,BIPD,9/21/2012 0:00,2247,499,COSGROVE ST NW,122203800,23380400,ASSIS3
P120154923,BIPD,9/22/2012 0:00,0148,11012,SKINNER RD NE,120935124,24663511,WIRESF
P120155032,BIPD,9/22/2012 0:00,1005,560,MADISON AVE N,122431291,23404323,INFOP5
P120155074,BIPD,9/22/2012 0:00,1200,200,NE HIGH SCHOOL RD,122481650,23673700,MENTA3
P120155070,BIPD,9/22/2012 0:00,1152,,NE BAKER HILL RD / LYNWOOD CENTER RD NE,121772402,22605337,MVCB
P120158948,BIPD,9/28/2012 0:00,2022,907,CARVER ST,118435000,20790500,MEDIA
P120166918,BIPD,10/12/2012 0:00,1520,829,HIGH SCHOOL RD NE,122672300,23642200,FU
P120162825,BIPD,10/5/2012 0:00,1546,,NE KOURA RD / STATE HWY 305 NE,122310217,24709702,MVCB
P120167426,BIPD,10/13/2012 0:00,1313,100,RAVINE LN NE,122582221,23267030,ALRA
P120167477,BIPD,10/13/2012 0:00,1449,225,NE HIGH SCHOOL RD,122373600,23636900,FU
P120167740,BIPD,10/14/2012 0:00,0031,,NE DAY RD W / MILLER RD NE,121978357,25249210,FI
P120175786,BIPD,10/28/2012 0:00,1818,11954,MILLER RD NE,121740493,24986353,RUNAW4
P120175828,BIPD,10/28/2012 0:00,2015,271,WINSLOW WAY E,122484900,23247700,PC4
P120175966,BIPD,10/29/2012 0:00,0742,11583,BATTLE POINT DR NE,120961300,24852300,WIRESF
P120174112,BIPD,10/25/2012 0:00,1503,601,HIGH SCHOOL RD NE,122587100,23628700,FU
P120176014,BIPD,10/29/2012 0:00,0928,9568,OLYMPUS BEACH RD NE,120945900,24204700,INFOP4
P120176072,BIPD,10/29/2012 0:00,1128,17060,AGATE ST NE,121817150,26752300,FU
P120158986,BIPD,9/28/2012 0:00,2129,9330,NE HIGH SCHOOL RD,122363800,23666100,PC4
P120155369,BIPD,9/22/2012 0:00,2158,12990,PHELPS RD NE,122053250,25316300,LOUDP4
P120155596,BIPD,9/23/2012 0:00,1120,,"XY(121861362,25447713)",121861362,25447713,CELL
P120156259,BIPD,9/24/2012 0:00,1542,673,TIFFANY MEADOWS DR NE,122733750,23412400,PARKI4
P120156474,BIPD,9/25/2012 0:00,0011,,NE MORGAN RD / STATE HWY 305 NE,122252700,24842450,TRANS
P120156530,BIPD,9/25/2012 0:00,0413,8820,MILLER RD NE,121371100,23950600,OPEN3
P120167860,BIPD,10/14/2012 0:00,0907,871,WYATT WAY NW,122185800,23372700,MVC4
P120168008,BIPD,10/14/2012 0:00,1609,5872,NE OLD MILL RD,122046500,22985050,ALRA
P120168079,BIPD,10/14/2012 0:00,1842,818,CURTIS LOOP NE,122679303,23408284,SUSPI3
P120170655,BIPD,10/19/2012 0:00,1026,11721,SUNSET AVE NE,120989800,24895700,THEFT4
P120168261,BIPD,10/15/2012 0:00,0734,9330,NE HIGH SCHOOL RD,122363800,23666100,FU
P120168485,BIPD,10/15/2012 0:00,1419,10450,ARROW POINT DR NE,121252550,24650150,SUSPI3
P120101290,BIPD,6/25/2012 0:00,1825,907,CARVER ST,118435000,20790500,MEDIA
P120110479,BIPD,7/9/2012 0:00,2040,16541,MARINER AVE NE,121561250,26549950,FU
P120101603,BIPD,6/26/2012 0:00,0902,,BJUNE DR SE / BRIEN DR SE,122482650,23202882,FU
P120110658,BIPD,7/10/2012 0:00,0740,907,CARVER ST,118435000,20790500,MEDIA
P120106399,BIPD,7/3/2012 0:00,1912,274,GIDEON LN NW,122367700,23420000,NARCO3
P120110764,BIPD,7/10/2012 0:00,1148,,NE AGATE BLF / NE DOLPHIN DR,121822017,26314396,CELL
P120174655,BIPD,10/26/2012 0:00,1516,625,WINSLOW WAY E,122607400,23236100,THEFT5
P120174761,BIPD,10/26/2012 0:00,1852,,MADISON AVE N / STATE HWY 305 NE,122472543,23963078,TRAFF3
P120174797,BIPD,10/26/2012 0:00,2011,561,FAIRVIEW AVE NE,123063646,23401073,PROWL2
P120176081,BIPD,10/29/2012 0:00,1154,,NE LOVGREEN RD E / STATE HWY 305 NE,122193914,24976129,TRAFF3
P120176153,BIPD,10/29/2012 0:00,1413,381,WALLACE WAY NE,122524400,23506000,CIVIL4
P120176203,BIPD,10/29/2012 0:00,1534,,IHLAND WAY NE / MADISON AVE N,122435017,23579543,T
P120159651,BIPD,9/30/2012 0:00,0147,10252,SUNRISE PL NE,122720273,25953723,BURGL1
P120159863,BIPD,9/30/2012 0:00,1524,,"XY(121530811,23459326)",121530811,23459326,CELL
P120156654,BIPD,9/25/2012 0:00,1027,,WEAVER RD NW / WYATT WAY NW,122167956,23391345,WC4
P120156698,BIPD,9/25/2012 0:00,1133,,NE HIGH SCHOOL RD / HORIZON VIEW PL NW,122310438,23631740,CELL
P120157194,BIPD,9/26/2012 0:00,0856,499,OLYMPIC DR SE,122674000,23182900,THEFT2
P120168595,BIPD,10/15/2012 0:00,1803,907,CARVER ST,118435000,20790500,MEDIA
P120168685,BIPD,10/15/2012 0:00,2054,9490,NE HIGH SCHOOL RD,122358400,23704100,SFC
P120168717,BIPD,10/15/2012 0:00,2150,,FERNCLIFF AVE NE / GREEN SPOT PL NE,122631170,24104765,TRAFF3
P120168853,BIPD,10/16/2012 0:00,0747,,MADISON AVE N / STATE HWY 305 NE,122472543,23963078,T
P120168900,BIPD,10/16/2012 0:00,0931,9110,FLETCHER BAY RD NE,121196750,23948350,MALIC4
P120169114,BIPD,10/16/2012 0:00,1451,625,WINSLOW WAY E,122607400,23236100,WRT4
P120176319,BIPD,10/29/2012 0:00,1938,8521,MADISON AVE N,122388100,23738800,T
P120176400,BIPD,10/29/2012 0:00,2315,10140,HIGH SCHOOL RD NE,122631900,23643300,FI
P120176479,BIPD,10/30/2012 0:00,0610,,NORTH MADISON AVE NE / NE VALLEY RD,122457917,24703521,MVCG
P120176581,BIPD,10/30/2012 0:00,1051,,"XY(122552272,23583747)",122552272,23583747,CELL
P120176557,BIPD,10/30/2012 0:00,1004,614,DIVISION ST,119442800,20147600,TRANS
P120176699,BIPD,10/30/2012 0:00,1444,9539,NE BEACH CREST DR,122415200,24434200,WC911
P120157392,BIPD,9/26/2012 0:00,1410,625,WINSLOW WAY E,122607400,23236100,FU
P120157571,BIPD,9/26/2012 0:00,1755,6212,NE LARIAT LOOP,121268500,22604600,ALSP
P120154293,BIPD,9/21/2012 0:00,0013,,FINCH RD NE / NE NEW HOLLAND CT,122037088,23445768,T
P120157587,BIPD,9/26/2012 0:00,1813,13834,MANZANITA RD NE,121542050,25596600,NOISE4
P120157879,BIPD,9/27/2012 0:00,0952,5025,TAYLOR AVE NE,122637600,22662650,DV4
P120157891,BIPD,9/27/2012 0:00,1016,16279,REITAN RD NE,121432300,26418100,PROWL4
P120106576,BIPD,7/3/2012 0:00,2329,625,WINSLOW WAY E,122607400,23236100,WC911
P120110942,BIPD,7/10/2012 0:00,1640,,"XY(122560684,23290586)",122560684,23290586,CELL
P120106603,BIPD,7/4/2012 0:00,0005,316,WINSLOW WAY E,122497400,23247300,FU
P120111375,BIPD,7/11/2012 0:00,0950,,FLETCHER BAY RD NE / LYNWOOD CENTER RD NE,121758601,23062387,WC3
P120111408,BIPD,7/11/2012 0:00,1036,11299,ARROW POINT DR NE,121068800,24696200,GRAFF4
P120111449,BIPD,7/11/2012 0:00,1138,11054,NORTH MADISON AVE NE,122487100,24648450,THREA3
P120169306,BIPD,10/16/2012 0:00,2058,,NE MONSAAS RD / NORTH MADISON AVE NE,122471566,25387139,T
P120171534,BIPD,10/20/2012 0:00,2131,,NE DAY RD E / STATE HWY 305 NE,122023402,25247379,T
P120171815,BIPD,10/21/2012 0:00,1337,1352,STONECRESS LN NE,122646600,23676150,KEEP4
P120169320,BIPD,10/16/2012 0:00,2137,840,MADISON AVE N,122440950,23491050,WC911
P120169637,BIPD,10/17/2012 0:00,1242,812,ALDER AVE NE,122999750,23474150,WC911
P120169634,BIPD,10/17/2012 0:00,1241,,SPORTSMAN CLUB RD NE / STATE HWY 305 NE,122395136,24298387,MVC4
P120176979,BIPD,10/31/2012 0:00,0456,625,WINSLOW WAY E,122607400,23236100,MISC4
P120176982,BIPD,10/31/2012 0:00,0517,8652,NE COUNTY PARK RD,122186550,26190750,SFR
P120177093,BIPD,10/31/2012 0:00,1051,8730,FERNCLIFF AVE NE,122714250,23874700,WIRESF
P120177253,BIPD,10/31/2012 0:00,1512,12311,ARROW POINT LOOP NE,121258650,24995200,FU
P120177291,BIPD,10/31/2012 0:00,1654,16212,REITAN RD NE,121444600,26326550,FRAUD4
P120177318,BIPD,10/31/2012 0:00,1758,625,WINSLOW WAY E,122607400,23236100,INFOP3
P120111673,BIPD,7/11/2012 0:00,1755,,LOVELL AVE SW / WINSLOW WAY W,122298739,23254567,THEFT4
P120111700,BIPD,7/11/2012 0:00,1859,907,CARVER ST,118435000,20790500,MEDIA
P120107329,BIPD,7/5/2012 0:00,0019,3949,CRYSTAL SPRINGS DR NE,121040400,22361700,PC3
P120107722,BIPD,7/5/2012 0:00,1536,625,WINSLOW WAY E,122607400,23236100,WC911
P120108096,BIPD,7/6/2012 0:00,0805,,NE DAY RD W / MILLER RD NE,121978357,25249210,T
P120154304,BIPD,9/21/2012 0:00,0036,,NE DUNCAN LN / FALK RD NE,122785767,24565380,T
P120158041,BIPD,9/27/2012 0:00,1425,,NE HIGH SCHOOL RD / HORIZON VIEW PL NW,122310438,23631740,CELL
P120158481,BIPD,9/28/2012 0:00,0908,15400,WASHINGTON AVE NE,122411459,26097575,CIVIL4
P120158584,BIPD,9/28/2012 0:00,1127,7500,NE EMERALD WAY,121722549,22786155,FI
P120161787,BIPD,10/3/2012 0:00,1910,,DEAD END / WYATT WAY NW,122260828,23373420,CELL
P120161801,BIPD,10/3/2012 0:00,1938,11954,MILLER RD NE,121740493,24986353,RUNAW4
P120170008,BIPD,10/18/2012 0:00,0425,1200,HILDEBRAND LN NE,122551100,23614700,ALRB
P120170045,BIPD,10/18/2012 0:00,0826,,NE HIDDEN COVE RD / STATE HWY 305 NE,121741136,25661125,T
P120167199,BIPD,10/13/2012 0:00,0008,,FERNCLIFF AVE NE / HIGH SCHOOL RD NE,122700327,23641703,T
P120167272,BIPD,10/13/2012 0:00,0645,590,MADISON AVE N,122436600,23418500,OPEN4
P120172485,BIPD,10/22/2012 0:00,1750,8294,NE LOVGREEN RD W,122051050,24992700,FU
P120172550,BIPD,10/22/2012 0:00,2044,,BATTLE POINT DR NE / DEAD END,120874335,24518746,CELL
P120176012,BIPD,10/29/2012 0:00,0923,2077,DOUGLAS DR NE,122448850,21704900,THEFT4
P120177424,BIPD,10/31/2012 0:00,2149,,NE SEABOLD RD / STATE HWY 305 NE,121590699,26041540,TRAFF4
P120177621,BIPD,11/1/2012 0:00,0851,1200,HILDEBRAND LN NE,122551100,23614700,ALRB
P120177751,BIPD,11/1/2012 0:00,1311,,HIGH SCHOOL RD NE / HILDEBRAND LN NE,122535496,23644973,TRAFF3
P120177827,BIPD,11/1/2012 0:00,1458,,NE DAY RD E / STATE HWY 305 NE,122023402,25247379,RECKL3
P120177864,BIPD,11/1/2012 0:00,1538,,WINSLOW WAY E / WINSLOW WAY E,122485875,23257927,CELL
P120111979,BIPD,7/12/2012 0:00,0754,,CURTIS LOOP NE / FERNCLIFF AVE NE,122694970,23430418,T
P120111991,BIPD,7/12/2012 0:00,0844,12730,MANZANITA RD NE,121509000,25237350,FRAUD4
P120108488,BIPD,7/6/2012 0:00,1836,,NE DAY RD E / NE YETI LN,122025071,25272959,CELL
P120108560,BIPD,7/6/2012 0:00,2027,,NE BECK RD / DEAD END,121968407,22429799,CELL
P120112775,BIPD,7/13/2012 0:00,1157,240,CAMELIA LOOP NE,122464500,23595700,FU
P120113393,BIPD,7/14/2012 0:00,1103,,AGATEWOOD RD NE / STATE HWY 305 NE,121562025,26138320,RECKL4
P120170193,BIPD,10/18/2012 0:00,1332,6600,NE SEABOLD RD,121474950,26050900,ASSIS3
P120170329,BIPD,10/18/2012 0:00,1658,6087,NE OLD MILL RD,121988312,23016154,SUSPI4
P120170380,BIPD,10/18/2012 0:00,1822,907,CARVER ST,118435000,20790500,MEDIA
P120170402,BIPD,10/18/2012 0:00,1907,9330,NE HIGH SCHOOL RD,122363800,23666100,FI
P120170479,BIPD,10/18/2012 0:00,2322,,NE LOVGREEN RD E / STATE HWY 305 NE,122193914,24976129,FI
P120170505,BIPD,10/19/2012 0:00,0054,15446,SUNRISE DR NE,122763600,26092300,T
P120177963,BIPD,11/1/2012 0:00,1824,8240,NE BAKER HILL RD,121959550,22612900,MISSI4
P120177981,BIPD,11/1/2012 0:00,1852,499,OLYMPIC DR SE,122674000,23182900,PARKI4
P120177970,BIPD,11/1/2012 0:00,1836,6018,NE BLIGH CT,121291150,23979050,THEFT4
P120178042,BIPD,11/1/2012 0:00,2113,10595,MANITOU BEACH DR NE,122842400,24491200,MALIC3
P120178129,BIPD,11/2/2012 0:00,0027,10102,EDGECOMBE PL NE,122508750,24293900,UNKNO3
P120108607,BIPD,7/6/2012 0:00,2136,,NE DAY RD E / NE YETI LN,122031353,25269536,CELL
P120108588,BIPD,7/6/2012 0:00,2108,14313,NORTH MADISON AVE NE,122458092,25680410,FIREW4
P120108848,BIPD,7/7/2012 0:00,0700,7869,NE DAY RD W,121857150,25192000,ALRA
P120109022,BIPD,7/7/2012 0:00,1410,625,WINSLOW WAY E,122607400,23236100,MISC4
P120109346,BIPD,7/7/2012 0:00,2339,200,HIGH SCHOOL RD NE,122476500,23646200,GUNVI3
P120115111,BIPD,7/17/2012 0:00,1035,,"XY(122443654,23118748)",122443654,23118748,CELL
P120171061,BIPD,10/19/2012 0:00,2333,,MADISON AVE N / STATE HWY 305 NE,122472543,23963078,T
P120171120,BIPD,10/20/2012 0:00,0229,245,HIGH SCHOOL RD NW,122243500,23654700,UNKNO3
P120171215,BIPD,10/20/2012 0:00,1012,4461,PLEASANT BEACH DR NE,121765200,22465950,RETURN
P120171277,BIPD,10/20/2012 0:00,1216,,DEAD END / HARBORVIEW DR SE,122669912,23179110,CELL
P120174149,BIPD,10/25/2012 0:00,1613,11122,MANITOU BEACH DR NE,122861750,24675900,PROWL4
P120171278,BIPD,10/20/2012 0:00,1216,,"XY(121648461,23159333)",121648461,23159333,CELL
P120178264,BIPD,11/2/2012 0:00,0911,,NE BUSINESS PARK LN / SPORTSMAN CLUB RD NE,122322118,24094785,T
P120178269,BIPD,11/2/2012 0:00,0917,499,OLYMPIC DR SE,122674000,23182900,SUSPI3
P120178448,BIPD,11/2/2012 0:00,1404,610,VINEYARD LN,122586949,23438310,SEXOF4
P120178744,BIPD,11/3/2012 0:00,0013,10254,NE COUNTRY CLUB RD,122509900,22147800,BURGL4
P120178823,BIPD,11/3/2012 0:00,0516,,NE BOLERO DR / FORT WARD HILL RD NE,122411368,22050598,TRAFF3
P120178888,BIPD,11/3/2012 0:00,1011,,STATE HWY 305 NE / VINEYARD LN,122559210,23438563,FI
P120158725,BIPD,9/28/2012 0:00,1439,9330,NE HIGH SCHOOL RD,122363800,23666100,FU
P120158864,BIPD,9/28/2012 0:00,1810,123,BJUNE DR SE,122436600,23219300,THEFT4
P120162323,BIPD,10/4/2012 0:00,1855,907,CARVER ST,118435000,20790500,MEDIA
P120158865,BIPD,9/28/2012 0:00,1815,,NE HIGH SCHOOL RD / MADISON AVE N,122433634,23644002,DUI3
P120158912,BIPD,9/28/2012 0:00,1911,7543,MADISON AVE N,122439559,23787646,PC4
P120159267,BIPD,9/29/2012 0:00,1123,15035,SUNRISE DR NE,122727650,26008750,DV3
P120171407,BIPD,10/20/2012 0:00,1655,245,NE HIGH SCHOOL RD,122404050,23635100,VERBA3
P120171444,BIPD,10/20/2012 0:00,1746,12903,MANZANITA RD NE,121431150,25295700,ADRIFT
P120171390,BIPD,10/20/2012 0:00,1619,7056,NE NEW BROOKLYN RD,121576600,23979950,RUNAW4
P120171522,BIPD,10/20/2012 0:00,2102,5103,CRYSTAL SPRINGS DR NE,121085550,22721350,ALRA
P120171958,BIPD,10/21/2012 0:00,1826,625,WINSLOW WAY E,122607400,23236100,HARAS4
P120174872,BIPD,10/26/2012 0:00,2349,8641,SANDS AVE NE,121875700,23848100,FI
P120178895,BIPD,11/3/2012 0:00,1034,,MADISON AVE N / WINSLOW WAY E,122427660,23249390,PC3
P120179578,BIPD,11/4/2012 0:00,1711,,NE HALLS HILL RD / ROCKAWAY BLUFF RD NE,122786547,22275496,RECKL3
P120177329,BIPD,10/31/2012 0:00,1821,625,WINSLOW WAY E,122607400,23236100,FU
P120177361,BIPD,10/31/2012 0:00,1928,,"XY(122071787,25257330)",122071787,25257330,CELL
P120177401,BIPD,10/31/2012 0:00,2051,12781,NORTH MADISON AVE NE,122441400,25215900,SUSPI3
P120159385,BIPD,9/29/2012 0:00,1545,1106,SHOREWOOD DR,118442600,21378550,ASSIS3
P120162501,BIPD,10/5/2012 0:00,0442,5834,WARD AVE NE,122596400,22917100,FRAUD4
P120159396,BIPD,9/29/2012 0:00,1609,,NE BUSINESS PARK LN / SPORTSMAN CLUB RD NE,122322118,24094785,T
P120159499,BIPD,9/29/2012 0:00,1945,11727,ARROW POINT DR NE,121133050,24895350,NARCO4
P120159614,BIPD,9/29/2012 0:00,2351,,SPORTSMAN CLUB RD NE / STATE HWY 305 NE,122395136,24298387,T
P120162722,BIPD,10/5/2012 0:00,1244,829,HIGH SCHOOL RD NE,122672300,23642200,CIVIL3
P120172026,BIPD,10/21/2012 0:00,2201,,MADISON AVE N / STATE HWY 305 NE,122472543,23963078,T
P120172117,BIPD,10/22/2012 0:00,0530,3040,NE CHIPPEWA CT,120383068,26510439,ASSIS3
P120172141,BIPD,10/22/2012 0:00,0724,1217,CHERRY AVE NE,122883050,23634100,NOISE4
P120170055,BIPD,10/18/2012 0:00,0855,,GROW AVE NW / WYATT WAY NW,122332251,23385462,TRAFF3
P120170129,BIPD,10/18/2012 0:00,1126,,NE BAKER HILL RD / LYNWOOD CENTER RD NE,121772402,22605337,T
P120173106,BIPD,10/23/2012 0:00,1923,11841,MILLER RD NE,121712956,24936665,FU
P120177399,BIPD,10/31/2012 0:00,2044,5226,TAYLOR AVE NE,122685900,22736950,POV4
P120180035,BIPD,11/5/2012 0:00,1349,,"XY(121410524,24652558)",121410524,24652558,CELL
P120180316,BIPD,11/6/2012 0:00,0024,625,WINSLOW WAY E,122607400,23236100,WRT3
P120180535,BIPD,11/6/2012 0:00,1126,,"XY(122552272,23583747)",122552272,23583747,CELL
P120180527,BIPD,11/6/2012 0:00,1102,4759,LYNWOOD CENTER RD NE,121753900,22568600,DV2
P120180845,BIPD,11/6/2012 0:00,2143,,"XY(121952680,25203053)",121952680,25203053,CELL
P120159911,BIPD,9/30/2012 0:00,1711,7986,NE LOVGREEN RD W,121911505,25015813,FU
P120160146,BIPD,10/1/2012 0:00,0827,625,WINSLOW WAY E,122607400,23236100,FI
P120160182,BIPD,10/1/2012 0:00,0913,,LYNWOOD CENTER RD NE / POINT WHITE DR NE,121758992,22525846,TRAFF3
P120163652,BIPD,10/6/2012 0:00,2158,15843,AGATE PASS BRG,121391000,26467600,DUI3
P120160196,BIPD,10/1/2012 0:00,0926,14756,HENDERSON RD NE,121513100,25904900,BURGL4
P120160407,BIPD,10/1/2012 0:00,1447,11700,SUNRISE DR NE,122725977,24865764,MVC4
P120173167,BIPD,10/23/2012 0:00,2324,,MADISON AVE N / WYATT WAY NE,122430637,23382031,T
P120173175,BIPD,10/23/2012 0:00,2353,1180,HILDEBRAND LN NE,122550200,23601300,FI
P120173317,BIPD,10/24/2012 0:00,0847,,"XY(122292407,24087475)",122292407,24087475,CELL
P120173373,BIPD,10/24/2012 0:00,1009,2039,MADISON AVE N,122437324,23674576,T
P120173489,BIPD,10/24/2012 0:00,1313,1100,12TH ST,119573500,21378300,FU
P120173517,BIPD,10/24/2012 0:00,1352,,"XY(122552272,23583747)",122552272,23583747,CELL
P120180855,BIPD,11/6/2012 0:00,2207,,MADISON AVE N / STATE HWY 305 NE,122472543,23963078,T
P120180878,BIPD,11/6/2012 0:00,2321,15446,SUNRISE DR NE,122763600,26092300,T
P120180914,BIPD,11/7/2012 0:00,0248,123,BJUNE DR SE,122436600,23219300,ALRA
P120181418,BIPD,11/7/2012 0:00,1949,,SPORTSMAN CLUB RD NE / STATE HWY 305 NE,122395136,24298387,T
P120181427,BIPD,11/7/2012 0:00,2009,907,CARVER ST,118435000,20790500,MEDIA
P120163948,BIPD,10/7/2012 0:00,1340,,NE BAKER HILL RD / LYNWOOD CENTER RD NE,121772402,22605337,ABAND4
P120160805,BIPD,10/2/2012 0:00,0832,,NE HIGH SCHOOL RD / HORIZON VIEW PL NW,122314854,23640764,CELL
P120160930,BIPD,10/2/2012 0:00,1153,,NE DAY RD E / STATE HWY 305 NE,122023402,25247379,PC3
P120161191,BIPD,10/2/2012 0:00,1922,550,MADISON AVE N,122431200,23400600,VEHIT3
P120161297,BIPD,10/3/2012 0:00,0118,829,HIGH SCHOOL RD NE,122672300,23642200,FU
P120161425,BIPD,10/3/2012 0:00,0942,499,OLYMPIC DR SE,122674000,23182900,ALRA
P120173552,BIPD,10/24/2012 0:00,1435,,MADISON AVE N / WALLACE WAY NE,122433596,23514669,T
P120173874,BIPD,10/25/2012 0:00,0720,13209,TEEM LOOP RD NE,121972600,25511400,SFR
P120174181,BIPD,10/25/2012 0:00,1702,,MADISON AVE N / WINSLOW WAY E,122427660,23249390,T
P120174226,BIPD,10/25/2012 0:00,1812,,BATTLE POINT DR NE / DEAD END,120874335,24518746,CELL
P120174680,BIPD,10/26/2012 0:00,1545,,NE 3RD ST / ILLAHEE RD NE,120551226,23226803,MVC3
P120174711,BIPD,10/26/2012 0:00,1644,15347,SUQUAMISH WAY NE,121270800,26509200,UNWAN3
P120161620,BIPD,10/3/2012 0:00,1439,,"XY(122315861,23878262)",122315861,23878262,CELL
P120157929,BIPD,9/27/2012 0:00,1127,625,WINSLOW WAY E,122607400,23236100,WRT4
P120161757,BIPD,10/3/2012 0:00,1811,,MADISON AVE N / WYATT WAY NE,122430637,23382031,WRT3
P120161746,BIPD,10/3/2012 0:00,1803,907,CARVER ST,118435000,20790500,MEDIA
P120161892,BIPD,10/4/2012 0:00,0054,8278,NE BECK RD,121934050,22359600,WC911
P120161949,BIPD,10/4/2012 0:00,0757,,NORTH MADISON AVE NE / NE TIMBERLANE PL,122453663,24488795,T
P120109720,BIPD,7/8/2012 0:00,1641,10000,ARROW POINT DR NE,121176279,24602158,T
P120109763,BIPD,7/8/2012 0:00,1821,456,EAKIN DR NW,122135250,23373150,T
P120115545,BIPD,7/18/2012 0:00,0025,363,TORMEY LN NE,122495700,23592650,ALRA
P120115615,BIPD,7/18/2012 0:00,0621,,NE DAY RD W / MILLER RD NE,121978357,25249210,T
P120115721,BIPD,7/18/2012 0:00,1136,7789,NE NORTH ST,121921300,26591800,FRAUD4
P120109770,BIPD,7/8/2012 0:00,1841,907,CARVER ST,118435000,20790500,MEDIA
P120174798,BIPD,10/26/2012 0:00,2014,,"XY(121925801,26300411)",121925801,26300411,CELL
P120174837,BIPD,10/26/2012 0:00,2223,11954,MILLER RD NE,121740493,24986353,RUNAW4
P120175064,BIPD,10/27/2012 0:00,1040,,MADISON AVE N / NE NEW BROOKLYN RD,122442200,23911813,ALRA
P120172172,BIPD,10/22/2012 0:00,0841,,ERICKSEN AVE NE / KNECHTEL WAY NE,122530633,23445968,PARKI4
P120172399,BIPD,10/22/2012 0:00,1520,316,WINSLOW WAY E,122497400,23247300,ASSAU3
P120178265,BIPD,11/2/2012 0:00,0911,,FERNCLIFF AVE NE / GRAND AVE NE,122707500,23906698,T
P120165276,BIPD,10/9/2012 0:00,1737,,"XY(122625514,23245083)",122625514,23245083,T
P120162327,BIPD,10/4/2012 0:00,1857,313,BROMLEY PL NW,122204800,23287100,FRAUD4
P120162334,BIPD,10/4/2012 0:00,1913,625,WINSLOW WAY E,122607400,23236100,MISC4
P120162397,BIPD,10/4/2012 0:00,2209,,NE SOL VEI / STATE HWY 305 NE,119662155,27026219,MVC3
P120165770,BIPD,10/10/2012 0:00,1455,,NE KOURA RD / MANDUS OLSON RD NE,121797049,24724658,RECKL3
P120153023,BIPD,9/18/2012 0:00,2110,,FLETCHER BAY RD NE / NE NEW BROOKLYN RD,121365750,23936543,OPEN3
P120159581,BIPD,9/29/2012 0:00,2227,,GROW AVE NW / WYATT WAY NW,122332251,23385462,RECKL3
P120153407,BIPD,9/19/2012 0:00,1553,10656,HYLA AVE NE,122653228,24535452,WC911
P120153465,BIPD,9/19/2012 0:00,1704,625,WINSLOW WAY E,122607400,23236100,FU
P120153780,BIPD,9/20/2012 0:00,0817,,SPORTSMAN CLUB RD NE / STATE HWY 305 NE,122395136,24298387,T
P120154143,BIPD,9/20/2012 0:00,1809,907,CARVER ST,118435000,20790500,MEDIA
P120181452,BIPD,11/7/2012 0:00,2102,10567,NE SUNRISE BLUFF LN,122880300,25714332,FU
P120181557,BIPD,11/8/2012 0:00,0428,,NE LATYSON LN / POINT WHITE DR NE,121448337,22303969,T
P120181567,BIPD,11/8/2012 0:00,0517,7934,NE BUCKLIN HILL RD,121886700,23147700,T
P120181603,BIPD,11/8/2012 0:00,0830,,SANTA CLARA LN NE / TIFFANY MEADOWS DR NE,122739240,23393256,T
P120182183,BIPD,11/9/2012 0:00,0820,499,OLYMPIC DR SE,122674000,23182900,WC911
P120182179,BIPD,11/9/2012 0:00,0815,499,OLYMPIC DR SE,122674000,23182900,WC911
P120115866,BIPD,7/18/2012 0:00,1533,15446,SUNRISE DR NE,122763600,26092300,FOUND4
P120115947,BIPD,7/18/2012 0:00,1747,8012,SANDS AVE NE,121910900,23779800,THEFT4
P120115972,BIPD,7/18/2012 0:00,1825,,OLYMPIC DR SE / WINSLOW WAY E,122597069,23245490,ASSIS4
P120109798,BIPD,7/8/2012 0:00,1929,11216,SUNRISE DR NE,122722600,24701300,UNWAN3
P120109894,BIPD,7/8/2012 0:00,2233,11299,ARROW POINT DR NE,121068800,24696200,T
P120116584,BIPD,7/19/2012 0:00,1744,253,HIGH SCHOOL RD NE,122470100,23646300,T
P120172402,BIPD,10/22/2012 0:00,1525,4160,PALOMINO DR NE,121263750,22393050,SUSPI4
P120172793,BIPD,10/23/2012 0:00,1045,380,WINSLOW WAY E,122507500,23253200,WC911
P120175876,BIPD,10/28/2012 0:00,2256,14524,CHESAPEAKE PL NE,122592050,25909550,UNKNO3
P120175912,BIPD,10/29/2012 0:00,0109,,KOMEDAL RD NE / NE SEABOLD CHURCH RD,121561804,25911494,T
P120175935,BIPD,10/29/2012 0:00,0425,10102,EDGECOMBE PL NE,122508750,24293900,BURGL1
P120178914,BIPD,11/3/2012 0:00,1112,280,MADISON AVE N,122441700,23299100,PC3
P120182276,BIPD,11/9/2012 0:00,1114,625,WINSLOW WAY E,122607400,23236100,FI
P120182320,BIPD,11/9/2012 0:00,1240,640,ALDER AVE NE,122999600,23419150,KEEP4
P120182322,BIPD,11/9/2012 0:00,1242,4759,LYNWOOD CENTER RD NE,121753900,22568600,FU
P120182427,BIPD,11/9/2012 0:00,1515,9570,MANDUS OLSON RD NE,121820082,24174029,SUSPI4
P120179809,BIPD,11/5/2012 0:00,0752,9330,NE HIGH SCHOOL RD,122363800,23666100,FU
P120182742,BIPD,11/10/2012 0:00,0152,,FLETCHER BAY RD NE / LYNWOOD CENTER RD NE,121758601,23062387,T
P120162544,BIPD,10/5/2012 0:00,0817,,SPORTSMAN CLUB RD NE / STATE HWY 305 NE,122395136,24298387,T
P120162606,BIPD,10/5/2012 0:00,1013,3702,PLEASANT BEACH DR NE,121901450,22298200,FU
P120162628,BIPD,10/5/2012 0:00,1039,,FERNCLIFF AVE NE / HIGH SCHOOL RD NE,122700327,23641703,PARKI4
P120162921,BIPD,10/5/2012 0:00,1816,829,HIGH SCHOOL RD NE,122672300,23642200,ASSIS3
P120166280,BIPD,10/11/2012 0:00,1313,,RAVINE LN NE / WINSLOW WAY E,122573055,23246239,FI
P120116575,BIPD,7/19/2012 0:00,1735,,SPORTSMAN CLUB RD NE / STATE HWY 305 NE,122395136,24298387,RECKL3
P120116604,BIPD,7/19/2012 0:00,1829,,ANANDA PL NW / NE HIGH SCHOOL RD,122289183,23653021,T
P120116642,BIPD,7/19/2012 0:00,1939,15446,SUNRISE DR NE,122763600,26092300,ADRIFT
P120116827,BIPD,7/20/2012 0:00,0242,6407,NE MARSHALL RD,121378950,23263050,TRANS
P120109993,BIPD,7/9/2012 0:00,0200,,FLETCHER BAY RD NE / NE NEW BROOKLYN RD,121365750,23936543,FI
P120110059,BIPD,7/9/2012 0:00,0816,9772,NE MURDEN COVE DR,122508150,24322750,HARAS4
P120183005,BIPD,11/10/2012 0:00,1643,,REITAN RD NE / STATE HWY 305 NE,121501742,26370270,RECKL3
P120183198,BIPD,11/11/2012 0:00,0011,4569,LYNWOOD CENTER RD NE,121750700,22509200,ASSAU2
P120183257,BIPD,11/11/2012 0:00,0314,5834,WARD AVE NE,122596400,22917100,FI
P120183359,BIPD,11/11/2012 0:00,1317,,SUNRISE DR NE / NE VALLEY RD,122722526,24697639,T
P120183478,BIPD,11/11/2012 0:00,1758,,MADISON AVE N / STATE HWY 305 NE,122472543,23963078,PC3
P120183521,BIPD,11/11/2012 0:00,2021,5688,ROSE LOOP NE,122302300,22912950,WC4
P120163283,BIPD,10/6/2012 0:00,1111,13200,PHELPS RD NE,122094227,25369754,T
P120163516,BIPD,10/6/2012 0:00,1733,829,HIGH SCHOOL RD NE,122672300,23642200,FU
P120163697,BIPD,10/6/2012 0:00,2342,4931,NE EAGLE HARBOR DR,122465209,22854780,GUNVI2
P120163781,BIPD,10/7/2012 0:00,0351,,FLETCHER BAY RD NE / NE NEW BROOKLYN RD,121365750,23936543,TRANS
P120166524,BIPD,10/11/2012 0:00,2035,907,CARVER ST,118435000,20790500,MEDIA
P120164091,BIPD,10/7/2012 0:00,1758,601,HIGH SCHOOL RD NE,122587100,23628700,CUSTO4
P120176273,BIPD,10/29/2012 0:00,1750,248,MORRILL PL NE,122717773,23294257,DV2
P120176563,BIPD,10/30/2012 0:00,1015,225,NE HIGH SCHOOL RD,122373600,23636900,MISC3
P120176584,BIPD,10/30/2012 0:00,1055,229,HIGH SCHOOL RD NW,122241423,23654755,FU
P120176652,BIPD,10/30/2012 0:00,1320,,NE DAY RD E / STATE HWY 305 NE,122023402,25247379,T
P120176879,BIPD,10/30/2012 0:00,2110,221,GOWEN PL NW,122062850,23297950,REPOS
P120176992,BIPD,10/31/2012 0:00,0621,,DEAD END / WALLACE WAY NW,122371209,23507448,CELL
P120110402,BIPD,7/9/2012 0:00,1817,625,WINSLOW WAY E,122607400,23236100,WRT3
P120106117,BIPD,7/3/2012 0:00,1118,10100,NE LAFAYETTE AVE,122655059,26153261,T
P120106238,BIPD,7/3/2012 0:00,1426,,SUNRISE DR NE / NE TORVANGER RD,122740992,25622192,MVCG
P120110860,BIPD,7/10/2012 0:00,1448,,HIGH SCHOOL RD NE / STATE HWY 305 NE,122571082,23644469,RECKL3
P120111068,BIPD,7/10/2012 0:00,2019,907,CARVER ST,118435000,20790500,MEDIA
P120111844,BIPD,7/11/2012 0:00,2256,,"XY(121282990,24791158)",121282990,24791158,CELL
P120164138,BIPD,10/7/2012 0:00,2014,,"XY(122552272,23583747)",122552272,23583747,CELL
P120164396,BIPD,10/8/2012 0:00,0947,,ARROW POINT DR NE / MILLER RD NE,121550644,24644417,T
P120164429,BIPD,10/8/2012 0:00,1031,8203,SPORTSMAN CLUB RD NE,122132500,23727700,T
P120164469,BIPD,10/8/2012 0:00,1129,1220,HILDEBRAND LN NE,122550200,23631100,ASSIS4
P120164605,BIPD,10/8/2012 0:00,1513,,"XY(121079600,24707095)",121079600,24707095,CELL
P120161686,BIPD,10/3/2012 0:00,1610,625,WINSLOW WAY E,122607400,23236100,UNKNO3
P120177188,BIPD,10/31/2012 0:00,1342,,"XY(121796754,23970752)",121796754,23970752,CELL
P120177193,BIPD,10/31/2012 0:00,1345,,MADRONE LN N / WINSLOW WAY E,122461044,23248357,MALIC4
P120180006,BIPD,11/5/2012 0:00,1251,,ERICKSEN AVE NE / WYATT WAY NE,122529004,23379604,HARAS3
P120177437,BIPD,10/31/2012 0:00,2218,121,WOOD AVE SW,122346915,23247040,DV4
P120177462,BIPD,10/31/2012 0:00,2259,351,SHEPARD WAY NW,122353350,23310450,LOUDP4
P120117688,BIPD,7/21/2012 0:00,1448,7732,WESTERLY LN NE,121886600,23529800,DV3
P120117873,BIPD,7/21/2012 0:00,2014,,MADISON AVE N / STATE HWY 305 NE,122472543,23963078,THEFT2
P120111895,BIPD,7/12/2012 0:00,0051,480,GROW PL NW,122310550,23376850,UNKNO3
P120111946,BIPD,7/12/2012 0:00,0503,16639,AGATE POINT RD NE,121798650,26506800,FU
P120112211,BIPD,7/12/2012 0:00,1459,625,WINSLOW WAY E,122607400,23236100,MISC4
P120112617,BIPD,7/13/2012 0:00,0557,,NE LOVGREEN RD E / STATE HWY 305 NE,122193914,24976129,DUI3
P120183542,BIPD,11/11/2012 0:00,2146,,FERNCLIFF AVE NE / WING POINT WAY NE,122693146,23376023,T
P120183621,BIPD,11/12/2012 0:00,0129,9330,NE HIGH SCHOOL RD,122363800,23666100,MALIC4
P120183700,BIPD,11/12/2012 0:00,0908,253,SHANNON DR SE,122473796,23172781,PC4
P120183792,BIPD,11/12/2012 0:00,1203,380,WINSLOW WAY E,122507500,23253200,WC911
P120183840,BIPD,11/12/2012 0:00,1316,9330,NE HIGH SCHOOL RD,122363800,23666100,FU
P120184085,BIPD,11/12/2012 0:00,2238,3000,PLEASANT BEACH DR NE,122112500,22010500,FI
P120164868,BIPD,10/8/2012 0:00,2315,625,WINSLOW WAY E,122607400,23236100,WRT3
P120164883,BIPD,10/8/2012 0:00,2353,550,MADISON AVE N,122431200,23400600,SUSPI3
P120164929,BIPD,10/9/2012 0:00,0258,234,WOOD AVE SW,122365500,23199500,WC3
P120165427,BIPD,10/10/2012 0:00,0002,19192,KARL PL NE,120037700,27392500,ASSIS3
P120165519,BIPD,10/10/2012 0:00,0805,9105,FLETCHER BAY RD NE,121209250,23930000,PC3
P120165607,BIPD,10/10/2012 0:00,1040,10459,NE DUNCAN LN,122742850,24535950,BURGL1
P120160530,BIPD,10/1/2012 0:00,1744,625,WINSLOW WAY E,122607400,23236100,FOUND4
P120157523,BIPD,9/26/2012 0:00,1710,9125,SPORTSMAN CLUB RD NE,122290100,24108100,MVCG
P120157721,BIPD,9/26/2012 0:00,2337,253,HIGH SCHOOL RD NE,122470100,23646300,FU
P120157756,BIPD,9/27/2012 0:00,0223,,"XY(122613031,22949764)",122613031,22949764,CELL
P120157772,BIPD,9/27/2012 0:00,0311,,MADISON AVE N / STATE HWY 305 NE,122472543,23963078,FI
P120160929,BIPD,10/2/2012 0:00,1152,625,WINSLOW WAY E,122607400,23236100,INFOP2
P120177615,BIPD,11/1/2012 0:00,0841,220,PARFITT WAY SW,122383300,23192900,ASSIS4
P120178133,BIPD,11/2/2012 0:00,0046,280,WYATT WAY NE,122485900,23391500,DV2
P120175220,BIPD,10/27/2012 0:00,1604,,NE SEABOLD RD / STATE HWY 305 NE,121590699,26041540,RECKL3
P120181406,BIPD,11/7/2012 0:00,1922,6154,LYNWOOD CENTER RD NE,121777450,23021950,HARAS4
P120181562,BIPD,11/8/2012 0:00,0450,,NE EMERALD WAY / LYNWOOD CENTER RD NE,121767657,22803396,T
P120175296,BIPD,10/27/2012 0:00,1941,,"XY(121261506,23486541)",121261506,23486541,CELL
P120118679,BIPD,7/23/2012 0:00,1002,225,NE HIGH SCHOOL RD,122373600,23636900,FI
P120113838,BIPD,7/15/2012 0:00,0050,8641,SANDS AVE NE,121875700,23848100,FIREW4
P120113924,BIPD,7/15/2012 0:00,0616,625,WINSLOW WAY E,122607400,23236100,RECOV4
P120114720,BIPD,7/16/2012 0:00,1650,15325,SUNRISE DR NE,122693150,26129250,RECKL3
P120114919,BIPD,7/16/2012 0:00,2334,8895,MADISON AVE N,122433700,23949200,T
P120157841,BIPD,9/27/2012 0:00,0903,9330,NE HIGH SCHOOL RD,122363800,23666100,THEFT4
P120158165,BIPD,9/27/2012 0:00,1736,,NE DAY RD E / STATE HWY 305 NE,122023402,25247379,DUI3
P120158269,BIPD,9/27/2012 0:00,2152,,HIGH SCHOOL RD NE / STATE HWY 305 NE,122571082,23644469,T
P120158453,BIPD,9/28/2012 0:00,0820,8555,MADISON AVE N,122413300,23788700,TRAFF3
P120158498,BIPD,9/28/2012 0:00,0935,,NE HIGH SCHOOL RD / HORIZON VIEW PL NW,122314854,23640764,CELL
P120158478,BIPD,9/28/2012 0:00,0907,821,HIGH SCHOOL RD NE,122669100,23642300,MISC4
P120165686,BIPD,10/10/2012 0:00,1253,5819,NE TOLO RD,121208600,24217700,WC911
P120165824,BIPD,10/10/2012 0:00,1609,,GRAND AVE / NE YEOMALT POINT DR,123022083,23543556,FU
P120165920,BIPD,10/10/2012 0:00,1926,,GROW AVE NW / SHEPARD WAY NW,122331356,23319978,CUSTO3
P120165936,BIPD,10/10/2012 0:00,2008,416,COSGROVE ST NW,122228550,23356650,TRAFF3
P120167747,BIPD,10/14/2012 0:00,0046,280,MADISON AVE N,122441700,23299100,FOUND3
P120167818,BIPD,10/14/2012 0:00,0521,,MADISON AVE N / NE NEW BROOKLYN RD,122442200,23911813,T
P120184111,BIPD,11/12/2012 0:00,2340,,NE DAY RD E / STATE HWY 305 NE,122023402,25247379,T
P120184246,BIPD,11/13/2012 0:00,0920,,SPORTSMAN CLUB RD NE / STATE HWY 305 NE,122395136,24298387,TRAFF3
P120181829,BIPD,11/8/2012 0:00,1457,,CAPSTAN DR NE / HIGH SCHOOL RD NW,122210812,23655945,SUSPI4
P120182025,BIPD,11/8/2012 0:00,2203,11515,NORTHWIND CT NE,122376150,24801813,NARCO3
P120184279,BIPD,11/13/2012 0:00,1011,9330,NE HIGH SCHOOL RD,122363800,23666100,FU
P120184432,BIPD,11/13/2012 0:00,1359,245,HIGH SCHOOL RD NW,122243500,23654700,DV3
P120158856,BIPD,9/28/2012 0:00,1757,16011,AGATEWOOD RD NE,121561300,26316650,THREA4
P120158996,BIPD,9/28/2012 0:00,2207,1878,NE CURT RUDOLPH RD,119974031,27182969,SUICI2
P120161551,BIPD,10/3/2012 0:00,1302,727,ERICKSEN AVE NE,122523350,23455600,ALRA
P120161685,BIPD,10/3/2012 0:00,1610,5025,TAYLOR AVE NE,122637600,22662650,FU
P120159297,BIPD,9/29/2012 0:00,1311,15035,SUNRISE DR NE,122727650,26008750,TRANS
P120161812,BIPD,10/3/2012 0:00,2005,300-BLK,ERICKSEN AVE NE,122526932,23312691,T
P120182490,BIPD,11/9/2012 0:00,1714,,"XY(122382582,23664815)",122382582,23664815,CELL
P120184947,BIPD,11/14/2012 0:00,1223,,"XY(122315861,23878262)",122315861,23878262,CELL
P120184969,BIPD,11/14/2012 0:00,1313,1200,HILDEBRAND LN NE,122551100,23614700,FRAUD4
P120185101,BIPD,11/14/2012 0:00,1651,,NE HIGH SCHOOL RD / MADISON AVE N,122433634,23644002,RECKL3
P120185124,BIPD,11/14/2012 0:00,1750,9567,NE NORTH TOWN LOOP,122407200,24018200,WC911
P120185324,BIPD,11/15/2012 0:00,0334,8164,NE YETI LN,122017200,25352500,SUICI4
P120166108,BIPD,10/11/2012 0:00,0803,9248,MILLER RD NE,121346900,24080950,ANIMA3
P120166391,BIPD,10/11/2012 0:00,1605,11954,MILLER RD NE,121740493,24986353,FU
P120166503,BIPD,10/11/2012 0:00,1936,,NE HIGH SCHOOL RD / HORIZON VIEW PL NW,122314854,23640764,CELL
P120166501,BIPD,10/11/2012 0:00,1933,,MADISON AVE N / STATE HWY 305 NE,122472543,23963078,MVCG
P120166575,BIPD,10/11/2012 0:00,2240,321,HIGH SCHOOL RD NE,122500500,23645700,DUI3
P120175308,BIPD,10/27/2012 0:00,2013,,FORT WARD HILL RD NE / NE SUNNY HILL CIR,122359579,21935721,FU
P120178259,BIPD,11/2/2012 0:00,0904,,NORTH TOWN DR NE / SPORTSMAN CLUB RD NE,122294142,24024195,T
P120178373,BIPD,11/2/2012 0:00,1204,9330,NE HIGH SCHOOL RD,122363800,23666100,ASSIS4
P120175427,BIPD,10/28/2012 0:00,0034,,BJUNE DR SE / WINSLOW WAY E,122533107,23245903,RECKL3
P120175772,BIPD,10/28/2012 0:00,1729,12311,ARROW POINT LOOP NE,121258650,24995200,INFOP4
P120178515,BIPD,11/2/2012 0:00,1546,,HIGH SCHOOL RD NE / STATE HWY 305 NE,122571082,23644469,MVC3
P120159471,BIPD,9/29/2012 0:00,1818,1106,SHOREWOOD DR,118442600,21378550,ASSIS3
P120161854,BIPD,10/3/2012 0:00,2207,,SPORTSMAN CLUB RD NE / STATE HWY 305 NE,122395136,24298387,T
P120159526,BIPD,9/29/2012 0:00,2028,,ALEXANDER PL / HIGH SCHOOL RD NE,122793203,23623036,T
P120159558,BIPD,9/29/2012 0:00,2144,,STATE HWY 305 NE / NE WEST PORT MADISON RD,121590699,26041540,T
P120156861,BIPD,9/25/2012 0:00,1539,1201,CHERRY AVE NE,122892000,23620450,DV3
P120159635,BIPD,9/30/2012 0:00,0037,,CHERRY AVE NE / NE DINGLEY RD,122958978,23502526,T
P120185550,BIPD,11/15/2012 0:00,1417,,MADISON AVE N / WYATT WAY NE,122430637,23382031,T
P120185674,BIPD,11/15/2012 0:00,1816,907,CARVER ST,118435000,20790500,MEDIA
P120185878,BIPD,11/16/2012 0:00,0802,625,WINSLOW WAY E,122607400,23236100,CIVIL4
P120185910,BIPD,11/16/2012 0:00,0912,9762,NE PINE ST,122488350,22593300,MISC4
P120186038,BIPD,11/16/2012 0:00,1215,,NE KOURA RD / STATE HWY 305 NE,122310217,24709702,RECKL3
P120186123,BIPD,11/16/2012 0:00,1459,14644,SIVERTSON RD NE,121789900,25819450,ALRA
P120118910,BIPD,7/23/2012 0:00,1636,625,WINSLOW WAY E,122607400,23236100,WC911
P120114989,BIPD,7/17/2012 0:00,0439,10374,NE COUNTRY CLUB RD,122568100,22118700,WIRESU
P120115363,BIPD,7/17/2012 0:00,1700,625,WINSLOW WAY E,122607400,23236100,FU
P120115372,BIPD,7/17/2012 0:00,1722,10255,NE VALLEY RD,122674600,24698700,FI
P120115844,BIPD,7/18/2012 0:00,1453,,SPORTSMAN CLUB RD NE / STATE HWY 305 NE,122395136,24298387,T
P120115978,BIPD,7/18/2012 0:00,1839,,STATE HWY 305 NE / WINSLOW WAY E,122597069,23245490,T
P120178697,BIPD,11/2/2012 0:00,2232,,NE KOURA RD / STATE HWY 305 NE,122310217,24709702,MVC3
P120179107,BIPD,11/3/2012 0:00,1821,279,MADISON AVE N,122429300,23317900,ASSIS3
P120179185,BIPD,11/3/2012 0:00,2101,10152,NE GARIBALDI LOOP,122681750,23726100,FRAUD4
P120179215,BIPD,11/3/2012 0:00,2219,,STATE HWY 305 NE / NE WEST PORT MADISON RD,121590699,26041540,T
P120179236,BIPD,11/3/2012 0:00,2318,,BIRKLAND RD NE / BLAKELY AVE NE,122108142,22332061,T
P120179235,BIPD,11/3/2012 0:00,2316,,HIGH SCHOOL RD NE / POLLYS LN NE,122632397,23643334,T
P120168360,BIPD,10/15/2012 0:00,1041,,BJUNE DR SE / MADISON AVE S,122427052,23224917,PC4
P120166578,BIPD,10/11/2012 0:00,2246,4704,BLAKELY AVE NE,122054800,22581700,T
P120164691,BIPD,10/8/2012 0:00,1713,233,PARFITT WAY SW,122384600,23163500,SFC
P120166840,BIPD,10/12/2012 0:00,1259,4760,LYNWOOD CENTER RD NE,121763316,22571308,MVC3
P120166876,BIPD,10/12/2012 0:00,1409,9330,NE HIGH SCHOOL RD,122363800,23666100,FU
P120186580,BIPD,11/17/2012 0:00,1243,,NE BECK RD / BLUFF ST NE,121857465,22341298,TRAFF3
P120186833,BIPD,11/17/2012 0:00,2223,,WEAVER RD NW / WYATT WAY NW,122167956,23391345,T
P120186987,BIPD,11/18/2012 0:00,0759,343,WINSLOW WAY E,122501900,23247000,FI
P120187190,BIPD,11/18/2012 0:00,1546,,MADISON AVE N / WYATT WAY NE,122430637,23382031,T
P120187200,BIPD,11/18/2012 0:00,1620,15335,SUNRISE DR NE,122706750,26112650,SUSPI3
P120187303,BIPD,11/18/2012 0:00,2132,19814,JENSEN WAY NE,119382550,27615250,ASSIS3
P120116468,BIPD,7/19/2012 0:00,1455,,NE KOURA RD / STATE HWY 305 NE,122310217,24709702,DUI3
P120116886,BIPD,7/20/2012 0:00,0832,7501,NE DOLPHIN DR,121808500,26284100,ALRA
P120116906,BIPD,7/20/2012 0:00,0927,5556,NE FOSTER RD,121105400,23888550,FRAUD4
P120116938,BIPD,7/20/2012 0:00,1039,,NE DAY RD E / STATE HWY 305 NE,122023402,25247379,RECKL3
P120110516,BIPD,7/9/2012 0:00,2156,14414,NORTH MADISON AVE NE,122524000,25772350,RUNAW4
P120120141,BIPD,7/25/2012 0:00,1912,,STATE HWY 305 NE / NE WEST PORT MADISON RD,121590699,26041540,RECKL3
P120159967,BIPD,9/30/2012 0:00,1844,7011,NE EAGLE HARBOR DR,121926000,23323750,INTOX3
P120160158,BIPD,10/1/2012 0:00,0852,,NE NEW BROOKLYN RD / SPORTSMAN CLUB RD NE,122235375,23919324,TRAFF4
P120160308,BIPD,10/1/2012 0:00,1221,12781,NORTH MADISON AVE NE,122441400,25215900,FI
P120157170,BIPD,9/26/2012 0:00,0813,625,WINSLOW WAY E,122607400,23236100,ASSIS3
P120157334,BIPD,9/26/2012 0:00,1230,9125,SPORTSMAN CLUB RD NE,122290100,24108100,RUNAW4
P120157426,BIPD,9/26/2012 0:00,1511,,NE DAY RD E / STATE HWY 305 NE,122023402,25247379,TRAFF3
P120179262,BIPD,11/4/2012 0:00,0014,,STATE HWY 305 NE / NE WEST PORT MADISON RD,121590699,26041540,T
P120183248,BIPD,11/11/2012 0:00,0234,10102,EDGECOMBE PL NE,122508750,24293900,UNKNO3
P120183358,BIPD,11/11/2012 0:00,1305,10351,NE VALLEY RD,122706433,24697985,PC4
P120179515,BIPD,11/4/2012 0:00,1449,10861,NE MANITOU PARK BLVD,122932900,24590800,SUSPI3
P120179725,BIPD,11/5/2012 0:00,0102,,NE BAKER HILL RD / BLAKELY AVE NE,122016317,22599490,SUSPI3
P120179838,BIPD,11/5/2012 0:00,0850,,NE LOVGREEN RD E / STATE HWY 305 NE,122193914,24976129,T
P120120167,BIPD,7/25/2012 0:00,2003,7126,WING POINT RD NE,123044278,23337564,ALRA
P120110741,BIPD,7/10/2012 0:00,1102,625,WINSLOW WAY E,122607400,23236100,FOUND4
P120120562,BIPD,7/26/2012 0:00,1418,14624,SPARGUR LOOP RD NE,122216232,25804729,FRAUD4
P120120597,BIPD,7/26/2012 0:00,1503,803,NE KLICKITAT PL,122670550,23489750,BURGL2
P120117419,BIPD,7/21/2012 0:00,0051,,NE COUNTY PARK RD / NE WEST PORT MADISON RD,122033077,26160213,T
P120120775,BIPD,7/26/2012 0:00,2025,1560,MADISON AVE N,122513050,23720400,BURGL1
P120167009,BIPD,10/12/2012 0:00,1711,17140,KINNEAR RD NE,121862050,26685350,FU
P120167041,BIPD,10/12/2012 0:00,1811,,HIGH SCHOOL RD NE / TORMEY LN NE,122526541,23617147,CELL
P120167173,BIPD,10/12/2012 0:00,2311,829,HIGH SCHOOL RD NE,122672300,23642200,UNKNO4
P120169033,BIPD,10/16/2012 0:00,1236,,NORTH MADISON AVE NE / NE TORVANGER RD,122452164,25628115,TRAFF4
P120169327,BIPD,10/16/2012 0:00,2157,840,MADISON AVE N,122440950,23491050,WC911
P120160739,BIPD,10/2/2012 0:00,0439,,MADISON AVE N / NE NEW BROOKLYN RD,122442200,23911813,NOISE4
P120160746,BIPD,10/2/2012 0:00,0524,,MADISON AVE N / STATE HWY 305 NE,122472543,23963078,NOISE4
P120160776,BIPD,10/2/2012 0:00,0742,625,WINSLOW WAY E,122607400,23236100,FI
P120160923,BIPD,10/2/2012 0:00,1142,12671,MANZANITA RD NE,121482213,25207420,ANIMA4
P120163751,BIPD,10/7/2012 0:00,0201,,FLETCHER BAY RD NE / NE NEW BROOKLYN RD,121365750,23936543,T
P120161129,BIPD,10/2/2012 0:00,1741,550,MADISON AVE N,122431200,23400600,FU
P120187337,BIPD,11/18/2012 0:00,2313,,STATE HWY 305 NE / NE WEST PORT MADISON RD,121590699,26041540,ANIMA3
P120187343,BIPD,11/18/2012 0:00,2334,,STATE HWY 305 NE / NE WEST PORT MADISON RD,121590699,26041540,T
P120184462,BIPD,11/13/2012 0:00,1456,7873,NE DAY RD W,121902639,25251576,WC911
P120184560,BIPD,11/13/2012 0:00,1821,907,CARVER ST,118435000,20790500,MEDIA
P120184694,BIPD,11/14/2012 0:00,0004,4400,POINT WHITE DR NE,121628069,22489540,T
P120184762,BIPD,11/14/2012 0:00,0448,,NE DAY RD W / MILLER RD NE,121978357,25249210,T
P120161134,BIPD,10/2/2012 0:00,1748,,FERNCLIFF AVE NE / HIGH SCHOOL RD NE,122700327,23641703,FI
P120161164,BIPD,10/2/2012 0:00,1833,13539,MANZANITA RD NE,121472700,25502350,BURGL4
P120161224,BIPD,10/2/2012 0:00,2022,697,GROW AVE NW,122327000,23453850,ASSIS3
P120161230,BIPD,10/2/2012 0:00,2049,13539,MANZANITA RD NE,121472700,25502350,FU
P120161238,BIPD,10/2/2012 0:00,2118,829,HIGH SCHOOL RD NE,122672300,23642200,DV3
P120161420,BIPD,10/3/2012 0:00,0939,,"XY(122315861,23878262)",122315861,23878262,CELL
P120180031,BIPD,11/5/2012 0:00,1341,,MADISON AVE N / STATE HWY 305 NE,122472543,23963078,MVCA
P120180427,BIPD,11/6/2012 0:00,0852,614,DIVISION ST,119442800,20147600,TRANS
P120180476,BIPD,11/6/2012 0:00,1000,,SPORTSMAN CLUB RD NE / STATE HWY 305 NE,122395136,24298387,INFOP4
P120184073,BIPD,11/12/2012 0:00,2157,3995,PLEASANT BEACH DR NE,121778200,22329800,SUSPI3
P120181262,BIPD,11/7/2012 0:00,1518,652,CHERRY AVE NE,122975100,23419900,WC4
P120181330,BIPD,11/7/2012 0:00,1653,652,CHERRY AVE NE,122975100,23419900,FU
P120120812,BIPD,7/26/2012 0:00,2140,,"XY(122706692,23141823)",122706692,23141823,CELL
P120120829,BIPD,7/26/2012 0:00,2242,5684,NE WILD CHERRY LN,121179100,23815000,DV2
P120117632,BIPD,7/21/2012 0:00,1251,,NE KONO RD / NE TANI CREEK RD,122232749,22181034,FOUND3
P120121034,BIPD,7/27/2012 0:00,1101,7052,NE NEW BROOKLYN RD,121571100,24011350,FU
P120118020,BIPD,7/22/2012 0:00,0046,16639,AGATE POINT RD NE,121798650,26506800,FIREW4
P120118490,BIPD,7/22/2012 0:00,2217,316,WINSLOW WAY E,122497400,23247300,PC3
P120167468,BIPD,10/13/2012 0:00,1439,225,HIGH SCHOOL RD NW,122240895,23654772,UNWAN3
P120169871,BIPD,10/17/2012 0:00,1912,,NE LOVGREEN RD E / STATE HWY 305 NE,122193914,24976129,RECKL3
P120167555,BIPD,10/13/2012 0:00,1736,907,CARVER ST,118435000,20790500,MEDIA
P120167618,BIPD,10/13/2012 0:00,1936,829,HIGH SCHOOL RD NE,122672300,23642200,THREA4
P120170007,BIPD,10/18/2012 0:00,0417,,STATE HWY 305 NE / NE WEST PORT MADISON RD,121590699,26041540,TRAFF3
P120181629,BIPD,11/8/2012 0:00,0936,10340,NORTH MADISON AVE NE,122452400,24418800,T
P120184371,BIPD,11/13/2012 0:00,1224,625,WINSLOW WAY E,122607400,23236100,FU
P120181761,BIPD,11/8/2012 0:00,1321,,7TH AVE NE / IVERSON RD NE,119548178,27414381,SUSPI4
P120185050,BIPD,11/14/2012 0:00,1515,7689,NE DAY RD W,121828900,25206300,FU
P120178468,BIPD,11/2/2012 0:00,1434,,ERICKSEN AVE NE / MADRONE LN N,122485723,23250998,CELL
P120178486,BIPD,11/2/2012 0:00,1506,1031,WINSLOW WAY E,122732150,23228550,FRAUD4
P120184821,BIPD,11/14/2012 0:00,0910,4200,CEMETERY RD NE,122418500,22453300,THEFT4
P120187570,BIPD,11/19/2012 0:00,1020,4890,TAYLOR AVE NE,122631650,22609000,PC3
P120187591,BIPD,11/19/2012 0:00,1104,625,WINSLOW WAY E,122607400,23236100,INFOP4
P120187625,BIPD,11/19/2012 0:00,1149,625,WINSLOW WAY E,122607400,23236100,SUSPI4
P120187656,BIPD,11/19/2012 0:00,1242,,NE HIGH SCHOOL RD / HORIZON VIEW PL NW,122310438,23631740,CELL
P120187480,BIPD,11/19/2012 0:00,0801,625,WINSLOW WAY E,122607400,23236100,TRANS
P120168067,BIPD,10/14/2012 0:00,1803,379,COSGROVE ST NW,122209250,23336150,THREA3
P120168049,BIPD,10/14/2012 0:00,1737,10699,HART LN NE,121661650,24554050,DV3
P120168172,BIPD,10/14/2012 0:00,2304,625,WINSLOW WAY E,122607400,23236100,ASSAU4
P120168187,BIPD,10/14/2012 0:00,2355,,"XY(122552272,23583747)",122552272,23583747,CELL
P120168207,BIPD,10/15/2012 0:00,0151,,MADISON AVE N / WALLACE WAY NE,122433596,23514669,FI
P120170697,BIPD,10/19/2012 0:00,1141,9490,NE HIGH SCHOOL RD,122358400,23704100,MALIC4
P120182588,BIPD,11/9/2012 0:00,2039,7075,NE BAY HILL RD,121565100,24954400,POV4
P120182712,BIPD,11/10/2012 0:00,0054,8895,MADISON AVE N,122433700,23949200,T
P120182782,BIPD,11/10/2012 0:00,0425,,ALMA PL NE / NE SEABOLD RD,121564990,26043092,FI
P120183115,BIPD,11/10/2012 0:00,2107,,NE LOVGREEN RD E / STATE HWY 305 NE,122193914,24976129,T
P120183126,BIPD,11/10/2012 0:00,2134,,HIGH SCHOOL RD NE / STATE HWY 305 NE,122571082,23644469,T
P120183147,BIPD,11/10/2012 0:00,2220,,MADISON AVE N / WYATT WAY NE,122430637,23382031,T
P120165156,BIPD,10/9/2012 0:00,1416,,MADISON AVE N / WALLACE WAY NE,122433596,23514669,MVC2
P120165279,BIPD,10/9/2012 0:00,1739,,GRAND AVE / NE YEOMALT POINT DR,123022083,23543556,T
P120161709,BIPD,10/3/2012 0:00,1655,,HIGH SCHOOL RD NE / STATE HWY 305 NE,122571082,23644469,T
P120161841,BIPD,10/3/2012 0:00,2133,11954,MILLER RD NE,121740493,24986353,RETURN
P120161879,BIPD,10/3/2012 0:00,2353,,MADISON AVE N / WINSLOW WAY E,122427660,23249390,WC3
P120165933,BIPD,10/10/2012 0:00,2007,907,CARVER ST,118435000,20790500,MEDIA
P120170752,BIPD,10/19/2012 0:00,1313,16243,REITAN RD NE,121422350,26367300,SUSPI4
P120166620,BIPD,10/12/2012 0:00,0137,,NE DAY RD E / SUNRISE DR NE,122733885,25222379,T
P120166642,BIPD,10/12/2012 0:00,0439,11580,NORTH MADISON AVE NE,122460479,24829013,SUSPI3
P120166709,BIPD,10/12/2012 0:00,0907,568,ERICKSEN AVE NE,122534600,23399050,SUSPI3
P120166762,BIPD,10/12/2012 0:00,1045,320,SHEPARD WAY NW,122353000,23326250,HARAS4
P120166763,BIPD,10/12/2012 0:00,1046,600,WINSLOW WAY E,122597200,23245500,FRAUD3
P120185906,BIPD,11/16/2012 0:00,0901,,FINCH RD NE / WYATT WAY NW,122036524,23398020,MVCA
P120183153,BIPD,11/10/2012 0:00,2236,,NE LINCOLN RD / STATE HWY 305 NE,119643525,27396256,DUI3
P120183398,BIPD,11/11/2012 0:00,1458,9433,NE BLUE WAVE CT,122231500,23760900,MALIC4
P120183448,BIPD,11/11/2012 0:00,1636,11555,BATTLE POINT DR NE,120943550,24828200,SFR
P120183748,BIPD,11/12/2012 0:00,1043,9433,NE BLUE WAVE CT,122231500,23760900,WC911
P120187758,BIPD,11/19/2012 0:00,1520,5276,TAYLOR AVE NE,122686350,22749850,WC911
P120187909,BIPD,11/19/2012 0:00,1953,,WEAVER RD NW / WYATT WAY NW,122167956,23391345,T
P120187862,BIPD,11/19/2012 0:00,1831,8968,MANDUS OLSON RD NE,121809750,23997800,BURGL4
P120187910,BIPD,11/19/2012 0:00,1954,,FINCH RD NE / NE NEW HOLLAND CT,122037088,23445768,WIRESU
P120188034,BIPD,11/20/2012 0:00,0434,,SPORTSMAN CLUB RD NE / STATE HWY 305 NE,122395136,24298387,T
P120188056,BIPD,11/20/2012 0:00,0705,,"XY(122347121,24073137)",122347121,24073137,CELL
P120121144,BIPD,7/27/2012 0:00,1413,625,WINSLOW WAY E,122607400,23236100,MISC3
P120118481,BIPD,7/22/2012 0:00,2204,9651,STATE HWY 305 NE,122396529,24171145,PC4
P120121415,BIPD,7/27/2012 0:00,2331,,NE JUSTIN CT / MILLER RD NE,121500047,24497860,T
P120118489,BIPD,7/22/2012 0:00,2214,1020,LOVELL AVE NW,122303075,23548544,FU
P120118808,BIPD,7/23/2012 0:00,1344,,NE LOVGREEN RD E / STATE HWY 305 NE,122193914,24976129,T
P120121663,BIPD,7/28/2012 0:00,1335,13401,NORTH MADISON AVE NE,122443250,25458300,WC911
P120165945,BIPD,10/10/2012 0:00,2040,278,WINSLOW WAY E,122487600,23247600,WC911
P120162017,BIPD,10/4/2012 0:00,0954,9508,MANITOU BEACH DR NE,122433004,24308854,T
P120162165,BIPD,10/4/2012 0:00,1415,,BLAKELY AVE NE / NE TANI CREEK RD,122266661,22286883,ASSIS3
P120162200,BIPD,10/4/2012 0:00,1514,,NE HIDDEN COVE RD / STATE HWY 305 NE,121741136,25661125,TRAFF3
P120166492,BIPD,10/11/2012 0:00,1908,550,MADISON AVE N,122431200,23400600,SUSPI3
P120162228,BIPD,10/4/2012 0:00,1602,9330,NE HIGH SCHOOL RD,122363800,23666100,FU
P120183960,BIPD,11/12/2012 0:00,1646,,KNECHTEL WAY NE / MADISON AVE N,122432246,23447716,T
P120183977,BIPD,11/12/2012 0:00,1731,280,MADISON AVE N,122441700,23299100,ALRA
P120184007,BIPD,11/12/2012 0:00,1833,907,CARVER ST,118435000,20790500,MEDIA
P120184123,BIPD,11/13/2012 0:00,0017,15364,EUCLID AVE NE,122521100,26058350,INFOP4
P120184168,BIPD,11/13/2012 0:00,0512,,NE HIGH SCHOOL RD / MADISON AVE N,122433634,23644002,T
P120184380,BIPD,11/13/2012 0:00,1245,15843,AGATE PASS BRG,121391000,26467600,TRAFF3
P120160669,BIPD,10/1/2012 0:00,2211,350,GROW AVE NW,122340100,23334950,MISC4
P120163160,BIPD,10/6/2012 0:00,0508,16639,AGATE POINT RD NE,121798650,26506800,NOISE4
P120163251,BIPD,10/6/2012 0:00,1012,10944,NORTH MADISON AVE NE,122499600,24629050,FU
P120167266,BIPD,10/13/2012 0:00,0608,1201,CHERRY AVE NE,122892000,23620450,DVB
P120167458,BIPD,10/13/2012 0:00,1411,245,HIGH SCHOOL RD NW,122243500,23654700,FU
P120163766,BIPD,10/7/2012 0:00,0251,499,OLYMPIC DR SE,122674000,23182900,ASSAU2
P120171450,BIPD,10/20/2012 0:00,1800,907,CARVER ST,118435000,20790500,MEDIA
P120168793,BIPD,10/16/2012 0:00,0222,280,MADISON AVE N,122441700,23299100,ALRA
P120168791,BIPD,10/16/2012 0:00,0220,920,HILDEBRAND LN NE,122546100,23567800,UNWAN3
P120168801,BIPD,10/16/2012 0:00,0324,403,MADISON AVE N,122430200,23357500,FI
P120168948,BIPD,10/16/2012 0:00,1044,15701,POINT MONROE DR NE,122720400,26295450,INFOP3
P120121715,BIPD,7/28/2012 0:00,1535,345,KNECHTEL WAY NE,122501400,23437000,ASSIS3
P120118848,BIPD,7/23/2012 0:00,1451,12345,ARROW POINT LOOP NE,121220250,24984800,FU
P120122494,BIPD,7/30/2012 0:00,0013,475,COSGROVE ST NW,122201900,23369100,LOUDP4
P120118874,BIPD,7/23/2012 0:00,1533,,NE BAKER HILL RD / LYNWOOD CENTER RD NE,121772402,22605337,T
P120118882,BIPD,7/23/2012 0:00,1555,,ERICKSEN AVE NE / WINSLOW WAY E,122525612,23245942,T
P120119077,BIPD,7/23/2012 0:00,2222,300,HIGH SCHOOL RD NE,122506238,23645581,SUSPI4
P120181933,BIPD,11/8/2012 0:00,1753,,"XY(122071787,25257330)",122071787,25257330,CELL
P120181999,BIPD,11/8/2012 0:00,2021,625,WINSLOW WAY E,122607400,23236100,RECKL4
P120182083,BIPD,11/9/2012 0:00,0022,11299,ARROW POINT DR NE,121068800,24696200,FI
P120182521,BIPD,11/9/2012 0:00,1813,,BJUNE DR SE / MADISON AVE S,122427052,23224917,ASSIS3
P120182567,BIPD,11/9/2012 0:00,1940,14555,NE WILD SWAN LN,122619000,25776700,CIVIL4
P120185419,BIPD,11/15/2012 0:00,1024,8164,NE YETI LN,122017200,25352500,FU
P120163899,BIPD,10/7/2012 0:00,1128,,WINSLOW WAY E / WINSLOW WAY E,122485875,23257927,CELL
P120164056,BIPD,10/7/2012 0:00,1700,,WINSLOW WAY E / WINSLOW WAY E,122485875,23257927,CELL
P120164170,BIPD,10/7/2012 0:00,2127,14405,SPARGUR LOOP RD NE,122204250,25772550,DVB
P120164308,BIPD,10/8/2012 0:00,0652,,"XY(121079600,24707095)",121079600,24707095,CELL
P120164642,BIPD,10/8/2012 0:00,1557,4759,LYNWOOD CENTER RD NE,121753900,22568600,FOUND4
P120164807,BIPD,10/8/2012 0:00,2057,907,CARVER ST,118435000,20790500,MEDIA
P120188103,BIPD,11/20/2012 0:00,0927,16212,REITAN RD NE,121444600,26326550,FRAUD4
P120188261,BIPD,11/20/2012 0:00,1431,8400,NE SUMANEE PL,122072750,25482950,FRAUD4
P120188355,BIPD,11/20/2012 0:00,1709,11860,ARROW POINT DR NE,121143014,24933264,SUSPI4
P120188379,BIPD,11/20/2012 0:00,1732,6329,CRYSTAL SPRINGS DR NE,121044800,23120850,MVC3
P120188714,BIPD,11/21/2012 0:00,1149,,"XY(122025696,23916410)",122025696,23916410,CELL
P120188844,BIPD,11/21/2012 0:00,1621,9727,COPPERTOP LOOP NE,122353856,24101681,ASSIS4
P120168846,BIPD,10/16/2012 0:00,0733,625,WINSLOW WAY E,122607400,23236100,FU
P120168929,BIPD,10/16/2012 0:00,1007,601,HIGH SCHOOL RD NE,122587100,23628700,MVC4
P120164937,BIPD,10/9/2012 0:00,0340,9784,NE LAFAYETTE AVE,122551000,26173800,ALRA
P120169031,BIPD,10/16/2012 0:00,1233,355,ERICKSEN AVE NE,122510900,23330550,WC911
P120165638,BIPD,10/10/2012 0:00,1141,15399,SUNRISE DR NE,122676950,26097100,FRAUD4
P120165701,BIPD,10/10/2012 0:00,1310,16938,NE SANWICK PL,121625100,26650550,FRAUD4
P120169226,BIPD,10/16/2012 0:00,1739,9246,FLETCHER BAY RD NE,121178850,23946750,DV3
P120169432,BIPD,10/17/2012 0:00,0706,843,SHEPARD WAY NW,122180717,23327810,PC4
P120169912,BIPD,10/17/2012 0:00,2053,907,CARVER ST,118435000,20790500,MEDIA
P120173184,BIPD,10/24/2012 0:00,0027,370,BRIEN DR SE,122509300,23185900,FI
P120170068,BIPD,10/18/2012 0:00,0931,,GROW AVE NW / WYATT WAY NW,122332251,23385462,TRAFF3
P120189066,BIPD,11/22/2012 0:00,0204,550,MADISON AVE N,122431200,23400600,INTOX3
P120189083,BIPD,11/22/2012 0:00,0305,9330,NE HIGH SCHOOL RD,122363800,23666100,T
P120189102,BIPD,11/22/2012 0:00,0449,10102,EDGECOMBE PL NE,122508750,24293900,PROWL3
P120189201,BIPD,11/22/2012 0:00,1419,15350,BROOM ST NE,122253300,26085300,FU
P120189210,BIPD,11/22/2012 0:00,1506,,WINSLOW WAY E / WINSLOW WAY E,122485875,23257927,CELL
P120187433,BIPD,11/19/2012 0:00,0545,,EUCLID AVE NE / PHELPS RD NE,122444389,25908044,TRAFF3
P120185795,BIPD,11/16/2012 0:00,0031,,SPORTSMAN CLUB RD NE / NE WARDWELL RD,122379781,24286006,T
P120185809,BIPD,11/16/2012 0:00,0134,,LYNWOOD CENTER RD NE / POINT WHITE DR NE,121758992,22525846,FI
P120185845,BIPD,11/16/2012 0:00,0555,12923,PHELPS RD NE,122022016,25299496,MISC3
P120185876,BIPD,11/16/2012 0:00,0757,9147,SPORTSMAN CLUB RD NE,122307048,24056684,PC4
P120185975,BIPD,11/16/2012 0:00,1031,,NE HIGH SCHOOL RD / MADISON AVE N,122440036,23644447,T
P120185992,BIPD,11/16/2012 0:00,1101,4448,ROCKAWAY BEACH RD NE,122945000,22444200,CPR
P120165798,BIPD,10/10/2012 0:00,1523,7364,MADRONA DR NE,123113200,23435550,ALRA
P120165928,BIPD,10/10/2012 0:00,1934,829,HIGH SCHOOL RD NE,122672300,23642200,CUSTO4
P120165990,BIPD,10/10/2012 0:00,2255,7798,NE YEOMALT POINT DR,123117300,23575950,TRANS
P120166513,BIPD,10/11/2012 0:00,2005,,KNECHTEL WAY NE / MADISON AVE N,122432246,23447716,TRAFF3
P120169680,BIPD,10/17/2012 0:00,1330,9343,SPORTSMAN CLUB RD NE,122337100,24132500,MISSI3
P120166506,BIPD,10/11/2012 0:00,1942,4864,ROCKAWAY BEACH RD NE,122953450,22580650,FU
P120170091,BIPD,10/18/2012 0:00,0957,,GROW AVE NW / WYATT WAY NW,122332251,23385462,TRAFF3
P120170567,BIPD,10/19/2012 0:00,0738,129,KNECHTEL WAY NE,122440923,23447642,TRAFF4
P120170640,BIPD,10/19/2012 0:00,1002,,KNECHTEL WAY NE / MADISON AVE N,122432246,23447716,T
P120170669,BIPD,10/19/2012 0:00,1056,11660,NE YEOMALT POINT DR,123104450,23546600,SUICIA
P120170634,BIPD,10/19/2012 0:00,0958,370,BRIEN DR SE,122509300,23185900,FI
P120170990,BIPD,10/19/2012 0:00,2021,1245,GROW AVE NW,122326950,23624600,ASSIS4
P120166564,BIPD,10/11/2012 0:00,2153,,HIGH SCHOOL RD NE / STATE HWY 305 NE,122571082,23644469,T
P120170048,BIPD,10/18/2012 0:00,0837,,"XY(122549536,23246621)",122549536,23246621,T
P120170047,BIPD,10/18/2012 0:00,0837,,ERICKSEN AVE NE / WINSLOW WAY E,122525612,23245942,T
P120162301,BIPD,10/4/2012 0:00,1800,,SPORTSMAN CLUB RD NE / STATE HWY 305 NE,122395136,24298387,INFOP3
P120162435,BIPD,10/4/2012 0:00,2338,7689,NE DAY RD W,121828900,25206300,FI
P120162584,BIPD,10/5/2012 0:00,0941,9343,SPORTSMAN CLUB RD NE,122337100,24132500,MISC3
P120189756,BIPD,11/23/2012 0:00,1753,,FLETCHER BAY RD NE / ISLAND CENTER RD NE,121639712,23516206,ANIMA3
P120189843,BIPD,11/23/2012 0:00,2153,,STATE HWY 305 NE / NE WEST PORT MADISON RD,121590699,26041540,T
P120189886,BIPD,11/23/2012 0:00,2332,,MADISON AVE N / NE NEW BROOKLYN RD,122442200,23911813,T
P120190281,BIPD,11/24/2012 0:00,2018,561,FAIRVIEW AVE NE,123063646,23401073,PROWL3
P120190494,BIPD,11/25/2012 0:00,0651,,NE DAY RD E / STATE HWY 305 NE,122023402,25247379,T
P120186061,BIPD,11/16/2012 0:00,1302,,MADISON AVE N / STATE HWY 305 NE,122472543,23963078,T
P120186318,BIPD,11/16/2012 0:00,2148,5244,LYNWOOD CENTER RD NE,121823100,22791700,DV3
P120186527,BIPD,11/17/2012 0:00,0958,10339,NE VALLEY RD,122702452,24698071,MISC3
P120188367,BIPD,11/20/2012 0:00,1722,,"XY(122406144,23484425)",122406144,23484425,CELL
P120186566,BIPD,11/17/2012 0:00,1152,,MADISON AVE N / WYATT WAY NE,122430637,23382031,DUI3
P120186569,BIPD,11/17/2012 0:00,1207,499,OLYMPIC DR SE,122674000,23182900,FOUND4
P120190520,BIPD,11/25/2012 0:00,0916,12685,MILLER RD NE,121932500,25218700,ALRA
P120190565,BIPD,11/25/2012 0:00,1157,8380,NE BLAKELY HEIGHTS DR,121963150,22577950,FU
P120190694,BIPD,11/25/2012 0:00,1639,15741,POINT MONROE DR NE,122645050,26277350,BOATF
P120190711,BIPD,11/25/2012 0:00,1721,499,OLYMPIC DR SE,122674000,23182900,MVCG
P120190959,BIPD,11/26/2012 0:00,0803,625,WINSLOW WAY E,122607400,23236100,TRANS
P120191123,BIPD,11/26/2012 0:00,1220,1981,NE WILLOW AVE,123049650,23432400,MISC5
P120170222,BIPD,10/18/2012 0:00,1419,,NE DAY RD E / STATE HWY 305 NE,122023402,25247379,MALIC3
P120170221,BIPD,10/18/2012 0:00,1417,625,WINSLOW WAY E,122607400,23236100,FU
P120162930,BIPD,10/5/2012 0:00,1841,313,BROMLEY PL NW,122204800,23287100,FU
P120163020,BIPD,10/5/2012 0:00,2137,,OLYMPIC DR SE / WINSLOW WAY E,122597069,23245490,MVCG
P120170610,BIPD,10/19/2012 0:00,0923,625,WINSLOW WAY E,122607400,23236100,WRT4
P120163086,BIPD,10/6/2012 0:00,0002,481,MADISON AVE N,122430500,23377300,PC4
P120186742,BIPD,11/17/2012 0:00,1836,9330,NE HIGH SCHOOL RD,122363800,23666100,SUSPI3
P120188775,BIPD,11/21/2012 0:00,1415,15843,AGATE PASS BRG,121391000,26467600,TRAFF3
P120186765,BIPD,11/17/2012 0:00,1942,,NE DAY RD E / NORTH MADISON AVE NE,122468811,25230896,MVCG
P120186929,BIPD,11/18/2012 0:00,0123,823,HIGH SCHOOL RD NE,122669900,23642300,T
P120186979,BIPD,11/18/2012 0:00,0554,277,SHEPARD WAY NW,122383994,23317366,MVCG
P120189107,BIPD,11/22/2012 0:00,0700,,"XY(122315861,23878262)",122315861,23878262,CELL
P120191552,BIPD,11/27/2012 0:00,0701,280,MADISON AVE N,122441700,23299100,ALRA
P120191558,BIPD,11/27/2012 0:00,0746,625,WINSLOW WAY E,122607400,23236100,FI
P120191593,BIPD,11/27/2012 0:00,0848,10140,NE HIGH SCHOOL RD,122620450,23657900,ALRB
P120191718,BIPD,11/27/2012 0:00,1226,561,FAIRVIEW AVE NE,123063646,23401073,HARAS4
P120191825,BIPD,11/27/2012 0:00,1544,10051,EDGECOMBE PL NE,122477800,24261650,ALRA
P120189508,BIPD,11/23/2012 0:00,1006,871,WYATT WAY NW,122185800,23372700,T
P120168530,BIPD,10/15/2012 0:00,1542,9180,NE LOVGREEN RD E,122336068,24971847,FU
P120168703,BIPD,10/15/2012 0:00,2122,,SPRINGWOOD AVE NE / NE YAQUINA AVE,122575697,24007655,SUSPI3
P120171026,BIPD,10/19/2012 0:00,2210,,FINCH RD NE / WYATT WAY NW,122036524,23398020,MVC4
P120171028,BIPD,10/19/2012 0:00,2212,840,MADISON AVE N,122440950,23491050,WC911
P120175053,BIPD,10/27/2012 0:00,1012,,"XY(121790400,22330498)",121790400,22330498,CELL
P120184755,BIPD,11/14/2012 0:00,0433,,NE LOVGREEN RD E / STATE HWY 305 NE,122193914,24976129,T
P120185173,BIPD,11/14/2012 0:00,1921,,STATE HWY 305 NE / WINSLOW WAY E,122597069,23245490,TRAFF3
P120185250,BIPD,11/14/2012 0:00,2252,8895,MADISON AVE N,122433700,23949200,T
P120185310,BIPD,11/15/2012 0:00,0203,,REITAN RD NE / STATE HWY 305 NE,121501742,26370270,TRAFF3
P120187782,BIPD,11/19/2012 0:00,1552,350,GROW AVE NW,122340100,23334950,UNKNO3
P120187941,BIPD,11/19/2012 0:00,2104,,NE HIDDEN COVE RD / RUNNING SPRINGS LN NE,121910674,25635983,MVCG
P120189575,BIPD,11/23/2012 0:00,1215,499,OLYMPIC DR SE,122674000,23182900,THEFT3
P120193485,BIPD,11/30/2012 0:00,1808,907,CARVER ST,118435000,20790500,MEDIA
P120193474,BIPD,11/30/2012 0:00,1731,,NORTH MADISON AVE NE / STATE HWY 305 NE,122395136,24298387,MVC3
P120193661,BIPD,12/1/2012 0:00,0002,240,WEAVER RD NW,122177400,23311200,FI
P120193843,BIPD,12/1/2012 0:00,1059,200,KNECHTEL WAY NE,122467334,23453977,FU
P120193931,BIPD,12/1/2012 0:00,1354,8857,MADISON AVE N,122448049,23944177,MISC3
P120188081,BIPD,11/20/2012 0:00,0846,,NE DAY RD W / MILLER RD NE,121978357,25249210,T
P120188132,BIPD,11/20/2012 0:00,1033,625,WINSLOW WAY E,122607400,23236100,FU
P120188238,BIPD,11/20/2012 0:00,1348,625,WINSLOW WAY E,122607400,23236100,FU
P120188303,BIPD,11/20/2012 0:00,1537,,MADISON AVE N / STATE HWY 305 NE,122472543,23963078,MVC4
P120188322,BIPD,11/20/2012 0:00,1603,9324,ARROW POINT DR NE,121247370,24605608,ALRA
P120188343,BIPD,11/20/2012 0:00,1636,8140,NE HIDDEN COVE RD,121996726,25823677,MVC3
P120171243,BIPD,10/20/2012 0:00,1108,835,MADISON AVE N,122415100,23498500,FU
P120175117,BIPD,10/27/2012 0:00,1227,7861,NE BUCKLIN HILL RD,121867900,23115000,SUSPI3
P120168711,BIPD,10/15/2012 0:00,2133,,SPORTSMAN CLUB RD NE / STATE HWY 305 NE,122395136,24298387,FI
P120168759,BIPD,10/15/2012 0:00,2347,10800,MILLER RD NE,121500300,24498300,MISC4
P120175443,BIPD,10/28/2012 0:00,0119,10102,EDGECOMBE PL NE,122508750,24293900,BURGL1
P120175581,BIPD,10/28/2012 0:00,0935,10206,NE COUNTRY CLUB RD,122494050,22162350,FU
P120166944,BIPD,10/12/2012 0:00,1601,,NE LINCOLN RD / STATE HWY 305 NE,119643525,27396256,INFOP3
P120167586,BIPD,10/13/2012 0:00,1827,213,HIGH SCHOOL RD NW,122239312,23654823,INTOX3
P120167787,BIPD,10/14/2012 0:00,0259,625,WINSLOW WAY E,122607400,23236100,ASSIS4
P120168053,BIPD,10/14/2012 0:00,1739,907,CARVER ST,118435000,20790500,MEDIA
P120168393,BIPD,10/15/2012 0:00,1134,461,FERNCLIFF AVE NE,122692789,23363146,MENTA3
P120168396,BIPD,10/15/2012 0:00,1140,9180,NE LOVGREEN RD E,122336068,24971847,SUSPI3
P120119321,BIPD,7/24/2012 0:00,1158,9490,NE HIGH SCHOOL RD,122358400,23704100,VERBA4
P120119632,BIPD,7/24/2012 0:00,2208,9125,SPORTSMAN CLUB RD NE,122290100,24108100,FI
P120122824,BIPD,7/30/2012 0:00,1551,15798,STATE HWY 305 NE,121419100,26448500,MEDIA
P120119574,BIPD,7/24/2012 0:00,2020,625,WINSLOW WAY E,122607400,23236100,MEDIA
P120119651,BIPD,7/24/2012 0:00,2246,,HIGH SCHOOL RD NE / STATE HWY 305 NE,122571082,23644469,DUI3
P120171338,BIPD,10/20/2012 0:00,1423,,BJUNE DR SE / SHANNON DR SE,122470988,23209576,MENTAB
P120171356,BIPD,10/20/2012 0:00,1526,,WYATT WAY NW / WYATT WAY NW,122117093,23311282,CELL
P120168504,BIPD,10/15/2012 0:00,1454,,STATE HWY 305 NE / WINSLOW WAY E,122597069,23245490,T
P120171515,BIPD,10/20/2012 0:00,2020,625,WINSLOW WAY E,122607400,23236100,WRT3
P120168666,BIPD,10/15/2012 0:00,1959,4330,NE RHODES END,121124550,22474950,SUSPI3
P120171930,BIPD,10/21/2012 0:00,1726,6639,NE BAYVIEW BLVD,121473850,25023800,BURGL4
P120188354,BIPD,11/20/2012 0:00,1708,,"XY(122406144,23484425)",122406144,23484425,CELL
P120188399,BIPD,11/20/2012 0:00,1809,907,CARVER ST,118435000,20790500,MEDIA
P120188542,BIPD,11/21/2012 0:00,0101,,NE DAY RD E / STATE HWY 305 NE,122023402,25247379,FI
P120188764,BIPD,11/21/2012 0:00,1341,7968,FINCH RD NE,122064000,23640000,SUSPI4
P120188797,BIPD,11/21/2012 0:00,1447,,NE DAY RD E / STATE HWY 305 NE,122023402,25247379,FI
P120189013,BIPD,11/21/2012 0:00,2331,12311,ARROW POINT LOOP NE,121258650,24995200,UNKNO3
P120194158,BIPD,12/1/2012 0:00,2149,,BATTLE POINT DR NE / DEAD END,120874261,24518748,CELL
P120194484,BIPD,12/2/2012 0:00,1607,625,WINSLOW WAY E,122607400,23236100,WRT3
P120194486,BIPD,12/2/2012 0:00,1611,,NE HIDDEN COVE RD / PHELPS RD NE,122357064,25761218,TRAFF3
P120194527,BIPD,12/2/2012 0:00,1741,,NE DAY RD E / SUNRISE DR NE,122733885,25222379,UNKNO3
P120194526,BIPD,12/2/2012 0:00,1738,1000,WEAVER RD NW,122187600,23568300,SUSPI4
P120194608,BIPD,12/2/2012 0:00,2016,11682,SUNRISE DR NE,122746200,24877800,WIRESF
P120168964,BIPD,10/16/2012 0:00,1101,9433,NE BLUE WAVE CT,122231500,23760900,HARAS4
P120169125,BIPD,10/16/2012 0:00,1511,,WINSLOW WAY E / WINSLOW WAY E,122485867,23257562,CELL
P120172153,BIPD,10/22/2012 0:00,0758,,NE DAY RD E / STATE HWY 305 NE,122023402,25247379,TRAFF3
P120169158,BIPD,10/16/2012 0:00,1555,,NE HIGH SCHOOL RD / HORIZON VIEW PL NW,122310438,23631740,CELL
P120172278,BIPD,10/22/2012 0:00,1136,225,HIGH SCHOOL RD NW,122240895,23654772,NOISE4
P120169159,BIPD,10/16/2012 0:00,1557,4456,PINTO CT NE,121328350,22503300,THEFT4
P120171574,BIPD,10/20/2012 0:00,2254,253,HIGH SCHOOL RD NE,122470100,23646300,THEFT3
P120171769,BIPD,10/21/2012 0:00,1152,5389,ROSE AVE NE,122418490,22805133,ASSIS4
P120172029,BIPD,10/21/2012 0:00,2212,625,WINSLOW WAY E,122607400,23236100,RETURN
P120176399,BIPD,10/29/2012 0:00,2314,123,BJUNE DR SE,122436600,23219300,ALRA
P120172182,BIPD,10/22/2012 0:00,0902,11362,SUNRISE DR NE,122732100,24774000,MVCB
P120172157,BIPD,10/22/2012 0:00,0805,625,WINSLOW WAY E,122607400,23236100,TRANS
P120189025,BIPD,11/22/2012 0:00,0010,15798,STATE HWY 305 NE,121419100,26448500,T
P120189171,BIPD,11/22/2012 0:00,1159,625,WINSLOW WAY E,122607400,23236100,DV4
P120187371,BIPD,11/19/2012 0:00,0108,,NE KOURA RD / STATE HWY 305 NE,122310217,24709702,TRAFF3
P120187426,BIPD,11/19/2012 0:00,0501,,FAIRMONT LN NE / NE KOURA RD,122094063,24717498,T
P120187451,BIPD,11/19/2012 0:00,0651,297,MADISON AVE N,122429412,23323718,MISC3
P120187517,BIPD,11/19/2012 0:00,0934,,GILMORE WAY NE / WINSLOW WAY E,122615981,23254352,CELL
P120196231,BIPD,12/5/2012 0:00,1503,,BROWNSVILLE HWY NE / NE PAULSON RD,120025646,24362520,SUSPI3
P120194806,BIPD,12/3/2012 0:00,0832,499,OLYMPIC DR SE,122674000,23182900,THEFT3
P120194946,BIPD,12/3/2012 0:00,1231,10041,NE POINTVIEW DR,122557300,21447650,SUSPI3
P120194963,BIPD,12/3/2012 0:00,1259,8218,HANSEN RD NE,121132850,23759400,THEFT4
P120195450,BIPD,12/4/2012 0:00,1031,2339,SE CEDAR RD,119780900,18551400,FI
P120169262,BIPD,10/16/2012 0:00,1851,12311,ARROW POINT LOOP NE,121258650,24995200,FU
P120169578,BIPD,10/17/2012 0:00,1130,625,WINSLOW WAY E,122607400,23236100,MISC3
P120169579,BIPD,10/17/2012 0:00,1131,11311,LARIX PL NE,121698450,24745750,ALRP
P120169644,BIPD,10/17/2012 0:00,1250,141,PARFITT WAY SW,122410800,23143000,VEHIT4
P120169758,BIPD,10/17/2012 0:00,1550,829,HIGH SCHOOL RD NE,122672300,23642200,SUSPI3
P120170103,BIPD,10/18/2012 0:00,1020,3780,PLEASANT BEACH DR NE,121909750,22297200,BURGL4
P120176564,BIPD,10/30/2012 0:00,1020,9330,NE HIGH SCHOOL RD,122363800,23666100,FU
P120172456,BIPD,10/22/2012 0:00,1645,625,WINSLOW WAY E,122607400,23236100,SUSPI3
P120173142,BIPD,10/23/2012 0:00,2154,,HIGH SCHOOL RD NE / STATE HWY 305 NE,122571082,23644469,FI
P120173324,BIPD,10/24/2012 0:00,0857,,ERICKSEN AVE NE / KNECHTEL WAY NE,122530633,23445968,PARKI4
P120176880,BIPD,10/30/2012 0:00,2112,1076,ALEXANDER PL,122797772,23577716,UNKNO3
P120173620,BIPD,10/24/2012 0:00,1620,271,WINSLOW WAY E,122484900,23247700,FU
P120187564,BIPD,11/19/2012 0:00,1018,711,VILLAGE CIR NW,122196450,23412950,SUSPI4
P120189753,BIPD,11/23/2012 0:00,1745,5025,TAYLOR AVE NE,122637600,22662650,DV2
P120190023,BIPD,11/24/2012 0:00,1007,,STATE HWY 305 NE / VINEYARD LN,122559210,23438563,FI
P120191565,BIPD,11/27/2012 0:00,0800,1200,HILDEBRAND LN NE,122551100,23614700,ALRB
P120190043,BIPD,11/24/2012 0:00,1109,821,HIGH SCHOOL RD NE,122669100,23642300,FU
P120190073,BIPD,11/24/2012 0:00,1212,,MADISON AVE N / WINSLOW WAY E,122427660,23249390,PC3
P120170132,BIPD,10/18/2012 0:00,1131,12612,KALLGREN RD NE,122613800,25172400,FRAUD4
P120170214,BIPD,10/18/2012 0:00,1408,370,BRIEN DR SE,122509300,23185900,THEFT4
P120166813,BIPD,10/12/2012 0:00,1207,,NE DAY RD E / STATE HWY 305 NE,122023402,25247379,RECKL3
P120171002,BIPD,10/19/2012 0:00,2044,12311,ARROW POINT LOOP NE,121258650,24995200,FU
P120171019,BIPD,10/19/2012 0:00,2152,,NE DAY RD W / MILLER RD NE,121978357,25249210,T
P120171050,BIPD,10/19/2012 0:00,2301,840,MADISON AVE N,122440950,23491050,WC911
P120195422,BIPD,12/4/2012 0:00,0946,,ERICKSEN AVE NE / WINSLOW WAY E,122525612,23245942,PC3
P120191835,BIPD,11/27/2012 0:00,1555,,NE SEABOLD CHURCH RD / STATE HWY 305 NE,121628932,25910523,MVCG
P120192199,BIPD,11/28/2012 0:00,1026,625,WINSLOW WAY E,122607400,23236100,WRT5
P120192795,BIPD,11/29/2012 0:00,1305,8580,FERNCLIFF AVE NE,122703592,23810586,FI
P120192831,BIPD,11/29/2012 0:00,1356,8580,FERNCLIFF AVE NE,122703592,23810586,FU
P120193075,BIPD,11/29/2012 0:00,2255,,NE EAGLE HARBOR DR / WYATT WAY NW,121975030,23400247,T
P120173735,BIPD,10/24/2012 0:00,2013,907,CARVER ST,118435000,20790500,MEDIA
P120173740,BIPD,10/24/2012 0:00,2026,1802,EAGLE HARBOR LN NE,122101588,23131190,TRESP3
P120177427,BIPD,10/31/2012 0:00,2156,,NE HIDDEN COVE RD / PHELPS RD NE,122357064,25761218,T
P120173750,BIPD,10/24/2012 0:00,2056,,BATTLE POINT DR NE / NE NORTH TOLO RD,121000738,24475451,FU
P120174167,BIPD,10/25/2012 0:00,1633,499,OLYMPIC DR SE,122674000,23182900,TRAFF3
P120190139,BIPD,11/24/2012 0:00,1452,,NE DAY RD E / NORTH MADISON AVE NE,122468811,25230896,FI
P120190169,BIPD,11/24/2012 0:00,1552,,STATE HWY 305 NE / WINSLOW WAY E,122597069,23245490,TRAFF3
P120190184,BIPD,11/24/2012 0:00,1627,215,FINCH PL SW,122403500,23209000,SUSPI4
P120190221,BIPD,11/24/2012 0:00,1743,215,FINCH PL SW,122403500,23209000,WC911
P120190254,BIPD,11/24/2012 0:00,1914,1145,HIGH SCHOOL RD NE,122785100,23611850,WC911
P120190369,BIPD,11/24/2012 0:00,2335,,MADISON AVE N / STATE HWY 305 NE,122472543,23963078,T
P120171107,BIPD,10/20/2012 0:00,0139,245,HIGH SCHOOL RD NW,122243500,23654700,INTOX3
P120171167,BIPD,10/20/2012 0:00,0826,4461,PLEASANT BEACH DR NE,121765200,22465950,FU
P120171464,BIPD,10/20/2012 0:00,1818,320,SHEPARD WAY NW,122353000,23326250,CUSTO4
P120171739,BIPD,10/21/2012 0:00,1025,9280,NE LOVGREEN RD E,122369150,24979200,FU
P120171980,BIPD,10/21/2012 0:00,1931,,NE EAGLE HARBOR DR / MCDONALD AVE NE,122288154,22858476,FU
P120174721,BIPD,10/26/2012 0:00,1702,7720,SPRINGRIDGE RD NE,121247324,23581450,WC911
P120195548,BIPD,12/4/2012 0:00,1246,2194,DOUGLAS DR NE,122464050,21745950,FRAUD4
P120193286,BIPD,11/30/2012 0:00,1120,,STATE HWY 305 NE / WINSLOW WAY E,122597069,23245490,TRAFF3
P120195642,BIPD,12/4/2012 0:00,1544,9330,NE HIGH SCHOOL RD,122363800,23666100,RECKL4
P120195666,BIPD,12/4/2012 0:00,1609,,DEAD END / HARBORVIEW DR SE,122651428,23180972,CELL
P120195743,BIPD,12/4/2012 0:00,1821,10233,NE GARIBALDI LOOP,122671300,23759600,WC911
P120195778,BIPD,12/4/2012 0:00,2000,5311,LYNWOOD CENTER RD NE,121760700,22791000,CIVIL3
P120190375,BIPD,11/24/2012 0:00,2343,,NE KOURA RD / STATE HWY 305 NE,122310217,24709702,T
P120190433,BIPD,11/25/2012 0:00,0152,13545,PHELPS RD NE,122223600,25583800,FI
P120190453,BIPD,11/25/2012 0:00,0301,11299,ARROW POINT DR NE,121068800,24696200,FI
P120190486,BIPD,11/25/2012 0:00,0604,15843,AGATE PASS BRG,121391000,26467600,T
P120190549,BIPD,11/25/2012 0:00,1114,7613,FLETCHER BAY RD NE,121609901,23541192,MISC4
P120190884,BIPD,11/26/2012 0:00,0113,,NE KOURA RD / STATE HWY 305 NE,122310217,24709702,FI
P120172058,BIPD,10/21/2012 0:00,2357,253,HIGH SCHOOL RD NE,122470100,23646300,T
P120172209,BIPD,10/22/2012 0:00,0940,8824,NE NEW LONDON CT,122081350,23449700,BURGL4
P120172703,BIPD,10/23/2012 0:00,0811,,SUNRISE DR NE / NE VALLEY RD,122722526,24697639,TRAFF3
P120174919,BIPD,10/27/2012 0:00,0131,262,TORMEY LN NE,122530378,23589842,LOUDP4
P120175061,BIPD,10/27/2012 0:00,1030,,FLETCHER BAY RD NE / MILLER RD NE,121365750,23936543,TRAFF3
P120175070,BIPD,10/27/2012 0:00,1051,,FINCH RD NE / SPORTSMAN CLUB RD NE,122065485,23658671,CELL
P120174263,BIPD,10/25/2012 0:00,1936,,"XY(122071787,25257330)",122071787,25257330,CELL
P120174423,BIPD,10/26/2012 0:00,0701,,WESTWIND CT NE / NE WINDSONG LOOP,122386067,24753860,INFOP4
P120177935,BIPD,11/1/2012 0:00,1738,1928,NE DINGLEY RD,123053450,23492600,ASSIS4
P120174520,BIPD,10/26/2012 0:00,1058,9405,NE DAY RD E,122402010,25232797,PC4
P120174617,BIPD,10/26/2012 0:00,1409,,NE BUCKLIN HILL RD / NE EAGLE HARBOR DR,121966131,23304962,TRAFF3
P120195789,BIPD,12/4/2012 0:00,2036,13909,ELLINGSEN RD NE,122339807,25650198,SUSPI4
P120195918,BIPD,12/5/2012 0:00,0400,,FERNCLIFF AVE NE / WING POINT WAY NE,122693146,23376023,MENTA3
P120196040,BIPD,12/5/2012 0:00,1004,15112,SIVERTSON RD NE,121998700,25948650,FRAUD4
P120196020,BIPD,12/5/2012 0:00,0940,14330,PHELPS RD NE,122346444,25746933,FRAUD4
P120196057,BIPD,12/5/2012 0:00,1036,11024,NE WING POINT WAY,122898000,23384050,THEFT4
P120196202,BIPD,12/5/2012 0:00,1421,13923,ELLINGSEN RD NE,122340451,25653370,FU
P120189246,BIPD,11/22/2012 0:00,1732,907,CARVER ST,118435000,20790500,MEDIA
P120189253,BIPD,11/22/2012 0:00,1759,561,FAIRVIEW AVE NE,123063646,23401073,SUSPI4
P120190956,BIPD,11/26/2012 0:00,0756,4772,BLAKELY AVE NE,122018142,22590691,PC4
P120191047,BIPD,11/26/2012 0:00,1037,260,FERNCLIFF AVE NE,122698600,23301200,FU
P120191287,BIPD,11/26/2012 0:00,1616,15620,AGATEWOOD RD NE,121594000,26192350,BLSP
P120191459,BIPD,11/26/2012 0:00,2339,,HIGH SCHOOL RD NE / STATE HWY 305 NE,122571082,23644469,FI
P120196237,BIPD,12/5/2012 0:00,1509,,MADISON AVE N / WINSLOW WAY E,122427660,23249390,T
P120196629,BIPD,12/6/2012 0:00,1200,,SPORTSMAN CLUB RD NE / STATE HWY 305 NE,122395136,24298387,T
P120196695,BIPD,12/6/2012 0:00,1355,177,OLYMPIC DR SE,122602938,23226375,T
P120197247,BIPD,12/7/2012 0:00,1308,15701,POINT MONROE DR NE,122720400,26295450,ASSIS3
P120197493,BIPD,12/7/2012 0:00,1958,481,MADISON AVE N,122430500,23377300,THEFT3
P120197498,BIPD,12/7/2012 0:00,2008,,STATE HWY 305 NE / VINEYARD LN,122556963,23457347,T
P120172805,BIPD,10/23/2012 0:00,1111,220,PARFITT WAY SW,122383300,23192900,THEFT4
P120172835,BIPD,10/23/2012 0:00,1152,9463,NE BUSINESS PARK LN,122383800,24078150,FU
P120172903,BIPD,10/23/2012 0:00,1342,,NE DAY RD E / NE YETI LN,122025071,25272959,CELL
P120172881,BIPD,10/23/2012 0:00,1259,,MADISON AVE N / WINSLOW WAY E,122427660,23249390,MVC4
P120172956,BIPD,10/23/2012 0:00,1510,,MADISON AVE N / WYATT WAY NE,122430637,23382031,ANIMA3
P120172972,BIPD,10/23/2012 0:00,1535,625,WINSLOW WAY E,122607400,23236100,MISC3
P120189291,BIPD,11/22/2012 0:00,1941,,NE ADRIA LN / RIDGE LN NE,121835005,23252668,UNKNO3
P120189443,BIPD,11/23/2012 0:00,0359,9330,NE HIGH SCHOOL RD,122363800,23666100,PC4
P120191524,BIPD,11/27/2012 0:00,0417,841,FAIRVIEW AVE NE,123055850,23480650,POV2
P120191662,BIPD,11/27/2012 0:00,1029,,AARON AVE / GRAND AVE,122856188,23682319,ABAND4
P120191736,BIPD,11/27/2012 0:00,1248,1848,SAKAI VILLAGE LOOP NE,122487050,23840100,ASSIS4
P120191772,BIPD,11/27/2012 0:00,1427,271,WINSLOW WAY E,122484900,23247700,THEFT2
P120174745,BIPD,10/26/2012 0:00,1813,907,CARVER ST,118435000,20790500,MEDIA
P120174950,BIPD,10/27/2012 0:00,0221,625,WINSLOW WAY E,122607400,23236100,INTOX3
P120175069,BIPD,10/27/2012 0:00,1047,,FLETCHER BAY RD NE / NE HIGH SCHOOL RD,121498530,23670902,WIRESU
P120171557,BIPD,10/20/2012 0:00,2213,6465,HALEY LOOP NE,121782050,23292500,FU
P120175785,BIPD,10/28/2012 0:00,1809,12311,ARROW POINT LOOP NE,121258650,24995200,FU
P120197570,BIPD,12/7/2012 0:00,2249,,NE SEABOLD CHURCH RD / STATE HWY 305 NE,121628932,25910523,DUI3
P120197610,BIPD,12/8/2012 0:00,0012,10935,NE MANITOU PARK BLVD,122957058,24600928,PC4
P120197638,BIPD,12/8/2012 0:00,0121,,BATTLE POINT DR NE / NE TOLO RD,120996469,24342223,T
P120195571,BIPD,12/4/2012 0:00,1323,280,MADISON AVE N,122441700,23299100,T
P120197800,BIPD,12/8/2012 0:00,1124,625,WINSLOW WAY E,122607400,23236100,MISC4
P120197848,BIPD,12/8/2012 0:00,1312,130,MADISON AVE N,122428018,23262673,FU
P120175874,BIPD,10/28/2012 0:00,2250,,"XY(121079600,24707095)",121079600,24707095,CELL
P120173020,BIPD,10/23/2012 0:00,1651,11841,MILLER RD NE,121712956,24936665,MISC4
P120170274,BIPD,10/18/2012 0:00,1528,250,WEAVER RD NW,122146487,23305909,SUSPI2
P120170439,BIPD,10/18/2012 0:00,2052,11391,NE WING POINT WAY,123028900,23353050,ALRS
P120176610,BIPD,10/30/2012 0:00,1148,625,WINSLOW WAY E,122607400,23236100,ASSAU4
P120176735,BIPD,10/30/2012 0:00,1555,,"XY(122706692,23141823)",122706692,23141823,CELL
P120194960,BIPD,12/3/2012 0:00,1253,2890,NW BUCKLIN HILL RD,118333600,24363600,FU
P120192091,BIPD,11/28/2012 0:00,0620,10001,NE KNIGHT RD,122608800,25351900,CIVIL4
P120192228,BIPD,11/28/2012 0:00,1103,231,WINSLOW WAY E,122463600,23240400,FU
P120192625,BIPD,11/29/2012 0:00,0413,10102,EDGECOMBE PL NE,122508750,24293900,PROWL3
P120192663,BIPD,11/29/2012 0:00,0814,,NORTH TOWN DR NE / SPORTSMAN CLUB RD NE,122294142,24024195,T
P120192710,BIPD,11/29/2012 0:00,1009,,MADISON AVE N / STATE HWY 305 NE,122472543,23963078,MVC4
P120198129,BIPD,12/8/2012 0:00,2340,,STATE HWY 305 NE / WINSLOW WAY E,122597069,23245490,T
P120198136,BIPD,12/8/2012 0:00,2357,5269,NE FREY AVE,121023950,24825604,PC4
P120198181,BIPD,12/9/2012 0:00,0134,335,HENSHAW WAY NE,122449506,23291902,PC4
P120198336,BIPD,12/9/2012 0:00,1140,,ALDER AVE NE / NE WING POINT WAY,122989219,23367009,MALIC3
P120198437,BIPD,12/9/2012 0:00,1537,9436,BATTLE POINT DR NE,121010350,24140800,THEFT4
P120198488,BIPD,12/9/2012 0:00,1733,253,HIGH SCHOOL RD NE,122470100,23646300,RECKL3
P120179233,BIPD,11/3/2012 0:00,2309,3000,PLEASANT BEACH DR NE,122112500,22010500,FI
P120179248,BIPD,11/3/2012 0:00,2334,4259,VICTORY DR SW,117277750,19180550,UNKNO3
P120176228,BIPD,10/29/2012 0:00,1614,8804,NE SPARGUR LOOP RD,122238800,25879550,ALRA
P120176443,BIPD,10/30/2012 0:00,0143,,PARKHILL PL NE / NE VALLEY RD,122540804,24701824,FI
P120176527,BIPD,10/30/2012 0:00,0856,428,HARBORVIEW DR SE,122620800,23140800,FRAUD4
P120176724,BIPD,10/30/2012 0:00,1530,6410,WING POINT RD NE,123110500,23120200,WC911
P120170854,BIPD,10/19/2012 0:00,1608,2106,FORT WARD HILL RD NE,122366300,21679100,FU
P120176809,BIPD,10/30/2012 0:00,1804,7040,FLETCHER BAY RD NE,121720717,23169300,MALIC4
P120170919,BIPD,10/19/2012 0:00,1803,,PLEASANT BEACH DR NE / POINT WHITE DR NE,121758992,22525846,FOUND4
P120173529,BIPD,10/24/2012 0:00,1404,6910,NE DAY RD W,121581714,25259196,NARCO4
P120173694,BIPD,10/24/2012 0:00,1835,8337,MEDWAY LN NE,122032450,24734650,FRAUD4
P120192739,BIPD,11/29/2012 0:00,1112,625,WINSLOW WAY E,122607400,23236100,MISSI4
P120192822,BIPD,11/29/2012 0:00,1345,,NE HIGH SCHOOL RD / HORIZON VIEW PL NW,122310438,23631740,CELL
P120192916,BIPD,11/29/2012 0:00,1612,7420,STATE HWY 3 SW,116673300,19028000,FU
P120193005,BIPD,11/29/2012 0:00,1935,299,SHANNON DR SE,122508700,23164500,SUSPI3
P120193234,BIPD,11/30/2012 0:00,0940,,NE DAY RD E / STATE HWY 305 NE,122023402,25247379,T
P120193322,BIPD,11/30/2012 0:00,1253,8555,MADISON AVE N,122413300,23788700,THEFT3
P120198709,BIPD,12/10/2012 0:00,0701,,GILMORE WAY NE / WINSLOW WAY E,122615981,23254352,CELL
P120198701,BIPD,12/10/2012 0:00,0606,,MILLER BAY RD NE / NE ORSETH RD,121736138,28930570,MVCA
P120198796,BIPD,12/10/2012 0:00,1024,,NE HIGH SCHOOL RD / HORIZON VIEW PL NW,122310438,23631740,CELL
P120198887,BIPD,12/10/2012 0:00,1300,,NE HIGH SCHOOL RD / WESTERLY LN NE,121872133,23667388,SUSPI4
P120198949,BIPD,12/10/2012 0:00,1446,8916,FERNCLIFF AVE NE,122757400,23935450,POV3
P120196874,BIPD,12/6/2012 0:00,1858,,NE DAY RD E / NE YETI LN,122025071,25272959,CELL
P120193425,BIPD,11/30/2012 0:00,1613,253,HIGH SCHOOL RD NE,122470100,23646300,THEFT4
P120196699,BIPD,12/6/2012 0:00,1401,280,MADISON AVE N,122441700,23299100,FI
P120193442,BIPD,11/30/2012 0:00,1638,,NORTH MADISON AVE NE / STATE HWY 305 NE,122395136,24298387,MVCB
P120196875,BIPD,12/6/2012 0:00,1902,499,OLYMPIC DR SE,122674000,23182900,SUSPI3
P120193503,BIPD,11/30/2012 0:00,1848,5378,DIAMOND PL NE,121678950,22866050,UNKNO3
P120193666,BIPD,12/1/2012 0:00,0007,625,WINSLOW WAY E,122607400,23236100,WRT3
P120176745,BIPD,10/30/2012 0:00,1610,11027,ROLLING BAY WALK NE,122939550,24631900,SUSPI3
P120180287,BIPD,11/5/2012 0:00,2313,141,PARFITT WAY SW,122410800,23143000,ASSAU2
P120176798,BIPD,10/30/2012 0:00,1745,625,WINSLOW WAY E,122607400,23236100,WRT4
P120176897,BIPD,10/30/2012 0:00,2215,,"XY(122552272,23583747)",122552272,23583747,CELL
P120180582,BIPD,11/6/2012 0:00,1249,101,WINSLOW WAY E,122434400,23242500,FOUND5
P120177205,BIPD,10/31/2012 0:00,1401,403,MADISON AVE N,122430200,23357500,PC4
P120173702,BIPD,10/24/2012 0:00,1850,,NE SEABOLD CHURCH RD / STATE HWY 305 NE,121628932,25910523,DUI3
P120177190,BIPD,10/31/2012 0:00,1344,8945,SANDS AVE NE,121898950,23983950,UNKNO3
P120177219,BIPD,10/31/2012 0:00,1416,,HIGH SCHOOL RD NE / STATE HWY 305 NE,122571082,23644469,T
P120177299,BIPD,10/31/2012 0:00,1718,,WINSLOW WAY EAST @ MADISON AVE,122607671,23239392,PC4
P120174027,BIPD,10/25/2012 0:00,1215,,MANDUS OLSON RD NE / NE NEW BROOKLYN RD,121781469,23932547,SUSPI4
P120177404,BIPD,10/31/2012 0:00,2102,,NE ROSARIO PL / WEAVER RD NW,122171607,23604938,SUSPI3
P120196998,BIPD,12/7/2012 0:00,0105,7165,NE HIDDEN COVE RD,121680463,25648883,FI
P120197167,BIPD,12/7/2012 0:00,1045,253,HIGH SCHOOL RD NE,122470100,23646300,MVC4
P120199168,BIPD,12/10/2012 0:00,2101,,NE DAY RD E / STATE HWY 305 NE,122023402,25247379,DUI3
P120199176,BIPD,12/10/2012 0:00,2116,4759,LYNWOOD CENTER RD NE,121753900,22568600,ANIMA3
P120199154,BIPD,12/10/2012 0:00,2025,,NE COUNTRY CLUB RD / FORT WARD HILL RD NE,122444940,22146864,MVCB
P120193760,BIPD,12/1/2012 0:00,0737,907,CARVER ST,118435000,20790500,MEDIA
P120197161,BIPD,12/7/2012 0:00,1040,10255,NE VALLEY RD,122674600,24698700,KEEP4
P120193914,BIPD,12/1/2012 0:00,1317,253,HIGH SCHOOL RD NE,122470100,23646300,THREA4
P120197292,BIPD,12/7/2012 0:00,1400,625,WINSLOW WAY E,122607400,23236100,FU
P120194179,BIPD,12/1/2012 0:00,2252,8641,SANDS AVE NE,121875700,23848100,FI
P120197487,BIPD,12/7/2012 0:00,1943,,NE HIGH SCHOOL RD / WEAVER RD NW,122172525,23657280,T
P120177352,BIPD,10/31/2012 0:00,1911,488,WINSLOW WAY E,122551500,23246500,CIVIL4
P120177586,BIPD,11/1/2012 0:00,0656,,NE COUNTRY CLUB RD / UPPER FARMS RD NE,123085047,21902910,WIRESU
P120181410,BIPD,11/7/2012 0:00,1934,11150,FAIRMONT LN NE,122110600,24669900,GUNVI3
P120177605,BIPD,11/1/2012 0:00,0822,5151,NE BEACH ST,120978750,24123300,ALRA
P120181570,BIPD,11/8/2012 0:00,0545,,NE HIGH SCHOOL RD / MADISON AVE N,122433634,23644002,FI
P120177842,BIPD,11/1/2012 0:00,1508,15347,SUQUAMISH WAY NE,121270800,26509200,FI
P120174434,BIPD,10/26/2012 0:00,0723,9031,SPORTSMAN CLUB RD NE,122283542,23998485,T
P120174457,BIPD,10/26/2012 0:00,0834,,NICHOLSON PL NW / WYATT WAY NW,122250974,23388522,DUI4
P120174732,BIPD,10/26/2012 0:00,1742,,GRAND AVE / NE YEOMALT POINT DR,123022083,23543556,NARCO3
P120174882,BIPD,10/27/2012 0:00,0001,11299,ARROW POINT DR NE,121068800,24696200,FI
P120174883,BIPD,10/27/2012 0:00,0006,11299,ARROW POINT DR NE,121068800,24696200,FI
P120175182,BIPD,10/27/2012 0:00,1426,,"XY(122315861,23878262)",122315861,23878262,CELL
P120119812,BIPD,7/25/2012 0:00,0912,,NE DAY RD E / NE YETI LN,122025071,25272959,CELL
P120123406,BIPD,7/31/2012 0:00,1656,6705,NE DAPPLE CT,121438000,22443150,SUSPI3
P120119967,BIPD,7/25/2012 0:00,1343,625,WINSLOW WAY E,122607400,23236100,FOUND4
P120123750,BIPD,8/1/2012 0:00,1021,2412,SOUNDVIEW DR NE,122367750,21797900,THEFT4
P120119976,BIPD,7/25/2012 0:00,1358,,NE SOL VEI / STATE HWY 305 NE,119662155,27026219,ASSIS4
P120120079,BIPD,7/25/2012 0:00,1707,7586,NE HIDDEN COVE RD,121840800,25698250,T
P120197619,BIPD,12/8/2012 0:00,0037,,MADISON AVE N / STATE HWY 305 NE,122472543,23963078,T
P120191496,BIPD,11/27/2012 0:00,0147,,NE MORGAN RD / STATE HWY 305 NE,122252700,24842450,ASSIS3
P120194562,BIPD,12/2/2012 0:00,1851,6009,NE WEE WUN WAY,121355695,26698078,ASSIS3
P120197855,BIPD,12/8/2012 0:00,1320,625,WINSLOW WAY E,122607400,23236100,FI
P120194638,BIPD,12/2/2012 0:00,2203,,NE LOVGREEN RD E / STATE HWY 305 NE,122193914,24976129,T
P120194799,BIPD,12/3/2012 0:00,0829,,MADRONE LN N / WINSLOW WAY E,122461044,23248357,MVC4
P120177957,BIPD,11/1/2012 0:00,1811,625,WINSLOW WAY E,122607400,23236100,FU
P120178019,BIPD,11/1/2012 0:00,2018,1928,NE DINGLEY RD,123053450,23492600,CIVIL3
P120182042,BIPD,11/8/2012 0:00,2242,10102,EDGECOMBE PL NE,122508750,24293900,BURGL1
P120178317,BIPD,11/2/2012 0:00,1034,,NE BUSINESS PARK LN / SPORTSMAN CLUB RD NE,122322118,24094785,T
P120178379,BIPD,11/2/2012 0:00,1210,250,MADRONA WAY NE,122470050,23365000,SUSPI4
P120175146,BIPD,10/27/2012 0:00,1315,12311,ARROW POINT LOOP NE,121258650,24995200,FU
P120199920,BIPD,12/12/2012 0:00,0903,8997,HEMLOCK AVE NE,122502750,24001150,THEFT4
P120200014,BIPD,12/12/2012 0:00,1223,625,WINSLOW WAY E,122607400,23236100,FOUND4
P120200053,BIPD,12/12/2012 0:00,1345,,"XY(122315861,23878262)",122315861,23878262,CELL
P120200125,BIPD,12/12/2012 0:00,1545,8185,NE BECK RD,121890550,22324750,WC911
P120200302,BIPD,12/12/2012 0:00,2142,6639,NE BAYVIEW BLVD,121473850,25023800,BURGL1
P120175191,BIPD,10/27/2012 0:00,1443,225,HIGH SCHOOL RD NW,122240895,23654772,HARAS3
P120178260,BIPD,11/2/2012 0:00,0905,,NE DAY RD E / NE YETI LN,122031353,25269536,CELL
P120175283,BIPD,10/27/2012 0:00,1855,,"XY(122315861,23878262)",122315861,23878262,CELL
P120175585,BIPD,10/28/2012 0:00,0953,11800,NORTH MADISON AVE NE,122490800,24900900,SUSPI3
P120175591,BIPD,10/28/2012 0:00,1006,,CAMELIA LOOP NE / IHLAND PL NE,122465734,23578195,TRAFF3
P120175805,BIPD,10/28/2012 0:00,1915,10102,EDGECOMBE PL NE,122508750,24293900,HARAS4
P120120113,BIPD,7/25/2012 0:00,1756,907,CARVER ST,118435000,20790500,MEDIA
P120117157,BIPD,7/20/2012 0:00,1623,253,HIGH SCHOOL RD NE,122470100,23646300,T
P120117153,BIPD,7/20/2012 0:00,1618,,STATE HWY 305 NE / WINSLOW WAY E,122597069,23245490,TRAFF3
P120124161,BIPD,8/1/2012 0:00,2337,,NE EAGLE HARBOR DR / WYATT WAY NW,121975030,23400247,T
P120124296,BIPD,8/2/2012 0:00,0948,360,TORMEY LN NE,122527054,23595610,ALRA
P120124544,BIPD,8/2/2012 0:00,1644,,SUNRISE DR NE / NE WINTHERS RD,122727869,24959985,FU
P120195139,BIPD,12/3/2012 0:00,1815,8521,MADISON AVE N,122388100,23738800,CUSTO4
P120195275,BIPD,12/4/2012 0:00,0001,,NE DAY RD E / NORTH MADISON AVE NE,122468811,25230896,FU
P120195473,BIPD,12/4/2012 0:00,1104,625,WINSLOW WAY E,122607400,23236100,FI
P120195525,BIPD,12/4/2012 0:00,1212,6975,NE DAY RD W,121603118,25258911,THEFT4
P120195729,BIPD,12/4/2012 0:00,1747,907,CARVER ST,118435000,20790500,MEDIA
P120196010,BIPD,12/5/2012 0:00,0922,601,HIGH SCHOOL RD NE,122587100,23628700,FI
P120200336,BIPD,12/12/2012 0:00,2258,1647,JEANETTE PL NW,122247050,23770350,DV2
P120200418,BIPD,12/13/2012 0:00,0733,403,MADISON AVE N,122430200,23357500,ALRA
P120200440,BIPD,12/13/2012 0:00,0837,,BLAKELY AVE NE / NE MABREY LN,122006479,22647954,T
P120200472,BIPD,12/13/2012 0:00,0944,285,WINSLOW WAY E,122489671,23247569,MVCG
P120200502,BIPD,12/13/2012 0:00,1034,,"XY(121808971,26606209)",121808971,26606209,CELL
P120200785,BIPD,12/13/2012 0:00,1810,9856,NE TORVANGER RD,122560163,25626080,ALRA
P120175890,BIPD,10/28/2012 0:00,2332,3204,CRYSTAL SPRINGS DR NE,121162950,22116650,SUSPI3
P120176177,BIPD,10/29/2012 0:00,1458,625,WINSLOW WAY E,122607400,23236100,MVC3
P120173072,BIPD,10/23/2012 0:00,1809,907,CARVER ST,118435000,20790500,MEDIA
P120173445,BIPD,10/24/2012 0:00,1204,9981,NE SOUTH BEACH DR,122446550,21407750,ALRP
P120176207,BIPD,10/29/2012 0:00,1540,505,MADRONA WAY NE,122490060,23307041,THEFT4
P120176749,BIPD,10/30/2012 0:00,1618,15347,SUQUAMISH WAY NE,121270800,26509200,VEHIT3
P120175362,BIPD,10/27/2012 0:00,2201,,HIGH SCHOOL RD NE / HILDEBRAND LN NE,122535496,23644973,T
P120179498,BIPD,11/4/2012 0:00,1357,,NE HIGH SCHOOL RD / MADISON AVE N,122433634,23644002,T
P120179646,BIPD,11/4/2012 0:00,2023,9340,NE SOUTH BEACH DR,122328900,21557400,WC3
P120179863,BIPD,11/5/2012 0:00,0929,200,MADISON AVE N,122493100,23291400,BURGL3
P120180129,BIPD,11/5/2012 0:00,1621,251,WINSLOW WAY W,122379750,23216300,BURGL4
P120124642,BIPD,8/2/2012 0:00,1940,141,PARFITT WAY SW,122410800,23143000,NOISE4
P120124648,BIPD,8/2/2012 0:00,1947,,NE KOURA RD / STATE HWY 305 NE,122310217,24709702,RECKL3
P120124861,BIPD,8/3/2012 0:00,0822,10655,ARROW POINT DR NE,121148716,24556676,NOISE4
P120125042,BIPD,8/3/2012 0:00,1400,725,ERICKSEN AVE NE,122530849,23454158,ALRA
P120117172,BIPD,7/20/2012 0:00,1646,,MILLER RD NE / PETERSON HILL RD NE,121669667,24878567,T
P120125321,BIPD,8/3/2012 0:00,2200,125,FERNCLIFF AVE NE,122689900,23252800,DUMPS
P120196058,BIPD,12/5/2012 0:00,1036,,NE HIGH SCHOOL RD / HORIZON VIEW PL NW,122314854,23640764,CELL
P120198239,BIPD,12/9/2012 0:00,0631,614,DIVISION ST,119442800,20147600,TRANS
P120196111,BIPD,12/5/2012 0:00,1153,975,LOVELL AVE NW,122293450,23547350,HARAS4
P120196255,BIPD,12/5/2012 0:00,1542,,NE DAY RD E / STATE HWY 305 NE,122023402,25247379,TRAFF3
P120196326,BIPD,12/5/2012 0:00,1822,396,BRIEN DR SE,122514661,23185778,PC4
P120198905,BIPD,12/10/2012 0:00,1334,,"XY(122022716,22252371)",122022716,22252371,CELL
P120173469,BIPD,10/24/2012 0:00,1237,7587,E RAMBLEWOOD ST,121595000,20389000,FU
P120176953,BIPD,10/31/2012 0:00,0213,10102,EDGECOMBE PL NE,122508750,24293900,BURGL1
P120177037,BIPD,10/31/2012 0:00,0901,,HIGH SCHOOL RD NE / STATE HWY 305 NE,122571082,23644469,T
P120177149,BIPD,10/31/2012 0:00,1218,,MADISON AVE N / NE NEW BROOKLYN RD,122442200,23911813,MVC3
P120177379,BIPD,10/31/2012 0:00,2005,898,ALDER AVE NE,122996650,23518450,MALIC4
P120177547,BIPD,11/1/2012 0:00,0236,,SIVERTSON RD NE / NE WEST PORT MADISON RD,121960506,26032235,TRAFF3
P120200852,BIPD,12/13/2012 0:00,2051,9123,NE NEW BROOKLYN RD,122312525,23916540,PC4
P120200978,BIPD,12/14/2012 0:00,0720,14107,FARMVIEW LN NE,122634472,25656941,FRAUD4
P120201015,BIPD,12/14/2012 0:00,0855,,NE DAY RD W / MILLER RD NE,121978357,25249210,T
P120201078,BIPD,12/14/2012 0:00,1034,8681,MADISON AVE N,122440054,23812877,PC4
P120201153,BIPD,12/14/2012 0:00,1307,10102,EDGECOMBE PL NE,122508750,24293900,MALIC4
P120201369,BIPD,12/14/2012 0:00,1816,403,MADISON AVE N,122430200,23357500,TRESP3
P120180182,BIPD,11/5/2012 0:00,1816,907,CARVER ST,118435000,20790500,MEDIA
P120180464,BIPD,11/6/2012 0:00,0936,,"XY(121282990,24791158)",121282990,24791158,CELL
P120180456,BIPD,11/6/2012 0:00,0926,,NE BUCKLIN HILL RD / NE EAGLE HARBOR DR,121966131,23304962,MVCA
P120183763,BIPD,11/12/2012 0:00,1103,299,SHANNON DR SE,122508700,23164500,PARKI4
P120180901,BIPD,11/7/2012 0:00,0128,14107,FARMVIEW LN NE,122634472,25656941,WC4
P120181291,BIPD,11/7/2012 0:00,1559,,"XY(122661936,23322306)",122661936,23322306,CELL
P120196581,BIPD,12/6/2012 0:00,1044,,MILLER RD NE / NE NEW BROOKLYN RD,121365750,23936543,T
P120196681,BIPD,12/6/2012 0:00,1316,,"XY(122458372,23669719)",122458372,23669719,CELL
P120196720,BIPD,12/6/2012 0:00,1421,657,MOJI LN NW,122255550,23478000,FU
P120196944,BIPD,12/6/2012 0:00,2159,,STATE HWY 305 NE / WINSLOW WAY E,122597069,23245490,T
P120197106,BIPD,12/7/2012 0:00,0927,875,WINSLOW WAY E,122682536,23243454,FU
P120120971,BIPD,7/27/2012 0:00,0841,10150,NE COUNTRY CLUB RD,122545900,22110000,SUSPI4
P120125455,BIPD,8/4/2012 0:00,0404,,KNECHTEL WAY NE / MADISON AVE N,122432246,23447716,VERBA3
P120121115,BIPD,7/27/2012 0:00,1330,835,MADISON AVE N,122415100,23498500,CPR
P120121120,BIPD,7/27/2012 0:00,1339,11954,MILLER RD NE,121740493,24986353,FU
P120121351,BIPD,7/27/2012 0:00,2106,290,EAKIN DR NW,122138550,23306900,DV2
P120125714,BIPD,8/4/2012 0:00,1622,18718,3RD AVE NE,121674200,27190700,FU
P120177617,BIPD,11/1/2012 0:00,0845,9090,NE DAY RD E,122297900,25258450,WIRESU
P120177666,BIPD,11/1/2012 0:00,1022,5767,NE FOSTER RD,121192800,23864450,WIRESF
P120177794,BIPD,11/1/2012 0:00,1416,525,HOMESTEAD LN,122471250,23409000,THEFT4
P120177796,BIPD,11/1/2012 0:00,1418,,NE ROSARIO PL / WEAVER RD NW,122171607,23604938,FU
P120177855,BIPD,11/1/2012 0:00,1524,,"XY(122816048,23546254)",122816048,23546254,CELL
P120178188,BIPD,11/2/2012 0:00,0417,381,WALLACE WAY NE,122524400,23506000,DV2
P120201514,BIPD,12/14/2012 0:00,2056,8331,NE SUMANEE PL,121982600,25620200,WC911
P120201696,BIPD,12/14/2012 0:00,2319,,SPORTSMAN CLUB RD NE / STATE HWY 305 NE,122395136,24298387,T
P120199404,BIPD,12/11/2012 0:00,1007,170,HARBOR SQUARE LOOP NE,122631728,23272775,WC4
P120199534,BIPD,12/11/2012 0:00,1335,12660,STATE HWY 305 NE,122054136,25201026,T
P120199744,BIPD,12/11/2012 0:00,2019,7905,FINCH RD NE,122040107,23632030,MISC3
P120201741,BIPD,12/14/2012 0:00,2357,,FINCH RD NE / NE HIGH SCHOOL RD,122040602,23661844,T
P120183954,BIPD,11/12/2012 0:00,1638,434,JOHN ADAMS LN NW,122393400,23359950,FU
P120181379,BIPD,11/7/2012 0:00,1816,343,WINSLOW WAY E,122501900,23247000,MVCB
P120181481,BIPD,11/7/2012 0:00,2301,11024,NE WING POINT WAY,122898000,23384050,INTOXA
P120181586,BIPD,11/8/2012 0:00,0719,,NE DAY RD E / STATE HWY 305 NE,122023402,25247379,T
P120181809,BIPD,11/8/2012 0:00,1433,619,BAY ST,119458000,20306600,ASSIS3
P120182019,BIPD,11/8/2012 0:00,2134,573,CHERRY AVE NE,122946350,23395750,DV3
P120197136,BIPD,12/7/2012 0:00,1018,,NE HIGH SCHOOL RD / MADISON AVE N,122433634,23644002,SUSPI4
P120197241,BIPD,12/7/2012 0:00,1256,,OLYMPIC DR SE / WINSLOW WAY E,122597069,23245490,THEFT3
P120197398,BIPD,12/7/2012 0:00,1652,907,CARVER ST,118435000,20790500,MEDIA
P120194201,BIPD,12/1/2012 0:00,2331,9330,NE HIGH SCHOOL RD,122363800,23666100,FI
P120194300,BIPD,12/2/2012 0:00,0453,635,HIGH SCHOOL RD NE,122615700,23616500,THEFT2
P120197972,BIPD,12/8/2012 0:00,1737,625,WINSLOW WAY E,122607400,23236100,WRT4
P120178283,BIPD,11/2/2012 0:00,0935,7440,NE MANUAL RD,121767031,25710914,CIVIL4
P120181421,BIPD,11/7/2012 0:00,2001,10225,MANITOU BEACH DR NE,122767600,24426700,FU
P120181621,BIPD,11/8/2012 0:00,0919,,HIGH SCHOOL RD NE / STATE HWY 305 NE,122571082,23644469,T
P120182081,BIPD,11/9/2012 0:00,0013,,FLETCHER BAY RD NE / NE NEW BROOKLYN RD,121365750,23936543,T
P120178727,BIPD,11/2/2012 0:00,2351,,NE MORGAN RD / STATE HWY 305 NE,122252700,24842450,T
P120199772,BIPD,12/11/2012 0:00,2221,625,WINSLOW WAY E,122607400,23236100,MISC3
P120201991,BIPD,12/15/2012 0:00,1114,1250,WEAVER RD NW,122185850,23632050,FU
P120202033,BIPD,12/15/2012 0:00,1325,,MILLER BAY RD NE / NE STATE HWY 104,122070360,29996104,T
P120202086,BIPD,12/15/2012 0:00,1510,,NE DAY RD E / STATE HWY 305 NE,122023402,25247379,RECKL3
P120202229,BIPD,12/15/2012 0:00,2147,,NE LOVGREEN RD E / PLEASANT PL NE,122244655,24974505,TRAFF3
P120202288,BIPD,12/16/2012 0:00,0034,14800,STATE HWY 305 NE,121628900,25910700,PC3
P120182217,BIPD,11/9/2012 0:00,0920,,MADISON AVE N / STATE HWY 305 NE,122472543,23963078,T
P120178728,BIPD,11/2/2012 0:00,2351,,NE DAY RD E / STATE HWY 305 NE,122023402,25247379,T
P120178742,BIPD,11/3/2012 0:00,0007,15347,SUQUAMISH WAY NE,121270800,26509200,ASSIS3
P120182705,BIPD,11/10/2012 0:00,0032,,AZALEA AVE NE / WING POINT WAY NE,122868520,23371293,FI
P120178858,BIPD,11/3/2012 0:00,0831,625,WINSLOW WAY E,122607400,23236100,MISC3
P120178945,BIPD,11/3/2012 0:00,1232,,"XY(121131576,24526042)",121131576,24526042,CELL
P120200017,BIPD,12/12/2012 0:00,1227,9171,SPORTSMAN CLUB RD NE,122313710,24073452,T
P120198045,BIPD,12/8/2012 0:00,2025,970,WINSLOW WAY E,122719650,23255700,ALRA
P120198088,BIPD,12/8/2012 0:00,2218,,NE HIGH SCHOOL RD / SANDS AVE NE,121907925,23666959,FI
P120198094,BIPD,12/8/2012 0:00,2231,561,FAIRVIEW AVE NE,123063646,23401073,MALIC3
P120198138,BIPD,12/9/2012 0:00,0000,,NE DAY RD E / STATE HWY 305 NE,122023402,25247379,T
P120198179,BIPD,12/9/2012 0:00,0131,,HIGH SCHOOL RD NE / POLLYS LN NE,122632397,23643334,T
P120182225,BIPD,11/9/2012 0:00,0933,,MADISON AVE N / MADRONA WAY NE,122430171,23356861,T
P120184704,BIPD,11/14/2012 0:00,0038,920,MADISON AVE N,122445900,23547300,ASSIS3
P120182351,BIPD,11/9/2012 0:00,1330,,NE HIGH SCHOOL RD / HORIZON VIEW PL NW,122310438,23631740,CELL
P120182692,BIPD,11/10/2012 0:00,0006,,NE KOURA RD / STATE HWY 305 NE,122310217,24709702,T
P120178584,BIPD,11/2/2012 0:00,1754,9330,NE HIGH SCHOOL RD,122363800,23666100,THEFT4
P120178646,BIPD,11/2/2012 0:00,2004,550,MADISON AVE N,122431200,23400600,PARKI4
P120202346,BIPD,12/16/2012 0:00,0334,9330,NE HIGH SCHOOL RD,122363800,23666100,PC4
P120202405,BIPD,12/16/2012 0:00,0925,,NE DAY RD W / MILLER RD NE,121978357,25249210,T
P120202500,BIPD,12/16/2012 0:00,1339,104,MADISON AVE N,122427715,23251349,FU
P120202733,BIPD,12/17/2012 0:00,0016,,"XY(122890441,23389941)",122890441,23389941,CELL
P120202836,BIPD,12/17/2012 0:00,0745,,NE BUSINESS PARK LN / SPORTSMAN CLUB RD NE,122322118,24094785,T
P120202829,BIPD,12/17/2012 0:00,0735,4743,BLAKELY AVE NE,122020203,22580730,PC4
P120178988,BIPD,11/3/2012 0:00,1409,,DON PALMER AVE NE / NE VINCENT RD,121612669,23146997,SUSPI3
P120183001,BIPD,11/10/2012 0:00,1640,15798,STATE HWY 305 NE,121419100,26448500,RECKL3
P120183140,BIPD,11/10/2012 0:00,2202,,NE MAXWELL LN / MILLER RD NE,121347636,24121488,T
P120183362,BIPD,11/11/2012 0:00,1328,,SUNRISE DR NE / NE VALLEY RD,122722526,24697639,T
P120179016,BIPD,11/3/2012 0:00,1525,14452,PHELPS RD NE,122407000,25802900,SUSPI4
P120185135,BIPD,11/14/2012 0:00,1812,907,CARVER ST,118435000,20790500,MEDIA
P120178720,BIPD,11/2/2012 0:00,2343,9688,NE YAQUINA AVE,122504290,24009666,T
P120182693,BIPD,11/10/2012 0:00,0007,,HIGH SCHOOL RD NE / HILDEBRAND LN NE,122535496,23644973,INTOX3
P120178924,BIPD,11/3/2012 0:00,1133,,BLAKELY AVE NE / NE COUNTRY CLUB RD,122421503,22250629,WIRESU
P120178973,BIPD,11/3/2012 0:00,1330,,FERNCLIFF AVE NE / HIGH SCHOOL RD NE,122700327,23641703,RECKL3
P120183079,BIPD,11/10/2012 0:00,1956,6364,NE MITCHELL LN,121302600,23733200,UNKNO3
P120198207,BIPD,12/9/2012 0:00,0256,499,OLYMPIC DR SE,122674000,23182900,ASSAUB
P120198220,BIPD,12/9/2012 0:00,0431,9330,NE HIGH SCHOOL RD,122363800,23666100,PC3
P120198228,BIPD,12/9/2012 0:00,0527,,CAPSTAN DR NE / NE TIDAL CT,122193283,23739154,SUSPI3
P120201155,BIPD,12/14/2012 0:00,1310,625,WINSLOW WAY E,122607400,23236100,FU
P120198231,BIPD,12/9/2012 0:00,0542,10101,MANITOU BEACH DR NE,122672800,24377300,CPR
P120198610,BIPD,12/9/2012 0:00,2237,240,WEAVER RD NW,122177400,23311200,T
P120202833,BIPD,12/17/2012 0:00,0741,8289,MADISON AVE N,122439859,23802971,PC4
P120202865,BIPD,12/17/2012 0:00,0835,8240,NE BAKER HILL RD,121959550,22612900,SUICI2
P120202984,BIPD,12/17/2012 0:00,1214,,"XY(122706692,23141823)",122706692,23141823,CELL
P120202986,BIPD,12/17/2012 0:00,1216,920,HILDEBRAND LN NE,122546100,23567800,ANIMA4
P120203021,BIPD,12/17/2012 0:00,1307,,NE DAY RD E / NORTH MADISON AVE NE,122468811,25230896,THREA4
P120203036,BIPD,12/17/2012 0:00,1330,343,WINSLOW WAY E,122501900,23247000,CHILD3
P120125989,BIPD,8/5/2012 0:00,0053,9891,MANDUS OLSON RD NE,121594500,24142050,SUSPI3
P120121520,BIPD,7/28/2012 0:00,0514,,"XY(122347121,24073137)",122347121,24073137,CELL
P120121602,BIPD,7/28/2012 0:00,1036,380,WINSLOW WAY E,122507500,23253200,SUICI3
P120122169,BIPD,7/29/2012 0:00,1332,817,HIGH SCHOOL RD NE,122668403,23642291,DV2
P120122554,BIPD,7/30/2012 0:00,0459,,TAYLOR AVE NE / NE WIGGINS RD,122672832,22651184,SUSPI4
P120122653,BIPD,7/30/2012 0:00,0929,821,HIGH SCHOOL RD NE,122669100,23642300,CHILD3
P120179222,BIPD,11/3/2012 0:00,2235,,MADISON AVE S / PARFITT WAY SW,122425441,23164008,NOISE4
P120179557,BIPD,11/4/2012 0:00,1629,12197,SUNRISE DR NE,122729050,25023147,ALRA
P120179588,BIPD,11/4/2012 0:00,1755,,MADISON AVE N / STATE HWY 305 NE,122472543,23963078,TRAFF2
P120184124,BIPD,11/13/2012 0:00,0018,190,MADISON AVE N,122440300,23277800,FI
P120184126,BIPD,11/13/2012 0:00,0030,,NE DAY RD E / PHELPS RD NE,122035020,25246770,T
P120176869,BIPD,10/30/2012 0:00,2046,10102,EDGECOMBE PL NE,122508750,24293900,BURGL2
P120203061,BIPD,12/17/2012 0:00,1409,5785,NE FOSTER RD,121206050,23900050,FU
P120203193,BIPD,12/17/2012 0:00,1721,487,WOOD AVE SW,122316350,23131750,UNKNO3
P120203316,BIPD,12/17/2012 0:00,2253,,NE HIGH SCHOOL RD / HORIZON VIEW PL NW,122310438,23631740,CELL
P120203639,BIPD,12/18/2012 0:00,1334,253,NE HIGH SCHOOL RD,122469850,23627350,MVC4
P120203698,BIPD,12/18/2012 0:00,1531,1270,MADISON AVE N,122444300,23625500,MVC4
P120198672,BIPD,12/10/2012 0:00,0250,10230,NE BEACH CREST DR,122703250,24416500,ALRA
P120199175,BIPD,12/10/2012 0:00,2115,4190,LYTLE RD NE,121922550,22447350,RUNAW4
P120201733,BIPD,12/14/2012 0:00,2351,,GROW AVE NW / NE HIGH SCHOOL RD,122337828,23651155,T
P120199276,BIPD,12/11/2012 0:00,0228,10102,EDGECOMBE PL NE,122508750,24293900,BURGL1
P120199434,BIPD,12/11/2012 0:00,1101,170,HARBOR SQUARE LOOP NE,122631728,23272775,FU
P120199567,BIPD,12/11/2012 0:00,1452,11362,KALLGREN RD NE,122617900,24759500,WC911
P120184155,BIPD,11/13/2012 0:00,0258,15347,SUQUAMISH WAY NE,121270800,26509200,ASSIS3
P120176936,BIPD,10/31/2012 0:00,0032,635,HIGH SCHOOL RD NE,122615700,23616500,HARAS4
P120179764,BIPD,11/5/2012 0:00,0446,253,HIGH SCHOOL RD NE,122470100,23646300,MVC3
P120180137,BIPD,11/5/2012 0:00,1630,186,WYATT WAY NW,122405200,23396700,THEFT4
P120184749,BIPD,11/14/2012 0:00,0409,,NE HIDDEN COVE RD / STATE HWY 305 NE,121741136,25661125,T
P120180167,BIPD,11/5/2012 0:00,1732,8595,NE DAY RD E,122160250,25135450,SUSPI3
P120201789,BIPD,12/15/2012 0:00,0039,12781,NORTH MADISON AVE NE,122441400,25215900,PC3
P120204338,BIPD,12/19/2012 0:00,1658,253,HIGH SCHOOL RD NE,122470100,23646300,ASSIS3
P120204499,BIPD,12/20/2012 0:00,0042,,NE EAGLE HARBOR DR / WYATT WAY NW,121975030,23400247,T
P120204724,BIPD,12/20/2012 0:00,1303,625,WINSLOW WAY E,122607400,23236100,MISC4
P120204733,BIPD,12/20/2012 0:00,1316,9125,SPORTSMAN CLUB RD NE,122290100,24108100,BOMBT3
P120204850,BIPD,12/20/2012 0:00,1555,8445,NE NEW BROOKLYN RD,122030900,23881950,MVC3
P120183152,BIPD,11/10/2012 0:00,2234,5834,WARD AVE NE,122596400,22917100,BOATT4
P120183192,BIPD,11/11/2012 0:00,0002,6075,NE TOLO RD,121271297,24336495,DV3
P120183265,BIPD,11/11/2012 0:00,0501,,SPORTSMAN CLUB RD NE / STATE HWY 305 NE,122395136,24298387,T
P120183319,BIPD,11/11/2012 0:00,1017,,NE MORGAN RD / STATE HWY 305 NE,122252700,24842450,T
P120183726,BIPD,11/12/2012 0:00,1005,,"XY(121943421,25309797)",121943421,25309797,CELL
P120183920,BIPD,11/12/2012 0:00,1542,7075,NE BAY HILL RD,121565100,24954400,MISC4
P120184938,BIPD,11/14/2012 0:00,1158,,MANITOU BEACH DR NE / NORTH MADISON AVE NE,122430015,24309046,MVC3
P120180319,BIPD,11/6/2012 0:00,0046,141,PARFITT WAY SW,122410800,23143000,TRANS
P120180372,BIPD,11/6/2012 0:00,0530,10102,EDGECOMBE PL NE,122508750,24293900,BURGL1
P120180770,BIPD,11/6/2012 0:00,1813,907,CARVER ST,118435000,20790500,MEDIA
P120180795,BIPD,11/6/2012 0:00,1917,,FINCH RD NE / SPORTSMAN CLUB RD NE,122065485,23658671,CELL
P120185792,BIPD,11/16/2012 0:00,0005,8895,MADISON AVE N,122433700,23949200,T
P120204944,BIPD,12/20/2012 0:00,1803,253,HIGH SCHOOL RD NE,122470100,23646300,MVC4
P120205170,BIPD,12/21/2012 0:00,0536,,NE HOSTMARK ST / STATE HWY 305 NE,119658572,27274486,MVC3
P120205191,BIPD,12/21/2012 0:00,0727,8139,MADISON AVE N,122439798,23799890,PC4
P120205438,BIPD,12/21/2012 0:00,1432,9330,NE HIGH SCHOOL RD,122363800,23666100,PC3
P120205499,BIPD,12/21/2012 0:00,1543,,MADISON AVE N / WINSLOW WAY E,122427660,23249390,PC3
P120205737,BIPD,12/21/2012 0:00,2332,,"XY(122621677,25524710)",122621677,25524710,CELL
P120199786,BIPD,12/11/2012 0:00,2251,,MANDUS OLSON RD NE / NE NEW BROOKLYN RD,121781469,23932547,TRAFF3
P120197724,BIPD,12/8/2012 0:00,0833,281,HIGH SCHOOL RD NE,122482610,23646067,FU
P120197742,BIPD,12/8/2012 0:00,0918,300,HIGH SCHOOL RD NE,122508021,23657037,CIVIL4
P120202828,BIPD,12/17/2012 0:00,0734,,NORTH TOWN DR NE / SPORTSMAN CLUB RD NE,122294142,24024195,T
P120200066,BIPD,12/12/2012 0:00,1406,,STATE HWY 305 NE / VINEYARD LN,122559210,23438563,T
P120183916,BIPD,11/12/2012 0:00,1532,,"XY(122090015,25029985)",122090015,25029985,HARAS4
P120184163,BIPD,11/13/2012 0:00,0434,,FIR ACRES DR NW / GROW AVE NW,122334019,23475175,T
P120187643,BIPD,11/19/2012 0:00,1216,,SPORTSMAN CLUB RD NE / STATE HWY 305 NE,122395136,24298387,TRAFF4
P120184340,BIPD,11/13/2012 0:00,1132,811,CHERRY AVE NE,122936600,23480200,FU
P120184370,BIPD,11/13/2012 0:00,1223,,HIGH SCHOOL RD NE / STATE HWY 305 NE,122571082,23644469,T
P120184505,BIPD,11/13/2012 0:00,1603,625,WINSLOW WAY E,122607400,23236100,FOUND4
P120206112,BIPD,12/22/2012 0:00,1743,907,CARVER ST,118435000,20790500,MEDIA
P120206173,BIPD,12/22/2012 0:00,2004,18017,DIVISION AVE NE,121582850,26970850,FU
P120206231,BIPD,12/22/2012 0:00,2159,15015,WASHINGTON AVE NE,122419360,25982118,FIREW4
P120206284,BIPD,12/22/2012 0:00,2343,,SPORTSMAN CLUB RD NE / STATE HWY 305 NE,122395136,24298387,T
P120206300,BIPD,12/23/2012 0:00,0020,9125,SPORTSMAN CLUB RD NE,122290100,24108100,PC4
P120206359,BIPD,12/23/2012 0:00,0358,9330,NE HIGH SCHOOL RD,122363800,23666100,PC4
P120184581,BIPD,11/13/2012 0:00,1903,7075,NE BAY HILL RD,121565100,24954400,MISC4
P120184695,BIPD,11/14/2012 0:00,0005,920,MADISON AVE N,122445900,23547300,DV4
P120188258,BIPD,11/20/2012 0:00,1427,,"XY(122406144,23484425)",122406144,23484425,CELL
P120184833,BIPD,11/14/2012 0:00,0930,10060,HIGH SCHOOL RD NE,122601000,23755700,ASSIS4
P120184941,BIPD,11/14/2012 0:00,1208,9086,NE MORGAN RD,122301700,24862000,ASSIS4
P120188539,BIPD,11/21/2012 0:00,0053,253,HIGH SCHOOL RD NE,122470100,23646300,FI
P120185846,BIPD,11/16/2012 0:00,0556,12976,STATE HWY 305 NE,121981395,25307970,MISC3
P120185904,BIPD,11/16/2012 0:00,0853,2619,TOE JAM HILL RD NE,122696750,21840450,MISC4
P120180930,BIPD,11/7/2012 0:00,0459,625,WINSLOW WAY E,122607400,23236100,WRT3
P120181083,BIPD,11/7/2012 0:00,1123,4700,NE EAGLE HARBOR DR,122528646,22853244,BURGL4
P120181335,BIPD,11/7/2012 0:00,1657,120,MADRONE LN N,122464221,23263093,THEFT4
P120186328,BIPD,11/16/2012 0:00,2220,,"XY(121940055,25420059)",121940055,25420059,CELL
P120206671,BIPD,12/23/2012 0:00,2140,,SPORTSMAN CLUB RD NE / STATE HWY 305 NE,122395136,24298387,TRAFF3
P120206701,BIPD,12/23/2012 0:00,2301,,WINSLOW WAY W / WOOD AVE SW,122346964,23253057,T
P120204246,BIPD,12/19/2012 0:00,1347,,NE LOVGREEN RD E / STATE HWY 305 NE,122193914,24976129,T
P120206912,BIPD,12/24/2012 0:00,1208,10197,NE SOUTH BEACH DR,122549950,21403450,MALIC4
P120204384,BIPD,12/19/2012 0:00,1820,4081,BLUFF ST NE,121821150,22386800,SFR
P120204394,BIPD,12/19/2012 0:00,1847,,EUCLID AVE NE / NE LAFAYETTE AVE,122464213,26128660,TRAFF3
P120185040,BIPD,11/14/2012 0:00,1507,625,WINSLOW WAY E,122607400,23236100,MISC4
P120182707,BIPD,11/10/2012 0:00,0042,812,ALDER AVE NE,122999750,23474150,FU
P120183031,BIPD,11/10/2012 0:00,1734,4332,NE RHODES END,121135650,22474550,ALSP
P120185921,BIPD,11/16/2012 0:00,0933,1180,HILDEBRAND LN NE,122550200,23601300,FU
P120186004,BIPD,11/16/2012 0:00,1132,136,BJUNE DR SE,122446231,23222048,MISC3
P120181367,BIPD,11/7/2012 0:00,1749,,NE DAY RD E / STATE HWY 305 NE,122023402,25247379,MVC3
P120186512,BIPD,11/17/2012 0:00,0922,,MADISON AVE N / WINSLOW WAY E,122427660,23249390,PC4
P120186525,BIPD,11/17/2012 0:00,0952,253,HIGH SCHOOL RD NE,122470100,23646300,INFOP3
P120186745,BIPD,11/17/2012 0:00,1854,8641,SANDS AVE NE,121875700,23848100,SUSPI3
P120182201,BIPD,11/9/2012 0:00,0857,816,MADISON AVE N,122433039,23490417,SUSPI4
P120182139,BIPD,11/9/2012 0:00,0616,685,WINSLOW WAY E,122618609,23244836,MISC3
P120204425,BIPD,12/19/2012 0:00,2013,,GROW AVE NW / NE HIGH SCHOOL RD,122337828,23651155,T
P120204457,BIPD,12/19/2012 0:00,2200,9555,NE TORVANGER RD,122464200,25608950,SUSPI3
P120207259,BIPD,12/25/2012 0:00,0115,15700,POINT MONROE DR NE,122729700,26301300,SUSPI3
P120207303,BIPD,12/25/2012 0:00,0643,11700,MEADOWMEER CIR NE,122120000,24736300,PC4
P120207655,BIPD,12/26/2012 0:00,0607,,NE HIDDEN COVE RD / STATE HWY 305 NE,121741136,25661125,T
P120207669,BIPD,12/26/2012 0:00,0654,945,HILDEBRAND LN NE,122515600,23567100,ALRA
P120186023,BIPD,11/16/2012 0:00,1201,,NE EAGLE HARBOR DR / WARD AVE NE,122581685,22852666,RECKL4
P120186518,BIPD,11/17/2012 0:00,0934,400,NE ERICKSON DR,112055986,19528337,FI
P120186521,BIPD,11/17/2012 0:00,0937,9805,NE MURDEN COVE DR,122550350,24367500,WC3
P120186802,BIPD,11/17/2012 0:00,2107,6531,NE BUCKSKIN LN,121407700,22406150,WC4
P120186881,BIPD,11/17/2012 0:00,2350,,NE DAY RD W / MILLER RD NE,121978357,25249210,T
P120187202,BIPD,11/18/2012 0:00,1625,301,HIGH SCHOOL RD NE,122491500,23645900,ASSAUA
P120182409,BIPD,11/9/2012 0:00,1449,,STATE HWY 305 NE / WINSLOW WAY E,122597069,23245490,RECKL3
P120186869,BIPD,11/17/2012 0:00,2330,,MADISON AVE N / STATE HWY 305 NE,122472543,23963078,T
P120186935,BIPD,11/18/2012 0:00,0138,15900,STATE HWY 305 NE,121341200,26500900,T
P120182729,BIPD,11/10/2012 0:00,0127,,FERNCLIFF AVE NE / HIGH SCHOOL RD NE,122700327,23641703,FI
P120183042,BIPD,11/10/2012 0:00,1755,1230,WEAVER RD NW,122197800,23605000,PC4
P120183073,BIPD,11/10/2012 0:00,1935,1521,ARTHUR PL NW,122268350,23726250,ASSIS4
P120200236,BIPD,12/12/2012 0:00,1903,,"XY(122406144,23484425)",122406144,23484425,UNKNO4
P120200365,BIPD,12/13/2012 0:00,0136,,FINCH RD NE / NE HIGH SCHOOL RD,122040602,23661844,T
P120200557,BIPD,12/13/2012 0:00,1153,499,OLYMPIC DR SE,122674000,23182900,SUSPI3
P120200770,BIPD,12/13/2012 0:00,1738,15701,POINT MONROE DR NE,122720400,26295450,CIVIL3
P120203317,BIPD,12/17/2012 0:00,2257,,NE LOVGREEN RD E / STATE HWY 305 NE,122193914,24976129,T
P120200866,BIPD,12/13/2012 0:00,2131,499,OLYMPIC DR SE,122674000,23182900,FI
P120207840,BIPD,12/26/2012 0:00,1352,,HIGH SCHOOL RD NE / STATE HWY 305 NE,122571082,23644469,TRAFF3
P120207857,BIPD,12/26/2012 0:00,1417,,NE HIGH SCHOOL RD / IHLAND WAY NE,122442309,23588344,CELL
P120208496,BIPD,12/27/2012 0:00,2149,,ELLINGSEN RD NE / PHELPS RD NE,122341713,25740574,MALIC2
P120208532,BIPD,12/27/2012 0:00,2307,650,ERICKSEN AVE NE,122539100,23426350,PC4
P120208538,BIPD,12/27/2012 0:00,2318,15775,NESIKA BAY RD NE,120472050,26200250,ASSIS3
P120122693,BIPD,7/30/2012 0:00,1107,11042,SUNRISE DR NE,122734300,24659900,THEFT4
P120122682,BIPD,7/30/2012 0:00,1042,6490,NE MAXWELL LN,121385921,24070879,ABAND4
P120127087,BIPD,8/6/2012 0:00,2205,1244,LOVELL AVE NW,122319500,23629750,PURSU
P120127208,BIPD,8/7/2012 0:00,0506,301,HIGH SCHOOL RD NE,122491500,23645900,ALRA
P120127350,BIPD,8/7/2012 0:00,1117,3000,PLEASANT BEACH DR NE,122112500,22010500,UNKNO3
P120122756,BIPD,7/30/2012 0:00,1322,1191,NAKATA PL NW,122402650,23593100,FRAUD4
P120187733,BIPD,11/19/2012 0:00,1455,10470,BATTLE POINT DR NE,121043494,24515402,ALRA
P120187853,BIPD,11/19/2012 0:00,1805,,"XY(121181464,24486603)",121181464,24486603,CELL
P120187855,BIPD,11/19/2012 0:00,1811,,BLAKELY CT W / NE BLAKELY HEIGHTS DR,121908143,22521535,TRAFF3
P120187992,BIPD,11/20/2012 0:00,0026,4704,BLAKELY AVE NE,122054800,22581700,PC4
P120188189,BIPD,11/20/2012 0:00,1219,8897,FLETCHER BLVD NE,121248838,24021788,MVC4
P120191128,BIPD,11/26/2012 0:00,1226,625,WINSLOW WAY E,122607400,23236100,MISC4
P120200867,BIPD,12/13/2012 0:00,2134,11515,NORTHWIND CT NE,122376150,24801813,NARCO3
P120201120,BIPD,12/14/2012 0:00,1204,1240,WING POINT WAY NE,122821050,23386050,FU
P120201243,BIPD,12/14/2012 0:00,1455,,BLAKELY AVE NE / NE BUCKLIN HILL RD,121921781,23138274,MVC4
P120201567,BIPD,12/14/2012 0:00,2136,5025,TAYLOR AVE NE,122637600,22662650,MISSI4
P120201678,BIPD,12/14/2012 0:00,2304,,ROTARY PARK,121564918,26055926,FI
P120201711,BIPD,12/14/2012 0:00,2329,403,MADISON AVE N,122430200,23357500,T
P120122912,BIPD,7/30/2012 0:00,1840,8334,NE COUNTY PARK RD,122049400,26163600,TRESP3
P120123094,BIPD,7/31/2012 0:00,0522,,NE MARY SAM LN / NORTH MADISON AVE NE,122373378,25363780,CELL
P120123297,BIPD,7/31/2012 0:00,1342,,NE HIDDEN COVE RD / STATE HWY 305 NE,121741136,25661125,TRAFF3
P120123603,BIPD,8/1/2012 0:00,0013,11299,ARROW POINT DR NE,121068800,24696200,FI
P120123761,BIPD,8/1/2012 0:00,1040,15843,AGATE PASS BRG,121391000,26467600,TRAFF3
P120123804,BIPD,8/1/2012 0:00,1149,625,WINSLOW WAY E,122607400,23236100,FI
P120191277,BIPD,11/26/2012 0:00,1603,296,FERNCLIFF AVE NE,122691297,23308762,FU
P120188304,BIPD,11/20/2012 0:00,1537,,MADISON AVE N / STATE HWY 305 NE,122472543,23963078,MVC4
P120188375,BIPD,11/20/2012 0:00,1727,,STATE HWY 305 NE / WINSLOW WAY E,122597069,23245490,MVC3
P120188565,BIPD,11/21/2012 0:00,0441,,NE DAY RD W / MILLER RD NE,121978357,25249210,FI
P120185144,BIPD,11/14/2012 0:00,1821,,STATE HWY 305 NE / WINSLOW WAY E,122597069,23245490,TRAFF3
P120191753,BIPD,11/27/2012 0:00,1333,126,MADRONA WAY NE,122434073,23356780,THEFT4
P120187409,BIPD,11/19/2012 0:00,0339,,ERICKSEN AVE NE / WINSLOW WAY E,122525612,23245942,PC3
P120183563,BIPD,11/11/2012 0:00,2251,1220,WING POINT WAY NE,122797400,23380500,INFOP4
P120183875,BIPD,11/12/2012 0:00,1419,253,HIGH SCHOOL RD NE,122470100,23646300,MISC3
P120187857,BIPD,11/19/2012 0:00,1818,350,GROW AVE NW,122340100,23334950,PC4
P120183945,BIPD,11/12/2012 0:00,1627,,NORTH MADISON AVE NE / NE VALLEY RD,122457917,24703521,T
P120201952,BIPD,12/15/2012 0:00,0931,,ERICKSEN AVE NE / WALLACE WAY NE,122531605,23512269,CHILD2
P120203706,BIPD,12/18/2012 0:00,1542,,HIGH SCHOOL RD NE / STATE HWY 305 NE,122571082,23644469,TRAFF3
P120202263,BIPD,12/15/2012 0:00,2319,499,OLYMPIC DR SE,122674000,23182900,T
P120202370,BIPD,12/16/2012 0:00,0626,,NE HIDDEN COVE RD / STATE HWY 305 NE,121741136,25661125,T
P120202372,BIPD,12/16/2012 0:00,0628,,NE DAY RD E / STATE HWY 305 NE,122023402,25247379,T
P120199792,BIPD,12/11/2012 0:00,2305,,BATTLE POINT DR NE / MILLER RD NE,121350327,24126968,T
P120123817,BIPD,8/1/2012 0:00,1210,840,MADISON AVE N,122440950,23491050,WC911
P120128609,BIPD,8/9/2012 0:00,0928,389,SHEPARD WAY NW,122336707,23319728,MVC4
P120123860,BIPD,8/1/2012 0:00,1324,15843,AGATE PASS BRG,121391000,26467600,TRAFF3
P120124128,BIPD,8/1/2012 0:00,2154,7755,HANSEN RD NE,121145715,23611231,WC911
P120129324,BIPD,8/10/2012 0:00,1147,10300,SECRETARIAT LN NE,122056671,24453094,FU
P120120438,BIPD,7/26/2012 0:00,1045,625,WINSLOW WAY E,122607400,23236100,FI
P120208718,BIPD,12/28/2012 0:00,1109,6807,NE DAY RD W,121548150,25203600,BURGL3
P120209108,BIPD,12/28/2012 0:00,2359,,SPORTSMAN CLUB RD NE / NE WARDWELL RD,122379781,24286006,T
P120209313,BIPD,12/29/2012 0:00,1317,,FERNCLIFF AVE NE / WING POINT WAY NE,122693146,23376023,PC3
P120209373,BIPD,12/29/2012 0:00,1516,8395,FLETCHER BAY RD NE,121403900,23823100,INFOP4
P120209426,BIPD,12/29/2012 0:00,1657,16821,AGATE POINT RD NE,121840171,26552613,MISC3
P120209452,BIPD,12/29/2012 0:00,1738,7100,FLETCHER BAY RD NE,121711755,23215238,T
P120183939,BIPD,11/12/2012 0:00,1619,379,EAKIN DR NW,122117250,23346600,FU
P120188137,BIPD,11/20/2012 0:00,1041,,"XY(122406144,23484425)",122406144,23484425,INFOP5
P120184140,BIPD,11/13/2012 0:00,0128,,SPORTSMAN CLUB RD NE / STATE HWY 305 NE,122395136,24298387,T
P120179718,BIPD,11/5/2012 0:00,0022,10102,EDGECOMBE PL NE,122508750,24293900,BURGL1
P120184648,BIPD,11/13/2012 0:00,2204,,KALLGREN RD NE / NE ROBERTS RD,122592902,24832027,T
P120184873,BIPD,11/14/2012 0:00,1024,7427,NE HIDDEN COVE RD,121761954,25668977,CHILD4
P120185694,BIPD,11/15/2012 0:00,1905,,GROW AVE NW / SHEPARD WAY NW,122331356,23319978,T
P120185733,BIPD,11/15/2012 0:00,2058,,NORTH MADISON AVE NE / NE VALLEY RD,122457917,24703521,PC3
P120192110,BIPD,11/28/2012 0:00,0733,,NE DAY RD E / STATE HWY 305 NE,122023402,25247379,MVC3
P120185783,BIPD,11/15/2012 0:00,2342,785,ERICKSEN AVE NE,122526250,23490750,UNKNO2
P120185784,BIPD,11/15/2012 0:00,2342,,NE KOURA RD / MILLER RD NE,121576406,24728795,T
P120189332,BIPD,11/22/2012 0:00,2118,253,HIGH SCHOOL RD NE,122470100,23646300,PC3
P120206754,BIPD,12/24/2012 0:00,0119,4765,LYNWOOD CENTER RD NE,121751200,22581800,ASSIS3
P120210060,BIPD,12/30/2012 0:00,2337,,JACOLET LN NW / MADISON AVE N,122431468,23410403,T
P120210319,BIPD,12/31/2012 0:00,1315,,NE LOVGREEN RD E / NORTH MADISON AVE NE,122463342,24967499,WC3
P120210414,BIPD,12/31/2012 0:00,1609,499,OLYMPIC DR SE,122674000,23182900,MVC3
P120210514,BIPD,12/31/2012 0:00,1922,478,GLEN HOLLOW PL SW,122306450,23241050,WC911
P120189340,BIPD,11/22/2012 0:00,2140,,HIGH SCHOOL RD NE / STATE HWY 305 NE,122571082,23644469,T
P120189390,BIPD,11/22/2012 0:00,2352,,NE QUAIL HILL RD / SANDS AVE NE,121911231,23798634,NARCO4
P120189488,BIPD,11/23/2012 0:00,0913,9777,NE MURDEN COVE DR,122527750,24332250,WC4
P120189625,BIPD,11/23/2012 0:00,1355,253,HIGH SCHOOL RD NE,122470100,23646300,LOSTP4
P120189809,BIPD,11/23/2012 0:00,2011,625,WINSLOW WAY E,122607400,23236100,WC911
P120189880,BIPD,11/23/2012 0:00,2314,945,HILDEBRAND LN NE,122515600,23567100,OPEN3
P120193470,BIPD,11/30/2012 0:00,1717,343,WINSLOW WAY E,122501900,23247000,MVC4
P120190277,BIPD,11/24/2012 0:00,2008,,NE LOVGREEN RD E / STATE HWY 305 NE,122193914,24976129,RECKL3
P120193755,BIPD,12/1/2012 0:00,0648,,NE HIDDEN COVE RD / STATE HWY 305 NE,121741136,25661125,T
P120190577,BIPD,11/25/2012 0:00,1223,10254,NE COUNTRY CLUB RD,122509900,22147800,FU
P120193828,BIPD,12/1/2012 0:00,1035,1200,HILDEBRAND LN NE,122551100,23614700,FU
P120190729,BIPD,11/25/2012 0:00,1813,499,OLYMPIC DR SE,122674000,23182900,MEDIA
P120210651,BIPD,12/31/2012 0:00,2152,,STATE HWY 305 NE / NE WEST PORT MADISON RD,121590699,26041540,T
P120210725,BIPD,12/31/2012 0:00,2316,16285,STATE HWY 305 NE,120963750,26314350,DUI3
P120209489,BIPD,12/29/2012 0:00,1901,9330,NE HIGH SCHOOL RD,122363800,23666100,SUSPI3
P120209563,BIPD,12/29/2012 0:00,2138,,MADISON AVE N / STATE HWY 305 NE,122472543,23963078,T
P120209565,BIPD,12/29/2012 0:00,2151,8376,NE SUMANEE PL,122034950,25510300,FU
P120204421,BIPD,12/19/2012 0:00,2003,15701,POINT MONROE DR NE,122720400,26295450,CIVIL3
P120204488,BIPD,12/19/2012 0:00,2348,9282,FLETCHER BAY RD NE,121159805,23941718,MVC4
P120199811,BIPD,12/11/2012 0:00,2351,9100,BATTLE POINT DR NE,121060250,24140400,T
P120199856,BIPD,12/12/2012 0:00,0357,14012,SUNRISE DR NE,122754800,25629550,BLSP
P120199869,BIPD,12/12/2012 0:00,0544,11954,MILLER RD NE,121740493,24986353,HARAS4
P120199932,BIPD,12/12/2012 0:00,0937,1180,HILDEBRAND LN NE,122550200,23601300,WC3
P120190975,BIPD,11/26/2012 0:00,0835,280,MADISON AVE N,122441700,23299100,TRAFF3
P120194532,BIPD,12/2/2012 0:00,1745,907,CARVER ST,118435000,20790500,MEDIA
P120194499,BIPD,12/2/2012 0:00,1638,11954,MILLER RD NE,121740493,24986353,ASSIS4
P120191035,BIPD,11/26/2012 0:00,1009,260,FERNCLIFF AVE NE,122698600,23301200,SUSPI4
P120194628,BIPD,12/2/2012 0:00,2133,,NE DAY RD E / STATE HWY 305 NE,122023402,25247379,TRAFF3
P120191349,BIPD,11/26/2012 0:00,1816,907,CARVER ST,118435000,20790500,MEDIA
P120120618,BIPD,7/26/2012 0:00,1528,,MADISON AVE N / STATE HWY 305 NE,122472543,23963078,DUI3
P120125502,BIPD,8/4/2012 0:00,0852,,NE HIGH SCHOOL RD / SPORTSMAN CLUB RD NE,122100813,23659652,T
P120129595,BIPD,8/10/2012 0:00,1848,11954,MILLER RD NE,121740493,24986353,DUI3
P120129632,BIPD,8/10/2012 0:00,1958,,BJUNE DR SE / MADISON AVE S,122427052,23224917,SUSPI3
P120125517,BIPD,8/4/2012 0:00,0933,8200,NE HIDDEN COVE RD,122034513,25818612,BLSP
P120130127,BIPD,8/11/2012 0:00,1702,,"XY(122372449,22793401)",122372449,22793401,CELL
P120185261,BIPD,11/14/2012 0:00,2316,1220,HILDEBRAND LN NE,122550200,23631100,FI
P120185367,BIPD,11/15/2012 0:00,0817,625,WINSLOW WAY E,122607400,23236100,ASSIS4
P120189032,BIPD,11/22/2012 0:00,0033,,NORTH TOWN DR NE / NE NORTH TOWN LOOP,122325768,24002505,T
P120189071,BIPD,11/22/2012 0:00,0228,13253,TEEM LOOP RD NE,122009450,25405900,PROWL3
P120185425,BIPD,11/15/2012 0:00,1045,,FLETCHER BAY RD NE / NE NEW BROOKLYN RD,121365750,23936543,T
P120191625,BIPD,11/27/2012 0:00,0937,7873,NE DAY RD W,121902639,25251576,WC911
P120191639,BIPD,11/27/2012 0:00,0954,120,MADRONE LN N,122464221,23263093,BURGL4
P120191715,BIPD,11/27/2012 0:00,1222,,BIPD,122611571,23237239,FI
P120194801,BIPD,12/3/2012 0:00,0831,6148,NE EAGLE HARBOR DR,122225800,23065200,MALIC4
P120188621,BIPD,11/21/2012 0:00,0849,625,WINSLOW WAY E,122607400,23236100,FI
P120188728,BIPD,11/21/2012 0:00,1224,,"XY(122346817,22566660)",122346817,22566660,CELL
P120185758,BIPD,11/15/2012 0:00,2234,,BATTLE POINT DR NE / MILLER RD NE,121350327,24126968,T
P120185916,BIPD,11/16/2012 0:00,0924,7000,NE GREGG FARM LN,121501550,23776350,SUSPI4
P120185942,BIPD,11/16/2012 0:00,1002,625,WINSLOW WAY E,122607400,23236100,WRT3
P120189885,BIPD,11/23/2012 0:00,2318,1297,MADISON AVE N,122437900,23645700,T
P120186184,BIPD,11/16/2012 0:00,1645,,NE KOURA RD / STATE HWY 305 NE,122310217,24709702,TRAFF3
P120186372,BIPD,11/16/2012 0:00,2351,,SPORTSMAN CLUB RD NE / STATE HWY 305 NE,122395136,24298387,T
P120203014,BIPD,12/17/2012 0:00,1254,499,OLYMPIC DR SE,122674000,23182900,MVCA
P120203022,BIPD,12/17/2012 0:00,1308,499,OLYMPIC DR SE,122674000,23182900,MVCA
P120203099,BIPD,12/17/2012 0:00,1454,625,WINSLOW WAY E,122607400,23236100,FU
P120203290,BIPD,12/17/2012 0:00,2118,9631,SUMMER HILL LN NE,122025350,24272950,FU
P120205181,BIPD,12/21/2012 0:00,0645,,WINSLOW WAY E / WINSLOW WAY E,122485867,23257562,CELL
P120203437,BIPD,12/18/2012 0:00,0812,,NE AVALON LN / BLAKELY AVE NE,122002329,22667441,T
P120186817,BIPD,11/17/2012 0:00,2151,,CHARLES PL NE / NE LOVGREEN RD E,122296345,24972850,T
P120190266,BIPD,11/24/2012 0:00,1937,,"XY(122802779,24547333)",122802779,24547333,SUICI3
P120186845,BIPD,11/17/2012 0:00,2252,,NE DAY RD E / STATE HWY 305 NE,122023402,25247379,T
P120186847,BIPD,11/17/2012 0:00,2252,,NORTH MADISON AVE NE / SPORTSMAN CLUB RD NE,122395136,24298387,T
P120190566,BIPD,11/25/2012 0:00,1200,5858,CRYSTAL SPRINGS DR NE,121152133,22924251,ALRA
P120187075,BIPD,11/18/2012 0:00,1136,8677,MADISON AVE N,122420700,23836800,ASSIS4
P120191905,BIPD,11/27/2012 0:00,1839,9330,NE HIGH SCHOOL RD,122363800,23666100,PC3
P120194949,BIPD,12/3/2012 0:00,1235,2221,NW MYHRE RD,118546000,24568500,FU
P120194973,BIPD,12/3/2012 0:00,1318,19544,7TH AVE NE,119596550,27518605,FU
P120188843,BIPD,11/21/2012 0:00,1620,278,WINSLOW WAY E,122487600,23247600,THEFT4
P120189007,BIPD,11/21/2012 0:00,2309,,PLEASANT BEACH DR NE / POINT WHITE DR NE,121758992,22525846,T
P120192716,BIPD,11/29/2012 0:00,1019,1808,EAGLE HARBOR LN NE,122137577,23143886,CIVIL4
P120125554,BIPD,8/4/2012 0:00,1058,345,FIR ACRES DR NW,122390150,23459250,FU
P120130336,BIPD,8/12/2012 0:00,0007,,ERICKSEN AVE NE / UNNAMED,122526378,23288907,FI
P120126089,BIPD,8/5/2012 0:00,0755,141,PARFITT WAY SW,122410800,23143000,HAZMA
P120126398,BIPD,8/5/2012 0:00,2052,253,HIGH SCHOOL RD NE,122470100,23646300,WC3
P120130583,BIPD,8/12/2012 0:00,1506,,MADISON AVE N / STATE HWY 305 NE,122472543,23963078,MVC3
P120205208,BIPD,12/21/2012 0:00,0754,1220,HILDEBRAND LN NE,122550200,23631100,DUI3
P120203420,BIPD,12/18/2012 0:00,0729,7823,MADISON AVE N,122439672,23793398,PC4
P120203478,BIPD,12/18/2012 0:00,0919,,MANITOU BEACH DR NE / NORTH MADISON AVE NE,122430015,24309046,T
P120203525,BIPD,12/18/2012 0:00,1033,8325,GRAND AVE NE,122803400,23729200,THEFT4
P120203626,BIPD,12/18/2012 0:00,1308,8325,GRAND AVE NE,122803400,23729200,THEFT4
P120203650,BIPD,12/18/2012 0:00,1356,566,STETSON PL SW,122335250,23115800,KEEP4
P120192936,BIPD,11/29/2012 0:00,1648,,SPORTSMAN CLUB RD NE / STATE HWY 305 NE,122395136,24298387,T
P120195454,BIPD,12/4/2012 0:00,1035,16213,AGATEWOOD RD NE,121540350,26513050,ADRIFT
P120193022,BIPD,11/29/2012 0:00,2037,6590,NE DAPPLE CT,121372100,22464350,WC911
P120193110,BIPD,11/30/2012 0:00,0123,120,MADRONE LN N,122464221,23263093,OPEN3
P120193107,BIPD,11/30/2012 0:00,0102,,WINSLOW WAY & MADRONE LN,122433154,23291615,PC4
P120193262,BIPD,11/30/2012 0:00,1024,1808,EAGLE HARBOR LN NE,122137577,23143886,FU
P120126592,BIPD,8/6/2012 0:00,0704,11085,STATE HWY 305 NE,122334900,24620000,PC3
P120126862,BIPD,8/6/2012 0:00,1540,562,BJUNE DR SE,122532601,23232496,SUSPI4
P120126888,BIPD,8/6/2012 0:00,1611,343,WINSLOW WAY E,122501900,23247000,MVC3
P120130962,BIPD,8/13/2012 0:00,0905,,FERNCLIFF AVE NE / HIGH SCHOOL RD NE,122700327,23641703,TRAFF3
P120126873,BIPD,8/6/2012 0:00,1553,,FORT WARD HILL RD NE / NE KITSAP ST,122359237,21866935,ALSP
P120131181,BIPD,8/13/2012 0:00,1607,625,WINSLOW WAY E,122607400,23236100,ASSIS3
P120187086,BIPD,11/18/2012 0:00,1155,8824,NE NEW LONDON CT,122081350,23449700,FU
P120190632,BIPD,11/25/2012 0:00,1430,,HARBOR SQUARE LOOP NE / WINSLOW WAY E,122642550,23244214,WC3
P120187311,BIPD,11/18/2012 0:00,2200,,NE DAY RD E / STATE HWY 305 NE,122023402,25247379,T
P120187487,BIPD,11/19/2012 0:00,0820,,NE HIGH SCHOOL RD / WEAVER RD NW,122172525,23657280,TRAFF3
P120191022,BIPD,11/26/2012 0:00,0955,,FERNCLIFF AVE NE / NE YAQUINA AVE,122691998,24004907,MVC4
P120191034,BIPD,11/26/2012 0:00,1009,1230,WEAVER RD NW,122197800,23605000,WC3
P120127375,BIPD,8/7/2012 0:00,1154,1306,KINGS PL NW,122245800,23683450,GUNVI3
P120127417,BIPD,8/7/2012 0:00,1320,5635,NE CESSNA LN,121126550,22232850,FU
P120127529,BIPD,8/7/2012 0:00,1614,,KNECHTEL WAY NE / MADISON AVE N,122432246,23447716,TRAFF3
P120127902,BIPD,8/8/2012 0:00,0934,,MADISON AVE N / STATE HWY 305 NE,122472543,23963078,T
P120128140,BIPD,8/8/2012 0:00,1536,625,WINSLOW WAY E,122607400,23236100,WRT4
P120131503,BIPD,8/14/2012 0:00,0728,625,WINSLOW WAY E,122607400,23236100,TRANS
P120195708,BIPD,12/4/2012 0:00,1722,625,WINSLOW WAY E,122607400,23236100,FU
P120193509,BIPD,11/30/2012 0:00,1907,8241,NE BLAKELY HEIGHTS CT,121931650,22571700,ALRA
P120196212,BIPD,12/5/2012 0:00,1440,497,HARBORVIEW DR SE,122589500,23122300,THREA4
P120196225,BIPD,12/5/2012 0:00,1456,,FERNCLIFF AVE NE / NE QUIET VALLEY LN,122701953,23732635,SUSPI3
P120193943,BIPD,12/1/2012 0:00,1416,301,HIGH SCHOOL RD NE,122491500,23645900,FU
P120187550,BIPD,11/19/2012 0:00,1001,,DEAD END / HARBORVIEW DR SE,122669912,23179110,CELL
P120187890,BIPD,11/19/2012 0:00,1922,350,GROW AVE NW,122340100,23334950,ASSIS3
P120187954,BIPD,11/19/2012 0:00,2205,,NE HIDDEN COVE RD / RUNNING SPRINGS LN NE,121910674,25635983,FU
P120184533,BIPD,11/13/2012 0:00,1717,,"XY(121372402,24909182)",121372402,24909182,CELL
P120184589,BIPD,11/13/2012 0:00,1939,,"XY(121318555,24350336)",121318555,24350336,CELL
P120191474,BIPD,11/27/2012 0:00,0009,,FOREST LN NE / NE KOURA RD,121993010,24720559,T
P120203677,BIPD,12/18/2012 0:00,1447,6538,NE MONTE VISTA DR,121420134,24971486,MVC3
P120203690,BIPD,12/18/2012 0:00,1512,9125,SPORTSMAN CLUB RD NE,122290100,24108100,WC911
P120203848,BIPD,12/18/2012 0:00,2034,,STATE HWY 305 NE / WINSLOW WAY E,122597069,23245490,T
P120204146,BIPD,12/19/2012 0:00,1111,1808,EAGLE HARBOR LN NE,122137577,23143886,FU
P120204202,BIPD,12/19/2012 0:00,1238,499,OLYMPIC DR SE,122674000,23182900,FU
P120204344,BIPD,12/19/2012 0:00,1719,10160,NE BEACH CREST DR,122647650,24439750,ALRA
P120202687,BIPD,12/16/2012 0:00,2120,907,CARVER ST,118435000,20790500,MEDIA
P120202746,BIPD,12/17/2012 0:00,0058,17777,SUQUAMISH WAY NE,121340300,27100700,UNKNO3
P120202812,BIPD,12/17/2012 0:00,0624,224,HIGH SCHOOL RD NE,122483664,23646050,PC4
P120206689,BIPD,12/23/2012 0:00,2223,5173,NE EAGLE HARBOR DR,122386150,22828750,DV2
P120202898,BIPD,12/17/2012 0:00,0935,9423,NE BUSINESS PARK LN,122349500,24082550,THEFT4
P120204970,BIPD,12/20/2012 0:00,1839,253,HIGH SCHOOL RD NE,122470100,23646300,FU
P120196670,BIPD,12/6/2012 0:00,1308,380,WINSLOW WAY E,122507500,23253200,WC911
P120194118,BIPD,12/1/2012 0:00,2021,907,CARVER ST,118435000,20790500,MEDIA
P120196996,BIPD,12/7/2012 0:00,0100,1172,MADISON AVE N,122435482,23599494,PC4
P120197162,BIPD,12/7/2012 0:00,1040,,"XY(122346817,22566660)",122346817,22566660,CELL
P120194597,BIPD,12/2/2012 0:00,1945,15843,AGATE PASS BRG,121391000,26467600,ASSIS3
P120194654,BIPD,12/2/2012 0:00,2240,6471,NE BRIGHAM RD,121441750,24852300,ALRA
P120204917,BIPD,12/20/2012 0:00,1728,,ERICKSEN AVE NE / WINSLOW WAY E,122525612,23245942,PC3
P120204977,BIPD,12/20/2012 0:00,1852,7686,NE HIGH SCHOOL RD,121808600,23667700,ALRA
P120205179,BIPD,12/21/2012 0:00,0636,625,WINSLOW WAY E,122607400,23236100,WRT4
P120205653,BIPD,12/21/2012 0:00,2037,253,HIGH SCHOOL RD NE,122470100,23646300,PC4
P120205749,BIPD,12/21/2012 0:00,2356,9119,NE NEW BROOKLYN RD,122311631,23916573,PC4
P120205784,BIPD,12/22/2012 0:00,0128,5790,PACKARD LN NE,122517050,22898700,ALS
P120191711,BIPD,11/27/2012 0:00,1207,25814,HIGHLAND RD NE,121872300,29561750,FU
P120188628,BIPD,11/21/2012 0:00,0900,4672,ROCKAWAY BEACH RD NE,122942050,22527550,TRAFF3
P120191916,BIPD,11/27/2012 0:00,1905,,NE HIGH SCHOOL RD / SPORTSMAN CLUB RD NE,122100813,23659652,T
P120192213,BIPD,11/28/2012 0:00,1045,625,WINSLOW WAY E,122607400,23236100,FOUND4
P120188863,BIPD,11/21/2012 0:00,1647,6531,NE BUCKSKIN LN,121407700,22406150,FU
P120194710,BIPD,12/3/2012 0:00,0156,120,MADRONE LN N,122464221,23263093,OPEN3
P120197986,BIPD,12/8/2012 0:00,1804,625,WINSLOW WAY E,122607400,23236100,UNKNO3
P120198073,BIPD,12/8/2012 0:00,2139,652,CHERRY AVE NE,122975100,23419900,MALIC3
P120198189,BIPD,12/9/2012 0:00,0154,10066,EDGECOMBE PL NE,122501500,24260400,FI
P120198187,BIPD,12/9/2012 0:00,0146,,FLETCHER BAY RD NE / NE NEW BROOKLYN RD,121365750,23936543,PC4
P120198351,BIPD,12/9/2012 0:00,1203,,FLETCHER BAY RD NE / SPRINGRIDGE RD NE,121253090,23939289,TRAFF3
P120128209,BIPD,8/8/2012 0:00,1719,253,HIGH SCHOOL RD NE,122470100,23646300,WRT4
P120128258,BIPD,8/8/2012 0:00,1809,5356,RUBY PL NE,121727150,22858700,WC911
P120128552,BIPD,8/9/2012 0:00,0722,,HARBORVIEW DR SE / OLYMPIC DR SE,122618573,23213755,T
P120128677,BIPD,8/9/2012 0:00,1111,6934,NE BAKER HILL RD,121550486,22631413,PROWL4
P120128809,BIPD,8/9/2012 0:00,1530,10801,OLALLIE LN NE,120775950,24589900,ADRIFT
P120129489,BIPD,8/10/2012 0:00,1554,,HIGH SCHOOL RD NE / STATE HWY 305 NE,122571082,23644469,RECKL3
P120207660,BIPD,12/26/2012 0:00,0636,,NE DAY RD E / STATE HWY 305 NE,122023402,25247379,T
P120205785,BIPD,12/22/2012 0:00,0130,,STATE HWY 305 NE / NE WEST PORT MADISON RD,121590699,26041540,T
P120205963,BIPD,12/22/2012 0:00,1245,11299,ARROW POINT DR NE,121068800,24696200,ALRA
P120206109,BIPD,12/22/2012 0:00,1740,,WYATT WAY NW / WYATT WAY NW,122117093,23311282,CELL
P120206314,BIPD,12/23/2012 0:00,0059,,MADISON AVE N / STATE HWY 305 NE,122472543,23963078,T
P120206322,BIPD,12/23/2012 0:00,0125,,CAPSTAN DR NE / HIGH SCHOOL RD NW,122210812,23655945,T
P120189301,BIPD,11/22/2012 0:00,2004,,HIGH SCHOOL RD NE / HILDEBRAND LN NE,122535496,23644973,T
P120192899,BIPD,11/29/2012 0:00,1544,,BJUNE DR SE / WINSLOW WAY E,122533107,23245903,MVC4
P120189374,BIPD,11/22/2012 0:00,2319,3949,CRYSTAL SPRINGS DR NE,121040400,22361700,T
P120189582,BIPD,11/23/2012 0:00,1226,,NE HIDDEN COVE RD / STATE HWY 305 NE,121741136,25661125,MISC3
P120189850,BIPD,11/23/2012 0:00,2226,,MADISON AVE N / WYATT WAY NE,122430637,23382031,T
P120192998,BIPD,11/29/2012 0:00,1912,1045,MADISON AVE N,122411650,23570850,MVC4
P120194740,BIPD,12/3/2012 0:00,0428,,NE DAY RD E / STATE HWY 305 NE,122023402,25247379,T
P120194759,BIPD,12/3/2012 0:00,0705,8478,HANSEN RD NE,121056200,23841600,SUICIB
P120194760,BIPD,12/3/2012 0:00,0708,625,WINSLOW WAY E,122607400,23236100,TRANS
P120194935,BIPD,12/3/2012 0:00,1216,625,WINSLOW WAY E,122607400,23236100,WRT5
P120194912,BIPD,12/3/2012 0:00,1136,2890,NW BUCKLIN HILL RD,118333600,24363600,FU
P120191923,BIPD,11/27/2012 0:00,1920,907,CARVER ST,118435000,20790500,MEDIA
P120125094,BIPD,8/3/2012 0:00,1546,1540,NW AMBERCREST WAY,118761200,24893900,NARCO4
P120129527,BIPD,8/10/2012 0:00,1655,,NE EAGLE HARBOR DR / HARBORCREST DR NE,122146060,23107765,T
P120125337,BIPD,8/3/2012 0:00,2231,253,HIGH SCHOOL RD NE,122470100,23646300,FI
P120129885,BIPD,8/11/2012 0:00,0822,,NE HIGH SCHOOL RD / SANDS AVE NE,121907925,23666959,ALRA
P120133699,BIPD,8/17/2012 0:00,1547,,NE DAY RD W / MILLER RD NE,121978357,25249210,T
P120193267,BIPD,11/30/2012 0:00,1034,,NE HIGH SCHOOL RD / MADISON AVE N,122433634,23644002,T
P120189895,BIPD,11/23/2012 0:00,2354,,SPORTSMAN CLUB RD NE / STATE HWY 305 NE,122395136,24298387,T
P120190087,BIPD,11/24/2012 0:00,1248,6789,NE BERGMAN RD,121548250,25106850,FU
P120190154,BIPD,11/24/2012 0:00,1530,,AGATE POINT RD NE / NE DOLPHIN DR,121827604,26302254,SUSPI4
P120190327,BIPD,11/24/2012 0:00,2205,,SPORTSMAN CLUB RD NE / STATE HWY 305 NE,122395136,24298387,FI
P120190496,BIPD,11/25/2012 0:00,0708,1173,MADISON AVE N,122423600,23606500,T
P120192404,BIPD,11/28/2012 0:00,1505,225,HIGH SCHOOL RD NW,122240895,23654772,ASSIS3
P120192568,BIPD,11/28/2012 0:00,2223,,DUANE LN NW / WALLACE WAY NE,122439723,23543524,CELL
P120192603,BIPD,11/29/2012 0:00,0139,16285,STATE HWY 305 NE,120963750,26314350,FI
P120200063,BIPD,12/12/2012 0:00,1402,,"XY(122315861,23878262)",122315861,23878262,CELL
P120200348,BIPD,12/12/2012 0:00,2354,,NORTH MADISON AVE NE / NE VALLEY RD,122457917,24703521,T
P120195338,BIPD,12/4/2012 0:00,0515,,MADISON AVE N / STATE HWY 305 NE,122472543,23963078,T
P120206353,BIPD,12/23/2012 0:00,0324,,EDGECOMBE PL NE / MANITOU BEACH DR NE,122500033,24305152,T
P120206387,BIPD,12/23/2012 0:00,0815,9330,NE HIGH SCHOOL RD,122363800,23666100,FU
P120204552,BIPD,12/20/2012 0:00,0720,145,FERNCLIFF AVE NE,122681863,23269225,ALRA
P120204562,BIPD,12/20/2012 0:00,0744,9156,SPORTSMAN CLUB RD NE,122309828,24063668,PC4
P120204556,BIPD,12/20/2012 0:00,0730,1226,MADISON AVE N,122435828,23614354,PC4
P120204561,BIPD,12/20/2012 0:00,0744,9496,NE DAY RD E,122433607,25231901,MISC3
P120130161,BIPD,8/11/2012 0:00,1821,6789,NE BERGMAN RD,121548250,25106850,WRT4
P120130495,BIPD,8/12/2012 0:00,1055,1220,HILDEBRAND LN NE,122550200,23631100,THEFT4
P120130508,BIPD,8/12/2012 0:00,1138,,STATE HWY 305 NE / WINSLOW WAY E,122597069,23245490,TRAFF3
P120130645,BIPD,8/12/2012 0:00,1710,234,WOOD AVE SW,122365500,23199500,WC911
P120130713,BIPD,8/12/2012 0:00,1919,907,CARVER ST,118435000,20790500,MEDIA
P120134084,BIPD,8/18/2012 0:00,0415,,FLETCHER BAY RD NE / MILLER RD NE,121365750,23936543,FI
P120190590,BIPD,11/25/2012 0:00,1250,,NE BUCKSKIN LN / PALOMINO DR NE,121269800,22416676,WC3
P120190628,BIPD,11/25/2012 0:00,1423,,NE DAY RD E / STATE HWY 305 NE,122023402,25247379,DUI3
P120190908,BIPD,11/26/2012 0:00,0247,10457,NE FENTON RD,122770321,23881366,SINGLE
P120190964,BIPD,11/26/2012 0:00,0814,15122,NE ANNA VERA LN,122034550,25967200,THEFT4
P120191184,BIPD,11/26/2012 0:00,1344,625,WINSLOW WAY E,122607400,23236100,MISC3
P120194631,BIPD,12/2/2012 0:00,2137,,FJORD DR NE / NE HOSTMARK ST,119483703,27272813,T
P120195589,BIPD,12/4/2012 0:00,1355,14012,SUNRISE DR NE,122754800,25629550,THEFT4
P120200441,BIPD,12/13/2012 0:00,0844,4959,BLAKELY AVE NE,122001267,22673530,T
P120200457,BIPD,12/13/2012 0:00,0914,635,HIGH SCHOOL RD NE,122615700,23616500,FOUND4
P120200791,BIPD,12/13/2012 0:00,1820,345,OLYMPIC DR SE,122642427,23195193,PC4
P120200811,BIPD,12/13/2012 0:00,1856,907,CARVER ST,118435000,20790500,MEDIA
P120204600,BIPD,12/20/2012 0:00,0917,625,WINSLOW WAY E,122607400,23236100,FU
P120206737,BIPD,12/24/2012 0:00,0026,11422,PINYON AVE NE,121785600,24820600,FU
P120206796,BIPD,12/24/2012 0:00,0628,,BATTLE POINT DR NE / NE FREY AVE,121008166,24826144,TRAFF3
P120207104,BIPD,12/24/2012 0:00,1856,253,HIGH SCHOOL RD NE,122470100,23646300,INFOP4
P120207142,BIPD,12/24/2012 0:00,2036,601,HIGH SCHOOL RD NE,122587100,23628700,T
P120207216,BIPD,12/24/2012 0:00,2333,4110,BIRKLAND RD NE,122123150,22380150,GUNVI3
P120130836,BIPD,8/12/2012 0:00,2330,8734,NE TRIPLE CROWN LN,122154100,24428200,ALRA
P120131061,BIPD,8/13/2012 0:00,1230,,NE HIGH SCHOOL RD / MADISON AVE N,122433634,23644002,T
P120131194,BIPD,8/13/2012 0:00,1636,,NE COUNTRY CLUB RD / FORT WARD HILL RD NE,122444940,22146864,ALSP
P120134378,BIPD,8/18/2012 0:00,1737,,DEAD END / TORMEY LN NE,122525239,23533989,CELL
P120131283,BIPD,8/13/2012 0:00,1916,,MADISON AVE N / WALLACE WAY NE,122433596,23514669,T
P120131297,BIPD,8/13/2012 0:00,1935,,MADISON AVE N / WINSLOW WAY E,122427660,23249390,T
P120200863,BIPD,12/13/2012 0:00,2117,157,WINSLOW WAY E,122447800,23242600,THEFT3
P120195665,BIPD,12/4/2012 0:00,1608,4200,RODEO LN NE,121362700,22358650,ALRA
P120195678,BIPD,12/4/2012 0:00,1631,,NORTH MADISON AVE NE / NE TORVANGER RD,122452164,25628115,SUSPI3
P120201668,BIPD,12/14/2012 0:00,2253,,NE MORGAN RD / STATE HWY 305 NE,122252700,24842450,T
P120195680,BIPD,12/4/2012 0:00,1637,,NE DAY RD E / NORTH MADISON AVE NE,122468811,25230896,GUNVI2
P120195738,BIPD,12/4/2012 0:00,1805,,NE DAY RD E / STATE HWY 305 NE,122023402,25247379,ASSIS3
P120191236,BIPD,11/26/2012 0:00,1500,8091,NE BUCKLIN HILL RD,121936450,23168050,TRAFF3
P120194766,BIPD,12/3/2012 0:00,0716,380,WINSLOW WAY E,122507500,23253200,WC911
P120191257,BIPD,11/26/2012 0:00,1536,,MADISON AVE S / SHANNON DR SE,122456389,23216979,CELL
P120191406,BIPD,11/26/2012 0:00,2050,829,HIGH SCHOOL RD NE,122672300,23642200,BURGL4
P120188418,BIPD,11/20/2012 0:00,1839,2601,CHERRY AVE,119795400,21821000,ALRA
P120188513,BIPD,11/20/2012 0:00,2333,,HIGH SCHOOL RD NE / STATE HWY 305 NE,122571082,23644469,T
P120207384,BIPD,12/25/2012 0:00,1222,10535,NE SUNRISE BLUFF LN,122853350,25684850,ALRA
P120207763,BIPD,12/26/2012 0:00,1113,,NE HIDDEN COVE RD / STATE HWY 305 NE,121741136,25661125,RECKL3
P120209315,BIPD,12/29/2012 0:00,1324,10973,BATTLE POINT DR NE,120967768,24710444,ALRP
P120207773,BIPD,12/26/2012 0:00,1138,9631,NE WATCH HILL DR,122425650,21478150,FU
P120207914,BIPD,12/26/2012 0:00,1623,149,FINCH PL SW,122398492,23243584,T
P120208044,BIPD,12/26/2012 0:00,2325,3000,PLEASANT BEACH DR NE,122112500,22010500,SUSPI3
P120131350,BIPD,8/13/2012 0:00,2123,,"XY(122090015,25029985)",122090015,25029985,CELL
P120134859,BIPD,8/19/2012 0:00,1652,,DEAD END / HARBORVIEW DR SE,122669912,23179110,CELL
P120131415,BIPD,8/13/2012 0:00,2349,,MADISON AVE N / STATE HWY 305 NE,122472543,23963078,T
P120131636,BIPD,8/14/2012 0:00,1203,14000,NORTH MADISON AVE NE,122452200,25628300,MVC4
P120131835,BIPD,8/14/2012 0:00,1650,138,HARBOR SQUARE LOOP NE,122650091,23259167,FU
P120131849,BIPD,8/14/2012 0:00,1723,270,OLYMPIC DR SE,122674150,23183550,BLSGP
P120201953,BIPD,12/15/2012 0:00,0942,343,WINSLOW WAY E,122501900,23247000,MISC4
P120196364,BIPD,12/5/2012 0:00,1938,24555,STATE HWY 3 NW,119283100,29192800,ASSIS3
P120196973,BIPD,12/6/2012 0:00,2331,,SPORTSMAN CLUB RD NE / STATE HWY 305 NE,122395136,24298387,T
P120197199,BIPD,12/7/2012 0:00,1133,11393,SUNRISE DR NE,122710550,24773900,FU
P120197495,BIPD,12/7/2012 0:00,2001,,NE SEABOLD RD / STATE HWY 305 NE,121590699,26041540,DUI3
P120191434,BIPD,11/26/2012 0:00,2216,625,WINSLOW WAY E,122607400,23236100,FI
P120195599,BIPD,12/4/2012 0:00,1408,,KIMIKO LN / MADISON AVE N,122440017,23810953,T
P120195746,BIPD,12/4/2012 0:00,1826,1270,MADISON AVE N,122444300,23625500,PARKI3
P120195748,BIPD,12/4/2012 0:00,1829,,NE HIGH SCHOOL RD / MADISON AVE N,122433634,23644002,TRAFF3
P120188575,BIPD,11/21/2012 0:00,0609,10102,EDGECOMBE PL NE,122508750,24293900,BURGL1
P120196267,BIPD,12/5/2012 0:00,1607,,HENSHAW WAY NE / WINSLOW WAY W,122424966,23281153,CELL
P120208052,BIPD,12/26/2012 0:00,2344,,FINCH RD NE / NE HIGH SCHOOL RD,122040602,23661844,TRAFF3
P120208088,BIPD,12/27/2012 0:00,0152,220,PARFITT WAY SW,122383300,23192900,WC3
P120208304,BIPD,12/27/2012 0:00,1448,8974,HEMLOCK AVE NE,122509423,23947325,SUSPI4
P120208399,BIPD,12/27/2012 0:00,1816,,AGATE PASS RD NE / NE SANWICK PL,121723887,26557607,MVCG
P120206434,BIPD,12/23/2012 0:00,1141,,WINSLOW WAY E / WINSLOW WAY E,122485875,23257927,CELL
P120210500,BIPD,12/31/2012 0:00,1901,15701,POINT MONROE DR NE,122720400,26295450,CIVIL3
P120131898,BIPD,8/14/2012 0:00,1900,,NE EAGLE HARBOR DR / PACKARD LN NE,122500370,22853836,TRAFF3
P120135438,BIPD,8/20/2012 0:00,1618,,STATE HWY 305 NE / VINEYARD LN,122559210,23438563,T
P120132521,BIPD,8/15/2012 0:00,1801,,NE HIDDEN COVE RD / STATE HWY 305 NE,121741136,25661125,MVC4
P120132651,BIPD,8/15/2012 0:00,2216,,BOLIN POINT PL NE / NE SOLAR VIEW CT,120033498,25471839,ASSIS4
P120136004,BIPD,8/21/2012 0:00,1558,,NE HIGH SCHOOL RD / HORIZON VIEW PL NW,122310438,23631740,CELL
P120132759,BIPD,8/16/2012 0:00,0332,4200,NE EAGLE HARBOR DR,122666900,22910900,ASSIS3
P120197508,BIPD,12/7/2012 0:00,2017,406,HIGH SCHOOL RD NE,122537800,23644900,THEFT3
P120198363,BIPD,12/9/2012 0:00,1237,,MILLER RD NE / NE TOLO RD,121433990,24330529,T
P120198574,BIPD,12/9/2012 0:00,2058,11954,MILLER RD NE,121740493,24986353,SUICIB
P120198628,BIPD,12/9/2012 0:00,2310,811,CHERRY AVE NE,122936600,23480200,SUSPI3
P120199082,BIPD,12/10/2012 0:00,1817,,NE KOURA RD / MILLER RD NE,121576406,24728795,T
P120199106,BIPD,12/10/2012 0:00,1902,907,CARVER ST,118435000,20790500,MEDIA
P120206496,BIPD,12/23/2012 0:00,1451,499,OLYMPIC DR SE,122674000,23182900,DUI3
P120206559,BIPD,12/23/2012 0:00,1713,,NE DAY RD E / NE YETI LN,122025071,25272959,CELL
P120206527,BIPD,12/23/2012 0:00,1554,,SPORTSMAN CLUB RD NE / STATE HWY 305 NE,122395136,24298387,MVCG
P120208572,BIPD,12/28/2012 0:00,0103,,NE DAY RD E / STATE HWY 305 NE,122023402,25247379,T
P120208573,BIPD,12/28/2012 0:00,0104,245,NE HIGH SCHOOL RD,122404050,23635100,UNWAN3
P120208666,BIPD,12/28/2012 0:00,0938,625,WINSLOW WAY E,122607400,23236100,RECKL5
P120192103,BIPD,11/28/2012 0:00,0709,625,WINSLOW WAY E,122607400,23236100,WRT3
P120192518,BIPD,11/28/2012 0:00,1943,406,HIGH SCHOOL RD NE,122537800,23644900,THEFT4
P120192823,BIPD,11/29/2012 0:00,1348,,MILLER BAY RD NE / NE WEST KINGSTON RD,122058461,29461388,MVCA
P120192952,BIPD,11/29/2012 0:00,1718,,"XY(122552272,23583747)",122552272,23583747,CELL
P120192970,BIPD,11/29/2012 0:00,1757,13720,STATE HWY 305 NE,121806700,25565000,MVCG
P120129537,BIPD,8/10/2012 0:00,1719,15446,SUNRISE DR NE,122763600,26092300,VEHIT4
P120136587,BIPD,8/22/2012 0:00,1621,,SPORTSMAN CLUB RD NE / STATE HWY 305 NE,122395136,24298387,T
P120133496,BIPD,8/17/2012 0:00,0910,10255,NE VALLEY RD,122674600,24698700,TRANS
P120133765,BIPD,8/17/2012 0:00,1730,,NE CASEY ST / FERNCLIFF AVE NE,122707500,23906698,T
P120133774,BIPD,8/17/2012 0:00,1738,,CAPSTAN DR NE / HIGH SCHOOL RD NW,122210812,23655945,T
P120133894,BIPD,8/17/2012 0:00,2109,,NORTH MADISON AVE NE / PHELPS RD NE,122423110,25842563,T
P120206720,BIPD,12/23/2012 0:00,2347,11422,PINYON AVE NE,121785600,24820600,SUSPI3
P120208676,BIPD,12/28/2012 0:00,0953,,MADISON AVE N / STATE HWY 305 NE,122472543,23963078,T
P120206722,BIPD,12/23/2012 0:00,2348,5173,NE EAGLE HARBOR DR,122386150,22828750,FU
P120208955,BIPD,12/28/2012 0:00,1807,,FINCH RD NE / NE HIGH SCHOOL RD,122040602,23661844,TRAFF4
P120209028,BIPD,12/28/2012 0:00,2055,9478,NE HIGH SCHOOL RD,122389736,23649237,PC4
P120209059,BIPD,12/28/2012 0:00,2214,650,ERICKSEN AVE NE,122539100,23426350,CIVIL3
P120202503,BIPD,12/16/2012 0:00,1348,,NORTH MADISON AVE NE / NE TIMBERLANE PL,122453663,24488795,T
P120199488,BIPD,12/11/2012 0:00,1228,4779,LYNWOOD CENTER RD NE,121749200,22595450,CIVIL4
P120202830,BIPD,12/17/2012 0:00,0737,,NE BUSINESS PARK LN / SPORTSMAN CLUB RD NE,122322118,24094785,T
P120202831,BIPD,12/17/2012 0:00,0738,9884,MANITOU BEACH DR NE,122578951,24324731,TRAFF3
P120202849,BIPD,12/17/2012 0:00,0804,,MADISON AVE N / NE NEW BROOKLYN RD,122442200,23911813,T
P120202837,BIPD,12/17/2012 0:00,0751,10671,NE SEABORN RD,122746400,22244000,ADRIFT
P120192981,BIPD,11/29/2012 0:00,1842,,"XY(122519362,23628249)",122519362,23628249,CELL
P120197616,BIPD,12/8/2012 0:00,0032,14819,SUNRISE DR NE,122747904,25926901,TRAFF4
P120193471,BIPD,11/30/2012 0:00,1719,635,HIGH SCHOOL RD NE,122615700,23616500,WCA
P120193548,BIPD,11/30/2012 0:00,2004,,"XY(122090015,25029985)",122090015,25029985,CELL
P120193654,BIPD,11/30/2012 0:00,2343,,NE HIDDEN COVE RD / KOMEDAL RD NE,121555656,25651919,T
P120193701,BIPD,12/1/2012 0:00,0207,,MADISON AVE N / MADRONA WAY NE,122430171,23356861,T
P120133908,BIPD,8/17/2012 0:00,2131,299,SHANNON DR SE,122508700,23164500,PC3
P120133938,BIPD,8/17/2012 0:00,2215,233,PARFITT WAY SW,122384600,23163500,PROWL3
P120134221,BIPD,8/18/2012 0:00,1217,4070,PLEASANT BEACH DR NE,121813650,22357200,SFR
P120134240,BIPD,8/18/2012 0:00,1311,,NE KOURA RD / MILLER RD NE,121576406,24728795,DUI3
P120134263,BIPD,8/18/2012 0:00,1419,19160,FRONT ST NE,119365600,27388600,FU
P120134473,BIPD,8/18/2012 0:00,2045,,HIGH SCHOOL RD NE / STATE HWY 305 NE,122571082,23644469,DUI3
P120209129,BIPD,12/29/2012 0:00,0045,,MADISON AVE N / STATE HWY 305 NE,122472543,23963078,T
P120209252,BIPD,12/29/2012 0:00,1100,7003,NE DOLPHIN DR,121598143,26277694,FU
P120209417,BIPD,12/29/2012 0:00,1640,,STATE HWY 305 NE / WINSLOW WAY E,122597069,23245490,T
P120209478,BIPD,12/29/2012 0:00,1828,,NE BEACH CREST DR / MANITOU BEACH DR NE,122703148,24385961,FIREW4
P120209544,BIPD,12/29/2012 0:00,2106,8376,NE SUMANEE PL,122034950,25510300,ALSP
P120198134,BIPD,12/8/2012 0:00,2351,,NE DAY RD E / STATE HWY 305 NE,122023402,25247379,T
P120198236,BIPD,12/9/2012 0:00,0603,,FINCH RD NE / WYATT WAY NW,122036524,23398020,T
P120198247,BIPD,12/9/2012 0:00,0754,625,WINSLOW WAY E,122607400,23236100,MISC5
P120193794,BIPD,12/1/2012 0:00,0902,,AGATE PASS RD NE / NE NORTH ST,121785586,26631052,TRAFF4
P120193888,BIPD,12/1/2012 0:00,1233,590,WINSLOW WAY E,122587300,23250300,FU
P120193989,BIPD,12/1/2012 0:00,1557,15798,STATE HWY 305 NE,121419100,26448500,TRAFF3
P120134474,BIPD,8/18/2012 0:00,2048,499,OLYMPIC DR SE,122674000,23182900,DUI3
P120137839,BIPD,8/24/2012 0:00,1629,11700,MEADOWMEER CIR NE,122120000,24736300,T
P120134757,BIPD,8/19/2012 0:00,1320,625,WINSLOW WAY E,122607400,23236100,TRAFF3
P120138381,BIPD,8/25/2012 0:00,0946,11319,WESTWIND CT NE,122383058,24744893,ASSAU2
P120134907,BIPD,8/19/2012 0:00,1810,,"XY(122631160,23440095)",122631160,23440095,CELL
P120134985,BIPD,8/19/2012 0:00,2102,800,ERICKSEN AVE NE,122540300,23501500,SUSPI3
P120209668,BIPD,12/30/2012 0:00,0149,3992,ROCKAWAY BEACH RD NE,122960200,22281600,NOISE4
P120209679,BIPD,12/30/2012 0:00,0219,,NE EAGLE HARBOR DR / NE OLD CREOSOTE HILL RD,122928362,22848761,FI
P120210009,BIPD,12/30/2012 0:00,2122,,STATE HWY 305 NE / WINSLOW WAY E,122597069,23245490,T
P120210033,BIPD,12/30/2012 0:00,2217,285,MADISON AVE S,122426500,23199000,ASSIS3
P120210430,BIPD,12/31/2012 0:00,1640,26407,APPLE JACK LN NE,122896950,29716150,MISC4
P120210616,BIPD,12/31/2012 0:00,2119,499,OLYMPIC DR SE,122674000,23182900,T
P120194991,BIPD,12/3/2012 0:00,1337,,NE DAY RD E / STATE HWY 305 NE,122023402,25247379,TRAFF3
P120202851,BIPD,12/17/2012 0:00,0806,,GROW AVE NW / NE HIGH SCHOOL RD,122337828,23651155,PC4
P120199680,BIPD,12/11/2012 0:00,1737,,COUNTRY VIEW LN NE / NE DARDEN LN,122600594,21542847,SUSPI3
P120195250,BIPD,12/3/2012 0:00,2233,780,VILLAGE CIR NW,122215050,23459100,ASSIS3
P120203013,BIPD,12/17/2012 0:00,1254,,DEAD END / HARBORVIEW DR SE,122683320,23162764,CELL
P120203031,BIPD,12/17/2012 0:00,1322,499,OLYMPIC DR SE,122674000,23182900,INTOX3
P120194128,BIPD,12/1/2012 0:00,2042,,DEAD END / FINCH RD NE,121988563,23530486,CELL
P120198706,BIPD,12/10/2012 0:00,0650,,ERICKSEN AVE NE / WINSLOW WAY E,122525612,23245942,MVCA
P120194326,BIPD,12/2/2012 0:00,0751,2500,NE MCWILLIAMS RD,120086900,23181600,CELL
P120198771,BIPD,12/10/2012 0:00,0928,345,KNECHTEL WAY NE,122501400,23437000,FI
P120198795,BIPD,12/10/2012 0:00,1024,1890,NE WILLOW AVE,123038550,23448200,FU
P120194418,BIPD,12/2/2012 0:00,1256,,NE HIGH SCHOOL RD / SPORTSMAN CLUB RD NE,122100813,23659652,T
P120210708,BIPD,12/31/2012 0:00,2300,6200,NE TOLO RD,121310445,24335556,T
P120208783,BIPD,12/28/2012 0:00,1308,835,MADISON AVE N,122415100,23498500,MVC4
P120195300,BIPD,12/4/2012 0:00,0225,381,WALLACE WAY NE,122524400,23506000,DV2
P120203425,BIPD,12/18/2012 0:00,0741,4632,BLAKELY AVE NE,122027743,22544201,PC4
P120200936,BIPD,12/14/2012 0:00,0215,10102,EDGECOMBE PL NE,122508750,24293900,PROWL3
P120203679,BIPD,12/18/2012 0:00,1451,,"XY(121854572,25451513)",121854572,25451513,CELL
P120201351,BIPD,12/14/2012 0:00,1745,1250,WEAVER RD NW,122185850,23632050,BURGL4
P120199170,BIPD,12/10/2012 0:00,2106,600,WINSLOW WAY E,122597200,23245500,VEHIT4
P120199184,BIPD,12/10/2012 0:00,2141,15632,VIRGINIA POINT RD NE,119626450,26248750,FI
P120194695,BIPD,12/3/2012 0:00,0101,,AGATEWOOD RD NE / STATE HWY 305 NE,121562025,26138320,T
P120195194,BIPD,12/3/2012 0:00,2016,9752,MILLER RD NE,121405800,24250400,T
P120195272,BIPD,12/3/2012 0:00,2338,,NE LOVGREEN RD E / STATE HWY 305 NE,122193914,24976129,T
P120199731,BIPD,12/11/2012 0:00,1922,,FERNCLIFF AVE NE / NE LOFGREN RD,122631170,24104765,MVCG
P120138536,BIPD,8/25/2012 0:00,1613,,"XY(121049477,24638455)",121049477,24638455,CELL
P120135133,BIPD,8/20/2012 0:00,0815,10770,NORTH MADISON AVE NE,122478100,24546950,DV3
P120135156,BIPD,8/20/2012 0:00,0911,10770,NORTH MADISON AVE NE,122478100,24546950,TRANS
P120138664,BIPD,8/25/2012 0:00,2031,,MADISON AVE N / WALLACE WAY NE,122433596,23514669,T
P120135239,BIPD,8/20/2012 0:00,1115,8355,NE DAY RD E,122064100,25221100,FRAUD4
P120138902,BIPD,8/26/2012 0:00,0536,,BOND RD NE / STATE HWY 305 NE,119464218,27949759,ASSIS3
P120195322,BIPD,12/4/2012 0:00,0343,381,WALLACE WAY NE,122524400,23506000,FU
P120195435,BIPD,12/4/2012 0:00,1002,9777,NE MURDEN COVE DR,122527750,24332250,DOAA
P120195568,BIPD,12/4/2012 0:00,1313,1200,HILDEBRAND LN NE,122551100,23614700,WC911
P120191734,BIPD,11/27/2012 0:00,1248,499,OLYMPIC DR SE,122674000,23182900,THEFT3
P120196911,BIPD,12/6/2012 0:00,2022,907,CARVER ST,118435000,20790500,MEDIA
P120196926,BIPD,12/6/2012 0:00,2103,,NE DAY RD E / STATE HWY 305 NE,122023402,25247379,DUI3
P120201760,BIPD,12/15/2012 0:00,0009,,NE DAY RD E / STATE HWY 305 NE,122023402,25247379,T
P120201765,BIPD,12/15/2012 0:00,0012,,BLAKELY AVE NE / NE OLD MILL RD,121925739,23093499,T
P120201815,BIPD,12/15/2012 0:00,0120,10102,EDGECOMBE PL NE,122508750,24293900,SUSPI3
P120202013,BIPD,12/15/2012 0:00,1231,625,WINSLOW WAY E,122607400,23236100,SUSPI4
P120202054,BIPD,12/15/2012 0:00,1418,,NE SEABOLD RD / STATE HWY 305 NE,121590699,26041540,RECKL3
P120202088,BIPD,12/15/2012 0:00,1515,278,WINSLOW WAY E,122487600,23247600,UNWAN3
P120202199,BIPD,12/15/2012 0:00,2000,907,CARVER ST,118435000,20790500,MEDIA
P120202251,BIPD,12/15/2012 0:00,2247,,SPORTSMAN CLUB RD NE / STATE HWY 305 NE,122395136,24298387,T
P120204397,BIPD,12/19/2012 0:00,1855,5679,NE FOSTER RD,121179150,23824000,ALS
P120202279,BIPD,12/15/2012 0:00,2354,,STATE HWY 305 NE / VINEYARD LN,122559210,23438563,T
P120202293,BIPD,12/16/2012 0:00,0050,9561,NE MARY SAM LN,122381700,25313450,GUNVI3
P120202318,BIPD,12/16/2012 0:00,0139,403,MADISON AVE N,122430200,23357500,SUSPI3
P120196989,BIPD,12/7/2012 0:00,0042,,SPORTSMAN CLUB RD NE / STATE HWY 305 NE,122395136,24298387,T
P120200876,BIPD,12/13/2012 0:00,2210,1647,JEANETTE PL NW,122247050,23770350,FU
P120197455,BIPD,12/7/2012 0:00,1835,11611,BATTLE POINT DR NE,120961500,24857400,FU
P120197628,BIPD,12/8/2012 0:00,0102,,MADISON AVE N / NE NEW BROOKLYN RD,122442200,23911813,T
P120197960,BIPD,12/8/2012 0:00,1720,385,WEAVER RD NW,122160250,23354550,SUSPI3
P120204981,BIPD,12/20/2012 0:00,1900,11000,MOUNTAIN VIEW RD NE,122927109,24633505,ALRA
P120202326,BIPD,12/16/2012 0:00,0200,,HYLA AVE NE / NE VALLEY RD,122656499,24699068,T
P120202470,BIPD,12/16/2012 0:00,1224,343,WINSLOW WAY E,122501900,23247000,T
P120202594,BIPD,12/16/2012 0:00,1651,,NE HIGH SCHOOL RD / HORIZON VIEW PL NW,122310438,23631740,CELL
P120202853,BIPD,12/17/2012 0:00,0810,9330,HIGH SCHOOL,122355476,23649661,FI
P120202875,BIPD,12/17/2012 0:00,0855,,BJUNE DR SE / MADISON AVE S,122427052,23224917,T
P120198014,BIPD,12/8/2012 0:00,1909,907,CARVER ST,118435000,20790500,MEDIA
P120197985,BIPD,12/8/2012 0:00,1804,,NE DAY RD E / STATE HWY 305 NE,122023402,25247379,MVC3
P120198318,BIPD,12/9/2012 0:00,1047,,FERNCLIFF AVE NE / WINSLOW WAY E,122689699,23243385,THEFT3
P120201677,BIPD,12/14/2012 0:00,2302,,STATE HWY 305 NE / NE WEST PORT MADISON RD,121590699,26041540,T
P120198403,BIPD,12/9/2012 0:00,1408,,SPORTSMAN CLUB RD NE / STATE HWY 305 NE,122395136,24298387,MVCG
P120198561,BIPD,12/9/2012 0:00,2014,,STATE HWY 305 NE / WINSLOW WAY E,122597069,23245490,T
P120202965,BIPD,12/17/2012 0:00,1147,,NE SEABOLD CHURCH RD / STATE HWY 305 NE,121628932,25910523,DUI3
P120199717,BIPD,12/11/2012 0:00,1847,907,CARVER ST,118435000,20790500,MEDIA
P120199844,BIPD,12/12/2012 0:00,0127,9415,MILLER RD NE,121350800,24173100,OPEN4
P120203156,BIPD,12/17/2012 0:00,1622,,"XY(122552272,23583747)",122552272,23583747,CELL
P120200412,BIPD,12/13/2012 0:00,0714,625,WINSLOW WAY E,122607400,23236100,FU
P120205759,BIPD,12/22/2012 0:00,0030,,MADISON AVE N / STATE HWY 305 NE,122472543,23963078,T
P120198620,BIPD,12/9/2012 0:00,2254,,NE DAY RD W / MILLER RD NE,121978357,25249210,T
P120198762,BIPD,12/10/2012 0:00,0919,380,WINSLOW WAY E,122507500,23253200,FU
P120201965,BIPD,12/15/2012 0:00,1014,253,HIGH SCHOOL RD NE,122470100,23646300,T
P120199138,BIPD,12/10/2012 0:00,2008,,NE HIDDEN COVE RD / STATE HWY 305 NE,121741136,25661125,DUI3
P120199227,BIPD,12/10/2012 0:00,2331,,STATE HWY 305 NE / VINEYARD LN,122559210,23438563,T
P120202319,BIPD,12/16/2012 0:00,0140,,SUNRISE DR NE / NE TORVANGER RD,122740992,25622192,T
P120138947,BIPD,8/26/2012 0:00,0928,11944,MILLER RD NE,121738682,24982654,TRESP4
P120135500,BIPD,8/20/2012 0:00,1818,,STATE HWY 305 NE / WINSLOW WAY E,122597069,23245490,MVC3
P120135548,BIPD,8/20/2012 0:00,2007,299,SHANNON DR SE,122508700,23164500,PC3
P120136076,BIPD,8/21/2012 0:00,1807,907,CARVER ST,118435000,20790500,MEDIA
P120139517,BIPD,8/27/2012 0:00,1105,8224,NE LOVGREEN RD W,122019450,25022000,SUSPI4
P120139643,BIPD,8/27/2012 0:00,1403,4569,LYNWOOD CENTER RD NE,121750700,22509200,POV4
P120205780,BIPD,12/22/2012 0:00,0113,9330,NE HIGH SCHOOL RD,122363800,23666100,T
P120203493,BIPD,12/18/2012 0:00,0947,599,HARBORVIEW DR SE,122599000,23135000,WATERR
P120203697,BIPD,12/18/2012 0:00,1521,,NE BUCKLIN HILL RD / LYNWOOD CENTER RD NE,121827747,23137013,T
P120203764,BIPD,12/18/2012 0:00,1720,6040,NE MARSHALL RD,121259413,23204127,SFR
P120204016,BIPD,12/19/2012 0:00,0747,9057,SPORTSMAN CLUB RD NE,122287608,24008226,MISC3
P120206348,BIPD,12/23/2012 0:00,0309,,NORTH MADISON AVE NE / NE WINDSONG LOOP,122459048,24766595,T
P120206361,BIPD,12/23/2012 0:00,0405,,"XY(121374458,25799392)",121374458,25799392,CELL
P120204013,BIPD,12/19/2012 0:00,0741,8681,MADISON AVE N,122440054,23812877,PC4
P120204260,BIPD,12/19/2012 0:00,1427,,"XY(121261079,23490565)",121261079,23490565,CELL
P120204291,BIPD,12/19/2012 0:00,1524,225,NE HIGH SCHOOL RD,122373600,23636900,WC3
P120206717,BIPD,12/23/2012 0:00,2341,10065,NE ROBERTS RD,122614299,24831632,ALRA
P120204310,BIPD,12/19/2012 0:00,1558,13522,SUNRISE DR NE,122843600,25448000,FOUND4
P120204387,BIPD,12/19/2012 0:00,1824,,NE HIGH SCHOOL RD / HORIZON VIEW PL NW,122310438,23631740,CELL
P120207396,BIPD,12/25/2012 0:00,1251,6787,NE WILD ROSE LN,121539950,22536000,WC911
P120204609,BIPD,12/20/2012 0:00,0925,1048,BLUE HERON AVE NE,122496450,23562550,THEFT4
P120204734,BIPD,12/20/2012 0:00,1316,,NE BAKER HILL RD / CRYSTAL SPRINGS DR NE,121104356,22723615,RECKL3
P120204788,BIPD,12/20/2012 0:00,1439,9330,NE HIGH SCHOOL RD,122363800,23666100,FU
P120205093,BIPD,12/20/2012 0:00,2358,7666,NE HIGH SCHOOL RD,121802600,23667700,FI
P120205113,BIPD,12/21/2012 0:00,0040,19559,VIKING AVE NW,119121600,27552600,ASSIS3
P120205223,BIPD,12/21/2012 0:00,0840,,NE BUCKLIN HILL RD / NE EAGLE HARBOR DR,121966131,23304962,TRAFF3
P120205276,BIPD,12/21/2012 0:00,1020,,NE HIDDEN COVE RD / STATE HWY 305 NE,121741136,25661125,PC3
P120205252,BIPD,12/21/2012 0:00,0935,10255,NE VALLEY RD,122674600,24698700,TRANS
P120205363,BIPD,12/21/2012 0:00,1249,,PHELPS RD NE / VISTA DR NE,122146304,25231965,CELL
P120202345,BIPD,12/16/2012 0:00,0329,249,PARFITT WAY SW,122379625,23163713,PC4
P120199563,BIPD,12/11/2012 0:00,1441,499,OLYMPIC DR SE,122674000,23182900,THEFT4
P120199644,BIPD,12/11/2012 0:00,1645,,"XY(122212470,23388350)",122212470,23388350,CELL
P120199845,BIPD,12/12/2012 0:00,0139,,NE FOSTER RD / HANSEN RD NE,121047595,23877770,PROWL3
P120196072,BIPD,12/5/2012 0:00,1055,,MADISON AVE N / WINSLOW WAY E,122427660,23249390,T
P120196347,BIPD,12/5/2012 0:00,1912,16555,AGATE POINT RD NE,121794700,26486550,ASSIS3
P120205427,BIPD,12/21/2012 0:00,1415,801,PARK AVE NE,123014850,23473200,INFOP4
P120205565,BIPD,12/21/2012 0:00,1714,499,OLYMPIC DR SE,122674000,23182900,VEHFI
P120205595,BIPD,12/21/2012 0:00,1814,8263,NE CARMELLA LN,121977900,23520850,SUICIB
P120205708,BIPD,12/21/2012 0:00,2244,,CAPSTAN DR NE / HIGH SCHOOL RD NW,122210812,23655945,T
P120203246,BIPD,12/17/2012 0:00,1930,8139,NE BECK RD,121883150,22322850,FU
P120205878,BIPD,12/22/2012 0:00,0912,3150,CRYSTAL SPRINGS DR NE,121184400,22093150,FU
P120136369,BIPD,8/22/2012 0:00,0937,9805,NE MURDEN COVE DR,122550350,24367500,WC4
P120132914,BIPD,8/16/2012 0:00,1148,9330,NE HIGH SCHOOL RD,122363800,23666100,THEFT4
P120133123,BIPD,8/16/2012 0:00,1737,,MILLER RD NE / NE TOLO RD,121433990,24330529,T
P120133183,BIPD,8/16/2012 0:00,1918,,NE HIDDEN COVE RD / HIDDEN HEIGHTS LN NE,121863923,25645739,TRAFF3
P120136924,BIPD,8/23/2012 0:00,0816,8903,NE KOURA RD,122231850,24668300,CIVIL4
P120202843,BIPD,12/17/2012 0:00,0759,5416,NE FLETCHER LNDG,121067300,23942100,NAVIG3
P120202864,BIPD,12/17/2012 0:00,0835,5416,NE FLETCHER LNDG,121067300,23942100,FU
P120200388,BIPD,12/13/2012 0:00,0313,145,PARFITT WAY SW,122411937,23162801,PC4
P120200507,BIPD,12/13/2012 0:00,1038,,NE BUSINESS PARK LN / SPORTSMAN CLUB RD NE,122322118,24094785,T
P120201068,BIPD,12/14/2012 0:00,1024,9257,SPORTSMAN CLUB RD NE,122327909,24109416,PC4
P120203432,BIPD,12/18/2012 0:00,0755,12615,NORTH MADISON AVE NE,122467698,25176767,PC4
P120205994,BIPD,12/22/2012 0:00,1358,,"XY(121079600,24707095)",121079600,24707095,CELL
P120209229,BIPD,12/29/2012 0:00,1021,19505,7TH AVE NE,119596200,27504400,FU
P120209454,BIPD,12/29/2012 0:00,1741,499,OLYMPIC DR SE,122674000,23182900,WC911
P120206124,BIPD,12/22/2012 0:00,1757,,FLETCHER BAY RD NE / LYNWOOD CENTER RD NE,121758601,23062387,T
P120206213,BIPD,12/22/2012 0:00,2134,14981,SANDY HOOK RD NE,120915550,26006000,ASSIS3
P120206407,BIPD,12/23/2012 0:00,0945,5402,DIAMOND PL NE,121642650,22866700,FU
P120203429,BIPD,12/18/2012 0:00,0753,8939,SPORTSMAN CLUB RD NE,122268323,23964378,PC4
P120201112,BIPD,12/14/2012 0:00,1150,,"XY(122706692,23141823)",122706692,23141823,CELL
P120201142,BIPD,12/14/2012 0:00,1249,170,HARBOR SQUARE LOOP NE,122631728,23272775,WC4
P120201254,BIPD,12/14/2012 0:00,1506,15347,SUQUAMISH WAY NE,121270800,26509200,DUI3
P120201248,BIPD,12/14/2012 0:00,1503,380,ERICKSEN AVE NE,122527559,23339680,DUI3
P120201349,BIPD,12/14/2012 0:00,1742,,NE HIGH SCHOOL RD / HILDEBRAND LN NE,122467167,23636690,CELL
P120206494,BIPD,12/23/2012 0:00,1444,9090,NE DAY RD E,122297900,25258450,DV2
P120206713,BIPD,12/23/2012 0:00,2329,,NE DAY RD E / STATE HWY 305 NE,122023402,25247379,T
P120206925,BIPD,12/24/2012 0:00,1227,308,HENSHAW WAY NE,122445484,23292023,PC4
P120207147,BIPD,12/24/2012 0:00,2047,,STATE HWY 305 NE / WINSLOW WAY E,122597069,23245490,DUI3
P120207516,BIPD,12/25/2012 0:00,1911,907,CARVER ST,118435000,20790500,MEDIA
P120207727,BIPD,12/26/2012 0:00,0957,15122,NE ANNA VERA LN,122034550,25967200,FU
P120204374,BIPD,12/19/2012 0:00,1758,11721,PETERSON HILL RD NE,121650350,24887100,ALRA
P120204343,BIPD,12/19/2012 0:00,1712,6531,NE BUCKSKIN LN,121407700,22406150,FU
P120201423,BIPD,12/14/2012 0:00,1940,147,MADISON AVE N,122428174,23269642,VEHIT4
P120201748,BIPD,12/15/2012 0:00,0003,,BLAKELY AVE NE / NE MABREY LN,122006479,22647954,T
P120201781,BIPD,12/15/2012 0:00,0025,,NE COUNTRY CLUB RD / FORT WARD HILL RD NE,122444940,22146864,T
P120201843,BIPD,12/15/2012 0:00,0152,,NORTH MADISON AVE NE / NE WINTHERS RD,122463342,24967499,T
P120137049,BIPD,8/23/2012 0:00,1213,,NE HIGH SCHOOL RD / HORIZON VIEW PL NW,122314854,23640764,CELL
P120137172,BIPD,8/23/2012 0:00,1523,,ERICKSEN AVE NE / MADRONE LN N,122485723,23250998,CELL
P120137173,BIPD,8/23/2012 0:00,1523,2154,SOUNDVIEW DR NE,122367300,21716950,FRAUD4
P120141280,BIPD,8/30/2012 0:00,0842,253,HIGH SCHOOL RD NE,122470100,23646300,T
P120137528,BIPD,8/24/2012 0:00,0511,231,WINSLOW WAY E,122463600,23240400,ALRB
P120207999,BIPD,12/26/2012 0:00,2037,,FERNCLIFF AVE NE / WINSLOW WAY E,122689699,23243385,T
P120208007,BIPD,12/26/2012 0:00,2117,,NE HIGH SCHOOL RD / SPORTSMAN CLUB RD NE,122100813,23659652,T
P120208126,BIPD,12/27/2012 0:00,0729,,NE DAY RD E / STATE HWY 305 NE,122023402,25247379,T
P120208258,BIPD,12/27/2012 0:00,1311,3221,PLEASANT BEACH DR NE,122070500,22089150,WC911
P120210444,BIPD,12/31/2012 0:00,1712,8555,MADISON AVE N,122413300,23788700,RECKL3
P120208483,BIPD,12/27/2012 0:00,2120,,SPORTSMAN CLUB RD NE / STATE HWY 305 NE,122395136,24298387,DUI3
P120142061,BIPD,8/31/2012 0:00,1325,7727,SE SOUTHWORTH DR,121680750,19739650,ADRIFT
P120142111,BIPD,8/31/2012 0:00,1437,,NE KOURA RD / MEADOWMEER CIR NE,121979178,24721060,T
P120137705,BIPD,8/24/2012 0:00,1236,599,HARBORVIEW DR SE,122599000,23135000,T
P120137755,BIPD,8/24/2012 0:00,1357,16285,STATE HWY 305 NE,120963750,26314350,RECKL3
P120137811,BIPD,8/24/2012 0:00,1534,5834,WARD AVE NE,122596400,22917100,BOATT3
P120138024,BIPD,8/24/2012 0:00,2020,,SPORTSMAN CLUB RD NE / STATE HWY 305 NE,122395136,24298387,DUI3
P120201915,BIPD,12/15/2012 0:00,0627,,STATE HWY 305 NE / WINSLOW WAY E,122597069,23245490,T
P120204725,BIPD,12/20/2012 0:00,1304,,NE HIGH SCHOOL RD / SPORTSMAN CLUB RD NE,122100813,23659652,RECKL3
P120201972,BIPD,12/15/2012 0:00,1031,,SPORTSMAN CLUB RD NE / STATE HWY 305 NE,122395136,24298387,T
P120202147,BIPD,12/15/2012 0:00,1740,,NE BERGMAN RD / MILLER RD NE,121830015,25125082,MVC4
P120202383,BIPD,12/16/2012 0:00,0818,10916,NORTH MADISON AVE NE,122456091,24614138,MISC3
P120202481,BIPD,12/16/2012 0:00,1249,,MADISON AVE N / STATE HWY 305 NE,122472543,23963078,T
P120208631,BIPD,12/28/2012 0:00,0722,,MADISON AVE N / STATE HWY 305 NE,122472543,23963078,TRAFF3
P120208689,BIPD,12/28/2012 0:00,1006,,MADISON AVE N / STATE HWY 305 NE,122472543,23963078,T
P120208863,BIPD,12/28/2012 0:00,1509,6018,NE BLIGH CT,121291150,23979050,CIVIL4
P120205804,BIPD,12/22/2012 0:00,0236,625,WINSLOW WAY E,122607400,23236100,BLSP
P120209225,BIPD,12/29/2012 0:00,1013,499,OLYMPIC DR SE,122674000,23182900,UNKNO2
P120209473,BIPD,12/29/2012 0:00,1821,907,CARVER ST,118435000,20790500,MEDIA
P120202483,BIPD,12/16/2012 0:00,1257,,HIGH SCHOOL RD NE / STATE HWY 305 NE,122571082,23644469,T
P120205101,BIPD,12/21/2012 0:00,0018,7796,NE WEST PORT MADISON RD,121901150,26046200,ALRA
P120202822,BIPD,12/17/2012 0:00,0711,,NE HIGH SCHOOL RD / MADISON AVE N,122434245,23650717,T
P120200108,BIPD,12/12/2012 0:00,1522,10596,NE SOUTH BEACH DR,122674400,21421100,NAVIG4
P120200185,BIPD,12/12/2012 0:00,1710,,REITAN RD NE / STATE HWY 305 NE,121437974,26434991,TRAFF3
P120200313,BIPD,12/12/2012 0:00,2201,,"XY(122406144,23484425)",122406144,23484425,CELL
P120209497,BIPD,12/29/2012 0:00,1935,,SKOGEN LN NE / NE WEST PORT MADISON RD,122027739,26104242,TRAFF3
P120209567,BIPD,12/29/2012 0:00,2155,889,CHERRY AVE NE,122948050,23530650,UNKNO3
P120209595,BIPD,12/29/2012 0:00,2257,1115,ALEXANDER PL,122786550,23580000,THREA3
P120209611,BIPD,12/29/2012 0:00,2321,,STATE HWY 305 NE / VINEYARD LN,122559210,23438563,TRAFF3
P120209626,BIPD,12/29/2012 0:00,2350,7432,NE ABIES DR,121753600,24793900,FIREW4
P120209746,BIPD,12/30/2012 0:00,0852,858,CURTIS LOOP NE,122663428,23414534,THEFT4
P120200323,BIPD,12/12/2012 0:00,2224,256,GIDEON LN NW,122368014,23413426,PC4
P120203019,BIPD,12/17/2012 0:00,1301,625,WINSLOW WAY E,122607400,23236100,MISSI4
P120205695,BIPD,12/21/2012 0:00,2230,253,HIGH SCHOOL RD NE,122470100,23646300,LIQUO3
P120203334,BIPD,12/17/2012 0:00,2354,245,NE HIGH SCHOOL RD,122404050,23635100,BLS
P120203548,BIPD,12/18/2012 0:00,1110,4190,LYTLE RD NE,121922550,22447350,FU
P120142652,BIPD,9/1/2012 0:00,1309,406,HIGH SCHOOL RD NE,122537800,23644900,SUSPI3
P120138449,BIPD,8/25/2012 0:00,1256,235,SHANNON DR SE,122465236,23184075,DV2
P120138446,BIPD,8/25/2012 0:00,1243,,MADISON AVE N / STATE HWY 305 NE,122472543,23963078,MVC3
P120142924,BIPD,9/1/2012 0:00,2257,,STATE HWY 305 NE / NE WEST PORT MADISON RD,121590699,26041540,T
P120138586,BIPD,8/25/2012 0:00,1808,499,OLYMPIC DR SE,122674000,23182900,MISC4
P120138637,BIPD,8/25/2012 0:00,1953,9500-BLK,SPORTSMAN CLUB RD NE,122353861,24174910,T
P120203911,BIPD,12/18/2012 0:00,2252,1249,CHERRY AVE NE,122858750,23656250,BURGL1
P120203991,BIPD,12/19/2012 0:00,0642,4190,LYTLE RD NE,121922550,22447350,FU
P120206406,BIPD,12/23/2012 0:00,0944,6499,WING POINT RD NE,123064950,23137750,OPEN3
P120204220,BIPD,12/19/2012 0:00,1306,7873,NE DAY RD W,121902639,25251576,WC911
P120206566,BIPD,12/23/2012 0:00,1725,907,CARVER ST,118435000,20790500,MEDIA
P120206746,BIPD,12/24/2012 0:00,0048,773,HIGH SCHOOL RD NE,122659626,23642545,TRANS
P120204273,BIPD,12/19/2012 0:00,1459,9125,SPORTSMAN CLUB RD NE,122290100,24108100,FU
P120204414,BIPD,12/19/2012 0:00,1937,,"XY(122406144,23484425)",122406144,23484425,CELL
P120204575,BIPD,12/20/2012 0:00,0830,,WEAVER RD NW / WYATT WAY NW,122167956,23391345,MVCG
P120204607,BIPD,12/20/2012 0:00,0924,,NE NEW BROOKLYN RD / SPORTSMAN CLUB RD NE,122235375,23919324,T
P120204637,BIPD,12/20/2012 0:00,1020,5949,ROSE LOOP NE,122391450,22981050,WC911
P120204652,BIPD,12/20/2012 0:00,1056,11201,SUNRISE DR NE,122722500,24697800,FOUND4
P120209759,BIPD,12/30/2012 0:00,0957,,MCDONALD AVE NE / NE OLD MILL RD,122281102,22614125,MVC3
P120210079,BIPD,12/31/2012 0:00,0033,,NE BAKER HILL RD / BLAKELY AVE NE,122016317,22599490,T
P120210133,BIPD,12/31/2012 0:00,0453,,"XY(122394227,23616763)",122394227,23616763,CELL
P120210233,BIPD,12/31/2012 0:00,1052,10110,NE WINTHERS RD,122632671,24962475,SUSPI4
P120210330,BIPD,12/31/2012 0:00,1338,,NE DAY RD E / STATE HWY 305 NE,122023402,25247379,DUI3
P120210310,BIPD,12/31/2012 0:00,1300,186,WYATT WAY NW,122405200,23396700,FU
P120204754,BIPD,12/20/2012 0:00,1357,6910,NE DAY RD W,121581714,25259196,ANIMA3
P120204790,BIPD,12/20/2012 0:00,1440,350,GROW AVE NW,122340100,23334950,WC4
P120204826,BIPD,12/20/2012 0:00,1519,,NE HIGH SCHOOL RD / MADISON AVE N,122433634,23644002,T
P120204942,BIPD,12/20/2012 0:00,1800,,NE DAY RD E / NE YETI LN,122025071,25272959,CELL
P120204996,BIPD,12/20/2012 0:00,1926,,FERNCLIFF AVE NE / HIGH SCHOOL RD NE,122700327,23641703,DUI3
P120205069,BIPD,12/20/2012 0:00,2254,,STATE HWY 305 NE / WINSLOW WAY E,122597069,23245490,T
P120138704,BIPD,8/25/2012 0:00,2136,15576,WASHINGTON AVE NE,122424400,26166250,PROWL3
P120144214,BIPD,9/4/2012 0:00,0959,14175,HENDERSON RD NE,121475650,25713200,ANIMA4
P120144308,BIPD,9/4/2012 0:00,1205,280,MADISON AVE N,122441700,23299100,ASSIS3
P120144391,BIPD,9/4/2012 0:00,1356,8263,NE CARMELLA LN,121977900,23520850,FU
P120139514,BIPD,8/27/2012 0:00,1052,625,WINSLOW WAY E,122607400,23236100,WRT4
P120205137,BIPD,12/21/2012 0:00,0154,930,MADISON AVE N,122447750,23567000,SUSPI3
P120205238,BIPD,12/21/2012 0:00,0912,1808,EAGLE HARBOR LN NE,122137577,23143886,FRAUD4
P120205271,BIPD,12/21/2012 0:00,1008,,NE NEW BROOKLYN RD / SPORTSMAN CLUB RD NE,122235375,23919324,T
P120209078,BIPD,12/28/2012 0:00,2302,,NE BAKER HILL RD / LYNWOOD CENTER RD NE,121772402,22605337,FI
P120205399,BIPD,12/21/2012 0:00,1337,332,LOVELL AVE SW,122306450,23180850,ANIMA3
P120202960,BIPD,12/17/2012 0:00,1142,15700,POINT MONROE DR NE,122729700,26301300,FI
P120210564,BIPD,12/31/2012 0:00,2024,,"XY(122322012,23821574)",122322012,23821574,CELL
P120208998,BIPD,12/28/2012 0:00,1944,907,CARVER ST,118435000,20790500,MEDIA
P120209031,BIPD,12/28/2012 0:00,2059,,NE BUCKSKIN LN / RODEO LN NE,121348927,22414498,SUSPI3
P120209073,BIPD,12/28/2012 0:00,2244,,MILLER RD NE / NE TOLO RD,121433990,24330529,T
P120209104,BIPD,12/28/2012 0:00,2350,,NE BUSINESS PARK LN / SPORTSMAN CLUB RD NE,122322118,24094785,T
P120209082,BIPD,12/28/2012 0:00,2305,541,HOMESTEAD LN,122473100,23418200,VEHIT4
P120209279,BIPD,12/29/2012 0:00,1200,4479,BLAKELY AVE NE,122026750,22495650,TRAFF3
P120205933,BIPD,12/22/2012 0:00,1138,,COSGROVE ST NW / WYATT WAY NW,122209928,23389986,MALIC4
P120209447,BIPD,12/29/2012 0:00,1732,,FLETCHER BAY RD NE / NE HIGH SCHOOL RD,121498530,23670902,T
P120205936,BIPD,12/22/2012 0:00,1147,320,HYAK PL NE,122642400,23321350,WC911
P120209523,BIPD,12/29/2012 0:00,2027,301,HIGH SCHOOL RD NE,122491500,23645900,FI
P120209587,BIPD,12/29/2012 0:00,2242,,NE DAY RD E / STATE HWY 305 NE,122023402,25247379,T
P120144692,BIPD,9/4/2012 0:00,2256,,BLAKELY AVE NE / NE COUNTRY CLUB RD,122421503,22250629,T
P120139488,BIPD,8/27/2012 0:00,1014,,HIGH SCHOOL RD NE / HILDEBRAND LN NE,122535496,23644973,PC3
P120139845,BIPD,8/27/2012 0:00,1944,,HIGH SCHOOL RD NE / STATE HWY 305 NE,122571082,23644469,T
P120144958,BIPD,9/5/2012 0:00,1217,499,OLYMPIC DR SE,122674000,23182900,ASSIS4
P120145147,BIPD,9/5/2012 0:00,1727,,NE HIGH SCHOOL RD / HORIZON VIEW PL NW,122310438,23631740,CELL
P120145152,BIPD,9/5/2012 0:00,1738,403,MADISON AVE N,122430200,23357500,T
P120205951,BIPD,12/22/2012 0:00,1226,,PHELPS RD NE / NE YETI LN,122046708,25325538,T
P120206055,BIPD,12/22/2012 0:00,1605,11299,ARROW POINT DR NE,121068800,24696200,ALRA
P120206421,BIPD,12/23/2012 0:00,1059,,SUNRISE DR NE / NE VALLEY RD,122722526,24697639,T
P120206840,BIPD,12/24/2012 0:00,0927,,FINCH RD NE / SPORTSMAN CLUB RD NE,122065485,23658671,CELL
P120206865,BIPD,12/24/2012 0:00,1020,,NE BERGMAN RD / MANZANITA LN NE,121674631,24969172,CELL
P120206943,BIPD,12/24/2012 0:00,1305,,NE BARKENTINE RD / BLAKELY HILL RD NE,122606264,22417791,SUSPI3
P120136711,BIPD,8/22/2012 0:00,2004,170,HARBOR SQUARE LOOP NE,122631728,23272775,SUICI3
P120140733,BIPD,8/29/2012 0:00,0943,9805,NE MURDEN COVE DR,122550350,24367500,WC3
P120140802,BIPD,8/29/2012 0:00,1143,625,WINSLOW WAY E,122607400,23236100,DV4
P120145557,BIPD,9/6/2012 0:00,1134,380,WINSLOW WAY E,122507500,23253200,WC911
P120146014,BIPD,9/7/2012 0:00,0402,625,WINSLOW WAY E,122607400,23236100,WRT3
P120207311,BIPD,12/25/2012 0:00,0809,907,CARVER ST,118435000,20790500,MEDIA
P120207532,BIPD,12/25/2012 0:00,1955,625,ALDER AVE NE,122990034,23402091,MVC4
P120207834,BIPD,12/26/2012 0:00,1342,1139,HILDEBRAND LN NE,122534582,23605564,MISC3
P120207907,BIPD,12/26/2012 0:00,1609,9191,MORAN RD NE,122430700,24060450,FU
P120208132,BIPD,12/27/2012 0:00,0803,,NE BUSINESS PARK LN / SPORTSMAN CLUB RD NE,122322118,24094785,T
P120208284,BIPD,12/27/2012 0:00,1406,881,ERICKSEN AVE NE,122532241,23506308,FOUND4
P120140960,BIPD,8/29/2012 0:00,1608,8611,NE BELLE HILL LN,122149890,24219511,CIVIL4
P120146131,BIPD,9/7/2012 0:00,1016,,MADISON AVE N / STATE HWY 305 NE,122472543,23963078,TRAFF3
P120141546,BIPD,8/30/2012 0:00,1638,,MADISON AVE N / STATE HWY 305 NE,122472543,23963078,UNKNO3
P120146696,BIPD,9/8/2012 0:00,0350,3520,POINT WHITE DR NE,121432800,22210950,ALRA
P120141653,BIPD,8/30/2012 0:00,2019,13581,MANZANITA RD NE,121407200,25504550,ADRIFT
P120142123,BIPD,8/31/2012 0:00,1451,,HIGH SCHOOL RD NE / STATE HWY 305 NE,122571082,23644469,RECKL3
P120208350,BIPD,12/27/2012 0:00,1615,7003,NE DOLPHIN DR,121598143,26277694,BURGL4
P120210699,BIPD,12/31/2012 0:00,2247,4461,PLEASANT BEACH DR NE,121765200,22465950,FIREW4
P120208353,BIPD,12/27/2012 0:00,1623,9200,HEMLOCK AVE NE,122528500,24055200,FU
P120208360,BIPD,12/27/2012 0:00,1631,7003,NE DOLPHIN DR,121598143,26277694,BURGL4
P120208600,BIPD,12/28/2012 0:00,0213,8895,MADISON AVE N,122433700,23949200,ALSP
P120208695,BIPD,12/28/2012 0:00,1015,5479,NEW SWEDEN AVE NE,122526450,22831750,CPR
P120142287,BIPD,8/31/2012 0:00,1937,379,COSGROVE ST NW,122209250,23336150,DUI3
P120142425,BIPD,9/1/2012 0:00,0050,,OLYMPIC DR SE / WINSLOW WAY E,122597069,23245490,T
P120142473,BIPD,9/1/2012 0:00,0315,9365,NE ERIC AVE,122384900,25070200,WC911
P120142781,BIPD,9/1/2012 0:00,1825,1000,WEAVER RD NW,122187600,23568300,RECKL3
P120142841,BIPD,9/1/2012 0:00,2016,253,HIGH SCHOOL RD NE,122470100,23646300,RECKL3
P120143249,BIPD,9/2/2012 0:00,1532,15446,SUNRISE DR NE,122763600,26092300,MALIC3
P120208816,BIPD,12/28/2012 0:00,1357,,JACOLET LN NW / KNECHTEL WAY NE,122427379,23438352,UNKNO3
P120209187,BIPD,12/29/2012 0:00,0639,,STATE HWY 305 NE / WINSLOW WAY E,122597069,23245490,FI
P120209259,BIPD,12/29/2012 0:00,1117,138,HARBOR SQUARE LOOP NE,122650091,23259167,DV3
P120205460,BIPD,12/21/2012 0:00,1503,299,SHANNON DR SE,122508700,23164500,NAVIG3
P120205646,BIPD,12/21/2012 0:00,2007,6185,HARBORCREST DR NE,122105800,23040350,GUNVI3
P120209536,BIPD,12/29/2012 0:00,2049,,NE SUMANEE PL / TEEM LOOP RD NE,122012561,25516693,FI
P120143536,BIPD,9/3/2012 0:00,0140,253,HIGH SCHOOL RD NE,122470100,23646300,FU
P120143634,BIPD,9/3/2012 0:00,1000,10900,NORTH MADISON AVE NE,122456002,24609075,T
P120144067,BIPD,9/4/2012 0:00,0057,499,OLYMPIC DR SE,122674000,23182900,ASSIS3
P120144727,BIPD,9/5/2012 0:00,0049,,NE DAY RD E / STATE HWY 305 NE,122023402,25247379,T
P120148319,BIPD,9/11/2012 0:00,0746,14222,KOMEDAL RD NE,121557503,25722950,WRT3
P120209728,BIPD,12/30/2012 0:00,0547,,NE DAY RD W / MILLER RD NE,121978357,25249210,FI
P120209899,BIPD,12/30/2012 0:00,1624,,NE BAY HILL RD / MILLER RD NE,121653804,24856831,ALRA
P120210197,BIPD,12/31/2012 0:00,0943,196,STATE HWY 305 NE,122597351,23277347,MISC4
P120210231,BIPD,12/31/2012 0:00,1049,625,WINSLOW WAY E,122607400,23236100,THEFT4
P120210267,BIPD,12/31/2012 0:00,1154,16158,STATE HWY 305 NE,120757550,26325950,ASSIS3
P120210297,BIPD,12/31/2012 0:00,1240,280,MADISON AVE N,122441700,23299100,PC3
P120210397,BIPD,12/31/2012 0:00,1534,10770,NORTH MADISON AVE NE,122478100,24546950,FU
P120210396,BIPD,12/31/2012 0:00,1534,10770,NORTH MADISON AVE NE,122478100,24546950,FU
P120210454,BIPD,12/31/2012 0:00,1730,,HIGH SCHOOL RD NE / POLLYS LN NE,122632397,23643334,T
P120210457,BIPD,12/31/2012 0:00,1739,253,HIGH SCHOOL RD NE,122470100,23646300,T
P120210487,BIPD,12/31/2012 0:00,1832,650,ERICKSEN AVE NE,122539100,23426350,CIVIL4
P120210531,BIPD,12/31/2012 0:00,1945,,BIRKLAND RD NE / WEST BLAKELY RD NE,122064347,22362730,CELL
P120148377,BIPD,9/11/2012 0:00,0942,,GROW AVE NW / NE HIGH SCHOOL RD,122337828,23651155,T
P120148398,BIPD,9/11/2012 0:00,1019,,NE KOURA RD / STATE HWY 305 NE,122310217,24709702,TRAFF3
P120144848,BIPD,9/5/2012 0:00,0835,,SPORTSMAN CLUB RD NE / STATE HWY 305 NE,122395136,24298387,T
P120145198,BIPD,9/5/2012 0:00,1905,5226,TAYLOR AVE NE,122685900,22736950,VERBA3
P120140530,BIPD,8/28/2012 0:00,2221,8000,NE HIDDEN COVE RD,121964048,25733544,FI
P120140536,BIPD,8/28/2012 0:00,2237,,NE DAY RD E / NORTH MADISON AVE NE,122468811,25230896,FI
P120210665,BIPD,12/31/2012 0:00,2212,11200,SKINNER RD NE,120886000,24737350,SUSPI4
P120209326,BIPD,12/29/2012 0:00,1354,10013,NE SOUTH BEACH DR,122466050,21407100,SUSPI4
P120140676,BIPD,8/29/2012 0:00,0750,,NE HIGH SCHOOL RD / MADISON AVE N,122440036,23644447,T
P120140692,BIPD,8/29/2012 0:00,0827,,NE JUSTIN CT / MILLER RD NE,121500047,24497860,FI
P120145402,BIPD,9/6/2012 0:00,0624,710,JOHN NELSON LN NE,122594500,23462400,ALRA
P120149963,BIPD,9/13/2012 0:00,2018,8242,NE BLAKELY HEIGHTS CT,121931700,22586400,DV3
P120145417,BIPD,9/6/2012 0:00,0712,,SPORTSMAN CLUB RD NE / STATE HWY 305 NE,122395136,24298387,T
P120150101,BIPD,9/14/2012 0:00,0234,499,OLYMPIC DR SE,122674000,23182900,GUNVI1
P120150163,BIPD,9/14/2012 0:00,0729,9125,SPORTSMAN CLUB RD NE,122290100,24108100,T
P120150173,BIPD,9/14/2012 0:00,0759,400,HARBORVIEW DR SE,122621100,23168300,T
P120146025,BIPD,9/7/2012 0:00,0606,,BLAKELY AVE NE / NE OLD MILL RD,121925739,23093499,TRAFF4
P120150567,BIPD,9/14/2012 0:00,1805,,GROW AVE NW / NE HIGH SCHOOL RD,122337828,23651155,T
P120146626,BIPD,9/8/2012 0:00,0012,,BJUNE DR SE / SHANNON DR SE,122470988,23209576,T
P120146799,BIPD,9/8/2012 0:00,1105,,MADISON AVE N / WINSLOW WAY E,122427660,23249390,FI
P120146828,BIPD,9/8/2012 0:00,1150,9330,NE HIGH SCHOOL RD,122363800,23666100,THEFT4
P120146915,BIPD,9/8/2012 0:00,1442,835,MADISON AVE N,122415100,23498500,WC911
P120151509,BIPD,9/16/2012 0:00,0806,11216,NE WING POINT DR,122988750,23259550,PC4
P120146953,BIPD,9/8/2012 0:00,1601,13909,ELLINGSEN RD NE,122339807,25650198,WC3
P120147000,BIPD,9/8/2012 0:00,1716,,KOMEDAL RD NE / NE SEABOLD CHURCH RD,121561804,25911494,T
P120152076,BIPD,9/17/2012 0:00,1103,15006,KOMEDAL RD NE,121582700,25968850,FU
P120147166,BIPD,9/8/2012 0:00,2250,829,HIGH SCHOOL RD NE,122672300,23642200,VERBA3
P120147266,BIPD,9/9/2012 0:00,0304,403,MADISON AVE N,122430200,23357500,NARCO4
P120152489,BIPD,9/17/2012 0:00,2221,,SORREL WAY NE / NE WHITMORE WAY,121207225,22417602,ALRA
P120152546,BIPD,9/18/2012 0:00,0245,16001,SUQUAMISH WAY NE,121276200,26606100,ASSIS3
P120147371,BIPD,9/9/2012 0:00,1101,1928,NE DINGLEY RD,123053450,23492600,ASSIS4
P120147562,BIPD,9/9/2012 0:00,1825,907,CARVER ST,118435000,20790500,MEDIA
P120147833,BIPD,9/10/2012 0:00,1030,8890,MILLER RD NE,121326700,24066800,FU
P120153008,BIPD,9/18/2012 0:00,2045,907,CARVER ST,118435000,20790500,MEDIA
P120153150,BIPD,9/19/2012 0:00,0754,,NE NEW BROOKLYN RD / SPORTSMAN CLUB RD NE,122235375,23919324,MVC4
P120148045,BIPD,9/10/2012 0:00,1611,803,NE KLICKITAT PL,122670550,23489750,FU
P120153277,BIPD,9/19/2012 0:00,1220,550,MADISON AVE N,122431200,23400600,INFOP3
P120153283,BIPD,9/19/2012 0:00,1225,,NE HIGH SCHOOL RD / HORIZON VIEW PL NW,122310438,23631740,CELL
P120148082,BIPD,9/10/2012 0:00,1722,,"XY(121261506,23486541)",121261506,23486541,CELL
P120148715,BIPD,9/11/2012 0:00,1833,,AGATEWOOD RD NE / STATE HWY 305 NE,121562025,26138320,WC3
P120153422,BIPD,9/19/2012 0:00,1609,8710,GRAND AVE NE,122733150,23882300,SUSPI3
P120153553,BIPD,9/19/2012 0:00,2005,301,HIGH SCHOOL RD NE,122491500,23645900,FOUND4
P120153742,BIPD,9/20/2012 0:00,0605,1800,NE LINCOLN RD,119922900,27498200,ASSIS3
P120148770,BIPD,9/11/2012 0:00,2014,,STATE HWY 305 NE / WINSLOW WAY E,122597069,23245490,T
P120149066,BIPD,9/12/2012 0:00,1223,8355,MEDWAY LN NE,122051050,24733500,PC4
P120154022,BIPD,9/20/2012 0:00,1454,5500,BATTLE POINT DR NE,121350296,24126979,MALIC4
P120149660,BIPD,9/13/2012 0:00,1155,,SPORTSMAN CLUB RD NE / STATE HWY 305 NE,122395136,24298387,WCA
P120149754,BIPD,9/13/2012 0:00,1437,14730,SUNRISE DR NE,122779950,25886900,FU
P120145270,BIPD,9/5/2012 0:00,2130,,NW STATE HWY 308 / VIKING WAY NW,119065684,26233773,T
P120154248,BIPD,9/20/2012 0:00,2233,,IHLAND WAY NE / MADISON AVE N,122435017,23579543,T
P120150040,BIPD,9/13/2012 0:00,2309,,NE HIDDEN COVE RD / STATE HWY 305 NE,121741136,25661125,T
P120150248,BIPD,9/14/2012 0:00,0949,625,WINSLOW WAY E,122607400,23236100,MALIC4
P120150865,BIPD,9/15/2012 0:00,0610,,"XY(121334016,23745052)",121334016,23745052,CELL
P120150874,BIPD,9/15/2012 0:00,0700,,HIGH SCHOOL RD NE / STATE HWY 305 NE,122571082,23644469,TRAFF3
P120150990,BIPD,9/15/2012 0:00,1202,920,HILDEBRAND LN NE,122546100,23567800,BLSP
P120154970,BIPD,9/22/2012 0:00,0553,625,WINSLOW WAY E,122607400,23236100,WRT3
P120155072,BIPD,9/22/2012 0:00,1153,,NE BAKER HILL RD / LYNWOOD CENTER RD NE,121772402,22605337,MVCG
P120151122,BIPD,9/15/2012 0:00,1600,,NE DAY RD W / MILLER RD NE,121978357,25249210,T
P120151865,BIPD,9/16/2012 0:00,2038,1000,WEAVER RD NW,122187600,23568300,FI
P120155300,BIPD,9/22/2012 0:00,1908,,NORTH MADISON AVE NE / STATE HWY 305 NE,122395136,24298387,RECKL3
P120155321,BIPD,9/22/2012 0:00,2002,,NE EAGLE HARBOR DR / WYATT WAY NW,121975030,23400247,T
P120155340,BIPD,9/22/2012 0:00,2055,,"XY(122315861,23878262)",122315861,23878262,CELL
P120152072,BIPD,9/17/2012 0:00,1057,11954,MILLER RD NE,121740493,24986353,FU
P120152122,BIPD,9/17/2012 0:00,1201,,CAVE AVE NE / KALEETAN PL,122625003,23343000,T
P120152131,BIPD,9/17/2012 0:00,1217,625,WINSLOW WAY E,122607400,23236100,WRT4
P120152552,BIPD,9/18/2012 0:00,0356,499,OLYMPIC DR SE,122674000,23182900,UNKNO3
P120152636,BIPD,9/18/2012 0:00,0941,10700,OLALLIE LN NE,120756300,24669000,SINGLE
P120152952,BIPD,9/18/2012 0:00,1835,,NE DAY RD E / NE YETI LN,122031353,25269536,UNKNO3
P120153216,BIPD,9/19/2012 0:00,1029,550,MADISON AVE N,122431200,23400600,NARCO3
P120153327,BIPD,9/19/2012 0:00,1348,,NE BUCKLIN HILL RD / LYNWOOD CENTER RD NE,121827747,23137013,MVC4
P120156172,BIPD,9/24/2012 0:00,1322,912,ISAAC AVE NE,122705916,23517836,ALRA
P120153347,BIPD,9/19/2012 0:00,1414,343,WINSLOW WAY E,122501900,23247000,MVC3
P120156277,BIPD,9/24/2012 0:00,1608,,GROW AVE NW / WINSLOW WAY W,122330727,23253959,MALIC4
P120153848,BIPD,9/20/2012 0:00,1001,,MADISON AVE N / WYATT WAY NE,122430637,23382031,T
P120156312,BIPD,9/24/2012 0:00,1707,625,WINSLOW WAY E,122607400,23236100,WRT3
P120156341,BIPD,9/24/2012 0:00,1755,,NORTH MADISON AVE NE / NE VALLEY RD,122457917,24703521,FI
P120156344,BIPD,9/24/2012 0:00,1808,5005,NE SETTING SUN LN,120920350,24809250,ANIMA3
P120149891,BIPD,9/13/2012 0:00,1807,,MADISON AVE N / STATE HWY 305 NE,122472543,23963078,SUSPI3
P120156585,BIPD,9/25/2012 0:00,0851,8555,MADISON AVE N,122413300,23788700,FU
P120149933,BIPD,9/13/2012 0:00,1921,,NE DAY RD E / STATE HWY 305 NE,122023402,25247379,DUI3
P120156627,BIPD,9/25/2012 0:00,0946,499,OLYMPIC DR SE,122674000,23182900,SUSPI2
P120154568,BIPD,9/21/2012 0:00,1317,9519,NE LOVGREEN RD E,122404300,24958850,FI
P120154564,BIPD,9/21/2012 0:00,1308,8569,HANSEN RD NE,121047560,23870692,THEFT4
P120154657,BIPD,9/21/2012 0:00,1528,,"XY(122552272,23583747)",122552272,23583747,CELL
P120154770,BIPD,9/21/2012 0:00,1935,907,CARVER ST,118435000,20790500,MEDIA
P120155091,BIPD,9/22/2012 0:00,1247,1250,WEAVER RD NW,122185850,23632050,FI
P120155100,BIPD,9/22/2012 0:00,1305,901,LOVELL AVE NW,122293900,23526150,UNKNOA
P120157572,BIPD,9/26/2012 0:00,1758,,MADISON AVE N / STATE HWY 305 NE,122472543,23963078,DUI3
P120155283,BIPD,9/22/2012 0:00,1821,,NORTH MADISON AVE NE / STATE HWY 305 NE,122395136,24298387,RECKL3
P120155387,BIPD,9/22/2012 0:00,2244,,NE BERGMAN RD / MILLER RD NE,121830015,25125082,T
P120155399,BIPD,9/22/2012 0:00,2307,15347,SUQUAMISH WAY NE,121270800,26509200,ASSIS3
P120158294,BIPD,9/27/2012 0:00,2251,,SPORTSMAN CLUB RD NE / STATE HWY 305 NE,122395136,24298387,T
P120155420,BIPD,9/22/2012 0:00,2352,,HIGH SCHOOL RD NE / STATE HWY 305 NE,122571082,23644469,T
P120155550,BIPD,9/23/2012 0:00,0902,8332,NE NEW HOLLAND CT,122002250,23455050,THEFT4
P120158487,BIPD,9/28/2012 0:00,0916,9490,NE HIGH SCHOOL RD,122358400,23704100,PARKI3
P120158531,BIPD,9/28/2012 0:00,1022,,NE DAY RD W / MILLER RD NE,121978357,25249210,T
P120155555,BIPD,9/23/2012 0:00,0915,,HENSHAW WAY NE / MADISON AVE N,122428700,23292510,T
P120155726,BIPD,9/23/2012 0:00,1626,8150,NE HIDDEN COVE RD,122002686,25827211,MALIC4
P120155838,BIPD,9/23/2012 0:00,2004,,COMMODORE LN NW / HIGH SCHOOL RD NW,122275860,23653645,T
P120158890,BIPD,9/28/2012 0:00,1841,15843,AGATE PASS BRG,121391000,26467600,WC3
P120155923,BIPD,9/24/2012 0:00,0110,625,WINSLOW WAY E,122607400,23236100,WRT4
P120156220,BIPD,9/24/2012 0:00,1427,4411,POINT WHITE DR NE,121594900,22510850,FOUND4
P120156271,BIPD,9/24/2012 0:00,1558,,SPORTSMAN CLUB RD NE / STATE HWY 305 NE,122395136,24298387,RECKL3
P120156461,BIPD,9/24/2012 0:00,2334,600,WINSLOW WAY E,122597200,23245500,MVCG
P120159500,BIPD,9/29/2012 0:00,1948,,"XY(121420065,24936568)",121420065,24936568,CELL
P120154002,BIPD,9/20/2012 0:00,1427,,"XY(122322012,23821574)",122322012,23821574,CELL
P120154030,BIPD,9/20/2012 0:00,1505,625,WINSLOW WAY E,122607400,23236100,TRANS
P120154162,BIPD,9/20/2012 0:00,1839,280,MADISON AVE N,122441700,23299100,PC3
P120154233,BIPD,9/20/2012 0:00,2146,,NE DAY RD E / SUNRISE DR NE,122733885,25222379,PC3
P120154501,BIPD,9/21/2012 0:00,1131,,NE KOURA RD / STATE HWY 305 NE,122310217,24709702,TRAFF3
P120156989,BIPD,9/25/2012 0:00,1920,9459,COPPERTOP LOOP NE,122385450,24104850,ALRA
P120157118,BIPD,9/26/2012 0:00,0314,7030,NE DOLPHIN DR,121687050,26317050,PROWL2
P120160674,BIPD,10/1/2012 0:00,2235,550,MADISON AVE N,122431200,23400600,TRANS
P120160862,BIPD,10/2/2012 0:00,1004,11954,MILLER RD NE,121740493,24986353,RETURN
P120160899,BIPD,10/2/2012 0:00,1102,,CAPSTAN DR NE / HIGH SCHOOL RD NW,122210812,23655945,T
P120160951,BIPD,10/2/2012 0:00,1224,300,NE HIGH SCHOOL RD,122505550,23655900,VERBA3
P120157152,BIPD,9/26/2012 0:00,0726,,NE LOVGREEN RD W / MILLER RD NE,121741307,24988019,T
P120157256,BIPD,9/26/2012 0:00,1100,,SPORTSMAN CLUB RD NE / STATE HWY 305 NE,122395136,24298387,TRAFF3
P120157471,BIPD,9/26/2012 0:00,1603,253,HIGH SCHOOL RD NE,122470100,23646300,T
P120001238,BIPD,1/3/2012 0:00,1024,827,NE HIGH SCHOOL RD,122679200,23604800,GRAFF4
P120001168,BIPD,1/3/2012 0:00,0825,5145,MCDONALD AVE NE,122276400,22710250,MALIC4
P120001078,BIPD,1/3/2012 0:00,0109,,SPORTSMAN CLUB RD NE / STATE HWY 305 NE,122395136,24298387,FI
P120003935,BIPD,1/7/2012 0:00,2240,3000,PLEASANT BEACH DR NE,122112500,22010500,FI
P120000982,BIPD,1/2/2012 0:00,2022,,FINCH RD NE / NE HIGH SCHOOL RD,122040602,23661844,T
P120000747,BIPD,1/2/2012 0:00,1312,625,WINSLOW WAY E,122607400,23236100,DV4
P120004476,BIPD,1/8/2012 0:00,2259,11299,ARROW POINT DR NE,121068800,24696200,T
P120000482,BIPD,1/1/2012 0:00,2051,10861,NE MANITOU PARK BLVD,122932900,24590800,ASSAUB
P120004916,BIPD,1/9/2012 0:00,1630,,HIGH SCHOOL RD NE / STATE HWY 305 NE,122571082,23644469,INTOX3
P120004928,BIPD,1/9/2012 0:00,1700,,GILMORE WAY NE / WINSLOW WAY E,122615957,23254352,CELL
P120005050,BIPD,1/9/2012 0:00,2136,,HIGH SCHOOL RD NE / STATE HWY 305 NE,122571082,23644469,T
P120161147,BIPD,10/2/2012 0:00,1807,907,CARVER ST,118435000,20790500,MEDIA
P120161210,BIPD,10/2/2012 0:00,1957,7968,FINCH RD NE,122064000,23640000,SUSPI4
P120157660,BIPD,9/26/2012 0:00,2052,499,OLYMPIC DR SE,122674000,23182900,T
P120157984,BIPD,9/27/2012 0:00,1240,,MADISON AVE N / MADRONA WAY NE,122430171,23356861,SUSPI3
P120158260,BIPD,9/27/2012 0:00,2059,481,MADISON AVE N,122430500,23377300,INTOX3
P120158311,BIPD,9/27/2012 0:00,2333,,NE DAY RD E / STATE HWY 305 NE,122023402,25247379,T
P120158344,BIPD,9/28/2012 0:00,0047,,HIGH SCHOOL RD NE / STATE HWY 305 NE,122571082,23644469,T
P120158599,BIPD,9/28/2012 0:00,1147,,"XY(122155170,21606934)",122155170,21606934,CELL
P120158632,BIPD,9/28/2012 0:00,1233,253,HIGH SCHOOL RD NE,122470100,23646300,ASSIS4
P120158678,BIPD,9/28/2012 0:00,1333,9909,STATE HWY 305 NE,122395423,24265343,T
P120161624,BIPD,10/3/2012 0:00,1450,,FINCH RD NE / SPORTSMAN CLUB RD NE,122065485,23658671,CELL
P120158911,BIPD,9/28/2012 0:00,1911,9330,NE HIGH SCHOOL RD,122363800,23666100,PC4
P120159002,BIPD,9/28/2012 0:00,2217,8530,NE RENNY LN,122098100,24745900,THREA2
P120159222,BIPD,9/29/2012 0:00,0934,3750,CRYSTAL SPRINGS DR NE,121075350,22292450,FU
P120162097,BIPD,10/4/2012 0:00,1141,,MADISON AVE N / WINSLOW WAY E,122427660,23249390,INTOX3
P120159260,BIPD,9/29/2012 0:00,1114,15843,AGATE PASS BRG,121391000,26467600,RECKL3
P120162227,BIPD,10/4/2012 0:00,1559,600,ERICKSEN AVE NE,122551750,23408250,SUSPI4
P120159732,BIPD,9/30/2012 0:00,0936,,NE MORGAN RD / STATE HWY 305 NE,122252700,24842450,T
P120159812,BIPD,9/30/2012 0:00,1302,141,PARFITT WAY SW,122410800,23143000,VERBA3
P120159936,BIPD,9/30/2012 0:00,1752,,ERICKSEN AVE NE / WYATT WAY NE,122529004,23379604,THEFT4
P120156624,BIPD,9/25/2012 0:00,0944,,NORTH TOWN DR NE / SPORTSMAN CLUB RD NE,122294142,24024195,T
P120156837,BIPD,9/25/2012 0:00,1508,,WINSLOW WAY E / WYATT WAY NE,122517829,23315968,CELL
P120160601,BIPD,10/1/2012 0:00,1931,258,WINSLOW WAY E,122480900,23247800,MVC4
P120161046,BIPD,10/2/2012 0:00,1502,625,WINSLOW WAY E,122607400,23236100,ASSIS3
P120162929,BIPD,10/5/2012 0:00,1837,829,HIGH SCHOOL RD NE,122672300,23642200,FU
P120161073,BIPD,10/2/2012 0:00,1542,625,WINSLOW WAY E,122607400,23236100,FU
P120161103,BIPD,10/2/2012 0:00,1637,1310,MADISON AVE N,122447500,23664000,SUSPI3
P120161249,BIPD,10/2/2012 0:00,2202,829,HIGH SCHOOL RD NE,122672300,23642200,FU
P120161341,BIPD,10/3/2012 0:00,0614,,NW FINN HILL RD / STATE HWY 3 NW,119028736,28003217,T
P120163903,BIPD,10/7/2012 0:00,1137,,HIGH SCHOOL RD NE / STATE HWY 305 NE,122571082,23644469,TRAFF3
P120000358,BIPD,1/1/2012 0:00,1518,131,PARFITT WAY SW,122413100,23151700,TRAFF3
P120000209,BIPD,1/1/2012 0:00,0600,625,WINSLOW WAY E,122607400,23236100,TRANS
P120005470,BIPD,1/10/2012 0:00,1542,625,WINSLOW WAY E,122607400,23236100,TRANS
P120003227,BIPD,1/6/2012 0:00,1603,,NE DAY RD W / MILLER RD NE,121978357,25249210,T
P120003025,BIPD,1/6/2012 0:00,1115,6361,WING POINT RD NE,123089977,23129095,THEFT4
P120003027,BIPD,1/6/2012 0:00,1119,,NE JUSTIN CT / MILLER RD NE,121500047,24497860,T
P120161391,BIPD,10/3/2012 0:00,0845,9110,FLETCHER BAY RD NE,121196750,23948350,POV4
P120161468,BIPD,10/3/2012 0:00,1109,7215,NE VINCENT RD,121612616,23147024,VEHFI
P120161515,BIPD,10/3/2012 0:00,1220,4175,PLEASANT BEACH DR NE,121777850,22389350,FU
P120161540,BIPD,10/3/2012 0:00,1247,10079,NE VALLEY RD,122621750,24690800,SUSPI4
P120161575,BIPD,10/3/2012 0:00,1334,,AGATEWOOD RD NE / STATE HWY 305 NE,121562025,26138320,SUSPI3
P120161654,BIPD,10/3/2012 0:00,1528,,MADISON AVE N / NE NEW BROOKLYN RD,122442200,23911813,TRAFF3
P120161971,BIPD,10/4/2012 0:00,0841,,CURTIS LOOP NE / FERNCLIFF AVE NE,122694279,23404396,MVC3
P120161999,BIPD,10/4/2012 0:00,0923,,"XY(122326070,24366943)",122326070,24366943,CELL
P120162211,BIPD,10/4/2012 0:00,1535,9330,NE HIGH SCHOOL RD,122363800,23666100,INTOXA
P120162415,BIPD,10/4/2012 0:00,2258,625,WINSLOW WAY E,122607400,23236100,FU
P120162556,BIPD,10/5/2012 0:00,0858,829,HIGH SCHOOL RD NE,122672300,23642200,DV4
P120160027,BIPD,9/30/2012 0:00,2121,8224,NE LOVGREEN RD W,122019450,25022000,THREA4
P120160311,BIPD,10/1/2012 0:00,1223,,"XY(122346817,22566660)",122346817,22566660,CELL
P120160529,BIPD,10/1/2012 0:00,1743,,NE DAY RD E / STATE HWY 305 NE,122023402,25247379,RECKL3
P120162818,BIPD,10/5/2012 0:00,1531,,"XY(121940113,25420422)",121940113,25420422,CELL
P120162994,BIPD,10/5/2012 0:00,2113,7480,NE BUCKLIN HILL RD,121739650,23147550,FU
P120163065,BIPD,10/5/2012 0:00,2322,499,OLYMPIC DR SE,122674000,23182900,T
P120163177,BIPD,10/6/2012 0:00,0719,1217,CHERRY AVE NE,122883050,23634100,NOISE4
P120163293,BIPD,10/6/2012 0:00,1147,,NE DAY RD E / STATE HWY 305 NE,122023402,25247379,THREA3
P120166399,BIPD,10/11/2012 0:00,1617,,FERNCLIFF AVE NE / WINSLOW WAY E,122689699,23243385,T
P120166354,BIPD,10/11/2012 0:00,1513,625,WINSLOW WAY E,122607400,23236100,CUSTO4
P120163954,BIPD,10/7/2012 0:00,1352,499,OLYMPIC DR SE,122674000,23182900,NARCO3
P120163959,BIPD,10/7/2012 0:00,1401,821,HIGH SCHOOL RD NE,122669100,23642300,FU
P120166498,BIPD,10/11/2012 0:00,1928,320,SHEPARD WAY NW,122353000,23326250,MISC4
P120164042,BIPD,10/7/2012 0:00,1638,625,WINSLOW WAY E,122607400,23236100,MISC4
P120166974,BIPD,10/12/2012 0:00,1636,9343,SPORTSMAN CLUB RD NE,122337100,24132500,CHILD4
P120164331,BIPD,10/8/2012 0:00,0811,,NORTH TOWN DR NE / SPORTSMAN CLUB RD NE,122294142,24024195,T
P120164393,BIPD,10/8/2012 0:00,0945,12781,NORTH MADISON AVE NE,122441400,25215900,MISC4
P120164454,BIPD,10/8/2012 0:00,1113,,WINSLOW WAY E / WINSLOW WAY E,122485875,23257927,CELL
P120005620,BIPD,1/10/2012 0:00,2121,625,WINSLOW WAY E,122607400,23236100,MVC4
P120005865,BIPD,1/11/2012 0:00,1112,208,HIGH SCHOOL RD NE,122478900,23646100,THEFT4
P120002918,BIPD,1/6/2012 0:00,0711,,FERNCLIFF AVE NE / HIGH SCHOOL RD NE,122700327,23641703,TRAFF3
P120002705,BIPD,1/5/2012 0:00,1922,9171,MILLER RD NE,121308600,24072100,MVCG
P120002324,BIPD,1/5/2012 0:00,0844,280,MADISON AVE N,122441700,23299100,FI
P120002311,BIPD,1/5/2012 0:00,0759,,"XY(122496199,23657215)",122496199,23657215,CELL
P120006465,BIPD,1/12/2012 0:00,1120,,"XY(122485332,23257939)",122485332,23257939,CELL
P120002001,BIPD,1/4/2012 0:00,1531,9312,CAPSTAN DR NE,122202750,23717550,THEFT4
P120001958,BIPD,1/4/2012 0:00,1433,280,MADISON AVE N,122441700,23299100,MISC3
P120003340,BIPD,1/6/2012 0:00,1938,,,120874335,24518746,CELL
P120003353,BIPD,1/6/2012 0:00,2015,,HIGH SCHOOL RD NE / STATE HWY 305 NE,122571082,23644469,T
P120164511,BIPD,10/8/2012 0:00,1219,6087,NE OLD MILL RD,121988312,23016154,SUSPI4
P120164559,BIPD,10/8/2012 0:00,1349,290,OLYMPIC DR SE,122667000,23219700,SUSPI3
P120167581,BIPD,10/13/2012 0:00,1808,625,WINSLOW WAY E,122607400,23236100,FU
P120165006,BIPD,10/9/2012 0:00,0855,625,WINSLOW WAY E,122607400,23236100,CIVIL4
P120165036,BIPD,10/9/2012 0:00,1011,270,OLYMPIC DR SE,122674150,23183550,ASSIS3
P120167859,BIPD,10/14/2012 0:00,0904,,FINCH RD NE / SPORTSMAN CLUB RD NE,122065485,23658671,CELL
P120165032,BIPD,10/9/2012 0:00,1002,403,MADISON AVE N,122430200,23357500,FU
P120165215,BIPD,10/9/2012 0:00,1539,,"XY(122090015,25029985)",122090015,25029985,CELL
P120165223,BIPD,10/9/2012 0:00,1558,748,FERNCLIFF AVE NE,122722300,23467700,FU
P120168094,BIPD,10/14/2012 0:00,1903,379,COSGROVE ST NW,122209250,23336150,FU
P120168174,BIPD,10/14/2012 0:00,2313,12311,ARROW POINT LOOP NE,121258650,24995200,FU
P120162654,BIPD,10/5/2012 0:00,1102,10944,NORTH MADISON AVE NE,122499600,24629050,WC4
P120168321,BIPD,10/15/2012 0:00,0922,9330,NE HIGH SCHOOL RD,122363800,23666100,FU
P120162768,BIPD,10/5/2012 0:00,1412,,NE NEW BROOKLYN RD / NORTH TOWN DR NE,122285145,23917554,CUSTO4
P120168370,BIPD,10/15/2012 0:00,1052,9330,NE HIGH SCHOOL RD,122363800,23666100,FU
P120162777,BIPD,10/5/2012 0:00,1423,829,HIGH SCHOOL RD NE,122672300,23642200,THREA4
P120168540,BIPD,10/15/2012 0:00,1557,499,OLYMPIC DR SE,122674000,23182900,NARCO3
P120168531,BIPD,10/15/2012 0:00,1545,,FERNCLIFF AVE NE / WING POINT WAY NE,122693146,23376023,RECKL3
P120162802,BIPD,10/5/2012 0:00,1505,9330,NE HIGH SCHOOL RD,122363800,23666100,ASSIS3
P120166102,BIPD,10/11/2012 0:00,0745,9346,NE DAY RD E,122383396,25233349,PC4
P120166300,BIPD,10/11/2012 0:00,1337,,EDGECOMBE PL NE / MANITOU BEACH DR NE,122500033,24305152,T
P120168690,BIPD,10/15/2012 0:00,2102,,HIGH SCHOOL RD NE / STATE HWY 305 NE,122571082,23644469,TRAFF3
P120169005,BIPD,10/16/2012 0:00,1154,350,GROW AVE NW,122340100,23334950,WC911
P120166325,BIPD,10/11/2012 0:00,1418,6986,ISLAND CENTER RD NE,121555510,23341973,FRAUD4
P120166369,BIPD,10/11/2012 0:00,1541,,MADISON AVE N / STATE HWY 305 NE,122472543,23963078,DUI3
P120169225,BIPD,10/16/2012 0:00,1736,4162,SORREL WAY NE,121212900,22375750,FU
P120166427,BIPD,10/11/2012 0:00,1706,,NE HIGH SCHOOL RD / MADISON AVE N,122433634,23644002,T
P120166432,BIPD,10/11/2012 0:00,1715,119,WINSLOW WAY E,122433600,23243650,ALRA
P120169531,BIPD,10/17/2012 0:00,1034,625,WINSLOW WAY E,122607400,23236100,MISC3
P120166628,BIPD,10/12/2012 0:00,0241,625,WINSLOW WAY E,122607400,23236100,WRT3
P120167085,BIPD,10/12/2012 0:00,1933,829,NE HIGH SCHOOL RD,122683050,23596550,UNWAN4
P120167144,BIPD,10/12/2012 0:00,2146,8700,NE SPARGUR LOOP RD,122219100,25871400,SUSPI3
P120170076,BIPD,10/18/2012 0:00,0941,,GROW AVE NW / WYATT WAY NW,122332251,23385462,TRAFF3
P120167395,BIPD,10/13/2012 0:00,1223,,HIGH SCHOOL RD NE / STATE HWY 305 NE,122571082,23644469,MVCG
P120170209,BIPD,10/18/2012 0:00,1358,1200,HILDEBRAND LN NE,122551100,23614700,SUSPI3
P120167571,BIPD,10/13/2012 0:00,1757,,WINSLOW WAY E / WINSLOW WAY E,122485867,23257562,CELL
P120167688,BIPD,10/13/2012 0:00,2221,,LYNWOOD CENTER RD NE / NE OPAL RIDGE LN,121716320,22933709,T
P120170444,BIPD,10/18/2012 0:00,2116,,NE BEACH CREST DR / PETIT PL NE,122568735,24435740,FI
P120167807,BIPD,10/14/2012 0:00,0431,10102,EDGECOMBE PL NE,122508750,24293900,SUSPI2
P120170513,BIPD,10/19/2012 0:00,0139,8820,MILLER RD NE,121371100,23950600,OPEN3
P120167878,BIPD,10/14/2012 0:00,1001,11042,SUNRISE DR NE,122734300,24659900,UNWAN3
P120007514,BIPD,1/14/2012 0:00,0133,253,HIGH SCHOOL RD NE,122470100,23646300,FU
P120007698,BIPD,1/14/2012 0:00,1339,186,WYATT WAY NW,122405200,23396700,ALSP
P120007747,BIPD,1/14/2012 0:00,1535,,NE HIGH SCHOOL RD / HORIZON VIEW PL NW,122310438,23631740,CELL
P120008019,BIPD,1/15/2012 0:00,0122,7934,NE BUCKLIN HILL RD,121886700,23147700,T
P120008094,BIPD,1/15/2012 0:00,0903,,"XY(122090015,25029985)",122090015,25029985,CELL
P120003387,BIPD,1/6/2012 0:00,2125,,"XY(122440447,23311096)",122440447,23311096,CELL
P120167891,BIPD,10/14/2012 0:00,1049,15128,SUNRISE DR NE,122775000,26040150,SUSPI3
P120170817,BIPD,10/19/2012 0:00,1513,380,WINSLOW WAY E,122507500,23253200,SUICIG
P120171009,BIPD,10/19/2012 0:00,2108,840,MADISON AVE N,122440950,23491050,WC911
P120171054,BIPD,10/19/2012 0:00,2317,,KNECHTEL WAY NE / MADISON AVE N,122432246,23447716,T
P120167925,BIPD,10/14/2012 0:00,1238,200,MADISON AVE N,122493100,23291400,ASSIS3
P120171509,BIPD,10/20/2012 0:00,2009,,NE BUCKLIN HILL RD / NE EAGLE HARBOR DR,121966131,23304962,TRAFF3
P120171757,BIPD,10/21/2012 0:00,1123,5349,MCDONALD AVE NE,122278250,22765900,FU
P120168335,BIPD,10/15/2012 0:00,0943,15399,SUNRISE DR NE,122676950,26097100,THEFT4
P120171998,BIPD,10/21/2012 0:00,2035,,MADISON AVE N / STATE HWY 305 NE,122472543,23963078,FI
P120172015,BIPD,10/21/2012 0:00,2126,625,WINSLOW WAY E,122607400,23236100,MISC4
P120168372,BIPD,10/15/2012 0:00,1055,271,WINSLOW WAY E,122484900,23247700,FU
P120172122,BIPD,10/22/2012 0:00,0547,,BAYWATCH CT NE / STATE HWY 305 NE,119793077,26905048,T
P120168395,BIPD,10/15/2012 0:00,1138,343,WINSLOW WAY E,122501900,23247000,CHILD3
P120165356,BIPD,10/9/2012 0:00,2037,,MADISON AVE N / NE NEW BROOKLYN RD,122442200,23911813,TRAFF3
P120165466,BIPD,10/10/2012 0:00,0522,,SPORTSMAN CLUB RD NE / STATE HWY 305 NE,122395136,24298387,T
P120168560,BIPD,10/15/2012 0:00,1638,550,MADISON AVE N,122431200,23400600,SUSPI4
P120165768,BIPD,10/10/2012 0:00,1452,,NE BROOKCLIFF LN / FERNCLIFF AVE NE,122695865,23465926,SUSPI3
P120168657,BIPD,10/15/2012 0:00,1948,601,HIGH SCHOOL RD NE,122587100,23628700,RECKL3
P120169078,BIPD,10/16/2012 0:00,1346,15701,POINT MONROE DR NE,122720400,26295450,INFOP3
P120169142,BIPD,10/16/2012 0:00,1531,,SPORTSMAN CLUB RD NE / STATE HWY 305 NE,122395136,24298387,RECKL3
P120174161,BIPD,10/25/2012 0:00,1625,,NE HIGH SCHOOL RD / KIMIKO LN,122430437,23699156,CELL
P120174171,BIPD,10/25/2012 0:00,1648,234,WOOD AVE SW,122365500,23199500,ASSIS4
P120174417,BIPD,10/26/2012 0:00,0656,823,WINSLOW WAY E,122667332,23243607,TRAFF4
P120174430,BIPD,10/26/2012 0:00,0715,8530,NE RENNY LN,122098100,24745900,FU
P120174616,BIPD,10/26/2012 0:00,1406,6330,NE EAGLE HARBOR DR,122130388,23110130,ALRA
P120174679,BIPD,10/26/2012 0:00,1542,,"XY(121860919,25380225)",121860919,25380225,CELL
P120169368,BIPD,10/17/2012 0:00,0022,,SPORTSMAN CLUB RD NE / STATE HWY 305 NE,122395136,24298387,T
P120169448,BIPD,10/17/2012 0:00,0803,9723,OLYMPUS BEACH RD NE,120903100,24254200,BURGL4
P120175032,BIPD,10/27/2012 0:00,0855,,NE KOURA RD / STATE HWY 305 NE,122310217,24709702,TRAFF4
P120169607,BIPD,10/17/2012 0:00,1206,499,OLYMPIC DR SE,122674000,23182900,UNKNO2
P120169651,BIPD,10/17/2012 0:00,1302,14490,NORTH MADISON AVE NE,122463650,25749150,CIVIL4
P120169721,BIPD,10/17/2012 0:00,1443,9343,SPORTSMAN CLUB RD NE,122337100,24132500,FU
P120169994,BIPD,10/18/2012 0:00,0243,,NORTH MADISON AVE NE / NE VALLEY RD,122457917,24703521,T
P120170063,BIPD,10/18/2012 0:00,0923,15843,AGATE PASS BRG,121391000,26467600,PC3
P120170331,BIPD,10/18/2012 0:00,1702,4205,BLUFF ST NE,121796250,22444700,ALRS
P120003648,BIPD,1/7/2012 0:00,1124,,"XY(122613839,23617062)",122613839,23617062,CELL
P120008460,BIPD,1/16/2012 0:00,0115,,GIDEON LN NW / GROW AVE NW,122332857,23415676,FI
P120008496,BIPD,1/16/2012 0:00,0429,,SUNRISE DR NE / NE VALLEY RD,122722526,24697639,FI
P120003877,BIPD,1/7/2012 0:00,2036,,SPORTSMAN CLUB RD NE / STATE HWY 305 NE,122395136,24298387,T
P120003904,BIPD,1/7/2012 0:00,2131,,SPORTSMAN CLUB RD NE / STATE HWY 305 NE,122395136,24298387,T
P120003910,BIPD,1/7/2012 0:00,2149,11299,ARROW POINT DR NE,121068800,24696200,FI
P120008943,BIPD,1/17/2012 0:00,0410,5465,NE LAURA LOOP,121090350,26536250,ASSIS3
P120009016,BIPD,1/17/2012 0:00,0955,9805,NE MURDEN COVE DR,122550350,24367500,WC4
P120004120,BIPD,1/8/2012 0:00,0646,292,MADRONA WAY NE,122497400,23365150,BLSP
P120004462,BIPD,1/8/2012 0:00,2234,343,WINSLOW WAY E,122501900,23247000,T
P120000893,BIPD,1/2/2012 0:00,1718,,"XY(122485332,23257939)",122485332,23257939,CELL
P120009255,BIPD,1/17/2012 0:00,1831,907,CARVER ST,118435000,20790500,MEDIA
P120170407,BIPD,10/18/2012 0:00,1936,,NE HIGH SCHOOL RD / MADISON AVE N,122439864,23649989,T
P120175871,BIPD,10/28/2012 0:00,2240,,NE HIGH SCHOOL RD / MADISON AVE N,122433634,23644002,T
P120170485,BIPD,10/18/2012 0:00,2347,,NE DAY RD E / STATE HWY 305 NE,122023402,25247379,T
P120170763,BIPD,10/19/2012 0:00,1332,8294,NE LOVGREEN RD W,122051050,24992700,HARAS4
P120176189,BIPD,10/29/2012 0:00,1516,7873,NE DAY RD W,121902639,25251576,WC911
P120170799,BIPD,10/19/2012 0:00,1449,,HIGH SCHOOL RD NE / STONECRESS LN NE,122668902,23642279,T
P120171285,BIPD,10/20/2012 0:00,1239,846,VINEYARD LN,122606616,23430310,SUSPI4
P120176346,BIPD,10/29/2012 0:00,2052,907,CARVER ST,118435000,20790500,MEDIA
P120176480,BIPD,10/30/2012 0:00,0617,10102,EDGECOMBE PL NE,122508750,24293900,BURGL1
P120171877,BIPD,10/21/2012 0:00,1554,5349,MCDONALD AVE NE,122278250,22765900,RETURN
P120172505,BIPD,10/22/2012 0:00,1833,907,CARVER ST,118435000,20790500,MEDIA
P120176942,BIPD,10/31/2012 0:00,0104,5348,RUBY PL NE,121736550,22823650,SFR
P120177105,BIPD,10/31/2012 0:00,1116,835,MADISON AVE N,122415100,23498500,WC3
P120168582,BIPD,10/15/2012 0:00,1725,,MADISON AVE N / WINSLOW WAY E,122427660,23249390,T
P120177129,BIPD,10/31/2012 0:00,1150,,"XY(121821844,23243399)",121821844,23243399,CELL
P120177311,BIPD,10/31/2012 0:00,1751,9235,NORTH TOWN DR NE,122297450,23998450,UNKNO3
P120177410,BIPD,10/31/2012 0:00,2119,,MADISON AVE N / WINSLOW WAY E,122427660,23249390,INTOX3
P120173781,BIPD,10/24/2012 0:00,2248,,NE HIDDEN COVE RD / STATE HWY 305 NE,121741136,25661125,T
P120177606,BIPD,11/1/2012 0:00,0822,5767,NE FOSTER RD,121192800,23864450,WIRESF
P120177645,BIPD,11/1/2012 0:00,0946,,NE DAY RD E / NE YETI LN,122031353,25269536,CELL
P120174111,BIPD,10/25/2012 0:00,1501,12311,ARROW POINT LOOP NE,121258650,24995200,FU
P120174704,BIPD,10/26/2012 0:00,1631,16938,NE SANWICK PL,121625100,26650550,FU
P120174828,BIPD,10/26/2012 0:00,2151,1047,BLUE HERON AVE NE,122475300,23558500,DV3
P120175320,BIPD,10/27/2012 0:00,2038,,MADISON AVE N / STATE HWY 305 NE,122472543,23963078,FI
P120175347,BIPD,10/27/2012 0:00,2140,,NE HIGH SCHOOL RD / MADISON AVE N,122433634,23644002,TRAFF3
P120175341,BIPD,10/27/2012 0:00,2132,11140,HYLA AVE NE,122681300,24674100,SUICIB
P120175385,BIPD,10/27/2012 0:00,2300,6856,NE WEST PORT MADISON RD,121606850,26065850,LOUDP4
P120175494,BIPD,10/28/2012 0:00,0308,,AUGUSTA AVE NE / NE CENTER ST,121739641,27161848,ASSIS3
P120175778,BIPD,10/28/2012 0:00,1749,907,CARVER ST,118435000,20790500,MEDIA
P120178861,BIPD,11/3/2012 0:00,0845,8527,HANSEN RD NE,121034700,23861750,HARAS4
P120175861,BIPD,10/28/2012 0:00,2203,,"XY(121832105,26886269)",121832105,26886269,CELL
P120176052,BIPD,10/29/2012 0:00,1050,4389,POINT WHITE DR NE,121531750,22473550,TRAFF3
P120176141,BIPD,10/29/2012 0:00,1346,,"XY(122090015,25029985)",122090015,25029985,CELL
P120176304,BIPD,10/29/2012 0:00,1912,625,WINSLOW WAY E,122607400,23236100,FU
P120176339,BIPD,10/29/2012 0:00,2031,625,WINSLOW WAY E,122607400,23236100,RETURN
P120176788,BIPD,10/30/2012 0:00,1712,3683,PLEASANT BEACH DR NE,121959950,22230600,WIRESF
P120176831,BIPD,10/30/2012 0:00,1845,907,CARVER ST,118435000,20790500,MEDIA
P120176824,BIPD,10/30/2012 0:00,1837,461,FERNCLIFF AVE NE,122692789,23363146,CIVIL3
P120172565,BIPD,10/22/2012 0:00,2152,1220,HILDEBRAND LN NE,122550200,23631100,VERBA3
P120173091,BIPD,10/23/2012 0:00,1841,4200,RODEO LN NE,121362700,22358650,ALRA
P120173236,BIPD,10/24/2012 0:00,0330,,NE ADAS WILL LN / STATE HWY 305 NE,121518898,26215422,T
P120173362,BIPD,10/24/2012 0:00,0956,5400-BLK,LYNWOOD CENTER RD NE,121765739,22818798,T
P120173564,BIPD,10/24/2012 0:00,1451,,"XY(121923509,25269740)",121923509,25269740,CELL
P120177658,BIPD,11/1/2012 0:00,1010,5358,CALA WOODS LN NE,121067250,24264000,SUSPI3
P120177671,BIPD,11/1/2012 0:00,1033,241,MADISON AVE N,122429004,23305607,SUSPI4
P120177677,BIPD,11/1/2012 0:00,1051,7205,NE DOLPHIN DR,121728768,26292798,CIVIL4
P120177860,BIPD,11/1/2012 0:00,1529,5159,CRYSTAL SPRINGS DR NE,121083650,22782000,ALRA
P120177910,BIPD,11/1/2012 0:00,1655,10102,EDGECOMBE PL NE,122508750,24293900,FU
P120181377,BIPD,11/7/2012 0:00,1813,,NE DAY RD E / STATE HWY 305 NE,122023402,25247379,RECKL3
P120178123,BIPD,11/2/2012 0:00,0012,7666,NE HIGH SCHOOL RD,121802600,23667700,PC3
P120178209,BIPD,11/2/2012 0:00,0639,8448,MILLER RD NE,121334051,24012103,SUSPI4
P120178667,BIPD,11/2/2012 0:00,2113,8153,SPRINGRIDGE RD NE,121208100,23718200,CPR
P120178962,BIPD,11/3/2012 0:00,1254,707,VILLAGE CIR NW,122196100,23420650,SUSPI3
P120179062,BIPD,11/3/2012 0:00,1649,,MADISON AVE N / WINSLOW WAY E,122427660,23249390,PC4
P120179252,BIPD,11/3/2012 0:00,2358,11299,ARROW POINT DR NE,121068800,24696200,PC3
P120179287,BIPD,11/4/2012 0:00,0130,7100,NE NEW BROOKLYN RD,121611482,23934144,T
P120179349,BIPD,11/4/2012 0:00,0500,10102,EDGECOMBE PL NE,122508750,24293900,SUSPI3
P120181991,BIPD,11/8/2012 0:00,1952,,REITAN RD NE / STATE HWY 305 NE,121501742,26370270,UNKNOA
P120179412,BIPD,11/4/2012 0:00,1028,11700,MEADOWMEER CIR NE,122120000,24736300,ASSIS4
P120179547,BIPD,11/4/2012 0:00,1603,14268,NORTH MADISON AVE NE,122456355,25701146,SUSPI4
P120182199,BIPD,11/9/2012 0:00,0854,,NE DAY RD W / MILLER RD NE,121978357,25249210,T
P120182475,BIPD,11/9/2012 0:00,1653,403,MADISON AVE N,122430200,23357500,MALIC3
P120182720,BIPD,11/10/2012 0:00,0117,,GROW AVE NW / NE HIGH SCHOOL RD,122337828,23651155,T
P120182722,BIPD,11/10/2012 0:00,0120,,FERNCLIFF AVE NE / HIGH SCHOOL RD NE,122700327,23641703,T
P120179565,BIPD,11/4/2012 0:00,1646,827,NE HIGH SCHOOL RD,122679200,23604800,CHILD3
P120179704,BIPD,11/4/2012 0:00,2346,,MADISON AVE N / STATE HWY 305 NE,122472543,23963078,T
P120177112,BIPD,10/31/2012 0:00,1133,,"XY(121801082,23974669)",121801082,23974669,CELL
P120183221,BIPD,11/11/2012 0:00,0122,5834,WARD AVE NE,122596400,22917100,FU
P120183267,BIPD,11/11/2012 0:00,0511,635,HIGH SCHOOL RD NE,122615700,23616500,SUSPI2
P120183524,BIPD,11/11/2012 0:00,2028,165,MADISON AVE N,122428353,23277482,WC911
P120179755,BIPD,11/5/2012 0:00,0407,,NE FENTON RD / GRAND AVE NE,122732122,23865399,WIRESU
P120179968,BIPD,11/5/2012 0:00,1150,900,WINSLOW WAY E,122696800,23249200,WC911
P120184344,BIPD,11/13/2012 0:00,1138,380,WINSLOW WAY E,122507500,23253200,BLSP
P120180104,BIPD,11/5/2012 0:00,1531,,SHERIDAN RD / WHEATON WAY,119732546,21978395,ASSIS3
P120177455,BIPD,10/31/2012 0:00,2250,4200,CEMETERY RD NE,122418500,22453300,SUSPI3
P120184823,BIPD,11/14/2012 0:00,0912,9245,FOX COVE LN NE,121056881,24079781,ALRA
P120180659,BIPD,11/6/2012 0:00,1504,9330,NE HIGH SCHOOL RD,122363800,23666100,PC3
P120180741,BIPD,11/6/2012 0:00,1708,8000,NE LOVGREEN RD W,121943099,25015586,FU
P120184932,BIPD,11/14/2012 0:00,1154,,MADISON AVE N / STATE HWY 305 NE,122472543,23963078,RECKL3
P120180889,BIPD,11/7/2012 0:00,0008,,FLETCHER BAY RD NE / ISLAND CENTER RD NE,121639712,23516206,T
P120181100,BIPD,11/7/2012 0:00,1141,13401,HIDDEN COVE LN NE,121446500,25645550,FRAUD4
P120181237,BIPD,11/7/2012 0:00,1459,403,MADISON AVE N,122430200,23357500,SUSPI3
P120181609,BIPD,11/8/2012 0:00,0841,,SPORTSMAN CLUB RD NE / STATE HWY 305 NE,122395136,24298387,T
P120185971,BIPD,11/16/2012 0:00,1028,,NE BUSINESS PARK LN / SPORTSMAN CLUB RD NE,122322118,24094785,T
P120181651,BIPD,11/8/2012 0:00,1014,350,HIGH SCHOOL RD NE,122513452,23654171,T
P120181656,BIPD,11/8/2012 0:00,1026,1200,HILDEBRAND LN NE,122551100,23614700,THEFT4
P120181688,BIPD,11/8/2012 0:00,1121,5492,ROCKAWAY BEACH RD NE,122953700,22828400,FRAUD4
P120181759,BIPD,11/8/2012 0:00,1319,8278,NE BECK RD,121934050,22359600,UNWAN4
P120181900,BIPD,11/8/2012 0:00,1649,,AGATEWOOD RD NE / STATE HWY 305 NE,121562025,26138320,DUI3
P120186531,BIPD,11/17/2012 0:00,1004,9805,NE MURDEN COVE DR,122550350,24367500,FU
P120181952,BIPD,11/8/2012 0:00,1825,907,CARVER ST,118435000,20790500,MEDIA
P120182013,BIPD,11/8/2012 0:00,2114,,"XY(122600356,23341893)",122600356,23341893,CELL
P120182127,BIPD,11/9/2012 0:00,0452,,GOWEN PL NW / WYATT WAY NW,122080959,23394457,T
P120186977,BIPD,11/18/2012 0:00,0531,,NE DAY RD E / STATE HWY 305 NE,122023402,25247379,T
P120186993,BIPD,11/18/2012 0:00,0839,,NE DAY RD E / NE YETI LN,122025071,25272959,CELL
P120186994,BIPD,11/18/2012 0:00,0840,9551,NE NEW BROOKLYN RD,122429500,23912200,ALRA
P120182839,BIPD,11/10/2012 0:00,0950,8677,MADISON AVE N,122420700,23836800,SFC
P120182867,BIPD,11/10/2012 0:00,1059,11537,MATSU PL NE,121681750,24817850,WC911
P120187489,BIPD,11/19/2012 0:00,0826,640,ALDER AVE NE,122999600,23419150,KEEP4
P120187568,BIPD,11/19/2012 0:00,1019,7143,ISLAND CENTER RD NE,121604267,23341196,BURGL3
P120187580,BIPD,11/19/2012 0:00,1037,350,GROW AVE NW,122340100,23334950,PC3
P120182929,BIPD,11/10/2012 0:00,1417,9459,COPPERTOP LOOP NE,122385450,24104850,ALRA
P120187751,BIPD,11/19/2012 0:00,1511,220,PARFITT WAY SW,122383300,23192900,ASSIS4
P120183585,BIPD,11/11/2012 0:00,2352,,SPORTSMAN CLUB RD NE / STATE HWY 305 NE,122395136,24298387,T
P120180388,BIPD,11/6/2012 0:00,0704,,NE HIGH SCHOOL RD / MADISON AVE N,122433634,23644002,T
P120187942,BIPD,11/19/2012 0:00,2109,350,GROW AVE NW,122340100,23334950,UNKNO4
P120180417,BIPD,11/6/2012 0:00,0835,625,WINSLOW WAY E,122607400,23236100,TRANS
P120184838,BIPD,11/14/2012 0:00,0932,186,WYATT WAY NW,122405200,23396700,THEFT4
P120188388,BIPD,11/20/2012 0:00,1750,,MADISON AVE N / NE NEW BROOKLYN RD,122442200,23911813,T
P120185252,BIPD,11/14/2012 0:00,2255,,NE HIGH SCHOOL RD / MADISON AVE N,122433634,23644002,T
P120185327,BIPD,11/15/2012 0:00,0345,10102,EDGECOMBE PL NE,122508750,24293900,WC3
P120185377,BIPD,11/15/2012 0:00,0845,2893,MADISON AVE N,122437571,23692122,T
P120185518,BIPD,11/15/2012 0:00,1326,9009,MILLER RD NE,121314650,24055000,T
P120185566,BIPD,11/15/2012 0:00,1447,,"XY(121282990,24791158)",121282990,24791158,CELL
P120185983,BIPD,11/16/2012 0:00,1047,,NE HIGH SCHOOL RD / SPORTSMAN CLUB RD NE,122100813,23659652,T
P120186077,BIPD,11/16/2012 0:00,1334,,HIGH SCHOOL RD NE / HILDEBRAND LN NE,122535496,23644973,T
P120186246,BIPD,11/16/2012 0:00,1842,907,CARVER ST,118435000,20790500,MEDIA
P120189003,BIPD,11/21/2012 0:00,2244,231,PARFITT WAY SW,122376400,23128100,UNKNO3
P120186287,BIPD,11/16/2012 0:00,2008,1181,NAKATA PL NW,122361050,23605800,ALSP
P120189307,BIPD,11/22/2012 0:00,2017,,"XY(122090015,25029985)",122090015,25029985,CELL
P120186344,BIPD,11/16/2012 0:00,2256,10140,HIGH SCHOOL RD NE,122631900,23643300,FI
P120186732,BIPD,11/17/2012 0:00,1811,907,CARVER ST,118435000,20790500,MEDIA
P120186866,BIPD,11/17/2012 0:00,2323,,SPORTSMAN CLUB RD NE / STATE HWY 305 NE,122395136,24298387,T
P120186883,BIPD,11/17/2012 0:00,2357,,NE DAY RD W / MILLER RD NE,121978357,25249210,T
P120189781,BIPD,11/23/2012 0:00,1856,907,CARVER ST,118435000,20790500,MEDIA
P120187355,BIPD,11/19/2012 0:00,0012,,STATE HWY 305 NE / SUQUAMISH WAY NE,121272953,26526622,FI
P120187392,BIPD,11/19/2012 0:00,0217,10102,EDGECOMBE PL NE,122508750,24293900,SUSPI3
P120187693,BIPD,11/19/2012 0:00,1337,,NE HIGH SCHOOL RD / HORIZON VIEW PL NW,122314854,23640764,CELL
P120187791,BIPD,11/19/2012 0:00,1557,625,WINSLOW WAY E,122607400,23236100,FI
P120190149,BIPD,11/24/2012 0:00,1520,7968,FINCH RD NE,122064000,23640000,SUSPI3
P120184016,BIPD,11/12/2012 0:00,1854,,STATE HWY 305 NE / WINSLOW WAY E,122597069,23245490,MVC3
P120184441,BIPD,11/13/2012 0:00,1408,7689,NE DAY RD W,121828900,25206300,THEFT4
P120184603,BIPD,11/13/2012 0:00,2013,7075,NE BAY HILL RD,121565100,24954400,DV4
P120184845,BIPD,11/14/2012 0:00,0947,5256,NE OLD MILL RD,122203250,22777150,WC911
P120188484,BIPD,11/20/2012 0:00,2201,6329,CRYSTAL SPRINGS DR NE,121044800,23120850,ASSIS3
P120188506,BIPD,11/20/2012 0:00,2310,1114,HIGH SCHOOL RD NE,122781331,23623676,GUNVI3
P120188594,BIPD,11/21/2012 0:00,0738,,HIGH SCHOOL RD NE / STATE HWY 305 NE,122571082,23644469,RECKL3
P120188726,BIPD,11/21/2012 0:00,1220,6400,NE MONTE VISTA DR,121390800,24874500,FU
P120188791,BIPD,11/21/2012 0:00,1439,,AGATE ST NE / AGATE PASS RD NE,121798319,26649534,SUSPI3
P120191196,BIPD,11/26/2012 0:00,1412,,MADISON AVE N / SADIE LN NW,122432385,23462050,HARAS4
P120188893,BIPD,11/21/2012 0:00,1734,835,MADISON AVE N,122415100,23498500,BLSG
P120191634,BIPD,11/27/2012 0:00,0944,,BLAKELY AVE NE / NE BUCKLIN HILL RD,121921781,23138274,WIRESF
P120188898,BIPD,11/21/2012 0:00,1746,3284,POINT WHITE DR NE,121379350,22129450,SFR
P120188957,BIPD,11/21/2012 0:00,2055,2503,TOE JAM HILL RD NE,122709550,21784950,SUSPI3
P120189256,BIPD,11/22/2012 0:00,1806,253,HIGH SCHOOL RD NE,122470100,23646300,ASSIS4
P120189344,BIPD,11/22/2012 0:00,2203,,MADISON AVE N / WYATT WAY NE,122430637,23382031,DUI3
P120189356,BIPD,11/22/2012 0:00,2224,16001,SUQUAMISH WAY NE,121276200,26606100,T
P120189351,BIPD,11/22/2012 0:00,2218,,SPORTSMAN CLUB RD NE / STATE HWY 305 NE,122395136,24298387,T
P120189485,BIPD,11/23/2012 0:00,0856,,"XY(122013971,22406898)",122013971,22406898,CELL
P120189794,BIPD,11/23/2012 0:00,1928,625,WINSLOW WAY E,122607400,23236100,WRT4
P120189800,BIPD,11/23/2012 0:00,1950,625,WINSLOW WAY E,122607400,23236100,WRT3
P120189814,BIPD,11/23/2012 0:00,2029,15599,BROOM ST NE,122211550,26159309,SFR
P120192968,BIPD,11/29/2012 0:00,1754,8641,FERNCLIFF AVE NE,122692050,23818850,INTOXA
P120190072,BIPD,11/24/2012 0:00,1209,200,WINSLOW WAY E,122461213,23248350,T
P120188098,BIPD,11/20/2012 0:00,0920,7647,WEAVER RD NW,122170500,23541123,T
P120188188,BIPD,11/20/2012 0:00,1218,10422,NE COUNTRY CLUB RD,122598500,22113100,TRAFF3
P120190787,BIPD,11/25/2012 0:00,2021,,FERNCLIFF AVE NE / WINSLOW WAY E,122689699,23243385,SUSPI3
P120190932,BIPD,11/26/2012 0:00,0600,,NE DAY RD E / STATE HWY 305 NE,122023402,25247379,T
P120190934,BIPD,11/26/2012 0:00,0611,9043,NISQUALLY WAY NE,121224048,24048446,ALRA
P120190984,BIPD,11/26/2012 0:00,0848,9350,NE HIGH SCHOOL RD,122411800,23664400,THREA3
P120191373,BIPD,11/26/2012 0:00,1910,611,EAGLECLIFF RD,122623700,23561850,FU
P120191793,BIPD,11/27/2012 0:00,1456,,STATE HWY 305 NE / VINEYARD LN,122559210,23438563,T
P120191821,BIPD,11/27/2012 0:00,1540,8555,MADISON AVE N,122413300,23788700,THEFT3
P120004884,BIPD,1/9/2012 0:00,1531,,HIGH SCHOOL RD NE / STATE HWY 305 NE,122571082,23644469,TRAFF3
P120009586,BIPD,1/18/2012 0:00,1327,625,WINSLOW WAY E,122607400,23236100,LOSTP4
P120005049,BIPD,1/9/2012 0:00,2133,241,WINSLOW WAY W,122377000,23251900,PC3
P120005300,BIPD,1/10/2012 0:00,1136,9125,SPORTSMAN CLUB RD NE,122290100,24108100,WC911
P120005546,BIPD,1/10/2012 0:00,1831,8263,NE CARMELLA LN,121977900,23520850,DV2
P120005552,BIPD,1/10/2012 0:00,1837,6563,WING POINT RD NE,123059353,23172460,SUSPI3
P120193683,BIPD,12/1/2012 0:00,0115,,EDGECOMBE PL NE / MANITOU BEACH DR NE,122500033,24305152,FI
P120193902,BIPD,12/1/2012 0:00,1302,,MADISON AVE N / WINSLOW WAY E,122427660,23249390,MVC4
P120191941,BIPD,11/27/2012 0:00,1959,,HIGH SCHOOL RD NE / STATE HWY 305 NE,122571082,23644469,T
P120191958,BIPD,11/27/2012 0:00,2047,,NE HIGH SCHOOL RD / SPORTSMAN CLUB RD NE,122100813,23659652,T
P120192028,BIPD,11/28/2012 0:00,0026,4569,LYNWOOD CENTER RD NE,121750700,22509200,PC3
P120192076,BIPD,11/28/2012 0:00,0439,829,HIGH SCHOOL RD NE,122672300,23642200,BLSP
P120194516,BIPD,12/2/2012 0:00,1714,5008,CRYSTAL SPRINGS DR NE,121107000,22687900,WC911
P120194548,BIPD,12/2/2012 0:00,1814,8675,SANDS AVE NE,121913800,23897400,T
P120192221,BIPD,11/28/2012 0:00,1057,8309,NE BECK RD,121951850,22332050,WC911
P120194924,BIPD,12/3/2012 0:00,1159,,NE HIDDEN COVE RD / NE SELFORS LN,122079881,25769504,TRAFF3
P120192549,BIPD,11/28/2012 0:00,2131,601,HIGH SCHOOL RD NE,122587100,23628700,T
P120195437,BIPD,12/4/2012 0:00,1006,499,OLYMPIC DR SE,122674000,23182900,ASSIS3
P120010062,BIPD,1/19/2012 0:00,1658,,NE CASCADE ST / JOHN ST NE,122773424,25556817,MVCG
P120010099,BIPD,1/19/2012 0:00,1836,,"XY(122090015,25029985)",122090015,25029985,CELL
P120006036,BIPD,1/11/2012 0:00,1550,,NE LOVGREEN RD E / VIEWCREST PL NE,122328588,24972260,BLSP
P120006066,BIPD,1/11/2012 0:00,1656,,MADISON AVE N / STATE HWY 305 NE,122472543,23963078,TRAFF3
P120006259,BIPD,1/12/2012 0:00,0001,,NE LOVGREEN RD E / STATE HWY 305 NE,122193914,24976129,T
P120010802,BIPD,1/21/2012 0:00,0953,625,WINSLOW WAY E,122607400,23236100,MALIC4
P120192551,BIPD,11/28/2012 0:00,2132,3835,PLEASANT BEACH DR NE,121865000,22260700,ALRA
P120192645,BIPD,11/29/2012 0:00,0647,,NE DAY RD W / MILLER RD NE,121978357,25249210,T
P120196229,BIPD,12/5/2012 0:00,1502,,IHLAND PL NE / WALLACE WAY NE,122485450,23529022,CELL
P120190199,BIPD,11/24/2012 0:00,1702,499,OLYMPIC DR SE,122674000,23182900,BLSP
P120196597,BIPD,12/6/2012 0:00,1108,3751,PLEASANT BEACH DR NE,121935800,22237700,THEFT4
P120190311,BIPD,11/24/2012 0:00,2142,,BLAKELY AVE NE / NE ODD FELLOWS RD,122237383,22290522,MVCG
P120190418,BIPD,11/25/2012 0:00,0118,,COSGROVE ST NW / SHEPARD WAY NW,122219923,23326202,NOISE4
P120196985,BIPD,12/7/2012 0:00,0031,8820,MILLER RD NE,121371100,23950600,OPEN4
P120190666,BIPD,11/25/2012 0:00,1536,11841,MILLER RD NE,121712956,24936665,CIVIL4
P120190756,BIPD,11/25/2012 0:00,1849,840,STRAWBERRY LN NW,122195300,23521100,OPEN3
P120193408,BIPD,11/30/2012 0:00,1540,,"XY(122071787,25257330)",122071787,25257330,CELL
P120193428,BIPD,11/30/2012 0:00,1616,220,PARFITT WAY SW,122383300,23192900,WC4
P120193457,BIPD,11/30/2012 0:00,1653,,ILLAHEE RD NE / OHANA PL NE,120370435,23627445,ASSIS3
P120193534,BIPD,11/30/2012 0:00,1943,301,HIGH SCHOOL RD NE,122491500,23645900,THEFT3
P120197547,BIPD,12/7/2012 0:00,2159,,NORTH MADISON AVE NE / NE TIMBERLANE PL,122453663,24488795,T
P120193567,BIPD,11/30/2012 0:00,2057,4300,NE OLD MILL RD,122492300,22471250,FU
P120197624,BIPD,12/8/2012 0:00,0051,403,MADISON AVE N,122430200,23357500,MVCG
P120197679,BIPD,12/8/2012 0:00,0359,10102,EDGECOMBE PL NE,122508750,24293900,HARAS3
P120193620,BIPD,11/30/2012 0:00,2249,,ALLENS COVE LN NE / EUCLID AVE NE,122415315,25916718,LOUDP4
P120194043,BIPD,12/1/2012 0:00,1743,829,NE HIGH SCHOOL RD,122683050,23596550,WC3
P120198077,BIPD,12/8/2012 0:00,2153,,NE NEW BROOKLYN RD / SPORTSMAN CLUB RD NE,122235375,23919324,T
P120198142,BIPD,12/9/2012 0:00,0007,,NE DAY RD E / STATE HWY 305 NE,122023402,25247379,T
P120198119,BIPD,12/8/2012 0:00,2319,625,WINSLOW WAY E,122607400,23236100,WRT3
P120010859,BIPD,1/21/2012 0:00,1225,8241,NE BLAKELY HEIGHTS CT,121931650,22571700,FU
P120006272,BIPD,1/12/2012 0:00,0024,253,HIGH SCHOOL RD NE,122470100,23646300,UNKNO3
P120011132,BIPD,1/21/2012 0:00,2144,9918,NE VALLEY RD,122570540,24701163,FU
P120006774,BIPD,1/12/2012 0:00,2204,,NE HIDDEN COVE RD / STATE HWY 305 NE,121741136,25661125,T
P120006912,BIPD,1/13/2012 0:00,0503,1278,FERNCLIFF AVE NE,122700100,23633300,ALRA
P120007151,BIPD,1/13/2012 0:00,1455,9330,NE HIGH SCHOOL RD,122363800,23666100,TRAFF3
P120198165,BIPD,12/9/2012 0:00,0053,256,SHANNON DR SE,122476467,23171044,PC4
P120198212,BIPD,12/9/2012 0:00,0346,,NE BUSINESS PARK LN / SPORTSMAN CLUB RD NE,122322118,24094785,PC4
P120198420,BIPD,12/9/2012 0:00,1450,,SPORTSMAN CLUB RD NE / STATE HWY 305 NE,122395136,24298387,MVCA
P120194209,BIPD,12/1/2012 0:00,2344,,MADISON AVE N / STATE HWY 305 NE,122472543,23963078,T
P120194258,BIPD,12/2/2012 0:00,0147,,HIGH SCHOOL RD NE / STATE HWY 305 NE,122571082,23644469,FI
P120194366,BIPD,12/2/2012 0:00,1031,,NE BAKER HILL RD / CRYSTAL SPRINGS DR NE,121104356,22723615,FI
P120198748,BIPD,12/10/2012 0:00,0900,2710,TOE JAM HILL RD NE,122757889,21906602,RECKL4
P120194747,BIPD,12/3/2012 0:00,0607,,STATE HWY 305 NE / WINSLOW WAY E,122597069,23245490,T
P120195113,BIPD,12/3/2012 0:00,1712,,NE DAY RD E / NORTH MADISON AVE NE,122468811,25230896,MVCG
P120195476,BIPD,12/4/2012 0:00,1108,7834,NE LOVGREEN RD E,122195563,24976078,WC3
P120196489,BIPD,12/6/2012 0:00,0437,625,WINSLOW WAY E,122607400,23236100,WRT3
P120199140,BIPD,12/10/2012 0:00,2009,,AGATE PASS BRG / STATE HWY 305 NE,121418990,26448541,DUI3
P120199209,BIPD,12/10/2012 0:00,2233,499,OLYMPIC DR SE,122674000,23182900,RUNAW4
P120192993,BIPD,11/29/2012 0:00,1903,907,CARVER ST,118435000,20790500,MEDIA
P120199784,BIPD,12/11/2012 0:00,2250,270,OLYMPIC DR SE,122674150,23183550,SUSPI3
P120199833,BIPD,12/12/2012 0:00,0047,5842,WARD AVE NE,122596758,22918005,PC4
P120200234,BIPD,12/12/2012 0:00,1902,,FLETCHER BAY RD NE / NE HIGH SCHOOL RD,121498530,23670902,DUI3
P120200307,BIPD,12/12/2012 0:00,2156,907,CARVER ST,118435000,20790500,MEDIA
P120200408,BIPD,12/13/2012 0:00,0704,,SPORTSMAN CLUB RD NE / STATE HWY 305 NE,122395136,24298387,T
P120200437,BIPD,12/13/2012 0:00,0829,,BLAKELY AVE NE / NE MABREY LN,122006479,22647954,T
P120200477,BIPD,12/13/2012 0:00,0950,,MADISON AVE N / WYATT WAY NE,122430637,23382031,TRAFF3
P120193145,BIPD,11/30/2012 0:00,0411,10102,EDGECOMBE PL NE,122508750,24293900,BURGL1
P120196692,BIPD,12/6/2012 0:00,1348,657,MOJI LN NW,122255550,23478000,SUSPI4
P120007387,BIPD,1/13/2012 0:00,2030,,FLETCHER BAY RD NE / MILLER RD NE,121365750,23936543,MVC4
P120011452,BIPD,1/22/2012 0:00,1453,625,WINSLOW WAY E,122607400,23236100,MISC5
P120007400,BIPD,1/13/2012 0:00,2109,,NE DAY LILY LN / POLLYS LN NE,122668647,23678621,CELL
P120011567,BIPD,1/22/2012 0:00,2012,499,OLYMPIC DR SE,122674000,23182900,DV3
P120011840,BIPD,1/23/2012 0:00,1100,9330,NE HIGH SCHOOL RD,122363800,23666100,FU
P120008293,BIPD,1/15/2012 0:00,1707,8386,FLETCHER BAY RD NE,121488550,23821650,REPOS
P120200869,BIPD,12/13/2012 0:00,2136,157,WINSLOW WAY E,122447800,23242600,SUSPI3
P120200938,BIPD,12/14/2012 0:00,0220,,NE HIGH SCHOOL RD / MADISON AVE N,122433634,23644002,UNKNO3
P120193152,BIPD,11/30/2012 0:00,0453,,PHELPS RD NE / NE SUMANEE PL,122130546,25457993,TRAFF3
P120201073,BIPD,12/14/2012 0:00,1028,9047,SPORTSMAN CLUB RD NE,122286071,24004468,PC4
P120193251,BIPD,11/30/2012 0:00,1007,,SPORTSMAN CLUB RD NE / STATE HWY 305 NE,122395136,24298387,T
P120193281,BIPD,11/30/2012 0:00,1102,600,ERICKSEN AVE NE,122551750,23408250,WC911
P120197438,BIPD,12/7/2012 0:00,1745,10597,MANDUS OLSON RD NE,121745750,24453650,ALRP
P120197443,BIPD,12/7/2012 0:00,1804,10597,MANDUS OLSON RD NE,121745750,24453650,ALRP
P120202095,BIPD,12/15/2012 0:00,1528,,CAPSTAN DR NE / NE HELMSMAN CT,122211662,23705641,RECKL3
P120197474,BIPD,12/7/2012 0:00,1912,9918,NE VALLEY RD,122570540,24701163,CIVIL3
P120202276,BIPD,12/15/2012 0:00,2349,,"XY(122346817,22566660)",122346817,22566660,UNKNO3
P120202480,BIPD,12/16/2012 0:00,1246,10770,NORTH MADISON AVE NE,122478100,24546950,WC3
P120197597,BIPD,12/7/2012 0:00,2342,970,WINSLOW WAY E,122719650,23255700,ALRA
P120197793,BIPD,12/8/2012 0:00,1109,7030,NE DOLPHIN DR,121687050,26317050,FU
P120202840,BIPD,12/17/2012 0:00,0758,,EDGECOMBE PL NE / MANITOU BEACH DR NE,122500033,24305152,TRAFF3
P120202848,BIPD,12/17/2012 0:00,0804,12581,NORTH MADISON AVE NE,122467494,25166792,PC4
P120197927,BIPD,12/8/2012 0:00,1626,8240,NE BAKER HILL RD,121959550,22612900,DV3
P120202992,BIPD,12/17/2012 0:00,1218,5785,NE FOSTER RD,121206050,23900050,FRAUD4
P120202994,BIPD,12/17/2012 0:00,1221,5415,NE OLD MILL RD,122120200,22809850,WIRESF
P120203009,BIPD,12/17/2012 0:00,1250,103,WINSLOW WAY E,122428503,23249365,FU
P120203037,BIPD,12/17/2012 0:00,1337,712,CHERRY AVE NE,122964850,23441600,WC911
P120198509,BIPD,12/9/2012 0:00,1805,907,CARVER ST,118435000,20790500,MEDIA
P120198487,BIPD,12/9/2012 0:00,1731,4190,LYTLE RD NE,121922550,22447350,BLSP
P120198789,BIPD,12/10/2012 0:00,1014,1808,EAGLE HARBOR LN NE,122137577,23143886,FU
P120198819,BIPD,12/10/2012 0:00,1107,9870,NE VALLEY RD,122558495,24701431,CIVIL4
P120203131,BIPD,12/17/2012 0:00,1535,7873,NE DAY RD W,121902639,25251576,WC911
P120198869,BIPD,12/10/2012 0:00,1228,271,WINSLOW WAY E,122484900,23247700,THEFT4
P120198977,BIPD,12/10/2012 0:00,1525,8916,FERNCLIFF AVE NE,122757400,23935450,POV3
P120203302,BIPD,12/17/2012 0:00,2221,,NE HIGH SCHOOL RD / HORIZON VIEW PL NW,122310438,23631740,CELL
P120203327,BIPD,12/17/2012 0:00,2334,,NE KOURA RD / STATE HWY 305 NE,122310217,24709702,T
P120203442,BIPD,12/18/2012 0:00,0819,7858,NE BUCKLIN HILL RD,121878951,23135921,PC4
P120198992,BIPD,12/10/2012 0:00,1544,8916,FERNCLIFF AVE NE,122757400,23935450,TRANS
P120203640,BIPD,12/18/2012 0:00,1337,625,WINSLOW WAY E,122607400,23236100,MISC3
P120199430,BIPD,12/11/2012 0:00,1058,625,WINSLOW WAY E,122607400,23236100,MISC4
P120200781,BIPD,12/13/2012 0:00,1805,,HIGH SCHOOL RD NE / STATE HWY 305 NE,122571082,23644469,ASSIS3
P120200807,BIPD,12/13/2012 0:00,1853,,NE DAY RD E / STATE HWY 305 NE,122023402,25247379,DUI3
P120204254,BIPD,12/19/2012 0:00,1417,7364,MADRONA DR NE,123113200,23435550,ALRA
P120204267,BIPD,12/19/2012 0:00,1440,299,SHANNON DR SE,122508700,23164500,PC3
P120204402,BIPD,12/19/2012 0:00,1903,907,CARVER ST,118435000,20790500,MEDIA
P120196854,BIPD,12/6/2012 0:00,1807,,NE KOURA RD / STATE HWY 305 NE,122310217,24709702,RECKL3
P120204497,BIPD,12/20/2012 0:00,0037,,NE EMERALD WAY / LYNWOOD CENTER RD NE,121767657,22803396,T
P120197117,BIPD,12/7/2012 0:00,0937,200-BLK,WINSLOW WAY E,122461213,23248350,PC4
P120204564,BIPD,12/20/2012 0:00,0745,4776,BLAKELY AVE NE,122017867,22592019,MISC3
P120197361,BIPD,12/7/2012 0:00,1537,343,WINSLOW WAY E,122501900,23247000,ASSIS3
P120197309,BIPD,12/7/2012 0:00,1432,13921,SILVEN AVE NE,121400750,25628250,DOAA
P120204618,BIPD,12/20/2012 0:00,0942,,NE MORGAN RD / STATE HWY 305 NE,122252700,24842450,T
P120201944,BIPD,12/15/2012 0:00,0908,,NE HIGH SCHOOL RD / MADISON AVE N,122433634,23644002,T
P120204782,BIPD,12/20/2012 0:00,1428,653,WINSLOW WAY E,122610452,23245083,MISC3
P120202140,BIPD,12/15/2012 0:00,1711,8139,NE BECK RD,121883150,22322850,LOSTP4
P120202719,BIPD,12/16/2012 0:00,2312,285,MADISON AVE S,122426500,23199000,T
P120205140,BIPD,12/21/2012 0:00,0210,9330,NE HIGH SCHOOL RD,122363800,23666100,FI
P120202781,BIPD,12/17/2012 0:00,0420,,AGATE PASS BRG / STATE HWY 305 NE,121418990,26448541,RECKL3
P120205196,BIPD,12/21/2012 0:00,0734,12756,NORTH MADISON AVE NE,122468557,25218427,PC4
P120205282,BIPD,12/21/2012 0:00,1027,4060,POINT WHITE DR NE,121485000,22363300,BURGL4
P120202946,BIPD,12/17/2012 0:00,1116,3682,PLEASANT BEACH DR NE,121997950,22250600,THEFT4
P120203012,BIPD,12/17/2012 0:00,1253,5415,NE OLD MILL RD,122120200,22809850,WIRESF
P120205820,BIPD,12/22/2012 0:00,0329,15347,SUQUAMISH WAY NE,121270800,26509200,ASSIS3
P120203033,BIPD,12/17/2012 0:00,1323,7183,NE EAGLE HARBOR DR,121966252,23376108,FRAUD4
P120203047,BIPD,12/17/2012 0:00,1351,505,MADRONA WAY NE,122490060,23307041,THEFT4
P120205998,BIPD,12/22/2012 0:00,1403,215,FINCH PL SW,122403500,23209000,WC911
P120203111,BIPD,12/17/2012 0:00,1513,465,WINSLOW WAY E,122543850,23233600,ALSP
P120203239,BIPD,12/17/2012 0:00,1916,,EAKIN DR NW / GOWEN PL NW,122116364,23398863,CELL
P120206179,BIPD,12/22/2012 0:00,2017,,DEAD END / NE PARK VIEW DR,122401285,21621953,CELL
P120206315,BIPD,12/23/2012 0:00,0105,253,HIGH SCHOOL RD NE,122470100,23646300,FI
P120206320,BIPD,12/23/2012 0:00,0122,,NE KOURA RD / STATE HWY 305 NE,122310217,24709702,T
P120203263,BIPD,12/17/2012 0:00,2016,9631,SUMMER HILL LN NE,122025350,24272950,DOAA
P120203512,BIPD,12/18/2012 0:00,1016,12681,MILLER RD NE,121931100,25217400,WC911
P120206678,BIPD,12/23/2012 0:00,2203,499,OLYMPIC DR SE,122674000,23182900,UNKNO3
P120203951,BIPD,12/19/2012 0:00,0133,,REITAN RD NE / STATE HWY 305 NE,121501742,26370270,T
P120204025,BIPD,12/19/2012 0:00,0806,7385,NE DOLPHIN DR,121716950,26246450,WIRESU
P120011982,BIPD,1/23/2012 0:00,1449,1025,BURWELL ST,119574100,21120800,FI
P120008339,BIPD,1/15/2012 0:00,1819,,NE LOVGREEN RD E / STATE HWY 305 NE,122193914,24976129,FU
P120008766,BIPD,1/16/2012 0:00,1700,605,HEWITT AVE,119367467,21222536,ASSIS3
P120008820,BIPD,1/16/2012 0:00,1916,907,CARVER ST,118435000,20790500,MEDIA
P120008843,BIPD,1/16/2012 0:00,2049,,BLAKELY AVE NE / NE ODD FELLOWS RD,122237383,22290522,T
P120012278,BIPD,1/24/2012 0:00,0544,220,OLYMPIC DR SE,122625200,23218600,ALRA
P120012458,BIPD,1/24/2012 0:00,1305,541,HOMESTEAD LN,122473100,23418200,THEFT4
P120009099,BIPD,1/17/2012 0:00,1224,10340,NORTH MADISON AVE NE,122452400,24418800,T
P120009112,BIPD,1/17/2012 0:00,1300,9330,NE HIGH SCHOOL RD,122363800,23666100,PC3
P120013243,BIPD,1/25/2012 0:00,1527,,MANZANITA LN NE / PETERSON HILL RD NE,121668562,24925960,WIRESF
P120009242,BIPD,1/17/2012 0:00,1805,,NE NEW BROOKLYN RD / SANDS AVE NE,121914537,23931258,TRAFF3
P120009366,BIPD,1/18/2012 0:00,0100,299,SHANNON DR SE,122508700,23164500,PC3
P120204247,BIPD,12/19/2012 0:00,1351,625,WINSLOW WAY E,122607400,23236100,MISC3
P120204481,BIPD,12/19/2012 0:00,2317,,GROW PL NW / SHEPARD WAY NW,122343098,23332571,CELL
P120200973,BIPD,12/14/2012 0:00,0658,1200,HILDEBRAND LN NE,122551100,23614700,FRAUD4
P120207297,BIPD,12/25/2012 0:00,0538,625,WINSLOW WAY E,122607400,23236100,MISC4
P120201215,BIPD,12/14/2012 0:00,1423,625,WINSLOW WAY E,122607400,23236100,MISC4
P120204526,BIPD,12/20/2012 0:00,0345,200,HIGH SCHOOL RD NE,122476500,23646200,SFC
P120201654,BIPD,12/14/2012 0:00,2243,,BATTLE POINT DR NE / MILLER RD NE,121350327,24126968,T
P120207756,BIPD,12/26/2012 0:00,1103,9631,NE WATCH HILL DR,122425650,21478150,ALRA
P120207838,BIPD,12/26/2012 0:00,1349,121,WALLACE WAY NE,122440642,23514504,MISC3
P120207851,BIPD,12/26/2012 0:00,1408,,MADISON AVE N / STATE HWY 305 NE,122472543,23963078,TRAFF3
P120204715,BIPD,12/20/2012 0:00,1251,625,WINSLOW WAY E,122607400,23236100,FU
P120208110,BIPD,12/27/2012 0:00,0542,,NE HIDDEN COVE RD / STATE HWY 305 NE,121741136,25661125,TRAFF3
P120205009,BIPD,12/20/2012 0:00,2005,,NE KOURA RD / STATE HWY 305 NE,122310217,24709702,WC3
P120208567,BIPD,12/28/2012 0:00,0050,,MADISON AVE N / STATE HWY 305 NE,122472543,23963078,T
P120205177,BIPD,12/21/2012 0:00,0616,113,GROW AVE NW,122330782,23258459,MISC3
P120208846,BIPD,12/28/2012 0:00,1451,13909,ELLINGSEN RD NE,122339807,25650198,MALIC3
P120205275,BIPD,12/21/2012 0:00,1018,,NORTH TOWN DR NE / SPORTSMAN CLUB RD NE,122294142,24024195,T
P120205406,BIPD,12/21/2012 0:00,1344,15446,SUNRISE DR NE,122763600,26092300,ORDNA4
P120209269,BIPD,12/29/2012 0:00,1141,10633,NE SOUTH BEACH DR,122703922,21415521,SUSPI3
P120205660,BIPD,12/21/2012 0:00,2059,,BJUNE DR SE / WINSLOW WAY E,122533107,23245903,DV3
P120209524,BIPD,12/29/2012 0:00,2028,8376,NE SUMANEE PL,122034950,25510300,ALSP
P120205827,BIPD,12/22/2012 0:00,0359,4853,NE TOTTEN RD,120989800,26812450,FU
P120209609,BIPD,12/29/2012 0:00,2316,8376,NE SUMANEE PL,122034950,25510300,FU
P120205851,BIPD,12/22/2012 0:00,0722,10886,NE OCEAN DR,122896897,24573145,PC4
P120209663,BIPD,12/30/2012 0:00,0137,,GROW AVE NW / NE HIGH SCHOOL RD,122337828,23651155,FI
P120209717,BIPD,12/30/2012 0:00,0503,,NE DAY RD E / STATE HWY 305 NE,122023402,25247379,T
P120206045,BIPD,12/22/2012 0:00,1551,,NE BECK RD / WEST BLAKELY RD NE,122036800,22335190,T
P120206178,BIPD,12/22/2012 0:00,2015,,"XY(122346817,22566660)",122346817,22566660,CELL
P120206451,BIPD,12/23/2012 0:00,1232,343,WINSLOW WAY E,122501900,23247000,MVC4
P120206656,BIPD,12/23/2012 0:00,2052,4110,BIRKLAND RD NE,122123150,22380150,GUNVI3
P120210428,BIPD,12/31/2012 0:00,1635,4187,PLEASANT BEACH DR NE,121778350,22400450,THEFT4
P120210466,BIPD,12/31/2012 0:00,1747,,"XY(122047235,24219858)",122047235,24219858,CELL
P120210507,BIPD,12/31/2012 0:00,1915,8437,KATY LN NE,122061100,24733650,ANIMA3
P120206683,BIPD,12/23/2012 0:00,2211,,NE COUNTRY CLUB RD / FORT WARD HILL RD NE,122444940,22146864,MVCG
P120206804,BIPD,12/24/2012 0:00,0731,,NE HIDDEN COVE RD / STATE HWY 305 NE,121741136,25661125,DUI3
P120206864,BIPD,12/24/2012 0:00,1014,,STATE HWY 305 NE / WINSLOW WAY E,122597069,23245490,TRAFF3
P120207130,BIPD,12/24/2012 0:00,2012,8294,NE LOVGREEN RD W,122051050,24992700,UNKNO3
P120207192,BIPD,12/24/2012 0:00,2226,,NE NEW BROOKLYN RD / SANDS AVE NE,121914537,23931258,FI
P120207317,BIPD,12/25/2012 0:00,0831,499,OLYMPIC DR SE,122674000,23182900,T
P120207440,BIPD,12/25/2012 0:00,1541,499,OLYMPIC DR SE,122674000,23182900,THEFT3
P120207483,BIPD,12/25/2012 0:00,1733,,AGATE PASS BRG / STATE HWY 305 NE,121418990,26448541,DUI3
P120204571,BIPD,12/20/2012 0:00,0811,8925,SPORTSMAN CLUB RD NE,122265921,23959227,PC4
P120204577,BIPD,12/20/2012 0:00,0831,9354,NE HIGH SCHOOL RD,122353676,23650571,MISC3
P120208428,BIPD,12/27/2012 0:00,1918,907,CARVER ST,118435000,20790500,MEDIA
P120208742,BIPD,12/28/2012 0:00,1206,283,TORMEY LN NE,122495450,23586100,WC3
P120208920,BIPD,12/28/2012 0:00,1708,13909,ELLINGSEN RD NE,122339807,25650198,SUSPI3
P120209137,BIPD,12/29/2012 0:00,0111,,AARON AVE / HIGH SCHOOL RD NE,122843678,23627900,T
P120209343,BIPD,12/29/2012 0:00,1427,,SPORTSMAN CLUB RD NE / STATE HWY 305 NE,122395136,24298387,RECKL3
P120209591,BIPD,12/29/2012 0:00,2252,,STATE HWY 305 NE / NE WEST PORT MADISON RD,121590699,26041540,T
P120209655,BIPD,12/30/2012 0:00,0119,,NE OLD CREOSOTE HILL RD / TAYLOR AVE NE,122678684,22716853,FI
P120209758,BIPD,12/30/2012 0:00,0955,,"XY(122322012,23821574)",122322012,23821574,CELL
P120209931,BIPD,12/30/2012 0:00,1753,499,OLYMPIC DR SE,122674000,23182900,WC911
P120209984,BIPD,12/30/2012 0:00,1955,,NE LAFAYETTE AVE / WASHINGTON AVE NE,122411423,26097414,FIREW4
P120210200,BIPD,12/31/2012 0:00,0950,10255,NE VALLEY RD,122674600,24698700,TRANS
P120207703,BIPD,12/26/2012 0:00,0909,8225,NE HIGH SCHOOL RD,121992500,23645500,TRAFF3
P120207967,BIPD,12/26/2012 0:00,1838,907,CARVER ST,118435000,20790500,MEDIA
P120005262,BIPD,1/10/2012 0:00,1033,382,MADISON AVE N,122429977,23351526,POV3
P120013558,BIPD,1/26/2012 0:00,0633,4157,POINT WHITE DR NE,121452350,22403150,REPOS
P120005493,BIPD,1/10/2012 0:00,1631,253,HIGH SCHOOL RD NE,122470100,23646300,ASSIS4
P120010000,BIPD,1/19/2012 0:00,1458,11954,MILLER RD NE,121741214,24987825,CHILD4
P120010407,BIPD,1/20/2012 0:00,1354,,FIR ACRES DR NW / GIDEON LN NW,122329782,23429185,CELL
P120010432,BIPD,1/20/2012 0:00,1501,1220,HILDEBRAND LN NE,122550200,23631100,ASSIS4
P120010769,BIPD,1/21/2012 0:00,0740,7070,NE EAGLE HARBOR DR,121972000,23357300,T
P120010872,BIPD,1/21/2012 0:00,1247,502,PIERCE CT NW,122294800,23412450,TRAFF4
P120013876,BIPD,1/26/2012 0:00,1639,343,WINSLOW WAY E,122501900,23247000,UNKNO3
P120011175,BIPD,1/21/2012 0:00,2323,253,HIGH SCHOOL RD NE,122470100,23646300,THEFT4
P120011339,BIPD,1/22/2012 0:00,1024,,"XY(121348753,23882637)",121348753,23882637,CELL
P120011346,BIPD,1/22/2012 0:00,1048,16211,EUCLID AVE NE,122360712,26034638,WC911
P120014577,BIPD,1/27/2012 0:00,2013,,LYNWOOD CENTER RD NE / POINT WHITE DR NE,121758992,22525846,T
P120014843,BIPD,1/28/2012 0:00,0816,300,HIGH SCHOOL RD NE,122506200,23645600,MISC3
P120011359,BIPD,1/22/2012 0:00,1122,7143,ISLAND CENTER RD NE,121604267,23341196,FU
P120011488,BIPD,1/22/2012 0:00,1627,907,CARVER ST,118435000,20790500,MEDIA
P120015147,BIPD,1/28/2012 0:00,1957,,"XY(122277299,24073213)",122277299,24073213,CELL
P120015195,BIPD,1/28/2012 0:00,2217,,ALMA PL NE / NE SEABOLD RD,121564990,26043092,SUSPI4
P120011907,BIPD,1/23/2012 0:00,1239,,NE HIGH SCHOOL RD / MADISON AVE N,122439864,23649989,MVCG
P120015491,BIPD,1/29/2012 0:00,1230,300,HIGH SCHOOL RD NW,122250788,23654453,MISC4
P120012182,BIPD,1/23/2012 0:00,2254,8553,NE DAY RD E,122118900,25224300,PC3
P120012193,BIPD,1/23/2012 0:00,2333,241,WINSLOW WAY W,122377000,23251900,PC3
P120012213,BIPD,1/24/2012 0:00,0029,299,SHANNON DR SE,122508700,23164500,PC3
P120012594,BIPD,1/24/2012 0:00,1610,14537,MISTY VALE PL NE,122714350,25811150,SUICIB
P120012939,BIPD,1/25/2012 0:00,0436,,ERICKSEN AVE NE / WINSLOW WAY E,122525612,23245942,T
P120015846,BIPD,1/30/2012 0:00,0756,,NE NEW BROOKLYN RD / SPORTSMAN CLUB RD NE,122235375,23919324,T
P120015866,BIPD,1/30/2012 0:00,0842,625,WINSLOW WAY E,122607400,23236100,TRANS
P120013410,BIPD,1/25/2012 0:00,2047,,MANITOU BEACH DR NE / NORTH MADISON AVE NE,122430015,24309046,T
P120016060,BIPD,1/30/2012 0:00,1352,,"XY(122706692,23141823)",122706692,23141823,CELL
P120016041,BIPD,1/30/2012 0:00,1323,16622,EUCLID AVE NE,122400200,25898350,SUSPI3
P120016108,BIPD,1/30/2012 0:00,1505,,NE ERIC AVE / NORTH MADISON AVE NE,122465182,25055163,FI
P120013451,BIPD,1/25/2012 0:00,2247,,"XY(121957946,23676743)",121957946,23676743,CELL
P120013502,BIPD,1/26/2012 0:00,0100,,NE HIDDEN COVE RD / STATE HWY 305 NE,121741136,25661125,T
P120016230,BIPD,1/30/2012 0:00,1826,,PHELPS RD NE / NE SUMANEE PL,122130546,25457993,SUSPI3
P120016254,BIPD,1/30/2012 0:00,1917,363,TORMEY LN NE,122495700,23592650,SUSPI4
P120016482,BIPD,1/31/2012 0:00,0912,625,WINSLOW WAY E,122607400,23236100,MISC4
P120009617,BIPD,1/18/2012 0:00,1435,,"XY(122346810,22566296)",122346810,22566296,CELL
P120009628,BIPD,1/18/2012 0:00,1458,,NE EAGLE HARBOR DR / TAYLOR AVE NE,122682500,22853961,MVCG
P120010011,BIPD,1/19/2012 0:00,1512,,"XY(121462394,23120812)",121462394,23120812,CELL
P120013717,BIPD,1/26/2012 0:00,1228,625,WINSLOW WAY E,122607400,23236100,MISC3
P120017160,BIPD,2/1/2012 0:00,1410,282,KNECHTEL WAY NE,122487800,23447100,ALS
P120013779,BIPD,1/26/2012 0:00,1404,9350,NE HIGH SCHOOL RD,122411800,23664400,THEFT4
P120013811,BIPD,1/26/2012 0:00,1457,11054,NORTH MADISON AVE NE,122487100,24648450,WRT2
P120017280,BIPD,2/1/2012 0:00,1720,1049,BLUE HERON AVE NE,122474350,23562400,SUSPI3
P120013865,BIPD,1/26/2012 0:00,1624,,NE DAY RD E / STATE HWY 305 NE,122023402,25247379,MVC3
P120017529,BIPD,2/2/2012 0:00,0306,100,RAVINE LN NE,122582221,23267030,PC3
P120017595,BIPD,2/2/2012 0:00,0840,,NE HIGH SCHOOL RD / HORIZON VIEW PL NW,122310438,23631740,CELL
P120013973,BIPD,1/26/2012 0:00,2031,,MADISON AVE N / WINSLOW WAY E,122427660,23249390,TRAFF3
P120014405,BIPD,1/27/2012 0:00,1446,465,WINSLOW WAY E,122543850,23233600,THEFT4
P120017758,BIPD,2/2/2012 0:00,1433,,NORTH MADISON AVE NE / NE VIEWCREST AVE,122464384,25016000,ANIMA3
P120018052,BIPD,2/3/2012 0:00,0045,8355,NE DAY RD E,122064100,25221100,T
P120018142,BIPD,2/3/2012 0:00,0753,,ERICKSEN AVE NE / WALLACE WAY NE,122531605,23512269,WC3
P120018144,BIPD,2/3/2012 0:00,0805,,NORTH MADISON AVE NE / NE VALLEY RD,122457917,24703521,T
P120014463,BIPD,1/27/2012 0:00,1549,403,MADISON AVE N,122430200,23357500,FI
P120018193,BIPD,2/3/2012 0:00,0937,625,WINSLOW WAY E,122607400,23236100,TRANS
P120018572,BIPD,2/3/2012 0:00,1858,9330,NE HIGH SCHOOL RD,122363800,23666100,PC3
P120018675,BIPD,2/3/2012 0:00,2241,,LYNWOOD CENTER RD NE / POINT WHITE DR NE,121758992,22525846,T
P120014956,BIPD,1/28/2012 0:00,1329,15798,STATE HWY 305 NE,121419100,26448500,ANIMA3
P120018977,BIPD,2/4/2012 0:00,1314,3169,SAND DOLLAR RD W,117970900,20434800,RECOV4
P120015075,BIPD,1/28/2012 0:00,1714,907,CARVER ST,118435000,20790500,MEDIA
P120019492,BIPD,2/5/2012 0:00,1141,18480,SUQUAMISH WAY NE,121557700,27040300,MISC4
P120019541,BIPD,2/5/2012 0:00,1314,299,SHANNON DR SE,122508700,23164500,THEFT4
P120015305,BIPD,1/29/2012 0:00,0103,,NE HIGH SCHOOL RD / SANDS AVE NE,121907925,23666959,FOUND4
P120020228,BIPD,2/6/2012 0:00,1532,,BLAKELY AVE NE / NE ODD FELLOWS RD,122237383,22290522,T
P120020392,BIPD,2/6/2012 0:00,2136,,BLAKELY AVE NE / NE ODD FELLOWS RD,122237383,22290522,T
P120015540,BIPD,1/29/2012 0:00,1419,4590,ISLAND AVE NE,121373950,22541000,SFR
P120020929,BIPD,2/7/2012 0:00,1939,625,WINSLOW WAY E,122607400,23236100,FI
P120015630,BIPD,1/29/2012 0:00,1808,,SPORTSMAN CLUB RD NE / STATE HWY 305 NE,122395136,24298387,DUI3
P120015643,BIPD,1/29/2012 0:00,1859,10000,MILLER RD NE,121434034,24330632,T
P120015654,BIPD,1/29/2012 0:00,1921,,GILMORE WAY NE / WINSLOW WAY E,122615981,23254352,CELL
P120015717,BIPD,1/29/2012 0:00,2235,8820,MILLER RD NE,121371100,23950600,FI
P120015813,BIPD,1/30/2012 0:00,0506,,"XY(121619716,26720261)",121619716,26720261,CELL
P120022310,BIPD,2/10/2012 0:00,0901,,ARROW POINT DR NE / MILLER RD NE,121550644,24644417,T
P120016006,BIPD,1/30/2012 0:00,1219,8800,NE ODD FELLOWS RD,122103373,22283264,T
P120016214,BIPD,1/30/2012 0:00,1804,157,WINSLOW WAY E,122447800,23242600,SHOPL4
P120016219,BIPD,1/30/2012 0:00,1812,907,CARVER ST,118435000,20790500,MEDIA
P120022699,BIPD,2/10/2012 0:00,1930,300,WINSLOW WAY E,122494670,23247424,FI
P120013577,BIPD,1/26/2012 0:00,0735,,NE EMERALD WAY / LYNWOOD CENTER RD NE,121767657,22803396,MALIC4
P120023184,BIPD,2/11/2012 0:00,1614,,NE JUSTIN CT / MILLER RD NE,121500047,24497860,T
P120023226,BIPD,2/11/2012 0:00,1724,829,HIGH SCHOOL RD NE,122672300,23642200,ALRFCP
P120013718,BIPD,1/26/2012 0:00,1229,16942,NE SANWICK PL,121638244,26675743,ALRA
P120017191,BIPD,2/1/2012 0:00,1455,9330,NE HIGH SCHOOL RD,122363800,23666100,UNKNO3
P120023764,BIPD,2/12/2012 0:00,1634,257,CAMELIA LOOP NE,122466391,23579478,UNKNOB
P120023894,BIPD,2/12/2012 0:00,2154,12875,MANZANITA RD NE,121475100,25263150,FU
P120023930,BIPD,2/12/2012 0:00,2339,155,WINSLOW WAY E,122443000,23237100,OPEN3
P120017205,BIPD,2/1/2012 0:00,1516,9330,NE HIGH SCHOOL RD,122363800,23666100,TRANS
P120024002,BIPD,2/13/2012 0:00,0627,,GROW AVE NW / WALLACE WAY NW,122334859,23518094,T
P120017415,BIPD,2/1/2012 0:00,2132,907,CARVER ST,118435000,20790500,MEDIA
P120024109,BIPD,2/13/2012 0:00,1125,10994,ARROW POINT DR NE,121156550,24665800,ASSIS3
P120017591,BIPD,2/2/2012 0:00,0831,8595,NE DAY RD E,122160250,25135450,GUNVI4
P120017667,BIPD,2/2/2012 0:00,1117,,SPORTSMAN CLUB RD NE / STATE HWY 305 NE,122395136,24298387,TRAFF3
P120018184,BIPD,2/3/2012 0:00,0926,10004,NORTH MADISON AVE NE,122398813,24300345,T
P120018741,BIPD,2/4/2012 0:00,0047,,NW BOVELA LN / VIKING AVE NW,119123520,27512142,ASSIS3
P120019278,BIPD,2/4/2012 0:00,2232,218,KNECHTEL WAY NE,122494750,23465450,FU
P120024510,BIPD,2/14/2012 0:00,0109,9330,NE HIGH SCHOOL RD,122363800,23666100,PC3
P120024867,BIPD,2/14/2012 0:00,1619,,SPORTSMAN CLUB RD NE / STATE HWY 305 NE,122395136,24298387,MVC3
P120024859,BIPD,2/14/2012 0:00,1610,9723,COPPERTOP LOOP NE,122371460,24101160,FI
P120020775,BIPD,2/7/2012 0:00,1524,,NE HIDDEN COVE RD / STATE HWY 305 NE,121741136,25661125,RECKL3
P120021018,BIPD,2/7/2012 0:00,2343,,MILLER RD NE / NE NEW BROOKLYN RD,121365750,23936543,T
P120021098,BIPD,2/8/2012 0:00,0810,4150,ROCKAWAY BEACH RD NE,122935900,22361350,FI
P120021515,BIPD,2/8/2012 0:00,2030,907,CARVER ST,118435000,20790500,MEDIA
P120021665,BIPD,2/9/2012 0:00,0705,8911,NE WARDWELL RD,122230900,24256950,ALRA
P120025531,BIPD,2/15/2012 0:00,1808,5562,BLAKELY AVE NE,121960360,22871159,FU
P120022249,BIPD,2/10/2012 0:00,0700,907,CARVER ST,118435000,20790500,MEDIA
P120025848,BIPD,2/16/2012 0:00,1123,,SPORTSMAN CLUB RD NE / STATE HWY 305 NE,122395136,24298387,RECKL3
P120026949,BIPD,2/18/2012 0:00,0929,380,WINSLOW WAY E,122507500,23253200,SUSPI4
P120022323,BIPD,2/10/2012 0:00,0910,,BJUNE DR SE / WINSLOW WAY E,122533107,23245903,T
P120022556,BIPD,2/10/2012 0:00,1505,15843,AGATE PASS BRG,121391000,26467600,WC2
P120022585,BIPD,2/10/2012 0:00,1530,601,HIGH SCHOOL RD NE,122587100,23628700,T
P120016971,BIPD,2/1/2012 0:00,0839,10450,ARROW POINT DR NE,121252550,24650150,PROWL4
P120016965,BIPD,2/1/2012 0:00,0832,,HIGH SCHOOL RD NW / PATMOS LN NW,122237663,23654874,ABAND4
P120017090,BIPD,2/1/2012 0:00,1229,225,HIGH SCHOOL RD NW,122240895,23654772,THREA4
P120028111,BIPD,2/20/2012 0:00,1706,253,HIGH SCHOOL RD NE,122470100,23646300,INFOP3
P120017095,BIPD,2/1/2012 0:00,1237,1220,HILDEBRAND LN NE,122550200,23631100,ASSIS4
P120023941,BIPD,2/13/2012 0:00,0033,,SPORTSMAN CLUB RD NE / STATE HWY 305 NE,122395136,24298387,T
P120024074,BIPD,2/13/2012 0:00,1033,7824,NE YEOMALT POINT DR,123098900,23585400,WC4
P120024163,BIPD,2/13/2012 0:00,1245,,NE HIDDEN COVE RD / PHELPS RD NE,122357064,25761218,T
P120024194,BIPD,2/13/2012 0:00,1329,825,HIGH SCHOOL RD NE,122670700,23642200,WC911
P120029626,BIPD,2/23/2012 0:00,1130,370,FIR ACRES DR NW,122359344,23474796,WC911
P120029677,BIPD,2/23/2012 0:00,1253,7410,NE OLSON FARM LN,121772500,24947450,PROWL4
P120029692,BIPD,2/23/2012 0:00,1317,625,WINSLOW WAY E,122607400,23236100,FU
P120024269,BIPD,2/13/2012 0:00,1524,,MILLER RD NE / NE TOLO RD,121433990,24330529,RECKL3
P120024268,BIPD,2/13/2012 0:00,1523,,"XY(122064576,24406280)",122064576,24406280,CELL
P120030196,BIPD,2/24/2012 0:00,1056,,NE LOFGREN RD / MORAN RD NE,122445705,24110420,FU
P120024353,BIPD,2/13/2012 0:00,1809,,NE BAKER HILL RD / LYNWOOD CENTER RD NE,121772402,22605337,MVC3
P120030302,BIPD,2/24/2012 0:00,1348,380,NICHOLSON PL NW,122257850,23361750,FRAUD4
P120024801,BIPD,2/14/2012 0:00,1433,305,MADISON AVE N,122413500,23319400,PC3
P120025054,BIPD,2/14/2012 0:00,2352,8222,NE CARMELLA LN,121948950,23583250,SUICIA
P120025294,BIPD,2/15/2012 0:00,1210,,NE DAY RD E / STATE HWY 305 NE,122023402,25247379,TRAFF3
P120025417,BIPD,2/15/2012 0:00,1531,625,WINSLOW WAY E,122607400,23236100,MISC5
P120025440,BIPD,2/15/2012 0:00,1559,,SPORTSMAN CLUB RD NE / STATE HWY 305 NE,122395136,24298387,T
P120031528,BIPD,2/26/2012 0:00,1951,624,MADISON AVE N,122443400,23416950,TRANS
P120025773,BIPD,2/16/2012 0:00,0833,,HIGH SCHOOL RD NE / STATE HWY 305 NE,122571082,23644469,TRAFF3
P120031817,BIPD,2/27/2012 0:00,1200,625,WINSLOW WAY E,122607400,23236100,FI
P120031792,BIPD,2/27/2012 0:00,1133,410,MADRONA WAY NE,122473959,23355934,FU
P120031921,BIPD,2/27/2012 0:00,1459,821,HIGH SCHOOL RD NE,122669100,23642300,FU
P120027069,BIPD,2/18/2012 0:00,1447,920,MADISON AVE N,122445900,23547300,SEXOF4
P120027117,BIPD,2/18/2012 0:00,1649,,NORTH MADISON AVE NE / PHELPS RD NE,122423110,25842563,TRAFF3
P120032419,BIPD,2/28/2012 0:00,1357,625,WINSLOW WAY E,122607400,23236100,MISC3
P120027137,BIPD,2/18/2012 0:00,1726,,NE JUSTIN CT / MILLER RD NE,121500047,24497860,T
P120027338,BIPD,2/19/2012 0:00,0017,,HENDERSON RD NE / NE HIDDEN COVE RD,121491223,25653561,T
P120033013,BIPD,2/29/2012 0:00,1614,,JOHN ADAMS LN NW / SHEPARD WAY NW,122376719,23317881,FU
P120022710,BIPD,2/10/2012 0:00,2010,,NORTH MADISON AVE NE / NE VALLEY RD,122457917,24703521,TRAFF3
P120027654,BIPD,2/19/2012 0:00,1839,,NE DAY RD W / MILLER RD NE,121978357,25249210,T
P120027740,BIPD,2/19/2012 0:00,2229,9350,NE HIGH SCHOOL RD,122411800,23664400,FI
P120023262,BIPD,2/11/2012 0:00,1832,,NE KOURA RD / STATE HWY 305 NE,122310217,24709702,DUI3
P120033665,BIPD,3/1/2012 0:00,2215,299,SHANNON DR SE,122508700,23164500,PC3
P120023417,BIPD,2/11/2012 0:00,2350,4804,CRYSTAL SPRINGS DR NE,121078400,22620150,SUSPI3
P120028506,BIPD,2/21/2012 0:00,1306,499,OLYMPIC DR SE,122674000,23182900,DV3
P120028797,BIPD,2/21/2012 0:00,2212,20183,VIKINGS CREST LOOP NE,119510449,27753761,ASSIS2
P120028950,BIPD,2/22/2012 0:00,0903,15734,POINT MONROE DR NE,122703622,26299572,CHILD5
P120034757,BIPD,3/3/2012 0:00,2026,11299,ARROW POINT DR NE,121068800,24696200,T
P120029706,BIPD,2/23/2012 0:00,1340,225,NE HIGH SCHOOL RD,122373600,23636900,HARAS4
P120035089,BIPD,3/4/2012 0:00,1255,499,OLYMPIC DR SE,122674000,23182900,ASSIS3
P120029953,BIPD,2/23/2012 0:00,2047,,HIGH SCHOOL RD NE / STATE HWY 305 NE,122571082,23644469,T
P120035245,BIPD,3/4/2012 0:00,1811,,MILLER RD NE / NE TOLO RD,121433990,24330529,T
P120035254,BIPD,3/4/2012 0:00,1828,,"XY(121861362,25447713)",121861362,25447713,CELL
P120030241,BIPD,2/24/2012 0:00,1210,5734,BATTLE POINT DR NE,121163450,24117950,WC911
P120030317,BIPD,2/24/2012 0:00,1412,4710,BLAKELY HEIGHTS DR NE,121885700,22574100,WC4
P120030726,BIPD,2/25/2012 0:00,0714,,STATE HWY 305 NE / WINSLOW WAY E,122597069,23245490,SUSPI3
P120030768,BIPD,2/25/2012 0:00,1010,408,MADRONA WAY NE,122473697,23355940,FU
P120030819,BIPD,2/25/2012 0:00,1200,410,MADRONA WAY NE,122473959,23355934,FU
P120030898,BIPD,2/25/2012 0:00,1439,408,MADRONA WAY NE,122473697,23355940,FU
P120036078,BIPD,3/6/2012 0:00,0948,,"XY(121261506,23486541)",121261506,23486541,CELL
P120031221,BIPD,2/26/2012 0:00,0307,,JOHN ADAMS LN NW / SHEPARD WAY NW,122376719,23317881,MVCG
P120031603,BIPD,2/26/2012 0:00,2336,,NE KOURA RD / STATE HWY 305 NE,122310217,24709702,T
P120036352,BIPD,3/6/2012 0:00,1813,,NE BUCKLIN HILL RD / NE EAGLE HARBOR DR,121966131,23304962,RECKL3
P120036580,BIPD,3/7/2012 0:00,0911,,"XY(121185009,24456970)",121185009,24456970,CELL
P120032241,BIPD,2/28/2012 0:00,0752,625,WINSLOW WAY E,122607400,23236100,TRANS
P120036737,BIPD,3/7/2012 0:00,1350,,FERNCLIFF AVE NE / WINSLOW WAY E,122689699,23243385,FOUND4
P120032833,BIPD,2/29/2012 0:00,1017,1305,KINGS PL NW,122247850,23663900,SUSPI3
P120032941,BIPD,2/29/2012 0:00,1418,403,MADISON AVE N,122430200,23357500,RECKL4
P120033155,BIPD,2/29/2012 0:00,2249,279,MADISON AVE N,122429300,23317900,TRANS
P120033492,BIPD,3/1/2012 0:00,1559,,BIG VALLEY RD NE / STATE HWY 3 NE,119559301,30326756,RECKL3
P120037399,BIPD,3/8/2012 0:00,1606,,"XY(121320181,24352488)",121320181,24352488,CELL
P120033496,BIPD,3/1/2012 0:00,1607,16301,CREATIVE DR NE,120449800,26435100,T
P120037656,BIPD,3/9/2012 0:00,0136,299,SHANNON DR SE,122508700,23164500,PC3
P120033597,BIPD,3/1/2012 0:00,1913,625,WINSLOW WAY E,122607400,23236100,WRT5
P120037794,BIPD,3/9/2012 0:00,1003,,"XY(121185009,24456970)",121185009,24456970,CELL
P120037832,BIPD,3/9/2012 0:00,1109,,"XY(121185009,24456970)",121185009,24456970,CELL
P120037844,BIPD,3/9/2012 0:00,1133,,"XY(121185009,24456970)",121185009,24456970,CELL
P120037852,BIPD,3/9/2012 0:00,1138,,"XY(121266104,24300438)",121266104,24300438,CELL
P120028188,BIPD,2/20/2012 0:00,2029,10103,NE GARIBALDI LOOP,122692700,23712350,FU
P120028413,BIPD,2/21/2012 0:00,1022,625,WINSLOW WAY E,122607400,23236100,WRT3
P120034470,BIPD,3/3/2012 0:00,1058,,NE DAY RD E / STATE HWY 305 NE,122023402,25247379,TRAFF3
P120034615,BIPD,3/3/2012 0:00,1541,,NE KOURA RD / STATE HWY 305 NE,122310217,24709702,T
P120035026,BIPD,3/4/2012 0:00,1004,,"XY(121320181,24352488)",121320181,24352488,CELL
P120035127,BIPD,3/4/2012 0:00,1404,,NE DAY RD E / NORTH MADISON AVE NE,122468811,25230896,T
P120038753,BIPD,3/10/2012 0:00,2150,823,HIGH SCHOOL RD NE,122669900,23642300,UNKNO3
P120035417,BIPD,3/5/2012 0:00,0625,7950,NE DAY RD W,121928716,25250813,ALRA
P120035651,BIPD,3/5/2012 0:00,1338,287,WINSLOW WAY E,122490349,23247550,SUSPI4
P120038941,BIPD,3/11/2012 0:00,0928,,NE BERGMAN RD / MILLER RD NE,121825422,25120970,T
P120038974,BIPD,3/11/2012 0:00,1126,14400,NORTH MADISON AVE NE,122452311,25736210,PC3
P120035717,BIPD,3/5/2012 0:00,1519,1050,HILDEBRAND LN NE,122545200,23588400,ASSIS3
P120035778,BIPD,3/5/2012 0:00,1654,800,ERICKSEN AVE NE,122540300,23501500,HARAS3
P120039517,BIPD,3/12/2012 0:00,1151,,,120874335,24518746,CELL
P120036038,BIPD,3/6/2012 0:00,0801,,MADISON AVE N / WINSLOW WAY E,122427660,23249390,T
P120039714,BIPD,3/12/2012 0:00,1816,625,WINSLOW WAY E,122607400,23236100,MISC4
P120039734,BIPD,3/12/2012 0:00,1907,347,HIGH SCHOOL RD NW,122256599,23654320,CIVIL4
P120036030,BIPD,3/6/2012 0:00,0748,5011,CRYSTAL SPRINGS DR NE,121080550,22699050,CELL
P120036053,BIPD,3/6/2012 0:00,0901,280,MADISON AVE N,122441700,23299100,FI
P120040829,BIPD,3/14/2012 0:00,2118,280,MADISON AVE N,122441700,23299100,ASSAU3
P120036168,BIPD,3/6/2012 0:00,1214,625,WINSLOW WAY E,122607400,23236100,FI
P120036699,BIPD,3/7/2012 0:00,1310,625,WINSLOW WAY E,122607400,23236100,FI
P120037004,BIPD,3/7/2012 0:00,2217,8895,MADISON AVE N,122433700,23949200,FU
P120037163,BIPD,3/8/2012 0:00,0847,10403,NE SEABORN RD,122656450,22232900,VEHIT4
P120037331,BIPD,3/8/2012 0:00,1404,,STATE HWY 305 NE / WINSLOW WAY E,122597069,23245490,PC3
P120041142,BIPD,3/15/2012 0:00,1321,6285,NE PONDEROSA BLVD,121582550,33282150,WRT3
P120037360,BIPD,3/8/2012 0:00,1455,11451,KALLGREN RD NE,122592050,24783143,WC911
P120041622,BIPD,3/16/2012 0:00,1036,9157,NE BRIAR ROSE LN,122426550,22509100,SUSPI3
P120037460,BIPD,3/8/2012 0:00,1804,234,WOOD AVE SW,122365500,23199500,MISSI4
P120041811,BIPD,3/16/2012 0:00,1543,499,OLYMPIC DR SE,122674000,23182900,VERBA3
P120033818,BIPD,3/2/2012 0:00,0939,9000,MILLER RD NE,121360650,24052700,T
P120034444,BIPD,3/3/2012 0:00,0934,253,HIGH SCHOOL RD NE,122470100,23646300,FI
P120038025,BIPD,3/9/2012 0:00,1626,481,MADISON AVE N,122430500,23377300,FI
P120038292,BIPD,3/10/2012 0:00,0129,,IHLAND WAY NE / MADISON AVE N,122435017,23579543,WRT3
P120038553,BIPD,3/10/2012 0:00,1451,,NE DAY RD E / NORTH MADISON AVE NE,122468811,25230896,T
P120042242,BIPD,3/17/2012 0:00,1134,7501,NE WEST PORT MADISON RD,121806740,26035574,WC911
P120038770,BIPD,3/10/2012 0:00,2245,4977,LYNWOOD CENTER RD NE,121782299,22667349,MALIC4
P120042563,BIPD,3/17/2012 0:00,2200,,NE BERGANIO RD / FLETCHER BAY RD NE,121410482,23829137,T
P120038788,BIPD,3/10/2012 0:00,2307,4977,LYNWOOD CENTER RD NE,121782299,22667349,FU
P120038988,BIPD,3/11/2012 0:00,1217,,MADISON AVE N / SPORTSMAN CLUB RD NE,122470880,23974828,CELL
P120042859,BIPD,3/18/2012 0:00,0959,,KILLDEER LN NE / NE KOURA RD,121818507,24724502,T
P120039367,BIPD,3/12/2012 0:00,0417,7501,NE DOLPHIN DR,121808500,26284100,ALRA
P120039581,BIPD,3/12/2012 0:00,1410,216,KNECHTEL WAY NE,122492450,23465350,SUSPI3
P120039833,BIPD,3/12/2012 0:00,2317,821,HIGH SCHOOL RD NE,122669100,23642300,T
P120043172,BIPD,3/19/2012 0:00,0034,,BLAKELY AVE NE / NE MABREY LN,122006479,22647954,T
P120040561,BIPD,3/14/2012 0:00,1039,190,HARBOR SQUARE LOOP NE,122663667,23268897,WC3
P120043239,BIPD,3/19/2012 0:00,0625,5100,ROSE AVE NE,122416700,22735931,FI
P120040840,BIPD,3/14/2012 0:00,2212,625,WINSLOW WAY E,122607400,23236100,TRANS
P120041058,BIPD,3/15/2012 0:00,1028,821,NE HIGH SCHOOL RD,122687350,23633000,ASSIS3
P120043396,BIPD,3/19/2012 0:00,1152,9423,CAPSTAN DR NE,122189000,23769550,BURGL4
P120043501,BIPD,3/19/2012 0:00,1508,,NE HIGH SCHOOL RD / MADISON AVE N,122439864,23649989,T
P120041100,BIPD,3/15/2012 0:00,1158,,MADISON AVE S / PARFITT WAY SW,122425441,23164008,WC3
P120043742,BIPD,3/20/2012 0:00,0300,,OLYMPIC DR SE / WINSLOW WAY E,122597069,23245490,T
P120041220,BIPD,3/15/2012 0:00,1550,10285,NE ALBERTSON RD,122694850,24617800,FRAUD4
P120041242,BIPD,3/15/2012 0:00,1627,,NE DAY RD E / STATE HWY 305 NE,122023402,25247379,RECKL3
P120041280,BIPD,3/15/2012 0:00,1743,290,MADISON AVE N,122429400,23321800,HARAS3
P120041441,BIPD,3/16/2012 0:00,0049,8895,MADISON AVE N,122433700,23949200,FU
P120045010,BIPD,3/22/2012 0:00,1121,10944,NORTH MADISON AVE NE,122499600,24629050,FU
P120037743,BIPD,3/9/2012 0:00,0833,,NE DAY RD E / STATE HWY 305 NE,122023402,25247379,T
P120037944,BIPD,3/9/2012 0:00,1413,14490,NORTH MADISON AVE NE,122463650,25749150,FU
P120037977,BIPD,3/9/2012 0:00,1513,4100,PLEASANT BEACH DR NE,121798466,22372069,T
P120045618,BIPD,3/23/2012 0:00,1230,625,WINSLOW WAY E,122607400,23236100,FI
P120038002,BIPD,3/9/2012 0:00,1555,7500,FLETCHER BAY RD NE,121639601,23516330,T
P120045875,BIPD,3/23/2012 0:00,1911,907,CARVER ST,118435000,20790500,MEDIA
P120042020,BIPD,3/16/2012 0:00,2156,5769,NE TOLO RD,121108250,24455800,ANIMA3
P120042019,BIPD,3/16/2012 0:00,2155,601,HIGH SCHOOL RD NE,122587100,23628700,T
P120046137,BIPD,3/24/2012 0:00,0633,7869,NE DAY RD W,121857150,25192000,ALRA
P120046215,BIPD,3/24/2012 0:00,1041,6575,WING POINT RD NE,123050200,23171500,FI
P120046220,BIPD,3/24/2012 0:00,1052,,FLETCHER BAY RD NE / LYNWOOD CENTER RD NE,121758601,23062387,WC3
P120042447,BIPD,3/17/2012 0:00,1918,,11TH AVE NE / NE HOSTMARK ST,119711696,27275489,T
P120046247,BIPD,3/24/2012 0:00,1154,,NE LOVGREEN RD W / MILLER RD NE,121741307,24988019,T
P120046258,BIPD,3/24/2012 0:00,1218,343,WINSLOW WAY E,122501900,23247000,ASSIS3
P120046497,BIPD,3/24/2012 0:00,2141,406,HIGH SCHOOL RD NE,122537800,23644900,SUSPI3
P120042572,BIPD,3/17/2012 0:00,2205,10861,NE MANITOU PARK BLVD,122932900,24590800,ASSAU4
P120046765,BIPD,3/25/2012 0:00,1148,11299,ARROW POINT DR NE,121068800,24696200,PC3
P120042612,BIPD,3/17/2012 0:00,2241,,NW FINN HILL RD / VIKING AVE NW,119231137,27793032,ASSIS3
P120046999,BIPD,3/25/2012 0:00,2158,,NE COUNTRY CLUB RD / FORT WARD HILL RD NE,122444940,22146864,T
P120042900,BIPD,3/18/2012 0:00,1141,519,BJUNE DR SE,122557261,23215964,SUICI3
P120043123,BIPD,3/18/2012 0:00,2211,625,WINSLOW WAY E,122607400,23236100,DV4
P120047144,BIPD,3/26/2012 0:00,0840,,HIGH SCHOOL RD NE / STONECRESS LN NE,122668902,23642279,T
P120043121,BIPD,3/18/2012 0:00,2200,499,OLYMPIC DR SE,122674000,23182900,SUSPI3
P120043230,BIPD,3/19/2012 0:00,0540,1220,HILDEBRAND LN NE,122550200,23631100,ASSIS3
P120043379,BIPD,3/19/2012 0:00,1121,4476,ROCKAWAY BEACH RD NE,122944850,22467900,PC4
P120043378,BIPD,3/19/2012 0:00,1120,694,TIFFANY MEADOWS DR NE,122754250,23433150,MALIC3
P120043533,BIPD,3/19/2012 0:00,1619,7669,NE DAY RD W,121834517,25255112,ALRA
P120047571,BIPD,3/26/2012 0:00,2200,10646,NE SOUTH BEACH DR,122699650,21423850,MISC4
P120047693,BIPD,3/27/2012 0:00,0708,,"XY(121185009,24456970)",121185009,24456970,CELL
P120047709,BIPD,3/27/2012 0:00,0803,,ERICKSEN AVE NE / MADRONE LN N,122485723,23250998,CELL
P120047849,BIPD,3/27/2012 0:00,1149,7307,BLACKBIRD DR NE,119480950,23496950,WRT4
P120044067,BIPD,3/20/2012 0:00,1623,10950,NE COUNTRY CLUB RD,122831350,22044250,THEFT4
P120044289,BIPD,3/21/2012 0:00,0010,8400,JENNIE AVE NE,121152799,23816446,POV4
P120044407,BIPD,3/21/2012 0:00,0845,11024,NE WING POINT WAY,122898000,23384050,CIVIL4
P120048029,BIPD,3/27/2012 0:00,1640,,NE DAY RD W / NE HIDDEN COVE RD,121933167,25395036,CELL
P120044521,BIPD,3/21/2012 0:00,1224,,MADISON AVE N / STATE HWY 305 NE,122472543,23963078,T
P120044727,BIPD,3/21/2012 0:00,1852,907,CARVER ST,118435000,20790500,MEDIA
P120045083,BIPD,3/22/2012 0:00,1348,,FINCH RD NE / NE HIGH SCHOOL RD,122040602,23661844,FU
P120048977,BIPD,3/29/2012 0:00,1044,11580,NORTH MADISON AVE NE,122460479,24829013,FU
P120041820,BIPD,3/16/2012 0:00,1553,343,WINSLOW WAY E,122501900,23247000,MVC3
P120049260,BIPD,3/29/2012 0:00,1853,,MADRONE LN N / WINSLOW WAY E,122461044,23248357,FU
P120049264,BIPD,3/29/2012 0:00,1908,,NE HIGH SCHOOL RD / MADISON AVE N,122439864,23649989,TRAFF3
P120045220,BIPD,3/22/2012 0:00,1810,9777,NE MURDEN COVE DR,122527750,24332250,DV4
P120045433,BIPD,3/23/2012 0:00,0322,625,WINSLOW WAY E,122607400,23236100,WRT4
P120049467,BIPD,3/30/2012 0:00,0634,,NE DAY LILY LN / STONECRESS LN NE,122624931,23664251,CELL
P120045770,BIPD,3/23/2012 0:00,1636,,NE DAY RD E / NORTH MADISON AVE NE,122468811,25230896,RECKL3
P120041842,BIPD,3/16/2012 0:00,1618,8395,FLETCHER BAY RD NE,121403900,23823100,MISC4
P120041887,BIPD,3/16/2012 0:00,1735,,NE DAY RD E / STATE HWY 305 NE,122023402,25247379,RECKL3
P120049829,BIPD,3/30/2012 0:00,1743,7056,NE NEW BROOKLYN RD,121576600,23979950,FU
P120049931,BIPD,3/30/2012 0:00,2043,,WYATT WAY NW / WYATT WAY NW,122117093,23311282,CELL
P120049950,BIPD,3/30/2012 0:00,2122,,NE LOVGREEN RD E / NORTH MADISON AVE NE,122463342,24967499,MISC4
P120046102,BIPD,3/24/2012 0:00,0210,241,WINSLOW WAY W,122377000,23251900,INTOX3
P120049967,BIPD,3/30/2012 0:00,2213,3992,ROCKAWAY BEACH RD NE,122960200,22281600,SUSPI3
P120046240,BIPD,3/24/2012 0:00,1143,,SPORTSMAN CLUB RD NE / STATE HWY 305 NE,122395136,24298387,T
P120046521,BIPD,3/24/2012 0:00,2222,231,PARFITT WAY SW,122376400,23128100,UNWAN3
P120050101,BIPD,3/31/2012 0:00,0135,,WEAVER RD NW / WYATT WAY NW,122167956,23391345,T
P120050423,BIPD,3/31/2012 0:00,1911,343,WINSLOW WAY E,122501900,23247000,TRAFF3
P120046900,BIPD,3/25/2012 0:00,1731,220,PARFITT WAY SW,122383300,23192900,UNKNO3
P120047015,BIPD,3/25/2012 0:00,2241,403,MADISON AVE N,122430200,23357500,PC3
P120047127,BIPD,3/26/2012 0:00,0743,,NORTH TOWN DR NE / SPORTSMAN CLUB RD NE,122294142,24024195,T
P120050808,BIPD,4/1/2012 0:00,1512,,NE SEABOLD CHURCH RD / STATE HWY 305 NE,121628932,25910523,MVCG
P120047272,BIPD,3/26/2012 0:00,1226,14490,NORTH MADISON AVE NE,122463650,25749150,MISC4
P120047325,BIPD,3/26/2012 0:00,1339,406,HIGH SCHOOL RD NE,122537800,23644900,ASSAU3
P120047365,BIPD,3/26/2012 0:00,1454,,BIRKLAND RD NE / WEST BLAKELY RD NE,122064347,22362730,CELL
P120051099,BIPD,4/2/2012 0:00,0557,,NE DAY RD E / STATE HWY 305 NE,122023402,25247379,T
P120051298,BIPD,4/2/2012 0:00,1209,301,RAVINE LN NE,122580733,23292590,ASSIS4
P120047392,BIPD,3/26/2012 0:00,1551,,NE DAY RD E / STATE HWY 305 NE,122023402,25247379,TRAFF3
P120051887,BIPD,4/3/2012 0:00,1120,,NE HIGH SCHOOL RD / MADISON AVE N,122439864,23649989,MVC3
P120051941,BIPD,4/3/2012 0:00,1258,7750,YEOMALT PL NE,123114250,23560850,SUICI4
P120052114,BIPD,4/3/2012 0:00,1846,907,CARVER ST,118435000,20790500,MEDIA
P120052180,BIPD,4/3/2012 0:00,2113,11282,NE STATE HWY 104,123195300,29433700,INFOP4
P120047874,BIPD,3/27/2012 0:00,1237,4710,BLAKELY HEIGHTS DR NE,121885700,22574100,ASSIS3
P120047956,BIPD,3/27/2012 0:00,1441,245,HIGH SCHOOL RD NW,122243500,23654700,FRAUD4
P120052690,BIPD,4/4/2012 0:00,2052,,SPORTSMAN CLUB RD NE / STATE HWY 305 NE,122395136,24298387,T
P120047996,BIPD,3/27/2012 0:00,1543,12533,STATE HWY 305 NE,122083032,25158521,FI
P120053093,BIPD,4/5/2012 0:00,1518,321,HIGH SCHOOL RD NE,122500500,23645700,T
P120048379,BIPD,3/28/2012 0:00,1022,,STATE HWY 305 NE / WINSLOW WAY E,122597069,23245490,T
P120048409,BIPD,3/28/2012 0:00,1107,,ERICKSEN AVE NE / MADRONE LN N,122485723,23250998,CELL
P120053371,BIPD,4/6/2012 0:00,0113,,HIGH SCHOOL RD NE / STATE HWY 305 NE,122571082,23644469,T
P120053653,BIPD,4/6/2012 0:00,1404,,FINCH RD NE / NE NEW HOLLAND CT,122037088,23445768,T
P120048497,BIPD,3/28/2012 0:00,1326,11000,STATE HWY 3 SW,115397200,17798000,WRT4
P120049164,BIPD,3/29/2012 0:00,1601,,NE DAY RD E / STATE HWY 305 NE,122023402,25247379,MVC3
P120053846,BIPD,4/6/2012 0:00,1846,13189,NORTH MADISON AVE NE,122453850,25353500,BURGL4
P120053929,BIPD,4/6/2012 0:00,2131,601,HIGH SCHOOL RD NE,122587100,23628700,FU
P120049331,BIPD,3/29/2012 0:00,2142,7056,NE NEW BROOKLYN RD,121576600,23979950,DV4
P120054187,BIPD,4/7/2012 0:00,1039,,NE DAY RD E / STATE HWY 305 NE,122023402,25247379,FI
P120054234,BIPD,4/7/2012 0:00,1231,225,HIGH SCHOOL RD NW,122240895,23654772,POV3
P120049180,BIPD,3/29/2012 0:00,1642,625,WINSLOW WAY E,122607400,23236100,MISC4
P120054434,BIPD,4/7/2012 0:00,1948,,MADISON AVE N / NE YAQUINA AVE,122494139,24009835,RECKL3
P120049632,BIPD,3/30/2012 0:00,1144,8324,NE HIDDEN COVE RD,122087850,25805450,THEFT4
P120045941,BIPD,3/23/2012 0:00,2117,625,WINSLOW WAY E,122607400,23236100,FU
P120050025,BIPD,3/30/2012 0:00,2339,,NE BUSINESS PARK LN / SPORTSMAN CLUB RD NE,122322118,24094785,T
P120050038,BIPD,3/30/2012 0:00,2358,780,VILLAGE CIR NW,122215050,23459100,ASSIS4
P120054857,BIPD,4/8/2012 0:00,1721,,HEMLOCK AVE NE / NE YAQUINA AVE,122510052,24009568,FI
P120054870,BIPD,4/8/2012 0:00,1757,10259,SUNRISE PL NE,122701000,25929400,WC3
P120050469,BIPD,3/31/2012 0:00,2109,6495,NE ADAS WILL LN,121486500,26203400,SUICI4
P120055059,BIPD,4/9/2012 0:00,0457,499,OLYMPIC DR SE,122674000,23182900,INFOP4
P120055085,BIPD,4/9/2012 0:00,0748,,NE HIGH SCHOOL RD / WEAVER RD NW,122172525,23657280,T
P120055087,BIPD,4/9/2012 0:00,0757,,NE NEW BROOKLYN RD / SPORTSMAN CLUB RD NE,122235375,23919324,T
P120055090,BIPD,4/9/2012 0:00,0802,1842,SAKAI VILLAGE LOOP NE,122479700,23835750,WC911
P120050629,BIPD,4/1/2012 0:00,0409,7869,NE DAY RD W,121857150,25192000,ALRA
P120050721,BIPD,4/1/2012 0:00,1128,15446,SUNRISE DR NE,122763600,26092300,PC4
P120051037,BIPD,4/2/2012 0:00,0029,,MADISON AVE N / NE NEW BROOKLYN RD,122442200,23911813,PC3
P120055256,BIPD,4/9/2012 0:00,1332,15798,STATE HWY 305 NE,121419100,26448500,T
P120051038,BIPD,4/2/2012 0:00,0034,829,NE HIGH SCHOOL RD,122683050,23596550,BURGL4
P120055514,BIPD,4/9/2012 0:00,2038,625,WINSLOW WAY E,122607400,23236100,FI
P120051086,BIPD,4/2/2012 0:00,0415,,ALDER AVE NE / NE DINGLEY RD,122982433,23502123,FI
P120052246,BIPD,4/4/2012 0:00,0000,10625,ARROW POINT DR NE,121164300,24576900,VEHIT1
P120052336,BIPD,4/4/2012 0:00,0727,829,HIGH SCHOOL RD NE,122672300,23642200,NOISE3
P120052547,BIPD,4/4/2012 0:00,1527,,STATE HWY 305 NE / WINSLOW WAY E,122597069,23245490,T
P120052947,BIPD,4/5/2012 0:00,1027,10055,KITSAP MALL BLVD NW,118170500,24432400,THREA3
P120053276,BIPD,4/5/2012 0:00,2150,10488,FALK RD NE,122792850,24453250,WC911
P120056392,BIPD,4/11/2012 0:00,1338,1858,SAKAI VILLAGE LOOP NE,122496450,23830700,SEXOF4
P120053351,BIPD,4/6/2012 0:00,0022,550,MADISON AVE N,122431200,23400600,SUSPI3
P120053744,BIPD,4/6/2012 0:00,1608,,NE HIGH SCHOOL RD / MADISON AVE N,122439864,23649989,RECKL3
P120057062,BIPD,4/12/2012 0:00,2009,601,HIGH SCHOOL RD NE,122587100,23628700,FI
P120057282,BIPD,4/13/2012 0:00,0827,14062,MANZANITA RD NE,121491104,25641189,ALRA
P120057372,BIPD,4/13/2012 0:00,1059,499,OLYMPIC DR SE,122674000,23182900,FOUND4
P120053738,BIPD,4/6/2012 0:00,1557,,BLUE SKY LN NE / NE MARSHALL RD,121309628,23276579,MVC4
P120054334,BIPD,4/7/2012 0:00,1557,316,WINSLOW WAY E,122497400,23247300,THEFT4
P120049715,BIPD,3/30/2012 0:00,1435,4280,POINT WHITE DR NE,121534650,22424700,ADRIFT
P120049824,BIPD,3/30/2012 0:00,1731,625,WINSLOW WAY E,122607400,23236100,WRT4
P120049962,BIPD,3/30/2012 0:00,2203,,NE DAY RD E / STATE HWY 305 NE,122023402,25247379,DUI3
P120054626,BIPD,4/8/2012 0:00,0451,10259,SUNRISE PL NE,122701000,25929400,MISSI4
P120058131,BIPD,4/14/2012 0:00,1739,,KNECHTEL WAY NE / MADISON AVE N,122432246,23447716,TRAFF3
P120054959,BIPD,4/8/2012 0:00,2214,,HIGH SCHOOL RD NE / STATE HWY 305 NE,122571082,23644469,T
P120055126,BIPD,4/9/2012 0:00,0949,,MILLER RD NE / NE NEW BROOKLYN RD,121365750,23936543,T
P120055185,BIPD,4/9/2012 0:00,1126,16011,AGATEWOOD RD NE,121561300,26316650,SUICI4
P120055232,BIPD,4/9/2012 0:00,1258,,SPORTSMAN CLUB RD NE / STATE HWY 305 NE,122395136,24298387,T
P120058924,BIPD,4/16/2012 0:00,1025,10376,NE WINTHERS RD,122716100,24967150,MALIC4
P120059121,BIPD,4/16/2012 0:00,1507,9445,NE NEW BROOKLYN RD,122338258,23875723,FI
P120055494,BIPD,4/9/2012 0:00,2005,625,WINSLOW WAY E,122607400,23236100,FI
P120055777,BIPD,4/10/2012 0:00,1132,625,WINSLOW WAY E,122607400,23236100,MISC3
P120059526,BIPD,4/17/2012 0:00,1354,10973,BATTLE POINT DR NE,121003839,24656223,ALRA
P120055782,BIPD,4/10/2012 0:00,1146,9630,NE LAFAYETTE AVE,122497300,26184950,MALIC4
P120060256,BIPD,4/18/2012 0:00,1642,658,MOJI LN NW,122251900,23500500,THEFT4
P120055803,BIPD,4/10/2012 0:00,1215,9330,NE HIGH SCHOOL RD,122363800,23666100,FU
P120060383,BIPD,4/18/2012 0:00,2039,,NE LOVGREEN RD E / STATE HWY 305 NE,122193914,24976129,DUI3
P120055899,BIPD,4/10/2012 0:00,1521,253,HIGH SCHOOL RD NE,122470100,23646300,MVC4
P120056176,BIPD,4/11/2012 0:00,0230,803,NE KLICKITAT PL,122670550,23489750,PROWL3
P120056346,BIPD,4/11/2012 0:00,1218,317,CAVE AVE NE,122624366,23316241,FRAUD4
P120061325,BIPD,4/20/2012 0:00,1226,625,WINSLOW WAY E,122607400,23236100,PC4
P120061406,BIPD,4/20/2012 0:00,1424,625,WINSLOW WAY E,122607400,23236100,FI
P120062344,BIPD,4/22/2012 0:00,0007,,STATE HWY 305 NE / WINSLOW WAY E,122597069,23245490,DUI3
P120062364,BIPD,4/22/2012 0:00,0049,,NE BAKER HILL RD / LYNWOOD CENTER RD NE,121772402,22605337,FU
P120056810,BIPD,4/12/2012 0:00,1127,350,HIGH SCHOOL RD NE,122521100,23645300,INTOX3
P120062475,BIPD,4/22/2012 0:00,0732,,STATE HWY 305 NE / NE WEST PORT MADISON RD,121590699,26041540,T
P120056944,BIPD,4/12/2012 0:00,1543,,BJUNE DR SE / MADISON AVE S,122427052,23224917,T
P120057391,BIPD,4/13/2012 0:00,1136,7305,NE HIDDEN COVE RD,121696700,25648700,T
P120057473,BIPD,4/13/2012 0:00,1356,4420,BLUFF ST NE,121825550,22474200,DV4
P120054024,BIPD,4/7/2012 0:00,0020,11024,NE WING POINT WAY,122898000,23384050,FU
P120057526,BIPD,4/13/2012 0:00,1523,625,WINSLOW WAY E,122607400,23236100,PC3
P120054525,BIPD,4/7/2012 0:00,2345,8700,NE DAY RD E,122161518,25240836,T
P120062955,BIPD,4/23/2012 0:00,0710,8718,POTLATCH AVE NE,121226900,23922550,KEEP4
P120054565,BIPD,4/8/2012 0:00,0053,,MADISON AVE N / STATE HWY 305 NE,122472543,23963078,DUI3
P120057561,BIPD,4/13/2012 0:00,1625,499,OLYMPIC DR SE,122674000,23182900,WC911
P120054615,BIPD,4/8/2012 0:00,0324,110,MADISON AVE N,122427785,23253962,OPEN3
P120057768,BIPD,4/13/2012 0:00,2258,,MADISON AVE N / WYATT WAY NE,122430637,23382031,T
P120058313,BIPD,4/15/2012 0:00,0009,,RAVINE LN NE / WINSLOW WAY E,122573055,23246239,T
P120063604,BIPD,4/24/2012 0:00,0930,9624,SPORTSMAN CLUB RD NE,122373100,24193200,T
P120063712,BIPD,4/24/2012 0:00,1258,9330,NE HIGH SCHOOL RD,122363800,23666100,MISC4
P120058328,BIPD,4/15/2012 0:00,0036,8700,NE ROSARIO PL,122163000,23610800,UNKNO3
P120058340,BIPD,4/15/2012 0:00,0112,,WEAVER RD NW / WYATT WAY NW,122167956,23391345,FI
P120058521,BIPD,4/15/2012 0:00,1337,6562,NE KOURA RD,121497650,24696400,T
P120064405,BIPD,4/25/2012 0:00,1522,280,MADISON AVE N,122441700,23299100,FI
P120064439,BIPD,4/25/2012 0:00,1604,9752,MILLER RD NE,121405800,24250400,MALIC4
P120064781,BIPD,4/26/2012 0:00,0853,208,HIGH SCHOOL RD NE,122478900,23646100,WC911
P120059154,BIPD,4/16/2012 0:00,1547,499,OLYMPIC DR SE,122674000,23182900,MVC4
P120059387,BIPD,4/17/2012 0:00,0737,11522,MEADOWMEER CIR NE,122044168,24821899,WC3
P120059657,BIPD,4/17/2012 0:00,1758,823,HIGH SCHOOL RD NE,122669900,23642300,THEFT4
P120064998,BIPD,4/26/2012 0:00,1510,824,EAGLECLIFF RD,122682417,23528413,THEFT4
P120060356,BIPD,4/18/2012 0:00,1928,10215,MANITOU BEACH DR NE,122760250,24441950,WC911
P120065116,BIPD,4/26/2012 0:00,1901,,"XY(122347121,24073137)",122347121,24073137,CELL
P120060513,BIPD,4/19/2012 0:00,0544,499,OLYMPIC DR SE,122674000,23182900,ALSP
P120060820,BIPD,4/19/2012 0:00,1511,4738,LYNWOOD CENTER RD NE,121775200,22508600,ALRA
P120060916,BIPD,4/19/2012 0:00,1740,,"XY(122406524,23284841)",122406524,23284841,CELL
P120062210,BIPD,4/21/2012 0:00,2037,,HOLLY FARM LN NE / NE NEW BROOKLYN RD,121517247,23935124,T
P120062455,BIPD,4/22/2012 0:00,0553,,BJUNE DR SE / WINSLOW WAY E,122533107,23245903,PC3
P120062522,BIPD,4/22/2012 0:00,1001,,PHELPS RD NE / NE TORVANGER RD,122464464,25707297,CELL
P120062669,BIPD,4/22/2012 0:00,1632,625,WINSLOW WAY E,122607400,23236100,MISC3
P120062693,BIPD,4/22/2012 0:00,1706,,"XY(121122442,22204284)",121122442,22204284,CELL
P120062741,BIPD,4/22/2012 0:00,1828,,"XY(122547762,23619966)",122547762,23619966,CELL
P120066336,BIPD,4/28/2012 0:00,1928,,"XY(122706692,23141823)",122706692,23141823,CELL
P120066351,BIPD,4/28/2012 0:00,2009,,"XY(121462345,23120814)",121462345,23120814,CELL
P120066414,BIPD,4/28/2012 0:00,2219,9490,NE HIGH SCHOOL RD,122358400,23704100,FI
P120062828,BIPD,4/22/2012 0:00,2113,,MADISON AVE N / STATE HWY 305 NE,122472543,23963078,ASSIS3
P120066585,BIPD,4/29/2012 0:00,0507,5778,WIMSEY AVE NE,122199550,22905450,OPEN3
P120063164,BIPD,4/23/2012 0:00,1342,11700,MEADOWMEER CIR NE,122120000,24736300,MVC4
P120063317,BIPD,4/23/2012 0:00,1819,,STATE HWY 305 NE / WINSLOW WAY E,122597069,23245490,DUI3
P120067077,BIPD,4/30/2012 0:00,0810,220,PARFITT WAY SW,122383300,23192900,ASSIS4
P120067076,BIPD,4/30/2012 0:00,0806,9330,NE HIGH SCHOOL RD,122363800,23666100,FI
P120063322,BIPD,4/23/2012 0:00,1824,907,CARVER ST,118435000,20790500,MEDIA
P120063469,BIPD,4/24/2012 0:00,0022,15347,SUQUAMISH WAY NE,121270800,26509200,ASSIS3
P120067352,BIPD,4/30/2012 0:00,1536,,"XY(122421285,25738893)",122421285,25738893,CELL
P120057807,BIPD,4/14/2012 0:00,0051,,HIGH SCHOOL RD NE / STATE HWY 305 NE,122571082,23644469,T
P120064083,BIPD,4/25/2012 0:00,0405,,STATE HWY 305 NE / SUQUAMISH WAY NE,121272953,26526622,ASSIS3
P120064127,BIPD,4/25/2012 0:00,0758,,BROCKTON AVE NE / NE FIR ST,121527990,27145887,ASSIS3
P120064344,BIPD,4/25/2012 0:00,1357,625,WINSLOW WAY E,122607400,23236100,FI
P120067920,BIPD,5/1/2012 0:00,1339,625,WINSLOW WAY E,122607400,23236100,FI
P120064875,BIPD,4/26/2012 0:00,1132,,EAGLECLIFF RD / FERNCLIFF AVE NE,122697601,23532428,PROWL4
P120064869,BIPD,4/26/2012 0:00,1122,7895,WESTERLY LN NE,121863100,23641650,ALRA
P120064927,BIPD,4/26/2012 0:00,1248,,NE DAY RD W / MILLER RD NE,121978357,25249210,T
P120065076,BIPD,4/26/2012 0:00,1715,100,RAVINE LN NE,122582221,23267030,INTOX4
P120065517,BIPD,4/27/2012 0:00,1246,15446,SUNRISE DR NE,122763600,26092300,PC4
P120065584,BIPD,4/27/2012 0:00,1410,,ISLAND CENTER,121975030,23400247,T
P120065563,BIPD,4/27/2012 0:00,1350,,HIGH SCHOOL RD NE / STATE HWY 305 NE,122571082,23644469,RECKL3
P120069019,BIPD,5/3/2012 0:00,0939,625,WINSLOW WAY E,122607400,23236100,MISC4
P120065831,BIPD,4/27/2012 0:00,2225,241,WINSLOW WAY W,122377000,23251900,NOISE4
P120066026,BIPD,4/28/2012 0:00,0832,15347,SUQUAMISH WAY NE,121270800,26509200,ASSIS3
P120069558,BIPD,5/4/2012 0:00,0731,,FLETCHER BAY RD NE / WOODBANK DR NE,121154226,23941905,ALRA
P120066073,BIPD,4/28/2012 0:00,1040,,"XY(121079600,24707095)",121079600,24707095,CELL
P120069974,BIPD,5/4/2012 0:00,1935,907,CARVER ST,118435000,20790500,MEDIA
P120066076,BIPD,4/28/2012 0:00,1057,,NE DAY RD W / MILLER RD NE,121978357,25249210,T
P120066150,BIPD,4/28/2012 0:00,1408,,SUNRISE DR NE / NE TORVANGER RD,122740992,25622192,T
P120066258,BIPD,4/28/2012 0:00,1712,,NE DAY RD E / STATE HWY 305 NE,122023402,25247379,T
P120070475,BIPD,5/5/2012 0:00,1741,499,OLYMPIC DR SE,122674000,23182900,RECOV3
P120070547,BIPD,5/5/2012 0:00,2001,,HIGH SCHOOL RD NE / STATE HWY 305 NE,122571082,23644469,T
P120066520,BIPD,4/29/2012 0:00,0129,6124,NE CENTER ST,121341950,27180750,ASSIS3
P120063478,BIPD,4/24/2012 0:00,0102,,HILDEBRAND LN NE / TORMEY LN NE,122534254,23589670,FI
P120070951,BIPD,5/6/2012 0:00,1241,280,MADISON AVE N,122441700,23299100,T
P120067809,BIPD,5/1/2012 0:00,1035,625,WINSLOW WAY E,122607400,23236100,FI
P120067909,BIPD,5/1/2012 0:00,1316,,MADISON AVE N / NE NEW BROOKLYN RD,122442200,23911813,T
P120071037,BIPD,5/6/2012 0:00,1525,8800,NE DAY RD E,122197622,25239450,T
P120068030,BIPD,5/1/2012 0:00,1718,,NE DAY RD E / STATE HWY 305 NE,122023402,25247379,RECKL3
P120071085,BIPD,5/6/2012 0:00,1707,353,WALLACE,122471896,23506273,T
P120068295,BIPD,5/2/2012 0:00,0738,,NE KOURA RD / MILLER RD NE,121576406,24728795,T
P120068441,BIPD,5/2/2012 0:00,1153,380,WINSLOW WAY E,122507500,23253200,MVC4
P120068578,BIPD,5/2/2012 0:00,1529,200,NE HIGH SCHOOL RD,122481650,23673700,FRAUD4
P120068750,BIPD,5/2/2012 0:00,2058,13500,CHATRI PL NE,122122950,25479550,DV3
P120071326,BIPD,5/7/2012 0:00,0744,,"XY(122406144,23484425)",122406144,23484425,CELL
P120068971,BIPD,5/3/2012 0:00,0810,330,MADISON AVE S,122434250,23159800,SUSPI4
P120068974,BIPD,5/3/2012 0:00,0818,4760,LYNWOOD CENTER RD NE,121764750,22542950,MVC3
P120069159,BIPD,5/3/2012 0:00,1401,285,WINSLOW WAY E,122489671,23247569,ASSIS3
P120069356,BIPD,5/3/2012 0:00,2011,363,TORMEY LN NE,122495700,23592650,SUSPI3
P120069663,BIPD,5/4/2012 0:00,1108,625,WINSLOW WAY E,122607400,23236100,FI
P120070130,BIPD,5/5/2012 0:00,0059,,NE DAY RD E / NE YETI LN,122031353,25269536,RECKL3
P120070128,BIPD,5/5/2012 0:00,0058,,NE DAY RD E / STATE HWY 305 NE,122023402,25247379,RECKL3
P120070335,BIPD,5/5/2012 0:00,1234,,WINSLOW WAY E / WINSLOW WAY E,122485875,23257927,CELL
P120071947,BIPD,5/8/2012 0:00,0839,833,NE KLICKITAT PL,122686250,23478200,TRAFF3
P120072109,BIPD,5/8/2012 0:00,1312,9330,NE HIGH SCHOOL RD,122363800,23666100,FU
P120070471,BIPD,5/5/2012 0:00,1737,1270,MADISON AVE N,122444300,23625500,FU
P120072367,BIPD,5/8/2012 0:00,2013,,NE DAY RD E / STATE HWY 305 NE,122023402,25247379,DUI3
P120066935,BIPD,4/29/2012 0:00,2152,,NE KOURA RD / STATE HWY 305 NE,122310217,24709702,T
P120067030,BIPD,4/30/2012 0:00,0417,560,WOOD AVE SW,122357050,23110600,SUICI4
P120067101,BIPD,4/30/2012 0:00,0906,13359,STONEBRIDGE LN NE,122646350,25426400,MALIC4
P120067185,BIPD,4/30/2012 0:00,1103,625,WINSLOW WAY E,122607400,23236100,FU
P120067467,BIPD,4/30/2012 0:00,1800,14180,NORTH MADISON AVE NE,122458147,25677693,WC911
P120067675,BIPD,5/1/2012 0:00,0603,625,WINSLOW WAY E,122607400,23236100,WRT4
P120071030,BIPD,5/6/2012 0:00,1509,1180,HILDEBRAND LN NE,122550200,23601300,ALRS
P120071044,BIPD,5/6/2012 0:00,1534,,NE BAY HILL RD / NE SUNSET LOOP,121720818,24858456,T
P120073359,BIPD,5/10/2012 0:00,1359,,MADRONE LN N / WINSLOW WAY E,122461044,23248357,MVC4
P120071217,BIPD,5/6/2012 0:00,2244,253,HIGH SCHOOL RD NE,122470100,23646300,FI
P120073880,BIPD,5/11/2012 0:00,1052,,CREOSOTE PL NE / NE EAGLE HARBOR DR,122939041,22834319,TRAFF3
P120073926,BIPD,5/11/2012 0:00,1156,,IHLAND WAY NE / IHLAND WAY NE,122460582,23601808,CELL
P120071256,BIPD,5/7/2012 0:00,0040,9330,NE HIGH SCHOOL RD,122363800,23666100,FI
P120071305,BIPD,5/7/2012 0:00,0543,381,WALLACE WAY NE,122524400,23506000,ALRA
P120071358,BIPD,5/7/2012 0:00,0913,1200,HILDEBRAND LN NE,122551100,23614700,INFOP4
P120074757,BIPD,5/12/2012 0:00,1451,,NE DAY RD E / PHELPS RD NE,122035020,25246770,DUI3
P120074976,BIPD,5/12/2012 0:00,2127,2412,SOUNDVIEW DR NE,122367750,21797900,ANIMA3
P120071378,BIPD,5/7/2012 0:00,0927,,HIGH SCHOOL RD NE / STATE HWY 305 NE,122571082,23644469,WC3
P120071426,BIPD,5/7/2012 0:00,1034,,NE BECK RD / PLEASANT BEACH DR NE,121808099,22341203,RECKL3
P120071597,BIPD,5/7/2012 0:00,1525,14110,SUNRISE DR NE,122750150,25659250,ALRA
P120075291,BIPD,5/13/2012 0:00,1349,625,WINSLOW WAY E,122607400,23236100,TRANS
P120075670,BIPD,5/14/2012 0:00,0827,,"XY(122315861,23878262)",122315861,23878262,CELL
P120075945,BIPD,5/14/2012 0:00,1600,10195,NE SOUTH BEACH DR,122542400,21404000,HARAS4
P120071628,BIPD,5/7/2012 0:00,1614,,MADISON AVE N / NE NEW BROOKLYN RD,122442200,23911813,T
P120071643,BIPD,5/7/2012 0:00,1639,245,NE HIGH SCHOOL RD,122404050,23635100,INTOX3
P120071743,BIPD,5/7/2012 0:00,2025,625,WINSLOW WAY E,122607400,23236100,ORDNA4
P120071754,BIPD,5/7/2012 0:00,2046,,MADISON AVE N / NE NEW BROOKLYN RD,122442200,23911813,T
P120072236,BIPD,5/8/2012 0:00,1622,11299,ARROW POINT DR NE,121068800,24696200,MALIC4
P120076630,BIPD,5/15/2012 0:00,1851,,NE DAY RD E / NE YETI LN,122025071,25272959,CELL
P120072390,BIPD,5/8/2012 0:00,2118,601,GROW AVE NW,122325750,23423750,SUSPI3
P120070668,BIPD,5/5/2012 0:00,2314,1310,MADISON AVE N,122447500,23664000,NOISE4
P120070923,BIPD,5/6/2012 0:00,1136,625,WINSLOW WAY E,122607400,23236100,MISC4
P120072747,BIPD,5/9/2012 0:00,1424,13400,PHELPS RD NE,122166200,25421600,CIVIL4
P120072759,BIPD,5/9/2012 0:00,1447,,BLAKELY AVE NE / NE ODD FELLOWS RD,122237383,22290522,T
P120072763,BIPD,5/9/2012 0:00,1449,625,WINSLOW WAY E,122607400,23236100,FU
P120070991,BIPD,5/6/2012 0:00,1358,,NE KOURA RD / STATE HWY 305 NE,122310217,24709702,T
P120073149,BIPD,5/10/2012 0:00,0652,,STATE HWY 305 NE / WINSLOW WAY E,122597069,23245490,TRAFF3
P120073752,BIPD,5/11/2012 0:00,0515,281,WALLACE WAY NE,122494424,23513340,FU
P120077662,BIPD,5/17/2012 0:00,1358,11826,MANZANITA LN NE,121682750,24945350,FU
P120077731,BIPD,5/17/2012 0:00,1544,9330,NE HIGH SCHOOL RD,122363800,23666100,FU
P120077764,BIPD,5/17/2012 0:00,1632,,HIGH SCHOOL RD NE / STATE HWY 305 NE,122571082,23644469,T
P120077800,BIPD,5/17/2012 0:00,1733,907,CARVER ST,118435000,20790500,MEDIA
P120077874,BIPD,5/17/2012 0:00,2009,,BIRKLAND RD NE / WEST BLAKELY RD NE,122064347,22362730,CELL
P120073851,BIPD,5/11/2012 0:00,1000,,SPORTSMAN CLUB RD NE / STATE HWY 305 NE,122395136,24298387,T
P120074250,BIPD,5/11/2012 0:00,1952,,MILLER RD NE / NE TOLO RD,121433990,24330529,T
P120074737,BIPD,5/12/2012 0:00,1414,11090,ROLLING BAY WALK NE,122884750,24685150,BURGL4
P120075064,BIPD,5/12/2012 0:00,2353,350,GROW AVE NW,122340100,23334950,UNKNO3
P120075160,BIPD,5/13/2012 0:00,0657,625,WINSLOW WAY E,122607400,23236100,INFOP4
P120078844,BIPD,5/19/2012 0:00,1242,,FERNCLIFF AVE NE / HIGH SCHOOL RD NE,122700327,23641703,T
P120075404,BIPD,5/13/2012 0:00,1708,5011,CRYSTAL SPRINGS DR NE,121080550,22699050,ALRA
P120075982,BIPD,5/14/2012 0:00,1721,,NE HIGH SCHOOL RD / MADISON AVE N,122433634,23644002,T
P120075993,BIPD,5/14/2012 0:00,1756,,ERICKSEN AVE NE / WYATT WAY NE,122529004,23379604,BLSP
P120076154,BIPD,5/14/2012 0:00,2333,465,WINSLOW WAY E,122543850,23233600,NOISE4
P120076453,BIPD,5/15/2012 0:00,1342,625,WINSLOW WAY E,122607400,23236100,FI
P120076577,BIPD,5/15/2012 0:00,1730,15446,SUNRISE DR NE,122763600,26092300,MALIC4
P120076700,BIPD,5/15/2012 0:00,2115,625,WINSLOW WAY E,122607400,23236100,FI
P120076823,BIPD,5/16/2012 0:00,0502,465,WINSLOW WAY E,122543850,23233600,NOISE4
P120077016,BIPD,5/16/2012 0:00,1257,,STATE HWY 305 NE / VINEYARD LN,122556963,23457347,T
P120077210,BIPD,5/16/2012 0:00,1758,,FERNCLIFF AVE NE / GRAND AVE NE,122707500,23906698,T
P120072915,BIPD,5/9/2012 0:00,1808,907,CARVER ST,118435000,20790500,MEDIA
P120072909,BIPD,5/9/2012 0:00,1804,7210,FLETCHER BAY RD NE,121723500,23454300,NOISE4
P120072962,BIPD,5/9/2012 0:00,2019,,"XY(122552272,23583747)",122552272,23583747,CELL
P120081056,BIPD,5/23/2012 0:00,1353,,GILMORE WAY NE / WINSLOW WAY E,122615981,23254352,CELL
P120077494,BIPD,5/17/2012 0:00,0925,8555,MADISON AVE N,122413300,23788700,FU
P120081682,BIPD,5/24/2012 0:00,1545,,HIGH SCHOOL RD NE / STATE HWY 305 NE,122571082,23644469,RECKL3
P120081817,BIPD,5/24/2012 0:00,1859,,AGATEWOOD RD NE / STATE HWY 305 NE,121562025,26138320,RECKL3
P120082014,BIPD,5/25/2012 0:00,0451,,HIGH SCHOOL RD NE / STATE HWY 305 NE,122571082,23644469,MVC4
P120078044,BIPD,5/18/2012 0:00,0550,,SPORTSMAN CLUB RD NE / STATE HWY 305 NE,122395136,24298387,T
P120078088,BIPD,5/18/2012 0:00,0844,186,WYATT WAY NW,122405200,23396700,WC911
P120082091,BIPD,5/25/2012 0:00,0948,601,HIGH SCHOOL RD NE,122587100,23628700,T
P120078098,BIPD,5/18/2012 0:00,0917,10117,NE GARIBALDI LOOP,122687050,23712700,WC911
P120082182,BIPD,5/25/2012 0:00,1220,253,HIGH SCHOOL RD NE,122470100,23646300,FRAUD4
P120078147,BIPD,5/18/2012 0:00,1121,,DEAD END / HARBORVIEW DR SE,122669920,23179474,CELL
P120082448,BIPD,5/25/2012 0:00,1834,,SPORTSMAN CLUB RD NE / STATE HWY 305 NE,122395136,24298387,T
P120082476,BIPD,5/25/2012 0:00,1913,280,MADISON AVE N,122441700,23299100,MVC3
P120078359,BIPD,5/18/2012 0:00,1707,,"XY(122347121,24073137)",122347121,24073137,CELL
P120078376,BIPD,5/18/2012 0:00,1745,610,DEERCLIFF RD NE,122628450,23585550,RUNAW4
P120078996,BIPD,5/19/2012 0:00,1711,19130,ANGELINE AVE NE,121791300,27354000,ADRIFT
P120079322,BIPD,5/20/2012 0:00,0804,625,WINSLOW WAY E,122607400,23236100,FU
P120083234,BIPD,5/27/2012 0:00,0143,107,MADISON AVE N,122427734,23252220,NOISE4
P120083251,BIPD,5/27/2012 0:00,0226,,"XY(122346817,22566660)",122346817,22566660,CELL
P120083605,BIPD,5/27/2012 0:00,2029,8301,NE DAY RD E,122023500,25247400,FI
P120079362,BIPD,5/20/2012 0:00,1015,240,CAMELIA LOOP NE,122464500,23595700,THREA4
P120079513,BIPD,5/20/2012 0:00,1609,625,WINSLOW WAY E,122607400,23236100,MISC5
P120084325,BIPD,5/29/2012 0:00,0915,,HIGH SCHOOL RD NE / STATE HWY 305 NE,122571082,23644469,MVC4
P120084331,BIPD,5/29/2012 0:00,0925,215,ERICKSEN AVE NE,122526289,23284077,SUSPI4
P120079511,BIPD,5/20/2012 0:00,1607,,NE DAY RD E / STATE HWY 305 NE,122023402,25247379,WC3
P120079551,BIPD,5/20/2012 0:00,1724,299,SHANNON DR SE,122508700,23164500,FI
P120084702,BIPD,5/29/2012 0:00,2033,7056,NE NEW BROOKLYN RD,121576600,23979950,RUNAW4
P120084742,BIPD,5/29/2012 0:00,2212,350,GROW AVE NW,122340100,23334950,SUSPI3
P120079605,BIPD,5/20/2012 0:00,1952,907,CARVER ST,118435000,20790500,MEDIA
P120085292,BIPD,5/30/2012 0:00,1950,14215,SILVEN AVE NE,121386800,25722800,ALRP
P120085318,BIPD,5/30/2012 0:00,2039,,WINSLOW WAY E / WINSLOW WAY E,122485867,23257562,CELL
P120080098,BIPD,5/21/2012 0:00,1815,,NE GERTIE JOHNSON RD / NE VALLEY RD,122310438,23631740,CELL
P120080094,BIPD,5/21/2012 0:00,1809,9343,SPORTSMAN CLUB RD NE,122337100,24132500,ASSIS4
P120080368,BIPD,5/22/2012 0:00,0848,,BLAKELY AVE NE / NE OLD MILL RD,121925739,23093499,T
P120080582,BIPD,5/22/2012 0:00,1541,625,WINSLOW WAY E,122607400,23236100,FRAUD5
P120077256,BIPD,5/16/2012 0:00,1913,499,OLYMPIC DR SE,122674000,23182900,ASSAU2
P120077268,BIPD,5/16/2012 0:00,1956,,FERNCLIFF AVE NE / WINSLOW WAY E,122689699,23243385,T
P120077296,BIPD,5/16/2012 0:00,2052,907,CARVER ST,118435000,20790500,MEDIA
P120085892,BIPD,5/31/2012 0:00,1936,,NE KOURA RD / STATE HWY 305 NE,122310217,24709702,T
P120080905,BIPD,5/23/2012 0:00,0909,10304,NE SEABORN RD,122601563,22249229,ASSIS4
P120086045,BIPD,6/1/2012 0:00,0043,,HIGH SCHOOL RD NE / POLLYS LN NE,122632397,23643334,T
P120081014,BIPD,5/23/2012 0:00,1256,11299,ARROW POINT DR NE,121068800,24696200,MALIC4
P120086335,BIPD,6/1/2012 0:00,1324,9330,NE HIGH SCHOOL RD,122363800,23666100,FU
P120077396,BIPD,5/17/2012 0:00,0127,,FINCH RD NE / NE HIGH SCHOOL RD,122040602,23661844,FI
P120086422,BIPD,6/1/2012 0:00,1540,11299,ARROW POINT DR NE,121068800,24696200,FU
P120082031,BIPD,5/25/2012 0:00,0657,,NE DAY RD E / STATE HWY 305 NE,122023402,25247379,T
P120082085,BIPD,5/25/2012 0:00,0937,,GROW AVE NW / NE HIGH SCHOOL RD,122337828,23651155,T
P120087183,BIPD,6/2/2012 0:00,1722,,NE NEW BROOKLYN RD / SPORTSMAN CLUB RD NE,122235375,23919324,MISC4
P120082121,BIPD,5/25/2012 0:00,1049,12500,SUNRISE DR NE,122731578,25130566,T
P120082380,BIPD,5/25/2012 0:00,1643,380,WINSLOW WAY E,122507500,23253200,BLSP
P120082753,BIPD,5/26/2012 0:00,0822,1900,NE WILLOW AVE,123043913,23441316,PC4
P120087272,BIPD,6/2/2012 0:00,1940,907,CARVER ST,118435000,20790500,MEDIA
P120083049,BIPD,5/26/2012 0:00,1918,907,CARVER ST,118435000,20790500,MEDIA
P120083094,BIPD,5/26/2012 0:00,2058,8040,NE DAY RD W,121947550,25271700,ALRA
P120083102,BIPD,5/26/2012 0:00,2115,499,OLYMPIC DR SE,122674000,23182900,WATERR
P120083719,BIPD,5/27/2012 0:00,2352,625,WINSLOW WAY E,122607400,23236100,WRT3
P120087795,BIPD,6/3/2012 0:00,1632,7666,NE HIGH SCHOOL RD,121802600,23667700,BURGL4
P120087848,BIPD,6/3/2012 0:00,1830,7056,NE NEW BROOKLYN RD,121576600,23979950,FU
P120084166,BIPD,5/28/2012 0:00,2102,403,MADISON AVE N,122430200,23357500,UNWAN3
P120088165,BIPD,6/4/2012 0:00,1004,7056,NE NEW BROOKLYN RD,121576600,23979950,FU
P120084557,BIPD,5/29/2012 0:00,1538,8677,MADISON AVE N,122420700,23836800,MALIC4
P120084622,BIPD,5/29/2012 0:00,1728,9191,MORAN RD NE,122430700,24060450,THEFT4
P120085145,BIPD,5/30/2012 0:00,1503,8355,NE DAY RD E,122064100,25221100,FU
P120085322,BIPD,5/30/2012 0:00,2049,907,CARVER ST,118435000,20790500,MEDIA
P120088475,BIPD,6/4/2012 0:00,1823,334,ERICKSEN AVE NE,122537050,23321300,FI
P120088516,BIPD,6/4/2012 0:00,1938,,"XY(122536552,23663264)",122536552,23663264,CELL
P120088685,BIPD,6/5/2012 0:00,0656,625,WINSLOW WAY E,122607400,23236100,TRANS
P120089052,BIPD,6/5/2012 0:00,1843,920,MADISON AVE N,122445900,23547300,SUICI4
P120089214,BIPD,6/6/2012 0:00,0118,,BLUE HERON AVE NE / ERICKSEN AVE NE,122517907,23513352,CELL
P120085369,BIPD,5/30/2012 0:00,2146,1220,WING POINT WAY NE,122797400,23380500,HARAS4
P120085481,BIPD,5/31/2012 0:00,0440,,FERNCLIFF AVE NE / NE GARIBALDI LOOP,122701754,23718533,TRAFF3
P120085525,BIPD,5/31/2012 0:00,0826,,EUCLID AVE NE / NE LAFAYETTE AVE,122464213,26128660,SUSPI4
P120085535,BIPD,5/31/2012 0:00,0847,11954,MILLER RD NE,121740493,24986353,DV3
P120089661,BIPD,6/6/2012 0:00,2002,907,CARVER ST,118435000,20790500,MEDIA
P120089925,BIPD,6/7/2012 0:00,0942,,NE HIGH SCHOOL RD / MADISON AVE N,122434245,23650717,T
P120085983,BIPD,5/31/2012 0:00,2228,241,WINSLOW WAY W,122377000,23251900,PC3
P120081587,BIPD,5/24/2012 0:00,1314,343,WINSLOW WAY E,122501900,23247000,SUSPI3
P120086990,BIPD,6/2/2012 0:00,1206,,NE HIGH SCHOOL RD / SPORTSMAN CLUB RD NE,122100813,23659652,CIVIL4
P120090151,BIPD,6/7/2012 0:00,1557,8490,HANSEN RD NE,121047542,23843763,WC911
P120090218,BIPD,6/7/2012 0:00,1755,123,BJUNE DR SE,122436600,23219300,THEFT4
P120087215,BIPD,6/2/2012 0:00,1813,,WINSLOW WAY E / WINSLOW WAY E,122485867,23257562,CELL
P120090434,BIPD,6/8/2012 0:00,0139,1299,GROW AVE NW,122319100,23637100,FI
P120090587,BIPD,6/8/2012 0:00,1003,232,OLYMPIC DR SE,122614960,23216561,WC911
P120090626,BIPD,6/8/2012 0:00,1118,,STATE HWY 305 NE / WINSLOW WAY E,122597069,23245490,T
P120087243,BIPD,6/2/2012 0:00,1853,5155,ROSE AVE NE,122355600,22736950,ALRFCP
P120090670,BIPD,6/8/2012 0:00,1242,,GREEN SPOT PL NE / NE LOFGREN RD,122631170,24104765,TRAFF3
P120087250,BIPD,6/2/2012 0:00,1902,,MADISON AVE N / WALLACE WAY NE,122433596,23514669,T
P120090940,BIPD,6/8/2012 0:00,2036,253,HIGH SCHOOL RD NE,122470100,23646300,T
P120091310,BIPD,6/9/2012 0:00,1336,,MADISON AVE N / STATE HWY 305 NE,122472543,23963078,T
P120087261,BIPD,6/2/2012 0:00,1925,625,WINSLOW WAY E,122607400,23236100,FU
P120087277,BIPD,6/2/2012 0:00,1945,6557,MONTE VISTA PL NE,121440413,24961980,MVC4
P120087689,BIPD,6/3/2012 0:00,1329,9777,NE MURDEN COVE DR,122527750,24332250,ALSP
P120087965,BIPD,6/3/2012 0:00,2305,13463,NE CAMBRIDGE CREST WAY,122214050,25740200,DV3
P120091737,BIPD,6/10/2012 0:00,0433,11488,OLYMPIC TERRACE AVE NE,121470286,24825381,SFR
P120091783,BIPD,6/10/2012 0:00,0859,,STATE HWY 305 NE / VINEYARD LN,122559210,23438563,T
P120091977,BIPD,6/10/2012 0:00,1703,10944,NORTH MADISON AVE NE,122499600,24629050,MALIC4
P120088167,BIPD,6/4/2012 0:00,1008,14417,SILVEN AVE NE,121424450,25793150,VEHIT4
P120092273,BIPD,6/11/2012 0:00,0903,625,WINSLOW WAY E,122607400,23236100,TRANS
P120092389,BIPD,6/11/2012 0:00,1203,550,HOMESTEAD LN,122489250,23419050,BURGL3
P120088248,BIPD,6/4/2012 0:00,1152,7158,NE NEW BROOKLYN RD,121604400,23975150,RECKL3
P120088298,BIPD,6/4/2012 0:00,1328,10861,NE MANITOU PARK BLVD,122932900,24590800,ASSAU4
P120093067,BIPD,6/12/2012 0:00,1431,225,SHANNON DR SE,122463513,23191793,HARAS4
P120088332,BIPD,6/4/2012 0:00,1429,13404,NE CAMBRIDGE CREST WAY,122225300,25702050,FI
P120094048,BIPD,6/14/2012 0:00,0433,8895,MADISON AVE N,122433700,23949200,T
P120094097,BIPD,6/14/2012 0:00,0845,10861,NE MANITOU PARK BLVD,122932900,24590800,FU
P120094168,BIPD,6/14/2012 0:00,1020,1806,EAGLE HARBOR LN NE,122126401,23144411,FOUND4
P120089328,BIPD,6/6/2012 0:00,0922,625,WINSLOW WAY E,122607400,23236100,FI
P120089400,BIPD,6/6/2012 0:00,1150,,"XY(122491402,23680306)",122491402,23680306,CELL
P120094648,BIPD,6/15/2012 0:00,0246,,NORDIC COVE LN NW / VIKING WAY NW,119068801,26852254,ASSIS3
P120089924,BIPD,6/7/2012 0:00,0941,13908,SUNRISE DR NE,122749550,25594300,WIRESF
P120085777,BIPD,5/31/2012 0:00,1632,403,MADISON AVE N,122430200,23357500,DV3
P120095314,BIPD,6/15/2012 0:00,2305,650,ERICKSEN AVE NE,122539100,23426350,DV3
P120085846,BIPD,5/31/2012 0:00,1829,,NE DAY RD E / STATE HWY 305 NE,122023402,25247379,TRAFF3
P120086201,BIPD,6/1/2012 0:00,0951,,DEAD END / OLYMPUS DR NE,122475281,23258524,CELL
P120095769,BIPD,6/16/2012 0:00,1820,907,CARVER ST,118435000,20790500,MEDIA
P120086402,BIPD,6/1/2012 0:00,1511,253,HIGH SCHOOL RD NE,122470100,23646300,FI
P120086660,BIPD,6/1/2012 0:00,2230,11815,MILLER RD NE,121706522,24927683,MVCB
P120090255,BIPD,6/7/2012 0:00,1854,280,MADISON AVE N,122441700,23299100,UNKNO3
P120090694,BIPD,6/8/2012 0:00,1336,,"XY(122406144,23484425)",122406144,23484425,CELL
P120096027,BIPD,6/17/2012 0:00,0135,11810,MANZANITA LN NE,121679000,24932950,PC3
P120096242,BIPD,6/17/2012 0:00,1340,241,WINSLOW WAY W,122377000,23251900,FU
P120090751,BIPD,6/8/2012 0:00,1459,9651,GREEN SPOT PL NE,122614118,24141261,FRAUD4
P120091368,BIPD,6/9/2012 0:00,1514,12781,NORTH MADISON AVE NE,122441400,25215900,THEFT4
P120096557,BIPD,6/17/2012 0:00,2353,,NE DAY RD E / STATE HWY 305 NE,122023402,25247379,T
P120096621,BIPD,6/18/2012 0:00,0328,779,VILLAGE CIR NW,122227550,23450350,BURGLA
P120096659,BIPD,6/18/2012 0:00,0631,625,WINSLOW WAY E,122607400,23236100,FU
P120096896,BIPD,6/18/2012 0:00,1435,,NE DAY RD E / NE YETI LN,122025071,25272959,CELL
P120091351,BIPD,6/9/2012 0:00,1448,11299,ARROW POINT DR NE,121068800,24696200,FU
P120097799,BIPD,6/20/2012 0:00,0452,,NE HIGH SCHOOL RD / HILDEBRAND LN NE,122472834,23653349,CELL
P120091639,BIPD,6/9/2012 0:00,2347,13000,PHELPS RD NE,122046830,25325643,T
P120091714,BIPD,6/10/2012 0:00,0251,,FERNCLIFF AVE NE / HIGH SCHOOL RD NE,122700327,23641703,THEFT3
P120092292,BIPD,6/11/2012 0:00,0936,499,OLYMPIC DR SE,122674000,23182900,WC911
P120092597,BIPD,6/11/2012 0:00,1748,253,HIGH SCHOOL RD NE,122470100,23646300,SUSPI3
P120092602,BIPD,6/11/2012 0:00,1753,625,WINSLOW WAY E,122607400,23236100,FOUND4
P120098319,BIPD,6/20/2012 0:00,2236,,FLETCHER BAY RD NE / NE HIGH SCHOOL RD,121498530,23670902,RECKL4
P120093579,BIPD,6/13/2012 0:00,1115,9330,NE HIGH SCHOOL RD,122363800,23666100,MVC4
P120098530,BIPD,6/21/2012 0:00,1014,300,NE HIGH SCHOOL RD,122505550,23655900,T
P120094299,BIPD,6/14/2012 0:00,1421,,"XY(122278929,24049827)",122278929,24049827,CELL
P120098668,BIPD,6/21/2012 0:00,1420,,"XY(120975271,24910136)",120975271,24910136,CELL
P120094598,BIPD,6/15/2012 0:00,0005,625,WINSLOW WAY E,122607400,23236100,FU
P120098842,BIPD,6/21/2012 0:00,1905,,"XY(122315861,23878262)",122315861,23878262,CELL
P120095062,BIPD,6/15/2012 0:00,1651,9330,NE HIGH SCHOOL RD,122363800,23666100,T
P120089474,BIPD,6/6/2012 0:00,1400,,SPORTSMAN CLUB RD NE / STATE HWY 305 NE,122395136,24298387,TRAFF3
P120089620,BIPD,6/6/2012 0:00,1829,550,MADISON AVE N,122431200,23400600,PARKI3
P120099371,BIPD,6/22/2012 0:00,1518,,"XY(122346817,22566660)",122346817,22566660,CELL
P120099564,BIPD,6/22/2012 0:00,2136,,HIGH SCHOOL RD NE / STATE HWY 305 NE,122571082,23644469,TRAFF3
P120095110,BIPD,6/15/2012 0:00,1805,,FINCH RD NE / NE NEW HOLLAND CT,122037088,23445768,T
P120099857,BIPD,6/23/2012 0:00,1234,15843,AGATE PASS BRG,121391000,26467600,DUI3
P120095615,BIPD,6/16/2012 0:00,1321,12985,PHELPS RD NE,122013600,25315000,FU
P120099940,BIPD,6/23/2012 0:00,1557,,WINSLOW WAY E / WINSLOW WAY E,122485875,23257927,CELL
P120095660,BIPD,6/16/2012 0:00,1445,3000,PLEASANT BEACH DR NE,122112500,22010500,FU
P120090034,BIPD,6/7/2012 0:00,1258,4734,WOODSMAN WAY NE,122384000,22539550,FI
P120095815,BIPD,6/16/2012 0:00,2004,233,PARFITT WAY SW,122384600,23163500,THREA3
P120095822,BIPD,6/16/2012 0:00,2026,10540,NE MORNING LN,122774989,25920783,WC911
P120090002,BIPD,6/7/2012 0:00,1210,829,HIGH SCHOOL RD NE,122672300,23642200,KEEP4
P120095911,BIPD,6/16/2012 0:00,2242,,NE HIGH SCHOOL RD / WEAVER RD NW,122172525,23657280,T
P120096503,BIPD,6/17/2012 0:00,2158,625,WINSLOW WAY E,122607400,23236100,FU
P120100546,BIPD,6/24/2012 0:00,1548,,BILL POINT CIR NE / NE BILL POINT DR,122891761,22805425,T
P120100575,BIPD,6/24/2012 0:00,1645,625,WINSLOW WAY E,122607400,23236100,WRT3
P120096481,BIPD,6/17/2012 0:00,2131,11601,JUST A MEER LN NE,122206750,24864650,NARCO3
P120096950,BIPD,6/18/2012 0:00,1605,625,WINSLOW WAY E,122607400,23236100,FI
P120097088,BIPD,6/18/2012 0:00,2100,,FARMVIEW LN NE / NE TORVANGER RD,122633626,25624584,DV4
P120097810,BIPD,6/20/2012 0:00,0552,,NE DAY RD W / MILLER RD NE,121978357,25249210,T
P120097926,BIPD,6/20/2012 0:00,1047,779,VILLAGE CIR NW,122227550,23450350,FU
P120097938,BIPD,6/20/2012 0:00,1059,,"XY(121261079,23490565)",121261079,23490565,CELL
P120103183,BIPD,6/28/2012 0:00,1844,,SKOGEN LN NE / NE WEST PORT MADISON RD,122027739,26104242,PC3
P120097995,BIPD,6/20/2012 0:00,1229,,ERICKSEN AVE NE / WINSLOW WAY E,122525612,23245942,THEFT4
P120098244,BIPD,6/20/2012 0:00,1953,,NE DAY RD E / NE YETI LN,122025071,25272959,CELL
P120098383,BIPD,6/21/2012 0:00,0118,240,WEAVER RD NW,122177400,23311200,OPEN3
P120098643,BIPD,6/21/2012 0:00,1332,1724,FORT WARD HILL RD NE,122362250,21582450,DUI3
P120103663,BIPD,6/29/2012 0:00,1358,625,WINSLOW WAY E,122607400,23236100,FI
P120098665,BIPD,6/21/2012 0:00,1416,1724,FORT WARD HILL RD NE,122362250,21582450,THREA4
P120098847,BIPD,6/21/2012 0:00,1910,,NE DAY RD E / NE YETI LN,122025071,25272959,CELL
P120098768,BIPD,6/21/2012 0:00,1701,240,CAMELIA LOOP NE,122464500,23595700,FU
P120099203,BIPD,6/22/2012 0:00,1010,11954,MILLER RD NE,121740493,24986353,HARAS4
P120099657,BIPD,6/23/2012 0:00,0102,9330,NE HIGH SCHOOL RD,122363800,23666100,T
P120104164,BIPD,6/30/2012 0:00,0643,,MADISON AVE N / WYATT WAY NE,122430637,23382031,T
P120099929,BIPD,6/23/2012 0:00,1542,,"XY(121079600,24707095)",121079600,24707095,CELL
P120100008,BIPD,6/23/2012 0:00,1813,488,WINSLOW WAY E,122551500,23246500,THEFT3
P120104896,BIPD,7/1/2012 0:00,1054,15039,HENDERSON RD NE,121454400,25971550,ALRA
P120100153,BIPD,6/23/2012 0:00,2250,,NE EAGLE HARBOR DR / NE OLD CREOSOTE HILL RD,122928362,22848761,FI
P120105075,BIPD,7/1/2012 0:00,1740,,LYNWOOD CENTER RD NE / POINT WHITE DR NE,121758992,22525846,SUSPI4
P120095904,BIPD,6/16/2012 0:00,2230,11299,ARROW POINT DR NE,121068800,24696200,FI
P120105377,BIPD,7/2/2012 0:00,0722,7571,NE DOLPHIN DR,121805400,26281400,ALRA
P120105447,BIPD,7/2/2012 0:00,0959,625,WINSLOW WAY E,122607400,23236100,FI
P120105612,BIPD,7/2/2012 0:00,1455,,NE BARKENTINE RD / NE MILL HEIGHTS CIR,122747580,22507612,SUSPI3
P120100540,BIPD,6/24/2012 0:00,1528,6500,FLETCHER BAY RD NE,121733069,23106555,T
P120106130,BIPD,7/3/2012 0:00,1141,,NE DAY RD E / NE YETI LN,122025071,25272959,CELL
P120106151,BIPD,7/3/2012 0:00,1228,253,HIGH SCHOOL RD NE,122470100,23646300,TRAFF3
P120100652,BIPD,6/24/2012 0:00,1923,907,CARVER ST,118435000,20790500,MEDIA
P120100627,BIPD,6/24/2012 0:00,1836,,NE COUNTRY CLUB RD / FORT WARD HILL RD NE,122444940,22146864,TRAFF3
P120102195,BIPD,6/27/2012 0:00,0931,7284,FINCH RD NE,122065850,23423150,ALRA
P120102597,BIPD,6/27/2012 0:00,2036,16639,AGATE POINT RD NE,121798650,26506800,HARAS4
P120106491,BIPD,7/3/2012 0:00,2149,9138,NE HIDDEN COVE RD,122324000,25805400,FIREW4
P120106613,BIPD,7/4/2012 0:00,0014,,DUANE LN NW / WALLACE WAY NE,122443643,23528844,CELL
P120106806,BIPD,7/4/2012 0:00,1103,7058,NE NEW BROOKLYN RD,121598310,23934271,FIREW4
P120102981,BIPD,6/28/2012 0:00,1311,,NE HIGH SCHOOL RD / SPORTSMAN CLUB RD NE,122100813,23659652,FI
P120103001,BIPD,6/28/2012 0:00,1340,,STATE HWY 305 NE / VINEYARD LN,122559210,23438563,T
P120106887,BIPD,7/4/2012 0:00,1344,,GILMORE WAY NE / WINSLOW WAY E,122615981,23254352,CELL
P120107171,BIPD,7/4/2012 0:00,2202,,SPORTSMAN CLUB RD NE / STATE HWY 305 NE,122395136,24298387,TRAFF3
P120107259,BIPD,7/4/2012 0:00,2313,4529,POINT WHITE DR NE,121671050,22554000,FIREW4
P120107289,BIPD,7/4/2012 0:00,2336,5227,CRYSTAL SPRINGS DR NE,121081150,22795150,FIREW4
P120107317,BIPD,7/5/2012 0:00,0005,1525,FORT WARD HILL RD NE,122348100,21525250,FIREW4
P120107663,BIPD,7/5/2012 0:00,1418,5129,MCDONALD AVE NE,122273800,22681850,DUI3
P120107727,BIPD,7/5/2012 0:00,1545,625,WINSLOW WAY E,122607400,23236100,FU
P120107758,BIPD,7/5/2012 0:00,1635,812,ALDER AVE NE,122999750,23474150,FRAUD4
P120103220,BIPD,6/28/2012 0:00,1934,907,CARVER ST,118435000,20790500,MEDIA
P120107843,BIPD,7/5/2012 0:00,1849,,"XY(122552272,23583747)",122552272,23583747,CELL
P120103415,BIPD,6/29/2012 0:00,0701,,NE DAY RD E / STATE HWY 305 NE,122023402,25247379,RECKL3
P120103545,BIPD,6/29/2012 0:00,1115,625,WINSLOW WAY E,122607400,23236100,FI
P120103683,BIPD,6/29/2012 0:00,1416,343,WINSLOW WAY E,122501900,23247000,ANIMA3
P120103900,BIPD,6/29/2012 0:00,2030,406,HIGH SCHOOL RD NE,122537800,23644900,T
P120103903,BIPD,6/29/2012 0:00,2034,1939,NE PARK VIEW DR,122364850,21658050,SUSPI3
P120103911,BIPD,6/29/2012 0:00,2042,,MILLER RD NE / NE TOLO RD,121433990,24330529,T
P120109322,BIPD,7/7/2012 0:00,2310,6894,NE SEABOLD CHURCH RD,121590300,25930700,PC3
P120109429,BIPD,7/8/2012 0:00,0201,,NE HIGH SCHOOL RD / HORIZON VIEW PL NW,122310438,23631740,CELL
P120104149,BIPD,6/30/2012 0:00,0448,,STATE HWY 305 NE / NE WEST PORT MADISON RD,121590699,26041540,DUI3
P120104431,BIPD,6/30/2012 0:00,1755,,NE DAY RD W / MILLER RD NE,121978357,25249210,T
P120100183,BIPD,6/23/2012 0:00,2336,7666,NE HIGH SCHOOL RD,121802600,23667700,FI
P120110302,BIPD,7/9/2012 0:00,1516,10861,NE MANITOU PARK BLVD,122932900,24590800,ASSAU4
P120110413,BIPD,7/9/2012 0:00,1824,241,WINSLOW WAY W,122377000,23251900,ASSIS3
P120110417,BIPD,7/9/2012 0:00,1840,,"XY(121123702,23944999)",121123702,23944999,CELL
P120100259,BIPD,6/24/2012 0:00,0141,,NE MANITOU PARK BLVD / ROLLING BAY WALK NE,122970362,24614879,PC3
P120100317,BIPD,6/24/2012 0:00,0424,,NE HIDDEN COVE RD / HIDDEN HEIGHTS LN NE,121863923,25645739,T
P120100344,BIPD,6/24/2012 0:00,0707,,TALON CT NE / WING POINT WAY NE,122827578,23372238,TRAFF3
P120110872,BIPD,7/10/2012 0:00,1504,625,WINSLOW WAY E,122607400,23236100,FU
P120106139,BIPD,7/3/2012 0:00,1152,,MADISON AVE N / WINSLOW WAY E,122427660,23249390,FU
P120106272,BIPD,7/3/2012 0:00,1525,403,MADISON AVE N,122430200,23357500,FOUND4
P120111459,BIPD,7/11/2012 0:00,1154,14669,KOMEDAL RD NE,121560842,25868257,FU
P120106362,BIPD,7/3/2012 0:00,1811,907,CARVER ST,118435000,20790500,MEDIA
P120111590,BIPD,7/11/2012 0:00,1533,,"XY(122346817,22566660)",122346817,22566660,CELL
P120106464,BIPD,7/3/2012 0:00,2119,131,PARFITT WAY SW,122413100,23151700,ASSIS4
P120111823,BIPD,7/11/2012 0:00,2225,,AGATE PASS RD NE / NE SANWICK PL,121723887,26557607,FIREW4
P120111841,BIPD,7/11/2012 0:00,2251,3000,PLEASANT BEACH DR NE,122112500,22010500,INFOP4
P120111811,BIPD,7/11/2012 0:00,2204,7345,NE OLSON FARM LN,121743900,24935700,FU
P120106840,BIPD,7/4/2012 0:00,1216,,MADISON AVE N / STATE HWY 305 NE,122472543,23963078,T
P120107066,BIPD,7/4/2012 0:00,1926,,NE BAKER HILL RD / CRYSTAL SPRINGS DR NE,121104356,22723615,FIREW4
P120112320,BIPD,7/12/2012 0:00,1741,5486,TAYLOR AVE NE,122702150,22818650,OPEN4
P120107768,BIPD,7/5/2012 0:00,1648,4804,CRYSTAL SPRINGS DR NE,121078400,22620150,FU
P120112716,BIPD,7/13/2012 0:00,1033,,NE DAY RD W / MILLER RD NE,121978357,25249210,T
P120107871,BIPD,7/5/2012 0:00,1933,625,WINSLOW WAY E,122607400,23236100,FI
P120107897,BIPD,7/5/2012 0:00,2038,,SUNRISE DR NE / NE TORVANGER RD,122740992,25622192,T
P120112897,BIPD,7/13/2012 0:00,1451,625,WINSLOW WAY E,122607400,23236100,ASSAU4
P120108046,BIPD,7/6/2012 0:00,0242,8478,HANSEN RD NE,121056200,23841600,SUICIG
P120113816,BIPD,7/14/2012 0:00,2356,4192,NE EAGLE HARBOR DR,122685900,22854900,PC3
P120108088,BIPD,7/6/2012 0:00,0745,6490,NE MONTE VISTA DR,121403450,24940076,ASSIS4
P120114044,BIPD,7/15/2012 0:00,1236,5875,NE SILVER WILLOW LN,121207200,23748300,WC911
P120108523,BIPD,7/6/2012 0:00,1939,625,WINSLOW WAY E,122607400,23236100,FU
P120114157,BIPD,7/15/2012 0:00,1735,625,WINSLOW WAY E,122607400,23236100,CELL
P120114174,BIPD,7/15/2012 0:00,1817,8407,NE LIGHTMOOR CT,122068700,23532750,WC911
P120109177,BIPD,7/7/2012 0:00,1927,,NE DAY RD E / STATE HWY 305 NE,122023402,25247379,TRAFF3
P120114238,BIPD,7/15/2012 0:00,2025,,FINCH RD NE / SPORTSMAN CLUB RD NE,122038267,23529659,FU
P120109682,BIPD,7/8/2012 0:00,1533,,MADISON AVE N / WALLACE WAY NE,122433596,23514669,T
P120110013,BIPD,7/9/2012 0:00,0443,241,WINSLOW WAY W,122377000,23251900,SFC
P120110058,BIPD,7/9/2012 0:00,0814,11712,SUNRISE DR NE,122726029,24868806,MALIC4
P120114432,BIPD,7/16/2012 0:00,0908,,BATTLE POINT DR NE / MILLER RD NE,121350327,24126968,FOUND4
P120104461,BIPD,6/30/2012 0:00,1850,,CAPSTAN DR NE / HIGH SCHOOL RD NW,122210812,23655945,T
P120105042,BIPD,7/1/2012 0:00,1640,,SPORTSMAN CLUB RD NE / STATE HWY 305 NE,122395136,24298387,T
P120105134,BIPD,7/1/2012 0:00,1922,299,SHANNON DR SE,122508700,23164500,PC3
P120106118,BIPD,7/3/2012 0:00,1120,268,WINSLOW WAY E,122484300,23247700,FU
P120115473,BIPD,7/17/2012 0:00,2043,,FERRY,122740502,25572831,FI
P120115541,BIPD,7/18/2012 0:00,0020,11299,ARROW POINT DR NE,121068800,24696200,FI
P120115618,BIPD,7/18/2012 0:00,0654,,FLETCHER BAY RD NE / LYNWOOD CENTER RD NE,121758601,23062387,T
P120115645,BIPD,7/18/2012 0:00,0833,,MADISON AVE S / PARFITT WAY SW,122425441,23164008,T
P120111116,BIPD,7/10/2012 0:00,2136,16639,AGATE POINT RD NE,121798650,26506800,FIREW4
P120116478,BIPD,7/19/2012 0:00,1509,7666,NE HIGH SCHOOL RD,121802600,23667700,INFOP5
P120111464,BIPD,7/11/2012 0:00,1200,650,ERICKSEN AVE NE,122539100,23426350,DV4
P120111786,BIPD,7/11/2012 0:00,2139,,DIAMOND PL NE / LYNWOOD CENTER RD NE,121741944,22793851,CELL
P120116965,BIPD,7/20/2012 0:00,1114,12420,STATE HWY 305 NE,122108300,25121300,TRAFF3
P120112049,BIPD,7/12/2012 0:00,1043,748,NE BROOKCLIFF LN,122666250,23471950,FU
P120112062,BIPD,7/12/2012 0:00,1104,253,HIGH SCHOOL RD NE,122470100,23646300,MVC4
P120117223,BIPD,7/20/2012 0:00,1808,,FAIRMONT LN NE / NE KOURA RD,122094063,24717498,T
P120117277,BIPD,7/20/2012 0:00,1954,,"XY(122706692,23141823)",122706692,23141823,CELL
P120117377,BIPD,7/20/2012 0:00,2313,,STATE HWY 305 NE / WINSLOW WAY E,122597069,23245490,T
P120117544,BIPD,7/21/2012 0:00,0924,9414,NE ENDICOTT ST,122441600,26177450,NOISE4
P120117652,BIPD,7/21/2012 0:00,1335,,"XY(121282990,24791158)",121282990,24791158,CELL
P120117888,BIPD,7/21/2012 0:00,2041,,NE ODD FELLOWS RD / PLEASANT BEACH DR NE,121940204,22282215,RECKL3
P120112423,BIPD,7/12/2012 0:00,2044,,NE KOURA RD / STATE HWY 305 NE,122310217,24709702,RECKL3
P120118206,BIPD,7/22/2012 0:00,1153,,MADISON AVE N / WINSLOW WAY E,122427660,23249390,ASSIS4
P120112724,BIPD,7/13/2012 0:00,1044,9300,NE WARDWELL RD,122364866,24310956,T
P120112766,BIPD,7/13/2012 0:00,1138,240,CAMELIA LOOP NE,122464500,23595700,POV4
P120113658,BIPD,7/14/2012 0:00,1915,141,PARFITT WAY SW,122410800,23143000,DV3
P120113900,BIPD,7/15/2012 0:00,0357,499,OLYMPIC DR SE,122674000,23182900,INTOX3
P120114132,BIPD,7/15/2012 0:00,1702,,MILLER RD NE / NE TOLO RD,121433990,24330529,TRAFF4
P120114165,BIPD,7/15/2012 0:00,1759,653,NE KLICKITAT PL,122631650,23484800,SUSPI4
P120118969,BIPD,7/23/2012 0:00,1818,231,PARFITT WAY SW,122376400,23128100,ASSAU4
P120119035,BIPD,7/23/2012 0:00,2031,801,EAGLECLIFF RD,122665750,23519600,SFR
P120114298,BIPD,7/15/2012 0:00,2255,1000,WEAVER RD NW,122187600,23568300,T
P120114321,BIPD,7/16/2012 0:00,0007,10150,NE COUNTRY CLUB RD,122545900,22110000,FI
P120114438,BIPD,7/16/2012 0:00,0923,200,HIGH SCHOOL RD NE,122476500,23646200,MENTA4
P120119814,BIPD,7/25/2012 0:00,0913,803,NE KLICKITAT PL,122670550,23489750,BURGL2
P120119920,BIPD,7/25/2012 0:00,1233,14104,HENDERSON RD NE,121502850,25678350,FU
P120119942,BIPD,7/25/2012 0:00,1310,11673,NE SUNSET LOOP,121735950,24926700,FU
P120114634,BIPD,7/16/2012 0:00,1444,12985,PHELPS RD NE,122013600,25315000,ASSIS3
P120114673,BIPD,7/16/2012 0:00,1537,10953,NE SOUTH BEACH DR,122806800,21437700,FU
P120115127,BIPD,7/17/2012 0:00,1053,6969,NE BUCK LAKE RD,121853900,33575450,ALSP
P120120830,BIPD,7/26/2012 0:00,2249,15035,SUNRISE DR NE,122727650,26008750,NOISE4
P120115211,BIPD,7/17/2012 0:00,1311,,FERNCLIFF AVE NE / HIGH SCHOOL RD NE,122700327,23641703,T
P120110442,BIPD,7/9/2012 0:00,1920,,NE DAY RD E / NE YETI LN,122025071,25272959,CELL
P120110589,BIPD,7/10/2012 0:00,0053,14800,STATE HWY 305 NE,121628900,25910700,PC3
P120110842,BIPD,7/10/2012 0:00,1423,5898,MAIN ST NE,122620600,22921300,MISC5
P120111115,BIPD,7/10/2012 0:00,2132,14414,NORTH MADISON AVE NE,122524000,25772350,RETURN
P120121033,BIPD,7/27/2012 0:00,1100,,HIGH SCHOOL RD NE / STATE HWY 305 NE,122571082,23644469,TRAFF3
P120121058,BIPD,7/27/2012 0:00,1144,,NE DAY RD W / MILLER RD NE,121978357,25249210,T
P120116709,BIPD,7/19/2012 0:00,2138,600,WINSLOW WAY E,122597200,23245500,T
P120116808,BIPD,7/20/2012 0:00,0157,15843,AGATE PASS BRG,121391000,26467600,GUNVI3
P120121244,BIPD,7/27/2012 0:00,1704,3144,PLEASANT BEACH DR NE,122116200,22056450,FI
P120121582,BIPD,7/28/2012 0:00,0919,,HIGH SCHOOL RD NE / STATE HWY 305 NE,122571082,23644469,T
P120121664,BIPD,7/28/2012 0:00,1336,8570,NE HIDDEN COVE RD,122157107,25766015,SUSPI4
P120117121,BIPD,7/20/2012 0:00,1531,,HIGH SCHOOL RD NE / STATE HWY 305 NE,122571082,23644469,TRAFF3
P120117204,BIPD,7/20/2012 0:00,1732,10750,ARROW POINT DR NE,121136520,24648044,T
P120117192,BIPD,7/20/2012 0:00,1714,,REITAN RD NE / STATE HWY 305 NE,121501742,26370270,DUI3
P120117965,BIPD,7/21/2012 0:00,2304,10340,NORTH MADISON AVE NE,122452400,24418800,NOISE4
P120122139,BIPD,7/29/2012 0:00,1207,310,FIR ACRES DR NW,122346650,23459050,ASSIS4
P120118382,BIPD,7/22/2012 0:00,1744,,STATE HWY 305 NE / WINSLOW WAY E,122597069,23245490,TRAFF3
P120122176,BIPD,7/29/2012 0:00,1347,6990,NE DOLPHIN DR,121628050,26316850,WC3
P120118454,BIPD,7/22/2012 0:00,2102,,NE DAY RD E / STATE HWY 305 NE,122023402,25247379,FIREW3
P120118521,BIPD,7/23/2012 0:00,0003,253,HIGH SCHOOL RD NE,122470100,23646300,FU
P120118696,BIPD,7/23/2012 0:00,1044,4476,ROCKAWAY BEACH RD NE,122944850,22467900,PC4
P120123097,BIPD,7/31/2012 0:00,0554,625,WINSLOW WAY E,122607400,23236100,FOUND4
P120123180,BIPD,7/31/2012 0:00,0938,9805,NE MURDEN COVE DR,122550350,24367500,WC3
P120118912,BIPD,7/23/2012 0:00,1638,625,WINSLOW WAY E,122607400,23236100,MISC4
P120118984,BIPD,7/23/2012 0:00,1900,4192,NE EAGLE HARBOR DR,122685900,22854900,MISSI2
P120119261,BIPD,7/24/2012 0:00,1001,305,MADISON AVE N,122413500,23319400,FU
P120123529,BIPD,7/31/2012 0:00,2049,11955,SUNRISE DR NE,122712650,24946200,MENTA3
P120123779,BIPD,8/1/2012 0:00,1108,,"XY(121261506,23486541)",121261506,23486541,CELL
P120119352,BIPD,7/24/2012 0:00,1250,253,HIGH SCHOOL RD NE,122470100,23646300,FU
P120124084,BIPD,8/1/2012 0:00,2000,16290,REITAN RD NE,121530550,26391000,FU
P120124341,BIPD,8/2/2012 0:00,1111,10300,SECRETARIAT LN NE,122056671,24453094,FU
P120119723,BIPD,7/25/2012 0:00,0506,301,HIGH SCHOOL RD NE,122491500,23645900,ALRA
P120120192,BIPD,7/25/2012 0:00,2100,,NE HIGH SCHOOL RD / HORIZON VIEW PL NW,122314854,23640764,CELL
P120120347,BIPD,7/26/2012 0:00,0736,,FORT WARD HILL RD NE / NE OLYMPIC DR,122356649,21685774,TRAFF3
P120120403,BIPD,7/26/2012 0:00,0952,15741,POINT MONROE DR NE,122645050,26277350,CIVIL3
P120125022,BIPD,8/3/2012 0:00,1329,100,RAVINE LN NE,122582221,23267030,ALRA
P120120920,BIPD,7/27/2012 0:00,0513,301,HIGH SCHOOL RD NE,122491500,23645900,ALRA
P120120944,BIPD,7/27/2012 0:00,0705,811,CHERRY AVE NE,122936600,23480200,NOISE4
P120125181,BIPD,8/3/2012 0:00,1734,,"XY(122524669,23628498)",122524669,23628498,CELL
P120120969,BIPD,7/27/2012 0:00,0837,280,MADISON AVE N,122441700,23299100,PC3
P120121022,BIPD,7/27/2012 0:00,1036,301,HIGH SCHOOL RD NE,122491500,23645900,FU
P120121011,BIPD,7/27/2012 0:00,1010,625,WINSLOW WAY E,122607400,23236100,FU
P120125348,BIPD,8/3/2012 0:00,2257,,"XY(122327699,23695574)",122327699,23695574,CELL
P120115956,BIPD,7/18/2012 0:00,1802,907,CARVER ST,118435000,20790500,MEDIA
P120121085,BIPD,7/27/2012 0:00,1233,,FLETCHER BAY RD NE / MILLER RD NE,121365750,23936543,MVCG
P120121819,BIPD,7/28/2012 0:00,1937,253,HIGH SCHOOL RD NE,122470100,23646300,ASSIS4
P120125842,BIPD,8/4/2012 0:00,2022,5300,NE FLETCHER LNDG,121030800,23918600,NOISE3
P120121876,BIPD,7/28/2012 0:00,2137,9701,OLYMPUS BEACH RD NE,120918050,24248650,LOUDP4
P120121932,BIPD,7/28/2012 0:00,2317,,NE DAY RD E / NE YETI LN,122031353,25269536,CELL
P120121939,BIPD,7/28/2012 0:00,2328,,HIGH SCHOOL RD NE / STATE HWY 305 NE,122571082,23644469,T
P120122166,BIPD,7/29/2012 0:00,1328,3949,CRYSTAL SPRINGS DR NE,121040400,22361700,BOATT3
P120126240,BIPD,8/5/2012 0:00,1510,,MADISON AVE N / WINSLOW WAY E,122427660,23249390,NOISE4
P120122722,BIPD,7/30/2012 0:00,1157,625,WINSLOW WAY E,122607400,23236100,FU
P120122929,BIPD,7/30/2012 0:00,1929,625,WINSLOW WAY E,122607400,23236100,HARAS3
P120126337,BIPD,8/5/2012 0:00,1826,16383,AGATE PASS RD NE,121688039,26407798,HARAS4
P120123078,BIPD,7/31/2012 0:00,0349,15035,SUNRISE DR NE,122727650,26008750,ANIMA4
P120123239,BIPD,7/31/2012 0:00,1141,13718,ELLINGSEN RD NE,122355100,25502900,THEFT4
P120123412,BIPD,7/31/2012 0:00,1701,15843,AGATE PASS BRG,121391000,26467600,FU
P120126997,BIPD,8/6/2012 0:00,1858,,"XY(122346817,22566660)",122346817,22566660,CELL
P120123482,BIPD,7/31/2012 0:00,1933,,HIGH SCHOOL RD NE / STATE HWY 305 NE,122571082,23644469,RECKL3
P120123795,BIPD,8/1/2012 0:00,1131,7997,NE HIGH SCHOOL RD,121907021,23666972,PROWL4
P120124632,BIPD,8/2/2012 0:00,1928,9000,MILLER RD NE,121360650,24052700,T
P120124898,BIPD,8/3/2012 0:00,0955,6900,ISLAND CENTER RD NE,121556102,23288516,WIRESU
P120124972,BIPD,8/3/2012 0:00,1212,134,HARBOR SQUARE LOOP NE,122644403,23259167,SUICI3
P120127571,BIPD,8/7/2012 0:00,1728,300,NE HIGH SCHOOL RD,122505550,23655900,THEFT4
P120127584,BIPD,8/7/2012 0:00,1744,,"XY(121861362,25447713)",121861362,25447713,CELL
P120127692,BIPD,8/7/2012 0:00,2116,3000,PLEASANT BEACH DR NE,122112500,22010500,FI
P120125004,BIPD,8/3/2012 0:00,1305,10015,NE YAQUINA AVE,122582850,23997950,CIVIL4
P120127885,BIPD,8/8/2012 0:00,0854,12024,PLEASANT PL NE,122252100,24983650,CIVIL3
P120125096,BIPD,8/3/2012 0:00,1547,,STATE HWY 305 NE / WINSLOW WAY E,122597069,23245490,T
P120125116,BIPD,8/3/2012 0:00,1605,550,MADISON AVE N,122431200,23400600,SUSPI4
P120125263,BIPD,8/3/2012 0:00,2015,,MADISON AVE N / STATE HWY 305 NE,122472543,23963078,TRAFF3
P120125300,BIPD,8/3/2012 0:00,2130,16280,STATE HWY 305 NE,120774700,26302300,T
P120121063,BIPD,7/27/2012 0:00,1158,250,CAMELIA LOOP NE,122478000,23588600,BLSP
P120125771,BIPD,8/4/2012 0:00,1814,907,CARVER ST,118435000,20790500,MEDIA
P120125953,BIPD,8/4/2012 0:00,2337,625,WINSLOW WAY E,122607400,23236100,WRT4
P120128894,BIPD,8/9/2012 0:00,1729,280,MADISON AVE N,122441700,23299100,GREEN
P120126147,BIPD,8/5/2012 0:00,1046,14315,SILVEN AVE NE,121407100,25754000,ADRIFT
P120126201,BIPD,8/5/2012 0:00,1330,499,OLYMPIC DR SE,122674000,23182900,FI
P120126218,BIPD,8/5/2012 0:00,1415,625,WINSLOW WAY E,122607400,23236100,THEFT4
P120126277,BIPD,8/5/2012 0:00,1606,,"XY(122315861,23878262)",122315861,23878262,CELL
P120126304,BIPD,8/5/2012 0:00,1724,8954,MADISON AVE N,122502650,23960350,ASSIS3
P120126481,BIPD,8/5/2012 0:00,2257,9551,NE NEW BROOKLYN RD,122429500,23912200,SUSPI3
P120129492,BIPD,8/10/2012 0:00,1557,625,WINSLOW WAY E,122607400,23236100,FOUND4
P120126507,BIPD,8/5/2012 0:00,2356,,WEAVER RD NW / WYATT WAY NW,122167956,23391345,T
P120127028,BIPD,8/6/2012 0:00,2008,,"XY(122552272,23583747)",122552272,23583747,CELL
P120127030,BIPD,8/6/2012 0:00,2010,8555,MADISON AVE N,122413300,23788700,OPEN3
P120127107,BIPD,8/6/2012 0:00,2249,9009,MILLER RD NE,121314650,24055000,T
P120130077,BIPD,8/11/2012 0:00,1552,,NE HIGH SCHOOL RD / HORIZON VIEW PL NW,122314854,23640764,CELL
P120127149,BIPD,8/7/2012 0:00,0028,285,MADISON AVE S,122426500,23199000,ALRA
P120130288,BIPD,8/11/2012 0:00,2225,9600-BLK,NE PINE ST,122481315,22589340,LOUDP4
P120130438,BIPD,8/12/2012 0:00,0748,,ERICKSEN AVE NE / WINSLOW WAY E,122525612,23245942,T
P120127496,BIPD,8/7/2012 0:00,1521,14657,SIVERTSON RD NE,121711000,25793500,FU
P120127865,BIPD,8/8/2012 0:00,0827,10005,NE DAY RD E,122672350,25201400,LITTE4
P120131192,BIPD,8/13/2012 0:00,1631,4192,NE EAGLE HARBOR DR,122685900,22854900,BOATT3
P120131195,BIPD,8/13/2012 0:00,1644,625,WINSLOW WAY E,122607400,23236100,UNKNO4
P120131322,BIPD,8/13/2012 0:00,2009,9234,NE HIDDEN COVE RD,122353950,25772450,OPEN3
P120127924,BIPD,8/8/2012 0:00,1009,625,WINSLOW WAY E,122607400,23236100,MISC4
P120131446,BIPD,8/14/2012 0:00,0152,1287,WING POINT WAY NE,122834700,23372100,LOUDP3
P120125338,BIPD,8/3/2012 0:00,2231,,"XY(122195543,25214459)",122195543,25214459,CELL
P120125514,BIPD,8/4/2012 0:00,0930,8200-BLK,NE HIDDEN COVE RD,122034513,25818612,ALSP
P120131894,BIPD,8/14/2012 0:00,1856,,NE BERGMAN RD / MILLER RD NE,121825422,25120970,T
P120131913,BIPD,8/14/2012 0:00,1922,,NE HIGH SCHOOL RD / SPORTSMAN CLUB RD NE,122100813,23659652,TRAFF3
P120125681,BIPD,8/4/2012 0:00,1531,,NE DAY RD E / NORTH MADISON AVE NE,122468811,25230896,RECKL4
P120132014,BIPD,8/14/2012 0:00,2208,9727,COPPERTOP LOOP NE,122353856,24101681,OPEN3
P120128802,BIPD,8/9/2012 0:00,1508,,NE DAY RD W / MILLER RD NE,121978357,25249210,T
P120132224,BIPD,8/15/2012 0:00,1006,10255,NE VALLEY RD,122674600,24698700,TRANS
P120132497,BIPD,8/15/2012 0:00,1711,,NE DAY RD E / STATE HWY 305 NE,122023402,25247379,MALIC3
P120128810,BIPD,8/9/2012 0:00,1532,658,MADISON AVE N,122439800,23427800,FU
P120129102,BIPD,8/10/2012 0:00,0021,,NE DAY RD E / STATE HWY 305 NE,122023402,25247379,T
P120129244,BIPD,8/10/2012 0:00,0921,6789,NE BERGMAN RD,121548250,25106850,INFOP4
P120129278,BIPD,8/10/2012 0:00,1025,,NORTH MADISON AVE NE / NE VALLEY RD,122457917,24703521,T
P120129283,BIPD,8/10/2012 0:00,1030,755,HIGH SCHOOL RD NE,122656035,23642648,FU
P120129297,BIPD,8/10/2012 0:00,1054,,NE DAY RD W / MANZANITA RD NE,121483434,25260567,WRT3
P120133359,BIPD,8/17/2012 0:00,0120,299,SHANNON DR SE,122508700,23164500,FI
P120133697,BIPD,8/17/2012 0:00,1546,10806,HART LN NE,121667720,24595655,MISC4
P120133743,BIPD,8/17/2012 0:00,1656,11299,ARROW POINT DR NE,121068800,24696200,T
P120129336,BIPD,8/10/2012 0:00,1212,190,HARBOR SQUARE LOOP NE,122663667,23268897,MISC4
P120134067,BIPD,8/18/2012 0:00,0241,8301,NE DAY RD E,122023500,25247400,SEXOFB
P120134144,BIPD,8/18/2012 0:00,0930,,NE EAGLE HARBOR DR / WYATT WAY NW,121975030,23400247,RECKL3
P120134200,BIPD,8/18/2012 0:00,1135,499,OLYMPIC DR SE,122674000,23182900,LOSTP4
P120134234,BIPD,8/18/2012 0:00,1251,13401,STATE HWY 305 NE,121868600,25432300,ANIMA3
P120129553,BIPD,8/10/2012 0:00,1740,253,HIGH SCHOOL RD NE,122470100,23646300,INTOX3
P120129752,BIPD,8/11/2012 0:00,0014,,HIGH SCHOOL RD NE / STATE HWY 305 NE,122571082,23644469,TRANS
P120129986,BIPD,8/11/2012 0:00,1305,711,VILLAGE CIR NW,122196450,23412950,BLSP
P120129905,BIPD,8/11/2012 0:00,0939,12807,SUNRISE DR NE,122722350,25209350,MISSI4
P120130266,BIPD,8/11/2012 0:00,2154,,SUNRISE DR NE / SUNRISE PL NE,122748410,25953390,MVC4
P120130567,BIPD,8/12/2012 0:00,1405,625,WINSLOW WAY E,122607400,23236100,CHILD4
P120131016,BIPD,8/13/2012 0:00,1056,5661,NE FOSTER RD,121170091,23874889,SUSPI4
P120131401,BIPD,8/13/2012 0:00,2259,,SPORTSMAN CLUB RD NE / STATE HWY 305 NE,122395136,24298387,FI
P120131679,BIPD,8/14/2012 0:00,1300,625,WINSLOW WAY E,122607400,23236100,FOUND5
P120127978,BIPD,8/8/2012 0:00,1138,,ERICKSEN AVE NE / MADRONE LN N,122485723,23250998,CELL
P120128466,BIPD,8/9/2012 0:00,0041,,NE JADE LN / NE OPAL RIDGE LN,121729555,22903219,UNKNO3
P120135654,BIPD,8/21/2012 0:00,0045,10102,EDGECOMBE PL NE,122508750,24293900,UNKNO3
P120128691,BIPD,8/9/2012 0:00,1136,,BIRKLAND RD NE / WEST BLAKELY RD NE,122064347,22362730,CELL
P120128725,BIPD,8/9/2012 0:00,1225,9407,NE ERIC AVE,122405852,25060768,SUSPI4
P120131722,BIPD,8/14/2012 0:00,1402,11042,SUNRISE DR NE,122734300,24659900,MALIC4
P120131946,BIPD,8/14/2012 0:00,2016,9330,NE HIGH SCHOOL RD,122363800,23666100,T
P120128687,BIPD,8/9/2012 0:00,1131,6490,NE MAXWELL LN,121385921,24070879,ABAND4
P120136270,BIPD,8/22/2012 0:00,0150,,FLETCHER BAY RD NE / NE FOSTER RD,121187701,23940773,FU
P120132856,BIPD,8/16/2012 0:00,1003,,HILDEBRAND LN NE / TORMEY LN NE,122534254,23589670,PC4
P120133058,BIPD,8/16/2012 0:00,1535,8401,NE KOURA RD,122059850,24665050,T
P120133082,BIPD,8/16/2012 0:00,1633,,MADISON AVE N / WINSLOW WAY E,122427660,23249390,INFOP4
P120136729,BIPD,8/22/2012 0:00,2058,,NE KOURA RD / STATE HWY 305 NE,122310217,24709702,DUI3
P120136793,BIPD,8/22/2012 0:00,2311,,"XY(122501743,23620973)",122501743,23620973,CELL
P120136802,BIPD,8/22/2012 0:00,2325,900,HILDEBRAND LN NE,122509617,23530191,FI
P120137009,BIPD,8/23/2012 0:00,1044,,NE LOVGREEN RD E / STATE HWY 305 NE,122193914,24976129,FI
P120137163,BIPD,8/23/2012 0:00,1509,9981,NE SOUTH BEACH DR,122446550,21407750,ALRP
P120133204,BIPD,8/16/2012 0:00,2001,,NE BYRON DR / FERNCLIFF AVE NE,122701389,23703548,MVC4
P120133226,BIPD,8/16/2012 0:00,2057,,MILLER RD NE / PETERSON HILL RD NE,121669667,24878567,T
P120137701,BIPD,8/24/2012 0:00,1226,10700,NE VALLEY RD,122817050,24707050,PC4
P120133325,BIPD,8/17/2012 0:00,0014,1310,MADISON AVE N,122447500,23664000,SUSPI3
P120137870,BIPD,8/24/2012 0:00,1728,,BATTLE POINT DR NE / DEAD END,120874335,24518746,CELL
P120134514,BIPD,8/18/2012 0:00,2207,,LYTLE RD NE / PLEASANT BEACH DR NE,121916365,22288534,LOUDP4
P120134666,BIPD,8/19/2012 0:00,0921,625,WINSLOW WAY E,122607400,23236100,MISC4
P120138551,BIPD,8/25/2012 0:00,1650,,STATE HWY 305 NE / VINEYARD LN,122559210,23438563,T
P120138623,BIPD,8/25/2012 0:00,1925,253,HIGH SCHOOL RD NE,122470100,23646300,DUI3
P120134700,BIPD,8/19/2012 0:00,1050,625,WINSLOW WAY E,122607400,23236100,FOUND4
P120134713,BIPD,8/19/2012 0:00,1136,4420,BLUFF ST NE,121825550,22474200,DV4
P120134767,BIPD,8/19/2012 0:00,1338,,"XY(122155170,21606934)",122155170,21606934,CELL
P120139066,BIPD,8/26/2012 0:00,1438,15838,SANDY HOOK RD NE,121019000,26374700,ASSIS4
P120139097,BIPD,8/26/2012 0:00,1536,,"XY(121282990,24791158)",121282990,24791158,CELL
P120139149,BIPD,8/26/2012 0:00,1723,,DEAD END / HIGH SCHOOL RD NE,122589854,23656991,CELL
P120134835,BIPD,8/19/2012 0:00,1610,10000,ARROW POINT DR NE,121176279,24602158,T
P120134967,BIPD,8/19/2012 0:00,2025,499,OLYMPIC DR SE,122674000,23182900,DUI3
P120135193,BIPD,8/20/2012 0:00,1003,7908,GRAND AVE NE,122996250,23655950,ALRA
P120139706,BIPD,8/27/2012 0:00,1528,,ERICKSEN AVE NE / MADRONE LN N,122485723,23250998,CELL
P120139708,BIPD,8/27/2012 0:00,1530,,MADISON AVE S / SHANNON DR SE,122440194,23226456,CELL
P120139713,BIPD,8/27/2012 0:00,1542,,SUNRISE DR NE / NE VALLEY RD,122722526,24697639,T
P120139732,BIPD,8/27/2012 0:00,1604,625,WINSLOW WAY E,122607400,23236100,MISC4
P120135231,BIPD,8/20/2012 0:00,1102,8584,FERNCLIFF AVE NE,122703624,23812348,MVC2
P120135481,BIPD,8/20/2012 0:00,1736,10760,NE BILL POINT DR,122847450,22776850,WC911
P120135579,BIPD,8/20/2012 0:00,2136,,ERICKSEN AVE NE / MADRONE LN N,122485723,23250998,CELL
P120135776,BIPD,8/21/2012 0:00,0849,4420,BLUFF ST NE,121825550,22474200,MISC4
P120140722,BIPD,8/29/2012 0:00,0927,,MADISON AVE N / WYATT WAY NE,122430637,23382031,TRAFF3
P120140893,BIPD,8/29/2012 0:00,1417,,NE BUCKLIN HILL RD / LYNWOOD CENTER RD NE,121827747,23137013,ASSIS3
P120140941,BIPD,8/29/2012 0:00,1546,,NE ODD FELLOWS RD / PLEASANT BEACH DR NE,121940204,22282215,T
P120135829,BIPD,8/21/2012 0:00,1026,11633,MEADOWMEER CIR NE,122141300,24809450,HARAS4
P120136034,BIPD,8/21/2012 0:00,1644,8521,MADISON AVE N,122388100,23738800,THEFT4
P120136036,BIPD,8/21/2012 0:00,1647,,NE LAFAYETTE AVE / SUNRISE DR NE,122750063,26150618,BLSP
P120141266,BIPD,8/30/2012 0:00,0722,,NE HIGH SCHOOL RD / HORIZON VIEW PL NW,122310438,23631740,CELL
P120136173,BIPD,8/21/2012 0:00,2156,,NE NEW BROOKLYN RD / SPORTSMAN CLUB RD NE,122235375,23919324,FI
P120132158,BIPD,8/15/2012 0:00,0720,1220,HILDEBRAND LN NE,122550200,23631100,WC3
P120136373,BIPD,8/22/2012 0:00,0943,,AGATEWOOD RD NE / STATE HWY 305 NE,121562025,26138320,MVC4
P120136710,BIPD,8/22/2012 0:00,2001,7611,NE HIDDEN COVE RD,121845900,25628800,T
P120137303,BIPD,8/23/2012 0:00,1938,7255,NE VINCENT RD,121649300,23089850,CHILD4
P120137645,BIPD,8/24/2012 0:00,1042,8895,MADISON AVE N,122433700,23949200,ASSIS3
P120137761,BIPD,8/24/2012 0:00,1411,,NE DAY RD E / STATE HWY 305 NE,122023402,25247379,MVC3
P120141635,BIPD,8/30/2012 0:00,1931,,SPORTSMAN CLUB RD NE / STATE HWY 305 NE,122395136,24298387,FU
P120141713,BIPD,8/30/2012 0:00,2238,,NE DAY RD E / NORTH MADISON AVE NE,122468811,25230896,T
P120142073,BIPD,8/31/2012 0:00,1340,403,MADISON AVE N,122430200,23357500,ANIMA3
P120138167,BIPD,8/24/2012 0:00,2315,497,HARBORVIEW DR SE,122589500,23122300,SINGLE
P120138231,BIPD,8/25/2012 0:00,0035,,MADISON AVE N / STATE HWY 305 NE,122472543,23963078,T
P120138415,BIPD,8/25/2012 0:00,1117,4700,NE EAGLE HARBOR DR,122528646,22853244,MISC2
P120142711,BIPD,9/1/2012 0:00,1551,,SPORTSMAN CLUB RD NE / STATE HWY 305 NE,122395136,24298387,MVCG
P120138783,BIPD,8/25/2012 0:00,2338,,MADISON AVE N / WINSLOW WAY E,122427660,23249390,T
P120138932,BIPD,8/26/2012 0:00,0827,,"XY(122626059,23449328)",122626059,23449328,CELL
P120143097,BIPD,9/2/2012 0:00,0921,245,HIGH SCHOOL RD NW,122243500,23654700,T
P120143309,BIPD,9/2/2012 0:00,1720,,NE DAY RD W / MILLER RD NE,121978357,25249210,T
P120143394,BIPD,9/2/2012 0:00,1959,625,WINSLOW WAY E,122607400,23236100,WRT4
P120139002,BIPD,8/26/2012 0:00,1148,,"XY(122546592,23275570)",122546592,23275570,CELL
P120143428,BIPD,9/2/2012 0:00,2102,,ALEXANDER PL / FERNCLIFF AVE NE,122751363,23638144,CELL
P120139252,BIPD,8/26/2012 0:00,2051,,NE DAY RD E / NE YETI LN,122025071,25272959,CELL
P120139350,BIPD,8/27/2012 0:00,0044,12781,NORTH MADISON AVE NE,122441400,25215900,PC3
P120143775,BIPD,9/3/2012 0:00,1433,6448,NE RALSTON RD,121464000,25792250,ALRA
P120143815,BIPD,9/3/2012 0:00,1524,550,MADISON AVE N,122431200,23400600,CIVIL3
P120139559,BIPD,8/27/2012 0:00,1221,,HIGH SCHOOL RD NE / STATE HWY 305 NE,122571082,23644469,RECKL3
P120139768,BIPD,8/27/2012 0:00,1703,,NE HIGH SCHOOL RD / WEAVER RD NW,122172525,23657280,T
P120139883,BIPD,8/27/2012 0:00,2049,,KNECHTEL WAY NE / MADISON AVE N,122432246,23447716,FI
P120140016,BIPD,8/28/2012 0:00,0430,5357,MCDONALD AVE NE,122267750,22817450,SUSPI3
P120140177,BIPD,8/28/2012 0:00,1131,,"XY(121185009,24456970)",121185009,24456970,CELL
P120144524,BIPD,9/4/2012 0:00,1724,,MADISON AVE N / WINSLOW WAY E,122427660,23249390,HARAS4
P120141047,BIPD,8/29/2012 0:00,1908,,"XY(122530386,23163915)",122530386,23163915,CELL
P120144686,BIPD,9/4/2012 0:00,2238,,MADISON AVE N / WYATT WAY NE,122430637,23382031,T
P120141055,BIPD,8/29/2012 0:00,1922,907,CARVER ST,118435000,20790500,MEDIA
P120136282,BIPD,8/22/2012 0:00,0324,2099,VICTORIAN LN NE,122334400,21699950,BURGL3
P120141418,BIPD,8/30/2012 0:00,1303,253,HIGH SCHOOL RD NE,122470100,23646300,TRAFF3
P120144721,BIPD,9/5/2012 0:00,0038,,NE DAY RD E / STATE HWY 305 NE,122023402,25247379,T
P120144865,BIPD,9/5/2012 0:00,0925,,HIGH SCHOOL RD NE / STATE HWY 305 NE,122571082,23644469,T
P120141433,BIPD,8/30/2012 0:00,1327,253,HIGH SCHOOL RD NE,122470100,23646300,FU
P120141496,BIPD,8/30/2012 0:00,1528,253,HIGH SCHOOL RD NE,122470100,23646300,VERBA3
P120141545,BIPD,8/30/2012 0:00,1636,,HIGH SCHOOL RD NE / STATE HWY 305 NE,122571082,23644469,ASSAUG
P120142121,BIPD,8/31/2012 0:00,1450,461,FERNCLIFF AVE NE,122692789,23363146,CIVIL4
P120142256,BIPD,8/31/2012 0:00,1839,253,HIGH SCHOOL RD NE,122470100,23646300,NARCO3
P120142542,BIPD,9/1/2012 0:00,0751,907,CARVER ST,118435000,20790500,MEDIA
P120142985,BIPD,9/2/2012 0:00,0107,,HIGH SCHOOL RD NE / STATE HWY 305 NE,122571082,23644469,T
P120143412,BIPD,9/2/2012 0:00,2047,,STATE HWY 305 NE / WINSLOW WAY E,122597069,23245490,T
P120146015,BIPD,9/7/2012 0:00,0424,647,MADISON AVE N,122401900,23428500,BLSP
P120146260,BIPD,9/7/2012 0:00,1316,,NE NEW BROOKLYN RD / SANDS AVE NE,121914537,23931258,T
P120146420,BIPD,9/7/2012 0:00,1739,907,CARVER ST,118435000,20790500,MEDIA
P120143561,BIPD,9/3/2012 0:00,0406,290,EAKIN DR NW,122138550,23306900,ALRU
P120146792,BIPD,9/8/2012 0:00,1049,290,WINSLOW WAY E,122491700,23247500,WC911
P120146829,BIPD,9/8/2012 0:00,1154,,SPORTSMAN CLUB RD NE / STATE HWY 305 NE,122395136,24298387,RECKL3
P120143642,BIPD,9/3/2012 0:00,1018,10900,NORTH MADISON AVE NE,122456002,24609075,T
P120147271,BIPD,9/9/2012 0:00,0327,9330,NE HIGH SCHOOL RD,122363800,23666100,PC4
P120147811,BIPD,9/10/2012 0:00,0937,6900-BLK,ISLAND CENTER RD NE,121528631,23342404,WC3
P120143989,BIPD,9/3/2012 0:00,2103,,NE MANUAL RD / STATE HWY 305 NE,121710851,25706189,DUI3
P120143986,BIPD,9/3/2012 0:00,2059,,NE LOVGREEN RD E / STATE HWY 305 NE,122193914,24976129,TRANS
P120144076,BIPD,9/4/2012 0:00,0136,12661,NORTH MADISON AVE NE,122467975,25190263,ABAND4
P120149142,BIPD,9/12/2012 0:00,1408,9333,HOLLY FARM LN NE,121500550,24102550,TRANS
P120144329,BIPD,9/4/2012 0:00,1242,835,MADISON AVE N,122415100,23498500,WCG
P120144472,BIPD,9/4/2012 0:00,1617,9632,NE DAY RD E,122508950,25244250,MISC4
P120149583,BIPD,9/13/2012 0:00,1010,11954,MILLER RD NE,121740493,24986353,RUNAW4
P120144665,BIPD,9/4/2012 0:00,2143,11205,NE WING POINT DR,122952377,23277000,SFR
P120144707,BIPD,9/4/2012 0:00,2331,7571,NE DOLPHIN DR,121805400,26281400,ALRA
P120144708,BIPD,9/4/2012 0:00,2338,,HIGH SCHOOL RD NE / HILDEBRAND LN NE,122535496,23644973,T
P120141117,BIPD,8/29/2012 0:00,2200,4759,LYNWOOD CENTER RD NE,121753900,22568600,T
P120150459,BIPD,9/14/2012 0:00,1547,,MADISON AVE N / STATE HWY 305 NE,122472543,23963078,T
P120150539,BIPD,9/14/2012 0:00,1728,138,HARBOR SQUARE LOOP NE,122650091,23259167,CIVIL3
P120150591,BIPD,9/14/2012 0:00,1856,625,WINSLOW WAY E,122607400,23236100,WRT4
P120150602,BIPD,9/14/2012 0:00,1920,,STATE HWY 305 NE / WINSLOW WAY E,122597069,23245490,T
P120141329,BIPD,8/30/2012 0:00,1013,7571,NE DOLPHIN DR,121805400,26281400,ALRA
P120150892,BIPD,9/15/2012 0:00,0745,907,CARVER ST,118435000,20790500,MEDIA
P120141376,BIPD,8/30/2012 0:00,1146,220,PARFITT WAY SW,122383300,23192900,ALS
P120141419,BIPD,8/30/2012 0:00,1308,,ARROW POINT DR NE / NE FREY AVE,121140240,24823312,DUI3
P120144955,BIPD,9/5/2012 0:00,1213,253,HIGH SCHOOL RD NE,122470100,23646300,T
P120145217,BIPD,9/5/2012 0:00,1942,,GRAND AVE / NE YEOMALT POINT DR,123022083,23543556,MVC4
P120151424,BIPD,9/16/2012 0:00,0125,625,WINSLOW WAY E,122607400,23236100,FI
P120151464,BIPD,9/16/2012 0:00,0318,499,OLYMPIC DR SE,122674000,23182900,NARCO3
P120145458,BIPD,9/6/2012 0:00,0842,7571,NE DOLPHIN DR,121805400,26281400,ALRA
P120145489,BIPD,9/6/2012 0:00,0946,9801,NE MURDEN COVE DR,122553900,24379200,TRAFF3
P120151853,BIPD,9/16/2012 0:00,2001,,NE SEABOLD RD / STATE HWY 305 NE,121590699,26041540,DUI3
P120151860,BIPD,9/16/2012 0:00,2016,,SPORTSMAN CLUB RD NE / STATE HWY 305 NE,122395136,24298387,T
P120145518,BIPD,9/6/2012 0:00,1023,,NE BUSINESS PARK LN / SPORTSMAN CLUB RD NE,122322118,24094785,T
P120152221,BIPD,9/17/2012 0:00,1410,1050,HILDEBRAND LN NE,122545200,23588400,T
P120145649,BIPD,9/6/2012 0:00,1428,601,HIGH SCHOOL RD NE,122587100,23628700,T
P120152415,BIPD,9/17/2012 0:00,1939,12781,NORTH MADISON AVE NE,122441400,25215900,NOISE4
P120145829,BIPD,9/6/2012 0:00,1908,,DEAD END / NE ERIC AVE,122405442,25090529,CELL
P120152577,BIPD,9/18/2012 0:00,0723,,"XY(122091480,24808850)",122091480,24808850,CELL
P120145857,BIPD,9/6/2012 0:00,1957,500,MADISON AVE N,122430644,23382215,T
P120145959,BIPD,9/6/2012 0:00,2344,625,WINSLOW WAY E,122607400,23236100,WRT4
P120153055,BIPD,9/18/2012 0:00,2245,227,MADRONA WAY NE,122460711,23308294,LOUDP3
P120153367,BIPD,9/19/2012 0:00,1444,,FINCH RD NE / SPORTSMAN CLUB RD NE,122065485,23658671,CELL
P120146698,BIPD,9/8/2012 0:00,0356,9750,MANDUS OLSON RD NE,121677333,24197962,WCB
P120147101,BIPD,9/8/2012 0:00,2036,907,CARVER ST,118435000,20790500,MEDIA
P120153940,BIPD,9/20/2012 0:00,1231,233,SHANNON DR SE,122464603,23185532,DV2
P120147955,BIPD,9/10/2012 0:00,1328,9330,NE HIGH SCHOOL RD,122363800,23666100,FU
P120148297,BIPD,9/11/2012 0:00,0622,499,OLYMPIC DR SE,122674000,23182900,FI
P120154874,BIPD,9/21/2012 0:00,2323,,NE DAY RD E / STATE HWY 305 NE,122023402,25247379,T
P120148350,BIPD,9/11/2012 0:00,0857,1415,ELIZABETH PL NW,122247850,23695550,FU
P120149372,BIPD,9/12/2012 0:00,2206,,"XY(122365045,23613026)",122365045,23613026,CELL
P120149395,BIPD,9/12/2012 0:00,2326,,GILMORE WAY NE / WINSLOW WAY E,122615981,23254352,CELL
P120154994,BIPD,9/22/2012 0:00,0810,625,WINSLOW WAY E,122607400,23236100,WRT4
P120155381,BIPD,9/22/2012 0:00,2233,5515,NE FOSTER RD,121096500,23864100,NOISE4
P120155415,BIPD,9/22/2012 0:00,2337,245,HIGH SCHOOL RD NW,122243500,23654700,VERBA3
P120149623,BIPD,9/13/2012 0:00,1059,,BAINBRIDGE ISLAND PD,122604672,23241342,FI
P120149709,BIPD,9/13/2012 0:00,1324,,HIGH SCHOOL RD NE / STATE HWY 305 NE,122571082,23644469,MVCG
P120155551,BIPD,9/23/2012 0:00,0905,,NE DAY RD E / NE YETI LN,122025022,25272960,CELL
P120150184,BIPD,9/14/2012 0:00,0815,,NE BUSINESS PARK LN / SPORTSMAN CLUB RD NE,122322118,24094785,T
P120150382,BIPD,9/14/2012 0:00,1359,9596,GREEN SPOT PL NE,122615350,24182000,WRT4
P120155669,BIPD,9/23/2012 0:00,1444,625,WINSLOW WAY E,122607400,23236100,NOISE4
P120155714,BIPD,9/23/2012 0:00,1558,625,WINSLOW WAY E,122607400,23236100,TRAFF3
P120144709,BIPD,9/4/2012 0:00,2352,141,PARFITT WAY SW,122410800,23143000,NOISE4
P120151416,BIPD,9/16/2012 0:00,0117,,SPORTSMAN CLUB RD NE / STATE HWY 305 NE,122395136,24298387,T
P120156012,BIPD,9/24/2012 0:00,0814,6246,NE EAGLE HARBOR DR,122210350,23090000,FOUND4
P120151481,BIPD,9/16/2012 0:00,0454,,NE LOVGREEN RD E / STATE HWY 305 NE,122193914,24976129,MVC3
P120151640,BIPD,9/16/2012 0:00,1324,9596,GREEN SPOT PL NE,122615350,24182000,WRT4
P120156733,BIPD,9/25/2012 0:00,1230,8730,FERNCLIFF AVE NE,122714250,23874700,THEFT4
P120152337,BIPD,9/17/2012 0:00,1702,300,HIGH SCHOOL RD NW,122250788,23654453,PARKI4
P120156794,BIPD,9/25/2012 0:00,1413,9125,SPORTSMAN CLUB RD NE,122290100,24108100,T
P120152493,BIPD,9/17/2012 0:00,2253,3949,CRYSTAL SPRINGS DR NE,121040400,22361700,FI
P120152596,BIPD,9/18/2012 0:00,0817,499,OLYMPIC DR SE,122674000,23182900,ASSIS2
P120152972,BIPD,9/18/2012 0:00,1921,12081,PLEASANT PL NE,122237850,24983150,SUICIB
P120153566,BIPD,9/19/2012 0:00,2022,11187,MEADOWLARK LN NE,121838950,24691350,ASSIS4
P120157545,BIPD,9/26/2012 0:00,1733,625,WINSLOW WAY E,122607400,23236100,WRT3
P120157601,BIPD,9/26/2012 0:00,1838,7869,NE DAY RD W,121857150,25192000,ALRA
P120153991,BIPD,9/20/2012 0:00,1414,500,WINSLOW WAY E,122554636,23247148,FOUND4
P120157831,BIPD,9/27/2012 0:00,0849,,HIGH SCHOOL RD NE / HILDEBRAND LN NE,122535496,23644973,MVCA
P120154118,BIPD,9/20/2012 0:00,1727,901,HILDEBRAND LN NE,122517400,23521500,ALRB
P120154246,BIPD,9/20/2012 0:00,2225,343,WINSLOW WAY E,122501900,23247000,FI
P120158389,BIPD,9/28/2012 0:00,0314,625,WINSLOW WAY E,122607400,23236100,WRT3
P120154911,BIPD,9/22/2012 0:00,0113,,MADRONE LN N / WINSLOW WAY E,122461044,23248357,SEXOF3
P120154948,BIPD,9/22/2012 0:00,0259,9443,CAPSTAN DR NE,122197700,23813250,PROWL3
P120158574,BIPD,9/28/2012 0:00,1115,,BLAKELY AVE NE / WEST BLAKELY RD NE,122038544,22396255,T
P120154983,BIPD,9/22/2012 0:00,0742,907,CARVER ST,118435000,20790500,MEDIA
P120155435,BIPD,9/23/2012 0:00,0029,,NE LOVGREEN RD E / STATE HWY 305 NE,122193914,24976129,LOUDP4
P120158739,BIPD,9/28/2012 0:00,1505,278,WINSLOW WAY E,122487600,23247600,MVC4
P120158872,BIPD,9/28/2012 0:00,1821,,WINSLOW WAY E / WINSLOW WAY E,122485875,23257927,CELL
P120155456,BIPD,9/23/2012 0:00,0125,,FLETCHER BAY RD NE / SPRINGRIDGE RD NE,121253090,23939289,LOUDP3
P120155564,BIPD,9/23/2012 0:00,0953,,HIGH SCHOOL LOOP NE / NE HIGH SCHOOL RD,121942002,23665601,T
P120159160,BIPD,9/29/2012 0:00,0426,6856,NE WEST PORT MADISON RD,121606850,26065850,T
P120159247,BIPD,9/29/2012 0:00,1054,5325,NE OLD MILL RD,122076450,22777200,THEFT4
P120155639,BIPD,9/23/2012 0:00,1343,,MADISON AVE N / NE YAQUINA AVE,122494139,24009835,T
P120159746,BIPD,9/30/2012 0:00,1005,625,WINSLOW WAY E,122607400,23236100,MISC5
P120150808,BIPD,9/15/2012 0:00,0239,13610,MANZANITA RD NE,121487943,25488003,PROWL3
P120151215,BIPD,9/15/2012 0:00,1832,,SPORTSMAN CLUB RD NE / STATE HWY 305 NE,122395136,24298387,CHILD3
P120151275,BIPD,9/15/2012 0:00,2004,,NE MORGAN RD / NORTH MADISON AVE NE,122460644,24835410,FI
P120159929,BIPD,9/30/2012 0:00,1744,,"XY(122090015,25029985)",122090015,25029985,CELL
P120159961,BIPD,9/30/2012 0:00,1840,907,CARVER ST,118435000,20790500,MEDIA
P120151304,BIPD,9/15/2012 0:00,2053,343,WINSLOW WAY E,122501900,23247000,UNWAN3
P120160154,BIPD,10/1/2012 0:00,0845,,FERNCLIFF AVE NE / WINSLOW WAY E,122689699,23243385,ASSIS4
P120156351,BIPD,9/24/2012 0:00,1817,253,HIGH SCHOOL RD NE,122470100,23646300,THEFT4
P120160295,BIPD,10/1/2012 0:00,1203,7070,NE EAGLE HARBOR DR,121972000,23357300,FRAUD4
P120160319,BIPD,10/1/2012 0:00,1239,625,WINSLOW WAY E,122607400,23236100,FU
P120160354,BIPD,10/1/2012 0:00,1326,14756,HENDERSON RD NE,121513100,25904900,FU
P120156438,BIPD,9/24/2012 0:00,2207,,SPORTSMAN CLUB RD NE / STATE HWY 305 NE,122395136,24298387,T
P120156756,BIPD,9/25/2012 0:00,1309,200,WINSLOW WAY E,122461213,23248350,FI
P120160730,BIPD,10/2/2012 0:00,0340,15843,AGATE PASS BRG,121391000,26467600,WATERR
P120157172,BIPD,9/26/2012 0:00,0817,10320,NE VALLEY RD,122696500,24698200,FI
P120157178,BIPD,9/26/2012 0:00,0827,6425,NE HIDDEN COVE RD,121433750,25645800,ALRA
P120157189,BIPD,9/26/2012 0:00,0847,625,WINSLOW WAY E,122607400,23236100,ASSIS3
P120161100,BIPD,10/2/2012 0:00,1629,,HARBORVIEW DR SE / OLYMPIC DR SE,122618573,23213755,PC3
P120161336,BIPD,10/3/2012 0:00,0552,10141,CITATION CT NE,122100100,24335950,ALRA
P120161410,BIPD,10/3/2012 0:00,0918,,NE BUCKLIN HILL RD / FLETCHER BAY RD NE,121726765,23138293,WC4
P120161703,BIPD,10/3/2012 0:00,1646,,FINCH RD NE / SPORTSMAN CLUB RD NE,122065485,23658671,CELL
P120161705,BIPD,10/3/2012 0:00,1648,,NE HIGH SCHOOL RD / SPORTSMAN CLUB RD NE,122100813,23659652,RECKL3
P120161880,BIPD,10/3/2012 0:00,2354,,NE LOVGREEN RD E / STATE HWY 305 NE,122193914,24976129,TRAFF3
P120161987,BIPD,10/4/2012 0:00,0909,7501,NE DOLPHIN DR,121808500,26284100,MISC4
P120157544,BIPD,9/26/2012 0:00,1732,472,WINSLOW WAY W,122302500,23265850,WC911
P120162166,BIPD,10/4/2012 0:00,1415,15347,SUQUAMISH WAY NE,121270800,26509200,T
P120162310,BIPD,10/4/2012 0:00,1822,,"XY(121282990,24791158)",121282990,24791158,CELL
P120162771,BIPD,10/5/2012 0:00,1415,625,WINSLOW WAY E,122607400,23236100,MISC3
P120157658,BIPD,9/26/2012 0:00,2051,505,HORIZON VIEW PL NW,122288650,23596800,DV4
P120158160,BIPD,9/27/2012 0:00,1734,11700,MILLER RD NE,121677650,24907650,WC3
P120163156,BIPD,10/6/2012 0:00,0446,,NE KOURA RD / STATE HWY 305 NE,122310217,24709702,T
P120158191,BIPD,9/27/2012 0:00,1834,9330,NE HIGH SCHOOL RD,122363800,23666100,MVC4
P120158467,BIPD,9/28/2012 0:00,0846,945,HILDEBRAND LN NE,122515600,23567100,MALIC4
P120158501,BIPD,9/28/2012 0:00,0938,403,MADISON AVE N,122430200,23357500,THEFT4
P120158587,BIPD,9/28/2012 0:00,1131,14460,KOMEDAL RD NE,121590900,25789800,HARAS4
P120158708,BIPD,9/28/2012 0:00,1409,,NE HIGH SCHOOL RD / WESTERLY LN NE,121872133,23667388,T
P120163850,BIPD,10/7/2012 0:00,0933,5031,NE SETTING SUN LN,120986500,24807300,ALRA
P120159044,BIPD,9/28/2012 0:00,2315,,NE HIGH SCHOOL RD / HORIZON VIEW PL NW,122310438,23631740,CELL
P120159055,BIPD,9/28/2012 0:00,2321,10244,NE GARIBALDI LOOP,122683200,23747550,LOUDP3
P120159436,BIPD,9/29/2012 0:00,1724,625,WINSLOW WAY E,122607400,23236100,MISC4
P120163947,BIPD,10/7/2012 0:00,1336,1220,HILDEBRAND LN NE,122550200,23631100,BLSP
P120164082,BIPD,10/7/2012 0:00,1746,907,CARVER ST,118435000,20790500,MEDIA
P120159856,BIPD,9/30/2012 0:00,1514,,STATE HWY 305 NE / VINEYARD LN,122559210,23438563,T
P120155716,BIPD,9/23/2012 0:00,1602,4452,ROCKAWAY BEACH RD NE,122944800,22450200,FU
P120159867,BIPD,9/30/2012 0:00,1529,7986,NE LOVGREEN RD W,121911505,25015813,DV2
P120164419,BIPD,10/8/2012 0:00,1014,7070,NE EAGLE HARBOR DR,121972000,23357300,FU
P120159887,BIPD,9/30/2012 0:00,1628,10004,NORTH MADISON AVE NE,122398813,24300345,T
P120155818,BIPD,9/23/2012 0:00,1914,907,CARVER ST,118435000,20790500,MEDIA
P120160328,BIPD,10/1/2012 0:00,1251,,CROWN DR NE / NE DAY RD E,122386727,25233235,TRAFF3
P120164753,BIPD,10/8/2012 0:00,1908,129,CAVE AVE NE,122622638,23254200,INFOP5
P120160405,BIPD,10/1/2012 0:00,1446,13718,ELLINGSEN RD NE,122355100,25502900,FRAUD4
P120160542,BIPD,10/1/2012 0:00,1758,907,CARVER ST,118435000,20790500,MEDIA
P120164861,BIPD,10/8/2012 0:00,2249,271,WINSLOW WAY E,122484900,23247700,UNWAN3
P120160914,BIPD,10/2/2012 0:00,1137,,WING POINT RD NE / NE WING POINT WAY,123045080,23362660,T
P120165269,BIPD,10/9/2012 0:00,1723,748,FERNCLIFF AVE NE,122722300,23467700,FU
P120160941,BIPD,10/2/2012 0:00,1205,9638,NE LAFAYETTE AVE,122509250,26177250,ALRA
P120165296,BIPD,10/9/2012 0:00,1821,907,CARVER ST,118435000,20790500,MEDIA
P120161050,BIPD,10/2/2012 0:00,1509,10259,SUNRISE PL NE,122701000,25929400,FRAUD4
P120161997,BIPD,10/4/2012 0:00,0920,8677,MADISON AVE N,122420700,23836800,CPR
P120162872,BIPD,10/5/2012 0:00,1701,282,KNECHTEL WAY NE,122487800,23447100,ASSIS4
P120162946,BIPD,10/5/2012 0:00,1917,920,HILDEBRAND LN NE,122546100,23567800,HARAS4
P120163302,BIPD,10/6/2012 0:00,1158,115,HALL BROTHERS LOOP NW,122372557,23252570,ALRA
P120165711,BIPD,10/10/2012 0:00,1328,12000,MILLER RD NE,121747760,25001187,T
P120165703,BIPD,10/10/2012 0:00,1314,12781,NORTH MADISON AVE NE,122441400,25215900,TRAFF3
P120163436,BIPD,10/6/2012 0:00,1540,7451,NE NORTH ST,121805100,26609900,DV3
P120163634,BIPD,10/6/2012 0:00,2055,9330,NE HIGH SCHOOL RD,122363800,23666100,PC3
P120166402,BIPD,10/11/2012 0:00,1623,,NE HIDDEN COVE RD / STATE HWY 305 NE,121741136,25661125,TRAFF3
P120163694,BIPD,10/6/2012 0:00,2337,,"XY(122431673,23360909)",122431673,23360909,ANIMA3
P120163842,BIPD,10/7/2012 0:00,0908,,BLAKELY AVE NE / UNNAMED,122037902,22399594,ASSIS3
P120166684,BIPD,10/12/2012 0:00,0754,,SPORTSMAN CLUB RD NE / STATE HWY 305 NE,122395136,24298387,T
P120163863,BIPD,10/7/2012 0:00,1010,,NE KNIGHT RD / SUNRISE DR NE,122736116,25355617,FU
P120167183,BIPD,10/12/2012 0:00,2324,,BLAKELY AVE NE / NE ODD FELLOWS RD,122237383,22290522,T
P120163906,BIPD,10/7/2012 0:00,1138,,NE DAY RD E / STATE HWY 305 NE,122023402,25247379,DUI3
P120163918,BIPD,10/7/2012 0:00,1224,,FERNCLIFF AVE NE / HIGH SCHOOL RD NE,122700327,23641703,T
P120167373,BIPD,10/13/2012 0:00,1118,,NE KOURA RD / STATE HWY 305 NE,122310217,24709702,SUSPI3
P120164180,BIPD,10/7/2012 0:00,2207,8490,NE BECK RD,122024200,22344900,WC911
P120164279,BIPD,10/8/2012 0:00,0324,706,TIFFANY MEADOWS DR NE,122754100,23447300,ALRA
P120167651,BIPD,10/13/2012 0:00,2032,1201,CHERRY AVE NE,122892000,23620450,DV3
P120160054,BIPD,9/30/2012 0:00,2226,,NE DAY RD E / NORTH MADISON AVE NE,122468811,25230896,MVCG
P120160265,BIPD,10/1/2012 0:00,1110,625,WINSLOW WAY E,122607400,23236100,FI
P120164774,BIPD,10/8/2012 0:00,1945,11727,ARROW POINT DR NE,121133050,24895350,FU
P120168277,BIPD,10/15/2012 0:00,0812,,ISLAND CENTER RD NE / NE MARSHALL RD,121504335,23234710,RECKL4
P120168361,BIPD,10/15/2012 0:00,1043,750,ERICKSEN AVE NE,122540400,23488350,ASSIS4
P120164971,BIPD,10/9/2012 0:00,0713,234,WOOD AVE SW,122365500,23199500,FU
P120168429,BIPD,10/15/2012 0:00,1238,546,WOOD AVE SW,122367400,23120000,HARAS4
P120168698,BIPD,10/15/2012 0:00,2113,,FERNCLIFF AVE NE / NE LOFGREN RD,122631170,24104765,TRAFF3
P120165303,BIPD,10/9/2012 0:00,1830,,SUNRISE DR NE / NE WOODHAVEN LN,122743490,25754509,T
P120169325,BIPD,10/16/2012 0:00,2150,840,MADISON AVE N,122440950,23491050,WC911
P120165492,BIPD,10/10/2012 0:00,0657,,FINCH RD NE / SPORTSMAN CLUB RD NE,122038267,23529659,T
P120169459,BIPD,10/17/2012 0:00,0830,499,OLYMPIC DR SE,122674000,23182900,WC911
P120165501,BIPD,10/10/2012 0:00,0718,4870,NE EAGLE HARBOR DR,122464700,22864800,MVC4
P120165547,BIPD,10/10/2012 0:00,0856,271,WINSLOW WAY E,122484900,23247700,SUSPI3
P120165570,BIPD,10/10/2012 0:00,0931,4870,NE EAGLE HARBOR DR,122464700,22864800,PC4
P120170660,BIPD,10/19/2012 0:00,1036,,"XY(121861362,25447713)",121861362,25447713,CELL
P120165555,BIPD,10/10/2012 0:00,0914,9105,FLETCHER BAY RD NE,121209250,23930000,PC3
P120166142,BIPD,10/11/2012 0:00,0853,14507,CHESAPEAKE PL NE,122573450,25876750,BLS
P120166131,BIPD,10/11/2012 0:00,0836,12781,NORTH MADISON AVE NE,122441400,25215900,TRAFF4
P120166652,BIPD,10/12/2012 0:00,0551,5406,DIAMOND PL NE,121633700,22836900,ALS
P120166654,BIPD,10/12/2012 0:00,0557,8608,NE ODD FELLOWS RD,122055700,22297600,SUSPI4
P120167095,BIPD,10/12/2012 0:00,1951,220,PARFITT WAY SW,122383300,23192900,THREA3
P120171027,BIPD,10/19/2012 0:00,2211,,"XY(122347655,24072760)",122347655,24072760,CELL
P120171062,BIPD,10/19/2012 0:00,2341,561,FAIRVIEW AVE NE,123063646,23401073,MALIC3
P120171147,BIPD,10/20/2012 0:00,0536,860,GILMORE WAY NE,122676300,23316900,WC3
P120167208,BIPD,10/13/2012 0:00,0105,,NE KOURA RD / STATE HWY 305 NE,122310217,24709702,FI
P120171160,BIPD,10/20/2012 0:00,0759,6154,LYNWOOD CENTER RD NE,121777450,23021950,WC3
P120167353,BIPD,10/13/2012 0:00,1036,261,EAGLE PL NE,122744750,23302550,ALRA
P120167447,BIPD,10/13/2012 0:00,1354,26465,KINGSVIEW LOOP NE,123192200,29747500,ATL4
P120171503,BIPD,10/20/2012 0:00,1955,7056,NE NEW BROOKLYN RD,121576600,23979950,FU
P120171532,BIPD,10/20/2012 0:00,2126,4190,LYTLE RD NE,121922550,22447350,FU
P120167507,BIPD,10/13/2012 0:00,1552,12810,SUNRISE DR NE,122733883,25222231,ALRA
P120167832,BIPD,10/14/2012 0:00,0639,12311,ARROW POINT LOOP NE,121258650,24995200,SEXOFB
P120164350,BIPD,10/8/2012 0:00,0851,7501,NE DOLPHIN DR,121808500,26284100,ASSIS3
P120171763,BIPD,10/21/2012 0:00,1138,625,WINSLOW WAY E,122607400,23236100,MISC4
P120164466,BIPD,10/8/2012 0:00,1128,625,WINSLOW WAY E,122607400,23236100,MISC4
P120164728,BIPD,10/8/2012 0:00,1831,7936,NE BECK RD,121823850,22347250,FI
P120172238,BIPD,10/22/2012 0:00,1025,461,FERNCLIFF AVE NE,122692789,23363146,MENTA3
P120164750,BIPD,10/8/2012 0:00,1906,,ERICKSEN AVE NE / MADRONE LN N,122485723,23250998,CELL
P120168459,BIPD,10/15/2012 0:00,1335,625,WINSLOW WAY E,122607400,23236100,MISC4
P120169187,BIPD,10/16/2012 0:00,1626,,"XY(122571116,23211549)",122571116,23211549,CELL
P120172568,BIPD,10/22/2012 0:00,2201,8998,FLETCHER BAY RD NE,121279750,23954550,T
P120169422,BIPD,10/17/2012 0:00,0616,6324,NE HIDDEN COVE RD,121386300,25707850,BURGL1
P120172621,BIPD,10/23/2012 0:00,0110,11841,MILLER RD NE,121712956,24936665,TRANS
P120169900,BIPD,10/17/2012 0:00,2029,439,SHANNON DR SE,122547052,23203071,BLSGP
P120170079,BIPD,10/18/2012 0:00,0944,6575,WING POINT RD NE,123050200,23171500,CIVIL4
P120170455,BIPD,10/18/2012 0:00,2215,5348,RUBY PL NE,121736550,22823650,PROWL2
P120172860,BIPD,10/23/2012 0:00,1221,7666,NE HIGH SCHOOL RD,121802600,23667700,VEHFI
P120172901,BIPD,10/23/2012 0:00,1329,4190,LYTLE RD NE,121922550,22447350,RETURN
P120170739,BIPD,10/19/2012 0:00,1302,16273,REITAN RD NE,121427650,26408800,ALRA
P120173043,BIPD,10/23/2012 0:00,1720,12311,ARROW POINT LOOP NE,121258650,24995200,WC3
P120170856,BIPD,10/19/2012 0:00,1610,245,HIGH SCHOOL RD NW,122243500,23654700,DV2
P120170929,BIPD,10/19/2012 0:00,1819,907,CARVER ST,118435000,20790500,MEDIA
P120173364,BIPD,10/24/2012 0:00,0958,,NE HIDDEN COVE RD / STATE HWY 305 NE,121741136,25661125,T
P120170964,BIPD,10/19/2012 0:00,1919,284,MADRONA WAY NE,122479350,23359500,SUSPI3
P120173528,BIPD,10/24/2012 0:00,1401,625,WINSLOW WAY E,122607400,23236100,SUSPI5
P120170976,BIPD,10/19/2012 0:00,1947,,REITAN RD NE / STATE HWY 305 NE,121501742,26370270,DUI3
P120173621,BIPD,10/24/2012 0:00,1620,,"XY(122544806,23267218)",122544806,23267218,CELL
P120170982,BIPD,10/19/2012 0:00,1955,,HIGH SCHOOL RD NE / STATE HWY 305 NE,122571082,23644469,T
P120171154,BIPD,10/20/2012 0:00,0725,1217,CHERRY AVE NE,122883050,23634100,NOISE4
P120171381,BIPD,10/20/2012 0:00,1559,825,HIGH SCHOOL RD NE,122670700,23642200,SEXOF3
P120171498,BIPD,10/20/2012 0:00,1945,225,HIGH SCHOOL RD NW,122240895,23654772,VERBA3
P120171570,BIPD,10/20/2012 0:00,2246,,ARROW POINT DR NE / MILLER RD NE,121550644,24644417,T
P120171703,BIPD,10/21/2012 0:00,0749,10060,HIGH SCHOOL RD NE,122601000,23755700,ALRA
P120174042,BIPD,10/25/2012 0:00,1239,280,MADISON AVE N,122441700,23299100,FU
P120174549,BIPD,10/26/2012 0:00,1153,,REITAN RD NE / STATE HWY 305 NE,121437974,26434991,RECKL3
P120171770,BIPD,10/21/2012 0:00,1156,9280,NE LOVGREEN RD E,122369150,24979200,FU
P120174540,BIPD,10/26/2012 0:00,1132,9330,NE HIGH SCHOOL RD,122363800,23666100,NARCO3
P120171976,BIPD,10/21/2012 0:00,1917,15843,AGATE PASS BRG,121391000,26467600,PC3
P120174862,BIPD,10/26/2012 0:00,2333,,NE DAY RD E / STATE HWY 305 NE,122023402,25247379,DUI3
P120167921,BIPD,10/14/2012 0:00,1224,5695,ROSE LOOP NE,122264250,22911950,DV3
P120167948,BIPD,10/14/2012 0:00,1351,601,HIGH SCHOOL RD NE,122587100,23628700,ASSIS3
P120175071,BIPD,10/27/2012 0:00,1052,625,WINSLOW WAY E,122607400,23236100,THEFT4
P120175189,BIPD,10/27/2012 0:00,1441,,GROW AVE NW / MADISON AVE N,122426361,23658381,CELL
P120175197,BIPD,10/27/2012 0:00,1506,,NE DAY RD E / STATE HWY 305 NE,122023402,25247379,RECKL3
P120172353,BIPD,10/22/2012 0:00,1403,,STATE HWY 305 NE / VINEYARD LN,122559210,23438563,T
P120175287,BIPD,10/27/2012 0:00,1907,,FORT WARD HILL RD NE / NE SUNNY HILL CIR,122359579,21935721,MVCA
P120175271,BIPD,10/27/2012 0:00,1811,10862,FALK RD NE,122800900,24603400,THEFT4
P120175294,BIPD,10/27/2012 0:00,1929,,NE NEW BROOKLYN RD / SANDS AVE NE,121914537,23931258,TRAFF3
P120172525,BIPD,10/22/2012 0:00,1944,321,HIGH SCHOOL RD NE,122500500,23645700,DV3
P120175350,BIPD,10/27/2012 0:00,2146,,FERNCLIFF AVE NE / WINSLOW WAY E,122689699,23243385,ALRA
P120175423,BIPD,10/28/2012 0:00,0032,6856,NE WEST PORT MADISON RD,121606850,26065850,LOUDP3
P120172593,BIPD,10/22/2012 0:00,2335,,SPORTSMAN CLUB RD NE / STATE HWY 305 NE,122395136,24298387,FI
P120176029,BIPD,10/29/2012 0:00,0953,665,MOJI LN NW,122239900,23481550,FRAUD4
P120176037,BIPD,10/29/2012 0:00,1010,499,OLYMPIC DR SE,122674000,23182900,ASSIS3
P120172641,BIPD,10/23/2012 0:00,0315,10155,BATTLE POINT DR NE,120926485,24412868,ALRA
P120176294,BIPD,10/29/2012 0:00,1855,,NE LOFGREN RD / MORAN RD NE,122445705,24110420,TRAFF3
P120176394,BIPD,10/29/2012 0:00,2254,10060,HIGH SCHOOL RD NE,122601000,23755700,ALRA
P120172666,BIPD,10/23/2012 0:00,0529,625,WINSLOW WAY E,122607400,23236100,MISC4
P120172683,BIPD,10/23/2012 0:00,0702,1200,CHERRY AVE NE,122902301,23625438,PC3
P120176475,BIPD,10/30/2012 0:00,0534,,STATE HWY 305 NE / SUQUAMISH WAY NE,121272953,26526622,ASSIS3
P120172922,BIPD,10/23/2012 0:00,1410,15843,AGATE PASS BRG,121391000,26467600,TRAFF3
P120176888,BIPD,10/30/2012 0:00,2135,13456,SUNRISE DR NE,122737645,25425286,REPOS
P120173263,BIPD,10/24/2012 0:00,0612,5008,ROCKAWAY BEACH RD NE,122964850,22608900,PROWL3
P120177191,BIPD,10/31/2012 0:00,1344,,"XY(120834466,24092038)",120834466,24092038,CELL
P120173332,BIPD,10/24/2012 0:00,0916,,MADISON AVE N / STATE HWY 305 NE,122472543,23963078,T
P120173363,BIPD,10/24/2012 0:00,0957,520,ERICKSEN AVE NE,122529178,23386440,UNWAN3
P120177804,BIPD,11/1/2012 0:00,1428,625,WINSLOW WAY E,122607400,23236100,FU
P120177818,BIPD,11/1/2012 0:00,1450,1858,COMMODORE LN NW,122287550,23846800,THEFT4
P120173578,BIPD,10/24/2012 0:00,1508,,BATTLE POINT DR NE / NE NORTH TOLO RD,121000738,24475451,MISC4
P120173714,BIPD,10/24/2012 0:00,1918,330,MADISON AVE S,122434250,23159800,FRAUD4
P120173818,BIPD,10/25/2012 0:00,0054,134,WINSLOW WAY W,122417561,23249887,DV2
P120173966,BIPD,10/25/2012 0:00,1032,9490,NE HIGH SCHOOL RD,122358400,23704100,ASSIS3
P120179285,BIPD,11/4/2012 0:00,0127,,SUNRISE DR NE / NE VALLEY RD,122722526,24697639,T
P120173976,BIPD,10/25/2012 0:00,1049,,GROW AVE NW / NE HIGH SCHOOL RD,122337828,23651155,T
P120173992,BIPD,10/25/2012 0:00,1108,,GRAND AVE / NE YEOMALT POINT DR,123022083,23543556,SUSPI3
P120179730,BIPD,11/5/2012 0:00,0138,,MADISON AVE N / WINSLOW WAY E,122427660,23249390,PC3
P120179735,BIPD,11/5/2012 0:00,0207,635,HIGH SCHOOL RD NE,122615700,23616500,UNWAN3
P120179839,BIPD,11/5/2012 0:00,0852,14163,KOMEDAL RD NE,121543350,25717600,SUSPI4
P120173997,BIPD,10/25/2012 0:00,1120,8832,FERNCLIFF AVE NE,122763100,23922350,ALRA
P120174582,BIPD,10/26/2012 0:00,1257,10861,NE MANITOU PARK BLVD,122932900,24590800,SEXOF4
P120174897,BIPD,10/27/2012 0:00,0039,,STATE HWY 305 NE / NE WEST PORT MADISON RD,121590699,26041540,T
P120172030,BIPD,10/21/2012 0:00,2213,,MADISON AVE N / STATE HWY 305 NE,122472543,23963078,T
P120172299,BIPD,10/22/2012 0:00,1222,625,WINSLOW WAY E,122607400,23236100,FI
P120180778,BIPD,11/6/2012 0:00,1829,,"XY(121282990,24791158)",121282990,24791158,CELL
P120181599,BIPD,11/8/2012 0:00,0814,,NE HIGH SCHOOL RD / MADISON AVE N,122433634,23644002,T
P120172315,BIPD,10/22/2012 0:00,1243,,STATE HWY 305 NE / VINEYARD LN,122559210,23438563,T
P120181781,BIPD,11/8/2012 0:00,1356,9101,NE KONO RD,122199100,22152750,MVC4
P120181807,BIPD,11/8/2012 0:00,1429,,MADISON AVE N / WYATT WAY NE,122430637,23382031,DUI3
P120181895,BIPD,11/8/2012 0:00,1641,625,WINSLOW WAY E,122607400,23236100,MISC5
P120175257,BIPD,10/27/2012 0:00,1723,461,FERNCLIFF AVE NE,122692789,23363146,DV2
P120181985,BIPD,11/8/2012 0:00,1944,,NE ADAS WILL LN / STATE HWY 305 NE,121518898,26215422,WC3
P120175615,BIPD,10/28/2012 0:00,1109,7534,NE EMERALD WAY,121704800,22730350,FU
P120176090,BIPD,10/29/2012 0:00,1234,15150,SKOGEN LN NE,122064365,26030177,WIRESU
P120182325,BIPD,11/9/2012 0:00,1244,7139,NE DOLPHIN DR,121691100,26290600,MISC4
P120182406,BIPD,11/9/2012 0:00,1447,499,OLYMPIC DR SE,122674000,23182900,RECKL3
P120182488,BIPD,11/9/2012 0:00,1711,1310,MADISON AVE N,122447500,23664000,T
P120182540,BIPD,11/9/2012 0:00,1841,907,CARVER ST,118435000,20790500,MEDIA
P120176409,BIPD,10/29/2012 0:00,2346,10100,NORTH MADISON AVE NE,122446339,24334574,T
P120183012,BIPD,11/10/2012 0:00,1657,5834,WARD AVE NE,122596400,22917100,ASSIS2
P120183111,BIPD,11/10/2012 0:00,2102,,"XY(122406144,23484425)",122406144,23484425,CELL
P120183127,BIPD,11/10/2012 0:00,2138,,HIGH SCHOOL RD NE / STATE HWY 305 NE,122571082,23644469,T
P120183134,BIPD,11/10/2012 0:00,2155,9752,MILLER RD NE,121405800,24250400,SUSPI3
P120183271,BIPD,11/11/2012 0:00,0529,5834,WARD AVE NE,122596400,22917100,FI
P120183310,BIPD,11/11/2012 0:00,0952,5834,WARD AVE NE,122596400,22917100,FU
P120183566,BIPD,11/11/2012 0:00,2258,,BATTLE POINT DR NE / NE BEACH ST,120992148,24130378,T
P120184136,BIPD,11/13/2012 0:00,0108,,NE HIDDEN COVE RD / STATE HWY 305 NE,121741136,25661125,T
P120184167,BIPD,11/13/2012 0:00,0501,,GROW AVE NW / SHEPARD WAY NW,122331356,23319978,T
P120176419,BIPD,10/30/2012 0:00,0009,7671,NE DAY RD W,121835184,25255064,FI
P120184494,BIPD,11/13/2012 0:00,1550,16181,AGATE PASS RD NE,121689100,26354250,ALSP
P120184615,BIPD,11/13/2012 0:00,2042,1126,MADISON AVE N,122435188,23586835,ASSIS4
P120176801,BIPD,10/30/2012 0:00,1752,8836,FERNCLIFF AVE NE,122759750,23929050,SFR
P120177049,BIPD,10/31/2012 0:00,0923,,SPORTSMAN CLUB RD NE / STATE HWY 305 NE,122395136,24298387,T
P120185108,BIPD,11/14/2012 0:00,1712,,"XY(122071787,25257330)",122071787,25257330,CELL
P120177371,BIPD,10/31/2012 0:00,1949,1201,CHERRY AVE NE,122892000,23620450,MALIC4
P120177799,BIPD,11/1/2012 0:00,1427,,NE HIGH SCHOOL RD / WEAVER RD NW,122172525,23657280,CHILD3
P120178081,BIPD,11/1/2012 0:00,2255,10102,EDGECOMBE PL NE,122508750,24293900,PROWL2
P120178326,BIPD,11/2/2012 0:00,1044,10821,NE WACKY NUT WAY,122833800,22324350,ALRFCP
P120178630,BIPD,11/2/2012 0:00,1932,488,WINSLOW WAY E,122551500,23246500,THEFT4
P120179002,BIPD,11/3/2012 0:00,1448,2106,FORT WARD HILL RD NE,122366300,21679100,FU
P120179328,BIPD,11/4/2012 0:00,0200,,MADISON AVE N / WINSLOW WAY E,122427660,23249390,ALRA
P120179592,BIPD,11/4/2012 0:00,1803,8261,NE BLAKELY HEIGHTS DR,121943600,22527250,PROWL2
P120180004,BIPD,11/5/2012 0:00,1251,499,OLYMPIC DR SE,122674000,23182900,SUSPI3
P120180085,BIPD,11/5/2012 0:00,1504,,"XY(122706692,23141823)",122706692,23141823,CELL
P120185544,BIPD,11/15/2012 0:00,1404,1049,MADISON AVE N,122418650,23577000,MVC4
P120185681,BIPD,11/15/2012 0:00,1828,5025,TAYLOR AVE NE,122637600,22662650,DV3
P120185753,BIPD,11/15/2012 0:00,2213,,"XY(122071787,25257330)",122071787,25257330,CELL
P120180194,BIPD,11/5/2012 0:00,1838,,"XY(122706692,23141823)",122706692,23141823,CELL
P120186026,BIPD,11/16/2012 0:00,1206,835,MADISON AVE N,122415100,23498500,MENTAG
P120186235,BIPD,11/16/2012 0:00,1821,,ERICKSEN AVE NE / WINSLOW WAY E,122525612,23245942,RECKL3
P120180202,BIPD,11/5/2012 0:00,1908,9012,SPRINGWOOD AVE NE,122604340,23922306,FU
P120186317,BIPD,11/16/2012 0:00,2147,7750,YEOMALT PL NE,123114250,23560850,CPR
P120180494,BIPD,11/6/2012 0:00,1024,,MADISON AVE N / WINSLOW WAY E,122427660,23249390,T
P120180724,BIPD,11/6/2012 0:00,1631,8000,NE LOVGREEN RD W,121943099,25015586,FU
P120186825,BIPD,11/17/2012 0:00,2208,,NE HIGH SCHOOL RD / MADISON AVE N,122433634,23644002,T
P120181744,BIPD,11/8/2012 0:00,1303,4759,LYNWOOD CENTER RD NE,121753900,22568600,FU
P120186980,BIPD,11/18/2012 0:00,0602,811,CHERRY AVE NE,122936600,23480200,ALRA
P120187298,BIPD,11/18/2012 0:00,2118,253,HIGH SCHOOL RD NE,122470100,23646300,MISSI4
P120187278,BIPD,11/18/2012 0:00,2000,301,HIGH SCHOOL RD NE,122491500,23645900,FU
P120187314,BIPD,11/18/2012 0:00,2210,,GROW AVE NW / NE HIGH SCHOOL RD,122337828,23651155,T
P120187342,BIPD,11/18/2012 0:00,2331,,NE HIDDEN COVE RD / STATE HWY 305 NE,121741136,25661125,T
P120187356,BIPD,11/19/2012 0:00,0018,,STATE HWY 305 NE / SUQUAMISH WAY NE,121272953,26526622,T
P120187429,BIPD,11/19/2012 0:00,0518,20149,VIKING AVE NW,119216900,27728100,ALRA
P120175005,BIPD,10/27/2012 0:00,0618,,JOHN ADAMS LN NW / WYATT WAY NW,122388661,23383450,SUSPI3
P120175213,BIPD,10/27/2012 0:00,1550,,NE HIGH SCHOOL RD / HORIZON VIEW PL NW,122310438,23631740,CELL
P120182085,BIPD,11/9/2012 0:00,0029,,NE DAY RD E / STATE HWY 305 NE,122023402,25247379,T
P120182301,BIPD,11/9/2012 0:00,1203,248,MORRILL PL NE,122717773,23294257,DV3
P120182763,BIPD,11/10/2012 0:00,0235,9821,NE MURDEN COVE DR,122542050,24327150,FU
P120188340,BIPD,11/20/2012 0:00,1627,9539,NE BEACH CREST DR,122415200,24434200,FU
P120188372,BIPD,11/20/2012 0:00,1724,350,GROW AVE NW,122340100,23334950,MISC3
P120188357,BIPD,11/20/2012 0:00,1712,8968,MANDUS OLSON RD NE,121809750,23997800,FU
P120188402,BIPD,11/20/2012 0:00,1810,9330,NE HIGH SCHOOL RD,122363800,23666100,THEFT4
P120184179,BIPD,11/13/2012 0:00,0638,299,SHANNON DR SE,122508700,23164500,FOUND4
P120185099,BIPD,11/14/2012 0:00,1646,,FERNCLIFF AVE NE / WINSLOW WAY E,122689699,23243385,THEFT3
P120185115,BIPD,11/14/2012 0:00,1735,,"XY(122346817,22566660)",122346817,22566660,CELL
P120188928,BIPD,11/21/2012 0:00,1920,537,CHERRY AVE NE,122946300,23386650,SUSPI3
P120188969,BIPD,11/21/2012 0:00,2123,8320,NE NEW HOLLAND CT,121996550,23466900,ALS
P120185172,BIPD,11/14/2012 0:00,1921,280,WYATT WAY NE,122485900,23391500,DOAA
P120189173,BIPD,11/22/2012 0:00,1209,,MADISON AVE N / WYATT WAY NE,122430637,23382031,RECKL3
P120189498,BIPD,11/23/2012 0:00,0942,10102,EDGECOMBE PL NE,122508750,24293900,ASSIS3
P120185201,BIPD,11/14/2012 0:00,2047,370,GROW AVE NW,122353900,23343900,MISSI3
P120185388,BIPD,11/15/2012 0:00,0917,1200,HILDEBRAND LN NE,122551100,23614700,FRAUD4
P120189748,BIPD,11/23/2012 0:00,1740,,FLETCHER BAY RD NE / ISLAND CENTER RD NE,121639712,23516206,TRAFF3
P120189773,BIPD,11/23/2012 0:00,1834,10625,ARROW POINT DR NE,121164300,24576900,MVC3
P120189844,BIPD,11/23/2012 0:00,2158,465,WINSLOW WAY E,122543850,23233600,NOISE4
P120190064,BIPD,11/24/2012 0:00,1150,1912,NE PARK VIEW DR,122415700,21644450,FU
P120185410,BIPD,11/15/2012 0:00,1004,,SPORTSMAN CLUB RD NE / STATE HWY 305 NE,122395136,24298387,T
P120185446,BIPD,11/15/2012 0:00,1116,,"XY(122347121,24073137)",122347121,24073137,CELL
P120185455,BIPD,11/15/2012 0:00,1134,,AGATEWOOD RD NE / STATE HWY 305 NE,121562025,26138320,TRAFF3
P120185491,BIPD,11/15/2012 0:00,1229,,NORTH TOWN DR NE / SPORTSMAN CLUB RD NE,122294142,24024195,T
P120191114,BIPD,11/26/2012 0:00,1210,625,WINSLOW WAY E,122607400,23236100,MISC3
P120185492,BIPD,11/15/2012 0:00,1230,4450,BLAKELY AVE NE,122091700,22497100,ASSIS4
P120185510,BIPD,11/15/2012 0:00,1310,,DEERCLIFF RD NE / FERNCLIFF AVE NE,122698690,23559865,T
P120186022,BIPD,11/16/2012 0:00,1200,682,WINSLOW WAY E,122618099,23244856,FU
P120191566,BIPD,11/27/2012 0:00,0802,,MADISON AVE N / STATE HWY 305 NE,122472543,23963078,TRAFF3
P120186298,BIPD,11/16/2012 0:00,2059,10861,NE MANITOU PARK BLVD,122932900,24590800,ASSAU4
P120186461,BIPD,11/17/2012 0:00,0400,9330,NE HIGH SCHOOL RD,122363800,23666100,PC4
P120191717,BIPD,11/27/2012 0:00,1225,625,WINSLOW WAY E,122607400,23236100,FI
P120191760,BIPD,11/27/2012 0:00,1356,15843,AGATE PASS BRG,121391000,26467600,DUI3
P120186719,BIPD,11/17/2012 0:00,1751,,NE HIGH SCHOOL RD / HORIZON VIEW PL NW,122310438,23631740,CELL
P120186914,BIPD,11/18/2012 0:00,0045,,HOLLY FARM LN NE / NE NEW BROOKLYN RD,121517247,23935124,T
P120181956,BIPD,11/8/2012 0:00,1831,400,HARBORVIEW DR SE,122621100,23168300,GUNVI3
P120187750,BIPD,11/19/2012 0:00,1510,,"XY(122406144,23484425)",122406144,23484425,CELL
P120187958,BIPD,11/19/2012 0:00,2233,,NE BAKER HILL RD / BLAKELY AVE NE,122016317,22599490,WIRESF
P120192787,BIPD,11/29/2012 0:00,1251,8580,FERNCLIFF AVE NE,122703592,23810586,WC3
P120188532,BIPD,11/21/2012 0:00,0026,,STATE HWY 305 NE / SUQUAMISH WAY NE,121272953,26526622,T
P120188704,BIPD,11/21/2012 0:00,1117,,WINSLOW WAY W / WOOD AVE SW,122346964,23253057,T
P120188834,BIPD,11/21/2012 0:00,1603,,ERICKSEN AVE NE / MADRONE LN N,122485723,23250998,CELL
P120193546,BIPD,11/30/2012 0:00,2002,920,HILDEBRAND LN NE,122546100,23567800,WC911
P120188996,BIPD,11/21/2012 0:00,2234,316,WINSLOW WAY E,122497400,23247300,UNKNO3
P120189650,BIPD,11/23/2012 0:00,1440,,BJUNE DR SE / MADISON AVE S,122427052,23224917,TRAFF3
P120193895,BIPD,12/1/2012 0:00,1248,,MADISON AVE N / STATE HWY 305 NE,122472543,23963078,TRAFF3
P120194315,BIPD,12/2/2012 0:00,0636,10102,EDGECOMBE PL NE,122508750,24293900,SUSPI4
P120189700,BIPD,11/23/2012 0:00,1603,1574,NE PARK VIEW DR,122448406,21507163,HARAS4
P120190948,BIPD,11/26/2012 0:00,0717,289,SHANNON DR SE,122488000,23159000,MISC3
P120191046,BIPD,11/26/2012 0:00,1035,213,MADISON AVE N,122428792,23296552,HARAS4
P120191057,BIPD,11/26/2012 0:00,1051,249,WINSLOW WAY E,122475500,23238850,SUSPI4
P120194933,BIPD,12/3/2012 0:00,1212,,NE KOURA RD / STATE HWY 305 NE,122310217,24709702,T
P120194980,BIPD,12/3/2012 0:00,1325,20090,LITTLE VALLEY RD NE,119638354,27777347,FU
P120195201,BIPD,12/3/2012 0:00,2019,907,CARVER ST,118435000,20790500,MEDIA
P120191065,BIPD,11/26/2012 0:00,1059,,MADISON AVE N / MADRONA WAY NE,122430171,23356861,MVC4
P120195324,BIPD,12/4/2012 0:00,0401,,OLYMPIC DR SE / WINSLOW WAY E,122597069,23245490,INTOX3
P120191147,BIPD,11/26/2012 0:00,1300,7895,WESTERLY LN NE,121863100,23641650,FU
P120191333,BIPD,11/26/2012 0:00,1750,611,EAGLECLIFF RD,122623700,23561850,DV3
P120191385,BIPD,11/26/2012 0:00,1943,100,WINSLOW WAY E,122427800,23249400,ASSIS3
P120191586,BIPD,11/27/2012 0:00,0831,,SPORTSMAN CLUB RD NE / STATE HWY 305 NE,122395136,24298387,TRAFF3
P120191699,BIPD,11/27/2012 0:00,1141,,NE HIGH SCHOOL RD / HILDEBRAND LN NE,122481671,23645858,CELL
P120196765,BIPD,12/6/2012 0:00,1529,,NE HIGH SCHOOL RD / HORIZON VIEW PL NW,122314854,23640764,CELL
P120191780,BIPD,11/27/2012 0:00,1439,625,WINSLOW WAY E,122607400,23236100,MISC4
P120192209,BIPD,11/28/2012 0:00,1040,,"XY(121282990,24791158)",121282990,24791158,CELL
P120187443,BIPD,11/19/2012 0:00,0640,408,WINSLOW WAY E,122529000,23245900,MISC3
P120187582,BIPD,11/19/2012 0:00,1042,219,MADISON AVE S,122426919,23219253,FRAUD4
P120197581,BIPD,12/7/2012 0:00,2306,15420,SMOLAND LN NE,122088150,26108400,ALRA
P120187680,BIPD,11/19/2012 0:00,1317,403,MADISON AVE N,122430200,23357500,PC3
P120192750,BIPD,11/29/2012 0:00,1138,550,MADISON AVE N,122431200,23400600,NARCO4
P120193007,BIPD,11/29/2012 0:00,1940,,NE EAGLE HARBOR DR / NEW SWEDEN AVE NE,122551758,22852957,MVC4
P120197750,BIPD,12/8/2012 0:00,0940,225,NE HIGH SCHOOL RD,122373600,23636900,CIVIL4
P120197860,BIPD,12/8/2012 0:00,1341,9300,SPORTSMAN CLUB RD NE,122332600,24121200,WC911
P120193063,BIPD,11/29/2012 0:00,2232,,PHELPS RD NE / NE SUMANEE PL,122130546,25457993,T
P120198081,BIPD,12/8/2012 0:00,2205,253,HIGH SCHOOL RD NE,122470100,23646300,T
P120193121,BIPD,11/30/2012 0:00,0146,1201,CHERRY AVE NE,122892000,23620450,DV4
P120193586,BIPD,11/30/2012 0:00,2135,253,HIGH SCHOOL RD NE,122470100,23646300,FU
P120198186,BIPD,12/9/2012 0:00,0146,10102,EDGECOMBE PL NE,122508750,24293900,SUSPI3
P120193641,BIPD,11/30/2012 0:00,2316,,NE DAY RD W / MILLER RD NE,121978357,25249210,TRAFF3
P120193870,BIPD,12/1/2012 0:00,1154,150,MADRONE LN N,122466909,23268906,FU
P120194441,BIPD,12/2/2012 0:00,1405,625,WINSLOW WAY E,122607400,23236100,WRT3
P120194456,BIPD,12/2/2012 0:00,1452,,GILMORE WAY NE / WINSLOW WAY E,122615981,23254352,CELL
P120194907,BIPD,12/3/2012 0:00,1133,380,WINSLOW WAY E,122507500,23253200,WC911
P120195176,BIPD,12/3/2012 0:00,1942,1728,NE PRESTON ST,122982950,23546900,FU
P120199583,BIPD,12/11/2012 0:00,1513,230,WINSLOW WAY E,122471377,23248070,PARKI4
P120195347,BIPD,12/4/2012 0:00,0556,,FERNCLIFF AVE NE / WINSLOW WAY E,122689699,23243385,T
P120195376,BIPD,12/4/2012 0:00,0810,5040,LYNWOOD CENTER RD NE,121806521,22691198,T
P120199787,BIPD,12/11/2012 0:00,2252,,SPORTSMAN CLUB RD NE / STATE HWY 305 NE,122395136,24298387,T
P120196132,BIPD,12/5/2012 0:00,1223,,NE DARDEN LN / TOE JAM HILL RD NE,122721016,21539245,SUSPI3
P120200133,BIPD,12/12/2012 0:00,1558,,STATE HWY 305 NE / WINSLOW WAY E,122597069,23245490,TRAFF3
P120196403,BIPD,12/5/2012 0:00,2135,,SPORTSMAN CLUB RD NE / STATE HWY 305 NE,122395136,24298387,T
P120200404,BIPD,12/13/2012 0:00,0653,16471,STATE HWY 305 NE,120405900,26373300,T
P120200428,BIPD,12/13/2012 0:00,0811,,NORTH TOWN DR NE / THREE TREE LN NE,122311333,23913388,CELL
P120196538,BIPD,12/6/2012 0:00,0902,7048,NE GREGG FARM LN,121629050,23790000,TRAFF3
P120196828,BIPD,12/6/2012 0:00,1720,6500,NE HIDDEN COVE RD,121459350,25666250,ALS
P120196801,BIPD,12/6/2012 0:00,1637,,STATE HWY 305 NE / VINEYARD LN,122559210,23438563,ASSIS4
P120200741,BIPD,12/13/2012 0:00,1655,8203,SPORTSMAN CLUB RD NE,122132500,23727700,MISC3
P120192414,BIPD,11/28/2012 0:00,1523,225,HIGH SCHOOL RD NW,122240895,23654772,FU
P120192509,BIPD,11/28/2012 0:00,1921,,NE HIGH SCHOOL RD / MADISON AVE N,122433634,23644002,RECKL3
P120197739,BIPD,12/8/2012 0:00,0912,,NE KOURA RD / STATE HWY 305 NE,122310217,24709702,TRAFF4
P120201039,BIPD,12/14/2012 0:00,0927,231,PARFITT WAY SW,122376400,23128100,RECKL4
P120197871,BIPD,12/8/2012 0:00,1414,8991,SPRINGWOOD AVE NE,122564000,23933800,WC911
P120198097,BIPD,12/8/2012 0:00,2238,,NE HIDDEN COVE RD / SPARGUR LOOP RD NE,122213877,25764708,T
P120198108,BIPD,12/8/2012 0:00,2301,,NE ADAS WILL LN / STATE HWY 305 NE,121518898,26215422,FI
P120198371,BIPD,12/9/2012 0:00,1244,1808,EAGLE HARBOR LN NE,122137577,23143886,FU
P120198425,BIPD,12/9/2012 0:00,1505,499,OLYMPIC DR SE,122674000,23182900,T
P120201837,BIPD,12/15/2012 0:00,0147,,NORTH MADISON AVE NE / NE TORVANGER RD,122452164,25628115,T
P120198465,BIPD,12/9/2012 0:00,1625,,SPORTSMAN CLUB RD NE / STATE HWY 305 NE,122395136,24298387,MVC3
P120201914,BIPD,12/15/2012 0:00,0626,231,WINSLOW WAY E,122463600,23240400,PC3
P120198590,BIPD,12/9/2012 0:00,2141,11954,MILLER RD NE,121740493,24986353,FU
P120198684,BIPD,12/10/2012 0:00,0426,345,KNECHTEL WAY NE,122501400,23437000,ALRA
P120198854,BIPD,12/10/2012 0:00,1159,,HIGH SCHOOL RD NE / HILDEBRAND LN NE,122535496,23644973,MISC3
P120202324,BIPD,12/16/2012 0:00,0153,,SPORTSMAN CLUB RD NE / STATE HWY 305 NE,122395136,24298387,TRAFF3
P120198939,BIPD,12/10/2012 0:00,1425,,NE HIGH SCHOOL RD / HORIZON VIEW PL NW,122314854,23640764,CELL
P120199666,BIPD,12/11/2012 0:00,1727,,NE HIDDEN COVE RD / STATE HWY 305 NE,121741136,25661125,RECKL3
P120202482,BIPD,12/16/2012 0:00,1252,301,HIGH SCHOOL RD NE,122491500,23645900,ASSIS3
P120202846,BIPD,12/17/2012 0:00,0802,8355,SANDS AVE NE,121799450,23824850,FRAUD4
P120202863,BIPD,12/17/2012 0:00,0833,9570,NE HIGH SCHOOL RD,122416490,23648244,PC4
P120202855,BIPD,12/17/2012 0:00,0810,625,WINSLOW WAY E,122607400,23236100,TRANS
P120203152,BIPD,12/17/2012 0:00,1612,9955,NE LOFGREN RD,122567050,24084600,WC911
P120203203,BIPD,12/17/2012 0:00,1748,,ERICKSEN AVE NE / WINSLOW WAY E,122525612,23245942,T
P120203237,BIPD,12/17/2012 0:00,1909,9330,NE HIGH SCHOOL RD,122363800,23666100,SUSPI4
P120199674,BIPD,12/11/2012 0:00,1735,7905,FINCH RD NE,122040107,23632030,MISC3
P120200169,BIPD,12/12/2012 0:00,1652,,NE LAFAYETTE AVE / SUNRISE DR NE,122750063,26150618,MVCG
P120200269,BIPD,12/12/2012 0:00,2017,9918,NE VALLEY RD,122570540,24701163,CIVIL4
P120197451,BIPD,12/7/2012 0:00,1828,575,HOMESTEAD LN,122486400,23436050,UNKNO2
P120197555,BIPD,12/7/2012 0:00,2221,9115,NE NEW BROOKLYN RD,122310737,23916606,PC4
P120197604,BIPD,12/7/2012 0:00,2358,4900,ROSE AVE NE,122415800,22687900,FI
P120197721,BIPD,12/8/2012 0:00,0827,7030,NE DOLPHIN DR,121687050,26317050,WC3
P120201165,BIPD,12/14/2012 0:00,1324,18480,SUQUAMISH WAY NE,121557700,27040300,FU
P120201239,BIPD,12/14/2012 0:00,1451,,STATE HWY 305 NE / WINSLOW WAY E,122597069,23245490,TRAFF3
P120204195,BIPD,12/19/2012 0:00,1214,10889,BILL POINT CIR NE,122899600,22819800,ABAND4
P120201274,BIPD,12/14/2012 0:00,1539,6075,NE TOLO RD,121271297,24336495,MENTA3
P120204290,BIPD,12/19/2012 0:00,1522,5402,DIAMOND PL NE,121642650,22866700,ALRA
P120204363,BIPD,12/19/2012 0:00,1742,,"XY(122406144,23484425)",122406144,23484425,CELL
P120201341,BIPD,12/14/2012 0:00,1737,,NE SEABOLD RD / STATE HWY 305 NE,121590699,26041540,DUI3
P120204569,BIPD,12/20/2012 0:00,0807,145,FERNCLIFF AVE NE,122681863,23269225,FU
P120204620,BIPD,12/20/2012 0:00,0944,,NE HIDDEN COVE RD / STATE HWY 305 NE,121741136,25661125,MVC4
P120204634,BIPD,12/20/2012 0:00,1018,14778,SUNRISE DR NE,122800500,25898300,WC911
P120204824,BIPD,12/20/2012 0:00,1516,,BLUE HERON AVE NE / IHLAND PL NE,122485044,23550932,SUSPI3
P120201714,BIPD,12/14/2012 0:00,2329,8641,SANDS AVE NE,121875700,23848100,FI
P120201862,BIPD,12/15/2012 0:00,0220,,NE DUNCAN LN / FALK RD NE,122785767,24565380,T
P120205002,BIPD,12/20/2012 0:00,1937,6110,NE TOLO RD,121322800,24350900,WC911
P120201926,BIPD,12/15/2012 0:00,0800,5523,MADISON AVE N,122438725,23746149,PC3
P120205173,BIPD,12/21/2012 0:00,0549,5145,MCDONALD AVE NE,122276400,22710250,ALRA
P120201985,BIPD,12/15/2012 0:00,1057,,NE DAY RD E / STATE HWY 305 NE,122023402,25247379,T
P120202060,BIPD,12/15/2012 0:00,1424,6605,NE JAY ST,121494150,25366400,MVCG
P120205605,BIPD,12/21/2012 0:00,1828,907,CARVER ST,118435000,20790500,MEDIA
P120205654,BIPD,12/21/2012 0:00,2038,301,HIGH SCHOOL RD NE,122491500,23645900,MISC3
P120202367,BIPD,12/16/2012 0:00,0603,,NE HIDDEN COVE RD / STATE HWY 305 NE,121741136,25661125,T
P120205723,BIPD,12/21/2012 0:00,2312,,NE DAY RD E / STATE HWY 305 NE,122023402,25247379,T
P120205763,BIPD,12/22/2012 0:00,0031,,"XY(122574036,23650891)",122574036,23650891,FI
P120205997,BIPD,12/22/2012 0:00,1403,9125,SPORTSMAN CLUB RD NE,122290100,24108100,T
P120202441,BIPD,12/16/2012 0:00,1052,216,KNECHTEL WAY NE,122492450,23465350,MENTA4
P120206299,BIPD,12/23/2012 0:00,0019,,MADISON AVE N / WINSLOW WAY E,122427660,23249390,T
P120206403,BIPD,12/23/2012 0:00,0932,11070,NE WING POINT DR,123009289,23234977,FU
P120203259,BIPD,12/17/2012 0:00,2006,9330,NE HIGH SCHOOL RD,122363800,23666100,FU
P120206707,BIPD,12/23/2012 0:00,2315,499,OLYMPIC DR SE,122674000,23182900,T
P120206710,BIPD,12/23/2012 0:00,2320,,ERICKSEN AVE NE / WINSLOW WAY E,122525612,23245942,T
P120206734,BIPD,12/24/2012 0:00,0017,773,HIGH SCHOOL RD NE,122659626,23642545,DV1
P120203277,BIPD,12/17/2012 0:00,2046,907,CARVER ST,118435000,20790500,MEDIA
P120206823,BIPD,12/24/2012 0:00,0832,15253,WASHINGTON AVE NE,122404594,26048163,VEHIT4
P120203282,BIPD,12/17/2012 0:00,2048,8521,MADISON AVE N,122388100,23738800,FU
P120203534,BIPD,12/18/2012 0:00,1039,186,WYATT WAY NW,122405200,23396700,FU
P120207256,BIPD,12/25/2012 0:00,0113,343,WINSLOW WAY E,122501900,23247000,ASSIS4
P120207314,BIPD,12/25/2012 0:00,0827,350,HIGH SCHOOL RD NE,122521100,23645300,WC911
P120207394,BIPD,12/25/2012 0:00,1244,10248,HYLA AVE NE,122684374,24446240,WC911
P120207657,BIPD,12/26/2012 0:00,0614,,NE DAY RD E / STATE HWY 305 NE,122023402,25247379,T
P120207667,BIPD,12/26/2012 0:00,0651,,FINCH RD NE / NE HIGH SCHOOL RD,122040602,23661844,FI
P120200586,BIPD,12/13/2012 0:00,1225,14044,ELLINGSEN RD NE,122340635,25681630,WC4
P120200659,BIPD,12/13/2012 0:00,1432,499,OLYMPIC DR SE,122674000,23182900,THEFT3
P120200729,BIPD,12/13/2012 0:00,1626,138,HARBOR SQUARE LOOP NE,122650091,23259167,FRAUD4
P120200733,BIPD,12/13/2012 0:00,1643,,MADISON AVE N / WINSLOW WAY E,122427660,23249390,PC3
P120207993,BIPD,12/26/2012 0:00,2014,,NE DAY RD E / NORTH MADISON AVE NE,122468811,25230896,PC4
P120208055,BIPD,12/26/2012 0:00,2346,,GROW AVE NW / MADISON AVE N,122426361,23658381,CELL
P120203803,BIPD,12/18/2012 0:00,1845,907,CARVER ST,118435000,20790500,MEDIA
P120200836,BIPD,12/13/2012 0:00,2003,9000,MILLER RD NE,121360650,24052700,T
P120208121,BIPD,12/27/2012 0:00,0703,,NE DAY RD E / STATE HWY 305 NE,122023402,25247379,T
P120203741,BIPD,12/18/2012 0:00,1635,,MADISON AVE N / WINSLOW WAY E,122427660,23249390,PC3
P120200991,BIPD,12/14/2012 0:00,0804,1201,CHERRY AVE NE,122892000,23620450,DVG
P120208504,BIPD,12/27/2012 0:00,2210,13909,ELLINGSEN RD NE,122339807,25650198,SUSPI3
P120204035,BIPD,12/19/2012 0:00,0841,1168,MADISON AVE N,122435457,23598393,T
P120204218,BIPD,12/19/2012 0:00,1302,13198,PHELPS RD NE,122196600,25395900,PC4
P120204466,BIPD,12/19/2012 0:00,2224,270,SHANNON DR SE,122486691,23166704,ASSIS3
P120209103,BIPD,12/28/2012 0:00,2349,,NICHOLSON PL NW / WYATT WAY NW,122250974,23388522,DUI3
P120204919,BIPD,12/20/2012 0:00,1730,,"XY(122347121,24073137)",122347121,24073137,CELL
P120204932,BIPD,12/20/2012 0:00,1749,907,CARVER ST,118435000,20790500,MEDIA
P120209578,BIPD,12/29/2012 0:00,2226,1115,ALEXANDER PL,122786550,23580000,FU
P120205046,BIPD,12/20/2012 0:00,2151,15701,POINT MONROE DR NE,122720400,26295450,FI
P120205357,BIPD,12/21/2012 0:00,1240,8171,NE BUCKLIN HILL RD,121922215,23184504,T
P120209996,BIPD,12/30/2012 0:00,2047,253,HIGH SCHOOL RD NE,122470100,23646300,T
P120210185,BIPD,12/31/2012 0:00,0912,13677,STATE HWY 305 NE,121816982,25549785,MISC3
P120210241,BIPD,12/31/2012 0:00,1109,10770,NORTH MADISON AVE NE,122478100,24546950,WC3
P120205572,BIPD,12/21/2012 0:00,1727,13074,MANZANITA RD NE,121484443,25327796,FU
P120205715,BIPD,12/21/2012 0:00,2258,,BLAKLEY,122037156,22574765,FI
P120206295,BIPD,12/23/2012 0:00,0001,,MADRONE LN N / WINSLOW WAY E,122461044,23248357,T
P120206625,BIPD,12/23/2012 0:00,1936,,"XY(122090015,25029985)",122090015,25029985,CELL
P120206745,BIPD,12/24/2012 0:00,0047,4092,WEST BLAKELY RD NE,122043800,22373450,BACKUP
P120207081,BIPD,12/24/2012 0:00,1800,907,CARVER ST,118435000,20790500,MEDIA
P120207157,BIPD,12/24/2012 0:00,2100,,NE NEW BROOKLYN RD / SANDS AVE NE,121914537,23931258,T
P120207779,BIPD,12/26/2012 0:00,1152,270,OLYMPIC DR SE,122674150,23183550,INTOX3
P120203800,BIPD,12/18/2012 0:00,1843,8221,SPORTSMAN CLUB RD NE,122135535,23733597,MISC3
P120203980,BIPD,12/19/2012 0:00,0556,625,WINSLOW WAY E,122607400,23236100,WRT3
P120208640,BIPD,12/28/2012 0:00,0814,487,COSGROVE ST NW,122203600,23375350,HARAS4
P120208893,BIPD,12/28/2012 0:00,1606,13910,ELLINGSEN RD NE,122339917,25650649,FU
P120209197,BIPD,12/29/2012 0:00,0816,13571,ELLINGSEN RD NE,122331469,25572673,PC4
P120209371,BIPD,12/29/2012 0:00,1513,,ELLINGSEN RD NE / PHELPS RD NE,122341713,25740574,T
P120209629,BIPD,12/29/2012 0:00,2358,234,WOOD AVE SW,122365500,23199500,SUSPI2
P120209911,BIPD,12/30/2012 0:00,1659,907,CARVER ST,118435000,20790500,MEDIA
P120210494,BIPD,12/31/2012 0:00,1840,907,CARVER ST,118435000,20790500,MEDIA
P120210538,BIPD,12/31/2012 0:00,1952,,NORTH MADISON AVE NE / NE TORVANGER RD,122452164,25628115,FIREW4
P120210548,BIPD,12/31/2012 0:00,2005,322,LOVELL AVE SW,122298638,23177094,FIREW4
P120207805,BIPD,12/26/2012 0:00,1242,650,ERICKSEN AVE NE,122539100,23426350,CIVIL3
P120207817,BIPD,12/26/2012 0:00,1309,2910,YANKEE GIRL CIR NE,122488300,22043400,PC4
P120207855,BIPD,12/26/2012 0:00,1415,,HIGH SCHOOL RD NE / STATE HWY 305 NE,122571082,23644469,TRAFF3
P120208094,BIPD,12/27/2012 0:00,0249,245,HIGH SCHOOL RD NW,122243500,23654700,UNKNOB
P120208103,BIPD,12/27/2012 0:00,0500,245,HIGH SCHOOL RD NW,122243500,23654700,SUICI4
P120208172,BIPD,12/27/2012 0:00,1027,9220,CEDAR ST NE,122631404,24025189,THEFT4
P120208229,BIPD,12/27/2012 0:00,1216,10422,NE COUNTRY CLUB RD,122598500,22113100,DV3
P120208554,BIPD,12/27/2012 0:00,2357,,LYTLE RD NE / PLEASANT BEACH DR NE,121916365,22288534,FI
