_needs_review,_review_reason,CallID,When,Typ,Nature,P,Location,Cty
,,19C068042,00:04:19 08/01/19,f,ZZFwy Veh Fire,1,15 SB TEMESCAL CANYON INDIAN TRUCK TRAIL SYC CYN,TEM
,,19C068043,00:06:22 08/01/19,l,Property Check,4,109 N MCKINLEY ST; FOOD FOR LESS,COR
,,19C068044,00:07:51 08/01/19,l,911 Hangup,2,1592 FAIRWAY DR;PHS1,COR
,,19C068046,00:18:16 08/01/19,l,Domestic Distur,2,1797 WALLACE ST,COR
,,19C068048,00:26:19 08/01/19,l,Susp Vehicle,3,2331 KELLOGG AVE # A; CROSSROADS CHURCH,COR
,,19C068049,00:28:05 08/01/19,l,Trespass,3,1160 E ONTARIO AVE; CHIPOTLE; HOMELESS,COR
,,19C068050,00:34:43 08/01/19,f,ZZSick,1,785 N MAIN ST; ARCO AM PM,COR
,,19C068052,00:39:31 08/01/19,l,Domestic Distur,2,1063 CIRCLE CITY DR; POSS 594,COR
,,19C068054,00:50:02 08/01/19,f,ZZAA MedicalAid,1,511 TERMINO AVE,COR
,,19C068055,01:13:33 08/01/19,l,Prowler,2,217 W OLD MILL RD,COR
,,19C068058,01:29:28 08/01/19,l,911 Hangup,2,1071 W SIXTH ST,COR
,,19C068059,01:32:34 08/01/19,l,Traffic Stop,4,W THIRD ST & S VICENTIA AVE,COR
,,19C068060,01:42:05 08/01/19,l,Alarm Call,2,399 E HARRISON ST # E; FERMA GROUP,COR
,,19C068062,02:06:24 08/01/19,f,ZZSick,1,612 GREENGATE ST,COR
,,19C068063,02:07:11 08/01/19,f,ZZPublicSrvceF,2,1496 ELEGANTE CT,COR
,,19C068065,02:10:34 08/01/19,l,Alarm Call,2,1214 MAGNOLIA AVE; #101,COR
,,19C068068,02:16:58 08/01/19,l,Special Detail,4,800 S MAIN ST; CORONA REGIONAL MEDICAL CENTER,COR
,,19C068069,02:21:23 08/01/19,l,Property Check,4,1698 W SIXTH ST # A; 7 11 STORE WEST,COR
,,19C068070,02:33:26 08/01/19,l,Property Check,4,730 PUBLIC SAFETY WAY; CORONA POLICE,COR
,,19C068072,02:42:15 08/01/19,l,911 Hangup,2,788 GIANNI DR # 103,COR
,,19C068074,02:55:08 08/01/19,l,Battery Past,3,1002 W EIGHTH ST,COR
,,19C068075,03:02:46 08/01/19,l,911 Hangup,2,815 E SIXTH ST,COR
,,19C068076,03:05:21 08/01/19,l,Property Check,4,2243 EAGLE GLEN PKWY; STATER BROS,COR
,,19C068077,03:25:56 08/01/19,l,Property Check,4,2323 S MAIN ST,COR
,,19C068078,03:45:20 08/01/19,l,Property Check,4,185 MAGNOLIA AVE; LEE POLLARD HIGH SCHOOL,COR
,,19C068079,03:57:19 08/01/19,l,Property Check,4,470 HIDDEN VALLEY PKWY; KOHLS,COR
,,19C068081,04:09:16 08/01/19,l,Citizen Contact,3,730 PUBLIC SAFETY WAY; CORONA POLICE,COR
,,19C068082,04:11:18 08/01/19,l,Alarm Call,2,2765 LAKESHORE DR; CITRUS CITY GRILLE,COR
,,19C068083,04:12:33 08/01/19,l,Property Check,4,1355 E ONTARIO AVE,COR
,,19C068084,04:23:38 08/01/19,l,Alarm Call,2,510 HIDDEN VALLEY PKWY # 104; THE HOT DOG SHOPPE,COR
,,19C068085,04:26:48 08/01/19,l,Property Check,4,2780 LAKESHORE DR,COR
,,19C068086,04:34:08 08/01/19,l,Alarm Call,2,4105 CAMERON WAY # 101;VIDEO ALARM,COR
,,19C068087,04:40:01 08/01/19,f,ZZBreathing,1,1248 W SIXTH ST;#117 WELCOME INN,COR
,,19C068088,05:00:29 08/01/19,l,Property Check,4,730 PUBLIC SAFETY WAY; CORONA POLICE,COR
,,19C068089,05:31:26 08/01/19,l,Susp Vehicle,3,1015 MONTECITO DR; RESIDENCE INN,COR
,,19C068090,05:43:44 08/01/19,l,Susp Person,3,702 E SIXTH ST; ARCO AM PM,COR
,,19C068091,05:56:24 08/01/19,lf,Structure Fire,1,805 S MERRILL ST,COR
,,19C068095,06:02:32 08/01/19,l,Alarm Call,2,2621 RESEARCH DR # 102; BRANCH AND COAST,COR
,,19C068096,06:04:01 08/01/19,l,911 Hangup,2,1200 S MERRILL ST,COR
,,19C068097,06:14:08 08/01/19,lf,ZZSick,1,RADIO RD & E SIXTH ST,COR
,,19C068098,06:39:54 08/01/19,l,Alarm Call,2,1132 OLYMPIC DR; THE YOUNG AMERICANS INC,COR
,,19C068099,06:40:13 08/01/19,l,Auto Theft Past,3,995 POMONA RD # 83,COR
,,19C068100,06:44:22 08/01/19,l,Trespass,3,420 N MCKINLEY ST # 102; PALM BEACH TAN,COR
,,19C068101,06:53:33 08/01/19,l,Traffic Stop,4,1160 CALIFORNIA AVE,COR
,,19C068103,07:03:10 08/01/19,l,Traffic Stop,4,OLYMPIC DR & CALIFORNIA AVE,COR
,,19C068104,07:03:21 08/01/19,l,Property Check,4,1900 AVIATION DR; CORONA AIRPORT,COR
,,19C068105,07:03:28 08/01/19,l,Property Check,4,470 HIDDEN VALLEY PKWY; KOHLS,COR
,,19C068106,07:04:55 08/01/19,l,Drunk In Public,2,504 S SMITH AVE,COR
,,19C068107,07:09:20 08/01/19,l,Ped Check,4,1400 CRESTA RD,COR
,,19C068108,07:10:06 08/01/19,f,ZZFwy Acc w/ inj,1,15 NB MAGNOLIA HIDDEN VALLEY,COR
,,19C068109,07:11:41 08/01/19,lf,ZZFwy UnkInjury,1,15 NB ON RAMP & MAGNOLIA AVE,COR
,,19C068111,07:18:19 08/01/19,l,Welfare Check,2,1141 NIMROD CIR,COR
,,19C068112,07:24:33 08/01/19,l,Standby,4,321 E SIXTH ST; CORONA COMMUNITY AME CHURCH,COR
,,19C068113,07:25:24 08/01/19,l,Traffic Detail,4,WIMBLEDON DR & BRITTANY DR,COR
,,19C068114,07:43:19 08/01/19,l,Property Check,4,2355 COMPTON AVE; LA FITNESS,COR
,,19C068115,07:43:28 08/01/19,l,Traffic Stop,4,1401 W SIXTH ST,COR
,,19C068117,07:47:39 08/01/19,l,911 Hangup,2,1211 W TENTH ST,COR
,,19C068118,07:48:01 08/01/19,l,Traffic Stop,4,E SIXTH ST & S HOWARD ST,COR
,,19C068119,07:52:31 08/01/19,l,Petty Theft P,4,321 W RINCON ST;#426; ARTISAN APTS; LL CONT,COR
,,19C068120,07:57:13 08/01/19,l,Alarm Call,2,399 E HARRISON ST # E; FERMA GROUP; FERMA CORP,COR
,,19C068122,08:02:12 08/01/19,l,Trespass,3,1450 W SIXTH ST # 115; R L OSBORN,COR
,,19C068123,08:02:57 08/01/19,l,Petty Theft P,4,933 CIMARRON LN; LL CONT,COR
,,19C068124,08:04:04 08/01/19,l,Citizen Contact,3,390 N MCKINLEY ST; FRONT COUNTER,COR
,,19C068125,08:06:02 08/01/19,l,Auto Theft Rec,4,79 E GRAND BLVD,COR
,,19C068126,08:08:50 08/01/19,l,Dist/Verbal,2,1290 E ONTARIO AVE; WALMART,COR
,,19C068127,08:09:12 08/01/19,l,Traffic Detail,4,3793 BEDFORD CANYON RD,COR
,,19C068130,08:15:08 08/01/19,l,Susp Person,3,1245 W NINTH ST,COR
,,19C068131,08:16:02 08/01/19,l,Property Check,4,465 N MCKINLEY ST; ALL STAR CAR WASH,COR
,,19C068132,08:24:29 08/01/19,l,Disturb Peace,3,W SIXTH ST & S SMITH AVE,COR
,,19C068133,08:28:58 08/01/19,l,Vehicle Check,4,EL SOBRANTE RD & CIRCLE CITY DR,COR
,,19C068134,08:31:08 08/01/19,l,CMC Violation,4,KELLOGG AVE & CANARY LN,COR
,,19C068135,08:35:12 08/01/19,l,Ill Parked Veh,4,1300 CAMELOT DR,COR
,,19C068136,08:37:58 08/01/19,l,Dist/Verbal,2,2071 COMPTON AVE # 102; VISTA MEDICAL,COR
,,19C068138,08:42:01 08/01/19,l,Accident,2,HARRINGTON ST & WINDSTREAM ST,COR
,,19C068139,08:45:04 08/01/19,l,911 Hangup,2,990 MARGARITA DR,COR
,,19C068140,08:46:11 08/01/19,l,911 Hangup,2,7407 RIVERSIDE,RVC
,,19C068141,08:46:44 08/01/19,l,Traffic Stop,4,1100 SHERBORN ST,COR
,,19C068142,08:46:59 08/01/19,l,Abandoned Veh,4,1400 KROONEN DR,COR
,,19C068144,08:47:58 08/01/19,f,ZZFall,1,4435 PUTTING GREEN DR,COR
,,19C068147,08:54:19 08/01/19,l,911 Hangup,2,250 E RINCON ST,COR
,,19C068148,08:56:32 08/01/19,l,Additional Info,4,12412 CLOUD BRUST - MORENO VALEY,RVC
,,19C068149,09:00:28 08/01/19,l,Abandoned Veh,4,CAROLWOOD DR & BORDER AVE,COR
,,19C068151,09:01:50 08/01/19,l,Traffic Stop,4,1208 MAGNOLIA AVE; SEARS OUTLET 9150 AT CORONA MARKETPLACE,COR
,,19C068153,09:09:52 08/01/19,l,911 Hangup,2,1525 PLAZA DE NOCHE,COR
,,19C068154,09:15:22 08/01/19,l,Alarm Call,2,3450 MOUNTAINSIDE CIR,COR
,,19C068158,09:36:21 08/01/19,f,ZZCarbon Alarm,2,1046 WESTBROOK ST; SIERRA COMMUNICATIONS GROUP,COR
,,19C068159,09:38:50 08/01/19,l,Susp Vehicle,3,WESTBROOK ST & GREENBRIAR DR,COR
,,19C068161,09:41:25 08/01/19,lf,Disturb Peace,3,1910 FRONTAGE RD; AYRES SUITES; REF TO LEAVE; j,COR
,,19C068162,09:47:36 08/01/19,f,ZZCommrcal Alrm,1,1229 RAILROAD ST,COR
,,19C068167,09:59:20 08/01/19,l,Welfare Check,2,777 S TEMESCAL ST # 26,COR
,,19C068168,10:00:12 08/01/19,l,911 Hangup,2,1054 MORNING SUN LN,COR
,,19C068169,10:02:11 08/01/19,l,Additional Info,4,1370 HOLIDAY CT;FRNT COUNTER,COR
,,19C068171,10:09:37 08/01/19,l,911 Hangup,2,598 SANTANA WAY,COR
,,19C068172,10:12:25 08/01/19,l,Follow Up,4,11711 COLLETT AVE RVSD,RIV
,,19C068173,10:15:18 08/01/19,l,Disturb Peace,3,1150 W TENTH ST ;TEST CALL ONLY,COR
,,19C068176,10:31:32 08/01/19,l,Dist/Verbal,2,938 HEDGES DR,COR
,,19C068177,10:31:47 08/01/19,l,Traffic Stop,4,1075 W SIXTH ST; PIZZA HUT PLOT,COR
,,19C068181,10:34:40 08/01/19,l,911 Hangup,2,1250 CORONA POINTE CT,COR
,,19C068182,10:37:28 08/01/19,l,Traffic Stop,4,205 N LINCOLN AVE; DOLLAR SELF STORAGE,COR
,,19C068183,10:42:07 08/01/19,lf,911 Hangup,2,365 N MAIN ST,COR
,,19C068186,10:45:01 08/01/19,l,Auto Theft Past,3,2250 TREEHOUSE LN,COR
,,19C068187,10:46:21 08/01/19,f,ZZSick,1,730 PUBLIC SAFETY WAY,COR
,,19C068188,10:50:01 08/01/19,l,Traffic Stop,4,E THIRD ST & E GRAND BLVD,COR
,,19C068189,10:50:03 08/01/19,l,Disturb Peace P,4,2176 CEDAR GLEN CIR;LOBBY,COR
,,19C068193,10:52:24 08/01/19,l,Battery,1,1267 W SIXTH ST; JAYS LIQUOR,COR
,,19C068194,10:54:20 08/01/19,l,Property Check,4,2331 CALIFORNIA AVE; EL POLLO LOCO,COR
,,19C068196,11:03:16 08/01/19,l,Citizen Contact,3,4740 GREEN RIVER RD # 316; STATEWIDE FUNDING,COR
,,19C068197,11:07:00 08/01/19,l,Fraud Past,4,2482 EMERSON CIR;LOBBBY,COR
,,19C068198,11:12:56 08/01/19,l,911 Hangup,2,451 WELLESLEY DR; PROMENADE TERRACE APARTMENTS,COR
,,19C068199,11:12:57 08/01/19,l,Alarm Call,2,1166 RIVER RD,COR
,,19C068200,11:14:15 08/01/19,l,Citizen Contact,3,3725 COPPER RIDGE DR,COR
,,19C068201,11:14:32 08/01/19,l,911 Hangup,2,770 PUBLIC SAFETY WAY,COR
,,19C068203,11:16:53 08/01/19,l,Disturb Peace,3,611 N MAIN ST; USA GAS,COR
,,19C068204,11:17:31 08/01/19,l,Traffic Stop,4,E FOOTHILL PKWY & FULLERTON AVE,COR
,,19C068205,11:21:21 08/01/19,l,Susp Vehicle,3,635 VIEW LN,COR
,,19C068206,11:22:55 08/01/19,l,911 Hangup,2,1150 W TENTH ST,COR
,,19C068207,11:24:07 08/01/19,l,911 Hangup,2,13455 ESTELLE ST,HGS
,,19C068208,11:27:41 08/01/19,l,Fraud Past,4,650 EBBCREEK ST;#545f;lobby,COR
,,19C068209,11:28:05 08/01/19,l,Assist Othr Dpt,3,3248 GREENVALE CIR,COR
,,19C068210,11:28:49 08/01/19,l,H&S Violation,3,S RAMONA AVE & E THIRD ST,COR
,,19C068211,11:31:25 08/01/19,l,Citizen Contact,3,1466 GARNET ST; FRONT COUNTER,COR
,,19C068212,11:33:12 08/01/19,l,Area Check,3,W SIXTH ST & S MAIN ST,COR
,,19C068213,11:37:26 08/01/19,l,Fraud Past,4,650 EBBCREEK ST;#545F;LOBBY,COR
,,19C068214,11:46:04 08/01/19,l,Patrol Info,4,163 N VICENTIA AVE,COR
,,19C068215,12:01:08 08/01/19,f,ZZCommrcal Alrm,1,255 E RINCON ST; AWP RINCON CORP PLAZA,COR
,,19C068216,12:01:28 08/01/19,l,Panhand/Solicit,3,120 W PARKRIDGE AVE; WALGREENS 07591 AT NORTH MAIN PLAZA,COR
,,19C068217,12:05:47 08/01/19,l,Disturb Peace,3,1900 FRONTAGE RD; AYRES SUITES,COR
,,19C068218,12:13:21 08/01/19,l,Welfare Check,2,1515 PLAZA DE NOCHE # 16,COR
,,19C068220,12:15:37 08/01/19,l,Suspicious Circ,3,401 E SIXTH ST; MOBIL GAS,COR
,,19C068222,12:24:17 08/01/19,lf,Cardiac Arrest,1,3547 BRIARVALE ST,HGS
,,19C068223,12:34:03 08/01/19,l,911 Hangup,2,110 W UPPER DR,COR
,,19C068224,12:40:15 08/01/19,l,Ill Parked Veh,4,1055 AQUAMARINE LN,COR
,,19C068225,12:41:15 08/01/19,l,Vandalism Past,4,126 N MERRILL ST,COR
,,19C068226,12:42:01 08/01/19,l,Welfare Check,2,3697 FOXPLAIN RD,COR
,,19C068227,12:43:07 08/01/19,l,Grand Theft P,4,2489 TUSCANY ST ;KOHLS,COR
,,19C068228,12:45:22 08/01/19,l,Domestic Distur,2,3319 WALKENRIDGE DR,COR
,,19C068230,12:50:17 08/01/19,l,Citizen Contact,3,3745 TEMESCAL CANYON RD; LL CONT FOR TRAFFIC,COR
,,19C068231,12:51:27 08/01/19,lf,Choking,1,275 TELLER ST # 130; SHOGUN,COR
,,19C068232,12:53:43 08/01/19,l,Disturb Peace,3,1322 W SIXTH ST; CVS,COR
,,19C068233,12:55:54 08/01/19,l,911 Hangup,2,1218 E ONTARIO AVE,COR
,,19C068236,13:01:54 08/01/19,f,ZZSick,1,555 E FIFTH ST # 103,COR
,,19C068237,13:04:26 08/01/19,f,ZZSick,1,2600 S MAIN ST; CORONA POST ACUTE; RM#167B,COR
,,19C068238,13:11:14 08/01/19,l,Disturb Peace,3,1252 W SIXTH ST # 106; LAW OFFICE,COR
,,19C068239,13:19:26 08/01/19,l,911 Hangup,2,134 N SHERMAN AVE,COR
,,19C068242,13:24:02 08/01/19,l,Area Check,3,BEDFORD CANYON RD & E FOOTHILL PKWY,COR
,,19C068243,13:29:38 08/01/19,f,Structure Fire,1,1089 W ONTARIO AVE,COR
,,19C068244,13:31:34 08/01/19,l,Cite Sign Off,4,730 PUBLIC SAFETY WAY; CORONA POLICE;LOBBY,COR
,,19C068246,13:34:55 08/01/19,l,Ill Parked Veh,4,1400 CAMELOT DR,COR
,,19C068247,13:36:06 08/01/19,l,Panhand/Solicit,3,785 N MAIN ST; ARCO AM PM,COR
,,19C068250,13:38:47 08/01/19,l,Assist Othr Dpt,3,1089 W ONTARIO AVE,COR
,,19C068251,13:49:11 08/01/19,l,Silent Comm 211,1,555 S PROMENADE AVE; QSC,COR
,,19C068252,13:51:08 08/01/19,l,Alarm Call,2,1300 SAN PONTE RD,COR
,,19C068253,13:56:44 08/01/19,l,Grand Theft P,4,451 WELLESLEY DR;PROMENADE TERRACE,COR
,,19C068254,13:56:46 08/01/19,l,911 Hangup,2,2601 GREEN RIVER RD ;PHASE 2,COR
,,19C068255,13:59:32 08/01/19,l,Public Service,3,3745 JULIETTE CIR,COR
,,19C068256,14:02:05 08/01/19,f,ZZ Fire Test,2,730 PUBLIC SAFETY WAY,COR
,,19C068257,14:06:22 08/01/19,l,Welfare Check,2,3100 S MAIN ST; MOUNTAINGATE PARK,COR
,,19C068258,14:08:35 08/01/19,l,Citizen Contact,3,126 N MERRILL ST,COR
,,19C068261,14:17:00 08/01/19,l,Fraud Past,4,448 MONDALE ST; FRONT COUNTER,COR
,,19C068264,14:23:07 08/01/19,l,Welfare Check,2,FOOTHILL AT SKYLINE,COR
,,19C068267,14:27:05 08/01/19,l,Abandoned Veh,4,1859 MYRTLE ST,COR
,,19C068268,14:29:32 08/01/19,l,Traffic Stop,4,S MAIN ST & E FRANCIS ST,COR
,,19C068269,14:29:56 08/01/19,l,911 Hangup,2,355 E RINCON ST # 210; WELLS FARGO HOME,COR
,,19C068271,14:35:58 08/01/19,l,Area Check,3,480 N MCKINLEY ST,COR
,,19C068272,14:44:55 08/01/19,l,Traffic Detail,4,2500 MANGULAR AVE,COR
,,19C068273,14:46:28 08/01/19,l,Veh Burg Past,4,1375 SAMPSON AVE; LULA ROE,COR
,,19C068274,14:48:03 08/01/19,f,ZZBreathing,1,671 STONEYBROOK DR # 31,COR
YES,'Nature' garbled text (embedded symbol),19C068276,14:51:28 08/01/19,f,ZZFaint/Uncons,1,1280 CORONA POINTE CT; #112; CITY OF HOPE,COR
,,19C068277,14:53:28 08/01/19,l,Brandish Weapon,1,928 N COTA ST,COR
,,19C068278,14:56:31 08/01/19,l,Citizen Contact,3,1003 RIDGEWOOD DR; FRONT COUNTER,COR
,,19C068280,15:07:13 08/01/19,l,Welfare Check,2,2469 MCMACKIN DR,COR
,,19C068281,15:13:15 08/01/19,l,911 Hangup,2,2045 COMPTON AVE; #101; LOMA LINDA UNIV MEDICAL,COR
,,19C068282,15:14:30 08/01/19,l,Trespass,3,117 N COTA ST,COR
,,19C068283,15:21:12 08/01/19,l,911 Hangup,2,2035 RIVER RD,NOR
,,19C068284,15:23:33 08/01/19,l,Ill Parked Veh,4,865 W ORANGE HEIGHTS LN,COR
,,19C068285,15:23:56 08/01/19,l,911 Hangup,2,1218 W ONTARIO AVE; PHASE 1 HANG UP,COR
,,19C068287,15:25:56 08/01/19,f,ZZSick,1,3412 WEXFORD CIR,COR
,,19C068288,15:35:00 08/01/19,l,Citizen Contact,3,1025 CIRCLE CITY DR;FRNT LOBBY,COR
,,19C068289,15:38:31 08/01/19,f,ZZFall,1,1550 RIMPAU AVE # 102,COR
,,19C068290,15:42:25 08/01/19,l,Alarm Call,2,2744 PLUMWOOD LN,COR
,,19C068291,15:43:16 08/01/19,l,Disturb Peace P,4,3555 GRAND OAKS; CHICK FIL A,COR
,,19C068292,15:43:52 08/01/19,l,Ped Check,4,E FOURTH ST & S RAMONA AVE,COR
,,19C068294,15:45:16 08/01/19,f,ZZChest Pains,1,3556 HILLVIEW DR,HGS
,,19C068295,15:45:36 08/01/19,f,ZZDiabetic,1,2520 KINGSTON DR,COR
,,19C068297,15:53:06 08/01/19,lf,Man Down,1,S MAIN ST & E ONTARIO AVE,COR
,,19C068298,15:53:52 08/01/19,f,ZZPublicSrvceF,2,S SMITH AVE & PLEASANT VIEW AVE,COR
,,19C068299,15:58:14 08/01/19,l,Drunk Driver,2,W FOOTHILL PKWY & PASEO GRANDE,COR
,,19C068301,16:08:01 08/01/19,l,Additional Info,4,401 S LINCOLN AVE # J; CHECK INTO CASH,COR
,,19C068302,16:17:41 08/01/19,l,911 Hangup,2,20170 LAYTON ST,ELC
,,19C068303,16:20:23 08/01/19,l,Assault Wpn P,2,2055 S MAIN ST;LL CONT,COR
,,19C068304,16:22:43 08/01/19,l,Cite Sign Off,4,730 PUBLIC SAFETY WAY; CORONA POLICE,COR
,,19C068306,16:25:50 08/01/19,l,Alarm Call,2,2812 SWEET RAIN CIR,COR
,,19C068307,16:27:00 08/01/19,l,Special Detail,4,200 N LINCOLN AVE; MOTEL 6,COR
,,19C068308,16:29:29 08/01/19,l,911 Hangup,2,2430 TUSCANY ST; BEST BUY STORES L P 847 AT THE CROSSINGS,COR
,,19C068309,16:34:07 08/01/19,l,Petty Theft P,2,479 N MCKINLEY ST; WALMART,COR
,,19C068311,16:41:14 08/01/19,l,Patrol Info,4,904 E SIXTH ST; CORONA CHAMBER OF COMMERCE,COR
,,19C068312,16:42:34 08/01/19,f,ZZSick,1,4020 ROYAL VISTA CIR,COR
,,19C068313,16:43:33 08/01/19,l,Traffic Stop,4,VIA SANTIAGO & VIA FELIPE,COR
,,19C068314,16:43:58 08/01/19,l,Citizen Contact,3,730 PUBLIC SAFETY WAY; CORONA POLICE,COR
,,19C068315,16:50:21 08/01/19,l,Patrol Info,4,1150 W TENTH ST; CORONA HIGH SCHOOL,COR
,,19C068316,16:56:22 08/01/19,f,ZZPublicSrvceF,2,1229 KELLEY AVE,COR
,,19C068317,16:56:33 08/01/19,f,ZZSick,1,1315 MAGNOLIA AVE # 102; JACK IN THE BOX,COR
,,19C068318,17:02:36 08/01/19,l,Missing Person,2,1228 MIRASOL LN; LL CONT,COR
,,19C068319,17:06:01 08/01/19,l,Ped Check,4,2500 CABOT DR; DOS LAGOS SHOPPING CENTER,COR
,,19C068323,17:15:48 08/01/19,l,Disturb Peace,2,1745 SAMPSON AVE;ARIZONA PIPELINE,COR
,,19C068324,17:16:51 08/01/19,l,911 Hangup,2,623 N MAIN ST; #D6; CORONA LIFE SERVICES,COR
,,19C068326,17:22:26 08/01/19,l,Patrol Info,4,470 HIDDEN VALLEY PKWY; KOHLS,COR
,,19C068328,17:30:39 08/01/19,l,Robbery,1,598 SANTANA WAY; SANTANA PARK,COR
,,19C068329,17:36:38 08/01/19,l,Traffic Stop,4,W SIXTH ST & S BELLE AVE,COR
,,19C068330,17:44:49 08/01/19,lf,Accident Inj,1,MAGNOLIA AVE & S NEECE ST,COR
,,19C068331,17:47:01 08/01/19,l,911 Hangup,2,1229 KELLEY AVE,COR
,,19C068333,17:50:14 08/01/19,l,Petty Theft,3,470 HIDDEN VALLEY PKWY; KOHLS,COR
,,19C068334,17:53:06 08/01/19,l,Alarm Call,2,1121 RAILROAD ST # 101; R AND J FABRICATORS,COR
,,19C068335,17:56:53 08/01/19,l,Alarm Call,2,2880 KEYSTONE CIR; AUDIBLE RESD PANIC,COR
,,19C068337,18:08:51 08/01/19,l,Disturb Peace,2,137 N BUENA VISTA AVE ; aventine court apts ;POSS 273AP,COR
,,19C068338,18:09:39 08/01/19,l,Dist/Verbal,2,347 N GRANT AVE; FAMILY,COR
,,19C068339,18:11:52 08/01/19,l,Susp Vehicle,3,730 PUBLIC SAFETY WAY; CORONA POLICE,COR
,,19C068340,18:21:28 08/01/19,l,Susp Vehicle,3,OLD TEMESCAL RD & VIA COMO CT,COR
,,19C068342,18:22:53 08/01/19,l,Petty Theft P,4,550 HIDDEN VALLEY PKWY; STATER BROS MARKETS,COR
,,19C068344,18:28:03 08/01/19,l,Citizen Contact,3,2355 COMPTON AVE; LA FITNESS ; LL CONT,COR
,,19C068345,18:28:22 08/01/19,l,Disturb Peace,3,450 AUTO CENTER DR; IN N OUT BURGER 25,COR
,,19C068347,18:33:24 08/01/19,l,911 Hangup,2,1660 LEESON LN,COR
,,19C068348,18:35:12 08/01/19,l,Found Property,4,321 W RINCON ST; #426,COR
,,19C068351,18:40:05 08/01/19,f,ZZ Fire Test,2,730 PUBLIC SAFETY WAY,COR
YES,'Nature' garbled text (embedded symbol),19C068352,18:44:39 08/01/19,f,ZZFaint/Uncons,1,1113 ANDREW LN,COR
,,19C068354,18:46:57 08/01/19,l,Susp Vehicle,3,FALCON CIR & MABEY CANYON RD,COR
,,19C068355,18:49:18 08/01/19,l,Loitering,3,815 RIMPAU AVE,COR
,,19C068357,18:58:29 08/01/19,l,Welfare Check,2,1950 NUTWOOD CIR,COR
,,19C068361,19:05:30 08/01/19,l,Ped Check,4,610 N MAIN ST; EL POLLO LOCO,COR
,,19C068363,19:08:05 08/01/19,l,Follow Up,4,730 PUBLIC SAFETY WAY; CORONA POLICE,COR
,,19C068364,19:08:23 08/01/19,l,911 Hangup,2,930 E SIXTH ST; CITY PARK,COR
,,19C068365,19:08:27 08/01/19,l,Patrol Info,4,3555 GRAND OAKS; CHICK FIL A,COR
,,19C068366,19:09:05 08/01/19,l,911 Hangup,2,1151 W SIXTH ST,COR
,,19C068367,19:10:06 08/01/19,l,911 Hangup,2,1801 BOWDOIN ST ; PHASE 2 HNG UP,COR
,,19C068368,19:12:02 08/01/19,l,Susp Person,3,1553 W ONTARIO AVE,COR
,,19C068369,19:13:11 08/01/19,l,Ped Check,4,W GRAND BLVD & W NINTH ST,COR
,,19C068371,19:21:33 08/01/19,l,911 Hangup,2,1251 DUXBURY CIR ; VOIP,COR
,,19C068372,19:24:37 08/01/19,f,ZZFall,1,2300 S MAIN ST # 201; VALENCIA TERRACE,COR
,,19C068373,19:24:50 08/01/19,lf,Accident Inj,1,W OLIVE ST & S BUENA VISTA AVE,COR
,,19C068374,19:25:01 08/01/19,f,ZZSick,1,4901 GREEN RIVER RD # 237,COR
,,19C068376,19:26:23 08/01/19,l,Resid Burg I/P,2,1507 SAN RAFAEL DR; POSS,COR
,,19C068379,19:30:22 08/01/19,l,Alarm Call,2,1014 VIA VIENTO LN ;AUD RESD,COR
,,19C068378,19:30:22 08/01/19,l,Citizen Contact,3,1129 S MERRILL ST;LL CONT,COR
,,19C068380,19:30:45 08/01/19,l,Accident,2,S MAIN ST & W FIFTH ST,COR
,,19C068383,19:37:59 08/01/19,l,Vandalism Past,4,720 N MAIN ST; BURLINGTON COAT,COR
,,19C068385,19:41:58 08/01/19,l,911 Hangup,2,4095 LESTER AVE,COR
,,19C068387,19:49:26 08/01/19,l,911 Hangup,2,3562 VALLEY VIEW AVE,NOR
,,19C068388,19:50:58 08/01/19,l,911 Hangup,2,210 N SMITH AVE,COR
,,19C068389,19:53:45 08/01/19,l,Susp Vehicle,3,1461 RIMPAU AVE; SIZZLER,COR
,,19C068393,19:57:10 08/01/19,l,Disturb Peace,3,3335 GRAND OAKS ; famous footwear ; REF TO LEAVE,COR
,,19C068395,20:01:39 08/01/19,l,Property Check,4,564 MALLOY CT,COR
,,19C068396,20:06:08 08/01/19,l,Traffic Stop,4,1211 W SIXTH ST,COR
,,19C068397,20:09:41 08/01/19,f,ZZBreathing,1,251 W RINCON ST;#219,COR
,,19C068398,20:11:23 08/01/19,l,Follow Up,4,1255 W EIGHTH ST;#52,COR
,,19C068399,20:13:36 08/01/19,lf,Man Down,1,W SIXTH ST & S SMITH AVE,COR
,,19C068400,20:14:22 08/01/19,l,Property Check,4,1750 W SIXTH ST; HARBOR FREIGHT TOOLS 464,COR
,,19C068401,20:15:56 08/01/19,l,911 Hangup,2,1516 TETA DR,COR
,,19C068405,20:18:42 08/01/19,l,Disturb Peace P,4,1533 CLASSICO WAY ; LL CONT,COR
,,19C068406,20:20:51 08/01/19,l,Disturb Peace,3,797 LASSEN DR,COR
,,19C068407,20:21:53 08/01/19,l,Property Check,4,509 BATEMAN CIR,COR
,,19C068408,20:22:49 08/01/19,l,Area Check,3,TEMESCAL CANYON RD & CAJALCO RD,COR
,,19C068409,20:25:13 08/01/19,l,911 Hangup,2,797 LASSEN DR,COR
,,19C068413,20:28:23 08/01/19,l,911 Hangup,2,800 S MAIN ST; CORONA REGIONAL MEDICAL CENTER,COR
,,19C068414,20:32:00 08/01/19,l,Assist Othr Dpt,3,1516 TETA DR,COR
,,19C068415,20:36:05 08/01/19,l,Child Abuse,1,400 S VICENTIA AVE; CITY HALL,COR
,,19C068416,20:41:33 08/01/19,l,Loud Party,3,1056 FORD ST,COR
,,19C068417,20:48:00 08/01/19,l,Disturb Peace,3,1522 DEL NORTE DR,COR
,,19C068418,20:54:01 08/01/19,l,Alarm Call,2,980 MONTECITO DR # 108; TRILOGY FINANCIAL,COR
,,19C068419,20:55:53 08/01/19,l,Property Check,4,2500 CAJALCO RD; CROSSINGS SHOPPING CENTER,COR
,,19C068420,20:57:24 08/01/19,l,Drunk Driver,2,W FOOTHILL PKWY & PASEO GRANDE,COR
,,19C068421,20:57:57 08/01/19,l,Patrol Info,4,W SIXTH ST & SIERRA VISTA ST,COR
,,19C068422,21:02:33 08/01/19,l,911 Hangup,2,800 S MAIN ST; CORONA REGIONAL MEDICAL CENTER,COR
,,19C068424,21:04:02 08/01/19,l,911 Hangup,2,637 BRIANNA WAY,COR
,,19C068425,21:04:09 08/01/19,l,Petty Theft,3,1825 W SIXTH ST; SHELL GAS,COR
,,19C068426,21:05:24 08/01/19,l,Drunk In Public,2,784 N MAIN ST; JACK IN THE BOX,COR
,,19C068427,21:05:45 08/01/19,f,ZZ Fire Test,2,730 PUBLIC SAFETY WAY,COR
,,19C068428,21:08:13 08/01/19,f,ZZFwy UnkInjury,1,91 EB OC LINE GREEN RIVER,COR
,,19C068429,21:10:33 08/01/19,l,Fraud Past,4,2615 TUSCANY ST; TARGET STORES T1548 AT THE CROSSINGS,COR
,,19C068430,21:15:52 08/01/19,l,Traffic Stop,4,W FOOTHILL PKWY & S LINCOLN AVE,COR
,,19C068433,21:16:35 08/01/19,l,Traffic Stop,4,1248 W SIXTH ST; WELCOME INN,COR
,,19C068434,21:17:47 08/01/19,l,911 Hangup,2,881 CORSICA DR,COR
,,19C068435,21:23:28 08/01/19,f,ZZVehicle Fire,1,1288 BORDER AVE,COR
,,19C068436,21:26:09 08/01/19,l,Alarm Call,2,750 S LINCOLN AVE # 101; VERIZON STORE,COR
,,19C068437,21:28:08 08/01/19,lf,Choking,1,815 W SEVENTH ST,COR
,,19C068439,21:29:34 08/01/19,l,Susp Vehicle,3,1111 S BELLE AVE,COR
,,19C068441,21:32:06 08/01/19,l,Property Check,4,842 E ONTARIO AVE,COR
,,19C068442,21:34:49 08/01/19,l,Traffic Stop,4,CIRCLE CITY DR & RIMPAU AVE,COR
,,19C068443,21:35:43 08/01/19,f,ZZElevator Res,1,815 W SIXTH ST,COR
,,19C068445,21:42:56 08/01/19,l,911 Hangup,2,230 S LINCOLN AVE; SHELL GAS,COR
,,19C068446,21:44:41 08/01/19,l,Traffic Stop,4,MAGNOLIA AVE & HARVILL LN,HGS
,,19C068447,21:45:19 08/01/19,l,Property Check,4,1290 E ONTARIO AVE; WALMART,COR
,,19C068448,21:53:39 08/01/19,l,Trespass,3,4901 GREEN RIVER RD; GREEN RIVER MHP,COR
,,19C068449,21:57:41 08/01/19,l,Disturb Peace,3,1540 W SIXTH ST;REF TO LEAVE,COR
,,19C068450,21:57:50 08/01/19,l,Traffic Stop,4,N PARKRIDGE AVE & HIDDEN VALLEY PKWY,COR
,,19C068451,22:02:14 08/01/19,l,Alarm Call,2,3100 PALISADES DR,COR
,,19C068453,22:06:51 08/01/19,lf,Overdose,1,3592 GROVEDALE ST,COR
,,19C068454,22:11:13 08/01/19,l,Loud Noise,3,909 RIMPAU AVE # 201,COR
,,19C068455,22:14:41 08/01/19,l,Traffic Stop,4,ELYSIA ST & OVERLAND LN,COR
,,19C068456,22:19:02 08/01/19,lf,Disturb Peace,3,W SIXTH ST & S SMITH AVE,COR
,,19C068457,22:20:51 08/01/19,l,Alarm Call,2,2005 S VICENTIA AVE; VICENTIA ELEMENTARY SCHOOL,COR
,,19C068459,22:25:24 08/01/19,f,ZZBreathing,1,409 W FRANCIS ST,COR
,,19C068460,22:27:08 08/01/19,l,Traffic Stop,4,GREEN RIVER RD & PALISADES DR,COR
,,19C068462,22:36:58 08/01/19,l,Disturb Peace,3,370 DYLAN CIR,COR
,,19C068463,22:44:27 08/01/19,l,911 Hangup,2,210 S LINCOLN AVE;PHS1,COR
,,19C068464,22:56:50 08/01/19,l,Property Check,4,300 N MCKINLEY ST; SUBWAY 7556 AT CORONA HILLS PLAZA,COR
,,19C068465,22:58:03 08/01/19,l,Property Check,4,1698 W SIXTH ST # A; 7 11 STORE WEST,COR
,,19C068466,22:59:56 08/01/19,l,Property Check,4,222 PROMENADE AVE,COR
,,19C068467,23:03:20 08/01/19,l,Resid Burg Past,4,1049 W EIGHTH ST,COR
,,19C068468,23:04:10 08/01/19,l,Disturb Peace P,4,1797 WALLACE ST;LL CONT,COR
,,19C068469,23:05:13 08/01/19,l,Loud Noise,3,1116 SPRUCE ST,COR
,,19C068470,23:11:29 08/01/19,lf,Area Check,3,922 S VICTORIA AVE,COR
,,19C068471,23:13:32 08/01/19,l,Silent Comm 211,1,450 HIDDEN VALLEY PKWY; CHICK FIL A,COR
,,19C068472,23:17:29 08/01/19,lf,Drunk In Public,2,650 EBBCREEK ST ; AVANA SPRINGS,COR
,,19C068474,23:29:06 08/01/19,l,Property Check,4,130 W CHASE DR; HEBREWS,COR
,,19C068475,23:47:04 08/01/19,l,Dist/Verbal,2,1523 DEL NORTE DR,COR
,,19C068476,23:48:51 08/01/19,l,911 Hangup,2,881 CORSICA DR,COR
,,19C068477,23:50:22 08/01/19,l,911 Hangup,2,2585 S MAIN ST,COR
,,19C068478,23:50:50 08/01/19,l,Silent Comm 211,2,450 HIDDEN VALLEY PKWY; CHICK FIL A ; 2ND ATV,COR
,,19C068479,23:54:08 08/01/19,l,911 Hangup,2,1265 W TENTH ST,COR
,,19C068480,23:55:44 08/01/19,l,Traffic Stop,4,EL CERRITO RD & 15 SB ON RAMP,COR
,,19C068481,23:56:23 08/01/19,l,Citizen Contact,3,1002 S VICTORIA AVE,COR
,,19C068482,23:56:53 08/01/19,l,911 Hangup,2,2585 S MAIN ST ; PHASE 1 OPEN,COR
,,19C068483,23:57:37 08/01/19,l,911 Hangup,2,598 SANTANA WAY; SANTANA PARK,COR
,,19C068484,00:01:39 08/02/19,l,Traffic Stop,4,MAGNOLIA AVE & 15 SB ON RAMP,COR
,,19C068485,00:05:27 08/02/19,l,Traffic Stop,4,E ONTARIO AVE & EL CERRITO RD,ELC
,,19C068486,00:07:31 08/02/19,l,Area Check,3,1613 SAN RAFAEL DR,COR
,,19C068487,00:07:45 08/02/19,l,911 Hangup,2,2585 S MAIN ST;ABAN PHS1,COR
,,19C068489,00:09:47 08/02/19,l,Auto Theft Rec,4,15 SB OFF RAMP & E ONTARIO AVE,COR
,,19C068490,00:12:04 08/02/19,l,911 Hangup,2,598 SANTANA WAY; SANTANA PARK,COR
,,19C068493,00:19:56 08/02/19,l,Susp Vehicle,3,385 RICHEY CIR,COR
,,19C068494,00:28:51 08/02/19,l,Silent Comm 211,3,450 HIDDEN VALLEY PKWY; CHICK FIL A; 3RD ATV,COR
,,19C068495,00:33:02 08/02/19,lf,Dist/Physical,1,2361 MARY HELEN ST # 104 ; STAGE,COR
,,19C068496,00:33:45 08/02/19,l,911 Hangup,2,13451 INDIANA AVE,HGS
,,19C068497,00:45:01 08/02/19,l,Vehicle Check,4,598 SANTANA WAY; SANTANA PARK,COR
,,19C068498,00:46:47 08/02/19,f,ZZChest Pains,1,E GRAND BLVD & KRESS CT,COR
,,19C068499,00:59:22 08/02/19,l,Alarm Call,2,1820 RIMPAU AVE; CENTENNIAL HIGH SCHOOL,COR
,,19C068500,00:59:36 08/02/19,l,Property Check,4,130 W FOOTHILL PKWY; CHEVRON GAS,COR
,,19C068503,01:18:49 08/02/19,l,Follow Up,4,222 PROMENADE AVE,COR
,,19C068504,01:20:35 08/02/19,f,ZZChest Pains,1,1155 WATERLEAF WAY,COR
,,19C068505,01:45:38 08/02/19,l,Property Check,4,2500 CAJALCO RD; CROSSINGS SHOPPING CENTER,COR
,,19C068506,01:52:15 08/02/19,l,Comm Burg I/P,2,400 S RAMONA AVE # 102; NOTARTY GO; POSS,COR
,,19C068507,02:00:14 08/02/19,l,911 Hangup,2,210 S LINCOLN AVE,COR
,,19C068508,02:10:34 08/02/19,l,911 Hangup,2,210 S LINCOLN AVE;ABAN PHS1,COR
,,19C068510,02:11:38 08/02/19,l,Alarm Call,2,1700 W SIXTH ST ; LARRY H TOYOTA OF CORONA,COR
,,19C068512,02:14:24 08/02/19,l,Property Check,4,730 PUBLIC SAFETY WAY; CORONA POLICE,COR
,,19C068513,02:16:21 08/02/19,l,Area Check,3,MAGNOLIA AVE & 15 NB OFF RAMP,COR
,,19C068514,02:19:31 08/02/19,f,ZZFwy Heavy Res,1,15 NB ONTARIO MAGNOLIA,COR
,,19C068515,02:21:51 08/02/19,l,Susp Vehicle,3,1290 E ONTARIO AVE; WALMART,COR
,,19C068516,03:02:15 08/02/19,l,Dist/Physical,1,2144 RUSSELL DR,COR
,,19C068517,03:13:29 08/02/19,l,Suspicious Circ,3,713 SAN BENITO LN,COR
,,19C068518,03:22:42 08/02/19,l,Alarm Call,2,2005 S VICENTIA AVE; VICENTIA ELEMENTARY SCHOOL,COR
,,19C068522,03:40:54 08/02/19,l,Auto Theft Past,3,2178 STONERIDGE RD; ASHTON APTS; RECOVERY,COR
,,19C068526,03:56:16 08/02/19,l,Standby,4,1325 CORONA POINTE CT,COR
,,19C068528,04:00:38 08/02/19,l,Welfare Check,2,3592 GROVEDALE ST,COR
,,19C068529,04:05:21 08/02/19,l,Domestic Distur,2,230 S LINCOLN AVE; SHELL GAS,COR
,,19C068530,04:09:06 08/02/19,l,Patrol Info,4,930 E SIXTH ST; CITY PARK,COR
,,19C068531,04:20:10 08/02/19,f,ZZFall,1,2489 CALIFORNIA AVE;#106 ESTANCIA DEL SOL,COR
,,19C068532,04:26:33 08/02/19,l,Property Check,4,935 N MCKINLEY ST; VINEYARD CHURCH,COR
,,19C068533,04:28:51 08/02/19,f,ZZFwy UnkInjury,1,15 NB MAGNOLIA HIDDEN VALLEY,COR
YES,'Location' garbled/scrambled text,19C068534,04:54:01 08/02/19,l,Susp Vehicle,3,928 N COTA ST;POSS HSVIOL,COR
,,19C068536,05:03:49 08/02/19,l,911 Hangup,2,209 E BLAINE ST,COR
,,19C068537,05:22:40 08/02/19,l,Property Check,4,2448 S VICENTIA AVE,COR
,,19C068539,06:26:26 08/02/19,l,Patrol Info,4,CABOT DR & TEMESCAL CANYON RD,COR
,,19C068540,06:35:07 08/02/19,l,Susp Vehicle,3,2855 SAMPSON AVE; SOUTHERN CALIFORNIA FLEET SERVICES,COR
,,19C068541,06:40:44 08/02/19,l,Traffic Detail,4,730 CORPORATION YARD WAY,COR
,,19C068542,06:49:25 08/02/19,l,Stranded Veh,3,S MAIN ST & E THIRD ST,COR
,,19C068544,06:52:32 08/02/19,l,Traffic Stop,4,91 EB ON RAMP & GREEN RIVER RD,COR
,,19C068545,07:06:11 08/02/19,l,Traffic Stop,4,111 N LINCOLN AVE; ARCO AM PM,COR
,,19C068546,07:13:25 08/02/19,l,Susp Person,3,479 N MCKINLEY ST; WALMART,COR
,,19C068547,07:22:50 08/02/19,l,Alarm Call,2,585 REDWING DR,COR
,,19C068548,07:24:11 08/02/19,l,Traffic Detail,4,N LINCOLN AVE & POMONA RD,COR
,,19C068552,07:29:15 08/02/19,l,Traffic Stop,4,N MAIN ST & W RINCON ST,COR
,,19C068553,07:29:42 08/02/19,l,Property Check,4,1255 RIVER RD; AUBURNDALE INTERMEDIATE,COR
,,19C068556,07:40:17 08/02/19,l,Alarm Call,2,2300 PALISADES DR,COR
,,19C068557,07:44:56 08/02/19,l,Susp Person,3,406 COLFAX CIR,COR
,,19C068558,07:46:51 08/02/19,f,ZZAbdominalPa in,1,111 N LINCOLN AVE; ARCO AM PM,COR
,,19C068559,07:47:21 08/02/19,l,Traffic Detail,4,1601 VIA DEL RIO,COR
,,19C068560,07:55:31 08/02/19,l,Alarm Call,2,341 N DELILAH ST; #102 ; PMG COMPANY,COR
,,19C068561,08:05:40 08/02/19,l,Traffic Stop,4,RAILROAD ST & N LINCOLN AVE,COR
,,19C068562,08:13:09 08/02/19,l,911 Hangup,2,315 NANNERS WAY,COR
,,19C068563,08:17:30 08/02/19,l,Hazard,3,2193 SAMPSON AVE; TACO BELL,COR
,,19C068564,08:21:20 08/02/19,l,Accident,2,1771 N DELILAH ST,COR
,,19C068565,08:21:33 08/02/19,l,Patrol Info,4,1205 RIMPAU AVE; SHELL GAS,COR
,,19C068567,08:24:07 08/02/19,f,ZZSick,1,280 N SMITH AVE; GMC ELECTRICAL,COR
,,19C068568,08:27:38 08/02/19,l,Traffic Stop,4,S SMITH AVE & W SIXTH ST,COR
,,19C068569,08:29:08 08/02/19,l,Property Check,4,1650 W PARKRIDGE AVE,COR
,,19C068570,08:30:09 08/02/19,l,Property Check,4,1250 W PARKRIDGE AVE; VICTRESS BOWER ELEMENTARY,COR
,,19C068571,08:35:04 08/02/19,f,ZZPublicSrvceF,2,660 N LAKESIDE PL # 103,COR
,,19C068572,08:39:29 08/02/19,l,Petty Theft,3,1693 RIMPAU AVE; COUTS HEATING & COOLING,COR
,,19C068573,08:39:39 08/02/19,l,Alarm Call,2,2785 CABOT DR; RA SUSHI,COR
,,19C068574,08:41:33 08/02/19,l,Property Check,4,200 S MAIN ST; SUE NITTI,COR
,,19C068575,08:46:22 08/02/19,l,Domestic Distur,2,199 RIVER RD; CARWASH,COR
,,19C068576,08:46:36 08/02/19,l,Susp Person,3,390 MEYER CIR; #A SAMMONS EQUIPMENT,COR
,,19C068577,08:53:33 08/02/19,l,Property Check,4,3591 GRAND OAKS; ROMANOS MACARONI GRILL AT THE CROSSINGS,COR
,,19C068578,09:08:33 08/02/19,l,Susp Vehicle,3,3915 GREEN RIVER RD; CUBE SMART STORAGE,COR
,,19C068579,09:13:04 08/02/19,l,Property Check,4,260 W FOOTHILL PKWY; ALBERTSONS,COR
,,19C068580,09:17:59 08/02/19,l,Traffic Stop,4,POMONA RD & N SHERMAN AVE,COR
,,19C068581,09:19:19 08/02/19,l,Property Check,4,4000 S MAIN ST,COR
,,19C068582,09:19:50 08/02/19,l,Fraud Past,4,2210 GRFFIN WY # 102; CELLULAR WORD; PD LOBBY,COR
,,19C068583,09:21:18 08/02/19,l,Hazard,3,N MAIN ST & E GRAND BLVD,COR
,,19C068584,09:24:27 08/02/19,l,911 Hangup,2,805 S RAMONA AVE,COR
,,19C068585,09:24:54 08/02/19,l,Patrol Info,4,GREEN RIVER RD & CANYON CREST DR,COR
,,19C068586,09:25:35 08/02/19,l,Area Check,3,E HARRISON ST & N MAIN ST,COR
,,19C068587,09:47:26 08/02/19,l,Traffic Stop,4,S BUENA VISTA AVE & W EIGHTH ST,COR
,,19C068588,09:56:43 08/02/19,l,911 Hangup,2,400 S VICENTIA AVE; PHASE 2,COR
,,19C068589,10:05:49 08/02/19,l,Test,4,730 PUBLIC SAFETY WAY,COR
,,19C068591,10:09:13 08/02/19,l,Traffic Stop,4,S BUENA VISTA AVE & W SIXTH ST,COR
,,19C068592,10:11:59 08/02/19,l,Property Check,4,1886 BUTTERFIELD DR; BUTTERFIELD PARK,COR
,,19C068593,10:16:52 08/02/19,l,Traffic Stop,4,EAGLE GLEN PKWY & BEDFORD CANYON RD,COR
,,19C068594,10:17:35 08/02/19,l,Additional Info,4,2489 TUSCANY ST,COR
,,19C068596,10:26:38 08/02/19,l,Follow Up,4,CALIFORNIA AVE & E ONTARIO AVE,COR
,,19C068597,10:29:32 08/02/19,l,Silent Comm 211,1,2661 GREEN RIVER RD # #; UNION BANK INSIDE RALPHS;SC211,COR
,,19C068598,10:33:03 08/02/19,l,Abandoned Veh,4,643 VALLEYWOOD ST,COR
,,19C068599,10:35:43 08/02/19,l,911 Hangup,2,526 MAGNOLIA AVE; PHASE 1,COR
,,19C068600,10:40:28 08/02/19,l,Abandoned Veh,4,529 ROOSEVELT ST,COR
,,19C068601,10:40:43 08/02/19,l,Property Check,4,1900 AVIATION DR; CORONA AIRPORT,COR
,,19C068602,10:41:28 08/02/19,l,Property Check,4,2427 STEVEN DR,COR
,,19C068603,10:44:54 08/02/19,l,Cite Sign Off,4,730 PUBLIC SAFETY WAY; PLOT,COR
,,19C068604,10:47:26 08/02/19,lf,ZZTrauma,1,998 LA COSTA DR # 204,COR
,,19C068605,10:50:22 08/02/19,l,Abandoned Veh,4,220 N DELILAH ST; CAL DRAULICS INC,COR
,,19C068606,10:50:35 08/02/19,l,Grand Theft P,4,550 W FOOTHILL PKWY; HERITAGE PARK,COR
,,19C068607,11:05:06 08/02/19,l,Petty Theft,3,1299 E ONTARIO AVE; CVS PHARMACY 9190 AT CORONA ORCHARD,COR
,,19C068608,11:10:35 08/02/19,l,Property Check,4,1150 W TENTH ST; CORONA HIGH SCHOOL,COR
,,19C068609,11:10:57 08/02/19,l,Hit Run No Inj,2,E SEVENTH ST & E GRAND BLVD,COR
,,19C068610,11:14:10 08/02/19,l,Traffic Stop,4,N MAIN ST & METRO PL,COR
,,19C068611,11:16:27 08/02/19,l,Battery,1,820 VILLAGE LOOP DR; VILLAGE PARK,COR
,,19C068612,11:25:38 08/02/19,f,ZZSick,1,1665 COOLIDGE ST,COR
,,19C068613,11:38:21 08/02/19,l,Additional Info,4,1375 SAMPSON AVE; LL CONT SPANISH SPEAKING,COR
,,19C068615,11:57:55 08/02/19,f,ZZCommrcal Alrm,1,458 ALCOA CIR;TLAMBIA,COR
,,19C068616,11:58:07 08/02/19,l,Property Check,4,1154 W SIXTH ST,COR
,,19C068618,12:04:08 08/02/19,l,Traffic Stop,4,BENNETT AVE & EAGLE GLEN PKWY,COR
,,19C068619,12:13:15 08/02/19,l,Traffic Stop,4,S LINCOLN AVE & W SECOND ST,COR
,,19C068620,12:13:59 08/02/19,f,ZZCommrcal Alrm,1,458 ALCOA CIR;GLAMBIA,COR
,,19C068621,12:18:10 08/02/19,l,Patrol Info,4,401 N MCKINLEY ST,COR
,,19C068622,12:27:23 08/02/19,l,Traffic Stop,4,MASTERS DR & BENNETT AVE,COR
,,19C068625,12:34:02 08/02/19,l,Traffic Stop,4,W SIXTH ST & PASEO GRANDE,COR
,,19C068626,12:38:32 08/02/19,f,ZZFwy Sick,1,91 WB AUTO CENTER 71,RVC
,,19C068627,12:43:37 08/02/19,l,Alarm Call,2,929 LA SALLE CIR,COR
,,19C068631,12:50:55 08/02/19,l,911 Hangup,2,130 W CHASE DR,COR
,,19C068632,12:51:02 08/02/19,l,Traffic Stop,4,MASTERS DR & BENNETT AVE,COR
,,19C068633,12:56:01 08/02/19,l,Hazard,2,MAGNOLIA AVE & 15 SB ON RAMP,COR
,,19C068634,12:57:40 08/02/19,l,Patrol Info,4,E FOOTHILL PKWY & S MAIN ST,COR
,,19C068635,12:58:10 08/02/19,l,911 Hangup,2,805 S RAMONA AVE,COR
,,19C068636,13:00:37 08/02/19,l,Silent Comm 211,1,204 E SIXTH ST; BANK OF AMERICA,COR
,,19C068637,13:02:16 08/02/19,l,Traffic Stop,4,FRONTAGE RD & VIA SANTIAGO,CRA
,,19C068638,13:02:52 08/02/19,l,Accident,2,1000 VISTA DEL CERRO DR; TRIANAS CONDOS,COR
,,19C068639,13:06:12 08/02/19,l,Susp Person,3,4300 GREEN RIVER RD # 109B; ROMP O RAMA,COR
,,19C068641,13:09:41 08/02/19,l,Traffic Stop,4,1160 CALIFORNIA AVE,COR
,,19C068642,13:11:30 08/02/19,lf,Accident Unknwn,1,FULLER ST & E SIXTH ST,COR
,,19C068644,13:17:05 08/02/19,l,Ill Parked Veh,4,2563 BORDER AVE,COR
,,19C068646,13:20:59 08/02/19,l,911 Hangup,2,881 CORSICA DR,COR
,,19C068647,13:21:51 08/02/19,l,Traffic Detail,4,730 PUBLIC SAFETY WAY; CORONA POLICE,COR
,,19C068648,13:22:18 08/02/19,l,Ill Parked Veh,4,2538 KENNEDY DR,COR
,,19C068649,13:28:31 08/02/19,f,ZZFall,1,2300 S MAIN ST; VALENCIA TERRACE,COR
,,19C068650,13:32:32 08/02/19,l,DV-Assault,1,3485 GRAND OAKS; PETCO 1127 AT THE CROSSINGS,COR
,,19C068651,13:32:52 08/02/19,l,Z-Animal Svcs,4,341 MAGNOLIA AVE,COR
,,19C068652,13:34:52 08/02/19,f,ZZStroke,1,311 CESSNA CIR; FENDER MUSIC,COR
,,19C068653,13:35:06 08/02/19,f,ZZFall,1,737 MAGNOLIA AVE; BROOKDALE,COR
,,19C068654,13:35:55 08/02/19,l,Cite Sign Off,4,730 PUBLIC SAFETY WAY; FRONT COUNTER,COR
,,19C068658,13:45:20 08/02/19,f,ZZTree Fire,1,9013 CAJALCO RD,RVC
,,19C068659,13:48:39 08/02/19,l,Susp Person,3,150 W BLAINE ST; GANAHL LUMBER,COR
,,19C068660,13:56:50 08/02/19,l,Property Check,4,2745 LAKESHORE DR; TAPS FISH HOUSE AND BREWERY AT COR DOS LAGOS,
,,19C068661,13:57:08 08/02/19,l,Cite Sign Off,4,730 PUBLIC SAFETY WAY; PLOT,COR
,,19C068666,14:02:37 08/02/19,l,911 Hangup,2,210 N SMITH AVE,COR
,,19C068667,14:03:38 08/02/19,l,Traffic Stop,4,E SIXTH ST & E GRAND BLVD,COR
,,19C068668,14:04:15 08/02/19,l,911 Hangup,2,210 N SMITH AVE,COR
,,19C068669,14:06:41 08/02/19,l,Patrol Info,4,RIMPAU AVE & MAGNOLIA AVE ; 23103 DRIVER,COR
,,19C068670,14:07:43 08/02/19,l,Hazard,3,341 MAGNOLIA AVE # 101; CCOR,COR
,,19C068671,14:08:25 08/02/19,f,ZZSick,1,2813 S MAIN ST,COR
,,19C068673,14:10:25 08/02/19,l,Hazard,3,S MAIN ST & STAN REYNOLDS PKWY,COR
,,19C068676,14:17:04 08/02/19,f,ZZSick,1,655 E MONTEREY RD,COR
,,19C068678,14:22:39 08/02/19,l,Welfare Check,2,801 MAGNOLIA AVE # 211; CASA GRANDE SENIOR APARTMENTS,COR
,,19C068679,14:22:50 08/02/19,l,911 Hangup,2,1080 AURORA LN ;VOIP LINE,COR
,,19C068681,14:26:23 08/02/19,lf,Battery Injury,1,4901 GREEN RIVER RD # 247,COR
,,19C068682,14:26:43 08/02/19,l,911 Hangup,2,1871 N DELILAH ST ; PHASE 2 HNGUP,COR
,,19C068683,14:27:54 08/02/19,f,ZZFwy VegFireL,1,15 NB MAGNOLIA HIDDEN VALLEY,COR
,,19C068684,14:38:21 08/02/19,l,Domestic Distur,2,1980 NICE DR # 102,COR
,,19C068686,14:42:21 08/02/19,l,Ill Parked Veh,4,RAWLEY ST & TRUDY WAY,COR
,,19C068687,14:45:47 08/02/19,l,911 Hangup,2,505 S BUENA VISTA AVE; PHASE 2,COR
,,19C068688,14:46:36 08/02/19,f,ZZ Fire Test,2,730 PUBLIC SAFETY WAY,COR
,,19C068689,14:47:13 08/02/19,l,Petty Theft,3,479 N MCKINLEY ST; WALMART,COR
,,19C068690,14:48:16 08/02/19,l,911 Hangup,2,505 S BUENA VISTA AVE; PHASE 2,COR
,,19C068691,14:49:59 08/02/19,l,Alarm Call,2,1822 PANORAMIC DR,COR
,,19C068692,14:55:39 08/02/19,l,Ill Parked Veh,4,TRUDY WAY & W FOOTHILL PKWY,COR
,,19C068693,15:02:46 08/02/19,l,Alarm Call,2,5215 GREEN RIVER RD; GREEN RIVER GOLF COURSE,COR
,,19C068694,15:04:53 08/02/19,l,Fraud Past,4,1580 COMMERCE ST; PERRAGON TACTICAL,COR
,,19C068695,15:05:50 08/02/19,l,Alarm Call,2,270 JUST RIGHT WAY,COR
,,19C068696,15:12:09 08/02/19,f,ZZ Fire Test,2,730 PUBLIC SAFETY WAY,COR
,,19C068697,15:15:19 08/02/19,l,Alarm Call,2,1351 PICO ST; JAYCO INTERFACE TECHNOLOGY,COR
,,19C068698,15:18:23 08/02/19,l,DV-Assault,1,517 S SHERIDAN ST # 3,COR
,,19C068700,15:22:46 08/02/19,f,ZZExt Fire,1,441 MAGNOLIA AVE; PANDA EXPRESS 1227 AT CORONA VILLAGE,COR
,,19C068703,15:35:35 08/02/19,l,911 Hangup,2,3475 SECOND ST,NOR
,,19C068705,15:36:07 08/02/19,l,Stranded Veh,3,W FIFTH ST & S SHERIDAN ST,COR
,,19C068706,15:36:08 08/02/19,f,ZZ Fire Test,2,730 PUBLIC SAFETY WAY,COR
,,19C068707,15:37:45 08/02/19,f,ZZ Fire Test,2,915 N MCKINLEY ST; CFD 4,COR
,,19C068708,15:40:31 08/02/19,l,Silent Comm 211,1,1058 W SIXTH ST; BURGER BASKET,COR
,,19C068710,15:46:06 08/02/19,lf,Structure Fire,1,1124 S RAMONA AVE,COR
,,19C068711,15:59:19 08/02/19,l,Patrol Info,4,SANTANA WAY & TABER ST,COR
,,19C068712,16:04:05 08/02/19,l,Patrol Info,4,480 N MCKINLEY ST ;COSTCO,COR
,,19C068713,16:04:18 08/02/19,l,Cross Report,2,830 ASPEN ST,COR
,,19C068714,16:19:12 08/02/19,l,Area Check,3,216 W TENTH ST,COR
,,19C068716,16:21:16 08/02/19,l,DV-Assault Past,3,1161 SPRINGBROOK ST,COR
,,19C068717,16:24:34 08/02/19,l,Flag Down,4,480 N MCKINLEY ST; COSTCO,COR
,,19C068718,16:27:20 08/02/19,l,Patrol Info,4,3465 ANDOVER ST; CODE 5,HGS
,,19C068719,16:27:34 08/02/19,l,Court Order Vio,3,730 PUBLIC SAFETY WAY; CORONA POLICE ;LL CONT,COR
,,19C068720,16:27:37 08/02/19,l,911 Hangup,2,1000 W RINCON ST ;PHSE 1 HNGUP,COR
,,19C068721,16:32:15 08/02/19,l,Property Check,4,1260 E ONTARIO AVE; ALBERTSONS,COR
,,19C068722,16:36:38 08/02/19,l,Fraud Past,4,2078 S VICENTIA AVE; ll cont,COR
,,19C068723,16:41:02 08/02/19,l,Flag Down,4,300 CORPORATE TERRACE CIR,COR
,,19C068724,16:41:23 08/02/19,l,Additional Info,4,1275 W EIGHTH ST # 302; WILLIAM C ARTHUR TERRACE; LL CONTACT,COR
,,19C068725,16:42:14 08/02/19,l,911 Hangup,2,805 S RAMONA AVE ;PHASE 1 ABAND,COR
,,19C068726,16:42:22 08/02/19,l,Mail Theft,2,2380 CORNELL CIR,COR
,,19C068727,16:43:35 08/02/19,l,Dist/Verbal,2,1552 DEL NORTE DR,COR
,,19C068728,16:45:27 08/02/19,l,Fraud Past,4,2865 GILBERT AVE;LL CONT,COR
,,19C068729,16:49:08 08/02/19,l,Cite Sign Off,4,730 PUBLIC SAFETY WAY; PLOT,COR
,,19C068730,16:51:51 08/02/19,l,911 Hangup,2,805 S RAMONA AVE,COR
,,19C068736,17:09:54 08/02/19,l,Alarm Call,2,850 E PARKRIDGE AVE; #104 BMR GROUP,COR
,,19C068737,17:19:23 08/02/19,l,911 Hangup,2,2721 GREEN RIVER RD,COR
,,19C068738,17:28:58 08/02/19,l,Flag Down,4,2355 COMPTON AVE; LA FITNESS,COR
,,19C068739,17:31:51 08/02/19,l,Flag Down,4,COUNTRY CLUB LN & RIVER RD,COR
,,19C068740,17:33:32 08/02/19,l,Patrol Info,4,RIVER RD & CORYDON AVE,COR
,,19C068741,17:35:19 08/02/19,l,Trespass,3,2615 TUSCANY ST; TARGET STORES T1548 AT THE CROSSINGS,COR
,,19C068742,17:36:05 08/02/19,l,Suspicious Circ,3,210 N SMITH AVE; #B; SPECIALTY TOW,COR
,,19C068745,17:43:18 08/02/19,l,Patrol Info,4,FULLER ST & E SIXTH ST,COR
,,19C068746,17:44:06 08/02/19,lf,Man Down,1,109 N MCKINLEY ST; FOOD FOR LESS;FIRE RESPG,COR
,,19C068747,17:45:28 08/02/19,l,Patrol Info,4,N MCKINLEY ST & 91 WB ON RAMP,COR
,,19C068748,17:48:47 08/02/19,l,Petty Theft P,4,2433 HEAVENLY WAY; LIC PLATE; LL CONT PRIOR,COR
,,19C068749,17:55:55 08/02/19,l,Alarm Call,2,1112 OLYMPIC DR; young americans,COR
,,19C068750,17:57:04 08/02/19,l,911 Hangup,2,2550 CAJALCO RD,COR
,,19C068751,17:58:45 08/02/19,l,Comm Policing,4,2489 CALIFORNIA AVE; ESTANCIA DEL SOL,COR
,,19C068752,17:59:10 08/02/19,l,Susp Person,3,2365 CORNELL CIR ; ll cont,COR
,,19C068753,18:04:29 08/02/19,l,Alarm Call,2,770 MAGNOLIA AVE # 2F; STANDFORD PSYCHIATRY; AUD COMM ALRM,COR
,,19C068754,18:06:45 08/02/19,,,,E ONTARIO AVE & MAGNOLIA AVE,COR
,,19C068755,18:07:37 08/02/19,l,Att Warrant Svc,4,2199 WOODSIDE CT # 53,COR
,,19C068756,18:07:40 08/02/19,l,Area Check,2,E ONTARIO AVE & MAGNOLIA AVE ; poss 211 strong arm,COR
,,19C068757,18:09:09 08/02/19,l,Traffic Stop,4,RAILROAD ST & N COTA ST,COR
,,19C068758,18:14:23 08/02/19,l,911 Hangup,2,784 N MAIN ST; JACK IN THE BOX,COR
,,19C068761,18:15:49 08/02/19,l,Abandoned Veh,4,2633 CHERRYBARK LN,COR
,,19C068762,18:16:32 08/02/19,l,Vandalism Past,4,3855 BEDFORD CANYON RD; LL CONT,COR
,,19C068763,18:18:21 08/02/19,l,Court Order Vio,3,2551 REDROCK DR ; LL CONT,COR
,,19C068764,18:19:13 08/02/19,l,Petty Theft P,4,2250 TREEHOUSE LN # 212 ; ll cont,COR
,,19C068765,18:22:28 08/02/19,f,ZZMedical Alert,1,4328 JUNCTION ST # 103,COR
,,19C068767,18:23:15 08/02/19,l,911 Hangup,2,881 CORSICA DR,COR
,,19C068768,18:24:18 08/02/19,l,Alarm Call,2,1135 MARAVILLA CIR,COR
,,19C068769,18:24:43 08/02/19,l,Area Check,3,1147 SANDRA CIR,COR
,,19C068770,18:25:26 08/02/19,f,ZZSick,1,875 RIVER RD # 201; RIVER RUN APTS,COR
,,19C068773,18:40:41 08/02/19,l,Disturb Peace,3,120 W PARKRIDGE AVE; WALGREENS 07591 AT NORTH MAIN PLAZA,COR
,,19C068774,18:48:09 08/02/19,lf,Man Down,1,675 EBBCREEK ST,COR
,,19C068775,18:49:32 08/02/19,l,Ped Check,4,260 W FOOTHILL PKWY; ALBERTSONS,COR
,,19C068777,18:50:08 08/02/19,l,Susp Vehicle,3,GREEN RIVER RD & SUNCREST DR ;HAZARD,COR
YES,'Nature' garbled text (embedded symbol),19C068779,18:51:53 08/02/19,f,ZZFaint/Uncons,1,1543 COLONY DR,COR
,,19C068780,18:55:06 08/02/19,l,Ped Check,4,301 S LINCOLN AVE,COR
,,19C068781,18:58:51 08/02/19,l,Alarm Call,2,2800 PALISADES DR; E S L POWER SYSTEMS INC,COR
,,19C068785,19:08:28 08/02/19,lf,Man Down,1,N COTA ST & W PARKRIDGE AVE,COR
,,19C068786,19:09:07 08/02/19,l,Alarm Call,2,1700 VIA PACIFICA; PARCWOOD APARTMENTS,COR
,,19C068787,19:10:43 08/02/19,l,Area Check,3,1474 POMONA RD ;AOD ACO,COR
,,19C068789,19:11:06 08/02/19,l,Missing Person,2,911 COTTONWOOD CT,COR
,,19C068790,19:14:08 08/02/19,l,Alarm Call,2,505 MAGNOLIA AVE; parra resd,COR
,,19C068791,19:14:57 08/02/19,l,Z-Animal Svcs,4,1161 MILLSTREAM LN,COR
,,19C068792,19:18:46 08/02/19,l,Follow Up,4,730 PUBLIC SAFETY WAY; CORONA POLICE,COR
,,19C068793,19:20:10 08/02/19,l,Alarm Call,2,133 WASHBURN CIR ; Z PERFORMANCE MUFFLER,COR
,,19C068795,19:30:20 08/02/19,l,Keep The Peace,3,872 N COTA ST;#D,COR
,,19C068796,19:31:36 08/02/19,f,ZZResdntal Alr,1,349 E HACIENDA DR,COR
,,19C068798,19:34:27 08/02/19,l,911 Hangup,2,730 S MAIN ST,COR
,,19C068799,19:38:07 08/02/19,l,Property Check,4,1698 W SIXTH ST # A; 7 11 STORE WEST,COR
,,19C068802,19:43:17 08/02/19,f,ZZTrauma,1,1250 SANTANA WAY;CITRUS PARK,COR
,,19C068803,19:43:54 08/02/19,l,Area Check,3,E FOOTHILL PKWY & FULLERTON AVE,COR
,,19C068804,19:44:11 08/02/19,f,ZZCarbon Alarm,2,1345 GENOVA DR # 202,COR
,,19C068805,19:44:22 08/02/19,l,911 Hangup,2,1250 SANTANA WY; SANTANA PARK,COR
,,19C068810,19:48:46 08/02/19,l,Patrol Info,4,1375 E ONTARIO AVE; SAMS CLUB 4709 AT SOUTH POINTE PLAZA,COR
,,19C068812,19:52:48 08/02/19,l,Alarm Call,2,1453 W SIXTH ST;#102,COR
,,19C068816,20:08:49 08/02/19,lf,Structure Fire,1,2508 EAGLEROCK DR,COR
,,19C068819,20:18:54 08/02/19,l,Follow Up,4,2615 TUSCANY ST; TARGET STORES T1548 AT THE CROSSINGS,COR
,,19C068820,20:20:07 08/02/19,l,Property Check,4,935 N MCKINLEY ST; VINEYARD CHURCH,COR
,,19C068822,20:24:06 08/02/19,lf,Man Down,1,W RINCON ST & AUBURNDALE ST,COR
,,19C068824,20:27:20 08/02/19,l,Patrol Info,4,5030 HAMNER X CANTU GALLEANO;COSTCO;EASTVALE 211,EVL
,,19C068825,20:27:32 08/02/19,l,Property Check,4,1292 BORDER AVE; CRUNCH FITNESS AT VILLAGE GROVE PLAZA,COR
,,19C068826,20:29:33 08/02/19,l,Hazard,3,CALIFORNIA AVE & E CHASE DR,COR
,,19C068827,20:32:05 08/02/19,l,Alarm Call,2,1700 VIA PACIFICA; PARCWOOD APARTMENTS,COR
,,19C068829,20:34:10 08/02/19,l,Battery,1,324 S MAIN ST ;TAMAZULA BAR AND GRILL,COR
,,19C068831,20:37:47 08/02/19,l,Accident,2,300 N MCKINLEY ST # 102; SUBWAY,COR
,,19C068832,20:37:53 08/02/19,l,Traffic Stop,4,CORYDON ST & KINGSFORD DR,COR
,,19C068835,20:42:20 08/02/19,lf,Battery Injury,1,304 S MAIN ST; MOBIL GAS,COR
,,19C068836,20:46:39 08/02/19,l,Traffic Stop,4,W RINCON ST & N SMITH AVE,COR
,,19C068837,20:54:27 08/02/19,l,Assist Othr Dpt,3,1560 W SIXTH ST,COR
,,19C068838,20:55:46 08/02/19,l,Assault Weapon,1,2785 LAKESHORE DR; WOOD RANCH B B Q AND GRILL AT DOS LAGOS,COR
,,19C068841,21:11:54 08/02/19,f,ZZSick,1,515 E SIXTH ST; TAQUERIA 2 PORTRILLOS,COR
,,19C068842,21:12:01 08/02/19,l,Disturb Peace,3,703 E SIXTH ST; R S SERVICE STATION INC,COR
,,19C068843,21:13:10 08/02/19,l,Disturb Peace,3,515 E SIXTH ST ; TAQUERIA 2 POTRILLOS,COR
,,19C068844,21:15:12 08/02/19,l,Property Check,4,THE CROSSINGS,COR
,,19C068846,21:22:00 08/02/19,lf,Battery Injury,1,730 PUBLIC SAFETY WAY; CORONA POLICE,COR
,,19C068847,21:23:36 08/02/19,l,Ped Check,4,514 S MERRILL ST,COR
,,19C068848,21:23:50 08/02/19,l,Battery Past,3,730 PUBLIC SAFETY WAY; CORONA POLICE; FIRE DEPT; TEST,COR
,,19C068849,21:25:19 08/02/19,l,Citizen Contact,3,926 S VICENTIA AVE ; LL CONT,COR
,,19C068850,21:26:18 08/02/19,l,Loud Noise,3,1241 WHISPERING TREE LN,COR
,,19C068851,21:27:25 08/02/19,l,Battery Past,3,730 VIA DE LUNA # 2; COUNTRY HILLS APARTMENTS,COR
,,19C068852,21:29:39 08/02/19,lf,Battery Injury,1,730 PUBLIC SAFETY WAY; CORONA POLICE; TEST,COR
,,19C068853,21:30:30 08/02/19,lf,Battery Injury,4,735 PUBLIC SAFETY WAY; FIRE DEPT; TEST,COR
,,19C068854,21:31:02 08/02/19,l,Property Check,4,2313 S MAIN ST; TEMESCAL PALMS LODGE 314,COR
,,19C068855,21:32:54 08/02/19,lf,Down Power Line,1,841 N MAIN ST; ameliias mexican restaurant,COR
,,19C068856,21:33:28 08/02/19,l,Alarm Call,2,1214 MAGNOLIA AVE;#101 TUTOR TIME,COR
,,19C068857,21:35:08 08/02/19,l,Keep The Peace,3,3291 LIMERICK LN,COR
,,19C068858,21:37:31 08/02/19,l,DV-Assault,1,916 SYCAMORE ST,COR
,,19C068860,21:40:29 08/02/19,l,Keep The Peace,3,1177 SPRINGBROOK ST,COR
,,19C068861,21:42:16 08/02/19,l,Follow Up,4,1920 NICE DR # 104,COR
,,19C068863,21:43:55 08/02/19,l,Susp Vehicle,3,7580 MARILYN DR,ELC
,,19C068866,21:54:21 08/02/19,lf,Accident Inj,1,7500 MARILYN DR,ELC
,,19C068867,22:04:23 08/02/19,l,Traffic Stop,4,841 N MAIN ST; ALAMILLAS MEXICAN FOOD AT PARKRIDGE COR PLAZA,
,,19C068868,22:07:59 08/02/19,l,911 Hangup,2,2721 GREEN RIVER RD,COR
,,19C068869,22:08:25 08/02/19,l,Loud Party,3,384 APPLEBY ST,COR
YES,'Nature' garbled text (embedded symbol),19C068870,22:09:23 08/02/19,f,ZZFaint/Uncons,1,8007 SOFT WINDS DR,TEM
,,19C068871,22:10:12 08/02/19,l,Alarm Call,2,1171 BAYWOOD DR; HENSLEY APARTMENTS,COR
,,19C068875,22:15:48 08/02/19,l,Welfare Check,2,260 W FOOTHILL PKWY; ALBERTSONS,COR
,,19C068876,22:19:17 08/02/19,l,Traffic Stop,4,841 N MAIN ST; ALAMILLAS MEXICAN FOOD AT PARKRIDGE COR PLAZA,
,,19C068877,22:23:45 08/02/19,lf,Vegetation Low,1,8140 WEIRICK RD,TEM
,,19C068878,22:30:22 08/02/19,l,Property Check,4,470 HIDDEN VALLEY PKWY; KOHLS,COR
,,19C068879,22:36:18 08/02/19,l,911 Hangup,2,2525 BORDER AVE;PHS1,COR
,,19C068880,22:36:42 08/02/19,l,Loud Noise,3,1200 S MERRILL ST; HUSTED PARK,COR
,,19C068884,22:49:09 08/02/19,l,Property Check,4,3100 S MAIN ST,COR
,,19C068885,22:49:13 08/02/19,l,Ped Check,4,710 E SIXTH ST; SILVER DOLLAR PANCAKE HSE INC,COR
,,19C068886,22:54:56 08/02/19,l,Susp Person,3,1630 WHITEWOOD CT # G,COR
,,19C068887,22:56:35 08/02/19,l,Property Check,4,515 E SIXTH ST; TAQUERIA 2 PORTRILLOS,COR
,,19C068888,23:03:33 08/02/19,l,911 Hangup,2,1200 S MERRILL ST;PHS1,COR
,,19C068889,23:05:52 08/02/19,l,Shots Heard,3,1457 CHALGROVE DR,COR
,,19C068890,23:07:22 08/02/19,l,Patrol Info,4,1646 DAWNRIDGE; BRENTWOOD PARK,COR
,,19C068892,23:10:05 08/02/19,lf,Accident Unknwn,1,710 W TENTH ST,COR
,,19C068893,23:13:37 08/02/19,l,Loud Noise,3,1200 S MERRILL ST; HUSTED PARK,COR
,,19C068894,23:15:23 08/02/19,l,911 Hangup,2,1230 S MAIN ST,COR
,,19C068895,23:19:23 08/02/19,l,Property Check,4,130 W FOOTHILL PKWY; CHEVRON GAS,COR
,,19C068896,23:20:31 08/02/19,l,911 Hangup,2,805 S RAMONA AVE;ABAN PHS1,COR
,,19C068897,23:22:07 08/02/19,lf,Structure Fire,1,E CHASE DR & KELLOGG AVE,COR
,,19C068904,23:38:15 08/02/19,l,Loud Party,3,3139 SAGEWOOD LN,COR
,,19C068906,23:46:25 08/02/19,l,Loud Noise,3,1934 FULLERTON AVE # 207,COR
,,19C068907,00:01:11 08/03/19,f,ZZSeizure,1,838 VILLA MONTES CIR,COR
,,19C068908,00:11:09 08/03/19,l,Runaway,3,1808 S MAIN ST,COR
,,19C068909,00:11:21 08/03/19,l,Property Check,4,2200 MANUGULAR AVE; MANGULAR PARK,COR
,,19C068910,00:12:15 08/03/19,l,Vehicle Check,4,VESPER CIR & E ONTARIO AVE,COR
,,19C068911,00:12:45 08/03/19,l,Property Check,4,270 MARIAH CIR,COR
,,19C068915,00:25:08 08/03/19,l,Disturb Peace,3,724 S VICTORIA AVE ; FAMILY,COR
,,19C068916,00:30:34 08/03/19,l,Property Check,4,BRENTWOOD PARK,COR
,,19C068917,00:30:59 08/03/19,l,Property Check,4,369 MAGNOLIA AVE,COR
,,19C068918,00:33:10 08/03/19,l,Property Check,4,212 LEWIS CT; ADVANCED ROLLER CO,COR
,,19C068919,00:34:46 08/03/19,l,Property Check,4,598 SANTANA WAY; SANTANA PARK,COR
,,19C068923,00:38:53 08/03/19,l,Vehicle Check,4,598 SANTANA WAY # #; SKATE PARK SANTANA PARK,COR
,,19C068924,00:39:07 08/03/19,l,Property Check,4,2400 BORDER AVE; BORDER PARK,COR
,,19C068927,00:41:01 08/03/19,l,Assist Othr Dpt,3,N MAIN ST & E GRAND BLVD,COR
,,19C068929,00:42:46 08/03/19,f,ZZFall,1,1452 SHADOWGLEN WAY,COR
,,19C068931,00:43:30 08/03/19,l,Traffic Stop,4,369 E ONTARIO AVE,COR
,,19C068933,00:46:27 08/03/19,l,911 Hangup,2,819 S VICTORIA AVE,COR
,,19C068934,00:51:28 08/03/19,l,Vehicle Check,4,2200 MANUGULAR AVE; MANGULAR PARK,COR
,,19C068936,00:53:58 08/03/19,l,Assist Othr Dpt,3,N MAIN ST & E GRAND BLVD,COR
,,19C068937,00:57:12 08/03/19,l,Vehicle Check,4,1155 VALENCIA RD; JAMESON PARK,COR
,,19C068938,00:59:53 08/03/19,l,Traffic Stop,4,E NINTH ST & S JOY ST,COR
,,19C068940,01:02:20 08/03/19,f,ZZBreathing,1,623 W ELEVENTH ST,COR
,,19C068942,01:04:18 08/03/19,l,Vehicle Check,4,1248 W SIXTH ST; WELCOME INN,COR
,,19C068943,01:09:43 08/03/19,l,911 Hangup,2,1000 W RINCON ST,COR
,,19C068944,01:10:14 08/03/19,l,911 Hangup,2,1351 W RINCON ST;ABAN PHS2,COR
,,19C068945,01:11:05 08/03/19,l,Shots Heard,3,957 ALLEGRE DR,COR
,,19C068948,01:16:01 08/03/19,l,Property Check,4,1140 E ONTARIO AVE; CHEVRON STATION,COR
,,19C068949,01:18:59 08/03/19,l,CMC Violation,4,1613 FAIRVIEW DR,COR
,,19C068950,01:27:57 08/03/19,lf,Man Down,1,W ONTARIO AVE & S LINCOLN AVE,COR
,,19C068951,01:53:08 08/03/19,l,Ped Check,4,RIVER RD & SECOND ST,COR
,,19C068952,01:53:18 08/03/19,l,Traffic Stop,4,MOUNT HUMPHRIES ST & N MCKINLEY ST,COR
,,19C068953,01:53:48 08/03/19,l,Ped Check,4,615 RICHEY ST; PROMENADE PARK,COR
,,19C068954,02:02:55 08/03/19,l,Alarm Call,2,1039 W SIXTH ST; MIGUELS JR 2,COR
,,19C068955,02:34:45 08/03/19,l,Area Check,3,567 VIEWPOINTE CIR,COR
,,19C068958,02:48:40 08/03/19,f,ZZAllergies,1,1466 CAMELOT DR,COR
,,19C068960,02:57:23 08/03/19,f,ZZBreathing,1,1203 W SIXTH ST # 32; FLAMINGO MHP,COR
,,19C068962,03:06:46 08/03/19,f,ZZSick,4,1203 W SIXTH ST; TEST,COR
,,19C068963,03:13:34 08/03/19,l,Alarm Call,2,4230 GREEN RIVER RD ;US LAW CENTER,COR
,,19C068964,03:24:49 08/03/19,l,Traffic Stop,4,N MCKINLEY ST & 91 WB ON RAMP,COR
,,19C068966,03:33:10 08/03/19,l,Ped Check,4,W FIFTH ST & SIERRA VISTA ST,COR
,,19C068967,03:37:13 08/03/19,l,Patrol Info,4,1280 KELLEY AVE,COR
,,19C068968,03:47:21 08/03/19,l,Traffic Stop,4,N MCKINLEY ST & SHOPPING CENTER,COR
,,19C068969,03:48:16 08/03/19,l,Traffic Stop,4,N LINCOLN AVE & W RINCON ST,COR
,,19C068971,04:04:16 08/03/19,l,Vehicle Check,4,624 W SIXTH ST,COR
,,19C068972,04:16:19 08/03/19,l,Alarm Call,2,2316 MCMACKIN DR,COR
,,19C068973,04:30:52 08/03/19,l,Assist Othr Dpt,3,407 E EIGHTH ST,COR
,,19C068974,04:47:50 08/03/19,l,Alarm Call,2,1150 W TENTH ST; CORONA HIGH SCHOOL,COR
,,19C068975,04:50:58 08/03/19,l,Traffic Stop,4,E THIRD ST & S MAIN ST,COR
,,19C068976,04:59:57 08/03/19,l,Welfare Check,2,728 LA CUMBRE ST,COR
,,19C068977,05:00:46 08/03/19,l,911 Hangup,2,3210 S MAIN ST,COR
,,19C068978,05:05:30 08/03/19,l,911 Hangup,2,545 ALCOA CIR,COR
,,19C068979,05:44:22 08/03/19,l,Hazard,3,E ONTARIO AVE & RIMPAU AVE,COR
,,19C068981,06:23:27 08/03/19,lf,Man Down,1,S PROMENADE AVE & BENTLEY DR,COR
,,19C068982,07:07:51 08/03/19,l,Alarm Call,2,1425 MARIPOSA DR,COR
,,19C068983,07:22:11 08/03/19,l,Patrol Info,4,815 S SHERMAN AVE; CHURCH OF CHRIST,COR
,,19C068984,07:24:16 08/03/19,l,Property Check,4,650 S MAIN ST; CITY LIBRARY,COR
,,19C068985,07:26:09 08/03/19,l,Property Check,4,200 N LINCOLN AVE; MOTEL 6,COR
,,19C068987,07:29:55 08/03/19,l,Property Check,4,382 N SMITH AVE; CURRIE ENTERPRISES INC,COR
,,19C068988,07:36:04 08/03/19,l,Alarm Call,2,355 N SHERMAN AVE,COR
,,19C068989,07:37:11 08/03/19,l,911 Hangup,2,770 PUBLIC SAFETY WAY,COR
,,19C068990,08:01:30 08/03/19,l,911 Hangup,2,1143 W TENTH ST,COR
,,19C068991,08:12:41 08/03/19,l,Comm Policing,4,THE CROSSINGS,COR
,,19C068992,08:18:33 08/03/19,f,ZZFall,1,2300 S MAIN ST # 226; VALENCIA TERRACE,COR
,,19C068993,08:21:15 08/03/19,l,Comm Burg Past,4,315 S MAIN ST; WIENERSCHNITZEL,COR
,,19C068994,08:21:51 08/03/19,l,Alarm Call,2,2275 S MAIN ST; #100,COR
,,19C068995,08:22:39 08/03/19,l,Property Check,4,1900 AVIATION DR; CORONA AIRPORT,COR
,,19C068996,08:24:26 08/03/19,l,Auto Theft Past,3,1427 CALL WAY,COR
,,19C068998,08:28:51 08/03/19,l,Property Check,4,290 CORPORATE TERRACE CIR; KANDB ELECTRIC LLC,COR
,,19C069000,08:33:06 08/03/19,l,Stranded Veh,3,1888 FAIRVIEW DR,COR
,,19C069001,08:34:15 08/03/19,l,Abandoned Veh,4,STAGECOACH RD & CORYDON ST,COR
,,19C069003,08:35:19 08/03/19,l,Alarm Call,2,143 BUSINESS CENTER DR; OAKIT INC,COR
,,19C069004,08:38:49 08/03/19,l,Petty Theft P,4,680 N LAKESIDE PL # 208,COR
,,19C069005,08:51:37 08/03/19,l,Property Check,4,1285 MAGNOLIA AVE; LOWES,COR
,,19C069006,08:59:37 08/03/19,l,911 Hangup,2,935 N MCKINLEY ST,COR
,,19C069007,09:05:44 08/03/19,f,ZZBreathing,1,2432 EMERSON CIR,COR
,,19C069008,09:07:57 08/03/19,l,911 Hangup,2,110 W UPPER DR,COR
,,19C069009,09:08:29 08/03/19,f,ZZSick,1,1400 CIRCLE CITY DR; #33A,COR
,,19C069010,09:09:05 08/03/19,l,Comm Policing,4,2519 TUSCANY ST; ROSS DRESS FOR LESS 757 AT THE CROSSINGS,COR
,,19C069012,09:13:41 08/03/19,l,Suspicious Circ,3,165 N MCKINLEY ST; DENNYS RESTAURANT 6590 AT LOS ARCOS,COR
,,19C069011,09:14:50 08/03/19,l,Welfare Check,2,520 RICHEY ST # 212,COR
,,19C069013,09:17:56 08/03/19,f,ZZFwy Acc w/ inj,1,15 NB MAGNOLIA HIDDEN VALLEY,COR
,,19C069014,09:24:04 08/03/19,l,Traffic Stop,4,RIVER RD & SPRINGBROOK ST,COR
,,19C069015,09:27:48 08/03/19,l,Property Check,4,3555 GRAND OAKS,COR
,,19C069016,09:30:24 08/03/19,l,Disturb Peace,3,615 RICHEY ST; PROMENADE PARK,COR
,,19C069018,09:42:28 08/03/19,l,911 Hangup,2,585 REDWING DR; PHASE 1,COR
,,19C069020,09:44:18 08/03/19,l,911 Hangup,2,209 E BLAINE ST,COR
,,19C069021,09:51:20 08/03/19,l,911 Hangup,2,209 E BLAINE ST,COR
,,19C069022,09:51:49 08/03/19,l,911 Hangup,2,3210 S MAIN ST,COR
,,19C069023,09:55:31 08/03/19,l,Traffic Stop,4,200 HIDDEN VALLEY PKWY,NOR
,,19C069024,09:59:24 08/03/19,l,Property Check,4,800 S MAIN ST; CORONA REGIONAL MEDICAL CENTER,COR
,,19C069025,09:59:47 08/03/19,l,Patrol Info,4,3510 CORBETT ST,COR
,,19C069026,10:06:09 08/03/19,f,ZZBurns,1,1456 NORFOLK ST,COR
,,19C069027,10:11:03 08/03/19,l,Domestic Distur,2,800 S MAIN ST; CORONA REGIONAL MEDICAL CENTER,COR
,,19C069028,10:14:51 08/03/19,l,Alarm Call,2,937 FERNDALE DR,COR
,,19C069030,10:17:48 08/03/19,l,Property Check,4,1285 W NINTH ST,COR
,,19C069031,10:22:46 08/03/19,l,CMC Violation,4,110 W UPPER DR; CFD 6; FLOWER VENDOR,COR
,,19C069032,10:24:41 08/03/19,l,CMC Violation,4,S MAIN ST & MOUNTAIN GATE DR; FLOWER VENDOR,COR
,,19C069033,10:24:54 08/03/19,l,Alarm Call,2,3016 CORAL ST;SHROPSHALL RESIDENCE,COR
,,19C069034,10:26:23 08/03/19,f,ZZBreathing,1,111 W HARRISON ST; ONE ELEVEN APTS,COR
,,19C069035,10:28:10 08/03/19,l,Missing Return,3,911 COTTONWOOD CT,COR
,,19C069036,10:30:15 08/03/19,l,Standby,4,1635 KELLOGG AVE; KELLOGG PARK TO THE REAR BY THE CANAL,COR
,,19C069037,10:32:04 08/03/19,l,Property Check,4,400 PENROSE DR,COR
,,19C069038,10:33:42 08/03/19,l,Property Check,4,480 N MCKINLEY ST,COR
,,19C069039,10:36:43 08/03/19,l,Property Check,4,200 N LINCOLN AVE; MOTEL 6,COR
,,19C069040,10:39:17 08/03/19,l,Panhand/Solicit,3,1193 MAGNOLIA AVE,COR
,,19C069041,10:42:05 08/03/19,l,Hazard,2,E MONTEREY RD & KELLOGG AVE,COR
,,19C069042,10:46:42 08/03/19,l,Property Check,4,1002 W ONTARIO AVE; CHILDRENS CHURCH INC,COR
,,19C069043,10:48:58 08/03/19,l,Patrol Info,4,HIDDEN VALLEY PKWY & 15 NB ON RAMP,COR
,,19C069044,10:53:05 08/03/19,l,Property Check,4,321 W RINCON ST;ARTISAN APTS,COR
,,19C069045,10:53:46 08/03/19,l,Traffic Stop,4,1731 POMONA RD,COR
,,19C069046,11:04:00 08/03/19,l,Alarm Call,2,2773 SWEET RAIN CIR,COR
,,19C069047,11:04:21 08/03/19,l,Property Check,4,2355 COMPTON AVE; LA FITNESS,COR
,,19C069049,11:06:46 08/03/19,lf,Accident Inj,1,N MAIN ST & E GRAND BLVD,COR
,,19C069050,11:07:41 08/03/19,l,Property Check,4,399 AMERICAN CIR,COR
,,19C069051,11:11:52 08/03/19,l,Welfare Check,2,123 W TENTH ST,COR
,,19C069053,11:22:20 08/03/19,lf,Accident Inj,1,S BUENA VISTA AVE & W SEVENTH ST,COR
,,19C069055,11:29:40 08/03/19,l,Property Check,4,185 MAGNOLIA AVE; LEE POLLARD HIGH SCHOOL,COR
,,19C069056,11:29:44 08/03/19,l,Property Check,4,120 W ONTARIO AVE,COR
,,19C069057,11:39:12 08/03/19,l,Property Check,4,5281 GREEN RIVER RD,COR
,,19C069058,11:42:03 08/03/19,l,H&S Violation,3,1139 DESERT WILLOW LN,COR
,,19C069060,11:44:20 08/03/19,l,Traffic Stop,4,GREEN RIVER RD & RIDGELINE DR,COR
,,19C069061,11:45:40 08/03/19,l,Traffic Stop,4,MASTERS DR & VIA MIGUEL ST,COR
,,19C069062,11:49:22 08/03/19,l,Grand Theft,2,796 E HARRISON ST; MEBOON LLC,COR
,,19C069063,12:04:12 08/03/19,l,Alarm Call,2,980 MONTECITO DR;#109,COR
,,19C069065,12:11:08 08/03/19,l,Property Check,4,2785 CABOT DR,COR
,,19C069067,12:13:42 08/03/19,l,Hit Run No Inj,2,N MAIN ST & E GRAND BLVD; RP FOLLOWING,COR
,,19C069069,12:35:07 08/03/19,l,Patrol Info,4,E ONTARIO AVE & COMPTON AVE,COR
,,19C069070,12:42:25 08/03/19,l,Suspicious Circ,3,204 E SIXTH ST; BANK OF AMERICA,COR
,,19C069072,12:45:32 08/03/19,f,ZZFWY Faint,1,15 NB MAGNOLIA HIDDEN VALLEY,COR
,,19C069073,12:46:47 08/03/19,l,Alarm Call,2,400 E PARKRIDGE AVE;#102;MARWAH CORPORATION,COR
,,19C069075,12:47:49 08/03/19,l,Disturb Peace,3,224 E FOURTH ST; LL CONT,COR
,,19C069076,12:48:31 08/03/19,l,Auto Theft Past,3,479 N MCKINLEY ST; WALMART,COR
,,19C069077,12:51:01 08/03/19,l,Property Check,4,301 S LINCOLN AVE,COR
,,19C069079,12:54:40 08/03/19,f,ZZBreathing,1,1358 W SIXTH ST # 101; CORONA FAMILY DENTAL GROUP,COR
,,19C069080,13:01:26 08/03/19,f,ZZMedical Alert,1,1925 AZTEC LN,COR
,,19C069081,13:02:47 08/03/19,l,Ill Parked Veh,4,161 TAMARACK DR,COR
,,19C069082,13:05:12 08/03/19,l,Alarm Call,2,809 E PARKRIDGE AVE,COR
,,19C069083,13:05:51 08/03/19,l,Property Check,4,2355 COMPTON AVE; LA FITNESS,COR
,,19C069084,13:08:02 08/03/19,l,911 Hangup,2,1210 MAGNOLIA AVE,COR
,,19C069085,13:08:17 08/03/19,l,Accident,2,GRIFFIN WAY & N MCKINLEY ST,COR
,,19C069086,13:12:26 08/03/19,l,Property Check,4,400 S VICENTIA AVE; CITY HALL,COR
,,19C069087,13:16:55 08/03/19,lf,Man Down,1,MAGNOLIA AVE & RIMPAU AVE,COR
,,19C069089,13:20:43 08/03/19,l,Assist Othr Dpt,3,631 REDONDO LN ;ATL 601- ENDANGERED FOR CHINO PD,COR
,,19C069091,13:27:19 08/03/19,f,ZZCommrcal Alrm,1,3754 HARVILL LN,HGS
,,19C069092,13:29:36 08/03/19,l,911 Hangup,2,2329 MCMACKIN DR,COR
,,19C069093,13:30:50 08/03/19,l,Patrol Info,4,788 SPRINGWOOD ST; MEADOWOOD APARTMENTS TENANTSINCOMMON,COR
,,19C069094,13:37:26 08/03/19,f,ZZSick,1,650 S LINCOLN AVE # 104; HOME LAUNDROMAT,COR
,,19C069096,13:47:53 08/03/19,l,Disturb Peace,3,341 S LINCOLN AVE;#I,COR
,,19C069097,13:55:58 08/03/19,l,911 Hangup,2,268 N LINCOLN AVE,COR
,,19C069099,13:59:12 08/03/19,l,Defraud Inkpr P,4,1015 MONTECITO DR ;204,COR
,,19C069101,14:00:40 08/03/19,l,Area Check,2,S LINCOLN AVE & 91 WB ON RAMP;242DV,COR
,,19C069102,14:00:57 08/03/19,l,Traffic Stop,4,VIA DEL RIO & AVENIDA DEL VISTA,COR
,,19C069103,14:01:05 08/03/19,l,Petty Theft P,4,1402 E ONTARIO AVE; ARCO AMPM AT IN AND OUT CENTER,COR
,,19C069104,14:01:06 08/03/19,f,ZZSick,1,3127 PINEHURST DR,COR
,,19C069105,14:05:17 08/03/19,f,ZZPublicSrvceF,2,7347 CALICO CIR,ELC
,,19C069106,14:07:00 08/03/19,l,Vandalism Past,4,3035 PALISADES DR; SIDS CARPET BARN INC,COR
,,19C069107,14:08:30 08/03/19,l,911 Hangup,2,1181 CALIFORNIA AVE,COR
,,19C069109,14:11:55 08/03/19,l,Traffic Stop,4,301 S LINCOLN AVE,COR
,,19C069111,14:13:53 08/03/19,f,ZZFwy Veh Fire,1,91 WB MCKINLEY MAIN,COR
,,19C069114,14:20:46 08/03/19,l,Alarm Call,2,1300 SAN PONTE RD,COR
,,19C069115,14:22:25 08/03/19,l,Petty Theft P,4,1460 LABRADOR CIR; LL CONT,COR
,,19C069116,14:31:23 08/03/19,l,Patrol Info,4,2252 LOCHNESS CIR,COR
,,19C069117,14:32:44 08/03/19,l,Alarm Call,2,1145 NICK CIR,COR
,,19C069118,14:33:54 08/03/19,l,Area Check,3,HIDDEN VALLEY PKWY & N PARKRIDGE AVE,COR
,,19C069121,14:41:43 08/03/19,l,Traffic Stop,4,735 N MAIN ST,COR
,,19C069122,14:48:17 08/03/19,l,Susp Vehicle,3,930 E SIXTH ST; CITY PARK POOL,COR
,,19C069124,14:51:25 08/03/19,l,Patrol Info,4,371 ELIZABETH LN; SK8BOARDERS,COR
,,19C069126,14:53:58 08/03/19,l,Found Property,4,1825 W SIXTH ST; SHELL GAS,COR
,,19C069127,15:01:34 08/03/19,l,911 Hangup,2,250 BENJAMIN DR; USU MANAGEMENT COMPANY,COR
,,19C069128,15:10:02 08/03/19,lf,Man Down,1,RIMPAU AVE & MAGNOLIA AVE,COR
,,19C069129,15:10:36 08/03/19,l,Disturb Peace,3,3061 MANCHESTER CIR,COR
,,19C069130,15:13:52 08/03/19,l,Alarm Call,2,937 SAVI DR,COR
,,19C069132,15:18:35 08/03/19,l,Property Check,4,1160 E ONTARIO AVE,COR
,,19C069133,15:23:04 08/03/19,l,Property Check,4,1355 E ONTARIO AVE,COR
,,19C069135,15:25:48 08/03/19,l,Solicitor,3,1290 E ONTARIO AVE; WALMART,COR
,,19C069136,15:27:59 08/03/19,l,Property Check,4,1150 PASEO GRANDE; CESAR CHAVEZ ELEMENTARY SCHOOL,COR
,,19C069137,15:29:35 08/03/19,l,Area Check,3,HARRINGTON ST & WILLOWCREEK DR,COR
,,19C069138,15:30:23 08/03/19,l,Alarm Call,2,1780 ROCKCREST DR,COR
,,19C069139,15:31:40 08/03/19,l,Ped Check,4,CALIFORNIA AVE & E ONTARIO AVE,COR
,,19C069142,15:38:15 08/03/19,l,Assist Othr Dpt,3,920 BAYBERRY DR; SBSO,COR
,,19C069144,15:56:13 08/03/19,l,Property Check,4,175 E ONTARIO AVE,COR
,,19C069145,15:57:12 08/03/19,l,Property Check,4,1800 EAGLE GLEN PKWY; EAGLE GLEN GOLF CLUB,COR
,,19C069146,16:02:38 08/03/19,l,Patrol Info,4,W SIXTH ST & AVENIDA DEL VISTA ;23152,COR
,,19C069147,16:09:48 08/03/19,l,Property Check,4,800 S MAIN ST; CORONA REGIONAL MEDICAL CENTER,COR
,,19C069148,16:11:25 08/03/19,l,Area Check,3,2071 COMPTON AVE # 102; VISTA MEDICAL,COR
,,19C069149,16:12:30 08/03/19,l,Accident,2,W SEVENTH ST & W GRAND BLVD,COR
,,19C069150,16:12:53 08/03/19,l,Battery,1,CORYDON ST & W RINCON ST,COR
,,19C069151,16:19:26 08/03/19,l,Area Check,2,RIVER RD & N LINCOLN AVE;415PHY,COR
,,19C069152,16:28:35 08/03/19,l,Vehicle Check,4,1300 W FOOTHILL PKWY,COR
,,19C069153,16:29:44 08/03/19,l,Property Check,4,479 N MCKINLEY ST; WALMART,COR
,,19C069155,16:35:12 08/03/19,l,Test,4,730 PUBLIC SAFETY WAY,COR
,,19C069157,16:38:12 08/03/19,l,Assist Othr Dpt,3,MINNESOTA RD & QUEBEC AVE,ELC
,,19C069158,16:39:07 08/03/19,l,Citizen Contact,3,730 PUBLIC SAFETY WAY; CORONA POLICE,COR
,,19C069159,16:39:42 08/03/19,l,Loud Noise,3,829 W NINTH ST,COR
,,19C069161,16:42:09 08/03/19,l,911 Hangup,2,1390 E ONTARIO AVE,COR
,,19C069163,16:46:54 08/03/19,l,Traffic Stop,4,N LINCOLN AVE & W RINCON ST,COR
,,19C069165,16:49:41 08/03/19,l,911 Hangup,2,1943 STARFIRE AVE,COR
,,19C069166,16:49:55 08/03/19,l,Traffic Stop,4,535 N MCKINLEY ST; VONS,COR
,,19C069167,16:56:46 08/03/19,l,911 Hangup,2,1672 SUTTER LN,COR
,,19C069168,16:58:10 08/03/19,l,Assist Othr Dpt,3,967 HORATIO AVE;CHECK AND ADV FOR SBY,COR
,,19C069169,17:01:16 08/03/19,l,911 Hangup,2,1943 STARFIRE AVE,COR
,,19C069170,17:01:56 08/03/19,l,Traffic Stop,4,PROMENADE AVE & EATON ST,COR
,,19C069171,17:05:56 08/03/19,l,Traffic Stop,4,1530 W SIXTH ST,COR
,,19C069172,17:06:55 08/03/19,l,911 Hangup,2,1943 STARFIRE AVE,COR
,,19C069173,17:08:03 08/03/19,l,911 Hangup,2,1672 SUTTER LN,COR
,,19C069174,17:10:46 08/03/19,l,911 Hangup,2,1672 SUTTER LN,COR
,,19C069175,17:13:36 08/03/19,l,Ped Check,4,615 S MAIN ST,COR
,,19C069176,17:14:01 08/03/19,l,Traffic Stop,4,123 S BUENA VISTA AVE,COR
,,19C069177,17:17:27 08/03/19,l,Area Check,3,W ONTARIO AVE & OAK AVE;POSS HAZARD,COR
,,19C069179,17:19:37 08/03/19,l,911 Hangup,2,2280 E TREEMONT PL; #206,COR
,,19C069180,17:20:05 08/03/19,l,Assist Othr Dpt,3,1330 MAGNOLIA AVE; ACO,COR
,,19C069181,17:20:39 08/03/19,l,Alarm Call,2,1654 MELODY CIR,COR
,,19C069183,17:28:56 08/03/19,l,911 Hangup,2,526 MAGNOLIA AVE,COR
,,19C069184,17:29:52 08/03/19,l,911 Hangup,2,1400 NICHOLAS PL,COR
,,19C069185,17:33:24 08/03/19,l,911 Hangup,2,526 MAGNOLIA AVE,COR
,,19C069187,17:40:24 08/03/19,l,Citizen Contact,3,2700 RIDGELINE DR # 303,COR
,,19C069189,17:43:54 08/03/19,l,Follow Up,4,1920 NICE DR # 104,COR
,,19C069193,17:54:04 08/03/19,l,Alarm Call,2,4016 CROWN RANCH RD,COR
,,19C069194,17:54:23 08/03/19,l,911 Hangup,2,1943 STARFIRE AVE,COR
,,19C069196,17:56:14 08/03/19,l,911 Hangup,2,1418 VALLEJO DR,COR
,,19C069197,18:00:18 08/03/19,l,911 Hangup,2,1943 STARFIRE AVE;PHS2,COR
,,19C069199,18:05:44 08/03/19,l,Disturb Peace P,4,1460 SHADOWGLEN WAY,COR
,,19C069201,18:07:00 08/03/19,l,911 Hangup,2,1943 STARFIRE AVE;PHS2,COR
,,19C069202,18:10:24 08/03/19,l,911 Hangup,2,1672 SUTTER LN;PHS2,COR
,,19C069203,18:11:03 08/03/19,f,ZZSick,1,1215 D ST; #B104,COR
,,19C069206,18:12:54 08/03/19,l,Disturb Peace P,4,799 GIANNI DR # 208;LL CONT,COR
,,19C069207,18:12:58 08/03/19,f,ZZFwy Acc w/ inj,1,15 SB HIDDEN VALLEY MAGNOLIA,COR
,,19C069208,18:25:01 08/03/19,lf,Accident Inj,1,EL CERRITO RD & TEMESCAL CANYON RD,ELC
,,19C069210,18:31:53 08/03/19,l,Assist Othr Dpt,3,3236 BRAEMAR LN;CPS 87 LOMA LINDA ER BED 10,COR
,,19C069211,18:33:43 08/03/19,l,Area Check,3,W PARKRIDGE AVE & N LINCOLN AVE ;HAZARD,COR
,,19C069212,18:35:56 08/03/19,f,ZZSick,1,19654 TEMESCAL CANYON RD,ELC
,,19C069213,18:38:25 08/03/19,l,911 Hangup,2,2585 S MAIN ST,COR
,,19C069214,18:42:25 08/03/19,l,Property Check,4,550 HIDDEN VALLEY PKWY; STATER BROS MARKETS,COR
,,19C069216,18:46:50 08/03/19,l,Dist/Verbal,2,1107 W SIXTH ST; WSS SHOES,COR
,,19C069218,18:50:19 08/03/19,l,Follow Up,4,730 PUBLIC SAFETY WAY; CORONA POLICE,COR
,,19C069220,18:55:21 08/03/19,l,Disturb Peace,3,2661 GREEN RIVER RD; RALPHS,COR
,,19C069221,18:55:33 08/03/19,l,Patrol Info,4,MAGNOLIA AVE & 15 SB ON RAMP,COR
,,19C069222,18:57:13 08/03/19,l,Traffic Stop,4,N LINCOLN AVE & W RINCON ST,COR
,,19C069223,19:05:16 08/03/19,l,911 Hangup,2,1943 STARFIRE AVE,COR
,,19C069225,19:10:46 08/03/19,l,Ped Check,4,ELLIS ST & MAGNOLIA AVE,HGS
,,19C069227,19:11:39 08/03/19,l,H&S Violation,3,1250 SANTANA WAY;CITRUS PARK,COR
,,19C069228,19:12:22 08/03/19,f,ZZ Fire Test,2,15 SB ONTARIO EL CERRITO,ELC
,,19C069229,19:16:01 08/03/19,l,911 Hangup,2,1200 S MERRILL ST,COR
,,19C069231,19:18:35 08/03/19,l,911 Hangup,2,209 E BLAINE ST,COR
,,19C069232,19:19:01 08/03/19,l,911 Hangup,2,1921 DAVIS ST,COR
,,19C069233,19:21:13 08/03/19,l,Follow Up,4,2531 INDEPENDENCE WAY,COR
,,19C069234,19:24:56 08/03/19,l,Petty Theft P,4,1550 E ONTARIO AVE; LL CONT SHELL GAS,COR
,,19C069235,19:29:18 08/03/19,l,911 Hangup,2,1230 S MAIN ST; CORONA FUNDAMENTAL INTERMEDIATE SCHOOL,COR
,,19C069236,19:30:40 08/03/19,l,Special Detail,4,2500 CABOT DR ;DOS LAGOS SHOPPING CNTER,COR
,,19C069237,19:30:58 08/03/19,l,Assist Othr Dpt,3,EAGLE GLEN PKWY & CAJALCO RD;CHK AND ADV FOR STREETS,COR
,,19C069238,19:37:57 08/03/19,l,Z-Animal Svcs,4,SNOWBIRD LN & TAYLOR AVE,COR
,,19C069240,19:42:58 08/03/19,l,Loud Noise,3,1073 REGINA WAY,COR
,,19C069241,19:43:35 08/03/19,f,ZZSick,1,3349 DEAVER DR,COR
,,19C069242,19:47:25 08/03/19,l,911 Hangup,2,1943 STARFIRE AVE,COR
,,19C069243,19:48:18 08/03/19,l,Shots Heard,3,W ONTARIO AVE & MANZANITA RD,COR
,,19C069244,19:54:20 08/03/19,lf,Overdose,1,2355 COMPTON AVE; LA FITNESS,COR
,,19C069246,19:56:22 08/03/19,l,911 Hangup,2,2056 ADOBE AVE,COR
,,19C069247,19:56:26 08/03/19,l,Welfare Check,2,347 N GRANT AVE,COR
,,19C069248,20:00:04 08/03/19,l,911 Hangup,2,SAPPHIRE LN & JADESTONE LN,COR
,,19C069249,20:00:19 08/03/19,l,911 Hangup,2,615 RICHEY ST; PROMENADE PARK,COR
,,19C069250,20:09:35 08/03/19,l,Walk Away,3,800 S MAIN ST; CORONA REGIONAL MEDICAL CENTER,COR
,,19C069252,20:17:12 08/03/19,l,Loud Party,3,745 BEVERLY RD,COR
,,19C069253,20:30:37 08/03/19,l,Welfare Check,2,1518 KELLOGG AVE;242DV,COR
,,19C069257,20:34:32 08/03/19,l,Fire Code Vio,4,1005 MARGARITA DR; CONTADORA APTS,COR
,,19C069258,20:34:37 08/03/19,l,Property Check,4,440 RIVER RD # I; J AND M MARKET,COR
,,19C069259,20:36:49 08/03/19,f,ZZDumpster Fire,1,2700 RIDGELINE DR # 108 ;SIERRA DEL ORO APTS,COR
,,19C069260,20:38:58 08/03/19,l,Susp Person,3,3833 BEDFORD CANYON RD # C103; SUNRISE GRIND,COR
,,19C069262,20:40:23 08/03/19,l,Traffic Stop,4,TEMESCAL & SIXTH ST,NOR
,,19C069263,20:40:38 08/03/19,l,911 Hangup,2,E GRAND BLVD & E THIRD ST,COR
,,19C069264,20:43:21 08/03/19,l,911 Hangup,2,16832 GOLDEN BLUFF LOOP,LHS
,,19C069265,20:45:00 08/03/19,l,Fire Code Vio,4,E GRAND BLVD & E THIRD ST,COR
,,19C069267,20:45:49 08/03/19,l,Susp Person,3,1288 BORDER AVE,COR
,,19C069269,20:48:32 08/03/19,l,Welfare Check,2,758 YORKSHIRE WAY,COR
,,19C069270,20:48:53 08/03/19,l,911 Hangup,2,120 W PARKRIDGE AVE; WALGREENS 07591 AT NORTH MAIN PLAZA,COR
,,19C069271,20:49:34 08/03/19,l,Area Check,3,MAGNOLIA AVE & S NEECE ST,COR
,,19C069272,20:49:54 08/03/19,l,Disturb Peace,3,120 W PARKRIDGE AVE; WALGREENS 07591 AT NORTH MAIN PLAZA,COR
,,19C069273,20:50:12 08/03/19,f,ZZSeizure,1,1272 AMARYLLIS WAY,COR
,,19C069275,20:53:40 08/03/19,l,Drunk In Public,2,2575 GREEN RIVER RD; SERFAS CLUB PARK,COR
,,19C069276,20:56:13 08/03/19,l,Alarm Call,2,1214 MAGNOLIA AVE ; #101 tutor time,COR
,,19C069277,20:58:45 08/03/19,l,Patrol Info,4,E SIXTH ST & RIMPAU AVE,COR
,,19C069278,21:00:05 08/03/19,l,Dom Disturb P,3,211 W RINCON ST # 202; ARTISAN APTS,COR
,,19C069279,21:02:19 08/03/19,f,ZZSick,1,725 S MAIN ST; 99 CENT STORE,COR
,,19C069280,21:04:50 08/03/19,l,Hazard,3,2240 COMPTON AVE; UNOCAL GAS,COR
,,19C069284,21:11:56 08/03/19,l,Traffic Stop,4,COLLETT AVE & PROMENADE AVE,COR
,,19C069287,21:21:46 08/03/19,lf,Cardiac Arrest,1,960 BURR ST,COR
,,19C069288,21:23:02 08/03/19,f,ZZBreathing,1,1055 BEVERLY RD,COR
,,19C069291,21:27:29 08/03/19,l,Traffic Stop,4,WELLESLEY DR & PROMENADE AVE,COR
,,19C069295,21:29:46 08/03/19,l,H/R Coll Past,4,N MAIN ST & W RINCON ST,COR
,,19C069298,21:36:40 08/03/19,l,Accident,2,PROMENADE AVE & TRADEWIND PL,COR
,,19C069301,21:41:04 08/03/19,l,Area Check,3,E SIXTH ST & RIMPAU AVE,COR
,,19C069302,21:41:26 08/03/19,l,911 Hangup,2,2033 CALIFORNIA AVE;ABAN PHS1,COR
,,19C069303,21:43:07 08/03/19,l,Patrol Info,4,1202 MULBERRY LN,COR
,,19C069307,21:46:18 08/03/19,l,Patrol Info,4,3991 S MAIN ST,COR
,,19C069308,21:46:51 08/03/19,l,Ped Check,4,E ONTARIO AVE & 15 SB OFF RAMP,COR
,,19C069309,21:48:26 08/03/19,l,Flag Down,4,CAJALCO RD & 15 NB OFF RAMP,COR
,,19C069310,21:48:55 08/03/19,l,Ped Check,4,FULLERTON AVE & SANTANA WAY,COR
,,19C069312,21:51:21 08/03/19,l,Traffic Stop,4,N LINCOLN AVE & RIVER RD,COR
,,19C069313,21:58:23 08/03/19,l,Loud Noise,3,ANISE CIR & TAMARRON DR,COR
,,19C069314,21:59:46 08/03/19,l,Alarm Call,2,235 DEININGER CIR; MEDIWASTE DISPOSAL LLC,COR
,,19C069315,22:03:52 08/03/19,l,Ped Check,4,191 N MCKINLEY ST; CHUCK E CHEESE,COR
,,19C069317,22:06:52 08/03/19,l,911 Hangup,2,19801 CARMELITA AVE,ELC
,,19C069319,22:11:01 08/03/19,l,Vehicle Check,4,2250 S MAIN ST; MISSION SURGICAL CLINIC,COR
,,19C069320,22:11:57 08/03/19,l,Follow Up,4,1550 E ONTARIO AVE; SHELL GAS,COR
,,19C069321,22:13:50 08/03/19,l,Traffic Stop,4,S MAIN ST & E THIRD ST,COR
,,19C069322,22:15:25 08/03/19,l,Traffic Stop,4,254 MARIAH CIR,COR
,,19C069323,22:19:34 08/03/19,l,Ped Check,4,13395 ESTELLE ST; PIXEL TOUCH INC,HGS
,,19C069324,22:20:35 08/03/19,l,Alarm Call,2,1395 E FOOTHILL PKWY; SANTIAGO HIGH SCHOOL,COR
,,19C069325,22:21:42 08/03/19,f,ZZFwy Acc w/ inj,1,91 EB MAIN MCKINLEY,COR
,,19C069326,22:22:53 08/03/19,l,Traffic Stop,4,PROMENADE AVE & TRADEWIND PL,COR
,,19C069329,22:23:47 08/03/19,l,Vehicle Check,4,19211 CONSUL AVE,ELC
,,19C069331,22:25:28 08/03/19,l,Loud Noise,3,2078 S VICENTIA AVE,COR
,,19C069333,22:28:31 08/03/19,l,Traffic Stop,4,N MCKINLEY ST & SHOPPING CENTER,COR
,,19C069334,22:29:27 08/03/19,l,Comm Burg I/P,2,445 WELLESLEY DR,COR
,,19C069337,22:44:12 08/03/19,l,Welfare Check,2,418 RAYMOR AVE,COR
,,19C069338,22:45:20 08/03/19,l,Dist/Verbal,3,1550 E ONTARIO AVE; SHELL GAS,COR
,,19C069339,22:46:50 08/03/19,f,ZZFall,1,815 RIVER RD; RIVER RUN SR APTS,COR
,,19C069340,22:47:24 08/03/19,l,DV-Assault,1,1164 E ST # 1-2,COR
,,19C069341,22:49:10 08/03/19,lf,Accident Unknwn,1,RAILROAD ST & VIOLET ST,COR
,,19C069345,22:54:19 08/03/19,l,Alarm Call,2,1820 RIMPAU AVE; CENTENNIAL HIGH SCHOOL,COR
,,19C069346,22:54:29 08/03/19,l,Area Check,3,PALISADES DR & GREEN RIVER RD,COR
,,19C069347,22:54:54 08/03/19,l,Susp Vehicle,3,2125 STAGECOACH DR; STAGECOACH PARK,COR
,,19C069348,22:56:14 08/03/19,l,911 Hangup,2,851 RIVER RD; RIVER RUN SR APTS,COR
,,19C069351,22:58:58 08/03/19,l,911 Hangup,2,1395 E FOOTHILL PKWY,COR
,,19C069352,22:59:59 08/03/19,l,Alarm Call,2,1941 CALIFORNIA AVE;POST OFFICE,COR
,,19C069353,23:03:04 08/03/19,l,Loud Party,3,1061 FORD ST,COR
,,19C069355,23:13:13 08/03/19,l,Ped Check,4,RIMPAU AVE & REDWOOD ST,COR
,,19C069356,23:15:22 08/03/19,l,Suspicious Circ,3,641 CHERRY ST,COR
,,19C069357,23:16:23 08/03/19,l,Traffic Stop,4,PROMENADE AVE & TRADEWIND PL,COR
,,19C069358,23:17:13 08/03/19,lf,Vegetation High,1,24980 MAITRI RD,TEM
,,19C069359,23:20:53 08/03/19,l,Traffic Stop,4,N MAIN ST & E HARRISON ST,COR
YES,'Nature' garbled text (embedded symbol),19C069360,23:23:23 08/03/19,f,ZZFaint/Uncons,1,2367 CENTENNIAL WAY; EDWARD ROBERT CONTRERAS,COR
,,19C069361,23:28:13 08/03/19,l,Fire Code Vio,4,2051 PICADILLY WAY,COR
,,19C069363,23:28:56 08/03/19,l,Fire Code Vio,4,1353 W ONTARIO AVE; ONTARIO PARK,COR
,,19C069365,23:34:17 08/03/19,l,Vehicle Check,4,930 E SIXTH ST; CITY PARK,COR
,,19C069370,23:39:16 08/03/19,f,ZZChest Pains,1,524 VENTURA AVE,COR
,,19C069372,23:40:10 08/03/19,l,911 Hangup,2,2123 SANTA INEZ ST,COR
,,19C069373,23:40:30 08/03/19,l,Assist Othr Dpt,3,E ONTARIO AVE & VESPER CIR,COR
,,19C069375,23:41:51 08/03/19,l,Loud Party,3,323 S RAMONA AVE,COR
,,19C069376,23:42:36 08/03/19,l,Suspicious Circ,3,2480 MESQUITE LN,COR
,,19C069377,23:51:14 08/03/19,f,ZZChest Pains,1,923 S RAMONA AVE,COR
,,19C069378,23:51:46 08/03/19,l,Loud Party,3,1934 FULLERTON AVE # 207;RP REQ CONT,COR
,,19C069379,23:53:28 08/03/19,l,Traffic Stop,4,MOUNTAIN GATE DR & S LINCOLN AVE,COR
,,19C069380,23:53:52 08/03/19,l,Loud Noise,3,2092 S VICENTIA AVE,COR
,,19C069381,23:56:31 08/03/19,l,Traffic Stop,4,1400 E SIXTH ST,COR
,,19C069382,00:00:43 08/04/19,l,Ped Check,4,402 CORONA MALL; HUNNYS RESTAURANTS INC AT CORONA MALL,COR
,,19C069383,00:01:31 08/04/19,l,Veh Burg I/P,2,251 DUPONT ST;WINDOW GUYS,COR
,,19C069384,00:04:07 08/04/19,l,911 Hangup,2,323 S RAMONA AVE,COR
,,19C069386,00:06:16 08/04/19,l,Loud Party,3,323 S RAMONA AVE,COR
,,19C069389,00:09:37 08/04/19,l,Loud Party,3,1014 LA COSTA DR # A204; CONTADORA CONDOS,COR
,,19C069390,00:09:45 08/04/19,l,Loud Party,3,432 YOSEMITE CIR,COR
,,19C069391,00:10:35 08/04/19,l,911 Hangup,2,S RAMONA AVE & E EIGHTH ST,COR
,,19C069392,00:14:59 08/04/19,l,Shots Heard,3,842 S SHERMAN AVE,COR
,,19C069393,00:15:02 08/04/19,l,Shots Heard,3,1255 W TENTH ST,COR
,,19C069396,00:23:13 08/04/19,l,Loud Noise,3,4883 GOLDEN RIDGE DR;MUSIC,COR
,,19C069397,00:23:26 08/04/19,l,911 Hangup,2,980 RIVERVIEW CIR,COR
,,19C069402,00:32:53 08/04/19,f,ZZChest Pains,1,103 E THIRD ST; DEL TACO,COR
,,19C069404,00:40:58 08/04/19,l,Disturb Peace,3,479 N MCKINLEY ST; WALMART;REF TO LEAVE,COR
,,19C069405,00:42:34 08/04/19,l,Traffic Stop,4,CAJALCO RD & TEMESCAL CANYON RD,COR
,,19C069406,00:42:35 08/04/19,l,Patrol Info,4,E FOOTHILL PKWY & S MAIN ST,COR
,,19C069408,00:47:03 08/04/19,l,Resid Burg Past,4,1337 W EIGHTH ST # G,COR
,,19C069409,00:49:16 08/04/19,l,Traffic Stop,4,2296 GRIFFIN WAY; JACK IN THE BOX,COR
,,19C069410,00:49:53 08/04/19,l,Area Check,3,E ONTARIO AVE & COMPTON AVE ; POSS 23152,COR
,,19C069411,00:52:36 08/04/19,l,911 Hangup,2,1150 W TENTH ST,COR
,,19C069412,00:52:51 08/04/19,l,Susp Person,3,1017 W CRESTVIEW ST,COR
,,19C069414,00:58:32 08/04/19,f,ZZFwy Sick,1,15 SB EL CERRITO CAJALCO,COR
,,19C069417,01:06:18 08/04/19,l,Traffic Stop,4,N LINCOLN AVE & POMONA RD,COR
,,19C069418,01:07:19 08/04/19,l,Loud Party,3,751 RAPHAEL CIR,COR
,,19C069419,01:13:32 08/04/19,l,Traffic Stop,4,N LINCOLN AVE & RIVER RD,COR
,,19C069420,01:14:19 08/04/19,l,Traffic Stop,4,91 WB LINCOLN MAPLE,COR
,,19C069422,01:26:09 08/04/19,l,Loud Party,3,420 S VICTORIA AVE,COR
,,19C069423,01:26:16 08/04/19,l,Alarm Call,2,725 E HARRISON ST # B; TNT PLASTIC MOLDING,COR
,,19C069425,01:33:44 08/04/19,l,Traffic Stop,4,15 SB OFF RAMP & WEIRICK RD,COR
,,19C069427,01:38:17 08/04/19,l,Area Check,3,WINSLOW DR & GILMORE DR;POSS 1182,COR
,,19C069428,01:38:50 08/04/19,l,Traffic Stop,4,4100 WINDSPRING ST,COR
,,19C069429,01:39:34 08/04/19,l,Hit Run No Inj,2,1122 E GRAND BLVD,COR
,,19C069430,01:44:33 08/04/19,l,Comm Burg I/P,2,1950 COMPTON AVE # 105; 2 TAC CORPORATION,COR
,,19C069431,02:01:38 08/04/19,l,Dist/Physical,1,2820 WYCLIFFE ST,COR
,,19C069432,02:13:58 08/04/19,l,911 Hangup,2,881 CORSICA DR,COR
,,19C069433,02:23:55 08/04/19,l,Alarm Call,2,191 BUSINESS CENTER DR,COR
,,19C069437,02:31:36 08/04/19,l,Loud Noise,3,420 S VICTORIA AVE;LOUD MUSIC,COR
,,19C069438,02:33:32 08/04/19,f,ZZSeizure,1,2980 GARRETSON AVE,COR
,,19C069439,02:58:05 08/04/19,l,Property Check,4,440 RIVER RD # I; J AND M MARKET,COR
,,19C069440,03:04:51 08/04/19,l,Ped Check,4,CORYDON ST & CHESAPEAKE WAY,COR
,,19C069441,03:06:24 08/04/19,l,Vandalism,3,1148 D ST; CORONA DEL REY APTS,COR
,,19C069442,03:14:02 08/04/19,l,Patrol Info,4,4901 GREEN RIVER RD,COR
,,19C069445,03:24:02 08/04/19,f,ZZFwy UnkInjury,1,91 WB AUTO CENTER 71,RVC
,,19C069446,03:25:08 08/04/19,l,Traffic Stop,4,W SIXTH ST & HARRIS ST,COR
,,19C069447,03:35:56 08/04/19,l,Ped Check,4,1100 W SIXTH ST,COR
,,19C069448,03:37:24 08/04/19,l,911 Hangup,2,815 W SIXTH ST,COR
,,19C069450,03:43:51 08/04/19,l,Domestic Distur,2,2115 HIGHPOINTE DR,COR
,,19C069451,03:57:44 08/04/19,l,911 Hangup,2,802 RAILROAD ST,COR
,,19C069453,04:08:48 08/04/19,l,Domestic Distur,2,1774 CINDY CT,COR
,,19C069454,04:15:38 08/04/19,l,911 Hangup,2,1230 S MAIN ST,COR
,,19C069455,04:28:06 08/04/19,l,CMC Violation,4,624 E GRAND BLVD # A; DRIVERS CHOICE,COR
,,19C069456,04:34:27 08/04/19,f,ZZCarbon Alarm,2,1056 MCCALL DR,COR
,,19C069457,04:57:30 08/04/19,lf,Domestic Distur,2,441 PIKE DR,COR
,,19C069458,05:32:07 08/04/19,l,Unknown Problem,1,W SIXTH ST & PASEO GRANDE,COR
,,19C069459,05:33:27 08/04/19,l,911 Hangup,2,2721 GREEN RIVER RD,COR
,,19C069463,05:44:57 08/04/19,l,Test,4,N COTA ST & RAILROAD ST,COR
,,19C069465,05:55:47 08/04/19,l,Alarm Call,2,988 W ONTARIO AVE; NORTHPOINT EVANGELICAL FREE CHURCH,COR
,,19C069468,06:23:03 08/04/19,l,Reckless Driver,3,PROMENADE AVE & COLLETT AVE,COR
,,19C069469,06:25:44 08/04/19,l,Alarm Call,2,1261 CELERY LN,COR
,,19C069471,06:53:39 08/04/19,l,Susp Person,3,1315 MAGNOLIA AVE; CHEVRON,COR
,,19C069472,06:55:03 08/04/19,l,911 Hangup,2,3950 S MAIN ST; ATT TOWER,COR
,,19C069473,06:56:26 08/04/19,f,ZZSeizure,1,S SMITH AVE & W SIXTH ST ; BUS #31335,COR
,,19C069476,07:10:34 08/04/19,l,Domestic Distur,2,441 PIKE DR,COR
,,19C069477,07:15:13 08/04/19,l,Drunk In Public,2,161 S BUENA VISTA AVE # 101,COR
,,19C069478,07:17:20 08/04/19,l,Standby,4,1150 PASEO GRANDE; CESAR CHAVEZ ELEMENTARY SCHOOL,COR
,,19C069479,07:17:56 08/04/19,l,Alarm Call,2,2930 ALPS RD,COR
,,19C069480,07:26:09 08/04/19,l,Flag Down,4,S LINCOLN AVE & HIGHGROVE ST,COR
,,19C069481,07:33:11 08/04/19,l,Property Check,4,150 E ONTARIO AVE,COR
,,19C069483,07:39:36 08/04/19,f,ZZFwy Veh Fire,1,71 NB FROM 91 WB EUCLID,RVC
,,19C069485,07:42:01 08/04/19,lf,Man Down,1,359 FALMOUTH CT; KIDS PARK AREA,COR
,,19C069486,07:42:38 08/04/19,l,Property Check,4,730 VIA DE LUNA # 2; COUNTRY HILLS APARTMENTS,COR
,,19C069487,08:03:27 08/04/19,l,Assist Othr Dpt,3,CANARY LN & KELLOGG AVE,COR
,,19C069488,08:03:52 08/04/19,l,911 Hangup,2,1284 CIRCLE CITY DR,COR
,,19C069489,08:07:16 08/04/19,l,Property Check,4,2331 KELLOGG AVE # A; CROSSROADS CHURCH,COR
,,19C069490,08:08:29 08/04/19,l,Property Check,4,1900 AVIATION DR; CORONA AIRPORT,COR
,,19C069492,08:15:36 08/04/19,l,Property Check,4,475 SANTANA WAY,COR
,,19C069493,08:25:06 08/04/19,l,Patrol Info,4,2239 AVENIDA DEL VISTA,COR
,,19C069494,08:25:09 08/04/19,f,ZZSick,1,1203 W SIXTH ST # 32; FLAMINGO MHP;,COR
,,19C069496,08:31:37 08/04/19,l,Disturb Peace,3,200 N LINCOLN AVE ; LOBBY,COR
,,19C069497,08:32:34 08/04/19,l,Disturb Peace,3,502 S VICENTIA AVE; CITY GYM ;HOMELESS,COR
,,19C069499,08:38:04 08/04/19,l,Standby,4,KELLOGG AVE & LOCUST ST,COR
,,19C069500,08:39:50 08/04/19,f,ZZResdntal Alr,1,972 WHITECLIFF WAY,COR
,,19C069501,08:48:37 08/04/19,l,Stranded Veh,3,MAGNOLIA AVE & 15 NB ON RAMP,COR
,,19C069502,08:52:59 08/04/19,l,Auto Theft Past,3,932 REDHEAD LN # 202,COR
,,19C069503,08:55:08 08/04/19,l,Alarm Call,2,972 WHITECLIFF WAY,COR
,,19C069505,08:59:24 08/04/19,l,911 Hangup,2,2308 PALISADES DR ; #103,COR
,,19C069508,09:05:58 08/04/19,l,911 Hangup,2,5712 PETER WILKS CT,EVL
,,19C069509,09:14:23 08/04/19,l,Susp Person,3,785 N MAIN ST; ARCO AM PM,COR
,,19C069511,09:30:56 08/04/19,f,ZZBreathing,1,1411 RIMPAU AVE # 110; JOHNS BARBER,COR
,,19C069513,09:33:53 08/04/19,l,Alarm Call,2,651 BRIANNA WAY,COR
,,19C069515,09:42:29 08/04/19,l,Welfare Check,2,205 N LINCOLN AVE; DOLLAR SELF STORAGE,COR
,,19C069516,09:45:27 08/04/19,,,,"-117.506100, 33.862000",
,,19C069517,09:49:54 08/04/19,l,911 Hangup,2,479 N MCKINLEY ST; WALMART,COR
,,19C069518,09:55:17 08/04/19,l,Traffic Stop,4,E UPPER DR & S MAIN ST,COR
,,19C069521,10:01:03 08/04/19,l,Susp Person,3,1144 CIRCLE CITY DR; IFO MAILBOXES,COR
,,19C069522,10:01:46 08/04/19,l,Reckless Driver,3,E SIXTH ST & EL SOBRANTE RD,COR
,,19C069523,10:01:48 08/04/19,f,ZZBleeding,1,205 N LINCOLN AVE; DOLLAR SELF STORAGE;STAGE,COR
,,19C069524,10:05:10 08/04/19,l,Susp Person,3,GREEN RIVER RD & RIDGELINE DR,COR
,,19C069526,10:14:31 08/04/19,l,Veh Burg Past,4,1290 E ONTARIO AVE; WALMART,COR
,,19C069529,10:22:17 08/04/19,l,Disturb Peace,3,785 N MAIN ST; ARCO AM PM; 2ND CALL,COR
,,19C069531,10:26:42 08/04/19,f,ZZSick,1,91 EB ON RAMP & N MCKINLEY ST,COR
,,19C069533,10:34:32 08/04/19,l,Property Check,4,650 S MAIN ST; CITY LIBRARY,COR
,,19C069534,10:35:09 08/04/19,l,911 Hangup,2,479 N MCKINLEY ST; WALMART,COR
,,19C069535,10:38:23 08/04/19,l,Patrol Info,4,180 E THIRD ST;#203; CIRCLE CITY INN,COR
,,19C069543,10:46:51 08/04/19,l,Auto Theft Rec,4,EAGLE CANYON / TIN MINE,COR
,,19C069544,10:46:58 08/04/19,l,Keep The Peace,3,730 PUBLIC SAFETY WAY; CORONA POLICE,COR
,,19C069545,10:48:59 08/04/19,l,911 Hangup,2,730 MAGNOLIA AVE; CORONA REGIONAL MEDICAL CENTER,COR
,,19C069546,10:52:23 08/04/19,lf,Overdose,1,2800 COTTAGE DR,COR
,,19C069547,10:53:21 08/04/19,f,ZZBreathing,1,2365 ADONIS PL; S AND S MOTORS,COR
,,19C069549,10:55:12 08/04/19,f,ZZChest Pains,1,730 MAGNOLIA AVE; CORONA REGIONAL MEDICAL CENTER ; 718 BED 2,COR
,,19C069551,10:59:44 08/04/19,l,Hazard,3,E ONTARIO AVE & 15 SB OFF RAMP,COR
,,19C069552,11:02:56 08/04/19,f,ZZSick,1,1331 EMERALD ST,COR
,,19C069554,11:19:10 08/04/19,l,Follow Up,4,1129 BORDER AVE,COR
,,19C069555,11:20:48 08/04/19,l,Alarm Call,2,1128 QUARRY ST,COR
,,19C069556,11:24:15 08/04/19,l,Public Service,3,2178 STONERIDGE RD; ASHTON APTS,COR
,,19C069558,11:28:52 08/04/19,l,911 Hangup,2,N MCKINLEY ST & SHOPPING CENTER,COR
,,19C069559,11:31:31 08/04/19,l,Disturb Peace,3,150 W PARKRIDGE AVE; RODRIGOS,COR
,,19C069561,11:33:07 08/04/19,l,Disturb Peace,3,150 W PARKRIDGE AVE; RODRIGOS;HOMELESS,COR
,,19C069563,11:36:17 08/04/19,lf,Spill,1,2240 COMPTON AVE; UNOCAL GAS,COR
,,19C069564,11:36:28 08/04/19,l,Domestic Distur,2,251 W RINCON ST,COR
,,19C069565,11:39:29 08/04/19,l,911 Hangup,2,N MCKINLEY ST & SHOPPING CENTER,COR
,,19C069567,11:47:30 08/04/19,l,Property Check,4,5000 GREEN RIVER RD,COR
,,19C069568,11:49:58 08/04/19,l,Disturb Peace,3,3470 HORIZON ST,COR
,,19C069569,11:54:53 08/04/19,l,Susp Vehicle,3,1051 BORDER AVE,COR
,,19C069570,11:56:11 08/04/19,l,Property Check,4,4300 PRADO RD,COR
,,19C069571,11:57:14 08/04/19,l,911 Hangup,2,1013 MEADOWVIEW CT,COR
,,19C069572,11:58:03 08/04/19,f,ZZStroke,1,2131 BERKSHIRE CIR,COR
,,19C069574,11:59:24 08/04/19,l,Alarm Call,2,1255 HAMPTON CIR,COR
,,19C069575,12:00:48 08/04/19,l,Susp Person,3,315 N MCKINLEY ST; #101 CORONA PLAZA,COR
,,19C069577,12:08:18 08/04/19,l,Traffic Stop,4,GREEN RIVER RD & RIDGELINE DR,COR
,,19C069578,12:11:10 08/04/19,l,Traffic Stop,4,GREEN RIVER RD & RIDGELINE DR,COR
,,19C069580,12:22:29 08/04/19,f,ZZFall,1,875 RIVER RD # 124; RIVER RUN APTS,COR
,,19C069582,12:31:42 08/04/19,l,Property Check,4,490 N MCKINLEY ST,COR
,,19C069583,12:38:09 08/04/19,l,Property Check,4,1150 PASEO GRANDE; CESAR CHAVEZ ELEMENTARY SCHOOL,COR
,,19C069584,12:49:05 08/04/19,l,Illegal Dumping,3,2065 COMPTON AVE,COR
,,19C069585,12:54:38 08/04/19,l,Petty Theft,3,2615 TUSCANY ST; TARGET STORES T1548 AT THE CROSSINGS,COR
,,19C069586,12:57:09 08/04/19,f,ZZFall,1,1698 W SIXTH ST # A; 7 11 STORE WEST,COR
,,19C069587,13:01:56 08/04/19,l,Petty Theft P,4,1096 OLD TEMESCAL RD,COR
,,19C069588,13:10:00 08/04/19,l,911 Hangup,2,3049 COVENTRY ST,COR
,,19C069589,13:10:36 08/04/19,l,Test,4,730 PUBLIC SAFETY WAY; CORONA POLICE,COR
,,19C069590,13:11:51 08/04/19,l,Susp Person,3,650 S LINCOLN AVE ; BURGER KING,COR
,,19C069591,13:26:49 08/04/19,l,Hazard,3,1219 E ONTARIO AVE; DEL TACO,COR
,,19C069592,13:44:00 08/04/19,l,911 Hangup,2,2921 CORAL ST,COR
,,19C069593,13:47:28 08/04/19,lf,Accident Inj,1,N MCKINLEY ST & SAMPSON AVE ;VEH VS PED,COR
,,19C069599,14:09:20 08/04/19,l,911 Hangup,2,130 E CHASE DR,COR
,,19C069600,14:12:50 08/04/19,l,Alarm Call,2,1932 ELISE CIR;WE DO EQUIPMENT,COR
,,19C069601,14:13:37 08/04/19,l,Property Check,4,2973 WILDERNESS DR,COR
,,19C069602,14:14:59 08/04/19,l,H&S Violation,3,100 W ONTARIO AVE; WALGREENS 07303 AT TOWN AND COUNTRY,COR
,,19C069603,14:15:17 08/04/19,l,Property Check,4,5215 GREEN RIVER RD,COR
,,19C069605,14:19:48 08/04/19,l,911 Hangup,2,W PARKRIDGE AVE & N COTA ST,COR
,,19C069607,14:22:35 08/04/19,l,Patrol Info,4,W PARKRIDGE AVE & N COTA ST,COR
,,19C069608,14:28:28 08/04/19,l,Welfare Check,2,777 S TEMESCAL ST # 110,COR
,,19C069609,14:32:01 08/04/19,l,Welfare Check,2,2279 EAGLE GLEN PKWY # 106; SUBWAY,COR
,,19C069610,14:34:55 08/04/19,l,Traffic Stop,4,W ONTARIO AVE & TAYLOR AVE,COR
,,19C069611,14:39:24 08/04/19,l,Runaway,3,1566 BEACON RIDGE WAY,COR
,,19C069615,14:49:49 08/04/19,l,911 Hangup,2,1836 Milton - Riverside,COR
,,19C069616,14:53:29 08/04/19,l,911 Hangup,2,1611 WINDMILL LN # F,COR
,,19C069617,14:53:34 08/04/19,l,Shoplift Past,4,720 N MAIN ST; BURLINGTON COAT,COR
,,19C069618,14:54:29 08/04/19,l,Area Check,3,1193 MAGNOLIA AVE,COR
,,19C069619,15:00:42 08/04/19,l,911 Hangup,2,990 MARGARITA DR,COR
,,19C069620,15:02:17 08/04/19,l,H&S Violation,3,325 W MISSION RD,COR
,,19C069621,15:03:31 08/04/19,f,ZZSeizure,1,550 HIDDEN VALLEY PKWY; STATER BROS MARKETS,COR
,,19C069622,15:04:06 08/04/19,f,ZZSeizure,1,550 HIDDEN VALLEY PKWY; STATER BROS MARKETS,COR
,,19C069623,15:14:44 08/04/19,l,Traffic Stop,4,S MAIN ST & E NINTH ST,COR
,,19C069624,15:15:56 08/04/19,l,Disturb Peace,3,2750 RIDGELINE DR; REF TO LEAVE,COR
,,19C069626,15:23:46 08/04/19,l,Alarm Call,2,1001 S MAIN ST; TRUE WORD APOSTALIC CHURCH,COR
,,19C069627,15:25:04 08/04/19,l,Traffic Stop,4,N MAIN ST & 91 WB ON RAMP,COR
,,19C069628,15:27:13 08/04/19,l,911 Hangup,2,2550 CAJALCO RD,COR
,,19C069630,15:29:19 08/04/19,l,Shoplift Past,4,720 N MAIN ST; BURLINGTON COAT,COR
,,19C069632,15:35:45 08/04/19,l,911 Hangup,2,2600 S MAIN ST; CORONA POST ACUTE,COR
,,19C069633,15:37:45 08/04/19,l,Traffic Stop,4,1400 W SIXTH ST,COR
,,19C069634,15:39:16 08/04/19,l,Property Check,4,4713 GREEN RIVER RD,COR
,,19C069636,15:41:18 08/04/19,l,Property Check,4,4091 TEMESCAL CANYON RD;WATER TREATMENT CENTER,COR
,,19C069637,15:44:11 08/04/19,l,Hazard,3,S LINCOLN AVE & W SIXTH ST,COR
,,19C069640,15:46:15 08/04/19,l,Property Check,4,4350 GREEN RIVER RD; UNOCAL GAS,COR
,,19C069641,15:49:05 08/04/19,l,Property Check,4,4091 TEMESCAL CANYON RD; WATER TREATMENT,COR
,,19C069644,15:54:28 08/04/19,l,Ped Check,4,1501 POMONA RD; AMERICAN REFRIGERATION SUPPLIES INC,COR
,,19C069646,15:55:27 08/04/19,l,Property Check,4,930 E SIXTH ST; CITY PARK,COR
,,19C069649,16:00:12 08/04/19,f,ZZSick,1,2915 VILLA CATALONIA CIR,COR
,,19C069650,16:02:04 08/04/19,l,Disturb Peace,3,321 S LINCOLN AVE # A; SPEEDWASH,COR
,,19C069654,16:14:26 08/04/19,l,Property Check,4,130 W FOOTHILL PKWY; CHEVRON GAS,COR
,,19C069655,16:14:52 08/04/19,l,Drunk In Public,2,W SIXTH ST & HARRIS ST,COR
,,19C069656,16:20:35 08/04/19,l,Alarm Call,2,3383 TUSCANY #104; CARTERS,COR
,,19C069658,16:29:01 08/04/19,l,Susp Person,3,926 E ONTARIO ; JIMMY JOHN'S,COR
,,19C069659,16:33:34 08/04/19,f,ZZFwy Man Down,1,15 NB CAJALCO EL CERRITO,COR
,,19C069660,16:40:13 08/04/19,l,Vehicle Check,4,1200 W ONTARIO AVE,COR
,,19C069664,16:42:38 08/04/19,l,H&S Violation,3,321 W RINCON ST,COR
,,19C069665,16:44:08 08/04/19,l,Follow Up,4,730 PUBLIC SAFETY WAY; CORONA POLICE,COR
,,19C069666,16:50:41 08/04/19,l,Traffic Stop,4,E ONTARIO AVE & S MAIN ST,COR
,,19C069667,16:53:56 08/04/19,l,911 Hangup,2,1717 VIA DEL RIO,COR
,,19C069668,16:56:55 08/04/19,l,Special Detail,4,1506 TABER ST,COR
,,19C069670,17:05:17 08/04/19,f,ZZFall,1,2005 KELLOGG AVE; BROOKDALE; RM 39A,COR
,,19C069672,17:17:07 08/04/19,l,Vehicle Check,4,1300 BRENTWOOD CIR,COR
,,19C069673,17:19:18 08/04/19,l,Susp Person,3,N LINCOLN AVE & POMONA RD,COR
,,19C069674,17:20:30 08/04/19,l,Traffic Stop,4,1000 BORDER AVE,COR
,,19C069675,17:21:09 08/04/19,l,Property Check,4,480 N MCKINLEY ST,COR
,,19C069676,17:36:30 08/04/19,l,Petty Theft,3,1107 W SIXTH ST; WSS SHOES,COR
,,19C069677,17:41:03 08/04/19,l,911 Hangup,2,2290 GRIFFIN WAY,COR
,,19C069678,17:41:59 08/04/19,l,Property Check,4,930 E SIXTH ST; CITY PARK,COR
,,19C069680,17:46:38 08/04/19,l,Alarm Call,2,1021 COUNTRY CLUB LN,COR
,,19C069682,17:48:45 08/04/19,f,ZZBleeding,1,71 SB FROM EUCLID 91 EB; test test,RVC
,,19C069683,17:48:55 08/04/19,f,ZZSick,1,2840 HIDDEN HILLS WAY,COR
,,19C069685,17:54:26 08/04/19,f,ZZFwy Bleeding,1,71 NB FROM 91 EB EUCLID ; test,RVC
,,19C069686,17:54:56 08/04/19,l,Property Check,4,1248 W SIXTH ST; WELCOME INN,COR
,,19C069687,17:56:38 08/04/19,lf,Accident Unknwn,1,W ONTARIO AVE & S LINCOLN AVE,COR
,,19C069688,17:56:59 08/04/19,l,Disturb Peace,3,420 WELLESLEY DR # 103 ;family,COR
,,19C069689,17:58:39 08/04/19,l,911 Hangup,2,1218 W ONTARIO AVE,COR
,,19C069690,18:00:30 08/04/19,f,ZZChest Pains,1,2600 S MAIN ST; CORONA POST ACUTE,COR
,,19C069691,18:04:18 08/04/19,l,Patrol Info,4,1218 RIVER RD,COR
,,19C069692,18:09:43 08/04/19,l,Grand Theft P,4,1447 HAWKCREST AVE; LL CONT,COR
,,19C069693,18:10:16 08/04/19,l,Alarm Call,2,2300 PALISADES DR,COR
,,19C069695,18:14:07 08/04/19,l,Alarm Call,2,4105 CAMERON WAY # 112,COR
,,19C069698,18:15:34 08/04/19,l,Grand Theft P,4,1030 MANDEVILLA WAY ;ll cont,COR
,,19C069699,18:17:30 08/04/19,f,ZZFwy Acc w/ inj,1,71 SB FROM EUCLID 91 EB,RVC
,,19C069703,18:38:02 08/04/19,l,911 Hangup,2,1549 BORDER AVE # C,COR
,,19C069704,18:43:14 08/04/19,l,Alarm Call,2,530 CARDIFF ST;LOAN ROCK,COR
,,19C069705,18:46:19 08/04/19,lf,H/R Coll Past,4,720 S VICTORIA AVE,COR
,,19C069707,18:47:14 08/04/19,l,Area Check,3,479 N MCKINLEY ST; WALMART 242DV,COR
,,19C069708,18:49:08 08/04/19,l,Alarm Call,2,2790 CABOT DR # 120; NEW YORK AND COMPANY,COR
,,19C069709,18:51:31 08/04/19,f,ZZFall,1,615 RICHEY ST; PROMENADE PARK,COR
,,19C069711,18:55:47 08/04/19,lf,Welfare Check,2,1549 BORDER AVE # C,COR
,,19C069715,19:01:51 08/04/19,l,Disturb Peace,3,W RINCON ST & N LINCOLN AVE,COR
,,19C069716,19:02:30 08/04/19,l,Alarm Call,2,1079 W ONTARIO AVE,COR
,,19C069717,19:03:26 08/04/19,f,ZZPublicSrvceF,2,1536 KELLOGG AVE,COR
,,19C069718,19:05:09 08/04/19,f,ZZFall,1,230 S LINCOLN AVE; SHELL GAS,COR
,,19C069719,19:07:26 08/04/19,l,911 Hangup,2,209 E BLAINE ST,COR
,,19C069720,19:07:51 08/04/19,l,Traffic Stop,4,N SMITH AVE & COMMERCE ST,COR
,,19C069723,19:11:27 08/04/19,lf,Man Down,1,1290 E ONTARIO AVE; WALMART,COR
,,19C069724,19:11:46 08/04/19,l,Abandoned Veh,4,STAGECOACH RD & CORYDON ST,COR
,,19C069725,19:20:05 08/04/19,l,Disturb Peace P,4,1335 E ONTARIO AVE;LL CONT REF 1182,COR
,,19C069727,19:21:06 08/04/19,l,911 Hangup,2,881 CORSICA DR,COR
,,19C069728,19:23:02 08/04/19,l,Follow Up,4,735 W THIRD ST # 2,COR
,,19C069729,19:24:01 08/04/19,l,Welfare Check,2,809 CANARY LN,COR
,,19C069730,19:28:04 08/04/19,l,Ped Check,4,W SIXTH ST & S SMITH AVE,COR
,,19C069733,19:34:43 08/04/19,l,Disturb Peace,3,1156 MILLSTREAM LN;FAMILY,COR
,,19C069734,19:36:31 08/04/19,f,ZZMedical Alert,1,2591 VIA PACIFICA,COR
,,19C069735,19:39:32 08/04/19,l,Flag Down,4,1052 W TENTH ST,COR
,,19C069736,19:44:28 08/04/19,l,Alarm Call,2,858 SAPPHIRE LN,COR
,,19C069737,19:46:05 08/04/19,l,Loud Party,3,3150 CRESTLINE DR,COR
,,19C069740,19:47:58 08/04/19,l,Assist Othr Dpt,2,91 EB GREEN RIVER 71; CHP REF POSS JUMPER,RVC
,,19C069743,19:56:08 08/04/19,l,Follow Up,4,3777 BEDFORD CANYON RD; CFD 7,COR
,,19C069744,19:58:08 08/04/19,l,Petty Theft P,4,320 N MCKINLEY ST ;101 BIG 5,COR
,,19C069745,19:58:36 08/04/19,l,Disturb Peace,3,150 W PARKRIDGE AVE; RODRIGOS,COR
,,19C069747,20:13:20 08/04/19,l,Assault Wpn P,2,2240 COMPTON AVE; 5 AGO UNOCAL GAS,COR
,,19C069748,20:15:58 08/04/19,l,Property Check,4,120 W ONTARIO AVE,COR
,,19C069749,20:19:47 08/04/19,l,Alarm Call,2,750 S LINCOLN AVE # 101; VERIZON STORE,COR
,,19C069752,20:33:15 08/04/19,lf,Structure Fire,1,928 N COTA ST # D,COR
,,21C041274,20:34:00 08/04/19,l,Structure Fire,1,928 N COTA ST # D,COR
,,19C069753,20:38:47 08/04/19,l,Z-Animal Svcs,4,BRENTWOOD CIR & BORDER AVE,COR
,,19C069754,20:39:43 08/04/19,l,Alarm Call,2,185 N MCKINLEY ST,COR
,,19C069755,20:40:27 08/04/19,l,Patrol Info,4,1033 E THIRD ST; A S J INDUSTRIAL HOSE AND FITTINGS INC,COR
,,19C069758,20:50:33 08/04/19,l,Traffic Stop,4,SHERBORN ST & MAGNOLIA AVE,COR
,,19C069759,20:50:34 08/04/19,l,Petty Theft P,4,1193 MAGNOLIA AVE,COR
,,19C069760,20:53:46 08/04/19,l,Patrol Info,4,RIMPAU AVE & E ONTARIO AVE,COR
,,19C069761,20:54:06 08/04/19,l,911 Hangup,2,1100 W RIVER RD; RIVER ROAD PARK,COR
,,19C069762,20:58:27 08/04/19,l,Traffic Stop,4,SHERBORN ST & MAGNOLIA AVE,COR
,,19C069764,21:12:27 08/04/19,l,911 Hangup,2,1592 FAIRWAY DR,COR
,,19C069765,21:17:04 08/04/19,l,Property Check,4,1322 W SIXTH ST; CVS PHARMACY 6TH AND SHERMAN,COR
,,19C069766,21:18:15 08/04/19,l,911 Hangup,2,718 HARRIS ST,COR
,,19C069767,21:22:17 08/04/19,l,911 Hangup,2,651 COUNTRY ROSE LN,COR
,,19C069768,21:23:37 08/04/19,l,Runaway Return,3,1808 S MAIN ST;LL CONT 19-08072,COR
,,19C069770,21:26:32 08/04/19,l,Traffic Stop,4,CITRUS COMMUNITY PARK,COR
,,19C069771,21:33:18 08/04/19,l,Dist/Verbal,2,150 W PARKRIDGE AVE; RODRIGOS,COR
,,19C069774,21:37:04 08/04/19,lf,Man Down,1,CALIFORNIA AVE & E FOOTHILL PKWY,COR
,,19C069776,21:52:10 08/04/19,l,Missing Person,2,3378 FALLENLEAF DR; LL CONT,COR
,,19C069777,21:55:16 08/04/19,l,Traffic Stop,4,2240 COMPTON AVE; UNOCAL GAS,COR
,,19C069778,21:56:18 08/04/19,l,Loud Party,3,229 E PARKRIDGE AVE # F,COR
,,19C069779,21:57:06 08/04/19,l,Welfare Check,2,624 VIEWPOINTE LN,COR
,,19C069780,22:03:53 08/04/19,l,Traffic Stop,4,3881 S MAIN ST,COR
,,19C069781,22:07:09 08/04/19,l,911 Hangup,2,1400 NICHOLAS PL,COR
,,19C069782,22:09:29 08/04/19,l,Traffic Stop,4,VIEWPOINTE LN & FULLERTON AVE,COR
,,19C069783,22:13:21 08/04/19,l,Susp Vehicle,3,1001 WESTBROOK ST,COR
,,19C069784,22:16:52 08/04/19,l,Drunk In Public,2,230 S LINCOLN AVE; SHELL GAS; shell,COR
,,19C069785,22:22:23 08/04/19,l,Alarm Call,2,1150 W TENTH ST; CORONA HIGH SCHOOL,COR
,,19C069786,22:24:26 08/04/19,l,Property Check,4,479 N MCKINLEY ST; WALMART,COR
,,19C069787,22:29:00 08/04/19,l,Alarm Call,2,355 E RINCON ST # 205; XTRA LEASE,COR
,,19C069790,22:42:36 08/04/19,l,Panhand/Solicit,3,304 S MAIN ST; MOBIL GAS,COR
,,19C069791,22:42:57 08/04/19,lf,ZZFwy UnkInjury,1,N MAIN ST & 91 WB ON RAMP,COR
,,19C069792,22:43:16 08/04/19,l,Disturb Peace P,4,523 W SEVENTH ST # 208;LL CONT,COR
,,19C069794,22:48:20 08/04/19,l,Assist Othr Dpt,3,1566 BEACON RIDGE WAY,COR
,,19C069795,22:51:31 08/04/19,l,Alarm Call,2,1214 MAGNOLIA AVE;TUTOR TIME,COR
,,19C069796,22:53:19 08/04/19,f,ZZFall,1,4901 GREEN RIVER RD # 38,COR
,,19C069798,22:58:49 08/04/19,l,Drunk In Public,2,2731 BLUE SPRINGS DR; STAYBRIDGE HOTEL,COR
,,19C069799,23:00:15 08/04/19,l,Assist Othr Dpt,3,928 N COTA ST,COR
,,19C069800,23:05:55 08/04/19,l,Alarm Call,2,2005 S VICENTIA AVE; VICENTIA ELEMENTARY SCHOOL,COR
,,19C069801,23:13:44 08/04/19,l,Disturb Peace,3,1106 W SIXTH ST;SUBWAY,COR
,,19C069802,23:14:58 08/04/19,lf,Man Down,1,1140 E ONTARIO AVE; CHEVRON STATION,COR
,,19C069806,23:29:44 08/04/19,l,Drunk In Public,2,1181 COUNTRY CLUB LN,COR
,,19C069807,23:36:46 08/04/19,l,Missing Person,2,800 S MAIN ST;LL CONT CRH,COR
,,19C069809,23:41:16 08/04/19,l,Additional Info,4,211 W RINCON ST # 202; ARTISAN APTS,COR
,,19C069810,23:41:21 08/04/19,l,Area Check,2,935 CEDAR ST;POSS 459C,COR
,,19C069811,23:50:46 08/04/19,l,Assist Othr Dpt,3,712 DONATELLO DR;RSO,COR
,,19C069812,23:54:57 08/04/19,l,Loud Noise,3,810 SERRANO DR,COR
,,19C069813,23:58:07 08/04/19,l,Alarm Call,2,355 E RINCON ST; #125,COR
,,19C069816,00:11:35 08/05/19,l,Domestic Distur,2,3659 GARRETSON AVE,COR
,,19C069820,00:18:31 08/05/19,l,Alarm Call,2,2187 COMPTON AVE; DISCOUNT TIRE AMERICAS TIRE,COR
,,19C069821,00:21:35 08/05/19,l,Vandalism Past,4,741 VIA DE LUNA # 15;LL CONT,COR
,,19C069822,00:24:19 08/05/19,l,911 Hangup,2,971 REDWOOD CT,COR
,,19C069823,00:32:21 08/05/19,l,911 Hangup,2,203 S SHERIDAN ST;PHS 2,COR
,,19C069824,00:32:23 08/05/19,f,ZZFwy UnkInjury,1,91 WB MAIN LINCOLN,COR
,,19C069825,00:33:09 08/05/19,f,ZZFwy Acc w/ inj,1,91 EB MAIN MCKINLEY,COR
,,19C069827,00:41:22 08/05/19,f,ZZCommrcal Alrm,1,484 ALCOA CIR; GLAMBIA,COR
,,19C069832,00:53:04 08/05/19,l,Loud Party,3,1504 DOMINGUEZ RANCH RD,COR
,,19C069835,00:59:30 08/05/19,f,ZZSick,1,730 MAGNOLIA AVE; CORONA REGIONAL MEDICAL CENTER,COR
,,19C069837,01:10:28 08/05/19,l,Patrol Info,4,11761 CAMINO DE LA VISTA MORENO VALLEY,RVC
,,19C069838,01:22:06 08/05/19,l,Property Check,4,1811 S LINCOLN AVE,COR
,,19C069839,01:22:15 08/05/19,l,Property Check,4,2331 KELLOGG AVE # A; CROSSROADS CHURCH,COR
,,19C069840,01:28:17 08/05/19,l,Additional Info,3,3659 GARRETSON AVE; LL CONT,COR
,,19C069841,01:28:38 08/05/19,l,Flag Down,4,640 W SECOND ST,COR
,,19C069842,01:59:05 08/05/19,l,Welfare Check,2,420 S BELLE AVE,COR
,,19C069843,02:22:45 08/05/19,l,Property Check,4,1010 W CITRON ST; RANEY INTERMEDIATE SCHOOL,COR
,,19C069844,02:32:53 08/05/19,l,Vehicle Check,4,1886 BUTTERFIELD DR; BUTTERFIELD PARK,COR
,,19C069846,03:05:29 08/05/19,l,911 Hangup,2,1831 N DELILAH ST,COR
,,19C069847,03:13:48 08/05/19,l,911 Hangup,2,1831 N DELILAH ST,COR
,,19C069848,03:20:04 08/05/19,l,Susp Vehicle,3,968 AVENIDA DEL VISTA # 9,COR
,,19C069849,03:27:11 08/05/19,l,Alarm Call,2,3555 GRAND OAKS; CHICK FIL A,COR
,,19C069850,03:28:46 08/05/19,f,ZZBreathing,1,1640 GOLDEN TREE CT # B,COR
,,19C069853,03:39:55 08/05/19,f,ZZFwy Spill,1,91 WB LINCOLN MAPLE,COR
,,19C069855,03:44:55 08/05/19,l,Disturb Peace,3,431 N MCKINLEY ST; CIRCLE K INSDIE MOBIL GAS,COR
,,19C069856,03:47:27 08/05/19,l,Resid Burg I/P,2,420 WELLESLEY DR # 103,COR
,,19C069857,03:54:29 08/05/19,l,Suspicious Circ,3,154 N BUENA VISTA AVE,COR
,,19C069858,04:04:46 08/05/19,l,Ped Check,4,400 S BUENA VISTA AVE,COR
,,19C069859,04:20:05 08/05/19,l,Alarm Call,2,3134 RANIER ST,COR
,,19C069860,04:26:47 08/05/19,l,Alarm Call,2,3555 GRAND OAKS; CHICK FIL A,COR
,,19C069861,04:35:16 08/05/19,l,Alarm Call,2,1115 DESERT WILLOW LN # E,COR
,,19C069862,04:38:38 08/05/19,l,Susp Person,3,312 E NINTH ST; VICTORIA PARK,COR
,,19C069863,04:55:37 08/05/19,l,Disturb Peace,3,111 N LINCOLN AVE; ARCO AM PM,COR
,,19C069866,05:41:38 08/05/19,f,ZZFwy Acc w/ inj,1,91 WB MCKINLEY MAIN,COR
,,19C069867,05:42:33 08/05/19,l,Property Check,4,1655 W SIXTH ST # 101; OSCAR TRADERS,COR
,,19C069868,06:05:02 08/05/19,l,Alarm Call,2,430 N MCKINLEY ST; 99 RANCH MARKET,COR
,,19C069869,06:19:48 08/05/19,l,Veh Burg Past,4,625 BALBOA DR,COR
,,19C069871,06:38:33 08/05/19,l,Traffic Detail,4,GREEN RIVER RD & PALISADES DR,COR
,,19C069872,06:44:13 08/05/19,l,Alarm Call,2,1868 HIBISCUS ST,COR
,,19C069873,06:58:19 08/05/19,l,Open Door,2,4226 GREEN RIVER RD,COR
,,19C069874,07:01:16 08/05/19,l,Ped Check,4,POMONA RD & N LINCOLN AVE,COR
,,19C069876,07:05:00 08/05/19,l,Z-Animal Svcs,4,353 MEYER CIR; CORE MARK DISTRIBUTORS,COR
,,19C069879,07:16:26 08/05/19,l,Disturb Peace P,4,111 N LINCOLN AVE; ARCO AM PM; LL CONT,COR
,,19C069880,07:19:26 08/05/19,l,Auto Theft Past,3,N SMITH AVE & W RINCON ST;CONSTRUCTION YARD,COR
,,19C069881,07:22:59 08/05/19,l,Auto Theft Past,3,1143 TABITHA WAY,COR
,,19C069882,07:26:14 08/05/19,l,Alarm Call,2,2322 AVENIDA DEL VISTA ;PANIC ALARM,COR
,,19C069883,07:29:23 08/05/19,l,Alarm Call,2,542 SNOWBIRD LN,COR
,,19C069884,07:35:16 08/05/19,l,911 Hangup,2,916 SYCAMORE ST,COR
,,19C069886,07:36:29 08/05/19,l,Susp Vehicle,3,1709 SHERBORN ST; VULCAN MATERIALS CO WESTERN DIV,COR
,,19C069887,07:38:07 08/05/19,l,Assist Othr Dpt,3,1566 BEACON RIDGE WAY,COR
,,19C069888,07:40:02 08/05/19,l,Property Check,4,1550 E ONTARIO AVE; CORONA OIL CO INC AT AEGEN CENTER,COR
,,19C069889,07:40:14 08/05/19,l,Property Check,4,1290 E ONTARIO AVE; WALMART,COR
,,19C069890,07:42:56 08/05/19,l,Keep The Peace,3,219 S VICTORIA AVE,COR
,,19C069891,07:44:38 08/05/19,f,ZZAA MedicalAid,1,13381 MAGNOLIA AVE # 121,HGS
,,19C069892,08:02:57 08/05/19,l,Fraud Past,4,891 POINTE VISTA CIR ; FRONT COUNTER,COR
,,19C069893,08:02:58 08/05/19,l,911 Hangup,2,754 FORESTER DR,COR
,,19C069894,08:02:59 08/05/19,l,Disturb Peace,3,1290 E ONTARIO AVE; WALMART ; HOMELESS,COR
,,19C069895,08:04:32 08/05/19,l,Disturb Peace,3,1463 W SIXTH ST; KOPPUR LANTERN; HOMELESS,COR
,,19C069896,08:16:16 08/05/19,l,Alarm Call,2,2835 OLIVEWOOD CIR,COR
,,19C069897,08:23:18 08/05/19,l,Disturb Peace,3,1635 KELLOGG AVE; KELLOGG PARK,COR
,,19C069898,08:24:51 08/05/19,l,911 Hangup,2,468 WELLESLEY DR,COR
,,19C069899,08:29:03 08/05/19,l,Alarm Call,2,2780 CABOT DR # 140; DOS LAGOS SECURITY,COR
,,19C069901,08:32:47 08/05/19,l,Suspicious Circ,3,1061 CIRCLE CITY DR,COR
,,19C069902,08:32:55 08/05/19,l,Susp Person,3,E ONTARIO AVE & 15 SB OFF RAMP,COR
,,19C069906,08:46:00 08/05/19,l,Additional Info,4,1580 COMMERCE ST; LL CONTACT,COR
,,19C069907,08:51:27 08/05/19,l,Property Check,4,1155 E ONTARIO AVE; RIMPAU PARK,COR
,,19C069908,08:52:06 08/05/19,l,Battery Past,3,139 N BUENA VISTA AVE;#A; FRONT COUNTER,COR
,,19C069909,08:56:16 08/05/19,l,Traffic Stop,4,N MCKINLEY ST & MOUNT HUMPHRIES ST,COR
,,19C069910,08:58:47 08/05/19,l,Property Check,4,1061 CIRCLE CITY DR,COR
,,19C069911,08:59:52 08/05/19,lf,ZZLock Out,1,829 W OLIVE ST,COR
,,19C069913,09:07:11 08/05/19,l,Hazard,3,1555 E ONTARIO AVE,COR
,,19C069914,09:10:12 08/05/19,l,Fraud Past,4,322 E CITRON ST;FRNT LOBBY,COR
,,19C069918,09:20:00 08/05/19,l,Court Order Vio,3,971 INN KEEPER LN # A;FRNT LOBBY,COR
,,19C069919,09:22:55 08/05/19,l,911 Hangup,2,820 MOUNTAIN GATE DR,COR
,,19C069921,09:25:08 08/05/19,l,911 Hangup,2,881 CORSICA DR,COR
,,19C069922,09:33:38 08/05/19,l,911 Hangup,2,400 S VICENTIA AVE; CITY HALL,COR
,,19C069923,09:35:39 08/05/19,l,Property Check,4,3185 PALISADES DR; HULSEY CONTRACTING INC,COR
,,19C069924,09:37:00 08/05/19,l,911 Hangup,2,400 S VICENTIA AVE,COR
,,19C069925,09:37:27 08/05/19,l,Trespass,3,933 HERON DR,COR
,,19C069926,09:38:08 08/05/19,l,911 Hangup,2,400 S VICENTIA AVE,COR
,,19C069927,09:38:59 08/05/19,f,ZZTrauma,1,1205 D ST,COR
,,19C069928,09:40:33 08/05/19,f,ZZDumpster Fire,1,1013 W EIGHTH ST,COR
,,19C069931,09:43:44 08/05/19,l,Follow Up,4,940 N TEMESCAL CIR,COR
,,19C069932,09:45:26 08/05/19,l,Property Check,4,1061 CIRCLE CITY DR,COR
,,19C069933,09:49:22 08/05/19,l,Property Check,4,4225 PRADO RD,COR
,,19C069934,09:50:08 08/05/19,l,Alarm Call,2,719 VALDOSTA CIR,COR
,,19C069937,09:52:01 08/05/19,l,CMC Violation,4,550 HIDDEN VALLEY PKWY; STATER BROS MARKETS,COR
,,19C069939,10:01:10 08/05/19,l,Citizen Contact,3,1013 W EIGHTH ST;FRNT LOBBY,COR
,,19C069941,10:06:07 08/05/19,l,Traffic Stop,4,N LINCOLN AVE & RAILROAD ST,COR
,,19C069942,10:06:54 08/05/19,l,Alarm Call,2,764 N MAIN ST; BOLLYWOOD THREADING,COR
,,19C069943,10:08:03 08/05/19,l,911 Hangup,2,400 S VICENTIA AVE; CITY HALL,COR
,,19C069944,10:08:45 08/05/19,l,Vehicle Check,4,4200 PRADO RD,COR
,,19C069945,10:09:03 08/05/19,l,Cite Sign Off,4,730 PUBLIC SAFETY WAY; CORONA POLICE,COR
,,19C069946,10:09:55 08/05/19,l,911 Hangup,2,400 S VICENTIA AVE; CITY HALL,COR
,,19C069948,10:13:23 08/05/19,l,Veh Burg Past,4,321 W RINCON ST; #309,COR
,,19C069949,10:17:07 08/05/19,f,ZZFall,1,2489 CALIFORNIA AVE;#152; ESTANCIA DEL SOL,COR
,,19C069950,10:23:06 08/05/19,l,Traffic Stop,4,1300 SIXTH ST,NOR
,,19C069951,10:27:21 08/05/19,l,Property Check,4,1560 W SIXTH ST,COR
,,19C069952,10:29:39 08/05/19,l,911 Hangup,2,1220 W ONTARIO AVE; CORONA FRIENDS CHURCH,COR
,,19C069953,10:31:08 08/05/19,l,Disturb Peace,3,1254 PASEO GRANDE; SOUTH PACIFIC LANDSCAPING,COR
,,19C069954,10:31:18 08/05/19,l,Property Check,4,1127 GREENHILL WAY,COR
,,19C069956,10:37:55 08/05/19,l,Petty Theft P,4,1560 W SIXTH ST; WALMART; LL CONT,COR
,,19C069957,10:38:39 08/05/19,l,911 Hangup,2,209 E BLAINE ST,COR
,,19C069958,10:39:26 08/05/19,l,911 Hangup,2,1650 S BUENA VISTA AVE,COR
,,19C069959,10:41:07 08/05/19,l,Robbery Past,2,N MCKINLEY ST & 91 WB ON RAMP,COR
,,19C069962,10:44:53 08/05/19,l,Auto Theft Past,3,1324 CAMELOT DR,COR
,,19C069964,10:47:34 08/05/19,l,Property Check,4,930 E SIXTH ST; CITY PARK,COR
,,19C069966,10:48:59 08/05/19,l,Ped Check,4,E PARKRIDGE AVE & N JOY ST,COR
,,19C069967,10:49:33 08/05/19,l,Petty Theft P,4,1355 E ONTARIO AVE,COR
,,19C069968,10:51:11 08/05/19,lf,Overdose,1,576 ORIOLE LN,COR
,,19C069970,10:58:51 08/05/19,l,911 Hangup,2,195 W ONTARIO AVE; B B V A COMPASS AT MAIN ST VILLAGE,COR
,,19C069971,11:02:31 08/05/19,l,Keep The Peace,3,2270 E TREEMONT PL # 301,COR
,,19C069972,11:11:39 08/05/19,f,ZZFall,1,1075 SUMMERPLACE CT,COR
,,19C069973,11:13:26 08/05/19,l,Standby,4,N LINCOLN AVE & FALLBROOK DR,COR
,,19C069974,11:18:10 08/05/19,l,Property Check,4,RIVER RD & CORYDON AVE,COR
,,19C069975,11:20:32 08/05/19,l,Traffic Stop,4,PROMENADE AVE & E SIXTH ST,COR
,,19C069976,11:26:22 08/05/19,l,Hazard,3,W SIXTH ST & S SMITH AVE,COR
,,19C069977,11:26:25 08/05/19,l,Hazard,2,S SMITH AVE & W SIXTH ST,COR
YES,'Nature' garbled text (embedded symbol),19C069978,11:27:06 08/05/19,f,ZZFaint/Uncons,1,2250 S MAIN ST;#104;CITRUS VALLEY,COR
,,19C069980,11:30:24 08/05/19,f,ZZSick,1,STANISLAUS DR & HUMBOLDT LN,COR
,,19C069981,11:32:28 08/05/19,l,Traffic Stop,4,MAGNOLIA AVE & EL SOBRANTE RD,COR
,,19C069982,11:33:03 08/05/19,l,911 Hangup,2,790 E HARRISON ST; LBA NCC COMPANY IV LLC,COR
,,19C069983,11:34:27 08/05/19,l,911 Hangup,2,3960 S MAIN ST,COR
,,19C069984,11:36:28 08/05/19,l,Fraud Past,4,4060 CROWN RANCH RD; FRNT LOBBY,COR
,,19C069985,11:42:50 08/05/19,l,Susp Person,3,1646 DAWNRIDGE; BRENTWOOD PARK,COR
,,19C069986,11:43:43 08/05/19,l,Citizen Contact,3,730 PUBLIC SAFETY WAY; CORONA POLICE,COR
,,19C069987,11:52:57 08/05/19,l,Vandalism,3,CIRCLE CITY DR & RIMPAU AVE ;TAGGING,COR
,,19C069988,11:56:52 08/05/19,l,911 Hangup,2,545 ALCOA CIR,COR
,,19C069989,11:56:56 08/05/19,l,911 Hangup,2,389 N MAIN ST,COR
,,19C069991,12:00:52 08/05/19,l,Hazard,3,CALIFORNIA AVE & RIMPAU AVE,COR
,,19C069992,12:01:40 08/05/19,l,Property Check,4,2125 STAGECOACH DR; STAGECOACH PARK,COR
,,19C069993,12:01:51 08/05/19,l,911 Hangup,2,209 E BLAINE ST,COR
,,19C069994,12:10:27 08/05/19,l,911 Hangup,2,3612 GROVEDALE ST,COR
,,19C069995,12:12:25 08/05/19,l,Alarm Call,2,937 SAVI DR,COR
,,19C069996,12:13:13 08/05/19,l,Resid Burg Past,4,3612 GROVEDALE ST,COR
,,19C069997,12:15:09 08/05/19,l,911 Hangup,2,1230 S MAIN ST,COR
,,19C070000,12:25:03 08/05/19,f,ZZResdntal Alr,1,650 ROCK VISTA DR,COR
,,19C070001,12:29:35 08/05/19,l,911 Hangup,2,805 S RAMONA AVE,COR
,,19C070002,12:31:22 08/05/19,l,Property Check,4,2370 ANSELMO DR,COR
,,19C070003,12:41:47 08/05/19,l,Loitering,3,500 HARRINGTON ST;#B,COR
,,19C070004,12:43:12 08/05/19,l,Property Check,4,260 W FOOTHILL PKWY; ALBERTSONS,COR
,,19C070005,12:45:30 08/05/19,l,Cite Sign Off,4,730 PUBLIC SAFETY WAYOUTSIDE PD,COR
,,19C070006,12:46:12 08/05/19,l,Vandalism Past,4,930 E SIXTH ST; CITY PARK,COR
,,19C070008,12:54:08 08/05/19,l,Property Check,4,472 PENROSE DR; PENROSE APTS,COR
,,19C070011,12:56:37 08/05/19,f,ZZSick,1,1247 DORIS LN # 102,COR
,,19C070013,13:01:43 08/05/19,l,Patrol Info,4,1000 S JOY ST; JOY PARK,COR
,,19C070014,13:04:11 08/05/19,l,Property Check,4,475 HIDDEN VALLEY PKWY; DOLLAR TREE,NOR
,,19C070016,13:07:00 08/05/19,l,911 Hangup,2,W SIXTH ST & AVENIDA DEL VISTA,COR
,,19C070019,13:15:30 08/05/19,l,911 Hangup,2,1504 TABER ST,COR
,,19C070020,13:15:57 08/05/19,f,ZZSick,1,540 MAGNOLIA AVE; CFD 1,COR
,,19C070021,13:17:22 08/05/19,l,Cross Report,2,1203 W SIXTH ST # 49,COR
,,19C070022,13:19:29 08/05/19,f,ZZSick,1,225 E HARRISON ST; CFD 2,COR
,,19C070023,13:23:49 08/05/19,l,Follow Up,4,730 PUBLIC SAFETY WAY; CORONA POLICE ;CR# 19-5673,COR
,,19C070025,13:24:21 08/05/19,l,911 Hangup,2,505 S BUENA VISTA AVE,COR
YES,'Nature' garbled text (embedded symbol),19C070027,13:28:24 08/05/19,f,ZZFaint/Uncons,1,649 W MONTEREY RD,COR
,,19C070028,13:29:33 08/05/19,l,Additional Info,4,505 S BUENA VISTA AVE; COUNTY COURT HOUSE,COR
,,19C070029,13:31:16 08/05/19,l,Follow Up,4,505 S BUENA VISTA AVE; COUNTY COURT HOUSE,COR
,,19C070030,13:34:37 08/05/19,lf,Accident Unknwn,1,N MCKINLEY ST & 91 WB ON RAMP,COR
,,19C070033,13:50:11 08/05/19,l,911 Hangup,2,881 CORSICA DR,COR
,,19C070034,13:52:47 08/05/19,l,911 Hangup,2,1455 FAIRMONT DR,COR
YES,'Nature' garbled text (embedded symbol),19C070035,13:53:27 08/05/19,f,ZZFaint/Uncons,1,1473 FAIRMONT DR,COR
,,19C070036,13:54:16 08/05/19,lf,Railroad Fire,1,2665 RESEARCH DR; R W LYALL AND COMPANY INC,COR
,,19C070040,14:03:02 08/05/19,l,Disturb Peace,3,2965 RIMPAU AVE,COR
,,19C070041,14:09:39 08/05/19,l,Alarm Call,2,2910 VIA MILANO;#202 JULIAR RESD,COR
,,19C070042,14:12:38 08/05/19,f,ZZ Fire Test,2,284 DUPONT ST # 180; ROOTS,COR
,,19C070047,14:25:11 08/05/19,l,Found Property,4,1330 MAGNOLIA AVE; ACO,COR
,,19C070048,14:25:23 08/05/19,l,Found Property,4,E FOOTHILL PKWY & S MAIN ST,COR
,,19C070050,14:31:11 08/05/19,l,Throw Obj Veh,3,1290 E ONTARIO AVE; WALMART,COR
,,19C070051,14:31:52 08/05/19,l,Property Check,4,1886 BUTTERFIELD DR; BUTTERFIELD PARK,COR
,,19C070052,14:35:26 08/05/19,l,Patrol Info,4,S MAIN ST & W SIXTH ST,COR
,,19C070053,14:36:13 08/05/19,l,Trespass Past,4,475 E GRAND BLVD; YMCA,COR
,,19C070055,14:37:04 08/05/19,l,Citizen Contact,3,968 AVENIDA DEL VISTA # 9;FRNT LOBBY,COR
,,19C070056,14:38:37 08/05/19,l,Mail Theft P,4,2125 GEORGETOWN DR;LL CONT,COR
,,19C070057,14:40:26 08/05/19,l,911 Hangup,2,4190 BENNETT AVE,COR
,,19C070058,14:48:50 08/05/19,l,Hazard,3,N MAIN ST & W RINCON ST,COR
YES,'Nature' garbled text (embedded symbol),19C070060,14:52:36 08/05/19,f,ZZFaint/Uncons,1,2200 E TREEMONT PL # 308,COR
,,19C070061,14:59:56 08/05/19,l,Hazard,3,CALIFORNIA AVE & E ONTARIO AVE,COR
,,19C070065,15:10:28 08/05/19,l,Welfare Check,2,1040 S VICENTIA AVE; JEFFERSON ELEMENTARY SCHOOL,COR
,,19C070066,15:15:49 08/05/19,l,Stranded Veh,3,E FOOTHILL PKWY & BEDFORD CANYON RD,COR
,,19C070068,15:24:57 08/05/19,l,Alarm Call,2,1520 TURQUOISE DR,COR
,,19C070069,15:26:56 08/05/19,l,H/R Coll Past,4,785 N MAIN ST; ARCO AM PM,COR
,,19C070070,15:27:52 08/05/19,l,Patrol Info,4,E FOOTHILL PKWY & STATE ST,COR
,,19C070071,15:32:16 08/05/19,l,Additional Info,4,720 N MAIN ST; BURLINGTON COAT,COR
,,19C070076,15:40:27 08/05/19,lf,Choking,1,480 N MCKINLEY ST;COSTCO,COR
,,19C070077,15:42:04 08/05/19,l,Traffic Stop,4,E ONTARIO AVE & RIMPAU AVE,COR
,,19C070080,15:56:23 08/05/19,l,Grand Theft P,4,5450 CANOGA AVE WOODLAND HILLS; FRONT COUNTER,
,,19C070081,15:57:08 08/05/19,l,Keep The Peace,3,844 W HACIENDA DR,COR
,,19C070082,15:59:03 08/05/19,l,Petty Theft P,4,479 N MCKINLEY ST; WALMART,COR
,,19C070085,16:10:09 08/05/19,l,Disturb Peace,3,2191 SAMPSON AVE;#105 ABT ACADEMY,COR
,,19C070086,16:11:33 08/05/19,f,ZZAbdominalPa in,1,1400 CIRCLE CITY DR; #42 CORONA RESIDENTIAL CARE CENTER LLC,COR
,,19C070087,16:12:42 08/05/19,l,Disturb Peace,3,2191 SAMPSON AVE; CARPET IN CORP AT MCKINLEY COMMERCE CENTER,COR
,,19C070089,16:13:46 08/05/19,l,Disturb Peace,2,1375 E ONTARIO AVE; SAMS CLUB 4709 AT SOUTH POINTE PLAZA,COR
,,19C070092,16:21:03 08/05/19,f,ZZFwy UnkInjury,1,91 EB MAIN MCKINLEY,COR
,,19C070093,16:23:45 08/05/19,l,Found Property,4,108 RIVER RD; HARTSHORN TV AND APPLIANCE;LOBBY,COR
,,19C070094,16:24:20 08/05/19,l,Petty Theft P,4,1220 MAGNOLIA AVE # 101; DOLLAR TREE; LL CONT,COR
,,19C070095,16:30:44 08/05/19,l,Stranded Veh,3,RAILROAD ST & N SMITH AVE,COR
,,19C070096,16:33:57 08/05/19,l,Hazard,3,E ONTARIO AVE & CALIFORNIA AVE,COR
,,19C070097,16:34:57 08/05/19,l,Accident,2,CALIFORNIA AVE & MASTERS DR,COR
,,19C070098,16:38:54 08/05/19,l,911 Hangup,2,2035 CALIFORNIA AVE,COR
,,19C070099,16:40:04 08/05/19,l,Petty Theft P,4,470 HIDDEN VALLEY PKWY; KOHLS,COR
,,19C070100,16:41:27 08/05/19,l,Grand Theft P,4,1220 MAGNOLIA AVE # 101; DOLLAR TREE; FRNT LOBBY,COR
,,19C070101,16:44:16 08/05/19,l,Hazard,3,E ONTARIO AVE & CALIFORNIA AVE,COR
,,19C070103,16:47:57 08/05/19,l,Throw Obj Veh,3,1260 E ONTARIO AVE; ALBERTSONS,COR
,,19C070104,16:48:29 08/05/19,l,Citizen Contact,3,550 HIDDEN VALLEY PKWY;488 ATT SUSP INFO STATER BROS MARKETS,COR
,,19C070105,17:02:40 08/05/19,l,Ill Parked Veh,4,1150 SAN NICHOLAS CT # 101,COR
,,19C070106,17:06:43 08/05/19,lf,Accident Inj,1,SAMPSON AVE & GRANITE ST,COR
,,19C070108,17:09:30 08/05/19,l,Property Check,4,910 W ONTARIO AVE; RITE AID 5583,COR
,,19C070109,17:10:52 08/05/19,l,Ped Check,4,1267 W SIXTH ST ; JAYS LIQUOR,COR
,,19C070111,17:20:15 08/05/19,l,Shots Fired,1,1141 POMONA RD,COR
,,19C070112,17:21:50 08/05/19,l,Alarm Call,2,1467 CIRCLE CITY DR;VIDEO FEED,COR
,,19C070113,17:26:35 08/05/19,lf,Stranded Veh,3,N MAIN ST & E GRAND BLVD,COR
,,19C070114,17:27:02 08/05/19,l,911 Hangup,2,210 N SMITH AVE,COR
,,19C070115,17:29:30 08/05/19,l,Dist/Verbal,2,725 S MAIN ST; 99 CENT STORE,COR
,,19C070117,17:33:57 08/05/19,l,Z-Animal Svcs,4,4623 PENNY ROYAL DR,COR
,,19C070119,17:36:07 08/05/19,l,Susp Vehicle,3,WHISPERING WIND LN & CALIFORNIA AVE,COR
,,19C070120,17:40:19 08/05/19,l,Susp Person,3,710 RIMPAU AVE # 202; ANGEL CARE; ANGLECARE,COR
,,19C070121,17:42:26 08/05/19,l,Welfare Check,2,1100 SAN MARINO CT,COR
,,19C070125,17:55:05 08/05/19,l,911 Hangup,2,W TENTH ST & S LINCOLN AVE ;PHS 2,COR
,,19C070126,18:01:37 08/05/19,l,Accident,2,1130 W SIXTH ST; SUPERIOR MARKET,COR
,,19C070129,18:18:32 08/05/19,f,ZZSick,1,730 PUBLIC SAFETY WAY; CORONA POLICE; TEST,COR
,,19C070130,18:23:21 08/05/19,l,Alarm Call,2,1210 E SIXTH ST # C; B AND D AUTOMOTIVE INC,COR
,,19C070131,18:25:04 08/05/19,l,Found Child,2,1048 W RANCHO RD,COR
,,19C070132,18:25:33 08/05/19,l,Domestic Distur,2,2669 STAR CREST LN,COR
,,19C070134,18:35:26 08/05/19,f,ZZSick,1,3886 GRANT ST,HGS
,,19C070135,18:38:01 08/05/19,l,Patrol Info,4,796 E HARRISON ST; MEBOON LLC,COR
,,19C070136,18:44:19 08/05/19,l,911 Hangup,2,1299 E ONTARIO AVE; CVS PHARMACY 9190 AT CORONA ORCHARD,COR
,,19C070138,18:47:57 08/05/19,l,911 Hangup,2,484 PENROSE DR ; PHS 2,COR
,,19C070139,18:49:35 08/05/19,l,Petty Theft P,4,2470 TUSCANY ST,COR
,,19C070140,18:50:29 08/05/19,l,Cite Sign Off,4,730 PUBLIC SAFETY WAY; CORONA POLICE;outside pd,COR
,,19C070141,18:51:48 08/05/19,l,Traffic Stop,4,BORDER AVE & EMERSON DR,COR
,,19C070142,18:53:45 08/05/19,f,ZZPublicSrvceF,2,1336 CRESTA RD,COR
,,19C070143,19:04:15 08/05/19,l,Citizen Contact,3,3302 BRAEMAR LN,COR
,,19C070144,19:10:15 08/05/19,l,Z-Animal Svcs,4,420 W ORANGE HEIGHTS LN,COR
,,19C070145,19:13:08 08/05/19,l,Alarm Call,2,1214 MAGNOLIA AVE; #101 TUTOR TIME,COR
,,19C070147,19:17:39 08/05/19,l,911 Hangup,2,1124 AZALEA CIR,COR
,,19C070149,19:18:44 08/05/19,lf,Man Down,1,RIVER RD & N COTA ST,COR
,,19C070150,19:22:16 08/05/19,l,911 Hangup,2,3016 CORAL ST,COR
,,19C070151,19:24:13 08/05/19,l,Found Property,4,3100 ALTURA CT,COR
,,19C070152,19:25:58 08/05/19,l,Illegal Dumping,3,4999 GREEN RIVER RD,COR
,,19C070154,19:29:34 08/05/19,l,Keep The Peace,3,4718 GREEN RIVER RD; STARBUCKS,COR
,,19C070155,19:43:57 08/05/19,l,911 Hangup,2,1150 W TENTH ST; CORONA HIGH SCHOOL,COR
,,19C070156,19:45:08 08/05/19,l,Fraud Past,4,897 HEDGES DR,COR
,,19C070158,19:52:27 08/05/19,f,ZZChest Pains,1,1681 CALIFORNIA AVE; OMEGA PRODUCTS INTERNATIONAL COR INC,
,,19C070159,19:57:31 08/05/19,l,Z-Animal Svcs,4,589 BROOKHAVEN DR,COR
,,19C070160,20:01:25 08/05/19,l,Property Check,4,1623 LEESON LN,COR
,,19C070161,20:04:35 08/05/19,l,Assist Othr Dpt,3,1330 MAGNOLIA AVE; ACO,COR
,,19C070162,20:05:05 08/05/19,l,Vandalism Past,4,CAJALCO RD & TEMESCAL CANYON RD,COR
,,19C070163,20:18:50 08/05/19,l,Annoying Calls,3,231 E PARKRIDGE AVE # H ; LL CONT,COR
,,19C070164,20:26:21 08/05/19,l,Property Check,4,109 N MCKINLEY ST; FOOD FOR LESS,COR
,,19C070165,20:34:28 08/05/19,l,911 Hangup,2,1210 MAGNOLIA AVE ; ABAND,COR
,,19C070167,20:36:04 08/05/19,l,911 Hangup,2,1210 MAGNOLIA AVE ; ABAND PHS 1,COR
,,19C070168,20:38:43 08/05/19,l,Follow Up,4,778 YORKSHIRE WAY,COR
,,19C070169,20:40:10 08/05/19,l,Traffic Stop,4,1530 W SIXTH ST # 102; T AND H LIQUOR,COR
,,19C070170,20:50:46 08/05/19,l,Susp Person,3,E CHASE DR & FULLERTON AVE,COR
,,19C070171,20:52:57 08/05/19,l,911 Hangup,2,GRACELAND WAY & TULARE DR,COR
,,19C070172,20:52:59 08/05/19,l,Traffic Stop,4,PROMENADE AVE & TERRA DR,COR
,,19C070174,20:55:33 08/05/19,l,Patrol Info,4,E PARKRIDGE AVE & CRESTA RD,COR
,,19C070175,20:56:53 08/05/19,l,Property Check,4,1560 W SIXTH ST,COR
,,19C070176,21:00:44 08/05/19,l,Traffic Stop,4,BUCHANAN ST & WIMBLEDON DR,COR
,,19C070177,21:01:51 08/05/19,l,Traffic Stop,4,1190 W SIXTH ST,COR
,,19C070178,21:05:13 08/05/19,l,Traffic Stop,4,570 HIDDEN VALLEY PKWY; BANK OF AMERICA,COR
,,19C070179,21:05:39 08/05/19,l,Brandish Weapon,2,620 AVONDALE DR;417 WITH BB GUNS,COR
,,19C070181,21:15:49 08/05/19,l,Property Check,4,E FOOTHILL PKWY & S MAIN ST,COR
,,19C070182,21:21:50 08/05/19,l,Property Check,4,1310 E FOOTHILL PKWY,COR
,,19C070183,21:24:43 08/05/19,l,Loud Party,3,874 FORESTER DR,COR
,,19C070184,21:25:07 08/05/19,l,Alarm Call,2,1700 VIA PACIFICA; PARCWOOD APARTMENTS ; LEASING OFC,COR
,,19C070186,21:28:08 08/05/19,lf,Accident,2,HIDDEN VALLEY PKWY & VIA BLAIRO,COR
,,19C070187,21:29:37 08/05/19,l,Court Order Vio,3,510 VIEWPOINTE CIR; LL CONT,COR
,,19C070188,21:30:28 08/05/19,l,Alarm Call,2,750 S LINCOLN AVE # 101; VERIZON STORE,COR
,,19C070189,21:34:33 08/05/19,l,Alarm Call,2,611 E GRAND BLVD; CTOWN FARMERS MARKET; FRUITICANA,COR
,,19C070190,21:35:57 08/05/19,lf,Under Influence,2,820 WINDSTREAM ST # L,COR
,,19C070191,21:37:20 08/05/19,l,Disturb Peace,3,2450 SAN GABRIEL WAY # 302,COR
,,19C070192,21:39:54 08/05/19,l,Assist Othr Dpt,3,1330 MAGNOLIA AVE; ACO,COR
,,19C070193,21:43:08 08/05/19,l,Suspicious Circ,3,275 TELLER ST # 100; 24 HOUR FITNESS,COR
,,19C070194,21:45:33 08/05/19,l,Citizen Contact,3,253 ISABELLA WAY # D,COR
,,19C070196,22:04:10 08/05/19,l,DV-Assault,1,2143 TEHACHAPI DR,COR
,,19C070198,22:09:03 08/05/19,l,Loud Party,3,874 FORESTER DR; 2ND RSP,COR
,,19C070199,22:13:10 08/05/19,l,Property Check,4,260 W FOOTHILL PKWY; ALBERTSONS,COR
,,19C070200,22:13:20 08/05/19,f,ZZFall,1,737 MAGNOLIA AVE # 233,COR
,,19C070201,22:17:45 08/05/19,l,Alarm Call,2,1820 RIMPAU AVE; CENTENNIAL HIGH SCHOOL,COR
,,19C070203,22:27:08 08/05/19,l,Property Check,4,2804 GRIFFIN WAY; GRIFFIN PARK,COR
,,19C070204,22:34:27 08/05/19,l,Disturb Peace P,4,1458 CALL WAY; ll cont,COR
,,19C070205,22:41:44 08/05/19,l,Ped Check,4,1698 W SIXTH ST # A; 7 11 STORE WEST,COR
,,19C070206,22:44:17 08/05/19,l,Area Check,3,830 WYVAL AVE,COR
,,19C070208,22:59:07 08/05/19,l,911 Hangup,2,915 N MCKINLEY ST,COR
,,19C070209,22:59:39 08/05/19,l,Alarm Call,2,350 N MCKINLEY ST # 102; KABAB CRUSH,COR
,,19C070210,23:00:19 08/05/19,l,Alarm Call,2,375 KLUG CIR; CAPPUCCINE INC,COR
,,19C070211,23:01:36 08/05/19,l,911 Hangup,2,915 N MCKINLEY ST,COR
,,19C070212,23:04:10 08/05/19,l,Alarm Call,2,1395 E FOOTHILL PKWY; SANTIAGO HIGH SCHOOL,COR
,,19C070213,23:12:10 08/05/19,l,Property Check,4,1288 BORDER AVE,COR
,,19C070214,23:13:40 08/05/19,l,Susp Vehicle,3,RAILROAD ST & N COTA ST,COR
,,19C070217,23:21:23 08/05/19,l,911 Hangup,2,1202 LIME ST,COR
,,19C070218,23:22:14 08/05/19,l,Alarm Call,2,355 E. RINCON #205,
,,19C070219,23:28:33 08/05/19,l,Alarm Call,2,211 DUPONT ST; #107;INSPIRE DANCE,COR
,,19C070220,23:30:18 08/05/19,l,Dist/Verbal,2,GLIDER CIR & RAILROAD ST,COR
,,19C070221,23:40:39 08/05/19,l,Traffic Stop,4,N MAIN ST & E GRAND BLVD,COR
,,19C070223,23:43:56 08/05/19,l,Property Check,4,RAWLEY ST & BURRERO WAY,COR
,,19C070224,23:48:43 08/05/19,l,Vehicle Check,4,W FOOTHILL PKWY & TRUDY WAY,COR
,,19C070225,23:58:03 08/05/19,l,Property Check,4,2549 TOM BARNES ST,COR
,,19C070228,00:04:04 08/06/19,l,Property Check,4,1155 VALENCIA RD; JAMESON PARK,COR
,,19C070229,00:08:34 08/06/19,f,ZZAbdominalPa in,1,3046 OCELOT CIR,COR
,,19C070230,00:14:35 08/06/19,f,ZZFall,1,2005 KELLOGG AVE;#10,COR
,,19C070231,00:28:31 08/06/19,l,Property Check,4,1350 VALENCIA RD; ORANGE ELEMENTARY,COR
,,19C070232,00:44:39 08/06/19,l,Ped Check,4,1215 MAGNOLIA AVE; MCDONALDS,COR
,,19C070233,00:52:24 08/06/19,l,Ped Check,4,111 N LINCOLN AVE; ARCO AM PM,COR
,,19C070234,01:01:10 08/06/19,l,Property Check,4,1811 S LINCOLN AVE; CORONA THANKSGIVING,COR
YES,'Location' garbled/scrambled text,19C070235,01:12:54 08/06/19,l,Traffic Stop,4,N VICENTIA AVE & BOLLERO PL,COR
,,19C070236,01:32:24 08/06/19,l,Loud Noise,3,1604 FAIRVIEW DR; FAIRVIEW PARK,COR
,,19C070237,01:36:16 08/06/19,lf,Man Down,1,MAGNOLIA AVE & RIMPAU AVE,COR
,,19C070238,01:37:09 08/06/19,l,Disturb Peace,3,2240 COMPTON AVE; UNOCAL GAS,COR
,,19C070239,01:37:10 08/06/19,l,Property Check,4,615 RICHEY ST; PROMENADE PARK,COR
,,19C070240,01:45:16 08/06/19,l,Property Check,4,1010 W CITRON ST; RANEY INTERMEDIATE SCHOOL,COR
,,19C070241,01:47:23 08/06/19,l,Lewd Cond Child,1,1223 E ST,COR
,,19C070242,01:50:00 08/06/19,f,ZZTrauma,1,1223 E ST;STAGE,COR
,,19C070244,01:59:57 08/06/19,l,911 Hangup,2,1150 W TENTH ST; CORONA HIGH SCHOOL,COR
,,19C070245,02:08:06 08/06/19,l,Alarm Call,2,313 N GARFIELD AVE; MAX IT BID,COR
,,19C070246,02:10:52 08/06/19,l,Suspicious Circ,3,1223 E ST,COR
,,19C070247,02:14:50 08/06/19,l,Alarm Call,2,610 W SIXTH ST; SINGH REALITY,COR
,,19C070248,02:15:46 08/06/19,l,911 Hangup,2,881 CORSICA DR,COR
,,19C070250,02:16:38 08/06/19,f,ZZFall,1,737 MAGNOLIA AVE # 234,COR
,,19C070251,02:17:32 08/06/19,f,ZZFall,1,887 RIVER RD; RIVER RUN SR APTS; #313,COR
,,19C070252,02:26:07 08/06/19,l,Susp Person,3,1550 E ONTARIO AVE; SHELL GAS,COR
,,19C070253,02:30:54 08/06/19,l,Battery Past,3,985 SAMAR CT # 2; MOUNTAIN CREEK APTS ; LL CONT,COR
,,19C070254,03:12:49 08/06/19,l,911 Hangup,2,1250 CORONA POINTE CT,COR
,,19C070255,03:13:51 08/06/19,l,911 Hangup,2,2585 S MAIN ST; SOUTH HILLS CHURCH,COR
,,19C070256,03:26:42 08/06/19,l,Alarm Call,2,1550 RIMPAU AVE # 185,COR
,,19C070257,04:09:55 08/06/19,l,Property Check,4,1351 RAILROAD ST; MONSTER ENERGY COMPANY,COR
,,19C070259,04:21:19 08/06/19,f,ZZBreathing,1,1730 VIA PACIFICA # K112,COR
,,19C070260,04:21:28 08/06/19,l,Dist/Verbal,2,111 W HARRISON ST # 430; ONE ELEVEN APARTMENTS,COR
,,19C070261,04:26:21 08/06/19,l,Alarm Call,2,2005 S VICENTIA AVE; VICENTIA ELEMENTARY SCHOOL,COR
,,19C070262,04:37:44 08/06/19,l,Property Check,4,185 MAGNOLIA AVE; LEE POLLARD HIGH SCHOOL,COR
,,19C070263,04:59:52 08/06/19,lf,Accident Unknwn,1,PASEO GRANDE & VIA SANTIAGO,CRA
,,19C070265,05:06:33 08/06/19,l,Alarm Call,2,1430 BURNETT CIR,COR
,,19C070266,05:27:00 08/06/19,f,ZZTrauma,1,PASEO GRANDE & VIA DEL RIO,CRA
,,19C070267,05:27:35 08/06/19,l,Welfare Check,2,1400 CIRCLE CITY DR; CORONA RESIDENTIAL CARE CENTER LLC,COR
,,19C070268,05:42:08 08/06/19,l,Domestic Distur,2,1432 W SIXTH ST; CREST MOTEL #106,COR
,,19C070269,05:44:37 08/06/19,l,Domestic Distur,2,1432 W SIXTH ST;#106; CREST MOTEL,COR
,,19C070270,06:00:26 08/06/19,l,Susp Vehicle,3,1191 MAGNOLIA AVE # C; CRUMBLES COOKIES,COR
,,19C070271,06:05:30 08/06/19,l,Comm Burg Past,4,210 N DELILAH ST; UNITIS,COR
,,19C070272,06:12:29 08/06/19,l,Auto Theft Past,3,2003 WOODLAWN DR;87 FRONT OF PD,COR
,,19C070273,06:25:46 08/06/19,l,Grand Theft P,4,272 CORPORATE TERRACE CIR,COR
,,19C070274,06:27:50 08/06/19,f,ZZSick,1,2566 S BUENA VISTA AVE; VARGAS HERNANDEZ FAMILY CHILD CARE,COR
,,19C070275,06:41:09 08/06/19,l,Loud Noise,3,1820 RIMPAU AVE; CENTENNIAL HIGH SCHOOL;LL CONT,COR
,,19C070277,06:44:38 08/06/19,l,Traffic Stop,4,711 W ONTARIO AVE,COR
,,19C070278,06:45:27 08/06/19,l,Traffic Stop,4,2100 GEORGETOWN DR; TENRAI OCARINA,COR
,,19C070280,06:53:09 08/06/19,l,Suspicious Circ,3,2710 VIA CORAZON DR,COR
,,19C070281,06:57:08 08/06/19,l,Traffic Stop,4,E ONTARIO AVE & S MAIN ST,COR
,,19C070282,06:59:27 08/06/19,l,Drunk In Public,2,1575 E ONTARIO AVE,COR
,,19C070283,07:01:47 08/06/19,l,Auto Theft Past,3,1781 CAPITAL ST;#A;WSD ENGINEERING,COR
,,19C070284,07:05:39 08/06/19,l,Susp Person,3,718 N MAIN ST # 101; BETTY FAYES CAFE,COR
,,19C070285,07:09:22 08/06/19,l,Welfare Check,2,PROMENADE AVE & N MCKINLEY ST,COR
,,19C070286,07:12:48 08/06/19,l,Trespass Past,4,475 E GRAND BLVD; YMCA,COR
,,19C070288,07:21:13 08/06/19,l,Traffic Detail,4,2100 GEORGETOWN DR; TENRAI OCARINA,COR
,,19C070289,07:23:15 08/06/19,l,Traffic Stop,4,TAYLOR AVE & MONTOYA DR,COR
,,19C070290,07:29:05 08/06/19,l,Disturb Peace P,4,665 MORNINGSIDE DR,COR
,,19C070291,07:33:46 08/06/19,l,Traffic Stop,4,MAGNOLIA AVE & 15 SB ON RAMP,COR
,,19C070292,07:38:19 08/06/19,l,Property Check,4,1550 E ONTARIO AVE; SHELL GAS,COR
,,19C070293,07:39:47 08/06/19,l,Ped Check,4,716 N MAIN ST; TS MART AT NORTH MAIN PLAZA,COR
,,19C070294,07:40:20 08/06/19,l,Abandoned Veh,4,934 W SEVENTH ST,COR
,,19C070295,07:43:24 08/06/19,l,Traffic Stop,4,VIA MIGUEL ST & VIA RAFAEL CIR,COR
,,19C070296,07:51:05 08/06/19,l,Traffic Stop,4,1283 SHERBORN ST; U S FOODS INC,COR
,,19C070297,07:51:06 08/06/19,l,Auto Theft Past,3,1080 NIGHTCREST CIR,COR
,,19C070298,07:52:23 08/06/19,l,Property Check,4,175 E ONTARIO AVE # 101; MR YOU EXPRESS,COR
,,19C070299,07:56:49 08/06/19,l,H/R Coll Past,4,MAGNOLIA AVE & RIMPAU AVE;LL CONTACT,COR
,,19C070300,08:00:42 08/06/19,l,Ill Parked Veh,4,235 E MISSION RD,COR
,,19C070301,08:12:04 08/06/19,l,911 Hangup,2,950 W ONTARIO AVE,COR
,,19C070302,08:18:15 08/06/19,l,911 Hangup,2,881 CORSICA DR,COR
,,19C070303,08:23:43 08/06/19,l,Vandalism Past,4,1344 W SIXTH ST; CHIEF PROTECTIVE SERVICE,COR
,,19C070304,08:24:57 08/06/19,l,Ill Parked Veh,4,706 S BUENA VISTA AVE,COR
,,19C070306,08:46:11 08/06/19,l,Disturb Peace,3,EL SOBRANTE RD & E SIXTH ST,COR
,,19C070308,08:49:59 08/06/19,l,Property Check,4,2780 CABOT DR # 140; DOS LAGOS,COR
,,19C070309,08:50:44 08/06/19,l,Property Check,4,1031 W SIXTH ST; CORONA POA,COR
,,19C070310,08:55:33 08/06/19,l,Property Check,4,3665 GRAND OAKS,COR
,,19C070313,08:59:33 08/06/19,l,Accident,2,LAKESHORE DR & TEMESCAL CANYON RD,COR
,,19C070315,09:04:06 08/06/19,l,Property Check,4,E SIXTH ST & EL SOBRANTE RD,COR
,,19C070316,09:06:32 08/06/19,l,Traffic Stop,4,W THIRD ST & S BELLE AVE,COR
,,19C070317,09:09:55 08/06/19,l,Property Check,4,4225 PRADO RD,COR
,,19C070318,09:10:08 08/06/19,l,Property Check,4,930 E SIXTH ST; CITY PARK,COR
,,19C070319,09:10:35 08/06/19,l,Welfare Check,2,2148 BURNING TREE DR,CRA
,,19C070320,09:12:31 08/06/19,l,Abandoned Veh,4,1551 FULLERTON AVE,COR
,,19C070321,09:15:49 08/06/19,l,911 Hangup,2,400 S VICENTIA AVE,COR
,,19C070322,09:17:42 08/06/19,l,Patrol Info,4,PROMENADE AVE & N MCKINLEY ST,COR
,,19C070323,09:17:46 08/06/19,f,ZZSick,1,2055 KELLOGG AVE,COR
,,19C070324,09:18:32 08/06/19,f,ZZSick,1,509 S VICTORIA AVE,COR
,,19C070326,09:26:12 08/06/19,l,Reckless Driver,3,N SMITH AVE & RAILROAD ST,COR
,,19C070327,09:26:55 08/06/19,f,Accident Inj,1,RIDGEVIEW TERRACE & FRONTAGE RD,CRA
,,19C070328,09:31:20 08/06/19,l,Welfare Check,2,1280 KELLEY AVE ;XRPT,COR
,,19C070329,09:33:45 08/06/19,l,Property Check,4,1580 W SIXTH ST,COR
,,19C070330,09:35:33 08/06/19,l,CMC Violation,4,650 S MAIN ST; CITY LIBRARY;HOMELESS,COR
,,19C070331,09:37:10 08/06/19,f,ZZSick,1,310 S LINCOLN AVE; MCDONALDS,COR
,,19C070333,09:38:21 08/06/19,l,Accident,2,512 ROOSEVELT ST,COR
,,19C070334,09:39:04 08/06/19,lf,Accident Inj,1,1449 CAMELOT DR,COR
,,19C070336,09:41:26 08/06/19,l,Property Check,4,1417 PARKVIEW DR,COR
,,19C070337,09:41:32 08/06/19,l,Property Check,4,2199 SAMPSON AVE; CARLS JR,COR
,,19C070338,09:46:42 08/06/19,l,Walk Away,3,W CHASE DR & S MAIN ST,COR
,,19C070340,09:55:18 08/06/19,l,Ill Parked Veh,4,200 MARIAH CIR,COR
,,19C070341,09:55:59 08/06/19,l,Comm Policing,4,1160 CALIFORNIA AVE,COR
,,19C070342,09:57:35 08/06/19,l,Compliance Ck,4,1315 PLEASANT VIEW AVE,COR
,,19C070343,10:02:35 08/06/19,l,Abandoned Veh,4,4202 RIVIERA DR,COR
,,19C070345,10:05:00 08/06/19,l,Abandoned Veh,4,4445 LEONARD WAY,COR
,,19C070346,10:32:09 08/06/19,l,Follow Up,4,426 E GRAND BLVD,COR
,,19C070347,10:38:32 08/06/19,l,Alarm Call,2,818 N TEMESCAL ST,COR
,,19C070348,10:38:32 08/06/19,l,Property Check,4,2390 ANSELMO DR,COR
,,19C070349,10:46:35 08/06/19,l,Property Check,4,2331 CALIFORNIA AVE,COR
,,19C070350,10:47:22 08/06/19,l,Disturb Peace P,4,700 W SIXTH ST; 7 11 STORE CENTRAL ;LL CONT,COR
,,19C070351,10:50:43 08/06/19,l,Susp Vehicle,3,W OLIVE ST & TAYLOR AVE; POSS 10851,COR
,,19C070352,10:50:44 08/06/19,l,Trespass,3,STAGECOACH RD & CORYDON ST;HOMELESS,COR
,,19C070353,10:50:57 08/06/19,l,Ill Parked Veh,4,1815 RIVERSTONE ST,COR
,,19C070355,10:54:19 08/06/19,l,Property Check,4,2347 CALIFORNIA AVE,COR
,,19C070354,10:54:20 08/06/19,l,Follow Up,4,3900 SCENIC - RIVERSIDE,
,,19C070356,10:56:28 08/06/19,l,Abandoned Veh,4,1533 JADESTONE LN,COR
,,19C070357,10:59:33 08/06/19,l,Property Check,4,832 VILLAGE LOOP DR,COR
,,19C070358,11:03:22 08/06/19,lf,Accident,2,FULLERTON AVE & MAGNOLIA AVE,COR
,,19C070359,11:06:30 08/06/19,l,Abandoned Veh,4,841 GREENRIDGE RD,COR
,,19C070360,11:09:21 08/06/19,l,911 Hangup,2,209 E BLAINE ST,COR
,,19C070361,11:12:40 08/06/19,l,Veh Burg I/P,2,1411 RIMPAU AVE # 110; JOHNS BARBER;5 AGO,COR
,,19C070362,11:13:29 08/06/19,l,Dist/Verbal,2,2154 LENITA CIR,COR
,,19C070364,11:20:14 08/06/19,l,Court Order Vio,3,1016 S WASHBURN AVE,COR
,,19C070366,11:28:35 08/06/19,f,ZZTree Fire,1,2785 LAKESHORE DR; WOOD RANCH B B Q AND GRILL AT DOS LAGOS,COR
,,19C070368,11:36:48 08/06/19,l,Property Check,4,821 N MAIN ST,COR
,,19C070369,11:43:34 08/06/19,l,Incorrigible,2,1694 BERYL LN;PREM D,COR
,,19C070370,11:45:25 08/06/19,l,Cite Sign Off,4,730 PUBLIC SAFETY WAY;plot,COR
,,19C070371,11:46:36 08/06/19,l,Accident,2,S LINCOLN AVE & W TENTH ST,COR
,,19C070372,11:46:55 08/06/19,l,Susp Vehicle,3,ZIRCON ST & GARNET ST,COR
,,19C070373,11:51:18 08/06/19,l,Loitering,3,110 N LINCOLN AVE; GRIFFIN RESIDENTIAL L L C;#100,COR
,,19C070376,12:00:14 08/06/19,l,Susp Person,3,788 SPRINGWOOD ST; MEADOWOOD APARTMENTS TENANTSINCOMMON,COR
,,19C070378,12:06:22 08/06/19,f,ZZSick,1,480 N MAIN ST; STARBUCKS,COR
,,19C070380,12:14:39 08/06/19,l,Assault Wpn P,2,390 N MCKINLEY ST;#100,COR
,,19C070381,12:18:21 08/06/19,l,Accident,2,1042 W SEVENTH ST,COR
,,19C070382,12:20:37 08/06/19,l,Property Check,4,935 N MCKINLEY ST; VINEYARD CHURCH,COR
,,19C070383,12:26:27 08/06/19,f,ZZResdntal Alr,1,1407 FANNING CIR,COR
,,19C070384,12:27:08 08/06/19,l,Drunk In Public,2,VIA BERNARDO & W SIXTH ST,COR
,,19C070386,12:30:05 08/06/19,f,ZZAA MedicalAid,1,15 NB EL CERRITO ONTARIO,ELC
,,19C070387,12:38:36 08/06/19,l,Disturb Peace,3,1240 E ONTARIO AVE ; GREAT CLIPS ;HOMELESS,COR
,,19C070388,12:51:05 08/06/19,l,911 Hangup,2,3586 CORBETT ST,COR
,,19C070390,12:51:20 08/06/19,l,Drunk In Public,2,1027 W SIXTH ST; TUDYS RESTAURANT,COR
,,19C070391,12:52:37 08/06/19,l,Ill Parked Veh,4,3528 GROVEDALE ST,COR
,,19C070392,13:03:30 08/06/19,l,Property Check,4,1260 E ONTARIO AVE; ALBERTSONS,COR
,,19C070393,13:11:28 08/06/19,l,911 Hangup,2,2365 MILLCREEK PL,COR
,,19C070394,13:13:00 08/06/19,l,Welfare Check,2,165 WASHBURN CIR; KABOB HUTT,COR
,,19C070396,13:17:09 08/06/19,l,Susp Person,3,1140 E ONTARIO AVE; CHEVRON STATION,COR
,,19C070398,13:20:39 08/06/19,l,Disturb Peace,3,1140 E ONTARIO AVE; CHEVRON STATION ;homeless,COR
,,19C070400,13:21:11 08/06/19,lf,ZZSick,1,W SIXTH ST & S MERRILL ST,COR
,,19C070402,13:22:45 08/06/19,l,911 Hangup,2,511 S JOY ST,COR
,,19C070405,13:28:59 08/06/19,l,911 Hangup,2,3100 S MAIN ST,COR
,,19C070409,13:35:55 08/06/19,l,Disturb Peace,3,2661 GREEN RIVER RD; RALPHS,COR
,,19C070410,13:37:45 08/06/19,l,Patrol Info,4,S SMITH AVE & BORDER AVE,COR
,,19C070420,13:53:32 08/06/19,l,Property Check,4,2700 CABOT DR,COR
,,19C070421,13:53:53 08/06/19,l,911 Hangup,2,181 BRIM ST,COR
,,19C070425,13:58:36 08/06/19,l,Disturb Peace P,4,1002 W EIGHTH ST ; LL CONT,COR
,,19C070427,14:00:21 08/06/19,l,Ill Parked Veh,4,2022 ADRIENNE DR,COR
,,19C070429,14:03:32 08/06/19,f,ZZResdntal Alr,1,1127 E GRAND BLVD,COR
,,19C070430,14:04:09 08/06/19,l,Stalking Past,3,111 N LINCOLN AVE; ARCO AM PM,COR
,,19C070432,14:08:51 08/06/19,f,ZZSick,1,1400 CIRCLE CITY DR;#228,COR
,,19C070433,14:16:57 08/06/19,f,ZZChest Pains,1,2071 COMPTON AVE # 102; VISTA MEDICAL,COR
,,19C070434,14:22:10 08/06/19,l,Property Check,4,465 SANTANA WAY; ISLAMIC CENTER,COR
,,19C070437,14:23:54 08/06/19,l,Disturb Peace,3,1330 MAGNOLIA AVE; ACO,COR
,,19C070438,14:25:10 08/06/19,f,ZZBreathing,1,1930 VIA DEL RIO,CRA
,,19C070439,14:26:19 08/06/19,l,Cross Report,2,585 EBBCREEK ST # I,COR
,,19C070440,14:27:04 08/06/19,l,Cross Report,2,1760 VIA PACIFICA # M101,COR
,,19C070441,14:27:57 08/06/19,l,Fraud Past,4,1137 BRADFORD CIR; FRONT COUNTER,COR
,,19C070442,14:29:20 08/06/19,l,911 Hangup,2,881 CORSICA DR,COR
,,19C070443,14:30:08 08/06/19,l,911 Hangup,2,926 THIRD ST,NOR
,,19C070444,14:30:11 08/06/19,l,Hazard,3,MAGNOLIA AVE & RIMPAU AVE,COR
,,19C070445,14:33:51 08/06/19,l,911 Hangup,2,1330 MAGNOLIA AVE,COR
,,19C070446,14:36:31 08/06/19,l,911 Hangup,2,482 N MCKINLEY ST,COR
,,19C070448,14:39:47 08/06/19,l,Area Check,3,2125 GEORGETOWN DR; THE TANNING CHICK ;,COR
,,19C070452,14:44:55 08/06/19,l,Vandalism Past,4,718 N MAIN ST # 102; RUMIS RESTAURANT,COR
,,19C070453,14:45:10 08/06/19,l,911 Hangup,2,209 E BLAINE ST,COR
,,19C070457,14:50:23 08/06/19,l,911 Hangup,2,1592 FAIRWAY DR,COR
,,19C070458,14:51:34 08/06/19,l,911 Hangup,2,1723 SANDTRAP DR,COR
,,19C070459,14:58:07 08/06/19,l,Hazard,3,W SIXTH ST & W GRAND BLVD;POSS 5150,COR
YES,'Nature' garbled text (embedded symbol),19C070460,15:05:32 08/06/19,f,ZZFaint/Uncons,1,1447 PLEASANT VIEW AVE,COR
,,19C070463,15:12:31 08/06/19,l,Vandalism,3,1375 SAMPSON AVE,COR
,,19C070464,15:13:59 08/06/19,l,Follow Up,4,RIVERSIDE PAROLE,
,,19C070465,15:14:27 08/06/19,l,Disturb Peace,3,1260 E ONTARIO AVE; ALBERTSONS ; POSS 5150,COR
,,19C070466,15:23:54 08/06/19,l,Hazard,3,W TENTH ST & S SHERMAN AVE,COR
,,19C070467,15:24:49 08/06/19,l,Comm Policing,4,400 S VICENTIA AVE; CITY HALL,COR
,,19C070468,15:28:26 08/06/19,l,Accident,2,SAMPSON AVE & CORPORATE TERRACE ST,COR
,,19C070470,15:29:50 08/06/19,l,911 Hangup,2,1250 CORONA POINTE CT,COR
,,19C070471,15:34:03 08/06/19,l,Property Check,4,2250 S MAIN ST,COR
,,19C070473,15:36:32 08/06/19,l,Alarm Call,2,2530 REDROCK DR,COR
,,19C070476,15:41:27 08/06/19,f,ZZCommrcal Alrm,1,1820 RIMPAU AVE; CENTENNIAL HIGH SCHOOL,COR
,,19C070480,15:45:36 08/06/19,l,Petty Theft P,4,1950 COMPTON AVE # 110; NEW APPEARANCE; LL CONT,COR
,,19C070481,15:47:33 08/06/19,l,911 Hangup,2,HARRINGTON ST & N COTA ST,COR
,,19C070482,15:52:27 08/06/19,l,Susp Person,3,1181 CALIFORNIA AVE; SMITH N NOBLE,COR
,,19C070484,16:02:01 08/06/19,l,Follow Up,4,737 MAGNOLIA AVE; BROOKDALE,COR
,,19C070485,16:04:32 08/06/19,l,Alarm Call,2,1129 ARCHER CIR,COR
,,19C070486,16:05:04 08/06/19,l,Flag Down,4,2250 S MAIN ST; MISSION SURGICAL CLINIC,COR
,,19C070488,16:09:02 08/06/19,l,Under Influence,2,1290 E ONTARIO AVE; WALMART,COR
,,19C070489,16:15:58 08/06/19,l,Comm Burg Past,4,3915 GREEN RIVER RD; CUBE SMART STORAGE,COR
,,19C070490,16:16:40 08/06/19,l,Petty Theft P,4,550 HIDDEN VALLEY PKWY; STATER BROS MARKETS,COR
,,19C070493,16:21:27 08/06/19,l,Additional Info,4,510 VIEWPOINTE CIR; LL CONT,COR
,,19C070494,16:22:29 08/06/19,l,Welfare Check,2,605 E ONTARIO AVE,COR
,,19C070497,16:27:24 08/06/19,l,Property Check,4,3915 GREEN RIVER RD; CUBE SMART STORAGE,COR
,,19C070498,16:27:25 08/06/19,f,ZZAbdominalPa in,1,3412 WEXFORD CIR; ABBEY ELDER CARE INC,COR
,,19C070499,16:30:43 08/06/19,lf,Battery Injury,1,930 E SIXTH ST # #; SKATE PARK CITY PARK,COR
,,19C070500,16:41:36 08/06/19,l,Alarm Call,2,2261 INDIGO HILLS DR # 3,COR
,,19C070501,16:42:19 08/06/19,f,ZZFwy Acc w/ inj,1,91 EB GREEN RIVER 71,RVC
,,19C070503,16:45:52 08/06/19,l,Citizen Contact,3,2960 DOUGLAS WAY; LL CONT,COR
,,19C070504,16:46:21 08/06/19,f,ZZSeizure,1,133 N BUENA VISTA AVE # K,COR
,,19C070507,16:49:02 08/06/19,l,Petty Theft P,4,951 BLOSSOMCREEK LN,COR
,,19C070509,16:50:41 08/06/19,l,Accident,2,MASTERS DR & PRAIRIE DUNES DR,COR
,,19C070510,16:53:00 08/06/19,l,Dist/Verbal,2,928 N COTA ST # D,COR
,,19C070511,16:53:31 08/06/19,l,Disturb Peace,3,929 N COTA ST;#D,COR
,,19C070512,16:57:52 08/06/19,l,Accident,2,MASTERS DR & PRAIRIE DUNES DR,COR
,,19C070514,17:03:57 08/06/19,l,Disturb Peace,3,1285 CORONA POINTE CT; FIRST BANK,COR
,,19C070518,17:08:44 08/06/19,l,911 Hangup,2,480 N MCKINLEY ST,COR
,,19C070525,17:18:36 08/06/19,l,Alarm Call,2,2147 APPLEGATE DR;CHRISTIE BLACK RES,COR
,,19C070529,17:23:01 08/06/19,l,Patrol Info,4,479 N MCKINLEY ST; WALMART; CODE 5,COR
,,19C070531,17:25:49 08/06/19,l,Citizen Contact,3,304 W MONTEREY RD;OUTSIDE PD,COR
,,19C070532,17:27:24 08/06/19,l,Hazard,3,E ONTARIO AVE & S MAIN ST,COR
,,19C070533,17:30:14 08/06/19,f,ZZSick,1,623 E SIXTH ST; FRIDAS MEXICAN CUISINE AND CAFE,COR
,,19C070536,17:37:04 08/06/19,l,Auto Theft Past,3,1741 COOLIDGE ST,COR
,,19C070537,17:37:54 08/06/19,l,Alarm Call,2,1810 FULLERTON AVE # 204; DR JONG DMD; GRANT JONES COR DND,
,,19C070538,17:47:13 08/06/19,l,Citizen Contact,3,846 BUCKEYE CIR,COR
,,19C070539,17:48:18 08/06/19,l,Welfare Check,2,GREEN RIVER RD & SERFAS CLUB DR,COR
,,19C070540,17:53:41 08/06/19,l,911 Hangup,2,210 S LINCOLN AVE,COR
,,19C070541,17:57:01 08/06/19,l,Patrol Info,4,4721 GREEN RIVER RD; SHELL GAS ; 23152,COR
,,19C070542,17:57:07 08/06/19,l,Keep The Peace,3,3343 WILLOW PARK CIR,COR
,,19C070544,18:06:38 08/06/19,f,ZZBreathing,1,2197 STONERIDGE DR # 12,COR
,,19C070546,18:13:11 08/06/19,l,Alarm Call,2,1215 GRAPHITE DR; PARK WEST LANDSCAPE INC,COR
,,19C070547,18:13:46 08/06/19,f,ZZPublicSrvceF,2,1916 CORDOZA ST ; LIFT AND ASSIST,COR
,,19C070549,18:15:23 08/06/19,l,Dist/Verbal,2,21 SUMMERWOOD CT # B;,COR
,,19C070553,18:29:29 08/06/19,l,Civil Problem,4,312 S WASHBURN AVE;PARKING LOT OF PD,COR
,,19C070554,18:32:54 08/06/19,l,Stranded Veh,3,N MCKINLEY ST & SHOPPING CENTER,COR
,,19C070557,18:40:27 08/06/19,l,Cite Sign Off,4,730 PUBLIC SAFETY WAY; CORONA POLICE,COR
,,19C070558,18:44:04 08/06/19,l,Alarm Call,2,1532 VANDAGRIFF WAY,COR
,,19C070559,18:49:18 08/06/19,lf,Patrol Info,4,522 N MAIN ST; FIRESTONE COMPLETE AUTO CARE,COR
,,19C070566,18:58:37 08/06/19,l,911 Hangup,2,2033 CALIFORNIA AVE,COR
,,19C070567,18:59:13 08/06/19,l,Alarm Call,2,372 N SMITH AVE; PRICE MANFACTURING COMPANY INC,COR
,,19C070568,19:01:27 08/06/19,f,ZZFall,1,1899 PROVIDENCE WAY,COR
,,19C070570,19:07:31 08/06/19,l,Fraud Past,4,419 S HOWARD ST ; LL CONT 653M,COR
,,19C070572,19:10:33 08/06/19,l,Court Order Vio,3,911 COTTONWOOD CT; MPRET / 87 FRONT OF PD,COR
,,19C070573,19:14:24 08/06/19,f,ZZTrauma,1,1820 RIMPAU AVE; CENTENNIAL HIGH SCHOOL,COR
,,19C070574,19:16:51 08/06/19,l,Alarm Call,2,1215 GRAPHITE DR; PARK WEST LANDSCAPE INC,COR
,,19C070575,19:19:30 08/06/19,l,Domestic Distur,2,419 S RAMONA AVE,COR
,,19C070576,19:22:33 08/06/19,l,Resid Burg Past,4,2901 VIA MILANO # 202,COR
,,19C070579,19:31:20 08/06/19,l,Resid Burg I/P,2,669 HUNTLEY DR,COR
,,19C070580,19:33:26 08/06/19,l,911 Hangup,2,210 S LINCOLN AVE,COR
,,19C070581,19:34:06 08/06/19,f,ZZCarbon Alarm,2,1915 SAN REMO DR # 104;,COR
,,19C070582,19:41:18 08/06/19,f,Assault Injury,1,741 BUTTERNUT LN,CRA
,,19C070584,19:53:12 08/06/19,lf,ZZIllegal Burn,1,RIMPAU AVE & E ONTARIO AVE,COR
,,19C070585,19:59:18 08/06/19,l,Property Check,4,1206 MAGNOLIA AVE; CORONA MARKETPLACE AT CORONA MARKETPLACE,COR
,,19C070587,20:05:28 08/06/19,l,Citizen Contact,3,710 S JOY ST; LL CONT,COR
,,19C070588,20:06:11 08/06/19,l,Disturb Peace,3,2160 HIGHPOINTE DR # 211,COR
,,19C070589,20:08:18 08/06/19,l,Mail Theft P,4,684 VALLEYWOOD CIR ;ll cont,COR
,,19C070593,20:12:08 08/06/19,f,ZZCarbon Alarm,2,1915 SAN REMO DR # 104,COR
,,19C070596,20:25:28 08/06/19,l,Property Check,4,1190 W SIXTH ST; FITNESS 19 CA 110 LLC AT PLAZA ON SIXTH STR,COR
,,19C070597,20:26:17 08/06/19,f,ZZPublicSrvceF,2,1915 SAN REMO DR # 104,COR
,,19C070598,20:29:09 08/06/19,l,911 Hangup,2,805 S RAMONA AVE,COR
,,19C070599,20:34:30 08/06/19,l,Under Influence,2,820 WINDSTREAM ST # L ; 415,COR
,,19C070600,20:40:28 08/06/19,l,Follow Up,4,585 EBBCREEK ST # I,COR
,,19C070601,20:42:33 08/06/19,l,Alarm Call,2,418 N MAIN ST; METRO AT MAIN ST,COR
,,19C070602,20:43:44 08/06/19,l,Citizen Contact,3,1208 MAGNOLIA AVE; SEARS OUTLET 9150 AT CORONA MARKETPLACE,COR
,,19C070603,20:52:11 08/06/19,l,Welfare Check,2,1002 W EIGHTH ST ;poss elder abuse,COR
,,19C070604,20:55:25 08/06/19,l,Shoplifting,3,1290 E ONTARIO AVE; WALMART,COR
,,19C070606,21:12:08 08/06/19,f,ZZMedical Alert,1,1127 STONE PINE LN # E,COR
,,19C070607,21:14:46 08/06/19,l,Fire Code Vio,4,598 SANTANA WAY; SANTANA PARK,COR
,,19C070608,21:16:35 08/06/19,l,Additional Info,4,1950 COMPTON AVE # 110; AEGIS SECURITY; LL CONT FOR COR 235,
,,19C070609,21:18:13 08/06/19,f,ZZMedical Alert,1,2600 S MAIN ST; CORONA POST ACUTE; #26,COR
YES,'Nature' garbled text (embedded symbol),19C070610,21:18:38 08/06/19,f,ZZFaint/Uncons,1,310 REED CIR; U S CONTINENTAL MARKETING INC,COR
,,19C070611,21:25:16 08/06/19,l,911 Hangup,2,536 ALCOA CIR,COR
,,19C070612,21:30:35 08/06/19,f,ZZSick,1,1206 LIME ST,COR
,,19C070613,21:31:32 08/06/19,l,911 Hangup,2,1919 RAYMOR AVE,COR
,,19C070614,21:39:18 08/06/19,l,Area Check,3,4901 GREEN RIVER RD # 281,COR
,,19C070615,21:42:15 08/06/19,l,Property Check,4,400 N MAIN ST,COR
,,19C070616,21:42:29 08/06/19,l,Fire Code Vio,4,598 SANTANA WAY # #; SKATE PARK SANTANA PARK,COR
,,19C070617,21:43:57 08/06/19,l,Hazard,3,VALENCIA RD & RIMPAU AVE,COR
,,19C070618,21:44:11 08/06/19,l,Property Check,4,111 N LINCOLN AVE; ARCO AM PM,COR
,,19C070620,21:46:39 08/06/19,f,ZZFall,1,115 W RANCHO RD,COR
,,19C070621,21:47:31 08/06/19,l,Susp Person,3,3200 NELSON ST,COR
,,19C070622,21:49:43 08/06/19,l,Loud Party,3,2339 S COTA AVE,COR
,,19C070623,21:50:43 08/06/19,l,Property Check,4,1150 W TENTH ST; CORONA HIGH SCHOOL,COR
,,19C070624,21:55:29 08/06/19,l,911 Hangup,2,526 MAGNOLIA AVE,COR
,,19C070625,21:55:36 08/06/19,l,911 Hangup,2,1717 VIA DEL RIO; IGLESIA CHURCH,COR
,,19C070626,21:55:45 08/06/19,l,Welfare Check,2,241 W RINCON ST; ARTISAN APTS;#422,COR
,,19C070627,22:03:19 08/06/19,l,Property Check,4,1130 W SIXTH ST; SUPERIOR MARKET,COR
,,19C070628,22:04:30 08/06/19,l,Hazard,3,1350 VALENCIA RD; ORANGE ELEMENTARY,COR
,,19C070629,22:08:43 08/06/19,l,Property Check,4,255 E RINCON ST; PRIMERICA FINANCIAL SERVICES,COR
YES,'Nature' garbled text (embedded symbol),19C070630,22:21:50 08/06/19,f,ZZFaint/Uncons,1,7901 MARILYN DR,ELC
,,19C070631,22:26:45 08/06/19,l,Loud Noise,3,2339 S COTA AVE ;2ND RESPNSE,COR
,,19C070632,22:29:21 08/06/19,lf,Welfare Check,2,312 E NINTH ST; VICTORIA PARK ;POSS DK TRANSIENT,COR
,,19C070633,22:29:23 08/06/19,l,Follow Up,4,784 PUBLIC SAFETY WAY,COR
,,19C070634,22:29:50 08/06/19,l,Patrol Info,4,N MCKINLEY ST & PROMENADE AVE,COR
,,19C070635,22:34:32 08/06/19,f,ZZMedical Alert,1,20150 LAYTON ST,ELC
,,19C070636,22:43:43 08/06/19,,,,BALSAM LN & RIDGEVIEW TERRACE,CRA
,,19C070637,22:45:03 08/06/19,l,Property Check,4,1811 S LINCOLN AVE; CORONA THANKSGIVING,COR
,,19C070638,22:51:22 08/06/19,l,Auto Theft Rec,4,1080 NIGHTCREST CIR,COR
,,19C070639,22:53:16 08/06/19,l,Susp Person,3,847 SHASTA DR,COR
,,19C070641,22:56:02 08/06/19,l,Traffic Stop,4,MAGNOLIA AVE & EL CAMINO AVE,COR
,,19C070643,23:01:13 08/06/19,l,Alarm Call,2,2005 S VICENTIA AVE; VICENTIA ELEMENTARY SCHOOL,COR
,,19C070644,23:04:19 08/06/19,l,911 Hangup,2,2585 S MAIN ST; SOUTH HILLS CHURCH,COR
,,19C070645,23:08:37 08/06/19,l,Traffic Stop,4,E FOOTHILL PKWY & S MAIN ST,COR
,,19C070646,23:13:05 08/06/19,l,911 Hangup,2,2585 S MAIN ST; SOUTH HILLS CHURCH,COR
,,19C070648,23:22:36 08/06/19,l,Property Check,4,1150 W TENTH ST; CORONA HIGH SCHOOL,COR
,,19C070649,23:28:47 08/06/19,l,Property Check,4,2315 CALIFORNIA AVE; DYKSTRAS CAR WASH,COR
,,19C070650,23:33:52 08/06/19,l,Disturb Peace,3,2632 HUDSON AVE,COR
,,19C070651,23:38:10 08/06/19,l,Alarm Call,2,2867 SAMPSON AVE; YOUR PARTY SOLUTIONS INC,COR
,,19C070652,23:39:11 08/06/19,l,Property Check,4,1010 W CITRON ST; RANEY INTERMEDIATE SCHOOL,COR
,,19C070653,23:45:38 08/06/19,l,Vandalism,3,390 RICHEY CIR ;HILLS OF CORONA APTS,COR
,,19C070654,23:51:36 08/06/19,l,Alarm Call,2,710 E SIXTH ST; SILVER DOLLAR PANCAKE HSE INC,COR
,,19C070655,00:01:08 08/07/19,l,Robbery,1,1535 E ONTARIO AVE # 105; SOMBRERO MEXICAN FOOD,COR
,,19C070658,00:12:24 08/07/19,l,Suspicious Circ,3,1023 CIRCLE CITY DR # A; POSS ATT 459RESD,COR
,,19C070660,00:19:12 08/07/19,l,Patrol Info,4,14326 Schleisman Rd Eastvale ; 211 with gun,
,,19C070661,00:27:12 08/07/19,l,DV-Assault Past,3,3352 KENTUCKY LN,COR
,,19C070663,00:35:36 08/07/19,l,Area Check,3,1991 TALSHIRE LN ; rp req cont,COR
,,19C070664,00:36:07 08/07/19,l,Suspicious Circ,3,1023 CIRCLE CITY DR # A,COR
,,19C070665,00:49:26 08/07/19,l,911 Hangup,2,881 CORSICA DR,COR
,,19C070666,01:12:30 08/07/19,l,Assist Othr Dpt,3,1512 CLASSICO WAY ;AOD UC IRVINE PD,COR
,,19C070667,01:17:52 08/07/19,l,Property Check,4,2125 STAGECOACH DR; STAGECOACH PARK,COR
,,19C070668,01:18:42 08/07/19,l,Alarm Call,2,430 N MCKINLEY ST; 99 RANCH MARKET,COR
,,19C070669,01:31:11 08/07/19,l,Traffic Stop,4,RAILROAD ST & N SHERIDAN ST,COR
,,19C070670,01:34:32 08/07/19,l,911 Hangup,2,3100 S MAIN ST,COR
,,19C070671,01:35:22 08/07/19,f,ZZFall,1,2600 S MAIN ST ; #7,COR
,,19C070672,01:37:31 08/07/19,l,Property Check,4,1886 BUTTERFIELD DR; BUTTERFIELD PARK,COR
,,19C070673,02:12:48 08/07/19,l,Alarm Call,2,2867 SAMPSON AVE; YOUR PARTY SOL,COR
,,19C070674,02:15:08 08/07/19,l,Susp Person,3,1222 S SHERIDAN ST,COR
,,19C070675,02:48:55 08/07/19,l,Alarm Call,2,525 S MAPLE ST; UNITED RENTALS,COR
,,19C070676,02:55:50 08/07/19,l,Assist Othr Dpt,3,1402 ELGIN WAY,COR
,,19C070677,02:55:54 08/07/19,lf,Man Down,1,19793 GRANDVIEW DR,ELC
,,19C070678,03:37:52 08/07/19,f,ZZPregnancy,1,441 WELLESLEY DR # 102,COR
,,19C070679,03:53:32 08/07/19,l,Alarm Call,2,1150 W TENTH ST; CORONA HIGH SCHOOL,COR
,,19C070680,03:55:01 08/07/19,l,911 Hangup,2,505 S BUENA VISTA AVE,COR
,,19C070681,05:00:54 08/07/19,l,911 Hangup,2,110 W UPPER DR; CFD 6,COR
,,19C070682,05:03:38 08/07/19,l,911 Hangup,2,2970 RIMPAU AVE,COR
,,19C070683,05:41:18 08/07/19,l,Alarm Call,2,109 N MAPLE ST # D; UBER DETAIL,COR
,,19C070684,05:41:46 08/07/19,f,ZZSeizure,1,412 W SEVENTH ST,COR
,,19C070685,05:42:16 08/07/19,l,Silent Comm 211,1,1029 RAILROAD ST;TRICAL INC,COR
,,19C070686,05:56:41 08/07/19,l,Alarm Call,2,1322 ARBORWOOD CIR,COR
,,19C070687,06:02:20 08/07/19,l,Alarm Call,2,1255 RIVER RD; AUBURNDALE INTERMEDIATE,COR
,,19C070688,06:02:27 08/07/19,l,Comm Burg Past,4,109 N MAPLE ST ; UBER DETAIL,COR
,,19C070689,06:05:54 08/07/19,l,Susp Person,3,211 W RINCON ST; ARTISAN APTS,COR
,,19C070690,06:05:58 08/07/19,l,Accident,2,800 S TEMESCAL ST;WASTE MANAGEMENT,COR
,,19C070691,06:17:20 08/07/19,l,Illegal Dumping,3,1693 RIMPAU AVE;COUTES HEATING AND COOLING,COR
,,19C070694,06:25:42 08/07/19,l,Alarm Call,2,375 KLUG CIR; CAPPUCCINE INC,COR
,,19C070696,06:29:51 08/07/19,l,Traffic Detail,4,1700 W ONTARIO AVE,COR
,,19C070697,06:47:22 08/07/19,l,911 Hangup,2,3950 S MAIN ST; ATT TOWER,COR
,,19C070699,06:57:26 08/07/19,l,Traffic Stop,4,CRESTA RD & TERMINO AVE,COR
,,19C070700,07:03:00 08/07/19,l,Follow Up,4,19751 KATY WAY,ELC
,,19C070702,07:24:10 08/07/19,l,911 Hangup,2,1054 E THIRD ST,COR
,,19C070703,07:24:19 08/07/19,l,Property Check,4,550 HIDDEN VALLEY PKWY; SCHOOLS FIRST CREDIT UNION,COR
,,19C070704,07:26:27 08/07/19,l,Found Property,4,1155 VALENCIA RD; JAMESON PARK,COR
,,19C070705,07:29:42 08/07/19,l,Property Check,4,175 E ONTARIO AVE # 101; MR YOU EXPRESS,COR
,,19C070707,07:40:45 08/07/19,l,Ped Check,4,N MCKINLEY ST & GRIFFIN WAY,COR
,,19C070708,07:42:44 08/07/19,l,Follow Up,4,730 PUBLIC SAFETY WAY; CORONA POLICE,COR
,,19C070709,07:43:29 08/07/19,l,Traffic Stop,4,1454 CRESTA RD,COR
,,19C070710,07:47:55 08/07/19,l,Property Check,4,777 N TEMESCAL ST,COR
,,19C070711,07:49:41 08/07/19,l,Auto Tampr Past,4,1641 SAN ALMADA RD; LL CONT,COR
,,19C070713,07:52:13 08/07/19,l,Trespass,3,860 HOMESTEAD RD,COR
,,19C070714,08:00:53 08/07/19,l,Property Check,4,1550 E ONTARIO AVE; SHELL GAS,COR
,,19C070715,08:07:08 08/07/19,l,Traffic Detail,4,2800 PROMENADE AVE,COR
,,19C070717,08:09:20 08/07/19,l,Z-Animal AbuseP,4,1057 W EIGHTH ST,COR
,,19C070718,08:10:13 08/07/19,l,Ill Parked Veh,4,2026 CECILIA CIR; AFFINITY FLAVORS,COR
,,19C070719,08:11:41 08/07/19,l,Traffic Stop,4,BUCHANAN ST & MAGNOLIA AVE,RIV
,,19C070720,08:15:39 08/07/19,l,Additional Info,4,1694 BERYL LN ; FRONT COUNTER,COR
,,19C070721,08:23:58 08/07/19,l,Vandalism Past,4,E KENDALL ST & S MAIN ST; LL CONT,COR
,,19C070722,08:24:20 08/07/19,l,Public Service,3,956 AVENIDA DEL VISTA,COR
,,19C070723,08:25:39 08/07/19,l,Property Check,4,1031 W SIXTH ST; CORONA POA,COR
,,19C070725,08:35:56 08/07/19,l,Dist/Verbal,2,1057 W EIGHTH ST,COR
,,19C070726,08:36:06 08/07/19,l,Welfare Check,2,1537 PLAZA DE NOCHE # 8,COR
,,19C070727,08:37:15 08/07/19,l,Traffic Stop,4,E SIXTH ST & RIMPAU AVE,COR
,,19C070728,08:40:06 08/07/19,f,ZZ Fwy Burns,1,91 WB MAIN LINCOLN,COR
,,19C070729,08:40:24 08/07/19,l,Fraud Past,4,1137 BRADFORD CIR; 3V FASTENERS COMPANY INC ;FRONT COUNTER,COR
,,19C070730,08:43:46 08/07/19,l,911 Hangup,2,1717 VIA DEL RIO,COR
,,19C070732,08:53:42 08/07/19,l,Disturb Peace,3,1635 KELLOGG AVE; KELLOGG PARK,COR
,,19C070733,08:57:54 08/07/19,l,Traffic Stop,4,1122 RAILROAD ST,COR
,,19C070734,08:58:07 08/07/19,l,DV-Assault Past,3,3352 KENTUCKY LN ; FRONT COUNTER,COR
,,19C070735,08:58:28 08/07/19,l,Patrol Info,4,930 E SIXTH ST; CITY PARK,COR
,,19C070736,08:59:43 08/07/19,l,Traffic Stop,4,RAILROAD ST & N SHERIDAN ST,COR
,,19C070738,09:10:21 08/07/19,l,Property Check,4,3500 PALISADES DR,COR
,,19C070739,09:18:51 08/07/19,l,Welfare Check,2,1549 BORDER AVE # C,COR
,,19C070740,09:25:12 08/07/19,l,Keep The Peace,3,312 S WASHBURN AVE,COR
,,19C070741,09:32:56 08/07/19,l,Property Check,4,480 N MAIN ST; STARBUCKS,COR
,,19C070742,09:34:16 08/07/19,l,911 Hangup,2,2425 POMONA RD,COR
,,19C070743,09:37:50 08/07/19,l,Alarm Call,2,1225 QUIVERO CIR,COR
,,19C070744,09:43:17 08/07/19,l,Ill Parked Veh,4,1252 DORIS LN ; FIRE LANE,COR
,,19C070745,09:44:24 08/07/19,l,911 Hangup,2,598 SANTANA WAY; SANTANA PARK,COR
,,19C070746,09:44:26 08/07/19,l,911 Hangup,2,1220 W ONTARIO AVE,COR
,,19C070747,09:46:47 08/07/19,l,911 Hangup,2,857 AUTUMN LN,COR
,,19C070748,09:47:39 08/07/19,l,Property Check,4,2437 TUSCANY ST,COR
,,19C070749,09:49:03 08/07/19,l,911 Hangup,2,844 AUTUMN LN,COR
,,19C070750,09:50:04 08/07/19,l,Cite Sign Off,4,730 PUBLIC SAFETY WAY; CORONA POLICE,COR
,,19C070751,09:50:43 08/07/19,l,Property Check,4,7500 EL CERRITO RD,ELC
,,19C070752,09:51:04 08/07/19,l,911 Hangup,2,851 AUTUMN LN,COR
,,19C070758,10:04:23 08/07/19,l,Susp Vehicle,3,1015 MONTECITO DR,COR
,,19C070759,10:05:42 08/07/19,l,Welfare Check,2,120 W ONTARIO AVE;SPROUTS,COR
,,19C070760,10:09:32 08/07/19,l,Cite Sign Off,4,730 PUBLIC SAFETY WAY; CORONA POLICE,COR
,,19C070761,10:10:22 08/07/19,l,Disturb Peace,3,702 W SIXTH ST;SOUTHWEST DEALERS INSURANCE,COR
,,19C070762,10:12:16 08/07/19,f,ZZSick,1,1168 PASEO TASCO CIR,COR
,,19C070763,10:14:19 08/07/19,l,Found Property,4,1155 VALENCIA RD; JAMESON PARK,COR
,,19C070764,10:21:11 08/07/19,f,ZZ Fire Test,2,90 W GRAND BLVD,COR
,,19C070765,10:22:26 08/07/19,f,ZZ Fire Test,2,80 W GRAND BLVD,COR
,,19C070766,10:24:44 08/07/19,l,Patrol Info,4,3555 GRAND OAKS; CHICK FIL A,COR
,,19C070767,10:37:15 08/07/19,l,Traffic Stop,4,S JOY ST & E TENTH ST,COR
,,19C070768,10:40:47 08/07/19,l,911 Hangup,2,2585 S MAIN ST; SOUTH HILLS CHURCH,COR
,,19C070769,10:41:07 08/07/19,lf,Accident Inj,1,23740 TEMESCAL CANYON RD,TEM
,,19C070770,10:41:43 08/07/19,l,Property Check,4,1635 KELLOGG AVE; KELLOGG PARK,COR
,,19C070771,10:49:28 08/07/19,l,Domestic Distur,2,1790 VIA PACIFICA # A105; PARCWOOD APARTMENTS; HEARD ONLY,COR
,,19C070773,10:55:36 08/07/19,l,Property Check,4,200 E GRAND BLVD,COR
,,19C070774,10:56:20 08/07/19,l,911 Hangup,2,685 N COTA ST,COR
,,19C070775,10:58:19 08/07/19,l,911 Hangup,2,2538 HIDDEN CREEK ST,COR
,,19C070776,10:58:47 08/07/19,l,Public Service,3,1910 FULLERTON AVE; VINTAGE TERRACE APTS,COR
,,19C070777,11:04:00 08/07/19,l,Found Property,4,BORDER AVE & BRENTWOOD CIR;LOBBY,COR
,,19C070778,11:06:45 08/07/19,l,Runaway,3,1808 S MAIN ST,COR
,,19C070779,11:06:54 08/07/19,l,911 Hangup,2,210 TELLER ST; PREPRODUCTION PLASTICS INC,COR
,,19C070780,11:08:37 08/07/19,l,911 Hangup,2,493 W ORANGE HEIGHTS LN,COR
,,19C070781,11:13:30 08/07/19,l,Property Check,4,185 MAGNOLIA AVE; LEE POLLARD HIGH SCHOOL,COR
,,19C070782,11:15:03 08/07/19,lf,ZZSick,1,E ONTARIO AVE & 15 SB OFF RAMP,COR
,,19C070783,11:17:36 08/07/19,l,911 Hangup,2,3594 NELSON ST,COR
,,19C070784,11:19:58 08/07/19,f,ZZChest Pains,1,123 S BUENA VISTA AVE ; test test,COR
,,19C070785,11:22:09 08/07/19,f,ZZSick,1,901 SAPPHIRE LN,COR
,,19C070786,11:24:55 08/07/19,l,Property Check,4,2125 STAGECOACH DR; STAGECOACH PARK,COR
,,19C070787,11:25:04 08/07/19,l,Suspicious Circ,3,921 S BELLE AVE; SENIOR CENTER,COR
,,19C070789,11:29:02 08/07/19,lf,ZZSick,1,225 W SIXTH ST; CITIZENS BANK,COR
YES,'Nature' garbled text (embedded symbol),19C070790,11:30:03 08/07/19,f,ZZFaint/Uncons,1,730 MAGNOLIA AVE; CORONA REGIONAL MEDICAL CENTER,COR
,,19C070791,11:31:33 08/07/19,l,Stranded Veh,3,MAGNOLIA AVE & N MCKINLEY ST,COR
,,19C070792,11:33:39 08/07/19,f,ZZCommrcal Alrm,1,1150 PASEO GRANDE; CESAR CHAVEZ ELEMENTARY SCHOOL,COR
,,19C070796,11:39:35 08/07/19,l,Annoying Calls,3,1320 WOODBROOK WAY; VILLAGE GROVE MHP,COR
,,19C070797,11:40:12 08/07/19,l,911 Hangup,2,1130 W SIXTH ST,COR
,,19C070798,11:42:34 08/07/19,l,Loitering,3,2191 SAMPSON AVE; CARPET IN CORP AT MCKINLEY COMMERCE CENTER,COR
,,19C070800,11:45:23 08/07/19,l,Property Check,4,1297 E ONTARIO AVE # 107; RUBIOS COSTAL GRILL,COR
,,19C070801,11:47:46 08/07/19,l,Property Check,4,W RINCON ST & CORYDON ST,COR
,,19C070803,11:51:21 08/07/19,l,911 Hangup,2,881 1/2 CORSICA DR,
YES,'Location' garbled/scrambled text,19C070804,11:55:02 08/07/19,l,Petty Theft P,4,1829 ROCKCREST DR;LL CONT,COR
,,19C070805,11:58:42 08/07/19,l,Drunk Driver,2,1353 W SIXTH ST; CHUCKWAGON BAR AND GRILL,COR
,,19C070806,12:08:05 08/07/19,l,Defraud Inkpr P,4,430 N MCKINLEY ST,COR
,,19C070807,12:17:27 08/07/19,l,Susp Person,3,1225 E ST,COR
,,19C070808,12:19:35 08/07/19,l,Accident,2,1215 MAGNOLIA AVE; MCDONALDS,COR
,,19C070809,12:21:32 08/07/19,l,Patrol Info,4,19494 RIVER ROCK RD,COR
,,19C070810,12:21:44 08/07/19,l,Patrol Info,4,18750 MINNESOTA RD,ELC
,,19C070812,12:27:59 08/07/19,l,Alarm Call,2,2615 TUSCANY ST;TARGET,COR
,,19C070814,12:35:01 08/07/19,l,Susp Person,3,MAGNOLIA AVE & RIMPAU AVE;KNIFE,COR
,,19C070815,12:35:28 08/07/19,l,Petty Theft P,4,912 BROOKWOOD DR ; LL CONT,COR
,,19C070816,12:40:46 08/07/19,l,Disturb Peace,3,E GRAND BLVD & E SECOND ST; LL CONT,COR
,,19C070817,12:41:03 08/07/19,l,Dist/Verbal,2,N COTA ST & MALLOY CT,COR
,,19C070818,12:45:57 08/07/19,l,Flag Down,4,N COTA ST & PUBLIC SAFETY WAY,COR
,,19C070819,12:52:07 08/07/19,l,Traffic Stop,4,W SECOND ST & W GRAND BLVD,COR
,,19C070822,12:59:11 08/07/19,l,911 Hangup,2,1688 PLUM ST,COR
,,19C070824,12:59:51 08/07/19,l,Ped Check,4,923 W SIXTH ST; PETERS BURGERS,COR
,,19C070825,13:00:33 08/07/19,l,911 Hangup,2,2585 S MAIN ST,COR
,,19C070827,13:02:23 08/07/19,l,Ped Check,4,1016 S WASHBURN AVE,COR
,,19C070828,13:02:25 08/07/19,l,Accident,2,MAGNOLIA AVE & E ONTARIO AVE,COR
,,19C070829,13:03:37 08/07/19,l,Hazard,3,1415 CIRCLE CITY DR,COR
,,19C070830,13:08:29 08/07/19,l,Susp Person,3,1406 W SIXTH ST; RALLYS AT ARBYS CENTER,COR
,,19C070831,13:14:01 08/07/19,l,911 Hangup,2,558 POWER GROVE,COR
YES,'Nature' garbled text (embedded symbol),19C070834,13:24:01 08/07/19,f,ZZFaint/Uncons,1,1820 RIMPAU AVE ; CENTENNIAL HIGH,COR
,,19C070835,13:26:25 08/07/19,l,Drunk In Public,2,1353 W SIXTH ST,COR
,,19C070836,13:28:07 08/07/19,l,Drunk In Public,2,W SIXTH ST & S SHERMAN AVE,COR
,,19C070837,13:30:17 08/07/19,l,Property Check,4,2331 KELLOGG AVE,COR
,,19C070838,13:33:49 08/07/19,l,Reckless Driver,3,S LINCOLN AVE & D ST,COR
,,19C070841,13:39:42 08/07/19,f,ZZGas Leak Maj,1,560 W RINCON ST,COR
,,19C070842,13:42:33 08/07/19,l,Assist Othr Dpt,3,506 W RINCON ST,COR
,,19C070844,13:45:34 08/07/19,f,ZZFall,1,737 MAGNOLIA AVE ;BROOKDALE ; FRNT LOBBY,COR
,,19C070845,13:49:44 08/07/19,l,Veh Burg I/P,2,450 N MCKINLEY ST,COR
,,19C070846,13:50:44 08/07/19,l,Follow Up,4,655 LANCER LN,COR
,,19C070848,13:53:48 08/07/19,l,911 Hangup,2,1359 W SIXTH ST ;ALL SHADE GLASS TINTING,COR
,,19C070849,13:54:12 08/07/19,f,ZZSick,1,2748 FASHION DR # 302,COR
,,19C070850,13:59:55 08/07/19,l,Property Check,4,100 E ONTARIO AVE,COR
,,19C070851,14:01:40 08/07/19,l,Additional Info,4,1550 E ONTARIO AVE; LL CONT,COR
,,19C070853,14:02:27 08/07/19,l,911 Hangup,2,209 E BLAINE ST,COR
,,19C070854,14:04:04 08/07/19,l,Citizen Contact,3,730 PUBLIC SAFETY WAY,COR
,,19C070856,14:04:52 08/07/19,l,911 Hangup,2,2538 HIDDEN CREEK ST,COR
,,19C070857,14:05:21 08/07/19,f,ZZMedical Alert,1,521 N MCKINLEY ST,COR
,,19C070858,14:05:24 08/07/19,f,ZZAA MedicalAid,1,511 TERMINO AVE,COR
,,19C070859,14:06:24 08/07/19,l,911 Hangup,2,209 E BLAINE ST,COR
,,19C070860,14:06:31 08/07/19,l,Welfare Check,2,2538 HIDDEN CREEK ST ;VOIP,COR
,,19C070862,14:09:39 08/07/19,l,911 Hangup,2,2538 HIDDEN CREEK ST,COR
,,19C070864,14:14:28 08/07/19,l,Traffic Stop,4,EL CERRITO RD & 15 SB ON RAMP,COR
,,19C070865,14:15:00 08/07/19,l,Petty Theft,3,785 N MAIN ST; ARCO AM PM,COR
,,19C070866,14:18:30 08/07/19,f,ZZBleeding,1,1353 W SIXTH ST,COR
,,19C070869,14:21:55 08/07/19,f,ZZSick,1,2155 ADRIENNE DR,COR
,,19C070870,14:28:40 08/07/19,l,CMC Violation,4,2455 ANSELMO DR; MONSTER ENERGY ; TRASH DIGGING,COR
,,19C070872,14:33:00 08/07/19,l,Fraud Past,4,2197 STONERIDGE DR # 12; LL CONT C4,COR
,,19C070873,14:35:22 08/07/19,l,911 Hangup,2,805 S RAMONA AVE,COR
,,19C070874,14:39:18 08/07/19,l,Patrol Info,4,1709 SHERBORN ST,COR
,,19C070875,14:45:39 08/07/19,l,Disturb Peace,3,1406 W SIXTH ST,COR
,,19C070877,14:48:34 08/07/19,l,911 Hangup,2,911 BLOSSOM HILL DR,COR
,,19C070878,14:52:32 08/07/19,l,911 Hangup,2,705 N MAIN ST,COR
,,19C070879,14:54:47 08/07/19,l,911 Hangup,2,505 S BUENA VISTA AVE,COR
,,19C070880,14:55:11 08/07/19,l,911 Hangup,2,922 S VICENTIA AVE,COR
,,19C070881,14:56:31 08/07/19,f,ZZSick,1,4331 ALTIVO LN,COR
,,19C070882,15:02:42 08/07/19,l,Follow Up,4,730 PUBLIC SAFETY WAY,COR
,,19C070883,15:04:16 08/07/19,l,Follow Up,4,585 EBBCREEK ST # I,COR
,,19C070884,15:07:46 08/07/19,l,Follow Up,4,510 S MAIN ST; CORONA ANTIQUE MALL,COR
,,19C070885,15:23:50 08/07/19,l,Follow Up,4,1950 COMPTON AVE # 110; AEGIS SECURITY,COR
,,19C070886,15:25:57 08/07/19,l,Patrol Info,4,19211 CONSUL AVE,ELC
,,19C070887,15:38:51 08/07/19,f,ZZBleeding,1,200 N LINCOLN AVE;#220,COR
,,19C070888,15:41:44 08/07/19,l,Dist/Physical,1,1290 E ONTARIO AVE; WALMART,COR
,,19C070889,15:43:00 08/07/19,l,Stalking Past,3,BORDER AVE & VIA PACIFICA ; FRONT COUNTER,COR
,,19C070890,15:51:52 08/07/19,l,Test,4,730 PUBLIC SAFETY WAY,COR
,,19C070891,15:53:12 08/07/19,l,Alarm Call,2,430 RIVER RD;#E;AS YOU LIKE IT CATERING,COR
,,19C070894,16:04:47 08/07/19,l,Lewd Conduct,2,E GRAND BLVD & N JOY ST,COR
,,19C070895,16:06:35 08/07/19,f,ZZPublicSrvceF,2,1384 ORANGEWOOD SQ,COR
,,19C070898,16:08:29 08/07/19,l,Silent Comm 211,1,1189 MAGNOLIA AVE;CITIBANK,COR
,,19C070899,16:08:35 08/07/19,l,Petty Theft P,4,2785 CABOT DR;#7-101;FRONT LOBBY,COR
,,19C070901,16:09:35 08/07/19,l,Patrol Info,4,2781 S LINCOLN AVE,COR
,,19C070902,16:19:43 08/07/19,l,Annoying Calls,3,1141 W SIXTH ST;ALBERTOS;LL CONT,COR
,,19C070904,16:21:39 08/07/19,l,Patrol Info,4,20121 WINTON ST;CODE 5,ELC
,,19C070907,16:27:39 08/07/19,l,911 Hangup,2,4593 TEMESCAL CANYON RD,COR
,,19C070910,16:30:17 08/07/19,f,ZZBleeding,1,2217 YALE CIR,COR
,,19C070913,16:36:12 08/07/19,f,ZZSeizure,1,N JOY ST & E RINCON ST,COR
,,19C070916,16:39:37 08/07/19,l,Drunk Driver,2,MAGNOLIA AVE & RIMPAU AVE,COR
,,19C070917,16:39:53 08/07/19,l,911 Hangup,2,881 CORSICA DR,COR
,,19C070918,16:42:22 08/07/19,l,911 Hangup,2,209 E BLAINE ST,COR
,,19C070921,16:44:41 08/07/19,l,Assist Othr Dpt,3,N JOY ST & E RINCON ST,COR
,,19C070922,16:46:43 08/07/19,f,ZZBreathing,1,1363 PLEASANT VIEW AVE,COR
,,19C070923,16:51:16 08/07/19,l,Property Check,4,190 W CHASE DR,COR
,,19C070924,16:52:41 08/07/19,l,Walk Away,3,800 S MAIN ST; CORONA REGIONAL MEDICAL CENTER,COR
,,19C070925,16:53:49 08/07/19,l,Petty Theft P,4,251 W RINCON;#211; LL CONT,
,,19C070926,16:54:58 08/07/19,l,Auto Theft Past,3,1990 POMONA RD,COR
,,19C070927,17:02:10 08/07/19,l,Domestic Distur,2,CITRUS COMMUNITY PARK,COR
,,19C070928,17:02:41 08/07/19,l,Found Adult,2,915 N MCKINLEY ST; CFD 4,COR
,,19C070929,17:02:52 08/07/19,l,Disturb Peace,3,780 N MAIN ST; MY GYM,COR
,,19C070930,17:11:14 08/07/19,l,Petty Theft P,4,550 HIDDEN VALLEY PKWY; STATER BROS MARKETS,COR
,,19C070931,17:12:15 08/07/19,l,Alarm Call,2,605 ALTA VISTA AVE,COR
,,19C070932,17:15:37 08/07/19,l,Annoying Calls,3,3542 LEHIGH CIR;,COR
,,19C070934,17:18:25 08/07/19,l,Alarm Call,2,191 BUSINESS CENTER DR,COR
,,19C070935,17:27:36 08/07/19,f,ZZSick,1,1384 ORANGEWOOD SQ,COR
,,19C070936,17:30:52 08/07/19,l,Patrol Info,4,W ONTARIO AVE & S MAIN ST,COR
,,19C070938,17:41:31 08/07/19,l,Cross Report,2,1312 HERMOSA DR ;DPSS X/RPT,COR
,,19C070939,17:46:00 08/07/19,l,911 Hangup,2,1626 TURQUOISE DR,COR
,,19C070940,17:46:23 08/07/19,l,911 Hangup,2,598 SANTANA WAY,COR
,,19C070942,17:53:02 08/07/19,l,Vandalism Past,4,1284 CIRCLE CITY DR # B,COR
,,19C070945,18:00:56 08/07/19,l,Fraud Past,4,1199 MAGNOLIA AVE; CARLS JR,COR
,,19C070947,18:04:19 08/07/19,l,911 Hangup,2,1395 E FOOTHILL PKWY,COR
,,19C070950,18:06:50 08/07/19,l,Comm Policing,4,400 S VICENTIA AVE; CITY HALL,COR
,,19C070951,18:08:46 08/07/19,l,DV-Assault Past,3,1210 E SIXTH ST # G; LALOS AUTO SERVICES,COR
,,19C070953,18:11:04 08/07/19,l,Property Check,4,1395 E FOOTHILL PKWY; SANTIAGO HIGH SCHOOL,COR
,,19C070954,18:13:50 08/07/19,l,Citizen Contact,3,785 N MAIN ST,COR
,,19C070955,18:14:01 08/07/19,l,911 Hangup,2,805 S RAMONA AVE,COR
,,19C070957,18:15:41 08/07/19,l,Vandalism Past,4,923 S SHERIDAN ST,COR
,,19C070960,18:20:56 08/07/19,l,Vandalism Past,4,1470 POMONA RD;LLCONT,COR
,,19C070961,18:21:03 08/07/19,l,Runaway,3,1253 CIRCLE CITY DR; #204; LL CONT,COR
,,19C070963,18:25:16 08/07/19,l,Ill Parked Veh,4,1650 S MAIN ST,COR
,,19C070964,18:26:07 08/07/19,l,Fraud Past,4,4525 TEMESCAL CANYON RD;#306 LL CONT,COR
,,19C070966,18:40:48 08/07/19,l,Vandalism Past,4,2975 CAMELLIA CT,COR
,,19C070967,18:50:11 08/07/19,lf,Alarm Call,2,931 OLINDA ST,COR
,,19C070969,18:53:22 08/07/19,l,Welfare Check,2,737 JUNE DR,COR
,,19C070970,18:54:36 08/07/19,f,ZZ Fire Test,2,123 TEST ST,
,,19C070971,18:56:33 08/07/19,l,Follow Up,4,585 EBBCREEK ST # I,COR
,,19C070972,18:57:17 08/07/19,l,911 Hangup,2,598 SANTANA WAY,COR
,,19C070973,18:57:51 08/07/19,l,Patrol Info,4,HIGHGROVE ST & W FOOTHILL PKWY,COR
,,19C070975,19:07:34 08/07/19,l,Alarm Call,2,425 KLUG CIR,COR
,,19C070976,19:16:22 08/07/19,l,Patrol Info,4,3445 HORIZON ST,COR
,,19C070977,19:20:45 08/07/19,lf,Accident,2,1205 RIMPAU AVE; SHELL GAS,COR
,,19C070978,19:35:06 08/07/19,lf,Man Down,1,884 N COTA ST,COR
,,19C070981,19:43:48 08/07/19,l,Patrol Info,4,1150 PASEO GRANDE; CESAR CHAVEZ ELEMENTARY SCHOOL,COR
,,19C070983,19:45:29 08/07/19,l,Ill Parked Veh,4,2459 PURDUE CIR,COR
,,19C070984,19:46:10 08/07/19,f,ZZCommrcal Alrm,1,550 HAMILTON DR,COR
,,19C070985,19:47:07 08/07/19,l,Domestic Distur,2,241 W RINCON ST ;#403 ; ARTISAN APTS,COR
,,19C070986,19:49:47 08/07/19,l,Ill Parked Veh,4,S MAIN ST & MOUNTAIN GATE DR,COR
,,19C070987,19:49:49 08/07/19,l,Area Check,3,1222 MAGNOLIA AVE ;911 HNGUP,COR
,,19C070988,19:55:53 08/07/19,l,Missing Person,2,730 PUBLIC SAFETY WAY;LL CONT,COR
,,19C070989,19:59:42 08/07/19,l,Follow Up,4,730 PUBLIC SAFETY WAY; CORONA POLICE,COR
,,19C070990,20:05:44 08/07/19,l,Assist Othr Dpt,3,1330 MAGNOLIA AVE; ACO,COR
,,19C070991,20:06:38 08/07/19,l,Follow Up,4,1524 ELEGANTE CT,COR
,,19C070992,20:14:05 08/07/19,lf,Accident Inj,1,MAGNOLIA AVE & RIMPAU AVE ; NEAR SUBWAY,COR
,,19C070993,20:14:19 08/07/19,l,Accident,2,1215 MAGNOLIA AVE; MCDONALDS,COR
,,19C070994,20:23:29 08/07/19,l,Follow Up,4,2850 RIDGELINE DR; RIDGELINE PARK; LL CONT,COR
,,19C070995,20:28:14 08/07/19,f,ZZTrauma,1,GREEN RIVER RD & RIDGELINE DR,COR
,,19C070996,20:29:38 08/07/19,l,Follow Up,4,1535 E ONTARIO AVE # 105 ;EL SOMBRERO,COR
YES,'Location' garbled/scrambled text,19C071000,20:35:54 08/07/19,l,Susp Person,3,1041 JADESTONE LN;POSS ATT 459V,COR
,,19C071002,20:39:31 08/07/19,,,,CALIFORNIA / TABER,
,,19C071003,20:40:10 08/07/19,l,Area Check,3,CALIFORNIA AVE & TABER ST ;REF 23103 VEH,COR
,,19C071006,20:44:16 08/07/19,l,Patrol Info,4,1200 ENTERPRISE CT,COR
,,19C071007,20:45:09 08/07/19,l,911 Hangup,2,210 S LINCOLN AVE,COR
,,19C071008,20:50:39 08/07/19,l,911 Hangup,2,1022 BLOSSOM HILL DR,COR
,,19C071009,20:59:21 08/07/19,l,Disturb Peace,3,155 AUTO CENTER DR;METRO LINK;REF TO LEAVE,COR
,,19C071010,21:11:57 08/07/19,l,Susp Person,3,2173 STRATFORD DR,COR
,,19C071011,21:14:31 08/07/19,l,Follow Up,4,15 SB HIDDEN VALLEY MAGNOLIA,COR
,,19C071012,21:15:16 08/07/19,l,Area Check,3,2575 GREEN RIVER RD; SERFAS CLUB PARK ; POSS 11550 OR 647F,COR
,,19C071014,21:31:14 08/07/19,l,Additional Info,4,2901 VIA MILANO # 202;19-08278,COR
,,19C071015,21:35:29 08/07/19,l,Property Check,4,1845 RIMPAU AVE,COR
,,19C071016,21:38:08 08/07/19,l,Chld Abuse Past,2,768 OCHEE CIR; LL CONT,COR
,,19C071018,21:44:26 08/07/19,l,Dist/Physical,1,1028 BURR ST,COR
,,19C071022,21:50:58 08/07/19,l,Disturb Peace,3,2363 CALIFORNIA AVE; #105,COR
,,19C071023,21:53:09 08/07/19,l,Battery,1,2243 EAGLE GLEN PKWY,COR
,,19C071024,21:53:50 08/07/19,l,Missing Person,2,2139 ELLINGTON DR,COR
,,19C071027,22:10:21 08/07/19,f,ZZTrauma,1,1612 S NORMANDY TERRACE;242P,COR
,,19C071028,22:13:51 08/07/19,l,Loud Noise,3,2688 ORCHARD CREST LN,COR
,,19C071029,22:19:58 08/07/19,l,Alarm Call,2,1820 RIMPAU AVE ; CENTENNIAL HIGH,COR
,,19C071030,22:21:15 08/07/19,lf,Battery Injury,1,1612 S NORMANDY TERRACE,COR
,,19C071032,22:25:15 08/07/19,l,Dist/Verbal,2,2240 E TREEMONT PL;#103,COR
YES,'Location' garbled/scrambled text,19C071033,22:25:41 08/07/19,l,Shots Heard,3,445 WELLESLEY DR;HEARD ONLY;POSS 459C,COR
,,19C071035,22:38:55 08/07/19,l,Domestic Distur,2,1219 DORIS LN # 103,COR
,,19C071036,22:48:20 08/07/19,l,Disturb Peace,3,E GRAND BLVD & FULLERTON AVE,COR
,,19C071037,22:55:52 08/07/19,l,911 Hangup,2,1218 E ONTARIO AVE,COR
,,19C071038,22:56:06 08/07/19,l,Traffic Stop,4,W SIXTH ST & S VICENTIA AVE,COR
,,19C071039,22:56:33 08/07/19,f,ZZSick,1,1934 FULLERTON AVE # 202,COR
,,19C071040,23:03:30 08/07/19,l,Follow Up,4,1524 ELEGANTE CT,COR
,,19C071041,23:05:52 08/07/19,l,Loud Noise,3,1014 LA COSTA DR # A204; CONTADORA CONDOS,COR
,,19C071042,23:06:37 08/07/19,l,Trespass,3,2155 HIGHPOINTE DR,COR
,,19C071043,23:11:24 08/07/19,l,Property Check,4,4700 GREEN RIVER RD,COR
,,19C071045,23:28:19 08/07/19,lf,Overdose,1,661 STONEYBROOK DR # 20,COR
,,19C071046,23:30:46 08/07/19,l,Disturb Peace,3,785 N MAIN ST ;ARCO AM PM,COR
,,19C071048,23:54:16 08/07/19,l,Susp Vehicle,3,1750 CALIFORNIA AVE,COR
,,19C071050,23:56:15 08/07/19,l,Area Check,3,629 STONEYBROOK DR,COR
,,19C071051,00:02:27 08/08/19,l,Follow Up,4,730 PUBLIC SAFETY WAY,COR
,,19C071052,00:06:08 08/08/19,lf,Overdose,1,361 WELLESLEY CT;#106,COR
,,19C071053,00:11:05 08/08/19,f,ZZStroke,1,1730 GARRETSON AVE,COR
,,19C071054,00:16:31 08/08/19,f,ZZCarbon Alarm,2,535 RICHEY ST # 112 ; THE HILLS APTS,COR
,,19C071056,00:24:20 08/08/19,l,Alarm Call,2,1395 E FOOTHILL PKWY ;SANTIAGO HIGH,COR
,,19C071057,00:29:13 08/08/19,l,Patrol Info,4,FAIRMONT PARK-RIVERSIDE; 211 GUN,
,,19C071058,00:29:42 08/08/19,l,Alarm Call,2,1820 RIMPAU AVE;CENTENNIAL HIGH SCHOOL,COR
,,19C071059,00:33:47 08/08/19,l,Dist/Verbal,2,629 STONEYBROOK DR;#389,COR
,,19C071060,00:35:00 08/08/19,l,Keep The Peace,3,2291 POSADA CT,COR
,,19C071061,00:39:08 08/08/19,l,Patrol Info,4,VIA BERNARDO & W SIXTH ST,COR
,,19C071063,00:53:57 08/08/19,l,Hit Run No Inj,2,1610 MARIPOSA DR,COR
,,19C071064,01:01:25 08/08/19,l,Alarm Call,2,1181 MAGNOLIA AVE ;WELLS FARGO,COR
YES,'Location' garbled/scrambled text,19C071065,01:02:49 08/08/19,l,Alarm Call,2,1820 RIMPAU AVE;CENTENNIAL HIGH,COR
,,19C071066,01:08:49 08/08/19,l,911 Hangup,2,3594 NELSON ST,COR
,,19C071067,01:18:37 08/08/19,l,Alarm Call,2,1532 VANDAGRIFF WAY,COR
,,19C071068,01:20:01 08/08/19,l,Alarm Call,2,1820 RIMPAU AVE ;CENTENNIAL HIGH; 3RD RESPONSE,COR
,,19C071071,01:37:36 08/08/19,l,Alarm Call,2,1820 RIMPAU AVE ;CENTENNIAL HIGH; 4TH ATV,COR
,,19C071072,01:50:53 08/08/19,l,Area Check,3,1635 KELLOGG AVE; KELLOGG PARK,COR
,,19C071073,02:00:38 08/08/19,l,Property Check,4,4225 PRADO RD # 101; RINKS CORONA,COR
,,19C071074,02:15:05 08/08/19,l,Property Check,4,4300 GREEN RIVER RD # 115; ONE STOP MINI MART,COR
,,19C071076,02:55:12 08/08/19,l,911 Hangup,2,2731 BLUE SPRINGS DR;BUSN,COR
,,19C071077,02:56:58 08/08/19,l,Patrol Info,4,1223 E ST,COR
,,19C071078,03:13:43 08/08/19,l,Battery Past,3,1612 S NORMANDY TERRACE; 87 CRH,COR
,,19C071079,03:16:06 08/08/19,l,Patrol Info,4,91 WB AUTO CENTER 71,RVC
,,19C071080,03:33:33 08/08/19,l,Property Check,4,130 W FOOTHILL PKWY; CHEVRON GAS,COR
,,19C071082,03:42:43 08/08/19,f,ZZCarbon Alarm,2,1930 SAN REMO DR # 203,COR
,,19C071084,03:57:38 08/08/19,l,Patrol Info,4,1910 FRONTAGE RD; AYRES SUITES,COR
,,19C071085,04:11:19 08/08/19,l,Property Check,4,730 PUBLIC SAFETY WAY; CORONA POLICE,COR
,,19C071086,04:14:34 08/08/19,l,Property Check,4,1900 FRONTAGE RD,COR
,,19C071087,04:15:33 08/08/19,f,ZZSick,1,1567 AMBERSWEET ST,COR
,,19C071089,04:20:30 08/08/19,l,Patrol Info,4,1223 E ST,COR
,,19C071090,04:20:32 08/08/19,l,Property Check,4,910 W ONTARIO AVE; RITE AID 5583,COR
,,19C071092,04:25:24 08/08/19,l,Property Check,4,988 W ONTARIO AVE; NORTHPOINT EVANGELICAL FREE CHURCH,COR
,,19C071094,05:02:07 08/08/19,l,911 Hangup,2,815 W SIXTH ST,COR
,,19C071095,05:02:10 08/08/19,f,ZZ Fire Test,2,515 S PROMENADE AVE,COR
,,19C071096,05:12:24 08/08/19,l,Suspicious Circ,3,441 MAGNOLIA AVE; PANDA EXPRESS 1227 AT CORONA VILLAGE,COR
,,19C071097,05:18:27 08/08/19,l,Alarm Call,2,419 N MCKINLEY ST,COR
,,19C071098,05:19:22 08/08/19,l,911 Hangup,2,1095 JADESTONE LN;VOIP,COR
,,19C071099,05:23:33 08/08/19,f,ZZBleeding,1,2900 S BUENA VISTA AVE,COR
,,19C071101,05:30:20 08/08/19,l,911 Hangup,2,2630 SENA ST;PHS2,COR
,,19C071102,05:38:28 08/08/19,l,Drunk Driver,2,3833 BEDFORD CANYON RD,COR
,,19C071105,06:14:57 08/08/19,f,ZZFwy Acc w/ inj,1,91 WB LINCOLN MAPLE,COR
,,19C071106,06:20:35 08/08/19,l,Alarm Call,2,280 SABINA PEAK CIR,COR
,,19C071108,06:25:43 08/08/19,l,Assist Othr Dpt,3,1328 ELM ST,COR
,,19C071109,06:44:59 08/08/19,l,Traffic Stop,4,EL DORADO DR & MASTERS DR,COR
,,19C071110,06:49:17 08/08/19,l,911 Hangup,2,1270 SUNKIST CIR,COR
,,19C071112,06:56:05 08/08/19,l,911 Hangup,2,615 RICHEY ST,COR
,,19C071113,06:58:09 08/08/19,l,Property Check,4,1900 AVIATION DR; CORONA AIRPORT,COR
,,19C071114,07:01:36 08/08/19,l,Patrol Info,4,RADIO RD & E SIXTH ST,COR
,,19C071115,07:05:50 08/08/19,l,Traffic Stop,4,3900 BENNETT AVE,COR
,,19C071117,07:12:39 08/08/19,f,ZZBreathing,1,1523 CAMELOT DR,COR
,,19C071118,07:13:37 08/08/19,f,ZZChest Pains,1,1841 BAYWOOD DR # 102,COR
,,19C071120,07:16:43 08/08/19,l,Alarm Call,2,1051 PRIMROSE LN,COR
,,19C071121,07:17:05 08/08/19,l,Traffic Stop,4,EAGLE GLEN & BEDFORD CANYON RD,COR
,,19C071124,07:21:45 08/08/19,l,Traffic Stop,4,POMONA RD & N LINCOLN AVE,COR
,,19C071127,07:26:04 08/08/19,l,Susp Person,3,514 S SMITH AVE # B-105,COR
,,19C071129,07:30:05 08/08/19,l,Traffic Stop,4,CAJALCO RD & TEMESCAL CANYON RD,COR
,,19C071130,07:39:50 08/08/19,l,Cite Sign Off,4,730 PUBLIC SAFETY WAY; OUTSIDE OF PD,COR
,,19C071134,08:00:49 08/08/19,l,Susp Vehicle,3,KELLOGG AVE & MAGNOLIA AVE,COR
,,19C071135,08:03:38 08/08/19,l,Property Check,4,2500 CAJALCO RD; CROSSINGS SHOPPING CENTER,COR
,,19C071136,08:06:54 08/08/19,l,Property Check,4,550 HAMILTON DR; PROMENADE ELEMENTARY SCHOOL,COR
,,19C071138,08:11:13 08/08/19,l,Susp Vehicle,3,400 S VICENTIA AVE,COR
,,19C071140,08:12:07 08/08/19,l,Vehicle Check,4,TEMESCAL CANYON RD & TOM BARNES ST,COR
YES,'Location' garbled/scrambled text,19C071141,08:14:34 08/08/19,l,Fraud Past,4,4242 HAVENRIDGE DR;LL CONT,COR
,,19C071142,08:14:51 08/08/19,l,Suspicious Circ,3,1200 S MERRILL ST; HUSTED PARK,COR
,,19C071144,08:18:45 08/08/19,l,911 Hangup,2,2370 ANSELMO DR,COR
,,19C071145,08:21:14 08/08/19,l,Alarm Call,2,937 SAVI DR,COR
,,19C071146,08:26:13 08/08/19,l,Ill Parked Veh,4,TEDDY BEAR LN & E FOOTHILL PKWY,COR
,,19C071147,08:26:26 08/08/19,l,Susp Vehicle,3,735 PUBLIC SAFETY WAY,COR
,,19C071149,08:32:31 08/08/19,l,Ill Parked Veh,4,509 FULLER ST,COR
,,19C071150,08:35:13 08/08/19,l,Traffic Stop,4,91 EB MAIN MCKINLEY,COR
,,19C071151,08:38:06 08/08/19,lf,ZZLock Out,1,2585 S MAIN ST;SOUTH HILLS CHURCH,COR
,,19C071152,08:38:31 08/08/19,l,Follow Up,4,1800 EAGLE GLEN PKWY; EAGLE GLEN GOLF CLUB,COR
,,19C071155,08:43:46 08/08/19,l,Missing Person,2,2139 ELLINGTON DR,COR
,,19C071156,08:44:40 08/08/19,l,Property Check,4,2050 AZTEC LN,COR
,,19C071157,08:49:45 08/08/19,l,Resid Burg Past,4,2286 TOULOUSE ST,COR
,,19C071158,08:49:55 08/08/19,l,Traffic Stop,4,1735 W SIXTH ST; ARCO AM PM,COR
,,19C071159,08:50:55 08/08/19,l,Disturb Peace,3,400 S VICENTIA AVE; CITY HALL,COR
,,19C071163,08:54:28 08/08/19,l,911 Hangup,2,1180 AUBURNDALE ST,COR
,,19C071164,08:58:01 08/08/19,l,Veh Burg Past,4,1346 RAILROAD ST;ZUMIZ INC,COR
,,19C071165,09:00:47 08/08/19,l,Mail Theft P,4,1639 VIA GALICIA ST,COR
,,19C071166,09:02:24 08/08/19,l,Alarm Call,2,1461 RIMPAU AVE;SIZZLERS,COR
,,19C071167,09:07:24 08/08/19,l,Ill Parked Veh,4,1600 DAVIS ST,COR
,,19C071169,09:11:06 08/08/19,l,Additional Info,4,1290 E ONTARIO AVE; WALMART 19-08156,COR
,,19C071170,09:15:43 08/08/19,l,Property Check,4,930 E SIXTH ST,COR
,,19C071172,09:16:57 08/08/19,f,ZZFwy UnkInjury,1,71 SB FROM EUCLID 91 WB,RVC
,,19C071173,09:17:45 08/08/19,l,Ill Parked Veh,4,2481 VIA PACIFICA,COR
,,19C071174,09:20:32 08/08/19,l,Fraud Past,4,2425 RAILROAD ST,COR
,,19C071175,09:22:57 08/08/19,l,911 Hangup,2,260 E ONTARIO AVE,COR
,,19C071176,09:24:01 08/08/19,l,Property Check,4,705 N MAIN ST,COR
,,19C071177,09:24:54 08/08/19,l,Abandoned Veh,4,1435 KROONEN DR,COR
,,19C071178,09:33:42 08/08/19,l,Public Service,3,2178 STONERIDGE RD; ASHTON APTS,COR
,,19C071179,09:34:13 08/08/19,l,Abandoned Veh,4,1156 RICKSON WAY,COR
,,19C071180,09:38:38 08/08/19,l,Drunk In Public,2,1530 W SIXTH ST # 101AB; SUPER SMILE ORTHODONTIC,COR
,,19C071181,09:39:40 08/08/19,f,ZZBreathing,1,2071 COMPTON AVE # 102; VISTA MEDICAL,COR
,,19C071182,09:42:27 08/08/19,l,911 Hangup,2,209 E BLAINE ST,COR
,,19C071185,09:50:45 08/08/19,l,Welfare Check,2,758 YORKSHIRE WAY,COR
,,19C071186,09:51:53 08/08/19,l,Welfare Check,2,932 W FRANCIS ST,COR
,,19C071189,09:58:46 08/08/19,l,Citizen Contact,3,3302 BRAEMAR LN,COR
,,19C071190,09:59:26 08/08/19,l,Property Check,4,1220 MAGNOLIA AVE,COR
,,19C071191,09:59:37 08/08/19,l,Traffic Detail,4,2500 MANGULAR,
,,19C071192,10:01:34 08/08/19,l,Auto Theft Past,3,1691 JENKS DR,COR
,,19C071194,10:04:11 08/08/19,l,Dist/Verbal,2,1501 RIMPAU AVE # 101; BROKEN YOLK; BROKEN YOKE,COR
,,19C071195,10:04:47 08/08/19,l,Patrol Info,4,2221 CORIANDER CIR,COR
,,19C071196,10:08:57 08/08/19,l,Domestic Distur,2,1200 S MERRILL ST; HUSTED PARK,COR
,,19C071197,10:12:09 08/08/19,l,Assist Othr Dpt,3,1291 KINGSDALE DR,COR
,,19C071198,10:13:01 08/08/19,f,ZZSick,1,1121 BORDER AVE,COR
,,19C071199,10:16:14 08/08/19,f,ZZBreathing,1,1812 HIBISCUS ST,COR
,,19C071201,10:38:03 08/08/19,l,Property Check,4,440 N MCKINLEY ST; MINS DUMPLING HOUSE AT CORONA HILLS PLAZA,COR
,,19C071203,10:41:14 08/08/19,f,ZZMedical Alert,1,1027 E FRANCIS ST,COR
,,19C071204,10:43:41 08/08/19,lf,Structure Fire,1,1400 CIRCLE CITY DR; CORONA HEALTH CARE,COR
,,19C071210,11:10:13 08/08/19,l,Citizen Contact,3,1015 MONTECITO DR; RESIDENCE INN,COR
,,19C071212,11:16:06 08/08/19,l,Property Check,4,1250 W PARKRIDGE AVE,COR
,,19C071213,11:27:36 08/08/19,lf,Battery Injury,1,675 E GRAND BLVD;METRO PCS,COR
,,19C071215,11:31:57 08/08/19,l,Property Check,4,2331 CALIFORNIA AVE,COR
,,19C071220,11:38:21 08/08/19,l,Alarm Call,2,937 SAVI DR;2ND RESP,COR
,,19C071221,11:41:32 08/08/19,l,Veh Burg Past,4,1812 FIR ST,COR
,,19C071222,11:44:09 08/08/19,l,Disturb Peace,3,1290 E ONTARIO AVE; WALMART,COR
,,19C071223,11:46:05 08/08/19,l,Disturb Peace,3,1290 E ONTARIO AVE; WALMART,COR
,,19C071225,11:51:13 08/08/19,l,911 Hangup,2,3125 ANDALUZ WAY,COR
,,19C071226,11:54:15 08/08/19,l,H/R Coll Past,4,225 W SIXTH ST,COR
,,19C071229,11:55:57 08/08/19,l,Citizen Contact,3,2110 HIGHPOINTE DR,COR
,,19C071230,11:57:53 08/08/19,l,Welfare Check,2,3899 BARTON CREEK CIR;SUICIDAL,COR
,,19C071231,11:58:30 08/08/19,l,911 Hangup,2,156 N VICENTIA AVE # I,COR
,,19C071232,12:00:54 08/08/19,f,ZZ Fire Test,2,123 TEST,
,,19C071235,12:04:39 08/08/19,l,Drunk In Public,2,610 N MAIN ST,COR
,,19C071236,12:08:48 08/08/19,l,Disturb Peace,3,2276 GRIFFIN WY # 108; JIN HAN RESTAURANT,COR
,,19C071237,12:15:44 08/08/19,l,Traffic Stop,4,N SHERIDAN ST & W RINCON ST,COR
,,19C071238,12:24:37 08/08/19,l,Vehicle Check,4,POMONA RD & VIOLET ST,COR
,,19C071239,12:25:24 08/08/19,l,911 Hangup,2,881 CORSICA DR,COR
,,19C071240,12:27:09 08/08/19,l,Solicitor,3,2615 TUSCANY ST; TARGET STORES T1548 AT THE CROSSINGS,COR
,,19C071241,12:27:19 08/08/19,l,911 Hangup,2,1624 S NORMANDY TERRACE,COR
,,19C071242,12:32:12 08/08/19,f,ZZBreathing,1,260 E ONTARIO AVE # 101; COMPASSIONATE CANCER CARE,COR
,,19C071243,12:33:40 08/08/19,l,Abandoned Veh,4,3539 CEDAR RIDGE LN,COR
,,19C071244,12:37:44 08/08/19,l,911 Hangup,2,881 CORSICA DR,COR
,,19C071247,12:48:40 08/08/19,l,Property Check,4,750 CORONA AVE,COR
,,19C071248,12:49:08 08/08/19,l,911 Hangup,2,3960 S MAIN ST,COR
,,19C071249,12:49:21 08/08/19,l,911 Hangup,2,15 SB HIDDEN VALLEY MAGNOLIA,COR
,,19C071251,12:56:40 08/08/19,l,Z-Animal Svcs,4,1260 E ONTARIO AVE,COR
,,19C071252,12:58:02 08/08/19,l,911 Hangup,2,131 N MCKINLEY ST; FUEGO 360,COR
,,19C071253,12:58:44 08/08/19,l,911 Hangup,2,91 EB LINCOLN MAIN,COR
,,19C071256,13:00:01 08/08/19,l,911 Hangup,2,815 W SIXTH ST,COR
,,19C071257,13:01:25 08/08/19,l,911 Hangup,2,599 CORONA MALL,COR
,,19C071259,13:09:52 08/08/19,f,ZZFwy UnkInjury,1,91 EB LINCOLN MAIN,COR
,,19C071260,13:11:37 08/08/19,,,,1451 RIMPAU AVE,COR
,,19C071261,13:12:57 08/08/19,l,Runaway,3,1451 RIMPAU AVE; ELITE SAT PREP SCHOOL,COR
,,19C071262,13:15:26 08/08/19,l,Fraud Past,4,1223 W SIXTH ST # 51; FRONT COUNTER,COR
,,19C071263,13:16:00 08/08/19,l,Traffic Stop,4,1375 E ONTARIO AVE,COR
,,19C071264,13:16:39 08/08/19,l,Disturb Peace,3,1140 E ONTARIO AVE; CHEVRON GAS,COR
,,19C071265,13:19:26 08/08/19,l,Shoplifting,3,1290 E ONTARIO AVE; WALMART,COR
,,19C071266,13:22:36 08/08/19,l,Additional Info,4,4429 OWENS ST # 101; FRONT COUNTER,COR
,,19C071268,13:27:25 08/08/19,l,Property Check,4,1395 E FOOTHILL PKWY; SANTIAGO HIGH SCHOOL,COR
,,19C071269,13:28:16 08/08/19,l,Traffic Stop,4,N MAIN ST & E PARKRIDGE AVE,COR
,,19C071270,13:29:25 08/08/19,l,Additional Info,4,4429 OWENS ST # 101; LL CONT,COR
,,19C071271,13:29:43 08/08/19,l,Child Annoy Pst,2,MCMACKIN DR & RIVERVIEW CIR;LL CONT,COR
,,19C071272,13:34:12 08/08/19,l,Property Check,4,472 PENROSE DR; PENROSE APTS,COR
,,19C071276,13:39:24 08/08/19,l,Property Check,4,200 N LINCOLN AVE; MOTEL 6,COR
,,19C071277,13:40:54 08/08/19,l,Traffic Stop,4,200 DUPONT ST,COR
,,19C071278,13:41:32 08/08/19,l,Ill Parked Veh,4,2030 KELLOGG AVE,COR
,,19C071279,13:43:46 08/08/19,l,Suspicious Circ,3,1022 EXPLANADA ST # 101,COR
,,19C071280,13:44:35 08/08/19,f,ZZStroke,1,2680 S MAIN ST # 321 ;CORONA VILLA SR APTS,COR
,,19C071281,13:45:51 08/08/19,l,Accident,2,N MAIN ST & E GRAND BLVD,COR
,,19C071282,13:46:22 08/08/19,l,Court Order Vio,3,1501 RIMPAU AVE; ARGUS POOL,COR
,,19C071283,13:48:00 08/08/19,f,ZZAllergies,1,1624 S NORMANDY TERRACE,COR
,,19C071284,13:53:09 08/08/19,l,911 Hangup,2,866 COMPTON AVE,COR
,,19C071287,13:54:06 08/08/19,l,Ill Parked Veh,4,235 E MISSION RD,COR
,,19C071289,13:57:07 08/08/19,l,Patrol Info,4,WINDPINE DR & STARGATE CIR,COR
,,19C071292,14:01:43 08/08/19,l,911 Hangup,2,3594 NELSON ST,COR
,,19C071294,14:24:38 08/08/19,l,Disturb Peace,3,2661 GREEN RIVER RD; RALPHS,COR
,,19C071295,14:25:09 08/08/19,l,Alarm Call,2,2531 GLENBUSH CIR,COR
,,19C071297,14:39:52 08/08/19,l,911 Hangup,2,598 SANTANA WAY,COR
,,19C071298,14:42:12 08/08/19,f,ZZGas Leak Comm,1,2790 CABOT DR;#165 TRADER JOES,COR
,,19C071299,14:42:23 08/08/19,l,Alarm Call,2,971 OLINDA ST; test test test,COR
,,19C071300,14:45:05 08/08/19,l,911 Hangup,2,210 S LINCOLN AVE,COR
,,19C071301,14:46:40 08/08/19,l,911 Hangup,2,MAGNOLIA AVE & E ONTARIO AVE,COR
,,19C071302,14:48:00 08/08/19,l,911 Hangup,2,2055 KELLOGG AVE ; PBX,COR
,,19C071304,14:52:23 08/08/19,l,Property Check,4,841 N MAIN ST,COR
,,19C071306,15:00:12 08/08/19,l,Ill Parked Veh,4,1609 FAIRVIEW DR,COR
,,19C071310,15:07:06 08/08/19,l,Susp Person,3,E ONTARIO AVE & RIMPAU AVE,COR
,,19C071313,15:14:31 08/08/19,l,Keep The Peace,3,2885 NEWCASTLE WAY,COR
,,19C071314,15:15:42 08/08/19,f,ZZGas Leak Comm,1,2790 CABOT DR; #165; Trader Joes,COR
,,19C071315,15:16:21 08/08/19,l,Patrol Info,4,380 E OLD MILL RD,COR
,,19C071319,15:25:21 08/08/19,l,Additional Info,4,1245 W NINTH ST # B ; FRONT COUNTER,COR
,,19C071321,15:34:44 08/08/19,l,Cite Sign Off,4,730 PUBLIC SAFETY WAY; plot,COR
,,19C071324,15:41:33 08/08/19,l,Patrol Info,4,801 S SMITH AVE,COR
,,19C071325,15:41:55 08/08/19,l,Disturb Peace P,4,4160 TEMESCAL CANYON RD # 214; GALLANT RISK AND INSURANCE,COR
,,19C071327,15:45:28 08/08/19,f,ZZFwy Acc w/ inj,1,15 NB,
,,19C071329,15:46:32 08/08/19,f,ZZFwy Acc w/ inj,1,15 NB MAGNOLIA HIDDEN VALLEY;TEST TEST TEST,COR
,,19C071333,15:56:20 08/08/19,lf,Accident Unknwn,1,BLUE SPRINGS DR & TEMESCAL CANYON RD,COR
,,19C071338,16:01:11 08/08/19,l,Traffic Stop,4,E FOOTHILL PKWY & TAMARISK LN,COR
,,19C071342,16:05:39 08/08/19,l,Ill Parked Veh,4,930 E SIXTH ST; CITY PARK,COR
,,19C071343,16:08:48 08/08/19,l,Battery Past,3,1171 RAILROAD ST; SEXUAL ASSLT,COR
,,19C071344,16:11:59 08/08/19,l,Traffic Stop,4,S LINCOLN AVE & S LINCOLN AVE,COR
,,19C071345,16:20:59 08/08/19,f,ZZFall,1,19480 E ONTARIO AVE,ELC
,,19C071347,16:25:56 08/08/19,l,Drunk Driver,2,1205 E ST,COR
,,19C071349,16:30:09 08/08/19,lf,Accident Inj,1,1550 E ONTARIO AVE;VEH VS PED,COR
,,19C071357,16:33:53 08/08/19,l,Additional Info,4,799 GIANNI DR # 208; FRONT COUNTER,COR
,,19C071359,16:37:31 08/08/19,,,,800 S MAIN ST,COR
,,19C071361,16:38:10 08/08/19,l,Special Detail,4,730 PUBLIC SAFETY WAY,COR
,,19C071367,16:44:40 08/08/19,l,Missing Person,2,730 PUBLIC SAFETY WAY; LL CONT,COR
YES,'Nature' garbled text (embedded symbol),19C071371,16:47:19 08/08/19,f,ZZFaint/Uncons,1,1119 S WASHBURN AVE,COR
,,19C071374,16:53:21 08/08/19,,911 Hangup,2,730 PUBLIC SAFETY WAY,COR
,,19C071375,16:53:43 08/08/19,l,Welfare Check,2,120 W ONTARIO AVE,COR
,,19C071377,16:58:36 08/08/19,l,Annoying Calls,3,1578 PERA ST;LL CONT,COR
,,19C071381,17:01:37 08/08/19,l,Disturb Peace,3,479 N MCKINLEY ST; WALMART,COR
,,19C071382,17:08:31 08/08/19,l,911 Hangup,2,1149 CONESTOGA ST,COR
,,19C071385,17:13:47 08/08/19,l,911 Hangup,2,209 E BLAINE ST,COR
,,19C071386,17:14:20 08/08/19,f,ZZFwy VegFireL,1,91 EB MAIN MCKINLEY,COR
,,19C071388,17:16:53 08/08/19,f,ZZFwy VegFireL,1,91 EB MAIN MCKINLEY,COR
,,19C071396,17:27:59 08/08/19,l,911 Hangup,2,11356 DIAMONDBACK RD,SYC
,,19C071400,17:30:00 08/08/19,l,Disturb Peace,3,703 E SIXTH ST,COR
,,19C071401,17:30:04 08/08/19,l,Disturb Peace,3,611 N MAIN ST; REF TO LEAVE,COR
,,19C071403,17:32:32 08/08/19,l,Vehicle Check,4,W TENTH ST & S SHERIDAN ST,COR
,,19C071404,17:35:20 08/08/19,l,911 Hangup,2,3190 MANGULAR AVE,COR
,,19C071413,17:47:11 08/08/19,l,Traffic Stop,4,1000 RICKSON,COR
,,19C071414,17:52:44 08/08/19,f,ZZGas Leak Comm,1,420 N MCKINLEY ST # 108; YOGURTLAND,COR
,,19C071415,17:52:45 08/08/19,l,Resid Burg Past,4,2700 CAMELLIA CT,COR
YES,'Location' garbled/scrambled text,19C071416,17:58:23 08/08/19,l,Court Order Vio,3,685 N TREEMONT PL;#204 POSS/ LLCONT,COR
,,19C071417,18:11:04 08/08/19,f,ZZDiabetic,1,2601 GROVE AVE,COR
,,19C071419,18:11:35 08/08/19,f,ZZSick,1,3239 WILLOW PARK DR,COR
,,19C071420,18:14:52 08/08/19,l,Disturb Peace,3,685 N TREEMONT PL # 205,COR
,,19C071421,18:15:59 08/08/19,l,Auto Theft,2,470 HIDDEN VALLEY PKWY,COR
,,19C071425,18:19:39 08/08/19,l,Patrol Info,4,2241 PRESCOTT CIR,COR
,,19C071429,18:37:02 08/08/19,l,Trespass,3,1075 E THIRD ST ;DOLLAR SELF STORAGE,COR
,,19C071430,18:37:55 08/08/19,l,Alarm Call,2,1260 KENDRICK CT,COR
,,19C071434,18:42:27 08/08/19,l,Alarm Call,2,1359 W SIXTH ST;#B,COR
,,19C071435,18:44:23 08/08/19,l,Patrol Info,4,3223 STARGATE CIR,COR
,,19C071436,18:44:36 08/08/19,l,Missing Child,1,962 REDHEAD LN; #102,COR
,,19C071444,19:19:10 08/08/19,l,Vehicle Check,4,1750 W SIXTH ST; HARBOR FREIGHT TOOLS 464,COR
,,19C071445,19:20:09 08/08/19,f,ZZAA MedicalAid,1,3447 WINDSONG ST,HGS
,,19C071447,19:23:38 08/08/19,l,Citizen Contact,3,1510 POMONA RD; PD PRKG LOT,COR
,,19C071448,19:23:47 08/08/19,l,911 Hangup,2,100 RADIO RD; penske,COR
,,19C071449,19:29:51 08/08/19,l,Property Check,4,480 N MCKINLEY ST,COR
,,19C071451,19:34:20 08/08/19,l,Auto Theft Past,3,100 W CHASE DR,COR
,,19C071452,19:35:12 08/08/19,l,Silent Comm 211,1,330 W FOOTHILL PKWY # 101; WELLS FARGO BANK,COR
,,19C071453,19:39:09 08/08/19,l,911 Hangup,2,505 S BUENA VISTA,
,,19C071454,19:39:52 08/08/19,l,911 Hangup,2,1039 W SIXTH ST,COR
,,19C071455,19:44:22 08/08/19,l,Disturb Peace,3,1039 W SIXTH ST; MIGUELS JR 2 THREATS,COR
,,19C071458,19:52:33 08/08/19,l,Grand Theft,2,1355 E ONTARIO AVE,COR
,,19C071463,20:03:39 08/08/19,l,911 Hangup,2,1039 CIRCLE CITY DR,COR
,,19C071465,20:05:06 08/08/19,l,Patrol Info,4,1155 VALENCIA RD; JAMESON PARK,COR
,,19C071467,20:05:47 08/08/19,l,Loud Noise,3,315 ATWOOD DR,COR
,,19C071468,20:06:12 08/08/19,l,Patrol Info,4,MASTERS / VIA MIGUEL,
,,19C071469,20:07:20 08/08/19,l,911 Hangup,2,881 CORSICA DR ;PHSE 2 ABAND,COR
,,19C071470,20:07:33 08/08/19,l,Suspicious Circ,3,1470 FOX RUN;POSS 459R,COR
,,19C071479,20:22:34 08/08/19,l,Auto Theft Past,3,1990 POMONA RD,COR
,,19C071480,20:25:49 08/08/19,l,Property Check,4,2260 GRIFFIN WAY,COR
,,19C071482,20:29:07 08/08/19,l,Property Check,4,1701 W SIXTH ST,COR
,,19C071483,20:31:00 08/08/19,f,ZZTrauma,1,629 STONEYBROOK DR # 388,COR
,,19C071485,20:32:54 08/08/19,l,Alarm Call,2,226 N LINCOLN AVE,COR
,,19C071487,20:48:38 08/08/19,l,Shots Fired,2,1336 SWAN LN; AIR SOFT GUN,COR
,,19C071489,20:54:39 08/08/19,l,Property Check,4,185 MAGNOLIA AVE,COR
,,19C071490,20:59:46 08/08/19,l,Traffic Stop,4,PROMENADE AVE & CRESTA RD,COR
,,19C071491,21:01:09 08/08/19,l,Vehicle Check,4,1141 W SIXTH ST,COR
,,19C071493,21:11:24 08/08/19,l,Property Check,4,1150 PASEO GRANDE,COR
,,19C071494,21:13:58 08/08/19,l,Trespass,3,226 E OLIVE ST,COR
,,19C071499,21:24:03 08/08/19,l,911 Hangup,2,995 HALEY TALBERT DR,COR
,,19C071500,21:37:50 08/08/19,l,911 Hangup,2,3950 S MAIN ST,COR
,,19C071501,21:38:08 08/08/19,l,911 Hangup,2,2970 RIMPAU AVE,COR
,,19C071502,21:39:43 08/08/19,l,911 Hangup,2,4097 LESTER AVE,COR
,,19C071503,21:40:14 08/08/19,l,911 Hangup,2,4097 LESTER AVE,COR
,,19C071504,21:45:59 08/08/19,l,Stranded Veh,3,MAGNOLIA AVE & N MCKINLEY ST,COR
,,19C071506,21:51:44 08/08/19,l,Dist/Verbal,2,2737 CAPE DR,COR
,,19C071507,21:53:06 08/08/19,l,Welfare Check,2,1549 BORDER AVE # C,COR
,,19C071508,21:58:55 08/08/19,f,ZZAA MedicalAid,1,7500 EL CERRITO RD,ELC
,,19C071509,22:08:19 08/08/19,l,Welfare Check,2,431 N MCKINLEY ST;911 HANGUP,COR
,,19C071510,22:12:29 08/08/19,l,Welfare Check,2,1121 BORDER AVE;#7,COR
,,19C071511,22:16:55 08/08/19,f,ZZBreathing,1,1730 YELLOWPINE RIDGE CIR,COR
,,19C071512,22:19:23 08/08/19,l,Suspicious Circ,2,700 W SIXTH ST; 7 11 STORE CENTRAL,COR
,,19C071513,22:21:11 08/08/19,l,Property Check,4,300 S SHERIDAN ST; SHERIDAN PARK,COR
,,19C071514,22:24:27 08/08/19,l,Alarm Call,2,1820 RIMPAU AVE; CENTENNIAL HIGH SCHOOL,COR
,,19C071515,22:37:05 08/08/19,l,Alarm Call,2,720 S TEMESCAL ST,COR
,,19C071516,22:38:25 08/08/19,l,Alarm Call,2,1241 OLD TEMESCAL RD,COR
,,19C071517,22:41:51 08/08/19,lf,Accident Unknwn,1,1275 MAGNOLIA AVE,COR
,,19C071518,22:43:18 08/08/19,l,Loud Noise,3,567 PENROSE DR # D,COR
,,19C071519,22:47:54 08/08/19,l,911 Hangup,2,881 CORSICA DR,COR
,,19C071520,22:50:29 08/08/19,l,Area Check,3,GREEN RIVER RD & CRESTRIDGE DR,COR
,,19C071521,22:57:42 08/08/19,l,Disturb Peace,3,1833 W SIXTH ST; DENNYS 7568;POSS 5150,COR
,,19C071522,23:00:31 08/08/19,lf,Accident Unknwn,1,W SEVENTH ST & S VICENTIA AVE,COR
,,19C071523,23:02:33 08/08/19,l,Dist/Verbal,2,2700 CAMELLIA CT,COR
,,19C071524,23:07:22 08/08/19,l,Loud Noise,3,788 GIANNI DR # 208,COR
,,19C071525,23:10:02 08/08/19,l,Patrol Info,4,CITRUS COMMUNITY PARK;POSS 23103,COR
,,19C071529,23:23:55 08/08/19,l,Petty Theft P,4,1825 W SIXTH ST; SHELL GAS,COR
,,19C071530,23:35:44 08/08/19,l,Property Check,4,1010 W CITRON ST,COR
,,19C071531,23:35:47 08/08/19,l,Traffic Stop,4,N MCKINLEY ST & PROMENADE AVE,COR
,,19C071532,23:36:29 08/08/19,f,ZZSeizure,1,3560 BRENTRIDGE DR,COR
,,19C071534,23:48:10 08/08/19,l,Petty Theft P,4,260 W FOOTHILL PKWY; ALBERTSONS,COR
,,19C071535,23:48:37 08/08/19,l,Accident,2,1410 SANDIA ST,COR
,,19C071536,23:50:48 08/08/19,l,Auto Theft Rec,4,100 RADIO RD; PENSKE,COR
,,19C071537,23:53:39 08/08/19,l,Area Check,3,3060 GARRETSON AVE,COR
,,19C071538,00:02:53 08/09/19,l,Property Check,4,1140 E ONTARIO AVE; CHEVRON STATION,COR
,,19C071539,00:15:10 08/09/19,l,Property Check,4,730 PUBLIC SAFETY WAY; CORONA POLICE,COR
,,19C071541,00:33:15 08/09/19,lf,Accident Inj,2,TEMESCAL CANYON RD & LAKESHORE DR; COMP OF PAIN,COR
,,19C071542,00:34:55 08/09/19,l,Traffic Stop,4,EL C & EVE,
,,19C071543,00:44:58 08/09/19,lf,Man Down,1,111 N LINCOLN AVE; ARCO AM PM,COR
,,19C071544,00:45:07 08/09/19,l,Susp Vehicle,3,3212 ORLEANS CIR,COR
,,19C071545,01:03:32 08/09/19,f,ZZFwy Acc w/ inj,1,91 EB MAIN MCKINLEY,COR
,,19C071547,01:13:31 08/09/19,l,Property Check,4,1150 W TENTH ST; CORONA HIGH SCHOOL,COR
,,19C071548,01:20:18 08/09/19,l,Property Check,4,DOS LAGOS,COR
,,19C071549,01:21:09 08/09/19,l,Property Check,4,130 W FOOTHILL PKWY; CHEVRON GAS,COR
,,19C071550,01:21:59 08/09/19,l,Alarm Call,2,2191 SAMPSON AVE ;#105,COR
,,19C071551,01:23:14 08/09/19,l,Alarm Call,2,795 VIA BLAIRO,COR
,,19C071553,01:28:58 08/09/19,l,Stalking,1,1084 POMONA RD; #223; BEST WESTERN,COR
,,19C071554,01:37:17 08/09/19,l,Domestic Distur,2,800 S MAIN ST; CORONA REGIONAL MEDICAL CENTER,COR
,,19C071556,01:42:57 08/09/19,l,CMC Violation,4,1064 E THIRD ST;TRASH DIGGING,COR
,,19C071557,01:46:32 08/09/19,f,ZZFall,1,2489 CALIFORNIA AVE;#208,COR
,,19C071558,01:52:13 08/09/19,l,Traffic Stop,4,1400 E SIXTH ST,COR
,,19C071560,02:02:43 08/09/19,l,911 Hangup,2,1504 TABER ST;ABAN PHS1,COR
,,19C071561,02:05:55 08/09/19,l,Test,4,730 PUBLIC SAFETY WAY,COR
,,19C071562,02:40:07 08/09/19,l,Property Check,4,200 N LINCOLN AVE; MOTEL 6,COR
,,19C071564,02:51:18 08/09/19,l,Property Check,4,420 S LINCOLN AVE; NATIONAL INN,COR
,,19C071565,03:04:47 08/09/19,l,Property Check,4,1248 W SIXTH ST,COR
,,19C071566,03:06:16 08/09/19,f,ZZCommrcal Alrm,1,535 RICHEY ST # 112; HILLS APTS,COR
,,19C071568,03:33:27 08/09/19,l,Test,4,730 PUBLIC SAFETY WAY,COR
,,19C071569,03:53:26 08/09/19,lf,Disturb Peace,3,479 N MCKINLEY ST; WALMART,COR
,,19C071570,03:54:34 08/09/19,f,ZZSeizure,1,1607 PAMELA ST,COR
,,19C071572,04:13:53 08/09/19,l,Assist Othr Dpt,3,2487 PALISADES DR,COR
,,19C071573,04:15:14 08/09/19,l,Surveillance,4,225 S VICENTIA AVE # 4,COR
,,19C071574,04:20:45 08/09/19,l,Alarm Call,2,300 S BUENA VISTA AVE; CORONA NORCO SCHOOL DISTRICT,COR
,,19C071577,05:02:56 08/09/19,l,Alarm Call,2,150 W BLAINE ST;GANAHL LUMBER,COR
,,19C071578,05:05:07 08/09/19,l,Alarm Call,2,1150 EL CAMINO AVE;#101,COR
,,19C071580,05:11:38 08/09/19,l,Vehicle Check,4,150 W BLAINE ST,COR
,,19C071581,05:14:40 08/09/19,l,Accident,2,TEMESCAL CANYON RD & CAJALCO RD,COR
,,19C071587,05:25:25 08/09/19,l,Patrol Info,4,431 N MCKINLEY ST; CIRCLE K INSDIE MOBIL GAS,COR
,,19C071588,05:28:04 08/09/19,l,Alarm Call,2,2489 TUSCANY ST;KOHLS,COR
,,19C071589,05:30:10 08/09/19,l,Unknown Problem,1,543 CHELSEA WAY,COR
,,19C071592,05:35:42 08/09/19,l,911 Hangup,2,881 CORSICA DR,COR
,,19C071593,05:48:24 08/09/19,f,ZZFall,1,4613 FEATHER RIVER RD,COR
,,19C071594,05:51:52 08/09/19,l,Disturb Peace,3,800 S MAIN ST; CORONA REGIONAL MEDICAL CENTER,COR
,,19C071595,06:04:20 08/09/19,f,ZZFwy Acc w/ inj,1,91 WB 71 GREEN RIVER,RVC
,,19C071598,06:18:11 08/09/19,l,911 Hangup,2,1 FLEETWOOD WAY,COR
,,19C071599,06:18:31 08/09/19,l,911 Hangup,2,1000 W RINCON ST,COR
,,19C071600,06:31:20 08/09/19,l,Welfare Check,2,511 SUMMERWOOD CT,COR
,,19C071601,06:31:55 08/09/19,f,ZZSick,1,7500 EL CERRITO RD,ELC
,,19C071602,06:52:50 08/09/19,l,Auto Theft Rec,4,2900 VIA MAZATLAN,COR
,,19C071604,06:57:52 08/09/19,l,Found Property,4,948 E FRANCIS ST,COR
,,19C071605,07:02:34 08/09/19,l,Property Check,4,1074 W SIXTH ST,COR
,,19C071606,07:05:15 08/09/19,l,Trespass,3,EL SOBRANTE RD & E SIXTH ST,COR
,,19C071607,07:17:17 08/09/19,f,ZZChest Pains,1,1180 W SIXTH ST ; DAVITA CREEK CLINIC,COR
YES,'Nature' garbled text (embedded symbol),19C071608,07:22:28 08/09/19,f,ZZFaint/Uncons,1,801 MAGNOLIA AVE # 136,COR
,,19C071609,07:26:14 08/09/19,l,Vehicle Check,4,2715 LAKESHORE DR,COR
,,19C071611,07:35:39 08/09/19,l,Vehicle Check,4,3555 GRAND OAKS; CHICK FIL A,COR
,,19C071612,07:40:26 08/09/19,l,Property Check,4,700 N TEMESCAL ST,COR
,,19C071613,07:40:36 08/09/19,l,Disturb Peace,3,702 E SIXTH ST; ARCO AM-PM,COR
,,19C071614,07:53:00 08/09/19,l,Vehicle Check,4,2615 TUSCANY ST; TARGET STORES,COR
,,19C071615,07:54:00 08/09/19,l,911 Hangup,2,2970 RIMPAU AVE,COR
,,19C071616,07:55:13 08/09/19,f,ZZDiabetic,1,974 ASPEN ST,COR
,,19C071617,07:55:53 08/09/19,l,Property Check,4,3555 GRAND OAKS,COR
,,19C071618,08:07:14 08/09/19,l,Stalking Past,3,282 LYDIA LN; FRONT COUNTER,COR
,,19C071619,08:07:55 08/09/19,l,Vehicle Check,4,1015 MONTECITO DR,COR
,,19C071620,08:17:39 08/09/19,l,Vehicle Check,4,1300 FULLERTON AVE,COR
,,19C071621,08:19:52 08/09/19,l,Fraud Past,4,1206 WILLIAM ST; FRONT COUNTER,COR
,,19C071622,08:21:39 08/09/19,l,Welfare Check,2,651 LANCER LN,COR
,,19C071623,08:23:06 08/09/19,l,Flag Down,4,130 W FOOTHILL PKWY; CHEVRON GAS,COR
,,19C071625,08:27:05 08/09/19,l,Comm Burg Past,4,3915 GREEN RIVER RD; CUBE SMART STORAGE,COR
,,19C071626,08:39:29 08/09/19,l,Found Property,4,1757 VIA DEL RIO; CORONITA ELEMENTARY SCHOOL,COR
,,19C071627,08:40:31 08/09/19,f,ZZMedical Alert,1,1470 GLENGROVE SQ,COR
,,19C071629,08:45:00 08/09/19,l,Welfare Check,2,1181 PASEO TASCO CIR,COR
,,19C071630,08:46:18 08/09/19,l,Found Property,4,MARIE ST & E CITRON ST,COR
,,19C071631,08:56:26 08/09/19,l,Area Check,3,GREEN RIVER RD & 91 WB ON RAMP,COR
,,19C071632,09:00:04 08/09/19,l,Disturb Peace,3,1906 BORDER AVE,COR
,,19C071633,09:01:54 08/09/19,l,Court Order Vio,3,1015 MONTECITO DR;#110;RESIDENCE INN ; LL CONT,COR
,,19C071635,09:04:16 08/09/19,l,Vandalism Past,4,545 SAN GORGONIO DR,COR
,,19C071636,09:06:01 08/09/19,l,Fraud Past,4,2255 WILDOAK WAY # 210 ; FRONT COUNTER,COR
,,19C071637,09:11:52 08/09/19,l,911 Hangup,2,3960 S MAIN ST,COR
,,19C071641,09:28:10 08/09/19,l,Alarm Call,2,559 C L FLEMING CIR,COR
,,19C071642,09:32:12 08/09/19,l,Hazard,3,KINGSGATE DR & GRACELAND WAY,COR
,,19C071643,09:32:44 08/09/19,l,911 Hangup,2,511 SUMMERWOOD CT,COR
,,19C071644,09:37:49 08/09/19,l,911 Hangup,2,805 S RAMONA AVE,COR
,,19C071646,09:46:09 08/09/19,l,Area Check,3,1610 W SIXTH ST,COR
,,19C071647,09:48:08 08/09/19,l,911 Hangup,2,918 W GRAND BLVD,COR
,,19C071648,09:49:24 08/09/19,l,Property Check,4,4901 GREEN RIVER RD,COR
,,19C071650,09:51:43 08/09/19,l,Under Influence,2,750 AVENIDA DEL VISTA,COR
,,19C071653,10:14:39 08/09/19,l,Battery Past,3,1222 MAGNOLIA AVE;104;SUBWAY,COR
,,19C071654,10:18:14 08/09/19,l,Petty Theft P,4,51 E GRAND BLVD ; fix auto,COR
,,19C071656,10:42:25 08/09/19,l,911 Hangup,2,1205 D ST,COR
,,19C071657,10:46:12 08/09/19,l,Petty Theft P,4,800 S MAIN ST; CORONA REGIONAL MEDICAL CENTER,COR
,,19C071658,10:58:04 08/09/19,l,911 Hangup,2,1205 D ST,COR
,,19C071659,10:59:36 08/09/19,l,Traffic Detail,4,1999 Foothill PKWY,COR
,,19C071660,11:07:20 08/09/19,l,Surveillance,4,E EIGHTH ST & S MAIN ST,COR
,,19C071661,11:08:14 08/09/19,l,Surveillance,4,E EIGHTH ST & S MAIN ST,COR
,,19C071662,11:10:54 08/09/19,l,911 Hangup,2,730 MAGNOLIA AVE,COR
,,19C071664,11:17:29 08/09/19,l,Traffic Stop,4,POMONA RD & BONNIE LN,COR
,,19C071665,11:22:35 08/09/19,l,Property Check,4,2968 WILDERNESS DR,COR
,,19C071666,11:32:29 08/09/19,l,DV-Assault,1,21779 TEMESCAL CANYON RD,TEM
,,19C071669,11:44:08 08/09/19,l,Patrol Info,4,465 SANTANA WAY,COR
,,19C071670,11:45:05 08/09/19,l,Accident,2,2550 WARDLOW RD,COR
,,19C071671,11:45:53 08/09/19,l,Citizen Contact,3,844 W HACIENDA DR; LL CONT,COR
,,19C071672,11:49:29 08/09/19,l,Missing Person,2,629 STONEYBROOK DR # 382; FRONT COUNTER,COR
,,19C071674,11:54:25 08/09/19,l,Indecent Expose,2,2459 TUSCANY ST; MARSHALLS 605 AT THE CROSSINGS,COR
,,19C071675,12:01:20 08/09/19,l,Hazard,3,E ONTARIO AVE & CALIFORNIA AVE,COR
,,19C071677,12:05:06 08/09/19,l,Vehicle Check,4,1800 IMPRESIVO DR,COR
,,19C071678,12:05:49 08/09/19,l,Susp Vehicle,3,WHITE HOLLY DR & COUNTRYSIDE LN,COR
,,19C071680,12:12:03 08/09/19,f,ZZCommrcal Alrm,1,311 CESSNA CIR;FENDER MUSICAL,COR
,,19C071681,12:13:00 08/09/19,l,Hazard,3,2480 RAILROAD ST; FRONTIER ALUMINUM CORPORATION,COR
,,19C071682,12:13:28 08/09/19,l,Property Check,4,2050 AZTEC LN; MCKINELY ELEMENTARY,COR
,,19C071683,12:18:59 08/09/19,l,Domestic Distur,2,415 MAGNOLIA AVE;WENDY'S,COR
,,19C071684,12:23:00 08/09/19,l,Comm Burg Past,4,3915 GREEN RIVER RD; CUBE SMART STORAGE,COR
,,19C071686,12:32:04 08/09/19,l,Patrol Info,4,9787 MISSION BLVD JURUPA VALLEY; 211,
,,19C071687,12:36:04 08/09/19,l,911 Hangup,2,2995 VILLA CATANOLIA,COR
,,19C071692,12:47:20 08/09/19,l,911 Hangup,2,209 E BLAINE ST,COR
,,19C071693,12:50:21 08/09/19,f,ZZSick,1,450 HIDDEN VALLEY PKWY; CHICK FIL A,COR
,,19C071694,12:51:49 08/09/19,l,Missing Person,2,6909 BOULDER CREEK DR; FRONT COUNTER,
,,19C071695,12:57:36 08/09/19,l,911 Hangup,2,1150 W TENTH ST,COR
,,19C071696,13:02:53 08/09/19,l,Petty Theft P,4,200 N LINCOLN AVE; MOTEL 6,COR
,,19C071697,13:03:38 08/09/19,l,911 Hangup,2,CAJALCO RD & TEMESCAL CANYON RD,ELC
,,19C071698,13:08:19 08/09/19,l,911 Hangup,2,W ONTARIO AVE & BORDER AVE,COR
,,19C071699,13:08:39 08/09/19,f,Accident Inj,1,9000 CAJALCO RD,RVC
,,19C071700,13:10:52 08/09/19,l,Petty Theft P,4,2054 CECILIA CIR ; paramount tile inc fuel theft,COR
,,19C071701,13:13:05 08/09/19,f,ZZResdntal Alr,1,760 SAINT HELENA DR,COR
,,19C071702,13:18:14 08/09/19,l,Disturb Peace,3,1690 W SIXTH ST; #K; CENTRAL OCCUPATION,COR
,,19C071703,13:23:50 08/09/19,f,ZZFwy UnkInjury,1,15 SB WIERICK TEMESCAL CANYON TEM CYN,TEM
,,19C071704,13:24:02 08/09/19,l,Comm Burg Past,4,1351 POMONA RD; #2215 public storage,COR
,,19C071706,13:40:02 08/09/19,l,Fraud Past,4,737 MAGNOLIA AVE # 129; AVISTA SENIOR LIVING; BROOKDALE,COR
,,19C071707,13:43:25 08/09/19,l,Trespass,3,700 PUBLIC SAFETY WAY,COR
,,19C071709,13:46:48 08/09/19,l,Dist/Verbal,2,1570 W SIXTH ST;MIGUELS JR WEST,COR
,,19C071710,13:48:49 08/09/19,l,Citizen Contact,3,730 PUBLIC SAFETY WAY; FRONT COUNTER,COR
,,19C071711,13:51:13 08/09/19,l,Citizen Contact,3,1225 LA TREMOLINA CIR; FRONT COUNTER,COR
,,19C071712,13:57:25 08/09/19,l,Disturb Peace,3,2296 GRIFFIN WAY;JACK IN THE BOX,COR
,,19C071714,14:00:22 08/09/19,l,Reckless Driver,3,950 W ONTARIO AVE,COR
,,19C071715,14:06:03 08/09/19,l,911 Hangup,2,1862 IMPRESIVO DR,COR
,,19C071716,14:11:47 08/09/19,l,Disturb Peace,3,222 S PROMENADE AVE;UNIWEB,COR
,,19C071718,14:14:41 08/09/19,f,ZZChest Pains,1,13650 MAGNOLIA AVE,HGS
,,19C071719,14:16:26 08/09/19,l,Alarm Call,2,983 CLEVELAND WAY,COR
,,19C071720,14:17:27 08/09/19,f,ZZSick,1,2600 S MAIN ST; #7,COR
,,19C071721,14:18:01 08/09/19,l,Citizen Contact,3,1755 TAMARRON DR,COR
YES,'Nature' garbled text (embedded symbol),19C071722,14:22:04 08/09/19,f,ZZFaint/Uncons,1,4424 OWENS ST # 104,COR
,,19C071723,14:28:09 08/09/19,l,Traffic Detail,4,DARTMOUTH CIR & EATON ST,COR
,,19C071724,14:29:17 08/09/19,l,Cite Sign Off,4,730 PUBLIC SAFETY WAY; FRONT COUNTER,COR
,,19C071726,14:32:18 08/09/19,l,Child Abuse,2,713 PARK LN,COR
,,19C071727,14:33:27 08/09/19,l,Traffic Stop,4,1205 S MAIN ST; ARCO AM PM,COR
,,19C071728,14:34:21 08/09/19,l,H/R Coll Past,4,N MCKINLEY ST & 91 WEST BOUND OFF RAMP; LL CONT,COR
,,19C071729,14:37:46 08/09/19,l,Battery Past,3,713 PARK LN,COR
,,19C071730,14:45:22 08/09/19,l,Missing Person,2,2976 LA VISTA AVE;LL CONT,COR
,,19C071732,14:48:17 08/09/19,l,Stranded Veh,3,E FOOTHILL PKWY & RIMPAU AVE,COR
,,19C071734,14:49:54 08/09/19,l,Vehicle Check,4,4200 PRADO RD,COR
,,19C071735,14:50:04 08/09/19,l,Additional Info,4,1113 S MAIN ST # B; KILZI DENTAL; LL CONT,COR
,,19C071736,14:51:29 08/09/19,l,Disturb Peace,3,1155 VALENCIA RD; JAMESON PARK,COR
,,19C071737,14:52:34 08/09/19,l,Patrol Info,4,550 W FOOTHILL PKWY,COR
,,19C071738,14:55:04 08/09/19,l,911 Hangup,2,1281 LAKEPORT LN ;PHS 2,COR
,,19C071739,14:55:26 08/09/19,l,Disturb Peace,3,307 S SMITH AVE,COR
,,19C071740,14:56:45 08/09/19,l,Susp Person,3,710 MANDEVILLA WAY,COR
,,19C071741,14:59:27 08/09/19,l,Alarm Call,2,1410 HEARTHSIDE DR,COR
,,19C071742,15:01:22 08/09/19,l,Public Service,3,1900 AVIATION DR; CORONA AIRPORT,COR
,,19C071745,15:04:26 08/09/19,l,Stranded Veh,3,E FOOTHILL PKWY & FULLERTON AVE,COR
,,19C071748,15:07:05 08/09/19,l,Susp Person,3,641 N MAIN ST ; #102 Supreme pool supply,COR
,,19C071749,15:12:20 08/09/19,l,Welfare Check,2,178 N COTA ST,COR
,,19C071750,15:15:08 08/09/19,l,Property Check,4,1900 FRONTAGE RD; AYRES SUITES,COR
,,19C071752,15:21:46 08/09/19,l,Traffic Stop,4,450 AUTO CENTER DR; IN N OUT BURGER 25,COR
,,19C071754,15:22:26 08/09/19,l,Accident,2,E ONTARIO AVE & VESPER CIR,COR
,,19C071755,15:23:10 08/09/19,l,Fraud Past,4,223 E PARKRIDGE AVE # B; FRONT COUNTER,COR
YES,'Nature' garbled text (embedded symbol),19C071756,15:24:29 08/09/19,f,ZZFaint/Uncons,1,2393 WEATHERWOOD RD,COR
,,19C071757,15:26:39 08/09/19,l,Assist Othr Dpt,2,1900 AVIATION DR; CORONA AIRPORT,COR
YES,'Nature' garbled text (embedded symbol),19C071758,15:31:28 08/09/19,f,ZZFaint/Uncons,1,2600 S MAIN ST;#119 BED A,COR
,,19C071759,15:36:50 08/09/19,l,Alarm Call,2,1065 MANDEVILLA WAY,COR
,,19C071760,15:38:28 08/09/19,f,ZZSick,1,1180 W SIXTH ST;#100 DAVITA DYALISIS,COR
,,19C071761,15:41:32 08/09/19,l,911 Hangup,2,1000 W RINCON ST,COR
,,19C071762,15:44:21 08/09/19,l,Traffic Stop,4,W FOOTHILL PKWY & S LINCOLN AVE,COR
,,19C071764,15:51:15 08/09/19,l,911 Hangup,2,1218 E ONTARIO AVE,COR
,,19C071765,15:58:18 08/09/19,l,Patrol Info,4,2661 GREEN RIVER RD; RALPHS,COR
,,19C071766,15:59:02 08/09/19,l,Property Check,4,705 N MAIN ST,COR
,,19C071767,15:59:19 08/09/19,l,911 Hangup,2,1681 CALIFORNIA AVE,COR
,,19C071768,16:00:19 08/09/19,l,Alarm Call,2,268 N LINCOLN AVE # 13; COLUMBIA FINANCIAL,COR
,,19C071769,16:01:46 08/09/19,l,Citizen Contact,3,923 S SMITH AVE; #2,COR
,,19C071773,16:07:34 08/09/19,lf,ZZChest Pains,1,1028 N NORMANDY TERRACE,COR
,,19C071775,16:10:13 08/09/19,l,Follow Up,4,152 BIG SUR ST,COR
,,19C071776,16:10:30 08/09/19,l,Susp Person,3,W SIXTH ST & S VICENTIA AVE,COR
,,19C071779,16:15:14 08/09/19,l,911 Hangup,2,505 S BUENA VISTA AVE,COR
,,19C071780,16:15:48 08/09/19,f,ZZFwy UnkInjury,1,91 EB LINCOLN MAIN,COR
,,19C071781,16:16:14 08/09/19,l,Accident,2,591 N MCKINLEY ST,COR
,,19C071784,16:18:02 08/09/19,f,ZZFwy Acc w/ inj,1,91 EB LINCOLN MAIN,COR
,,19C071787,16:21:11 08/09/19,l,Assault Wpn P,2,W ONTARIO AVE & AVENIDA DEL VISTA;LL CONT,COR
,,19C071788,16:22:16 08/09/19,l,911 Hangup,2,210 N SMITH AVE,COR
,,19C071789,16:25:13 08/09/19,l,Indecent Expose,2,1100 W RIVER RD; RIVER ROAD PARK,COR
,,19C071790,16:32:17 08/09/19,l,911 Hangup,2,301 S LINCOLN AVE ; cardenas,COR
,,19C071791,16:32:34 08/09/19,l,Reckless Driver,3,312 E NINTH ST; VICTORIA PARK,COR
,,19C071792,16:33:20 08/09/19,l,Prowler,2,2772 FASHION DR # 101,COR
,,19C071793,16:33:33 08/09/19,l,911 Hangup,2,2035 CALIFORNIA AVE,COR
,,19C071794,16:37:53 08/09/19,l,911 Hangup,2,1151 W SIXTH ST; KFC,COR
,,19C071795,16:40:32 08/09/19,lf,Man Down,1,1151 W SIXTH ST; KFC,COR
,,19C071797,16:47:40 08/09/19,l,911 Hangup,2,465 N MCKINLEY ST,COR
,,19C071799,16:48:33 08/09/19,l,911 Hangup,2,510 W ELEVENTH ST,COR
,,19C071800,16:50:33 08/09/19,l,Property Check,4,1353 W ONTARIO AVE; ONTARIO PARK,COR
,,19C071801,16:50:39 08/09/19,lf,Man Down,1,2375 DEL MAR WAY # 201,COR
,,19C071802,16:51:09 08/09/19,f,ZZBreathing,1,730 S SHERMAN AVE # E,COR
,,19C071803,16:59:00 08/09/19,l,911 Hangup,2,1690 W SIXTH ST,COR
,,19C071804,17:01:31 08/09/19,l,Under Influence,2,1298 BRIDGEPORT RD,COR
,,19C071805,17:02:47 08/09/19,l,Alarm Call,2,127 BUSINESS CENTER DR ;#b Shook Bsn systems,COR
,,19C071806,17:06:21 08/09/19,l,Additional Info,4,E CHASE DR & KELLOGG AVE;LL CONT 19F-07946,COR
,,19C071807,17:14:28 08/09/19,l,Fraud Past,4,4409 PLAYER RD; LL CONT,COR
,,19C071808,17:26:53 08/09/19,l,911 Hangup,2,1915 SAN REMO DR,COR
,,19C071810,17:34:15 08/09/19,l,911 Hangup,2,161 N MCKINLEY ST,COR
,,19C071811,17:49:12 08/09/19,l,Accident,2,S VICTORIA AVE & E TENTH ST,COR
,,19C071812,17:49:30 08/09/19,l,Accident,2,S VICTORIA AVE & E TENTH ST,COR
,,19C071813,17:49:36 08/09/19,l,Disturb Peace,3,156 PRINGLE CIR,COR
,,19C071815,17:59:26 08/09/19,l,Property Check,4,1900 AVIATION DR,COR
,,19C071816,18:00:35 08/09/19,l,Alarm Call,2,954 FEATHER PEAK DR,COR
YES,'Nature' garbled text (embedded symbol),19C071817,18:07:26 08/09/19,f,ZZFaint/Uncons,1,113 E SIXTH ST; SGC JAPENESE REST,COR
,,19C071818,18:09:02 08/09/19,l,911 Hangup,2,400 S VICENTIA AVE,COR
,,19C071820,18:14:24 08/09/19,l,911 Hangup,2,400 S VICENTIA AVE,COR
,,19C071821,18:17:07 08/09/19,l,911 Hangup,2,1434 CEDAR PLANKS DR,COR
,,19C071822,18:19:17 08/09/19,l,911 Hangup,2,400 S VICENTIA AVE,COR
,,19C071823,18:21:11 08/09/19,l,911 Hangup,2,1080 POMONA RD,COR
,,19C071824,18:23:45 08/09/19,l,Patrol Info,4,1215 MAGNOLIA AVE; MCDONALDS,COR
,,19C071825,18:25:52 08/09/19,f,ZZFwy Sick,1,15 SB MAGNOLIA ONTARIO,COR
,,19C071827,18:29:30 08/09/19,l,Disturb Peace,3,1299 E ONTARIO AVE; CVS PHARMACY 9190 AT CORONA ORCHARD,COR
,,19C071828,18:36:44 08/09/19,l,Alarm Call,2,2332 S MAIN ST,COR
,,19C071829,18:43:16 08/09/19,l,Petty Theft P,4,1375 E ONTARIO AVE; SAMS CLUB 4709 AT SOUTH POINTE PLAZA,COR
,,19C071830,18:43:29 08/09/19,l,Dist/Verbal,2,780 AVENIDA DEL VISTA # E,COR
,,19C071831,18:51:55 08/09/19,l,Traffic Stop,4,S MAIN ST & E THIRD ST,COR
,,19C071832,18:52:37 08/09/19,l,911 Hangup,2,1090 POMONA RD; GOODFELLAS CAFE,COR
,,19C071833,18:58:21 08/09/19,l,911 Hangup,2,729 JOHN CIR,COR
,,19C071834,19:04:15 08/09/19,l,Veh Burg Past,4,1090 POMONA RD; GOODFELLAS CAFE,COR
,,19C071835,19:04:46 08/09/19,l,Disturb Peace,3,729 JOHN CIR; FAMILY,COR
,,19C071837,19:06:41 08/09/19,l,Assist Othr Dpt,3,1330 MAGNOLIA AVE; ACO,COR
,,19C071839,19:07:52 08/09/19,l,Annoying Calls,3,282 LYDIA LN;LL CONT,COR
,,19C071840,19:08:58 08/09/19,l,Property Check,4,1886 BUTTERFIELD DR; BUTTERFIELD PARK,COR
,,19C071841,19:10:45 08/09/19,l,Vehicle Check,4,1248 W SIXTH ST; WELCOME INN,COR
,,19C071842,19:11:31 08/09/19,l,Additional Info,4,"730 PUBLIC SAFETY WAY; FRONT OF PD, FOR 222",COR
,,19C071843,19:12:36 08/09/19,l,Susp Vehicle,3,526 MAGNOLIA AVE; ST JOHNS CHURCH,COR
,,19C071844,19:13:49 08/09/19,l,Vehicle Check,4,930 E SIXTH ST; CITY PARK,COR
,,19C071845,19:25:48 08/09/19,l,Traffic Stop,4,TEMESCAL CANYON RD & JOLORA AVE,ELC
,,19C071846,19:26:40 08/09/19,l,Susp Person,3,TABER ST & COMPTON AVE,COR
,,19C071847,19:28:47 08/09/19,l,911 Hangup,2,815 W SIXTH ST,COR
,,19C071851,19:37:26 08/09/19,l,H&S Violation,3,702 E SIXTH ST; ARCO AM PM,COR
,,19C071852,19:39:15 08/09/19,l,911 Hangup,2,665 W RINCON ST,COR
,,19C071853,19:42:19 08/09/19,l,Traffic Stop,4,CAJALCO RD & 15 NB OFF RAMP,COR
,,19C071854,19:47:33 08/09/19,l,911 Hangup,2,CAJALCO AT SILVERTON CT LAKE HILLS,RVC
,,19C071856,19:53:24 08/09/19,l,Property Check,4,480 N MAIN ST,COR
,,19C071858,19:54:21 08/09/19,l,Trespass,3,803 SERRANO DR,COR
,,19C071859,19:59:36 08/09/19,l,Traffic Stop,4,15 NB EL CERRITO ONTARIO,ELC
,,19C071860,20:02:40 08/09/19,l,Traffic Stop,4,1550 E ONTARIO AVE; SHELL GAS,COR
,,19C071862,20:17:43 08/09/19,l,Disturb Peace,3,1220 W PARKRIDGE AVE; WASHINGTON ELEMENTARY,COR
,,19C071863,20:18:01 08/09/19,l,Comm Policing,4,1200 GOLDENVIEW DR,COR
,,19C071864,20:25:59 08/09/19,l,Traffic Stop,4,SHERBORN ST & MAGNOLIA AVE,COR
,,19C071865,20:28:45 08/09/19,l,Patrol Info,4,730 PUBLIC SAFETY WAY; CORONA POLICE,COR
,,19C071866,20:32:50 08/09/19,l,Traffic Stop,4,MAGNOLIA AVE & GRANT ST,HGS
,,19C071867,20:34:26 08/09/19,l,Property Check,4,1900 FRONTAGE RD; AYRES SUITES,COR
,,19C071868,20:36:48 08/09/19,l,Susp Person,3,1070 W SEVENTH ST,COR
,,19C071869,20:39:10 08/09/19,l,Battery Past,3,200 N LINCOLN AVE; MOTEL 6;#116,COR
,,19C071870,20:39:32 08/09/19,l,911 Hangup,2,730 WHITE MOUNTAIN CIR,COR
,,19C071871,20:41:07 08/09/19,l,Property Check,4,131 N MCKINLEY ST,COR
,,19C071872,20:41:27 08/09/19,l,Citizen Contact,3,820 PAYETTE DR; FRONT OF PD,COR
,,19C071873,20:42:57 08/09/19,l,Traffic Stop,4,N MCKINLEY ST & PROMENADE AVE,COR
,,19C071875,20:43:55 08/09/19,l,Area Check,3,2331 CALIFORNIA AVE; EL POLLO LOCO,COR
,,19C071877,20:48:31 08/09/19,l,911 Hangup,2,1390 E ONTARIO AVE,COR
,,19C071878,20:49:11 08/09/19,l,911 Hangup,2,1390 E ONTARIO AVE,COR
,,19C071879,20:49:31 08/09/19,l,911 Hangup,2,1717 VIA DEL RIO,COR
,,19C071880,20:52:14 08/09/19,l,Follow Up,4,1220 W ONTARIO AVE,COR
,,19C071882,20:52:53 08/09/19,l,Ped Check,4,2320 COMPTON AVE,COR
,,19C071883,20:55:16 08/09/19,l,911 Hangup,2,1390 E ONTARIO AVE,COR
,,19C071884,20:55:56 08/09/19,l,Z-Animal AbuseP,4,1091 N NORMANDY TERRACE,COR
,,19C071885,20:57:08 08/09/19,l,Domestic Distur,2,791 AVENIDA TERRAZO,COR
,,19C071886,20:58:21 08/09/19,l,Follow Up,4,402 SIERRA VISTA ST # 10,COR
,,19C071887,21:01:26 08/09/19,l,Loud Party,3,1055 BEVERLY RD,COR
,,19C071888,21:06:28 08/09/19,l,Property Check,4,155 AUTO CENTER DR; METRO LINK,COR
,,19C071889,21:16:43 08/09/19,l,Alarm Call,2,1950 COMPTON AVE # 111; C W PLUMBING,COR
,,19C071890,21:20:28 08/09/19,l,Alarm Call,2,3439 GRAND OAKS; STAPLES,COR
,,19C071891,21:24:27 08/09/19,l,Patrol Info,4,935 N MCKINLEY ST; VINEYARD CHURCH;23103,COR
,,19C071892,21:25:33 08/09/19,f,ZZBreathing,1,730 MAGNOLIA AVE; #740,COR
,,19C071893,21:26:04 08/09/19,l,Property Check,4,2804 GRIFFIN WAY; GRIFFIN PARK,COR
,,19C071894,21:29:05 08/09/19,l,Traffic Stop,4,BOLLERO RD & N MERRILL ST,COR
,,19C071897,21:43:04 08/09/19,l,Vehicle Check,4,250 BENJAMIN DR,COR
,,19C071898,21:43:09 08/09/19,l,Veh Burg I/P,2,428 YOSEMITE CIR,COR
,,19C071900,21:46:24 08/09/19,l,Area Check,3,420 WELLESLEY DR # 105,COR
,,19C071902,21:49:20 08/09/19,l,Alarm Call,2,930 E ONTARIO AVE,COR
,,19C071903,21:52:00 08/09/19,l,Petty Theft,3,950 PARK LN,COR
,,19C071904,22:01:02 08/09/19,l,911 Hangup,2,291 CROSS RAIL LN,NOR
,,19C071905,22:01:36 08/09/19,l,Patrol Info,4,996 W SIXTH ST;#B;THREATS,COR
,,19C071907,22:04:23 08/09/19,f,ZZVehicle Fire,1,15 SB WIERICK TEMESCAL CANYON TEM CYN,TEM
,,19C071908,22:04:53 08/09/19,l,Defraud Inkpr P,4,2785 LAKESHORE DR ;WOOD RANCH BBQ ; & AREA CK FOR COR 23152,
,,19C071909,22:07:23 08/09/19,l,Accident,2,15 SB WIERICK TEMESCAL CANYON TEM CYN,TEM
,,19C071910,22:09:21 08/09/19,f,ZZFwy UnkInjury,1,15 SB WIERICK TEMESCAL CANYON TEM CYN,TEM
,,19C071911,22:09:46 08/09/19,l,Traffic Stop,4,E SIXTH ST & RADIO RD,COR
,,19C071912,22:10:42 08/09/19,l,Traffic Stop,4,91 WB MCKINLEY MAIN,COR
,,19C071914,22:22:45 08/09/19,l,Traffic Stop,4,MAGNOLIA AVE & LEESON LN,COR
,,19C071916,22:29:54 08/09/19,l,Patrol Info,4,15 NB AND HIDDEN VALLEY,
,,19C071918,22:30:48 08/09/19,f,ZZFall,1,851 RIVER RD,COR
,,19C071919,22:30:50 08/09/19,l,Area Check,3,GRANADA AVE & NOTTINGHAM DR ;ATT 459 VEH,COR
,,19C071920,22:32:59 08/09/19,l,Traffic Stop,4,91 EB MAIN MCKINLEY,COR
,,19C071921,22:33:47 08/09/19,l,Traffic Stop,4,S MAIN ST & E ONTARIO AVE,COR
,,19C071922,22:35:12 08/09/19,l,Traffic Stop,4,581 N MAIN ST,COR
,,19C071923,22:36:13 08/09/19,l,Patrol Info,4,MAGNOLIA AVE & FULLERTON AVE,COR
,,19C071924,22:39:01 08/09/19,f,ZZFwy Acc w/ inj,1,91 WB CITY LIMITS MCKINLEY;VEH VS MC,COR
,,19C071926,22:40:13 08/09/19,l,911 Hangup,2,760 S SMITH AVE,COR
,,19C071927,22:41:43 08/09/19,f,ZZPublicSrvceF,2,1002 S VICTORIA AVE ;STRANGE ODOR,COR
,,19C071928,22:44:03 08/09/19,l,Vehicle Check,4,2200 MANUGULAR AVE; MANGULAR PARK,COR
,,19C071929,22:44:11 08/09/19,l,Loud Noise,3,640 COLLETT AVE; CRESTA VERDE PARK,COR
,,19C071930,22:45:05 08/09/19,l,911 Hangup,2,91 EB MAIN MCKINLEY,COR
,,19C071931,22:47:03 08/09/19,l,911 Hangup,2,910 SAMAR CT,COR
,,19C071932,22:53:26 08/09/19,f,ZZSeizure,1,1205 MAGNOLIA AVE ;SHELL GAS,COR
,,19C071933,22:53:41 08/09/19,l,Property Check,4,91 WB ON RAMP & N LINCOLN AVE,COR
,,19C071934,22:54:45 08/09/19,l,Traffic Stop,4,BV SOF 6TH,
,,19C071935,22:56:57 08/09/19,l,Traffic Stop,4,91 WB LINCOLN MAPLE,COR
,,19C071937,22:59:30 08/09/19,l,911 Hangup,2,515 E SIXTH ST; TACO PLACE,COR
,,19C071938,23:00:02 08/09/19,l,911 Hangup,2,881 CORSICA DR,COR
,,19C071939,23:01:41 08/09/19,l,Assist Othr Dpt,3,1205 MAGNOLIA AVE; SHELL STATION AT SIZZLER CENTER,COR
,,19C071941,23:08:03 08/09/19,l,Ped Check,4,1276 BORDER AVE; DEL LAGO LIQ,COR
,,19C071942,23:11:34 08/09/19,l,Battery Past,3,1229 S VICTORIA AVE ;SUSP 97,COR
,,19C071943,23:11:34 08/09/19,lf,Welfare Check,2,870 S SHERMAN AVE # 4,COR
,,19C071944,23:11:37 08/09/19,l,Loitering,3,2578 DAKIN DR;CMC VIOL,COR
,,19C071945,23:12:06 08/09/19,l,Ped Check,4,640 COLLETT AVE,COR
,,19C071946,23:14:17 08/09/19,l,Traffic Stop,4,MAGNOLIA AVE & N MCKINLEY ST,COR
,,19C071947,23:15:08 08/09/19,l,911 Hangup,2,881 CORSICA DR,COR
,,19C071948,23:15:27 08/09/19,l,Battery Past,3,930 E SIXTH ST; SKATE PARK CITY PARK,COR
,,19C071949,23:16:05 08/09/19,l,Area Check,3,E SIXTH ST & EL SOBRANTE RD;POSS 415VER,COR
,,19C071950,23:18:10 08/09/19,l,Ped Check,4,200 RIVER RD,COR
,,19C071951,23:20:24 08/09/19,l,911 Hangup,2,950 W ONTARIO AVE,COR
,,19C071953,23:26:42 08/09/19,l,Alarm Call,2,1820 RIMPAU AVE; CENTENNIAL HIGH SCHOOL,COR
,,19C071954,23:26:48 08/09/19,l,911 Hangup,2,1578 PERA ST,COR
,,19C071955,23:29:21 08/09/19,l,Traffic Stop,4,1820 RIMPAU AVE; CENTENNIAL HIGH SCHOOL,COR
,,19C071956,23:32:04 08/09/19,l,911 Hangup,2,1002 W EIGHTH ST; PREM D,COR
,,19C071958,23:36:23 08/09/19,l,Property Check,4,2380 FULLERTON; CROSSROADS SCHOOL,COR
,,19C071959,23:36:41 08/09/19,l,Traffic Stop,4,S LINCOLN AVE & W TENTH ST,COR
,,19C071961,23:39:55 08/09/19,l,Property Check,4,DOS LAGOS,COR
,,19C071962,23:44:10 08/09/19,l,Citizen Contact,3,1578 PERA ST,COR
,,19C071963,23:51:00 08/09/19,l,Ped Check,4,AUTUMN LN & FULLERTON AVE,COR
,,19C071964,23:55:34 08/09/19,lf,Dist/Verbal,2,829 W OLIVE ST,COR
,,19C071965,23:56:47 08/09/19,l,Flag Down,4,800 S MAIN ST; CORONA REGIONAL MEDICAL CENTER,COR
,,19C071966,23:59:00 08/09/19,l,Vandalism,3,640 COLLETT AVE; CRESTA VERDE PARK ;SHOOTING AIRSOFT GUNS,COR
,,19C071967,23:59:22 08/09/19,l,911 Hangup,2,598 SANTANA WAY,COR
,,19C071968,00:19:51 08/10/19,l,Loud Party,3,2615 WINDSOR CIR,COR
,,19C071970,00:31:20 08/10/19,l,Traffic Stop,4,SAMPSON AVE & RADIO RD,COR
,,19C071972,00:38:18 08/10/19,l,Property Check,4,2735 WARDLOW RD,COR
,,19C071974,00:47:46 08/10/19,l,911 Hangup,2,805 S RAMONA AVE,COR
,,19C071975,00:52:26 08/10/19,l,Property Check,4,1820 RIMPAU AVE; CENTENNIAL HIGH SCHOOL,COR
,,19C071976,00:55:37 08/10/19,l,911 Hangup,2,S RAMONA AVE & E THIRD ST,COR
,,19C071977,00:56:25 08/10/19,l,Property Check,4,2433 POMONA RD,COR
,,19C071978,01:04:28 08/10/19,l,Alarm Call,2,1820 RIMPAU AVE ; CENTENNIAL HIGH,COR
,,19C071979,01:22:06 08/10/19,l,Loud Party,3,236 E MONTEREY RD,COR
,,19C071980,01:29:35 08/10/19,l,Property Check,4,1701 W SIXTH ST,COR
,,19C071981,01:35:48 08/10/19,l,Property Check,4,1100 W RIVER RD; RIVER ROAD PARK,COR
,,19C071982,01:38:38 08/10/19,l,Property Check,4,135 E ONTARIO AVE,COR
,,19C071983,01:42:38 08/10/19,l,911 Hangup,2,3210 S MAIN ST,COR
,,19C071984,02:03:59 08/10/19,l,Patrol Info,4,E FIFTH ST & S JOY ST,COR
,,19C071986,02:09:23 08/10/19,l,Welfare Check,2,1263 CORNERSTONE WAY,COR
,,19C071989,02:34:02 08/10/19,l,911 Hangup,2,209 E BLAINE ST,COR
,,19C071990,02:34:46 08/10/19,l,Hit Run No Inj,2,E ONTARIO AVE & 15 SB OFF RAMP,COR
,,19C071991,02:37:07 08/10/19,l,Vehicle Check,4,1312 E ONTARIO AVE # 104; T MOBILE,COR
,,19C071992,02:44:47 08/10/19,lf,Unknown Problem,1,940 BLOSSOM HILL DR,COR
,,19C071993,03:05:31 08/10/19,f,ZZFall,1,1397 SHADOWGLEN WAY,COR
,,19C071994,03:32:25 08/10/19,f,ZZAbdominalPa in,1,660 N LAKESIDE PL # 101,COR
,,19C071995,03:34:50 08/10/19,f,ZZFwy Acc w/ inj,1,91 EB GREEN RIVER 71,RVC
,,19C071997,03:44:38 08/10/19,f,ZZCommrcal Alrm,1,1212 MAGNOLIA AVE,COR
,,19C071998,03:51:51 08/10/19,f,ZZHydrant Flow,1,1325 PICO ST,COR
,,19C071999,03:55:14 08/10/19,lf,Accident Unknwn,1,400 N MCKINLEY ST,COR
,,19C072000,03:59:35 08/10/19,l,Alarm Call,2,1150 PASEO GRANDE; CESAR CHAVEZ,COR
,,19C072002,04:16:18 08/10/19,l,Property Check,4,720 N MAIN ST; BURLINGTON COAT,COR
,,19C072003,04:19:04 08/10/19,l,Ped Check,4,500 E FIFTH ST,COR
,,19C072006,04:37:17 08/10/19,l,Alarm Call,2,1041 FULLERTON AVE; LINCOLN ELEM,COR
,,19C072007,04:40:16 08/10/19,l,Alarm Call,2,3950 LESTER AVE; MELENSON RESD,COR
,,19C072009,05:19:29 08/10/19,l,Surveillance,4,GROVE AVE & CHICAGO ST,COR
,,19C072010,05:26:12 08/10/19,l,Missing Person,2,861 W CRESTVIEW ST; LL CONT; GROUP HOME,COR
,,19C072012,05:51:14 08/10/19,f,Vegetation High,1,540 MAGNOLIA AVE; TEST CALL,COR
,,19C072014,06:03:26 08/10/19,l,Alarm Call,2,400 S RAMONA AVE # 102; NOTARTY GO,COR
,,19C072018,06:39:58 08/10/19,l,Traffic Stop,4,RAILROAD ST & RAILROAD ST,COR
,,19C072019,06:44:20 08/10/19,l,Traffic Stop,4,301 S LINCOLN AVE; PLOT,COR
,,19C072020,06:45:05 08/10/19,l,Hazard,3,1402 E ONTARIO AVE; ARCO AMPM AT IN AND OUT CENTER,COR
,,19C072021,06:45:49 08/10/19,l,Traffic Stop,4,RAILROAD ST & N SMITH AVE,COR
,,19C072022,06:51:47 08/10/19,l,Traffic Stop,4,W SIXTH ST & S LINCOLN AVE,COR
,,19C072024,06:58:37 08/10/19,l,Patrol Info,4,3915 GREEN RIVER RD,COR
,,19C072025,06:59:41 08/10/19,l,Traffic Stop,4,W SEVENTH ST & S LINCOLN AVE; E/OF,COR
,,19C072026,07:01:15 08/10/19,l,Property Check,4,1015 MONTECITO DR; RESIDENCE INN,COR
,,19C072027,07:02:04 08/10/19,f,ZZChest Pains,1,2917 HIDDEN HILLS CIR,COR
,,19C072028,07:10:44 08/10/19,l,Traffic Stop,4,W SIXTH ST & S LINCOLN AVE,COR
,,19C072029,07:12:08 08/10/19,l,Property Check,4,222 S PROMENADE AVE; UNIWEB INC,COR
,,19C072031,07:18:56 08/10/19,l,Traffic Stop,4,W SEVENTH ST & S LINCOLN AVE; E/OF,COR
,,19C072032,07:25:48 08/10/19,l,Traffic Stop,4,W SIXTH ST & S LINCOLN AVE,COR
,,19C072033,07:32:48 08/10/19,l,Traffic Stop,4,S LINCOLN AVE & W SIXTH ST,COR
,,19C072034,07:36:09 08/10/19,l,Traffic Stop,4,S LINCOLN AVE & W SIXTH ST,COR
,,19C072035,07:37:07 08/10/19,l,Auto Theft Past,3,761 PAYETTE DR,COR
,,19C072036,07:41:34 08/10/19,l,Traffic Stop,4,W SIXTH ST & S LINCOLN AVE,COR
,,19C072037,07:42:12 08/10/19,l,Veh Burg Past,4,1090 POMONA RD; GOODFELLAS CAFE,COR
,,19C072038,07:42:50 08/10/19,l,911 Hangup,2,1504 TABER ST,COR
,,19C072039,07:45:28 08/10/19,l,Ill Parked Veh,4,327 GRAPEVINE DR,COR
,,19C072040,07:49:41 08/10/19,l,Traffic Stop,4,W SIXTH ST & S LINCOLN AVE,COR
,,19C072041,08:05:48 08/10/19,l,Welfare Check,2,1140 BAYFIELD DR,COR
,,19C072042,08:08:26 08/10/19,l,Dist/Verbal,2,2525 WARDLOW RD,COR
,,19C072044,08:22:06 08/10/19,lf,Accident Unknwn,1,N BUENA VISTA AVE & BOLLERO PL,COR
,,19C072045,08:32:35 08/10/19,l,Alarm Call,2,2275 S MAIN ST # 100; PAVEZ INSURANCE,COR
,,19C072047,08:40:20 08/10/19,l,911 Hangup,2,1550 CIRCLE CITY DR,COR
,,19C072048,08:40:35 08/10/19,l,Property Check,4,930 E SIXTH ST; CITY PARK,COR
,,19C072050,08:48:52 08/10/19,f,ZZFwy Man Down,1,15 NB ONTARIO MAGNOLIA,COR
,,19C072051,08:50:39 08/10/19,f,ZZFwy Acc w/ inj,1,91 EB BUCHANAN PIERCE RS,RIV
,,19C072052,08:53:30 08/10/19,l,Welfare Check,2,N MAIN ST & E RINCON ST,COR
,,19C072056,09:06:45 08/10/19,l,H&S Violation,3,1411 RIMPAU AVE,COR
,,19C072057,09:07:22 08/10/19,l,Veh Burg Past,4,1550 CIRCLE CITY DR; HOLIDAY INN EXPRESS AND SUITES COR CORONA,
,,19C072058,09:08:17 08/10/19,l,Found Property,4,1375 E ONTARIO AVE,COR
,,19C072059,09:12:38 08/10/19,l,Alarm Call,2,1661 FAIRMONT DR;REMENTILA RESIDENCE,COR
,,19C072061,09:15:44 08/10/19,l,Veh Burg Past,4,1550 CIRCLE CITY DR; HOLIDAY INN EXPRESS AND SUITES COR CORONA,
,,19C072062,09:16:15 08/10/19,l,Property Check,4,1124 S MAIN ST,COR
,,19C072065,09:31:39 08/10/19,l,911 Hangup,2,1406 W SIXTH ST,COR
,,19C072066,09:34:15 08/10/19,l,Property Check,4,615 RICHEY ST; PROMENADE PARK,COR
,,19C072069,09:41:06 08/10/19,l,Vehicle Check,4,QUARRY ST & E GRAND BLVD,COR
,,19C072071,09:54:03 08/10/19,l,Silent Comm 211,1,3383 GRAND OAKS # 104;CARTERS,COR
,,19C072072,10:06:23 08/10/19,l,Traffic Stop,4,S RAMONA AVE & E SIXTH ST; S/OF,COR
,,19C072073,10:06:39 08/10/19,l,Traffic Stop,4,470 HIDDEN VALLEY PKWY; KOHLS,COR
,,19C072075,10:11:27 08/10/19,f,ZZBreathing,1,1961 LOCKWOOD LN,COR
,,19C072076,10:14:24 08/10/19,l,Traffic Stop,4,301 S LINCOLN AVE ;PLOT,COR
,,19C072077,10:16:04 08/10/19,l,Stranded Veh,3,CALVERT ST & TABER ST,COR
,,19C072078,10:18:03 08/10/19,f,ZZFwy Lt Rescue,1,15 SB HIDDEN VALLEY MAGNOLIA,COR
,,19C072079,10:19:21 08/10/19,l,Susp Person,3,1058 W SIXTH ST; BURGER BASKET,COR
,,19C072080,10:21:19 08/10/19,l,Z-Animal Svcs,4,532 W ORANGE HEIGHTS LN,COR
,,19C072081,10:23:07 08/10/19,l,Traffic Stop,4,S LINCOLN AVE & D ST,COR
,,19C072084,10:30:08 08/10/19,l,Court Order Vio,3,820 PAYETTE DR; FRONT OF PD,COR
,,19C072085,10:36:40 08/10/19,l,Resid Burg Past,4,435 TERMINO AVE,COR
,,19C072086,10:38:57 08/10/19,l,Traffic Stop,4,PASEO GRANDE & HILLTOP CIR,COR
,,19C072088,10:47:28 08/10/19,l,Traffic Stop,4,GREEN RIVER RD & TANGLEWOOD DR,COR
,,19C072090,10:53:14 08/10/19,l,Traffic Stop,4,GREEN RIVER RD & SAN SIMEON DR,COR
,,19C072091,10:53:30 08/10/19,l,Stranded Veh,3,E SIXTH ST & PROMENADE AVE,COR
,,19C072092,10:55:33 08/10/19,l,Missing Person,2,861 W CRESTVIEW ST,COR
,,19C072093,10:57:39 08/10/19,l,Traffic Stop,4,MAGNOLIA AVE & N MCKINLEY ST,COR
,,19C072094,10:58:14 08/10/19,f,ZZCommrcal Alrm,1,1395 E FOOTHILL PKWY,COR
,,19C072095,11:04:08 08/10/19,l,Welfare Check,2,928 AVENIDA DEL VISTA,COR
,,19C072096,11:05:22 08/10/19,l,Traffic Stop,4,GREEN RIVER RD & PASEO GRANDE,COR
,,19C072097,11:05:25 08/10/19,l,Traffic Stop,4,E SIXTH ST & PROMENADE AVE,COR
,,19C072098,11:07:56 08/10/19,l,Shots Heard,3,1033 OAKDALE ST,COR
,,19C072099,11:10:56 08/10/19,l,Traffic Stop,4,GREEN RIVER RD & TANGLEWOOD DR,COR
,,19C072101,11:14:51 08/10/19,l,Susp Person,3,2960 VIA MILANO # 201,COR
,,19C072102,11:16:21 08/10/19,l,Traffic Stop,4,E SIXTH ST & RADIO RD,COR
,,19C072103,11:18:32 08/10/19,l,Traffic Stop,4,GREEN RIVER RD & SAN SIMEON DR,COR
,,19C072104,11:19:09 08/10/19,l,Auto Theft Past,3,131 N BUENA VISTA AVE # G,COR
,,19C072105,11:21:40 08/10/19,lf,Welfare Check,2,1550 RIMPAU AVE # 185,COR
,,19C072106,11:23:32 08/10/19,l,Traffic Stop,4,GREEN RIVER RD & SAN SIMEON DR,COR
,,19C072107,11:28:45 08/10/19,l,Traffic Stop,4,SAN SIMEON DR & GREEN RIVER RD,COR
,,19C072109,11:34:55 08/10/19,l,Traffic Stop,4,GREEN RIVER RD & PASEO GRANDE,COR
,,19C072110,11:36:45 08/10/19,l,Shoplift Past,4,2615 TUSCANY ST; TARGET STORES T1548 AT THE CROSSINGS,COR
,,19C072111,11:40:03 08/10/19,l,Traffic Stop,4,GREEN RIVER RD & TANGLEWOOD DR,COR
,,19C072112,11:41:17 08/10/19,f,ZZFall,1,698 STONEYBROOK DR,COR
,,19C072113,11:43:42 08/10/19,f,ZZSick,1,2600 S MAIN ST,COR
,,19C072115,11:51:08 08/10/19,l,Assist Othr Dpt,3,1023 QUARRY ST,COR
,,19C072116,11:51:59 08/10/19,l,Property Check,4,N MAIN ST & N MAIN ST,COR
,,19C072118,11:53:07 08/10/19,l,Dist/Physical,1,4125 HUDSON HOUSE DR # 101,COR
,,19C072119,11:58:47 08/10/19,l,Patrol Info,4,803 SERRANO DR,COR
,,19C072122,12:08:52 08/10/19,l,Traffic Stop,4,N LINCOLN AVE & W RINCON ST,COR
,,19C072123,12:10:27 08/10/19,l,Z-Animal Svcs,4,1058 W SIXTH ST; BURGER BASKET,COR
,,19C072124,12:13:48 08/10/19,l,Susp Vehicle,3,777 S TEMESCAL ST # 67,COR
,,19C072125,12:16:24 08/10/19,l,Flag Down,4,730 PUBLIC SAFETY WAY; CORONA POLICE,COR
,,19C072126,12:17:55 08/10/19,l,Alarm Call,2,510 MALLOY CT;PACIFIC UTILITY,COR
,,19C072127,12:18:13 08/10/19,f,ZZFwy Acc w/ inj,1,91 EB LINCOLN MAIN,COR
,,19C072128,12:19:16 08/10/19,l,911 Hangup,2,881 CORSICA DR,COR
,,19C072129,12:19:23 08/10/19,f,ZZFwy UnkInjury,1,EB 91 OFF RAMP AT MAIN START AMR,
,,19C072130,12:20:53 08/10/19,l,Drunk Driver,2,S LINCOLN AVE & W SIXTH ST,COR
,,19C072132,12:24:50 08/10/19,l,Hit Run No Inj,2,175 N MCKINLEY ST; SHELL GAS,COR
,,19C072133,12:32:54 08/10/19,l,Alarm Call,2,1925 ELISE CIR; ACCENT PLASTIC,COR
,,19C072134,12:34:39 08/10/19,l,Vehicle Check,4,S RAMONA AVE & E THIRD ST,COR
,,19C072135,12:34:47 08/10/19,l,Disturb Peace P,4,3833 BEDFORD CANYON RD # C103; IT'S A GRIND COFFEE COR HOUSE,
,,19C072136,12:39:49 08/10/19,l,Citizen Contact,3,455 BRISTOL WAY;LL CONT,COR
,,19C072137,12:41:11 08/10/19,l,Welfare Check,2,W MAPLE ST & N SMITH AVE,COR
,,19C072138,12:43:05 08/10/19,l,Accident,2,165 N MCKINLEY ST; DENNYS RESTAURANT 6590 AT LOS ARCOS,COR
YES,'Location' garbled/scrambled text,19C072141,13:04:51 08/10/19,l,Alarm Call,2,2950 PALISADES DR;HISCO BUSN,COR
,,19C072142,13:17:11 08/10/19,l,911 Hangup,2,924 MESA VERDE AVE,COR
,,19C072144,13:18:56 08/10/19,l,Susp Person,3,405 CLEVELAND WAY,COR
,,19C072145,13:21:08 08/10/19,l,911 Hangup,2,549 BATEMAN CIR,COR
,,19C072146,13:23:20 08/10/19,l,Traffic Detail,4,PROMENADE AVE & LA VISTA AVE,COR
,,19C072147,13:23:54 08/10/19,l,Missing Return,3,861 W CRESTVIEW ST,COR
,,19C072150,13:32:13 08/10/19,l,CMC Violation,4,1111 W SIXTH ST; WELLS FARGO BANK,COR
,,19C072151,13:40:45 08/10/19,l,Cite Sign Off,4,730 PUBLIC SAFETY WAY; CORONA POLICE,COR
,,19C072152,13:41:50 08/10/19,l,Traffic Stop,4,170 HIDDEN VALLEY PKWY,NOR
,,19C072153,13:42:28 08/10/19,l,911 Hangup,2,522 N MAIN ST,COR
,,19C072158,13:52:41 08/10/19,l,Patrol Info,4,W FOOTHILL PKWY & S LINCOLN AVE,COR
,,19C072159,13:54:24 08/10/19,l,Disturb Peace,3,1735 W SIXTH ST;ARCO AM-PM,COR
,,19C072164,14:05:01 08/10/19,l,911 Hangup,2,PROMENADE AVE & CRESTA RD,COR
,,19C072165,14:07:41 08/10/19,lf,Accident Inj,1,23200 TEMESCAL CANYON RD,TEM
,,19C072166,14:14:35 08/10/19,l,Property Check,4,1285 MAGNOLIA AVE; LOWES,COR
,,19C072167,14:15:16 08/10/19,f,ZZFwy UnkInjury,1,15 SB HIDDEN VALLEY MAGNOLIA,COR
,,19C072168,14:16:51 08/10/19,l,911 Hangup,2,1554 BORDER AVE,COR
,,19C072170,14:17:18 08/10/19,l,Property Check,4,1504 TABER ST; CANYON COMMUNITY CHRUCH OF THE NAZARENE,COR
,,19C072171,14:19:16 08/10/19,l,Disturb Peace,3,3833 BEDFORD CANYON RD # C103; SUNRISE GRIND; ITS A GRIND,COR
,,19C072173,14:26:21 08/10/19,l,Accident,2,2150 CALIFORNIA AVE # 104; ALOHA HAWAIIAN BBQ,COR
,,19C072174,14:32:10 08/10/19,l,911 Hangup,2,879 BRIDGEWOOD ST,COR
,,19C072175,14:32:21 08/10/19,l,Susp Person,3,CAJALCO RD & 15 NB OFF RAMP,COR
,,19C072178,14:39:00 08/10/19,l,911 Hangup,2,1400 CIRCLE CITY DR,COR
,,19C072181,14:44:46 08/10/19,l,Hazard,3,311 S HOWARD ST,COR
,,19C072182,14:48:59 08/10/19,l,911 Hangup,2,770 S SHERMAN AVE,COR
,,19C072183,14:49:02 08/10/19,l,Stranded Veh,3,E ONTARIO AVE & 15 SB OFF RAMP,COR
YES,'Nature' garbled text (embedded symbol),19C072184,14:54:06 08/10/19,f,ZZFaint/Uncons,1,3261 HUNTFIELD ST,COR
,,19C072185,14:54:26 08/10/19,l,Solicitor,3,1001 ROSEGLEN WAY,COR
,,19C072186,14:57:45 08/10/19,l,H&S Violation,3,1299 E ONTARIO AVE; CVS,COR
,,19C072187,14:59:16 08/10/19,l,Susp Vehicle,3,2139 ELLINGTON DR,COR
,,19C072188,15:04:23 08/10/19,l,Missing Child,1,1758 PAR FOUR DR,COR
,,19C072189,15:07:23 08/10/19,l,Traffic Stop,4,GARRETSON AVE & GAY ST,COR
,,19C072192,15:10:57 08/10/19,l,Susp Person,3,CALIFORNIA AVE & E ONTARIO AVE,COR
,,19C072195,15:13:00 08/10/19,lf,Hazmat,1,540 MAGNOLIA AVE ;CFD #1,COR
,,19C072196,15:14:23 08/10/19,l,911 Hangup,2,1201 MAGNOLIA AVE,COR
,,19C072198,15:16:12 08/10/19,l,911 Hangup,2,400 S VICENTIA AVE,COR
,,19C072199,15:20:09 08/10/19,l,Loud Noise,3,1654 SHIRLEY DR,COR
,,19C072200,15:20:53 08/10/19,l,Accident,2,E ONTARIO AVE & MAGNOLIA AVE,COR
,,19C072201,15:21:18 08/10/19,l,Petty Theft P,4,1322 W SIXTH ST;CVS,COR
,,19C072202,15:21:37 08/10/19,l,Traffic Stop,4,MASTERS DR & NELSON ST,COR
,,19C072203,15:23:03 08/10/19,l,Welfare Check,2,1998 CRYSTAL DOWNS DR,COR
,,19C072204,15:25:36 08/10/19,l,911 Hangup,2,1831 E DELILAH ST,COR
,,19C072205,15:32:15 08/10/19,l,Drunk In Public,2,1205 MAGNOLIA AVE,COR
,,19C072207,15:34:45 08/10/19,l,911 Hangup,2,4915 GREEN RIVER RD,COR
,,19C072208,15:36:21 08/10/19,l,Auto Theft Past,3,730 PUBLIC SAFETY WAY; OCC IN TIJUANA MX,COR
,,19C072209,15:40:30 08/10/19,l,Patrol Info,4,HARRIS ST & W EIGHTH ST,COR
,,19C072210,15:51:39 08/10/19,l,Traffic Stop,4,MAGNOLIA AVE & FULLERTON AVE,COR
,,19C072211,16:02:00 08/10/19,l,911 Hangup,2,1150 W TENTH ST,COR
,,19C072212,16:04:12 08/10/19,l,Traffic Stop,4,E SIXTH ST & E GRAND BLVD,COR
,,19C072213,16:04:31 08/10/19,l,Property Check,4,700 W SIXTH ST,COR
,,19C072215,16:08:17 08/10/19,l,Traffic Stop,4,E SIXTH ST & E GRAND BLVD,COR
,,19C072217,16:11:20 08/10/19,l,Auto Theft Past,3,1594 BENTLEY DR; POLE POSITION RACEWAY INC ;87 FRONT PD,COR
,,19C072218,16:12:36 08/10/19,l,Property Check,4,4325 PRADO RD; AMERICAN HOME REMODELING INC,COR
,,19C072219,16:13:16 08/10/19,l,Keep The Peace,3,827 W SEVENTH ST,COR
,,19C072220,16:18:06 08/10/19,l,Auto Theft Past,3,4168 WINDSPRING ST,COR
,,19C072221,16:20:48 08/10/19,l,Traffic Stop,4,SECOND & 91,
,,19C072224,16:23:21 08/10/19,l,Traffic Stop,4,301 S LINCOLN AVE; CARDENAS,COR
,,19C072225,16:23:24 08/10/19,l,Property Check,4,2300 CALIFORNIA AVE,COR
,,19C072229,16:25:34 08/10/19,l,Property Check,4,1701 W SIXTH ST,COR
,,19C072230,16:26:10 08/10/19,l,Property Check,4,1701 W SIXTH ST;#122,COR
,,19C072232,16:27:09 08/10/19,l,Traffic Stop,4,SECOND ST & S BUENA VISTA AVE,COR
,,19C072233,16:27:16 08/10/19,l,Auto Theft Past,3,532 BRITTANY DR,COR
,,19C072234,16:30:52 08/10/19,l,Vehicle Check,4,BERRYWOOD CT & MEADOWOOD CT,COR
,,19C072235,16:38:41 08/10/19,l,Loud Noise,3,1654 SHIRLEY DR,COR
,,19C072237,16:42:24 08/10/19,l,Property Check,4,705 N MAIN ST # 110; CHUZE FITNESS,COR
,,19C072238,16:44:14 08/10/19,l,Ill Parked Veh,4,FOLSON CIR & RAWLEY ST,COR
,,19C072239,16:49:57 08/10/19,l,Traffic Stop,4,W GRAND BLVD & W TENTH ST,COR
,,19C072240,16:51:21 08/10/19,l,Trespass,3,2615 TUSCANY ST; TARGET STORES T1548 AT THE CROSSINGS,COR
,,19C072241,16:54:23 08/10/19,l,Property Check,4,1015 MONTECITO DR; RESIDENCE INN;,COR
,,19C072242,16:55:20 08/10/19,l,Welfare Check,2,709 MAGNOLIA AVE,COR
,,19C072243,16:55:32 08/10/19,l,Susp Person,3,210 W GRAND BLVD;#101 KINGS MARKET,COR
,,19C072244,17:13:54 08/10/19,l,Patrol Info,4,ARIZONA & RUBIDOUX JURUPA VALLEY,
,,19C072245,17:25:43 08/10/19,l,Assist Othr Dpt,3,424 TETON DR,COR
,,19C072246,17:30:27 08/10/19,l,DV-Assault,1,2260 WILDOAK WAY # 206; MARQUESSA APTS,COR
,,19C072247,17:30:39 08/10/19,l,911 Hangup,2,3394 FERN HOLLOW DR,COR
,,19C072248,17:30:49 08/10/19,l,Special Detail,4,2780 CABOT DR,COR
,,19C072249,17:31:35 08/10/19,l,911 Hangup,2,HIDDEN VALLEY AT I15,NOR
,,19C072251,17:41:10 08/10/19,l,Dom Disturb P,3,4721 GREEN RIVER RD; SHELL GAS ; ll cont,COR
,,19C072252,17:45:23 08/10/19,l,Flag Down,4,E GRAND BLVD & N MAIN ST,COR
,,19C072253,17:46:24 08/10/19,l,Disturb Peace,3,760 N MAIN ST; SMART AND FINAL,COR
,,19C072254,17:53:36 08/10/19,l,Domestic Distur,2,1626 TURQUOISE DR;PREM D,COR
,,19C072255,18:00:22 08/10/19,l,Fraud Past,4,2255 E LAKESIDE DR # 202;LL CONT,COR
,,19C072257,18:00:25 08/10/19,l,911 Hangup,2,505 S BUENA VISTA AVE,COR
,,19C072258,18:04:21 08/10/19,l,Assist Othr Dpt,3,1330 MAGNOLIA AVE;ACO,COR
,,19C072259,18:06:33 08/10/19,l,Drunk In Public,2,425 E SIXTH ST,COR
,,19C072260,18:06:52 08/10/19,l,Disturb Peace,3,930 E SIXTH ST; CITY PARK POOL,COR
,,19C072261,18:07:52 08/10/19,l,Hit Run No Inj,2,PROMENADE AVE & N MCKINLEY ST;LLCONT,COR
,,19C072262,18:26:27 08/10/19,f,ZZCarbon Alarm,2,1215 E GRAND BLVD,COR
,,19C072263,18:26:28 08/10/19,l,Alarm Call,2,1241 OLD TEMESCAL RD,COR
,,19C072264,18:27:02 08/10/19,l,Property Check,4,470 HIDDEN VALLEY PKWY,COR
,,19C072266,18:31:32 08/10/19,l,Battery Past,3,768 LA TIERRA ST # 101 ; LL CONT,COR
,,19C072268,18:33:28 08/10/19,l,Traffic Stop,4,1075 W SIXTH ST; PIZZA HUT,COR
,,19C072269,18:33:47 08/10/19,l,Disturb Peace,3,490 N MCKINLEY ST;HOME DEPOT,COR
,,19C072270,18:34:23 08/10/19,l,Susp Person,3,2661 GREEN RIVER RD; RALPHS,COR
,,19C072271,18:36:57 08/10/19,l,DV-Assault Past,3,E SIXTH ST & RIMPAU AVE;PD PLOT,COR
,,19C072272,18:40:09 08/10/19,l,Property Check,4,2500 CABOT DR,COR
,,19C072273,18:42:17 08/10/19,l,911 Hangup,2,ESTELLE ST & S NEECE ST,HGS
,,19C072274,18:48:38 08/10/19,f,ZZSick,1,1350 BROOKDALE DR,COR
,,19C072275,18:57:46 08/10/19,l,911 Hangup,2,805 S RAMONA AVE;PHS1,COR
,,19C072277,19:02:21 08/10/19,l,Loud Noise,3,AUBURNDALE ST & W RINCON ST,COR
,,19C072278,19:06:30 08/10/19,l,Area Check,3,1290 E ONTARIO AVE; WALMART,COR
,,19C072283,19:28:52 08/10/19,l,Traffic Stop,4,2200 MANUGULAR AVE,COR
,,19C072284,19:35:00 08/10/19,lf,Accident Inj,1,E GRAND BLVD & E THIRD ST,COR
,,19C072285,19:37:45 08/10/19,l,Vandalism,3,423 E GRAND BLVD;LL CONT CORONA COMMUNITY VET,COR
,,19C072286,19:42:48 08/10/19,l,Standby,4,1500 ELEGANTE CT,COR
,,19C072287,19:45:14 08/10/19,l,Patrol Info,4,1260 MIRA VALLE ST; POSS 23103,COR
,,19C072288,19:45:40 08/10/19,l,911 Hangup,2,881 CORSICA DR,COR
,,19C072290,20:01:04 08/10/19,l,911 Hangup,2,3210 S MAIN ST ;PHSE 1,COR
,,19C072291,20:01:05 08/10/19,l,Drunk In Public,2,986 W FIFTH ST # 2,COR
YES,'Location' garbled/scrambled text,19C072294,20:06:52 08/10/19,l,Missing Person,2,3015 BRIARHAVEN LN;AT RISK,COR
,,19C072295,20:17:22 08/10/19,l,Alarm Call,2,1430 BURNETT CIR,COR
,,19C072297,20:23:18 08/10/19,l,911 Hangup,2,1181 CALIFORNIA AVE;PHS1,COR
,,19C072298,20:23:57 08/10/19,l,Loud Party,3,1112 POLARIS DR,COR
,,19C072299,20:29:15 08/10/19,l,Traffic Stop,4,E FOOTHILL PKWY & MONTICELLO DR,COR
,,19C072301,20:40:24 08/10/19,l,Abandoned Veh,4,1063 MORNING SUN LN;POSS,COR
,,19C072302,20:47:13 08/10/19,l,Traffic Stop,4,N MAIN ST & 91 WEST BOUND OFF RAMP,COR
,,19C072303,20:48:38 08/10/19,f,ZZSick,1,1856 FERRINGTON DR,COR
,,19C072305,20:52:29 08/10/19,l,Property Check,4,200 N LINCOLN AVE; MOTEL 6,COR
,,19C072307,20:56:05 08/10/19,l,Citizen Contact,3,2350 BOUGANVILLEA CIR,COR
,,19C072309,20:59:44 08/10/19,l,Property Check,4,1290 E ONTARIO AVE; WALMART,COR
,,19C072310,20:59:58 08/10/19,l,Hazard,3,SERFAS CLUB DR & GREEN RIVER RD,COR
,,19C072311,21:01:57 08/10/19,l,911 Hangup,2,598 SANTANA WAY,COR
,,19C072312,21:02:09 08/10/19,l,Ped Check,4,420 S LINCOLN AVE; NATIONAL INN,COR
,,19C072313,21:03:36 08/10/19,l,Patrol Info,4,RIDGEWOOD DR & RIMPAU AVE;415N,COR
,,19C072316,21:08:07 08/10/19,l,Disturb Peace P,4,1755 TAMARRON DR ; LL CONT,COR
,,19C072318,21:08:16 08/10/19,l,Property Check,4,420 S LINCOLN AVE; NATIONAL INN,COR
,,19C072319,21:09:13 08/10/19,l,Patrol Info,4,2500 CAJALCO RD; CROSSINGS SHOPPING CENTER,COR
,,19C072320,21:12:10 08/10/19,l,Property Check,4,2355 COMPTON AVE; LA FITNESS,COR
,,19C072323,21:17:26 08/10/19,l,Property Check,4,DOS LAGOS,COR
,,19C072324,21:18:26 08/10/19,l,Traffic Stop,4,1406 W SIXTH ST; RALLYS AT ARBYS CENTER,COR
,,19C072325,21:20:35 08/10/19,lf,Accident Unknwn,1,E ONTARIO AVE & SUMMERSET ST,COR
,,19C072327,21:21:52 08/10/19,l,Loud Party,3,975 COTTONWOOD CT,COR
,,19C072329,21:24:04 08/10/19,l,Hazard,3,E ONTARIO AVE & STATE ST,COR
,,19C072330,21:28:29 08/10/19,f,ZZFwy Acc w/ inj,1,15 SB WIERICK TEMESCAL CANYON TEM CYN,TEM
,,19C072331,21:29:30 08/10/19,f,ZZCommrcal Alrm,1,5215 GREEN RIVER RD ; GREEN RIVER GOLF CLUB,COR
,,19C072332,21:29:43 08/10/19,l,Traffic Stop,4,1193 MAGNOLIA AVE,COR
,,19C072333,21:30:13 08/10/19,l,Traffic Stop,4,1219 E ONTARIO AVE; DEL TACO,COR
,,19C072334,21:35:02 08/10/19,l,Loud Noise,3,W RANCHO RD & S MAIN ST,COR
,,19C072335,21:36:18 08/10/19,l,Additional Info,4,2468 PALISADES DR ; #210,COR
,,19C072336,21:36:50 08/10/19,l,911 Hangup,2,TEMESCAL CANYON RD & TOM BARNES ST,COR
,,19C072337,21:37:44 08/10/19,l,Additional Info,4,20000 TEMESCAL CANYON RD,ELC
,,19C072338,21:38:54 08/10/19,l,Additional Info,4,19181 STROH AVE,ELC
,,19C072339,21:42:07 08/10/19,l,Property Check,4,1560 W SIXTH ST,COR
,,19C072340,21:44:05 08/10/19,l,H/R Coll Past,4,S MAIN ST & MAGNOLIA AVE;LL CONT,COR
,,19C072341,21:49:50 08/10/19,l,Traffic Stop,4,E ONTARIO AVE & MAGNOLIA AVE,COR
,,19C072343,21:59:49 08/10/19,l,Standby,4,3945 OLD WAVERLY CIR;ACO,COR
,,19C072344,22:02:01 08/10/19,l,Loud Party,3,911 RIDGEWOOD DR,COR
,,19C072345,22:06:44 08/10/19,l,Traffic Stop,4,E CHASE DR & RIMPAU AVE,COR
,,19C072346,22:10:10 08/10/19,f,ZZSick,1,7500 EL CERRITO RD,ELC
,,19C072347,22:12:44 08/10/19,l,Loud Party,3,2496 KENNEDY DR,COR
,,19C072348,22:13:15 08/10/19,l,Loud Party,3,1360 AGNES ST,COR
,,19C072349,22:16:26 08/10/19,l,Dist/Verbal,2,990 MARGARITA DR;15 SUBJS,COR
,,19C072350,22:18:25 08/10/19,l,911 Hangup,2,3705 COLEVILLE CIR;PHS2,COR
,,19C072351,22:22:30 08/10/19,l,Dist/Verbal,2,820 WINDSTREAM ST # G,COR
,,19C072355,22:33:31 08/10/19,l,Traffic Stop,4,E SIXTH ST & RADIO RD,COR
,,19C072356,22:46:05 08/10/19,l,Alarm Call,2,1820 RIMPAU AVE;CENTENNIEL HS,COR
,,19C072357,22:46:10 08/10/19,l,Patrol Info,4,307 S SMITH AVE,COR
,,19C072358,22:54:56 08/10/19,l,Child Annoy Pst,2,1010 MARGARITA DR # A203; CONTADORA CONDOS,COR
,,19C072359,22:55:22 08/10/19,l,Loud Noise,3,1241 WHISPERING TREE LN,COR
,,19C072360,22:55:27 08/10/19,l,Property Check,4,1290 E ONTARIO AVE; WALMART,COR
,,19C072361,22:57:30 08/10/19,l,Loud Party,3,846 CRESTMONT CIR,COR
,,19C072362,22:59:35 08/10/19,l,Loud Party,3,2055 BEGLEY DR,COR
,,19C072364,23:04:28 08/10/19,l,Petty Theft P,4,1735 W SIXTH ST; ARCO AM PM,COR
,,19C072365,23:07:03 08/10/19,l,Standby,4,276 SUNBURST LN;ACO,COR
,,19C072366,23:09:30 08/10/19,l,Loud Party,3,1617 PASEO VISTA ST,COR
,,19C072367,23:13:36 08/10/19,l,Loud Party,3,1218 KELLEY AVE,COR
,,19C072369,23:19:08 08/10/19,l,911 Hangup,2,4428 DRIVING RANGE RD;PHS2,COR
,,19C072371,23:19:26 08/10/19,l,Loud Party,3,1360 AGNES ST;2ND RESPONSE,COR
,,19C072372,23:19:34 08/10/19,l,Loud Party,3,2496 KENNEDY DR,COR
,,19C072375,23:23:21 08/10/19,l,Loud Noise,3,1574 PLEASANT VIEW AVE,COR
,,19C072377,23:24:52 08/10/19,l,911 Hangup,2,4428 DRIVING RANGE RD;PHS 2,COR
,,19C072379,23:26:44 08/10/19,l,Traffic Stop,4,1575 E ONTARIO ST; STARBUCKS,COR
,,19C072380,23:27:29 08/10/19,l,Vehicle Check,4,1635 KELLOGG AVE; KELLOGG PARK,COR
,,19C072382,23:27:44 08/10/19,l,Alarm Call,2,1047 BAINBRIDGE CIR,COR
,,19C072383,23:29:10 08/10/19,lf,ZZFall,1,1030 DRIFTWOOD ST,COR
,,19C072384,23:31:18 08/10/19,l,Alarm Call,2,750 S LINCOLN AVE # 101,COR
,,19C072385,23:32:36 08/10/19,f,ZZSick,1,1512 ELEGANTE CT,COR
,,19C072386,23:38:45 08/10/19,l,Pursuit,1,314 E SIXTH ST,COR
,,19C072387,23:42:58 08/10/19,l,Hit Run No Inj,2,624 S BUENA VISTA AVE,COR
,,19C072389,23:48:04 08/10/19,l,Disturb Peace,3,2331 KELLOGG AVE,COR
,,19C072391,23:49:30 08/10/19,l,Loud Noise,3,REDPORT DR & EMERALDPORT ST,COR
,,19C072393,00:02:38 08/11/19,l,Loud Noise,3,1609 ROOSEVELT ST,COR
,,19C072394,00:03:13 08/11/19,l,Loud Party,3,1617 PASEO VISTA ST,COR
,,19C072396,00:17:04 08/11/19,l,Property Check,4,1040 S VICENTIA AVE,COR
,,19C072397,00:18:07 08/11/19,l,Keep The Peace,3,2472 JEAN MARIE ST,COR
,,19C072399,00:25:24 08/11/19,l,Loud Party,3,592 FAIRBANKS ST,COR
,,19C072400,00:26:19 08/11/19,l,911 Hangup,2,856 LA CADENA LN,COR
,,19C072401,00:28:38 08/11/19,lf,Dist/Physical,1,911 RIDGEWOOD DR,COR
,,19C072402,00:31:17 08/11/19,l,911 Hangup,2,1101 HIDDEN VALLEY PKWY,NOR
,,19C072405,00:33:18 08/11/19,l,Ped Check,4,314 E SIXTH ST,COR
,,19C072407,00:36:00 08/11/19,l,Loud Party,3,1137 REDWOOD ST,COR
,,19C072408,00:40:18 08/11/19,f,ZZFwy Man Down,1,91 WB AUTO CENTER 71,RVC
,,19C072409,00:41:07 08/11/19,l,Drunk Driver,2,520 TREELINE DR,COR
,,19C072411,00:47:23 08/11/19,lf,Heavy Rescue,1,21779 TEMESCAL CANYON RD,TEM
,,19C072412,00:48:25 08/11/19,l,Loud Noise,3,740 RAPHAEL CIR,COR
,,19C072414,00:54:28 08/11/19,l,Petty Theft P,4,369 MAGNOLIA AVE;VONS,COR
,,19C072415,00:54:51 08/11/19,l,Alarm Call,2,1820 RIMPAU AVE; CENTENNIAL; 2ND RESP,COR
,,19C072416,00:55:16 08/11/19,l,911 Hangup,2,1015 MONTECITO DR,COR
,,19C072417,00:56:54 08/11/19,l,Patrol Info,4,1030 ACACIA ST;FIREWORKS,COR
,,19C072419,00:58:40 08/11/19,l,Loud Party,3,684 TERRA DR,COR
,,19C072421,01:01:25 08/11/19,l,Loud Noise,3,1133 ACACIA ST ; LOUD MUSIC,COR
,,19C072422,01:01:55 08/11/19,l,Welfare Check,2,3452 SOMERDALE ST;911 PHS 2,HGS
,,19C072423,01:02:42 08/11/19,l,Vehicle Check,4,E FOURTH ST & S HOWARD ST,COR
,,19C072424,01:08:22 08/11/19,l,Vehicle Check,4,1500 POMONA RD,COR
,,19C072425,01:09:24 08/11/19,l,Disturb Peace,3,1422 GOLDENEAGLE DR,COR
,,19C072426,01:09:58 08/11/19,l,Ped Check,4,930 E SIXTH ST; CITY PARK,COR
,,19C072427,01:10:32 08/11/19,l,Property Check,4,130 W FOOTHILL PKWY; CHEVRON GAS,COR
,,19C072428,01:11:29 08/11/19,l,Domestic Distur,2,1437 GOLDENEAGLE DR,COR
,,19C072431,01:27:05 08/11/19,l,H&S Violation,3,W SIXTH ST & S SMITH AVE,COR
,,19C072432,01:40:22 08/11/19,lf,Heavy Rescue,1,950 LA SALLE CIR,COR
,,19C072433,01:42:01 08/11/19,lf,Man Down,1,E SIXTH ST & EL CAMINO AVE,COR
,,19C072435,01:44:39 08/11/19,l,Loud Party,3,1617 PASEO VISTA ST;2ND RESP,COR
,,19C072438,01:52:16 08/11/19,l,Annoying Calls,3,2961 COVENTRY ST ; LL CONT,COR
,,19C072439,01:54:54 08/11/19,l,Loud Party,3,740 RAPHAEL CIR; 2ND RESPONSE,COR
,,19C072440,01:55:37 08/11/19,l,Follow Up,4,911 RIDGEWOOD DR,COR
,,19C072441,01:56:31 08/11/19,l,Alarm Call,2,1300 E ONTARIO AVE ; KFC TACO BELL,COR
,,19C072442,01:58:17 08/11/19,l,Loud Party,3,598 FAIRBANKS ST,COR
,,19C072443,02:01:52 08/11/19,l,Unknown Problem,1,1330 BRENTWOOD CIR,COR
,,19C072444,02:04:34 08/11/19,l,Additional Info,4,911 RIDGEWOOD DR,COR
,,19C072445,02:08:22 08/11/19,l,Susp Person,3,2300 S MAIN ST; VALENCIA TERRACE,COR
,,19C072446,02:11:47 08/11/19,l,DV-Assault,1,1144 CHESTNUT LN # 101,COR
,,19C072447,02:14:30 08/11/19,l,Domestic Distur,2,450 AUTO CENTER DR; IN N OUT BURGER 25,COR
,,19C072449,02:25:57 08/11/19,l,Accident,2,361 S MAPLE ST ; DUI DRIVER,COR
,,19C072450,02:46:01 08/11/19,l,Disturb Peace,3,1120 W NINTH ST,COR
,,19C072451,02:48:47 08/11/19,l,Disturb Peace,3,1210 W SIXTH ST ;HOMELESS,COR
,,19C072452,03:00:30 08/11/19,l,Susp Vehicle,3,1937 NUTWOOD CIR,COR
,,19C072453,03:07:28 08/11/19,l,DV-Assault,1,4346 PALAZZO LN,COR
,,19C072455,03:27:05 08/11/19,l,Traffic Stop,4,E GRAND BLVD & E EIGHTH ST,COR
,,19C072457,03:53:35 08/11/19,l,Traffic Stop,4,S MAIN ST & 91 WEST BOUND OFF RAMP,COR
,,19C072458,03:55:24 08/11/19,l,Property Check,4,2813 S MAIN ST,COR
,,19C072459,04:02:40 08/11/19,f,ZZCommrcal Alrm,1,5215 GREEN RIVER RD,COR
,,19C072460,04:06:25 08/11/19,l,Traffic Stop,4,1215 MAGNOLIA AVE; MCDONALDS,COR
,,19C072461,04:25:37 08/11/19,l,Citizen Contact,3,450 AUTO CENTER DR; IN N OUT BURGER 25,COR
,,19C072462,04:35:04 08/11/19,l,Disturb Peace,3,1651 PASEO GRANDE,COR
,,19C072464,05:01:19 08/11/19,f,ZZSick,1,737 MAGNOLIA AVE # 228,COR
,,19C072465,05:01:42 08/11/19,l,911 Hangup,2,1200 S MERRILL ST ; PHS 1 911,COR
,,19C072467,05:48:34 08/11/19,l,911 Hangup,2,819 CANARY LN,COR
,,19C072468,05:51:44 08/11/19,l,Traffic Stop,4,4721 GREEN RIVER RD; SHELL GAS,COR
,,19C072469,05:55:00 08/11/19,f,ZZFall,1,639 LANCER LN,COR
,,19C072470,06:19:29 08/11/19,l,Disturb Peace,3,1735 W SIXTH ST; ARCO AM PM,COR
,,19C072472,06:26:49 08/11/19,f,ZZFwy Unk Fire,1,91 WB LINCOLN MAPLE,COR
,,19C072473,06:36:02 08/11/19,l,CMC Violation,4,500 HARRINGTON ST,COR
,,19C072476,06:49:00 08/11/19,f,ZZExt Fire,1,1635 KELLOGG AVE; KELLOGG PARK,COR
,,19C072477,06:50:39 08/11/19,lf,Man Down,1,MOUNT HUMPHRIES ST & N MCKINLEY ST,COR
,,19C072480,07:02:23 08/11/19,l,Property Check,4,465 SANTANA WAY; ISLAMIC CENTER,COR
,,19C072481,07:13:05 08/11/19,l,Man Down,1,505 S BUENA VISTA AVE,COR
,,19C072482,07:14:21 08/11/19,l,Traffic Stop,4,N MAIN ST & RIVER RD,COR
,,19C072483,07:16:02 08/11/19,lf,Man Down,1,505 S BUENA VISTA AVE,COR
,,19C072484,07:23:31 08/11/19,l,Traffic Stop,4,W SIXTH ST & SHOPPING CENTER,COR
,,19C072485,07:29:55 08/11/19,l,Traffic Stop,4,S LINCOLN AVE & W NINTH ST,COR
,,19C072486,07:30:54 08/11/19,l,911 Hangup,2,881 CORSICA DR,COR
,,19C072487,07:31:29 08/11/19,l,Property Check,4,800 S MAIN ST; CORONA REGIONAL MEDICAL CENTER,COR
,,19C072488,07:35:27 08/11/19,l,Property Check,4,1580 W SIXTH ST,COR
,,19C072489,07:37:40 08/11/19,l,Traffic Stop,4,W SEVENTH ST & S LINCOLN AVE,COR
,,19C072490,07:39:00 08/11/19,l,Property Check,4,1015 MONTECITO DR; RESIDENCE INN,COR
,,19C072492,07:40:35 08/11/19,l,911 Hangup,2,598 SANTANA WAY; SANTANA PARK,COR
,,19C072493,07:43:21 08/11/19,l,DV-Assault,1,11535 LARCHMONT DR,COR
,,19C072494,07:44:05 08/11/19,l,Traffic Stop,4,W FIFTH ST & S LINCOLN AVE,COR
,,19C072495,07:45:29 08/11/19,l,Traffic Stop,4,S MAIN ST & MONTOYA DR,COR
,,19C072496,07:52:15 08/11/19,l,Traffic Stop,4,S LINCOLN AVE & S LINCOLN AVE,COR
,,19C072498,07:57:21 08/11/19,l,Traffic Stop,4,W EIGHTH ST & S LINCOLN AVE,COR
,,19C072500,08:07:21 08/11/19,l,Traffic Stop,4,W EIGHTH ST & S LINCOLN AVE,COR
,,19C072501,08:09:23 08/11/19,l,Drunk Driver,2,E FOOTHILL PKWY & FULLERTON AVE,COR
,,19C072503,08:31:56 08/11/19,l,Hazard,3,E ONTARIO AVE & RIMPAU AVE,COR
,,19C072504,08:32:32 08/11/19,l,Property Check,4,1315 MAGNOLIA AVE; CHEVRON,COR
,,19C072505,08:38:36 08/11/19,l,Keep The Peace,3,2208 ARABIAN PL,COR
,,19C072506,08:40:32 08/11/19,l,Z-Animal Svcs,4,4190 BENNETT AVE; EAGLE GLEN COMMUNITY PARK,COR
,,19C072507,08:43:13 08/11/19,f,ZZBleeding,1,4901 GREEN RIVER RD # 328,COR
,,19C072509,08:52:49 08/11/19,l,Traffic Stop,4,E ONTARIO AVE & S MAIN ST,COR
,,19C072510,08:53:19 08/11/19,l,Property Check,4,W NINTH ST & S SHERMAN AVE,COR
,,19C072511,08:54:19 08/11/19,l,Keep The Peace,3,2472 JEAN MARIE ST,COR
,,19C072512,08:55:21 08/11/19,l,Property Check,4,479 N MCKINLEY ST; WALMART,COR
,,19C072513,09:00:29 08/11/19,l,Traffic Stop,4,S MAIN ST & E ONTARIO AVE,COR
,,19C072514,09:03:48 08/11/19,l,DV-Assault,1,2518 CENTENNIAL WAY,COR
,,19C072515,09:04:45 08/11/19,l,Traffic Stop,4,E ONTARIO AVE & SUMMERSET ST,COR
,,19C072516,09:10:44 08/11/19,l,Traffic Stop,4,S LINCOLN AVE & W ONTARIO AVE,COR
,,19C072517,09:14:57 08/11/19,l,911 Hangup,2,1717 VIA DEL RIO,COR
,,19C072518,09:16:13 08/11/19,l,Traffic Stop,4,S SHERMAN AVE & PLEASANT VIEW AVE,COR
,,19C072519,09:17:31 08/11/19,l,Traffic Stop,4,S LINCOLN AVE & WESTPARK LN,COR
,,19C072523,09:29:49 08/11/19,l,Disturb Peace,3,1550 CIRCLE CITY DR ; HOLIDAY INN EXPRESS,COR
,,19C072524,09:30:59 08/11/19,l,Traffic Stop,4,301 S LINCOLN AVE,COR
,,19C072525,09:32:58 08/11/19,l,Patrol Info,4,W ONTARIO AVE & TAYLOR AVE,COR
,,19C072526,09:35:22 08/11/19,f,ZZSick,1,832 BUCKEYE CIR,COR
,,19C072527,09:40:55 08/11/19,l,DV-Assault Past,3,2240 E TREEMONT PL # 207; PD FRONT LOT,COR
,,19C072528,09:44:00 08/11/19,l,Traffic Stop,4,E EIGHTH ST & E GRAND BLVD,COR
,,19C072529,09:48:23 08/11/19,l,Welfare Check,2,1549 BORDER AVE # C ; FRONT OF PD DOORS,COR
,,19C072533,09:52:39 08/11/19,l,Traffic Stop,4,W SIXTH ST & AVENIDA DEL VISTA,COR
,,19C072534,09:54:31 08/11/19,l,Comm Burg Past,4,1490 W RINCON ST # T; ATTOMAN,COR
,,19C072535,09:56:34 08/11/19,l,Traffic Stop,4,E FOOTHILL PKWY & MONTICELLO DR,COR
,,19C072537,10:05:59 08/11/19,l,Traffic Stop,4,GREEN RIVER RD & TANGLEWOOD DR,COR
,,19C072538,10:08:45 08/11/19,l,Traffic Stop,4,700 VIEW LN,COR
,,19C072539,10:13:19 08/11/19,l,Traffic Stop,4,GREEN RIVER RD & SAN SIMEON DR,COR
,,19C072540,10:17:47 08/11/19,l,Suspicious Circ,2,551 RAPIDSPRINGS ST # P,COR
,,19C072541,10:18:29 08/11/19,l,Follow Up,4,1285 MAGNOLIA AVE; LOWES,COR
,,19C072542,10:20:10 08/11/19,l,Traffic Stop,4,GREEN RIVER RD & SAN SIMEON DR,COR
,,19C072543,10:25:35 08/11/19,l,Traffic Stop,4,GREEN RIVER RD & MONTANA RANCH RD,COR
,,19C072544,10:32:23 08/11/19,f,ZZBreathing,1,621 W OLIVE ST,COR
,,19C072546,10:34:20 08/11/19,l,Traffic Stop,4,GREEN RIVER RD & RIDGELINE DR,COR
,,19C072547,10:35:21 08/11/19,l,Alarm Call,2,585 REDWING DR,COR
,,19C072549,10:39:57 08/11/19,l,Traffic Stop,4,1200 CANYON CREST DR; CFD 5,COR
,,19C072553,10:46:16 08/11/19,l,Traffic Stop,4,GREEN RIVER RD & BOULDER DR,COR
,,19C072554,10:55:59 08/11/19,f,ZZSeizure,1,4710 GREEN RIVER RD; CHEVRON,COR
,,19C072556,10:58:24 08/11/19,l,Missing Person,2,1400 CIRCLE CITY DR; TO THE FRONT ENTRANCE,COR
,,19C072557,10:59:26 08/11/19,l,911 Hangup,2,1150 W TENTH ST,COR
,,19C072558,11:01:35 08/11/19,l,Patrol Info,4,4718 GREEN RIVER RD,COR
,,19C072559,11:06:48 08/11/19,l,Alarm Call,2,802 LA DOCENA LN,COR
,,19C072560,11:06:53 08/11/19,l,Vandalism Past,4,930 E SIXTH ST; CITY PARK,COR
,,19C072565,11:10:20 08/11/19,f,ZZChest Pains,1,1974 SAGE AVE,COR
,,19C072567,11:11:00 08/11/19,l,911 Hangup,2,1439 GARNET ST,COR
,,19C072569,11:17:15 08/11/19,f,ZZBreathing,1,2435 PEACOCK LN,COR
,,19C072570,11:20:41 08/11/19,l,Domestic Distur,2,417 W GRAND BLVD; ST EDWARDS CHURCH,COR
,,19C072572,11:21:35 08/11/19,l,Traffic Stop,4,W EIGHTH ST & S LINCOLN AVE,COR
,,19C072577,11:36:00 08/11/19,l,Property Check,4,160 W ONTARIO AVE,COR
YES,'Location' garbled/scrambled text,19C072578,11:40:26 08/11/19,l,Alarm Call,2,463 N SMITH AVE;BODREAU PIPLINE,COR
,,19C072580,11:42:41 08/11/19,l,911 Hangup,2,950 W ONTARIO AVE,COR
,,19C072581,11:46:12 08/11/19,l,Trespass,3,281 DUPONT ST,COR
,,19C072582,11:46:45 08/11/19,l,Patrol Info,4,790 SPRINGWOOD ST # A,COR
,,19C072583,11:47:09 08/11/19,l,Property Check,4,2313 S MAIN ST; TEMESCAL PALMS LODGE 314,COR
,,19C072585,11:51:49 08/11/19,l,Public Service,3,2235 TREEHOUSE LN,COR
,,19C072586,11:52:34 08/11/19,lf,Accident Unknwn,1,E PARKRIDGE AVE & CORONA AVE,COR
,,19C072589,12:07:09 08/11/19,l,Property Check,4,400 PENROSE DR,COR
,,19C072590,12:09:45 08/11/19,l,Dist/Verbal,2,827 RIVER RD,COR
,,19C072591,12:10:11 08/11/19,l,Hazard,3,GREEN RIVER RD & TANGLEWOOD DR,COR
,,19C072593,12:20:16 08/11/19,l,Standby,4,HOPE ST & W HARRISON ST,COR
,,19C072597,12:23:52 08/11/19,l,Welfare Check,2,11528 CHADWICK RD,COR
,,19C072598,12:27:00 08/11/19,l,Property Check,4,1290 E ONTARIO AVE; WALMART,COR
,,19C072599,12:37:37 08/11/19,l,Property Check,4,800 S MAIN ST; CORONA REGIONAL MEDICAL CENTER,COR
,,19C072600,12:40:06 08/11/19,l,Property Check,4,2500 CAJALCO RD; CROSSINGS SHOPPING CENTER,COR
,,19C072601,12:44:18 08/11/19,l,Missing Person,2,GREEN RIVER RD & SERFAS CLUB DR,COR
,,19C072602,12:50:15 08/11/19,l,911 Hangup,2,1424 HERMOSA DR,COR
,,19C072603,12:50:28 08/11/19,l,Man With A Gun,1,1290 E ONTARIO AVE; WALMART,COR
,,19C072604,13:01:03 08/11/19,l,Traffic Stop,4,E FOURTH ST & S MAIN ST,COR
,,19C072607,13:01:50 08/11/19,l,Citizen Contact,3,1758 PAR FOUR DR ; LL CONT,COR
,,19C072609,13:11:47 08/11/19,l,Susp Person,3,CRESTRIDGE DR & GREEN RIVER RD;HOMELESS SUBJ,COR
,,19C072610,13:20:27 08/11/19,l,Court Order Vio,3,923 W FRANCIS ST,COR
,,19C072611,13:27:51 08/11/19,l,Alarm Call,2,2336 CENTENNIAL WAY,COR
,,19C072612,13:30:08 08/11/19,f,ZZSick,1,737 MAGNOLIA AVE # 118,COR
,,19C072615,13:32:56 08/11/19,f,ZZSick,1,1342 KROONEN DR,COR
,,19C072616,13:35:17 08/11/19,l,Disturb Peace,3,1155 AQUAMARINE LN,COR
,,19C072617,13:36:34 08/11/19,l,911 Hangup,2,1520 W SIXTH ST,COR
,,19C072618,13:37:07 08/11/19,l,911 Hangup,2,881 CORSICA DR,COR
,,19C072619,13:37:24 08/11/19,l,Alarm Call,2,1932 ELISE CIR,COR
,,19C072620,13:38:47 08/11/19,l,Dom Disturb P,3,585 EBBCREEK ST # I,COR
,,19C072622,13:40:45 08/11/19,l,Welfare Check,2,1220 MAGNOLIA AVE # 101; DOLLAR TREE,COR
,,19C072625,13:44:15 08/11/19,l,Alarm Call,2,1510 SIXTH ST ; JACKS PACIFIC WEST INSURANCE,NOR
,,19C072626,13:48:02 08/11/19,l,Alarm Call,2,1510 W SIXTH ST; JACKS PACIFIC WEST INSURANCE,COR
,,19C072627,13:48:31 08/11/19,f,ZZFwy Acc w/ inj,1,91 WB MAIN LINCOLN,COR
,,19C072628,13:48:43 08/11/19,l,911 Hangup,2,881 CORSICA DR,COR
,,19C072629,13:52:57 08/11/19,l,Traffic Stop,4,KLYNE ST & BEDFORD CANYON RD,COR
,,19C072630,13:57:57 08/11/19,l,Welfare Check,2,1290 E ONTARIO AVE; WALMART,COR
,,19C072631,13:58:16 08/11/19,f,ZZCarbon Alarm,2,2280 E TREEMONT PL # 208 ;DEERWOOD APTS,COR
,,19C072633,14:02:56 08/11/19,l,Traffic Stop,4,MASTERS DR & MORALES WAY,COR
,,19C072634,14:04:05 08/11/19,l,Shoplifting,3,470 HIDDEN VALLEY PKWY; KOHLS,COR
,,19C072636,14:07:18 08/11/19,l,911 Hangup,2,1010 W CITRON ST,COR
,,19C072638,14:11:16 08/11/19,l,Traffic Stop,4,MASTERS DR & MORALES WAY,COR
,,19C072639,14:17:50 08/11/19,l,Traffic Stop,4,MASTERS DR & WADE WAY,COR
,,19C072640,14:22:58 08/11/19,l,Traffic Stop,4,MASTERS DR & WADE WAY,COR
,,19C072642,14:23:31 08/11/19,l,Test,4,730 PUBLIC SAFETY WAY,COR
,,19C072643,14:25:34 08/11/19,l,Robbery,1,615 RICHEY ST; PROMENADE PARK,COR
,,19C072647,14:42:57 08/11/19,l,Traffic Stop,4,E ONTARIO AVE & MAGNOLIA AVE,COR
,,19C072649,14:48:31 08/11/19,lf,Dist/Verbal,2,725 E GRAND BLVD; 7 11 EAST,COR
,,19C072652,14:59:12 08/11/19,l,Alarm Call,2,4188 WINDSPRING ST,COR
,,19C072654,15:11:48 08/11/19,l,Traffic Stop,4,2331 KELLOGG AVE # A; CROSSROADS CHURCH,COR
,,19C072655,15:15:36 08/11/19,l,Traffic Stop,4,E SIXTH ST & RIMPAU AVE,COR
,,19C072656,15:16:30 08/11/19,l,911 Hangup,2,1896 HIBISCUS ST,COR
,,19C072657,15:18:18 08/11/19,l,Patrol Info,4,315 MAGNOLIA AVE; TARBELL REALTORS,COR
,,19C072658,15:19:40 08/11/19,l,Disturb Peace,3,1299 E ONTARIO AVE; CVS; REF TO LV,COR
,,19C072659,15:21:25 08/11/19,l,Susp Vehicle,3,1052 E GRAND BLVD,COR
,,19C072660,15:25:32 08/11/19,l,Traffic Stop,4,E ONTARIO AVE & RIMPAU AVE,COR
,,19C072661,15:43:30 08/11/19,l,Property Check,4,1750 W SIXTH ST,COR
,,19C072662,15:45:47 08/11/19,l,Alarm Call,2,1137 BRADFORD CIR; 3V FASTENERS COMPANY INC,COR
,,19C072664,15:50:41 08/11/19,l,Property Check,4,472 PENROSE DR; PENROSE APTS,COR
,,19C072665,15:51:21 08/11/19,l,Property Check,4,2500 DOS LAGOS,COR
,,19C072666,15:53:36 08/11/19,l,Hazard,3,S SHERMAN AVE & W SIXTH ST; HOMELESS,COR
,,19C072667,15:54:44 08/11/19,l,Drunk In Public,2,2432 EMERSON CIR,COR
,,19C072668,15:56:55 08/11/19,l,Property Check,4,2336 TUSCANY ST,COR
,,19C072669,15:58:42 08/11/19,l,Citizen Contact,3,2690 TUSCANY ST # 102;AT&T,COR
,,19C072670,15:59:36 08/11/19,l,Susp Person,2,105 N MCKINLEY ST; ALBERTOS,COR
,,19C072673,16:12:09 08/11/19,l,911 Hangup,2,1180 CALIFORNIA AVE,COR
,,19C072674,16:23:33 08/11/19,l,Flag Down,4,1800 RIVERSTONE ST,COR
,,19C072675,16:29:29 08/11/19,l,Disturb Peace,3,200 N LINCOLN AVE;#233,COR
,,19C072676,16:29:34 08/11/19,l,Traffic Stop,4,MASTERS DR & NELSON ST,COR
,,19C072678,16:35:20 08/11/19,l,Poss Stolen Prp,3,1425 RADCLIFFE DR,COR
,,19C072679,16:36:04 08/11/19,l,Alarm Call,2,4055 GILBERT AVE,COR
,,19C072680,16:41:54 08/11/19,l,Traffic Stop,4,GREEN RIVER RD & CANYON CREST DR,COR
,,19C072681,16:43:54 08/11/19,l,Traffic Stop,4,BEDFORD CANYON RD & LIBERTY AVE,COR
,,19C072683,16:54:23 08/11/19,l,Ped Check,4,FRONTAGE & SERFAS CLUB,
,,19C072685,16:57:01 08/11/19,f,ZZCommrcal Alrm,1,321 W RINCON ST; ARTISAN APTS,COR
,,19C072686,16:59:35 08/11/19,l,Property Check,4,615 RICHEY ST; PROMENADE PARK,COR
,,19C072687,17:00:29 08/11/19,l,Petty Theft P,4,1290 E ONTARIO AVE,COR
,,19C072688,17:04:44 08/11/19,l,911 Hangup,2,2398 BENIDORM CIR,COR
,,19C072690,17:06:58 08/11/19,f,ZZChest Pains,1,4901 GREEN RIVER RD # 15,COR
,,19C072691,17:08:08 08/11/19,l,Disturb Peace,3,4718 GREEN RIVER RD; STARBUCKS,COR
,,19C072692,17:13:50 08/11/19,l,DV-Assault Past,3,4718 GREEN RIVER RD; STARBUCKS,COR
,,19C072693,17:14:25 08/11/19,l,Vehicle Check,4,CRESTA RD & COLFAX CIR,COR
,,19C072695,17:17:36 08/11/19,l,Loud Noise,3,2553 FAIRGLEN PL,COR
,,19C072696,17:18:35 08/11/19,l,Flag Down,4,222 PROMENADE AVE,COR
,,19C072697,17:19:02 08/11/19,l,Property Check,4,130 W FOOTHILL PKWY; CHEVRON GAS,COR
,,19C072698,17:20:37 08/11/19,l,Alarm Call,2,355 E RINCON ST # 210; WELLS FARGO HOME,COR
,,19C072699,17:20:44 08/11/19,l,Traffic Stop,4,301 S LINCOLN AVE,COR
,,19C072700,17:22:54 08/11/19,l,Standby,4,1074 STAMFORD CT,COR
,,19C072701,17:24:00 08/11/19,l,Traffic Stop,4,S MAIN ST & MOUNTAIN GATE DR,COR
,,19C072702,17:25:38 08/11/19,l,Traffic Stop,4,91 WB LINCOLN MAPLE,COR
,,19C072703,17:26:39 08/11/19,f,ZZCommrcal Alrm,1,2519 TUSCANY ST; ROSS DRESS 4 LESS,COR
,,19C072705,17:31:58 08/11/19,l,Traffic Stop,4,E FOOTHILL PKWY & RIMPAU AVE,COR
,,19C072706,17:32:24 08/11/19,l,Alarm Call,1,2308 ORCHARD LN,COR
,,19C072708,17:38:56 08/11/19,l,Traffic Stop,4,S MAIN ST & MOUNTAIN GATE DR,COR
,,19C072709,17:39:02 08/11/19,l,Loud Noise,3,2765 LAKESHORE DR; CITRUS CITY GRILLE,COR
,,19C072712,17:49:38 08/11/19,l,Runaway,3,2320 WOODHOLLOW CIR,COR
,,19C072713,17:50:20 08/11/19,l,Runaway,3,2320 WOODHOLLOW CIR,COR
,,19C072714,17:52:45 08/11/19,l,Traffic Stop,4,W FOOTHILL PKWY & ELYSIA ST,COR
,,19C072717,18:04:05 08/11/19,f,ZZChest Pains,1,487 MAGNOLIA AVE # 102;inland urgent care,COR
,,19C072718,18:06:28 08/11/19,l,911 Hangup,2,881 CORSICA DR,COR
,,19C072719,18:08:52 08/11/19,l,Chld Abuse Past,2,2677 PRESIDIO CIR ; 87 IFO PD,COR
,,19C072720,18:11:20 08/11/19,l,Traffic Stop,4,MASTERS DR & VIA MIGUEL ST,COR
,,19C072721,18:13:31 08/11/19,l,Follow Up,4,215 S BELLE AVE,COR
,,19C072722,18:17:04 08/11/19,l,Area Check,3,E SIXTH ST & EL SOBRANTE RD ;POOSS 415DV,COR
,,19C072723,18:24:37 08/11/19,l,Traffic Stop,4,EL CERRITO RD & KATY WAY,ELC
,,19C072724,18:26:49 08/11/19,l,Property Check,4,860 E PARKRIDGE AVE,COR
,,19C072726,18:33:06 08/11/19,l,Alarm Call,2,3383 GRAND OAKS # 104; CARTERS,COR
,,19C072727,18:34:24 08/11/19,l,Vehicle Check,4,300 E PARKRIDGE AVE,COR
,,19C072729,18:36:52 08/11/19,l,Traffic Stop,4,FULLERTON AVE & SANTANA WAY,COR
,,19C072730,18:52:34 08/11/19,l,Patrol Info,4,15 NB MAGNOLIA HIDDEN VALLEY,COR
,,19C072731,19:05:15 08/11/19,l,911 Hangup,2,935 N MCKINLEY ST,COR
,,19C072732,19:20:16 08/11/19,l,Property Check,4,130 W FOOTHILL PKWY; CHEVRON GAS,COR
,,19C072733,19:22:07 08/11/19,lf,Cardiac Arrest,1,1518 KELLOGG AVE,COR
,,19C072734,19:22:28 08/11/19,f,ZZCommrcal Alrm,1,801 MAGNOLIA AVE ; CASA GRANDE APTS,COR
,,19C072736,19:26:55 08/11/19,l,911 Hangup,2,391 N MAIN ST,COR
,,19C072737,19:27:43 08/11/19,f,ZZBreathing,1,12614 RIVERWOOD WAY,HGS
,,19C072738,19:29:08 08/11/19,l,911 Hangup,2,389 N MAIN ST,COR
,,19C072739,19:32:59 08/11/19,l,Runaway,3,4718 GREEN RIVER RD,COR
,,19C072740,19:39:18 08/11/19,lf,ZZMedical Alert,1,514 S SMITH AVE # B-105;PRIMO FARM MARKET,COR
,,19C072741,19:46:18 08/11/19,l,Citizen Contact,3,2254 POSADA CT ;LL CONT,COR
,,19C072743,19:50:04 08/11/19,l,Trespass,3,1350 VALENCIA RD; ORANGE ELEMENTARY,COR
,,19C072744,19:50:29 08/11/19,l,Disturb Peace P,4,2650 TUSCANY ST; EDWARDS att 242p LL Cont,COR
,,19C072745,19:50:32 08/11/19,l,911 Hangup,2,1230 S MAIN ST,COR
,,19C072746,19:55:21 08/11/19,l,Property Check,4,1735 W SIXTH ST; ARCO AM PM,COR
,,19C072747,19:55:22 08/11/19,l,Disturb Peace,3,E GRAND BLVD & E THIRD ST,COR
,,19C072748,19:56:00 08/11/19,l,Patrol Info,4,516 E THIRD ST,COR
,,19C072750,20:02:12 08/11/19,l,911 Hangup,2,2240 COMPTON AVE,COR
,,19C072751,20:08:11 08/11/19,l,911 Hangup,2,912 BURR ST,COR
,,19C072752,20:22:59 08/11/19,f,ZZSeizure,1,2277 MARYSA KATHRIN ST,COR
,,19C072753,20:23:59 08/11/19,l,Follow Up,4,893 RIMPAU AVE # 5,COR
,,19C072754,20:26:24 08/11/19,l,Welfare Check,2,2321 VIA PACIFICA,COR
,,19C072755,20:27:20 08/11/19,l,Property Check,4,830 N MAIN ST; TAQUERIA MEXICO,COR
,,19C072756,20:27:23 08/11/19,l,Citizen Contact,3,737 MAGNOLIA AVE # 118,COR
,,19C072757,20:28:58 08/11/19,l,Follow Up,4,1193 MAGNOLIA AVE,COR
,,19C072758,20:31:27 08/11/19,l,Disturb Peace,3,1155 AQUAMARINE LN,COR
,,19C072759,20:34:44 08/11/19,l,Property Check,4,440 RIVER RD # I; J AND M MARKET,COR
,,19C072760,20:36:11 08/11/19,l,Property Check,4,106 N LINCOLN AVE,COR
,,19C072761,20:37:32 08/11/19,f,ZZSick,1,4718 GREEN RIVER RD; STARBUCKS,COR
,,19C072762,20:46:36 08/11/19,l,Compliance Ck,4,1562 PLEASANT VIEW AVE;A3,COR
,,19C072764,20:48:16 08/11/19,l,Patrol Info,4,15 SB ONTARIO EL CERRITO,ELC
,,19C072765,20:49:35 08/11/19,f,ZZSick,1,737 MAGNOLIA AVE # 118,COR
,,19C072767,20:49:51 08/11/19,l,Property Check,4,463 N SMITH AVE; BOUDREAU PIPELINE CORPORATION,COR
,,19C072768,20:54:01 08/11/19,l,Battery Past,3,1512 EVERGREEN LN,COR
,,19C072770,20:58:35 08/11/19,l,Alarm Call,2,2300 PALISADES DR,COR
,,19C072771,21:06:45 08/11/19,l,Area Check,3,570 HIDDEN VALLEY PKWY,COR
,,19C072773,21:12:35 08/11/19,lf,Dist/Physical,1,2785 CABOT DR; ALL STAR DRAFTS,COR
,,19C072774,21:13:26 08/11/19,,,,2831 WYCLIFFE ST,COR
,,19C072775,21:22:15 08/11/19,l,911 Hangup,2,819 S VICTORIA AVE,COR
YES,'Nature' garbled text (embedded symbol),19C072776,21:22:49 08/11/19,f,ZZFaint/Uncons,1,944 ACACIA ST,COR
,,19C072777,21:27:10 08/11/19,l,Unknown Problem,1,3272 VIA PADOVA WAY,COR
,,19C072779,21:29:21 08/11/19,f,ZZFall,1,373 CINDY CT,COR
,,19C072781,21:36:49 08/11/19,l,Traffic Stop,4,TEDDY BEAR LN & E FOOTHILL PKWY,COR
,,19C072782,21:37:39 08/11/19,l,Alarm Call,2,1195 MAGNOLIA AVE ; RIVERSIDE COUNTY BEHAVIORAL HEALTH FAC,COR
,,19C072783,21:40:46 08/11/19,l,Susp Vehicle,3,1129 S MERRILL ST,COR
,,19C072784,21:42:49 08/11/19,l,911 Hangup,2,881 CORSICA DR,COR
,,19C072786,21:43:20 08/11/19,l,911 Hangup,2,805 S RAMONA AVE,COR
,,19C072787,21:55:48 08/11/19,l,Loud Party,3,NEATHERLY CIR & BROOKDALE DR,COR
,,19C072788,21:57:29 08/11/19,l,Alarm Call,2,490 N MCKINLEY ST,COR
,,19C072789,22:05:12 08/11/19,l,911 Hangup,2,1230 S MAIN ST,COR
,,19C072790,22:09:11 08/11/19,l,911 Hangup,2,1230 S MAIN ST,COR
,,19C072791,22:09:34 08/11/19,l,Traffic Stop,4,E ONTARIO AVE & CALIFORNIA AVE,COR
,,19C072793,22:16:44 08/11/19,l,Follow Up,4,120 W ONTARIO AVE,COR
,,19C072794,22:22:26 08/11/19,f,ZZSick,1,1518 KELLOGG AVE,COR
,,19C072795,22:29:57 08/11/19,l,911 Hangup,2,1101 HIDDEN VALLEY PKWY,NOR
,,19C072796,22:30:51 08/11/19,l,911 Hangup,2,881 CORSICA DR,COR
,,19C072797,22:32:07 08/11/19,l,Disturb Peace,3,1120 NEATHERLY CIR,COR
,,19C072798,22:33:53 08/11/19,l,Property Check,4,758 TRADEMARK CIR,COR
,,19C072799,22:35:48 08/11/19,l,Lost Property,4,479 N MCKINLEY ST; WALMART,COR
,,19C072800,22:42:43 08/11/19,l,Petty Theft,3,369 MAGNOLIA AVE,COR
,,19C072801,22:48:24 08/11/19,l,Alarm Call,2,1820 RIMPAU AVE; CENTENNIAL HIGH SCHOOL,COR
,,19C072802,22:52:44 08/11/19,l,Vehicle Check,4,N LINCOLN AVE & POMONA RD,COR
,,19C072803,23:02:41 08/11/19,l,Loud Noise,3,3805 NELSON ST ;music,COR
,,19C072806,23:14:13 08/11/19,l,Property Check,4,930 E SIXTH ST; CITY PARK,COR
,,19C072807,23:15:26 08/11/19,l,Property Check,4,1820 AVIATION DR,COR
,,19C072808,23:23:47 08/11/19,l,Follow Up,4,598 SANTANA WAY; SANTANA PARK,COR
,,19C072809,23:24:37 08/11/19,l,Accident,2,N LINCOLN AVE & W RINCON ST,COR
,,19C072810,23:34:08 08/11/19,l,Susp Person,3,2118 PARKSIDE DR ; #262,COR
,,19C072811,23:40:31 08/11/19,l,Follow Up,4,598 SANTANA WAY; SANTANA PARK,COR
,,19C072812,23:40:39 08/11/19,l,Welfare Check,2,2460 S MAIN ST,COR
,,19C072813,23:44:32 08/11/19,l,Property Check,4,1315 MAGNOLIA AVE; CHEVRON,COR
,,19C072814,23:46:33 08/11/19,l,Ped Check,4,521 N MCKINLEY ST,COR
,,19C072816,23:55:49 08/11/19,l,Auto Theft,2,FULLERTON AVE & MAGNOLIA AVE,COR
,,19C072818,00:02:12 08/12/19,l,Susp Person,3,1130 W SIXTH ST,COR
,,19C072819,00:06:26 08/12/19,l,Traffic Stop,4,S LINCOLN AVE & W OLIVE ST,COR
,,19C072820,00:11:39 08/12/19,l,Traffic Stop,4,1432 W SIXTH ST; CREST MOTEL,COR
,,19C072821,00:23:08 08/12/19,f,ZZBleeding,1,2600 S MAIN ST; CORONA POST ACUTE #182,COR
,,19C072822,00:23:39 08/12/19,l,911 Hangup,2,209 E BLAINE ST,COR
,,19C072823,00:26:10 08/12/19,l,911 Hangup,2,134 N SHERMAN AVE,COR
,,19C072825,00:31:08 08/12/19,l,Property Check,4,185 MAGNOLIA AVE; LEE POLLARD HIGH SCHOOL,COR
,,19C072826,00:38:17 08/12/19,l,Traffic Stop,4,3560 BIRCHLEAF DR,COR
,,19C072827,00:38:20 08/12/19,l,Assist Othr Dpt,3,POMONA RD & N LINCOLN AVE,COR
,,19C072828,00:49:09 08/12/19,l,Traffic Stop,4,S LINCOLN AVE & D ST,COR
,,19C072829,00:55:34 08/12/19,l,Susp Vehicle,3,420 S SHERIDAN ST,COR
,,19C072830,01:06:49 08/12/19,l,911 Hangup,2,3950 S MAIN ST,COR
,,19C072831,01:10:00 08/12/19,l,Alarm Call,2,2790 CABOT DR;#137 ANTHONY TRUONG,COR
,,19C072833,01:20:46 08/12/19,l,Property Check,4,1290 E ONTARIO AVE; WALMART,COR
,,19C072834,01:21:40 08/12/19,lf,Accident Unknwn,1,15 NORTH BOUND ON RAMP & TEMESCAL CANYON RD,TEM
,,19C072835,01:22:50 08/12/19,l,Trespass,3,1075 E THIRD ST; DOLLAR STORAGE,COR
,,19C072837,01:40:54 08/12/19,l,Suspicious Circ,3,1012 EVERTON DR,COR
,,19C072838,01:49:33 08/12/19,l,Property Check,4,1811 S LINCOLN AVE; CORONA THANKSGIVING,COR
,,19C072839,01:49:52 08/12/19,f,ZZBreathing,1,675 N TREEMONT PL # 206,COR
,,19C072840,01:58:03 08/12/19,l,Domestic Distur,2,540 HILLSBOROUGH WAY,COR
,,19C072842,02:01:19 08/12/19,l,Domestic Distur,2,775 W THIRD ST # 4,COR
,,19C072843,02:04:38 08/12/19,l,Assist Othr Dpt,3,1014 LA COSTA DR # A204; CONTADORA CONDOS; RSO,COR
,,19C072844,02:08:24 08/12/19,l,Suspicious Circ,3,2790 CABOT DR ; #165 Trader Joes,COR
,,19C072846,02:17:03 08/12/19,f,ZZSick,1,1625 E SIXTH ST; Farmer Boys,COR
,,19C072848,02:49:57 08/12/19,l,Alarm Call,2,3555 GRAND OAKS ; Chick Fil A,COR
,,19C072850,02:58:28 08/12/19,l,Lost Property,4,100 E HARRISON ST ; ll cont,COR
,,19C072851,03:08:00 08/12/19,l,Property Check,4,1204 MAGNOLIA AVE; CIRCLE K INSIDE MOBIL GAS,COR
,,19C072853,03:36:29 08/12/19,f,ZZBreathing,1,1203 W SIXTH ST # 71;,COR
,,19C072854,03:52:49 08/12/19,f,ZZBleeding,1,4525 TEMESCAL CANYON RD ; #203,COR
,,19C072855,04:02:11 08/12/19,f,ZZCommrcal Alrm,1,5215 GREEN RIVER RD,COR
,,19C072856,04:04:22 08/12/19,l,Ped Check,4,1140 E ONTARIO AVE ; CHEVERON,COR
,,19C072857,04:14:46 08/12/19,f,ZZChest Pains,1,2057 COMPTON AVE # 101; DAVITA CORONA,COR
,,19C072860,04:52:06 08/12/19,l,911 Hangup,2,1077 WESTPARK LN,COR
,,19C072861,05:06:15 08/12/19,l,Alarm Call,2,1150 W TENTH ST,COR
,,19C072862,05:39:42 08/12/19,l,Alarm Call,2,2261 DORADO ST,COR
,,19C072863,05:41:38 08/12/19,l,Grand Theft P,4,E SIXTH ST & RADIO RD ; 459vp,COR
,,19C072864,05:47:17 08/12/19,lf,Structure Fire,1,226 E OLIVE ST,COR
,,19C072866,05:59:34 08/12/19,f,ZZSick,1,1496 DYER WAY,COR
,,19C072869,06:27:17 08/12/19,l,Traffic Stop,4,W ONTARIO AVE & S MAIN ST,COR
,,19C072870,06:28:11 08/12/19,l,Traffic Stop,4,W FOOTHILL PKWY & PASEO GRANDE,COR
,,19C072872,06:33:59 08/12/19,l,Traffic Stop,4,GREEN RIVER RD & MONTANA RANCH RD,COR
,,19C072875,06:38:50 08/12/19,lf,Vegetation Low,1,GREEN RIVER RD & 91 WB ON RAMP,COR
,,19C072876,06:41:24 08/12/19,l,Traffic Stop,4,PASEO GRANDE & W FOOTHILL PKWY,COR
,,19C072878,06:42:38 08/12/19,l,Traffic Stop,4,120 W ONTARIO AVE,COR
,,19C072879,06:42:43 08/12/19,l,Patrol Info,4,3915 GREEN RIVER RD; CUBE SMART STORAGE,COR
,,19C072880,06:46:11 08/12/19,l,Traffic Stop,4,GREEN RIVER RD & SAN SIMEON DR,COR
,,19C072882,06:49:13 08/12/19,l,Susp Person,3,2575 GREEN RIVER RD; SERFAS CLUB PARK,COR
,,19C072883,06:52:36 08/12/19,l,Property Check,4,3915 GREEN RIVER RD,COR
,,19C072884,06:52:42 08/12/19,l,Traffic Stop,4,SAN SIMEON DR & GREEN RIVER RD,COR
,,19C072885,06:53:19 08/12/19,l,Accident,2,101 N MAPLE ST ; BLOCKING TRAFFIC,COR
,,19C072886,06:56:25 08/12/19,f,ZZSick,1,2600 S MAIN ST; CORONA POST ACUTE ; #182B,COR
,,19C072887,06:59:10 08/12/19,l,Traffic Stop,4,PASEO GRANDE & W FOOTHILL PKWY,COR
,,19C072888,06:59:37 08/12/19,l,Standby,4,1820 RIMPAU AVE,COR
,,19C072889,07:05:05 08/12/19,l,Traffic Stop,4,GREEN RIVER RD & SAN SIMEON DR,COR
,,19C072890,07:05:22 08/12/19,l,Alarm Call,2,361 CORPORATE TERRACE CIR; PARTNER ENGINER CORONA,COR
,,19C072893,07:14:41 08/12/19,l,Property Check,4,700 W SIXTH ST,COR
,,19C072894,07:16:02 08/12/19,l,Traffic Stop,4,GREEN RIVER RD & SAN SIMEON DR,COR
,,19C072895,07:18:31 08/12/19,l,Property Check,4,1550 E ONTARIO AVE,COR
,,19C072896,07:19:35 08/12/19,l,Traffic Detail,4,3211 S MAIN ST; CITRUS HILLS INTERMEDIATE SCHOOL,COR
,,19C072898,07:22:34 08/12/19,l,Traffic Detail,4,2800 RIDGELINE DR; PRADO VIEW ELEMENTARY SCHOOL,COR
,,19C072899,07:22:58 08/12/19,l,Traffic Detail,4,1220 W PARKRIDGE AVE; WASHINGTON ELEMENTARY,COR
,,19C072900,07:23:55 08/12/19,l,Property Check,4,650 S MAIN ST; CITY LIBRARY,COR
,,19C072901,07:26:45 08/12/19,l,Traffic Detail,4,1010 W CITRON ST,COR
,,19C072903,07:27:47 08/12/19,l,H&S Violation,3,2355 COMPTON AVE; LA FITNESS,COR
,,19C072904,07:28:18 08/12/19,l,Traffic Stop,4,W FOOTHILL PKWY & BORDER AVE,COR
,,19C072906,07:32:46 08/12/19,l,Property Check,4,2310 CALIFORNIA AVE # 101; PAPA JOHNS,COR
,,19C072907,07:32:53 08/12/19,l,Traffic Detail,4,N MAPLE ST & CAPITAL ST,COR
,,19C072909,07:36:09 08/12/19,l,Comm Policing,4,1757 VIA DEL RIO,COR
,,19C072910,07:36:23 08/12/19,l,Property Check,4,1474 BURRERO WAY,COR
,,19C072912,07:37:11 08/12/19,l,Traffic Detail,4,750 CORONA AVE,COR
,,19C072913,07:39:23 08/12/19,l,Traffic Detail,4,1820 RIMPAU AVE; CENTENNIAL HIGH SCHOOL,COR
,,19C072914,07:41:40 08/12/19,l,Traffic Detail,4,1220 W PARKRIDGE AVE; WASHINGTON ELEMENTARY,COR
,,19C072915,07:50:17 08/12/19,l,Traffic Detail,4,2650 OAK AVE; FRANKLIN ELEMENTARY SCHOOL,COR
,,19C072920,07:57:48 08/12/19,l,911 Hangup,2,1269 LAKEPORT LN,COR
,,19C072921,07:58:35 08/12/19,l,Traffic Stop,4,GREEN RIVER RD & PALISADES DR,COR
,,19C072923,08:00:09 08/12/19,f,ZZMedical Alert,1,827 RIVER RD # 309; RIVER RUN APTS,COR
,,19C072924,08:03:52 08/12/19,l,Veh Burg Past,4,2530 REDROCK DR,COR
,,19C072926,08:10:07 08/12/19,l,Property Check,4,281 DUPONT ST,COR
,,19C072927,08:12:11 08/12/19,f,ZZCommrcal Alrm,1,5215 GREEN RIVER RD; GREEN RIVER GOLF,COR
,,19C072928,08:12:42 08/12/19,l,Traffic Detail,4,2005 S VICENTIA AVE; VICENTIA ELEMENTARY SCHOOL,COR
,,19C072930,08:14:54 08/12/19,f,ZZFall,1,965 W CRESTVIEW ST,COR
,,19C072932,08:16:54 08/12/19,l,Veh Burg Past,4,1300 E SIXTH ST,COR
,,19C072933,08:17:09 08/12/19,l,Alarm Call,2,3532 ELKER RD,COR
,,19C072935,08:20:37 08/12/19,l,Assist Othr Dpt,3,91 EB LINCOLN MAIN,COR
,,19C072939,08:22:06 08/12/19,l,Property Check,4,2144 RUSSELL DR,COR
,,19C072940,08:22:48 08/12/19,l,Alarm Call,2,535 N MCKINLEY ST,COR
,,19C072941,08:24:18 08/12/19,l,Susp Person,3,1760 W SIXTH ST; REAR,COR
,,19C072942,08:25:31 08/12/19,l,Fraud Past,4,211 W RANCHO RD,COR
,,19C072943,08:26:38 08/12/19,l,Property Check,4,400 PENROSE DR,COR
,,19C072944,08:27:07 08/12/19,l,911 Hangup,2,2585 S MAIN ST,COR
,,19C072945,08:28:34 08/12/19,l,911 Hangup,2,2585 S MAIN ST,COR
,,19C072946,08:30:09 08/12/19,l,Traffic Detail,4,2050 AZTEC LN,COR
,,19C072948,08:35:16 08/12/19,l,911 Hangup,2,2178 STONERIDGE DR,COR
,,19C072949,08:38:58 08/12/19,l,Property Check,4,150 E HARRISON ST,COR
,,19C072950,08:39:44 08/12/19,l,911 Hangup,2,1130 W SIXTH ST; SUPERIOR,COR
,,19C072952,08:41:31 08/12/19,l,Alarm Call,2,369 E HARRISON ST ; F ; OMER EBEID,COR
,,19C072954,08:42:41 08/12/19,l,Property Check,4,685 AVONDALE DR,COR
,,19C072955,08:43:34 08/12/19,l,Traffic Stop,4,EL CAMINO AVE & EL CAMINO AVE,COR
,,19C072956,08:44:31 08/12/19,l,911 Hangup,2,615 RICHEY ST,COR
,,19C072957,08:46:22 08/12/19,l,Z-Animal Svcs,4,FULLERTON AVE & SANTANA WAY,COR
,,19C072958,08:46:57 08/12/19,l,Veh Burg Past,4,E SIXTH ST & RADIO RD,COR
,,19C072959,08:47:22 08/12/19,l,Abandoned Veh,4,STAGECOACH RD & STAGECOACH RD,COR
,,19C072960,08:50:49 08/12/19,l,Traffic Stop,4,EL CAMINO AVE & EL CAMINO AVE,COR
,,19C072961,08:54:15 08/12/19,l,Traffic Detail,4,730 PUBLIC SAFETY WAY,COR
,,19C072962,08:57:55 08/12/19,l,Traffic Stop,4,EL CAMINO AVE & EL CAMINO AVE,COR
,,19C072963,08:58:34 08/12/19,l,CMC Violation,4,111 N LINCOLN AVE; AM PM;HOMELESS,COR
,,19C072965,08:59:08 08/12/19,l,Runaway,3,300 S BUENA VISTA AVE; ORANGE GROVE HIGH,COR
,,19C072966,09:00:13 08/12/19,l,Traffic Stop,4,N SMITH AVE & POMONA RD,COR
,,19C072969,09:05:01 08/12/19,l,Cite Sign Off,4,730 PUBLIC SAFETY WAY; PD PRKING LOT,COR
,,19C072970,09:05:54 08/12/19,l,Accident,2,RIMPAU AVE & MAGNOLIA AVE,COR
,,19C072971,09:06:00 08/12/19,l,Traffic Stop,4,N MCKINLEY ST & SAMPSON AVE,COR
,,19C072973,09:06:52 08/12/19,l,Property Check,4,200 N LINCOLN AVE; MOTEL 6,COR
,,19C072975,09:08:50 08/12/19,l,Hazard,3,FULLERTON AVE & SANTANA WAY,COR
,,19C072976,09:09:51 08/12/19,l,Found Property,4,111 W EIGHTH ST,COR
,,19C072977,09:14:09 08/12/19,l,Welfare Check,2,1712 HAYDEN AVE,COR
,,19C072980,09:22:10 08/12/19,l,Vandalism Past,4,914 S WASHBURN AVE # 3; DR KILKUTS OFFICE; DR ARTHUR KILKUTS,COR
,,19C072982,09:28:13 08/12/19,l,Property Check,4,824 VILLAGE LOOP DR,COR
,,19C072983,09:30:57 08/12/19,l,Flag Down,4,1901 LOCKWOOD LN,COR
,,19C072984,09:32:40 08/12/19,l,911 Hangup,2,1611 WINDMILL LN,COR
,,19C072985,09:32:42 08/12/19,l,Property Check,4,935 N MCKINLEY ST; VINEYARD CHURCH,COR
,,19C072986,09:33:32 08/12/19,l,911 Hangup,2,1015 MONTECITO DR,COR
,,19C072988,09:36:31 08/12/19,l,Public Service,3,570 HIDDEN VALLEY PKWY; BANK OF AMERICA,COR
,,19C072990,09:39:03 08/12/19,l,Traffic Stop,4,122 E SIXTH ST,COR
,,19C072991,09:39:12 08/12/19,l,Lost Property,4,1322 W SIXTH ST; CVS;LLCONT,COR
,,19C072993,09:44:22 08/12/19,l,Veh Burg Past,4,1015 MONTECITO DR; RESIDENCE INN; RM#101,COR
,,19C072995,09:45:06 08/12/19,l,Vandalism Past,4,2390 RAILROAD ST;AMERIFLEX,COR
,,19C072997,09:46:12 08/12/19,l,Ped Check,4,E GRAND BLVD & N MAIN ST,COR
,,19C072998,09:48:21 08/12/19,f,ZZSick,1,1400 CIRCLE CITY DR;223 BLG A,COR
,,19C072999,09:51:25 08/12/19,l,Traffic Stop,4,S MAIN ST & E SIXTH ST,COR
,,19C073001,10:00:59 08/12/19,f,ZZSick,1,675 E GRAND BLVD ;#104; YABAD DENTAL GROUP,COR
,,19C073002,10:02:14 08/12/19,l,Traffic Stop,4,W FIFTH ST & S MAIN ST,COR
,,19C073005,10:04:07 08/12/19,lf,Overdose,1,1432 W SIXTH ST; CREST MOTEL,COR
YES,'Location' garbled/scrambled text,19C073006,10:09:48 08/12/19,l,Fraud Past,4,455 WYNOLA CT;FRNT COUNTER,COR
,,19C073007,10:11:14 08/12/19,l,Trespass,3,1084 POMONA RD; #118 BEST WESTERN,COR
,,19C073010,10:17:55 08/12/19,lf,Man Down,1,111 N LINCOLN AVE; ARCO AM PM,COR
,,19C073011,10:23:06 08/12/19,l,Patrol Info,4,W ONTARIO AVE & BORDER AVE,COR
,,19C073012,10:26:34 08/12/19,f,ZZCarbon Alarm,2,1001 BLUE CREST ST,COR
,,19C073013,10:26:55 08/12/19,l,Traffic Stop,4,S MAIN ST & E SIXTH ST,COR
,,19C073017,10:31:41 08/12/19,l,Property Check,4,650 S MAIN ST,COR
,,19C073019,10:54:12 08/12/19,l,Susp Person,3,REDWING DR & TAYLOR AVE,COR
,,19C073020,11:00:22 08/12/19,l,Property Check,4,465 SANTANA WAY; ISLAMIC CENTER,COR
,,19C073021,11:05:08 08/12/19,l,Petty Theft P,4,320 N MCKINLEY ST; BIG 5 SPORTING GOODS,COR
,,19C073023,11:12:49 08/12/19,l,Welfare Check,2,2615 TUSCANY ST;TARGET,COR
,,19C073024,11:12:57 08/12/19,l,Disturb Peace,3,2133 SUNSTREAM DR # 115;LLCONT,COR
,,19C073025,11:16:23 08/12/19,l,Assist Othr Dpt,3,730 PUBLIC SAFETY WAY,COR
,,19C073027,11:19:39 08/12/19,l,Cite Sign Off,4,730 PUBLIC SAFETY WAY;OUTSIDE PD,COR
,,19C073030,11:27:14 08/12/19,l,Citizen Contact,3,2208 ARABIAN PL;LLCONT,COR
,,19C073031,11:27:58 08/12/19,l,Alarm Call,2,1588 SAN ALMADA RD,COR
,,19C073033,11:29:24 08/12/19,l,Citizen Contact,3,526 RAILROAD ST; PD LOBBY,COR
,,19C073034,11:31:12 08/12/19,l,Patrol Info,4,CAJALCO RD & TEMESCAL CANYON RD,COR
,,19C073035,11:32:18 08/12/19,l,Cite Sign Off,4,730 PUBLIC SAFETY WAY;OUTSIDE PD,COR
,,19C073036,11:41:52 08/12/19,f,ZZTrauma,1,111 N LINCOLN AVE; ARCO AM PM,COR
,,19C073037,11:43:54 08/12/19,l,Property Check,4,1760 W SIXTH ST # 103; WABA GRILL,COR
,,19C073039,11:53:31 08/12/19,l,Patrol Info,4,730 PUBLIC SAFETY WAY,COR
,,19C073040,11:55:38 08/12/19,f,ZZStroke,1,803 MAGNOLIA AVE # 217,COR
,,19C073041,11:57:42 08/12/19,l,Hazard,3,N MCKINLEY ST & 91 WEST BOUND OFF RAMP,COR
,,19C073043,12:03:09 08/12/19,l,Follow Up,4,14285 COYOTE VALLEY,EVL
,,19C073044,12:07:27 08/12/19,l,Patrol Info,4,730 PUBLIC SAFETY WAY,COR
,,19C073046,12:19:42 08/12/19,l,Cite Sign Off,4,730 PUBLIC SAFETY WAY;OUTSIDE PD,COR
,,19C073048,12:23:08 08/12/19,l,Fraud Past,4,2648 SWEET RAIN WAY;LOBBY,COR
,,19C073050,12:26:12 08/12/19,l,Petty Theft P,4,1375 MAGNOLIA AVE;LLCONT,COR
,,19C073051,12:30:43 08/12/19,l,Hazard,3,E SIXTH ST & E GRAND BLVD;HOMELESS,COR
,,19C073053,12:44:56 08/12/19,l,Citizen Contact,3,730 PUBLIC SAFETY WAY;LOBBY,COR
,,19C073054,12:53:52 08/12/19,f,ZZSick,1,3294 HOWE ST,COR
,,19C073055,12:57:36 08/12/19,lf,Vegetation Low,1,899 BLOSSOMCREEK LN,COR
,,19C073056,12:59:24 08/12/19,f,ZZPublicSrvceF,2,2300 S MAIN ST # 274; VALENCIA TERRACE,COR
,,19C073057,13:12:50 08/12/19,l,Fraud Past,4,2226 COACHMAN CIR;LOBBY,COR
,,19C073058,13:13:15 08/12/19,l,911 Hangup,2,1210 MAGNOLIA AVE,COR
,,19C073059,13:13:17 08/12/19,l,Area Check,3,470 HIDDEN VALLEY PKWY,COR
,,19C073060,13:18:22 08/12/19,l,Drunk In Public,2,1138 OLD HICKORY RD;PREM D,COR
,,19C073063,13:28:48 08/12/19,f,ZZSick,1,4216 SAN RAMON DR,COR
,,19C073065,13:30:10 08/12/19,l,Cross Report,2,1008 MEADOWVIEW CT,COR
,,19C073067,13:32:34 08/12/19,l,Hazard,3,GREEN RIVER RD & TANGLEWOOD DR,COR
,,19C073069,13:34:42 08/12/19,l,Assist Othr Dpt,3,527 RIVER RD # A;87 CENTENNIAL HIGH 1820 RIMPAU,COR
,,19C073071,13:42:54 08/12/19,l,Mail Theft P,4,1225 GRAPHITE DR; LL CONT,COR
,,19C073073,13:50:12 08/12/19,l,Susp Person,3,1900 EUREKA ST,COR
,,19C073074,13:51:26 08/12/19,l,Petty Theft,3,490 N MCKINLEY ST ; HOME DEPOT,COR
,,19C073075,13:53:11 08/12/19,l,Citizen Contact,3,710 S VICTORIA AVE;LL CONT,COR
,,19C073076,13:57:05 08/12/19,l,Traffic Detail,4,2601 S BUENA VISTA AVE; FOOTHILL ELEMENTARY SCHOOL,COR
,,19C073078,13:59:37 08/12/19,l,Disturb Peace P,4,1402 E ONTARIO AVE ; ARCO AM PM ; LL C4,COR
,,19C073079,14:05:00 08/12/19,l,Court Order Vio,3,710 RIMPAU AVE # 201; LL CONT,COR
,,19C073080,14:05:12 08/12/19,l,Property Check,4,195 N MCKINLEY ST,COR
,,19C073081,14:07:11 08/12/19,l,Fraud,2,601 W SIXTH ST,COR
,,19C073082,14:07:41 08/12/19,i,Fraud,2,601 W SIXTH ST; ST EDWARDS THIFT STORE,COR
,,19C073083,14:13:07 08/12/19,l,Disturb Peace,3,465 RUTH CIR ; HOMELESS,COR
,,19C073084,14:14:13 08/12/19,l,Traffic Stop,4,GARRETSON AVE & LANCER LN,COR
,,19C073085,14:15:14 08/12/19,l,Keep The Peace,3,2601 S BUENA VISTA AVE;FOOTHILL ELEMENTARY,COR
,,19C073088,14:18:07 08/12/19,l,Panhand/Solicit,3,S MAIN ST & E SIXTH ST,COR
,,19C073089,14:20:17 08/12/19,l,Traffic Detail,4,1650 GARRETSON AVE; GARRETSON ELEMENTARY SCHOOL,COR
,,19C073090,14:20:50 08/12/19,l,Follow Up,4,3124 RAINFOREST RIV,RIV
,,19C073091,14:24:54 08/12/19,l,Cite Sign Off,4,730 PUBLIC SAFETY WAY; PD LOBBY,COR
,,19C073092,14:28:50 08/12/19,l,Traffic Detail,4,2350 BORDER AVE; ADAMS ELEMENTARY,COR
,,19C073094,14:31:55 08/12/19,l,Keep The Peace,2,1215 MAGNOLIA AVE; MCDONALDS,COR
,,19C073096,14:34:42 08/12/19,l,Comm Policing,4,1757 VIA DEL RIO,COR
,,19C073097,14:40:33 08/12/19,l,911 Hangup,2,1000 W RINCON ST,COR
,,19C073098,14:43:57 08/12/19,l,Accident,2,1230 S MAIN ST; CORONA FUNDAMENTAL INTERMEDIATE SCHOOL,COR
,,19C073100,14:45:29 08/12/19,l,Cite Sign Off,4,730 PUBLIC SAFETY WAY; PD PRKING LOT,COR
,,19C073101,14:47:32 08/12/19,l,Property Check,4,1065 RAILROAD ST,COR
,,19C073102,14:47:56 08/12/19,l,Petty Theft P,4,1952 COG HILL DR; LL CONT,COR
,,19C073103,14:48:01 08/12/19,l,Property Check,4,440 RIVER RD,COR
,,19C073104,14:53:16 08/12/19,l,Cite Sign Off,4,730 PUBLIC SAFETY WAY;PLOT,COR
,,19C073105,14:55:47 08/12/19,l,911 Hangup,2,881 CORSICA DR,COR
,,19C073106,14:59:49 08/12/19,l,911 Hangup,2,3340 FERN HOLLOW DR,COR
,,19C073107,15:05:44 08/12/19,i,Patrol Info,4,1204 MAGNOLIA AVE; MOBIL GAS,COR
,,19C073109,15:09:56 08/12/19,l,Indecent Expose,2,624 W GRAND BLVD,COR
,,19C073110,15:11:08 08/12/19,lf,Overdose,1,2441 NOTRE DAME CIR,COR
,,19C073111,15:14:36 08/12/19,l,Traffic Stop,4,MAGNOLIA AVE & FULLERTON AVE,COR
,,19C073112,15:14:54 08/12/19,l,Property Check,4,130 W FOOTHILL PKWY; CHEVRON GAS,COR
,,19C073113,15:15:01 08/12/19,l,Under Influence,2,4190 BENNETT AVE; EAGLE GLEN COMMUNITY PARK,COR
,,19C073114,15:18:34 08/12/19,l,Alarm Call,2,2745 GARRETSON AVE,COR
,,19C073115,15:31:06 08/12/19,l,Traffic Stop,4,S MAIN ST & STAN REYNOLDS PKWY,COR
,,19C073117,15:37:32 08/12/19,i,Patrol Info,4,DOS LAGOS,COR
,,19C073118,15:37:49 08/12/19,l,Traffic Detail,4,GREEN RIVER RD & PALISADES DR,COR
,,19C073121,15:39:05 08/12/19,lf,Choking,1,924 MESA VERDE AVE # D,COR
,,19C073122,15:40:23 08/12/19,l,Petty Theft P,4,725 W NINTH ST;FRONT LOBBY,COR
,,19C073123,15:40:38 08/12/19,l,Vandalism Past,4,536 HARDING RD,COR
,,19C073125,15:47:14 08/12/19,l,H&S Violation,3,1461 RIMPAU AVE; SIZZLER,COR
,,19C073126,15:48:23 08/12/19,l,Property Check,4,730 PUBLIC SAFETY WAY,COR
,,19C073127,15:51:52 08/12/19,l,Grand Theft P,4,2780 CABOT DR # 135; SUNGLASS HUT,COR
,,19C073128,15:52:09 08/12/19,l,Traffic Stop,4,MAGNOLIA AVE & FULLERTON AVE,COR
,,19C073129,15:55:25 08/12/19,l,Welfare Check,2,1058 W OLIVE ST,COR
,,19C073130,16:02:18 08/12/19,l,Public Service,3,209 VIOLET ST,COR
,,19C073131,16:02:35 08/12/19,l,911 Hangup,2,805 S RAMONA AVE,COR
,,19C073132,16:03:12 08/12/19,l,Public Service,3,209 VIOLET ST,COR
,,19C073137,16:13:28 08/12/19,l,911 Hangup,2,1000 W RINCON ST,COR
,,19C073139,16:22:12 08/12/19,l,Property Check,4,2980 GARRETSON AVE,COR
,,19C073140,16:25:03 08/12/19,lf,Accident Inj,1,W TENTH ST & BORDER AVE,COR
,,19C073141,16:27:00 08/12/19,l,Follow Up,4,730 PUBLIC SAFETY WAY,COR
,,19C073142,16:33:02 08/12/19,f,ZZFall,1,3557 MATISSE CIR,COR
,,19C073143,16:36:48 08/12/19,l,Traffic Detail,4,E SIXTH ST & S MAIN ST ;OTIS GRANT UNTIL 2200,COR
,,19C073145,16:42:07 08/12/19,l,Property Check,4,400 S VICENTIA AVE; CITY HALL,COR
,,19C073147,16:47:24 08/12/19,l,Disturb Peace P,4,698 STONEYBROOK DR;#96; LOBBY,COR
,,19C073149,16:54:44 08/12/19,f,ZZTrauma,1,2005 KELLOGG AVE ; 48,COR
,,19C073151,16:56:03 08/12/19,l,911 Hangup,2,1103 GINGER LN,COR
,,19C073152,17:04:01 08/12/19,l,Z-Animal Svcs,4,1623 CAMINO DE SALMON ST,COR
,,19C073153,17:04:47 08/12/19,l,Traffic Stop,4,730 PUBLIC SAFETY WAY,COR
,,19C073154,17:09:05 08/12/19,l,Traffic Stop,4,730 PUBLIC SAFETY WAY,COR
,,19C073155,17:10:42 08/12/19,l,Alarm Call,2,3132 VERMONT DR,COR
,,19C073157,17:12:20 08/12/19,l,Petty Theft P,4,1355 E ONTARIO AVE;LLCONT,COR
,,19C073159,17:21:07 08/12/19,l,Assist Othr Dpt,3,1502 TURQUOISE DR;HEMET PD,COR
,,19C073160,17:22:48 08/12/19,l,Fraud Past,4,1905 ADOBE AVE,COR
,,19C073161,17:26:06 08/12/19,l,Under Influence,2,815 W SIXTH ST,COR
,,19C073162,17:28:50 08/12/19,l,Trespass,3,1155 E ONTARIO AVE; RIMPAU PARK,COR
,,19C073164,17:33:42 08/12/19,l,Welfare Check,2,1730 GARRETSON AVE;911 HANG UP,COR
,,19C073165,17:41:15 08/12/19,l,Trespass Past,4,346 E KENDALL ST;LLCONT,COR
,,19C073166,17:44:32 08/12/19,l,Officer Emrgncy,1,ACTIVE SHOOTER MORENO VALLEY 11-99,
,,19C073167,17:46:37 08/12/19,l,Traffic Stop,4,15 SB NOF FOOTHILL RANCH CUCAMONGA,
,,19C073168,17:54:31 08/12/19,l,Stranded Veh,3,EL CERRITO & I15,
,,19C073169,17:58:58 08/12/19,lf,Vegetation High,1,1181 CALIFORNIA AVE,COR
,,19C073170,17:59:23 08/12/19,i,Vegetation High,1,1181 CALIFORNIA AVE,COR
,,19C073171,17:59:27 08/12/19,l,Susp Person,3,S MAIN ST & E CHASE DR,COR
,,19C073173,18:01:24 08/12/19,l,Petty Theft P,4,910 NETTLE CT,COR
,,19C073174,18:08:56 08/12/19,l,911 Hangup,2,200 N LINCOLN AVE,COR
,,19C073175,18:10:53 08/12/19,i,Z-Animal Svcs,4,2780 CABOT DR # 140; DOS LAGOS SECURITY,COR
,,19C073176,18:11:36 08/12/19,l,Petty Theft P,4,200 N LINCOLN AVE;#127,COR
,,19C073177,18:15:06 08/12/19,i,Test,4,730 PUBLIC SAFETY WAY,COR
,,19C073178,18:15:26 08/12/19,l,Alarm Call,2,2457 DAKIN DR,COR
,,19C073180,18:20:47 08/12/19,l,Assist Othr Dpt,3,277 MAGDALENA CIR # D; CPS,COR
,,19C073181,18:20:53 08/12/19,l,Test,4,730 PUBLIC SAFETY WAY,COR
,,19C073183,18:22:06 08/12/19,l,Alarm Call,2,1359 W SIXTH ST;#B;CORONA TIRES NEW AND USED,COR
,,19C073186,18:32:08 08/12/19,l,911 Hangup,2,598 SANTANA WAY,COR
,,19C073187,18:34:02 08/12/19,l,911 Hangup,2,1611 WINDMILL LN,COR
,,19C073189,18:41:08 08/12/19,l,Lewd Conduct,2,1435 POTOMAC DR,COR
,,19C073191,18:55:39 08/12/19,l,Traffic Stop,4,E PARKRIDGE AVE & CORONA AVE,COR
,,19C073192,19:01:04 08/12/19,f,ZZBreathing,1,730 MAGNOLIA AVE;#727,COR
,,19C073193,19:01:04 08/12/19,l,Drunk Driver,2,3100 S MAIN ST; MOUNTAINGATE PARK,COR
,,19C073194,19:01:33 08/12/19,lf,Dist/Verbal,2,2441 NOTRE DAME CIR; STAGE,COR
,,19C073195,19:09:44 08/12/19,l,Traffic Stop,4,91 EB PIERCE MAGNOLIA RS,RIV
,,19C073196,19:11:31 08/12/19,l,Dist/Verbal,2,2025 COMPTON AVE; SPRINGHILL SUITES,COR
,,19C073197,19:12:13 08/12/19,l,911 Hangup,2,1218 E ONTARIO AVE,COR
,,19C073198,19:15:27 08/12/19,l,Welfare Check,2,1407 CAMELOT DR,COR
,,19C073199,19:21:31 08/12/19,l,Welfare Check,2,1550 RIMPAU AVE # 185,COR
,,19C073202,19:26:46 08/12/19,l,Alarm Call,2,4375 PRADO RD # 107; AMERICAN HOME REMODELING,COR
,,19C073203,19:28:21 08/12/19,l,Follow Up,4,730 PUBLIC SAFETY WAY,COR
,,19C073206,19:39:20 08/12/19,l,Battery Past,3,2199 SAMPSON AVE; CARLS JR,COR
,,19C073207,19:43:00 08/12/19,l,Found Property,4,730 PUBLIC SAFETY WAY,COR
,,19C073208,19:51:31 08/12/19,f,ZZSick,1,515 RICHEY ST # 106,COR
,,19C073209,19:53:18 08/12/19,l,Susp Person,3,2575 GREEN RIVER RD; SERFAS CLUB PARK POSS UTI,COR
,,19C073210,19:59:19 08/12/19,l,Property Check,4,815 S SHERMAN AVE,COR
,,19C073211,20:01:30 08/12/19,l,Disturb Peace,3,111 N LINCOLN AVE; ARCO AMPM,COR
,,19C073212,20:04:51 08/12/19,f,ZZSeizure,1,19356 ENVOY AVE,ELC
,,19C073213,20:07:41 08/12/19,l,911 Hangup,2,382 N MCKINLEY ST,COR
,,19C073214,20:12:34 08/12/19,l,Patrol Info,4,E OLIVE ST & S MAIN ST,COR
,,19C073217,20:27:20 08/12/19,l,Patrol Info,4,400 N MAIN ST; 23152,COR
,,19C073218,20:35:55 08/12/19,f,ZZSeizure,1,655 EBBCREEK ST # F,COR
,,19C073219,20:36:30 08/12/19,l,Susp Person,3,333 MAGNOLIA AVE;GRAZIANO'S,COR
,,19C073220,20:39:41 08/12/19,l,Alarm Call,2,3811 BEDFORD CANYON RD # 101; REAL ESTATE CO,COR
,,19C073221,20:41:05 08/12/19,l,Domestic Distur,2,4055 STRANDBERG ST,COR
,,19C073224,20:50:10 08/12/19,l,911 Hangup,2,1092 COUNTRY CLUB LN,COR
,,19C073225,20:50:28 08/12/19,l,Assist Othr Dpt,3,1330 MAGNOLIA AVE; ACO,COR
,,19C073226,20:52:52 08/12/19,f,ZZCommrcal Alrm,1,1990 POMONA RD; DART CORONA FA,COR
,,19C073227,20:53:42 08/12/19,l,Traffic Stop,4,HIDDEN VALLEY PKWY & NORCO HILLS RD,COR
,,19C073228,20:57:06 08/12/19,l,Flag Down,4,418 N MAIN ST,COR
,,19C073229,20:57:10 08/12/19,l,Vehicle Check,4,S PROMENADE AVE & MELISSA CT,COR
,,19C073231,21:00:35 08/12/19,l,Traffic Stop,4,150 W PARKRIDGE AVE; RODRIGOS,COR
,,19C073232,21:04:54 08/12/19,l,Fraud Past,4,891 POINTE VISTA CIR ; LL CONT,COR
,,19C073233,21:05:30 08/12/19,l,Loud Party,3,326 W MISSION RD,COR
,,19C073234,21:08:33 08/12/19,l,Susp Person,3,LACEY OAK DR & CHERRYBARK LN,COR
,,19C073235,21:11:10 08/12/19,l,Property Check,4,1604 FAIRVIEW DR; FAIRVIEW PARK,COR
,,19C073236,21:14:00 08/12/19,l,Test,4,730 PUBLIC SAFETY WAY,COR
,,19C073239,21:26:59 08/12/19,l,Alarm Call,2,750 S LINCOLN AVE # 101; VICTRA VERIZON,COR
,,19C073240,21:28:00 08/12/19,l,H&S Violation,3,1893 STONEHAVEN DR,COR
,,19C073242,21:33:02 08/12/19,l,Property Check,4,3395 GRAND OAKS,COR
,,19C073244,21:42:39 08/12/19,l,911 Hangup,2,1545 GRANADA AVE,COR
,,19C073245,21:49:32 08/12/19,l,911 Hangup,2,3218 STONEBERRY LN,COR
,,19C073246,21:49:51 08/12/19,l,Vehicle Check,4,CLEVELAND WAY & LOPEZ ST,COR
,,19C073247,21:56:10 08/12/19,l,Property Check,4,3383 GRAND OAKS;#101;CHAMING CHARLIE,COR
,,19C073248,21:56:41 08/12/19,l,Susp Person,3,230 W FOOTHILL PKWY; CARLS JR,COR
,,19C073250,22:03:02 08/12/19,l,Patrol Info,4,2575 GREEN RIVER RD; SERFAS CLUB PARK EXTRA PATROL,COR
,,19C073252,22:09:11 08/12/19,l,Silent Comm 211,1,360 W FOOTHILL PKWY # 105;PIZZA HUT,COR
,,19C073253,22:09:32 08/12/19,l,Property Check,4,720 N MAIN ST,COR
,,19C073255,22:12:20 08/12/19,l,Assist Othr Dpt,3,VILLA PAMPLONA CT & E FOOTHILL PKWY,COR
,,19C073257,22:19:24 08/12/19,f,ZZChest Pains,1,1948 E FOOTHILL PKWY,ELC
,,19C073259,22:20:36 08/12/19,l,Property Check,4,2243 EAGLE GLEN PKWY; STATER BROS,COR
,,19C073260,22:24:16 08/12/19,l,Welfare Check,2,164 IRON BARK RD,COR
,,19C073261,22:39:30 08/12/19,l,Alarm Call,2,2380 FULLERTON AVE ; CROSSROADS CHRISTIAN SCHOOL,COR
,,19C073262,22:45:45 08/12/19,l,Alarm Call,2,1820 RIMPAU AVE; CENTENNIAL HIGH SCHOOL,COR
,,19C073266,22:47:50 08/12/19,l,Welfare Check,2,1560 W SIXTH ST; WALMART,COR
,,19C073270,23:02:48 08/12/19,l,Property Check,4,2125 STAGECOACH DR; STAGECOACH PARK,COR
,,19C073271,23:05:32 08/12/19,f,ZZCommrcal Alrm,1,2380 FULLERTON AVE;CROSSROADS CHRISTIAN,COR
,,19C073272,23:09:05 08/12/19,l,Disturb Peace,3,838 N TEMESCAL ST,COR
,,19C073274,23:09:47 08/12/19,l,Dist/Verbal,2,838 N TEMESCAL ST,COR
,,19C073276,23:15:04 08/12/19,l,Property Check,4,1886 BUTTERFIELD DR; BUTTERFIELD PARK,COR
,,19C073277,23:23:54 08/12/19,l,Dist/Verbal,2,1225 STILLWATER RD,COR
,,19C073278,23:24:15 08/12/19,l,Loud Noise,3,1468 FALCONCREST DR ; LOUD MUSIC,COR
,,19C073279,23:24:34 08/12/19,l,Disturb Peace,3,1100 SOFIA LN,COR
,,19C073280,23:30:45 08/12/19,l,Alarm Call,2,351 MAGNOLIA AVE ;#105 LESLIES POOL,COR
,,19C073281,23:32:12 08/12/19,l,Susp Person,3,2286 TOULOUSE ST,COR
,,19C073282,23:43:51 08/12/19,f,ZZSick,1,2300 S MAIN ST # 131; VALENCIA TERRACE,COR
,,19C073283,23:47:13 08/12/19,l,Alarm Call,2,4300 GREEN RIVER RD; #110-#111 BIG AL'S PIZZA,COR
,,19C073284,23:51:22 08/12/19,l,Susp Person,3,4271 SAN RAMON DR,COR
,,19C073288,00:22:46 08/13/19,lf,Ped Check,4,2315 CALIFORNIA AVE; DYKSTRAS CAR WASH,COR
,,19C073291,00:56:30 08/13/19,l,Property Check,4,2280 WARDLOW CIR; D R HORTON AMERICAS BUILDER,COR
,,19C073292,01:07:53 08/13/19,l,Area Check,3,3060 HUCKLEBERRY DR,COR
,,19C073293,01:21:49 08/13/19,l,Suspicious Circ,3,1039 BEVERLY RD,COR
,,19C073294,01:21:59 08/13/19,l,Property Check,4,1811 S LINCOLN AVE; CORONA THANKSGIVING,COR
,,19C073295,01:23:02 08/13/19,l,Property Check,4,130 W FOOTHILL PKWY; CHEVRON GAS,COR
,,19C073297,01:26:24 08/13/19,f,ZZCommrcal Alrm,1,1900 FRONTAGE RD; AYRES SUITES,COR
,,19C073298,01:31:27 08/13/19,l,Unknown Problem,1,510 E SEVENTH ST,COR
,,19C073299,01:50:24 08/13/19,l,Area Check,3,795 SPRINGWOOD ST # B,COR
,,19C073300,01:52:40 08/13/19,l,Auto Theft Past,3,1150 W SIXTH ST,COR
,,19C073301,02:14:18 08/13/19,l,Property Check,4,2575 GREEN RIVER RD; SERFAS CLUB PARK,COR
,,19C073303,02:43:31 08/13/19,l,Trespass,3,2490 WARDLOW RD; LUCKY GREEK,COR
,,19C073304,02:44:42 08/13/19,l,Property Check,4,1220 W ONTARIO AVE; CORONA FRIENDS CHURCH,COR
,,19C073305,02:53:52 08/13/19,l,Alarm Call,2,1395 E FOOTHILL PKWY; SANTIAGO HIGH SCHOOL,COR
,,19C073306,03:07:02 08/13/19,l,Alarm Call,2,2197 SAMPSON AVE; QUICKIES CAR WASH,COR
,,19C073307,03:28:04 08/13/19,l,Alarm Call,2,850 E PARKRIDGE AVE,COR
,,19C073308,03:56:55 08/13/19,l,Surveillance,4,225 S VICENTIA AVE,COR
,,19C073309,04:09:45 08/13/19,l,Alarm Call,2,1235 POMONA RD; #B PRO WHEELS; GLASS BREAK,COR
,,19C073313,04:59:03 08/13/19,lf,ZZFwy Heavy Res,1,15 NB ONTARIO MAGNOLIA,COR
,,19C073315,05:16:23 08/13/19,l,Susp Person,3,418 N MAIN ST,COR
,,19C073317,05:58:31 08/13/19,l,Domestic Distur,2,200 N LINCOLN AVE ; #237 ; MOTEL 6,COR
,,19C073318,06:07:58 08/13/19,l,CMC Violation,4,465 RUTH CIR ; HOMELESS,COR
,,19C073321,06:13:29 08/13/19,l,Traffic Detail,4,AUTO CENTER DR & 91 WB ON RAMP,COR
,,19C073322,06:20:26 08/13/19,l,Traffic Stop,4,E OLIVE ST & S MAIN ST,COR
,,19C073324,06:21:56 08/13/19,l,Susp Person,3,2490 WARDLOW RD; LUCKY GREEK,COR
,,19C073325,06:34:02 08/13/19,l,Traffic Stop,4,PROMENADE AVE & BUCHANAN ST,COR
,,19C073326,06:35:13 08/13/19,l,Vehicle Check,4,1200 W EIGHTH ST,COR
YES,'Location' garbled/scrambled text,19C073327,06:38:42 08/13/19,l,Traffic Stop,4,91 EB SERFAS CLUB 6TH STMAPLE,COR
,,19C073329,06:43:47 08/13/19,l,Traffic Stop,4,550 HAMILTON DR; PROMENADE ELEMENTARY SCHOOL,COR
,,19C073331,06:57:08 08/13/19,l,Traffic Stop,4,N LINCOLN AVE & W RINCON ST,COR
,,19C073332,06:57:22 08/13/19,l,Assist Othr Dpt,3,815 W SIXTH ST ;CIVIC CENTER;HOMELESS,COR
,,19C073333,06:59:18 08/13/19,l,Follow Up,4,730 PUBLIC SAFETY WAY; CORONA POLICE,COR
,,19C073334,07:00:35 08/13/19,l,Property Check,4,1550 E ONTARIO AVE,COR
,,19C073335,07:01:32 08/13/19,l,Traffic Stop,4,GRIFFIN WAY & HAMLIN CIR,COR
,,19C073336,07:05:21 08/13/19,l,Susp Person,3,2400 DEL MAR WAY # 201,COR
,,19C073338,07:06:38 08/13/19,l,Brandish Weapon,1,S SMITH AVE & W SIXTH ST,COR
,,19C073339,07:08:04 08/13/19,f,ZZResdntal Alr,1,2251 MANGULAR AVE,COR
,,19C073340,07:09:06 08/13/19,lf,Man Down,1,545 ALCOA CIR; MINKA LIGHTING INC,COR
,,19C073341,07:13:25 08/13/19,l,Surveillance,4,100 BRIM ST,COR
,,19C073343,07:19:28 08/13/19,l,Traffic Detail,4,1820 RIMPAU AVE,COR
,,19C073342,07:19:28 08/13/19,l,Susp Person,3,2296 GRIFFIN WAY; JACK IN THE BOX,COR
,,19C073344,07:19:50 08/13/19,l,Abandoned Veh,4,1300 AGNES ST,COR
,,19C073345,07:26:19 08/13/19,l,Traffic Detail,4,785 VILLAGE LOOP DR; CORONA RANCH ELEMENTARY,COR
,,19C073346,07:27:31 08/13/19,l,911 Hangup,2,1400 CIRCLE CITY DR,COR
,,19C073347,07:27:48 08/13/19,l,Traffic Detail,4,1150 W TENTH ST,COR
,,19C073348,07:28:26 08/13/19,f,ZZFwy Acc w/ inj,1,15 NB ONTARIO MAGNOLIA; TEST TEST TEST,COR
,,19C073349,07:28:31 08/13/19,l,Traffic Detail,4,1220 W PARKRIDGE AVE; WASHINGTON ELEMENTARY,COR
,,19C073350,07:29:48 08/13/19,f,ZZBreathing,1,1400 CIRCLE CITY DR;#1,COR
,,19C073351,07:31:12 08/13/19,l,Abandoned Veh,4,832 KRESS CT,COR
,,19C073352,07:36:35 08/13/19,l,911 Hangup,2,GREEN RIVER RD & MONTANA RANCH RD,COR
,,19C073353,07:36:57 08/13/19,,,,31 E GRAND BLVD,COR
,,19C073354,07:40:53 08/13/19,l,Traffic Stop,4,1300 CRESTA RD,COR
,,19C073355,07:50:55 08/13/19,l,Ill Parked Veh,2,FORD ST & FULLERTON AVE,COR
,,19C073356,07:54:01 08/13/19,l,Comm Policing,4,1757 VIA DEL RIO,COR
,,19C073357,07:56:13 08/13/19,l,Traffic Stop,4,sixth & fuller,COR
,,19C073358,07:59:55 08/13/19,f,ZZAA MedicalAid,1,23639 BELLA VISTA RD,TEM
,,19C073361,08:03:55 08/13/19,l,Traffic Detail,4,2665 GILBERT AVE; SUSAN B ANTHONY ELEMENTARY SCHOOL,COR
,,19C073363,08:07:25 08/13/19,l,Comm Policing,4,2800 RIDGELINE DR; PRADO VIEW ELEMENTARY SCHOOL,COR
,,19C073364,08:10:50 08/13/19,l,Drunk In Public,2,W SIXTH ST & S SHERMAN AVE,COR
,,19C073366,08:13:51 08/13/19,l,Z-Animal Svcs,4,1820 RIMPAU AVE; CENTENNIAL HIGH SCHOOL,COR
,,19C073367,08:15:03 08/13/19,l,Traffic Stop,4,VIA TREVIZIO AND SIXTH,COR
,,19C073368,08:18:15 08/13/19,l,Property Check,4,1580 W SIXTH ST,COR
,,19C073369,08:21:17 08/13/19,l,Susp Person,3,2125 STAGECOACH DR; STAGECOACH PARK,COR
YES,'Location' garbled/scrambled text,19C073370,08:22:56 08/13/19,l,Veh Burg Past,4,1511 RIMPAU AVE;#101A;MARINES RECRUTING,COR
,,19C073373,08:27:29 08/13/19,l,Citizen Contact,3,639 W TENTH ST,COR
,,19C073374,08:29:42 08/13/19,l,Ped Check,4,401 S LINCOLN AVE # C; YOSHINOYA,COR
,,19C073375,08:32:58 08/13/19,l,Citizen Contact,3,1395 E FOOTHILL PKWY; SANTIAGO HIGH SCHOOL,COR
,,19C073376,08:43:14 08/13/19,l,Property Check,4,175 E ONTARIO AVE # 101; MR YOU EXPRESS,COR
,,19C073377,08:53:13 08/13/19,l,H/R Coll Past,4,920 S SHERIDAN ST,COR
,,19C073378,08:54:09 08/13/19,l,Susp Vehicle,3,RIVIERA DR & TAMARRON DR,COR
,,19C073379,08:55:56 08/13/19,l,911 Hangup,2,1210 E SIXTH ST,COR
,,19C073380,08:58:00 08/13/19,l,Disturb Peace,3,1220 MAGNOLIA AVE,COR
,,19C073381,08:59:29 08/13/19,l,Vandalism Past,4,1148 D ST;CORONA DEL REY,COR
,,19C073383,09:05:05 08/13/19,i,911 Hangup,2,1390 E ONTARIO AVE,COR
,,19C073384,09:08:00 08/13/19,l,Property Check,4,685 VALLEYWOOD CIR,COR
,,19C073385,09:12:14 08/13/19,l,Property Check,4,2313 S MAIN ST; TEMESCAL PALMS LODGE 314,COR
,,19C073386,09:12:48 08/13/19,i,911 Hangup,2,2035 CALIFORNIA AVE,COR
,,19C073387,09:15:01 08/13/19,l,Veh Burg I/P,2,2225 EAGLE GLEN PKWY # 104;ACAI REPUBLIC,COR
,,19C073388,09:15:26 08/13/19,l,Indecent Expose,2,2225 EAGLE GLEN PKWY # 104,COR
,,19C073390,09:22:21 08/13/19,l,Court Order Vio,3,1015 MONTECITO DR; RESIDENCE INN ;LL CONT,COR
,,19C073391,09:28:38 08/13/19,l,Property Check,4,2100 RUSSELL DR,COR
,,19C073392,09:33:26 08/13/19,l,Hazard,3,W SIXTH ST & S LINCOLN AVE,COR
,,19C073396,09:42:45 08/13/19,l,Cite Sign Off,4,730 PUBLIC SAFETY WAY; OUTSIDE PD,COR
,,19C073397,09:53:34 08/13/19,l,911 Hangup,2,209 E BLAINE ST,COR
,,19C073398,09:53:43 08/13/19,l,Follow Up,4,1580 W SIXTH ST,COR
,,19C073399,09:58:06 08/13/19,l,Mail Theft P,4,1008 MCCALL DR;LL CONT,COR
,,19C073400,10:04:42 08/13/19,l,Property Check,4,1220 MAGNOLIA AVE,COR
,,19C073401,10:04:53 08/13/19,l,Accident,2,GILBERT AVE & E CHASE DR; FRONT COUNTER,COR
,,19C073402,10:08:50 08/13/19,l,Cite Sign Off,4,730 PUBLIC SAFETY WAY; OUTSIDE PD,COR
,,19C073403,10:09:58 08/13/19,l,Surveillance,4,3398 SHINING STAR LN,COR
,,19C073404,10:11:02 08/13/19,l,Illegal Dumping,3,CHASE / FOOTHILL,
,,19C073405,10:14:55 08/13/19,lf,Cardiac Arrest,1,803 W MONTEREY RD,COR
,,19C073406,10:20:35 08/13/19,f,ZZSick,1,2055 KELLOGG AVE,COR
,,19C073407,10:21:27 08/13/19,l,Property Check,4,1155 E ONTARIO AVE; RIMPAU PARK,COR
,,19C073414,10:29:37 08/13/19,l,Welfare Check,2,4321 OWENS ST # 101,COR
,,19C073415,10:30:03 08/13/19,l,Disturb Peace P,4,1550 RIMPAU AVE # 138,COR
,,19C073416,10:33:20 08/13/19,f,ZZFall,1,2637 COTTAGE DR,COR
,,19C073418,10:38:22 08/13/19,l,Fraud Past,4,223 E PARKRIDGE AVE # B; FRONT COUNTER,COR
,,19C073419,10:43:32 08/13/19,f,ZZBreathing,1,647 W OLIVE ST,COR
,,19C073420,10:46:00 08/13/19,l,Found Property,4,598 SANTANA WAY; FRONT COUNTER,COR
,,19C073421,10:47:43 08/13/19,l,Fraud Past,4,1856 KINGSFORD DR ; LL CONT,COR
,,19C073422,10:48:06 08/13/19,l,911 Hangup,2,881 CORSICA DR,COR
,,19C073423,10:48:51 08/13/19,l,Fraud Past,4,581 HILLSBOROUGH WAY ; FRONT COUNTER,COR
,,19C073424,10:52:05 08/13/19,l,Fraud Past,4,2881 CAPE DR ; LL CONT,COR
,,19C073425,10:53:56 08/13/19,l,Property Check,4,930 E SIXTH ST; CITY PARK,COR
,,19C073426,11:11:13 08/13/19,l,911 Hangup,2,1150 W TENTH ST ; PHS 2,COR
,,19C073427,11:19:31 08/13/19,l,Property Check,4,808 SERFAS CLUB DR,CRA
,,19C073428,11:25:38 08/13/19,l,Suspicious Circ,3,103 E THIRD ST; DEL TACO,COR
,,19C073429,11:28:38 08/13/19,l,Disturb Peace,3,1501 PLEASANT VIEW AVE # D2,COR
,,19C073431,11:34:05 08/13/19,l,Traffic Stop,4,E ONTARIO AVE & S MAIN ST,COR
,,19C073434,11:43:41 08/13/19,f,ZZSick,1,775 TRADEMARK CIR;#101;ability counts,COR
,,19C073435,11:44:45 08/13/19,l,Property Check,4,3300 PALISADES DR,COR
,,19C073437,11:52:49 08/13/19,l,Veh Burg Past,4,3715 WALLOWA CIR,COR
,,19C073439,11:59:39 08/13/19,l,Property Check,4,550 HIDDEN VALLEY PKWY; STATER BROS MARKETS,COR
,,19C073441,12:03:20 08/13/19,l,Patrol Info,2,3830 N MCKINLEY ST;ARCO AMPM,HGS
,,19C073445,12:22:45 08/13/19,l,Area Check,3,1145 TOPAZ ST ; POSS 601R 97 AT LOC,COR
,,19C073446,12:28:39 08/13/19,l,911 Hangup,2,1218 W ONTARIO AVE,COR
,,19C073447,12:33:47 08/13/19,l,Patrol Info,4,S MERRILL ST & W GRAND BLVD,COR
,,19C073448,12:35:51 08/13/19,l,Traffic Stop,4,VALENCIA RD & MORNING GLORY WAY,COR
,,19C073449,12:38:05 08/13/19,f,ZZSeizure,1,901 SAPPHIRE LN,COR
,,19C073450,12:40:26 08/13/19,l,Citizen Contact,3,1690 W SIXTH ST,COR
,,19C073452,12:44:54 08/13/19,l,Z-Animal Svcs,4,956 AVENIDA DEL VISTA ; CORONA PARK APTS,COR
,,19C073454,12:47:48 08/13/19,l,Disturb Peace,3,200 N LINCOLN AVE;#127,COR
,,19C073455,12:47:53 08/13/19,l,Traffic Stop,4,E FOOTHILL PKWY & S MAIN ST,COR
YES,'Location' garbled/scrambled text,19C073458,13:00:39 08/13/19,l,Susp Person,3,1212 MAGNOLIA AVE;EL SUPER;HOMELESS,COR
,,19C073459,13:04:40 08/13/19,lf,ZZSick,1,MAGNOLIA AVE & 15 NB OFF RAMP,COR
,,19C073460,13:04:58 08/13/19,l,Property Check,4,2125 STAGECOACH DR; STAGECOACH PARK,COR
,,19C073461,13:05:32 08/13/19,f,ZZSick,1,1463 W SIXTH ST;KOPPUR LANTERN,COR
,,19C073462,13:06:39 08/13/19,lf,Cardiac Arrest,1,737 MAGNOLIA AVE # 250,COR
,,19C073463,13:07:04 08/13/19,l,Abandoned Veh,4,2298 AVENIDA DEL VISTA,COR
,,19C073464,13:07:05 08/13/19,l,Veh Burg Past,4,1922 FULLERTON AVE # 108,COR
,,19C073466,13:09:49 08/13/19,l,911 Hangup,2,209 E BLAINE ST,COR
,,19C073467,13:12:32 08/13/19,l,Property Check,4,1886 BUTTERFIELD DR; BUTTERFIELD PARK,COR
,,19C073471,13:18:29 08/13/19,l,Susp Person,2,730 VIA DE LUNA,COR
,,19C073472,13:20:04 08/13/19,l,Welfare Check,2,1712 HAYDEN AVE,COR
,,19C073476,13:36:17 08/13/19,l,Ill Parked Veh,4,2763 BLUE SPRINGS DR,COR
,,19C073477,13:36:35 08/13/19,l,Citizen Contact,3,2321 BLOOMFIELD LN,COR
,,19C073478,13:37:16 08/13/19,l,Traffic Stop,4,E SIXTH ST & MAGNOLIA AVE,COR
,,19C073479,13:38:54 08/13/19,l,Disturb Peace P,4,2153 WEMBLEY LN ; FRONT COUNTER,COR
,,19C073480,13:39:28 08/13/19,l,Assist Othr Dpt,3,737 MAGNOLIA AVE # 250,COR
,,19C073481,13:40:16 08/13/19,l,Hazard,3,2093 W ONTARIO AVE,COR
,,19C073482,13:44:42 08/13/19,l,Disturb Peace,3,320 N MCKINLEY ST;BIG 5;HOMELESS,COR
,,19C073483,13:46:53 08/13/19,l,Cite Sign Off,4,730 PUBLIC SAFETY WAY; OUTSIDE PD,COR
,,19C073484,13:49:14 08/13/19,l,Welfare Check,2,W EIGHTH ST & S LINCOLN AVE,COR
,,19C073485,13:50:58 08/13/19,l,Property Check,4,140 W ONTARIO AVE; BRIGHT NOW DENTAL AT TOWN AND COUNTRY,COR
,,19C073486,13:53:26 08/13/19,l,Ped Check,4,S BUENA VISTA AVE & SECOND ST,COR
,,19C073487,13:57:09 08/13/19,l,Special Detail,4,730 PUBLIC SAFETY WAY,COR
,,19C073488,13:57:13 08/13/19,f,ZZCommrcal Alrm,1,2600 S MAIN ST;CORONA POST ACUTE,COR
,,19C073489,14:03:10 08/13/19,l,911 Hangup,2,928 N COTA ST,COR
,,19C073490,14:06:09 08/13/19,l,Battery,1,928 N COTA ST # D,COR
,,19C073491,14:09:56 08/13/19,l,Battery,1,1480 E SIXTH ST,COR
,,19C073492,14:14:34 08/13/19,l,Follow Up,4,730 PUBLIC SAFETY WAY,COR
,,19C073493,14:14:44 08/13/19,l,911 Hangup,2,209 E BLAINE ST,COR
,,19C073494,14:14:52 08/13/19,l,Flag Down,4,1290 E ONTARIO AVE; WALMART,COR
,,19C073495,14:19:53 08/13/19,l,911 Hangup,2,1660 LEESON LN,COR
,,19C073498,14:31:27 08/13/19,f,ZZFall,1,2300 S MAIN ST,COR
,,19C073500,14:33:09 08/13/19,l,Petty Theft P,4,275 TELLER ST; FRONT COUNTER,COR
,,19C073502,14:42:36 08/13/19,l,Additional Info,4,720 S TEMESCAL ST; FRONT COUNTER,COR
,,19C073503,14:42:54 08/13/19,f,ZZFall,1,737 MAGNOLIA AVE # 339,COR
,,19C073504,14:43:47 08/13/19,l,Alarm Call,2,785 YORKSHIRE WAY,COR
,,19C073506,14:47:41 08/13/19,l,Fraud Past,4,3488 RIDGECREST CIR,COR
,,19C073508,15:01:33 08/13/19,f,ZZFwy Acc w/ inj,1,91 EB LINCOLN MAIN,COR
,,19C073511,15:05:50 08/13/19,l,Runaway Return,3,1162 WILLITS DR,COR
,,19C073512,15:06:10 08/13/19,lf,ZZCommrcal Alrm,1,2243 EAGLE GLEN PKWY ; STATER BROS,COR
,,19C073514,15:09:26 08/13/19,l,Stranded Veh,3,E FOOTHILL PKWY & CALIFORNIA AVE,COR
,,19C073515,15:10:01 08/13/19,l,Child Neglect,2,3439 GRAND OAKS; STAPLES,COR
,,19C073516,15:13:33 08/13/19,l,Disturb Peace P,4,1222 SUNKIST CIR,COR
,,19C073518,15:17:44 08/13/19,i,911 Hangup,2,7490 BOYD AVE,ELC
,,19C073521,15:32:01 08/13/19,l,Surveillance,4,2240 E TREEMONT PL # 207,COR
,,19C073522,15:32:53 08/13/19,l,Loitering,3,956 AVENIDA DEL VISTA,COR
,,19C073523,15:33:53 08/13/19,f,ZZFwy Acc w/ inj,1,91 EB PASEO GRANDE LINCOLN,COR
,,19C073524,15:38:35 08/13/19,l,Domestic Distur,2,1760 VIA PACIFICA # M105,COR
,,19C073525,15:39:55 08/13/19,l,911 Hangup,2,1660 LEESON LN,COR
,,19C073526,15:43:57 08/13/19,l,Missing Child,2,1255 RIVER RD,COR
,,19C073527,15:45:33 08/13/19,lf,Accident Inj,1,VIA PACIFICA & BORDER AVE,COR
,,19C073528,15:45:41 08/13/19,l,Accident Inj,1,1700 VIA PACIFICA,COR
,,19C073530,15:46:24 08/13/19,l,911 Hangup,2,1218 E ONTARIO AVE,COR
,,19C073531,15:50:35 08/13/19,f,ZZCommrcal Alrm,1,2243 EAGLE GLEN PKWY ; 2ND RESPONSE STATER BROS,COR
,,19C073532,15:51:50 08/13/19,l,Comm Burg Past,4,3915 GREEN RIVER RD; CUBE SMART STORAGE;#D41,COR
,,19C073533,15:54:50 08/13/19,l,Citizen Contact,3,1790 KELLOGG AVE,COR
,,19C073534,15:55:36 08/13/19,l,Cite Sign Off,4,730 PUBLIC SAFETY WAY ; FRONT COUNTER,COR
,,19C073538,16:03:16 08/13/19,l,Additional Info,4,415 E FRANCIS ST; LL CONT,COR
,,19C073539,16:07:54 08/13/19,lf,Man Down,1,1277 W SIXTH ST; #f Juan pollo,COR
,,19C073540,16:09:11 08/13/19,l,Property Check,4,417 W GRAND BLVD,COR
,,19C073541,16:10:23 08/13/19,l,911 Hangup,2,267 WINFIELD CIR,COR
,,19C073542,16:15:06 08/13/19,i,911 Hangup,2,1831 N DELILAH ST,COR
,,19C073543,16:16:23 08/13/19,l,Follow Up,4,2441 NOTRE DAME CIR,COR
,,19C073544,16:20:06 08/13/19,l,Hit Run No Inj,2,MAGNOLIA AVE & KELLOGG AVE,COR
,,19C073545,16:29:27 08/13/19,l,911 Hangup,2,1225 STILLWATER RD ; PHS 2,COR
YES,'Nature' garbled text (embedded symbol),19C073547,16:31:31 08/13/19,f,ZZFaint/Uncons,1,1225 STILLWATER RD,COR
,,19C073548,16:37:15 08/13/19,l,Disturb Peace P,4,2531 CAMINO DEL PLATA CT,COR
,,19C073549,16:38:53 08/13/19,lf,Accident Unknwn,1,MAGNOLIA AVE & FULLERTON AVE,COR
,,19C073552,16:44:29 08/13/19,l,Additional Info,4,1015 MONTECITO DR ; LL CONT,COR
,,19C073554,16:48:21 08/13/19,l,Fraud Past,4,1001 VISTA LOMAS LN,COR
,,19C073555,16:49:17 08/13/19,l,Drunk Driver,2,15 SB HIDDEN VALLEY MAGNOLIA,COR
,,19C073556,16:49:52 08/13/19,l,911 Hangup,2,1831 E DELILAH ST,COR
,,19C073557,16:51:38 08/13/19,l,Domestic Distur,2,830 RAILROAD ST,COR
,,19C073558,16:52:13 08/13/19,l,Trespass,3,750 AVENIDA DEL VISTA # A,COR
,,19C073559,16:53:04 08/13/19,l,Abandoned Veh,4,616 W SECOND ST,COR
,,19C073562,16:54:05 08/13/19,l,Drunk In Public,2,910 S SHERIDAN ST,COR
,,19C073563,16:55:10 08/13/19,l,Additional Info,4,1691 JENKS DR ; PD RECORDS,COR
,,19C073564,17:18:56 08/13/19,l,Domestic Distur,2,1110 W NINTH ST # P,COR
,,19C073565,17:26:17 08/13/19,l,911 Hangup,2,2197 SAMPSON AVE,COR
,,19C073566,17:38:56 08/13/19,l,H&S Violation,3,1561 E ONTARIO AVE # 104;CRACKED SCREENS,COR
,,19C073569,17:50:44 08/13/19,l,Trespass,3,E RINCON ST & N MAIN ST,COR
,,19C073570,18:00:06 08/13/19,l,H/R Coll Past,4,CRESTA RD & PROMENADE AVE,COR
,,19C073571,18:01:10 08/13/19,lf,Structure Fire,1,PASEO GRANDE & VIA SANTIAGO,COR
,,19C073572,18:03:29 08/13/19,l,Test,4,730 PUBLIC SAFETY WAY,COR
,,19C073573,18:03:59 08/13/19,l,Welfare Check,2,886 CIMARRON LN,COR
,,19C073574,18:07:00 08/13/19,l,Reckless Driver,3,W FOOTHILL PKWY & GREEN RIVER RD,COR
,,19C073575,18:07:51 08/13/19,l,Alarm Call,2,191 BUSINESS CENTER DR;CG LANDSCAPE INC,COR
,,19C073576,18:10:18 08/13/19,l,Dist/Verbal,2,1750 VIA PACIFICA # N101,COR
,,19C073578,18:17:01 08/13/19,l,Disturb Peace,3,1760 VIA PACIFICA # M105,COR
,,19C073580,18:21:36 08/13/19,l,Cross Report,2,185 MAGNOLIA AVE; LEE POLLARD HIGH SCHOOL,COR
,,19C073581,18:22:07 08/13/19,l,Alarm Call,2,341 N DELILAH ST # 102; PMG COMPANY,COR
,,19C073583,18:29:46 08/13/19,l,Alarm Call,2,4262 HAVENRIDGE DR ; AFZAL RESIDENCE,COR
,,19C073586,18:46:25 08/13/19,lf,ZZHydrant Flow,1,111 N LINCOLN AVE; ARCO AM PM,COR
,,19C073587,18:48:47 08/13/19,l,Petty Theft P,4,1201 E GRAND BLVD,COR
,,19C073588,18:49:07 08/13/19,l,Petty Theft P,4,1307 W SIXTH ST ; 10 AGO,COR
,,19C073590,18:57:07 08/13/19,f,ZZFall,1,2489 CALIFORNIA AVE,COR
,,19C073591,19:02:49 08/13/19,l,911 Hangup,2,2035 CALIFORNIA AVE ; ABAND PHS 2,COR
,,19C073592,19:07:50 08/13/19,l,Follow Up,4,2199 SAMPSON AVE; CARLS JR,COR
,,19C073593,19:09:01 08/13/19,l,Ped Check,4,490 N MCKINLEY ST,COR
,,19C073594,19:11:44 08/13/19,l,911 Hangup,2,1831 N DELILAH ST,COR
,,19C073595,19:11:47 08/13/19,l,Alarm Call,2,425 KLUG CIR;T3 HOLDINGS INC,COR
,,19C073597,19:26:51 08/13/19,l,Loitering,3,W FOOTHILL PKWY & TRUDY WAY,COR
,,19C073598,19:42:54 08/13/19,l,Runaway,3,750 VIA DE LUNA # 1,COR
,,19C073599,19:43:13 08/13/19,l,Surveillance,4,577 W ONTARIO AVE,COR
,,19C073600,19:49:15 08/13/19,l,Property Check,4,355 N SHERMAN AVE; CONTROLLED AIR TECHNOLOGIES INC,COR
,,19C073601,19:50:25 08/13/19,l,Citizen Contact,3,1350 VALENCIA RD; ORANGE ELEMENTARY,COR
,,19C073603,20:12:54 08/13/19,l,Traffic Stop,4,E PARKRIDGE AVE & CRESTA RD,COR
,,19C073604,20:15:56 08/13/19,l,DV-Assault Past,3,1700 VIA PACIFICA ; #M105 LL CONT,COR
,,19C073605,20:23:20 08/13/19,l,Traffic Stop,4,CRESTA RD & WYNOLA CT,COR
,,19C073606,20:24:09 08/13/19,l,Alarm Call,2,1252 W SIXTH ST ; #108 ; PESCADERIA EL GOLFO #2,COR
,,19C073607,20:27:17 08/13/19,l,Accident,2,1063 QUARRY ST,COR
,,19C073608,20:30:11 08/13/19,l,Welfare Check,2,3111 BIGHORN DR,COR
,,19C073609,20:39:32 08/13/19,l,Domestic Distur,2,2753 CAMELLIA CT,COR
,,19C073610,20:40:36 08/13/19,l,DV-Assault,1,1312 HERMOSA DR,COR
,,19C073611,20:40:47 08/13/19,l,Surveillance,4,1768 S VICENTIA AVE,COR
,,19C073612,20:41:06 08/13/19,l,Property Check,4,431 N MCKINLEY ST; CIRCLE K INSDIE MOBIL GAS,COR
,,19C073613,20:41:44 08/13/19,f,ZZFwy UnkInjury,1,15 NB MAGNOLIA HIDDEN VALLEY,COR
,,19C073614,20:42:54 08/13/19,l,Unknown Problem,1,1825 S MAIN ST,COR
,,19C073615,20:43:04 08/13/19,l,Disturb Peace,3,SXITH / MERRILL,COR
,,19C073617,20:50:23 08/13/19,l,Assist Othr Dpt,3,1330 MAGNOLIA AVE,COR
,,19C073619,20:55:12 08/13/19,l,Domestic Distur,2,1626 TURQUOISE DR ; PHS 2,COR
,,19C073621,20:59:01 08/13/19,l,Property Check,4,909 S SMITH AVE # 203; CORONA VILLAGE APTS,COR
,,19C073623,21:02:09 08/13/19,l,Disturb Peace,3,1155 AQUAMARINE LN,COR
,,19C073624,21:04:43 08/13/19,lf,Accident Inj,1,RAILROAD ST & N GARFIELD AVE,COR
,,19C073627,21:09:31 08/13/19,f,ZZTrauma,1,947 ESTHER DR,COR
,,19C073631,21:26:14 08/13/19,l,Mail Theft P,4,2240 E TREEMONT PL # 201,COR
,,19C073632,21:27:02 08/13/19,l,DV-Assault,1,1024 S WASHBURN AVE,COR
,,19C073633,21:30:16 08/13/19,l,Battery,1,1102 S WASHBURN AVE,COR
,,19C073636,21:35:22 08/13/19,l,Alarm Call,2,750 S LINCOLN AVE # 101 ; VICTRA VERIZON WIRELESS,COR
,,19C073639,21:39:14 08/13/19,l,Property Check,4,431 N MCKINLEY ST; CIRCLE K INSDIE MOBIL GAS,COR
,,19C073640,21:45:04 08/13/19,l,Traffic Stop,4,N LINCOLN AVE & RIVER RD,COR
,,19C073642,22:00:36 08/13/19,l,Property Check,4,1040 S VICENTIA AVE; JEFFERSON ELEMENTARY SCHOOL,COR
,,19C073643,22:02:09 08/13/19,l,911 Hangup,2,1504 TABER ST,COR
,,19C073644,22:03:24 08/13/19,l,911 Hangup,2,2443 PURDUE CIR,COR
,,19C073646,22:07:04 08/13/19,f,ZZFall,1,1447 PLEASANT VIEW AVE,COR
,,19C073647,22:09:07 08/13/19,l,Property Check,4,19083 E ONTARIO AVE,ELC
,,19C073648,22:09:44 08/13/19,l,Welfare Check,2,1565 PLAZA DE NOCHE # 1,COR
,,19C073649,22:14:49 08/13/19,l,911 Hangup,2,1839 S MAIN ST,COR
,,19C073651,22:19:46 08/13/19,l,Domestic Distur,2,1831 S MAIN ST ; SEPERATED,COR
,,19C073652,22:21:51 08/13/19,l,Child Abuse,1,777 S TEMESCAL ST # 18,COR
,,19C073653,22:34:10 08/13/19,l,911 Hangup,2,1230 S MAIN ST,COR
,,19C073654,22:40:40 08/13/19,l,Property Check,4,1010 W CITRON ST; RANEY INTERMEDIATE SCHOOL,COR
,,19C073655,22:41:51 08/13/19,l,Traffic Stop,4,S LINCOLN AVE & W ONTARIO AVE,COR
,,19C073656,22:49:38 08/13/19,l,Property Check,4,1155 E ONTARIO AVE; RIMPAU PARK,COR
,,19C073657,22:50:50 08/13/19,l,Accident,2,230 W FOOTHILL PKWY; CARLS JR,COR
,,19C073659,23:02:37 08/13/19,l,Ped Check,4,2320 COMPTON AVE; MIGUEL'S JR EAST,COR
,,19C073660,23:04:15 08/13/19,l,Alarm Call,2,2197 SAMPSON AVE,COR
,,19C073661,23:06:09 08/13/19,l,Follow Up,4,730 PUBLIC SAFETY WAY,COR
,,19C073663,23:29:30 08/13/19,l,Robbery,1,702 E SIXTH ST ; GUN,COR
,,19C073664,23:30:06 08/13/19,l,Alarm Call,2,1496 PERA ST,COR
,,19C073665,23:31:27 08/13/19,l,Shoplifting,3,100 W ONTARIO AVE; WALGREENS; SUSP 97,COR
,,19C073667,23:34:15 08/13/19,l,Dist/Verbal,2,2437 SIERRA BELLA DR,COR
,,19C073669,23:46:45 08/13/19,l,Traffic Stop,4,N JOY ST & E PARKRIDGE AVE,COR
,,19C073670,23:47:43 08/13/19,l,Ped Check,4,912 E SIXTH ST ; ELKS LODGE,COR
,,19C073671,23:50:22 08/13/19,l,Loud Party,3,1655 S VICENTIA AVE,COR
,,19C073673,00:03:41 08/14/19,l,Property Check,4,2055 KELLOGG AVE; KAISER FOUNDATION HEALTH PLAN INC,COR
,,19C073674,00:07:29 08/14/19,lf,Accident Unknwn,1,S LINCOLN AVE & W EIGHTH ST,COR
,,19C073675,00:25:12 08/14/19,l,Runaway,3,1694 BERYL LN; LL CONT,COR
,,19C073680,00:55:44 08/14/19,l,Alarm Call,2,1395 E FOOTHILL PKWY; SANTIAGO HIGH,COR
,,19C073681,01:15:47 08/14/19,l,Alarm Call,2,211 DUPONT ST # 107; INSPIRE DANCE,COR
,,19C073682,01:19:20 08/14/19,l,911 Hangup,2,1002 W EIGHTH ST,COR
,,19C073683,01:33:53 08/14/19,l,Alarm Call,2,1022 EXPLANADA ST # 102,COR
,,19C073684,01:35:23 08/14/19,l,Traffic Stop,4,1290 E ONTARIO AVE; WALMART,COR
,,19C073687,01:41:14 08/14/19,l,911 Hangup,2,400 S VICENTIA AVE,COR
,,19C073689,01:52:05 08/14/19,f,ZZSick,1,309 S VICENTIA AVE # 103,COR
,,19C073690,01:52:17 08/14/19,l,Property Check,4,1698 W SIXTH ST # A,COR
,,19C073691,01:53:23 08/14/19,l,Vehicle Check,4,1453 W SIXTH ST,COR
,,19C073692,02:09:24 08/14/19,l,Property Check,4,1150 W TENTH ST; CORONA HIGH SCHOOL,COR
,,19C073693,02:12:34 08/14/19,l,Loud Party,3,1655 S VICENTIA AVE,COR
,,19C073694,02:43:22 08/14/19,l,911 Hangup,2,1150 W TENTH ST,COR
,,19C073695,02:45:35 08/14/19,f,ZZSick,1,635 LACEY OAK DR,COR
,,19C073696,02:47:56 08/14/19,l,Area Check,3,1800 S LINCOLN AVE; LINCOLN PARK,COR
,,19C073697,03:44:33 08/14/19,l,Alarm Call,2,1395 E FOOTHILL PKWY,COR
,,19C073698,03:45:45 08/14/19,l,Property Check,4,1886 BUTTERFIELD DR; BUTTERFIELD PARK,COR
,,19C073699,03:59:37 08/14/19,l,Alarm Call,2,1852 POMONA RD; SOUTHWEST SIGN COMPANY,COR
,,19C073700,04:36:48 08/14/19,l,Alarm Call,2,475 N SHERIDAN ST,COR
,,19C073701,04:41:35 08/14/19,l,Fraud Past,4,100 W ONTARIO AVE,COR
,,19C073702,05:08:36 08/14/19,l,Area Check,3,W TENTH ST & W GRAND BLVD,COR
,,19C073705,05:39:16 08/14/19,l,Welfare Check,2,2001 S LINCOLN AVE,COR
,,19C073706,05:43:48 08/14/19,l,Alarm Call,2,341 BONNIE CIR; #101B ARBOR CONTRACT CARPET,COR
,,19C073709,05:58:12 08/14/19,l,Annoying Calls,3,1760 VIA PACIFICA # M105;LL CONT,COR
,,19C073710,06:06:13 08/14/19,l,Traffic Stop,4,N MAIN ST & 91 WEST BOUND OFF RAMP,COR
,,19C073711,06:09:45 08/14/19,l,911 Hangup,2,1200 S MERRILL ST,COR
,,19C073712,06:12:10 08/14/19,l,Traffic Stop,4,412 N MAIN ST,COR
,,19C073713,06:13:30 08/14/19,l,Traffic Stop,4,TEMESCAL CANYON RD & CAJALCO RD,COR
,,19C073714,06:13:34 08/14/19,l,911 Hangup,2,1504 TABER ST,COR
,,19C073716,06:19:10 08/14/19,l,Traffic Detail,4,3700 TEMESCAL CANYON RD,COR
,,19C073719,06:27:27 08/14/19,l,Ped Check,4,S MAIN ST & E THIRD ST,COR
,,19C073720,06:36:18 08/14/19,l,Comm Policing,4,930 E SIXTH ST; CITY PARK,COR
,,19C073721,06:38:07 08/14/19,l,Area Check,3,381 W ONTARIO AVE,COR
,,19C073722,06:39:09 08/14/19,l,Comm Policing,4,400 S VICENTIA AVE; CITY HALL,COR
,,19C073723,06:39:26 08/14/19,l,Alarm Call,2,1974 JENNA CIR,COR
,,19C073725,06:47:13 08/14/19,l,Veh Burg Past,4,418 N MAIN ST;LL CONT,COR
,,19C073727,07:02:02 08/14/19,l,Cross Report,2,2995 JUNIPER DR; PAPERWORK DISPATCH,COR
,,19C073729,07:05:17 08/14/19,l,Accident,2,MAGNOLIA AVE & 15 SB ON RAMP,COR
,,19C073730,07:07:16 08/14/19,l,Trespass,3,1443 E SIXTH ST;#103;CORONA AUTO STOP,COR
,,19C073731,07:07:27 08/14/19,l,Traffic Detail,4,1395 E FOOTHILL PKWY; SANTIAGO HIGH SCHOOL,COR
,,19C073732,07:10:54 08/14/19,l,911 Hangup,2,815 W SIXTH ST,COR
,,19C073735,07:18:44 08/14/19,l,911 Hangup,2,1504 TABER ST,COR
,,19C073740,07:38:57 08/14/19,l,Traffic Stop,4,E SECOND ST & E GRAND BLVD,COR
,,19C073741,07:40:15 08/14/19,l,911 Hangup,2,2320 WHITE OAK LN,COR
,,19C073742,07:42:36 08/14/19,l,911 Hangup,2,801 MAGNOLIA AVE,COR
,,19C073744,07:46:46 08/14/19,l,Property Check,4,710 E SIXTH ST; SILVER DOLLAR PANCAKE HSE INC,COR
,,19C073745,07:49:30 08/14/19,l,Citizen Contact,3,4740 GREEN RIVER RD # 316; STATEWIDE FUNDING; LL CONT,COR
,,19C073747,07:58:05 08/14/19,l,Traffic Detail,4,1750 SPYGLASS DR; WILSON ELEMENTARY SCHOOL,COR
,,19C073748,08:01:55 08/14/19,l,Hit Run No Inj,2,1395 E FOOTHILL PKWY; SANTIAGO HIGH SCHOOL,COR
,,19C073749,08:01:56 08/14/19,l,Found Property,4,1560 W SIXTH ST; FRONT COUNTER,COR
,,19C073750,08:04:57 08/14/19,l,911 Hangup,2,825 MAGNOLIA AVE,COR
,,19C073751,08:06:25 08/14/19,l,911 Hangup,2,2800 PALISADES DR,COR
,,19C073756,08:17:51 08/14/19,l,Resid Burg Past,4,1549 BORDER AVE # C ; FRONT COUNTER,COR
,,19C073757,08:31:26 08/14/19,l,911 Hangup,2,2035 RIVER RD,NOR
,,19C073758,08:32:38 08/14/19,l,Veh Burg Past,4,418 N MAIN ST,COR
,,19C073759,08:34:54 08/14/19,l,Test,4,730 PUBLIC SAFETY WAY; CORONA POLICE,COR
,,19C073760,08:36:46 08/14/19,l,Patrol Info,4,730 PUBLIC SAFETY WAY; CORONA POLICE,COR
,,19C073762,08:38:39 08/14/19,l,Patrol Info,4,730 PUBLIC SAFETY WAY; CORONA POLICE,COR
,,19C073765,08:41:58 08/14/19,f,ZZFall,1,2489 CALIFORNIA AVE # 172; ESTANCIA DEL SOL,COR
,,19C073766,08:46:13 08/14/19,l,Patrol Info,4,730 PUBLIC SAFETY WAY; CORONA POLICE,COR
,,19C073769,08:58:30 08/14/19,l,911 Hangup,2,505 S BUENA VISTA AVE,COR
,,19C073771,08:58:55 08/14/19,l,Susp Vehicle,3,1165 E GRAND BLVD,COR
,,19C073772,09:06:49 08/14/19,f,ZZSick,1,341 MAGNOLIA AVE # 101,COR
,,19C073773,09:07:55 08/14/19,l,Vandalism Past,4,1620 S NORMANDY TERRACE,COR
,,19C073774,09:09:13 08/14/19,l,Additional Info,4,2785 CABOT DR;ALL STAR DRAFTS;LL CONT,COR
,,19C073775,09:09:17 08/14/19,l,Vehicle Check,4,2029 CECILIA CIR,COR
,,19C073777,09:10:53 08/14/19,f,ZZ Fire Test,2,1000 W RINCON ST,COR
,,19C073778,09:11:49 08/14/19,l,911 Hangup,2,BEDFORD CANYON RD & E FOOTHILL PKWY,COR
,,19C073779,09:17:40 08/14/19,l,Patrol Info,4,2598 STEVEN DR,COR
,,19C073781,09:24:50 08/14/19,l,Test,4,CROSSROADS ST & EL CERRITO RD,COR
,,19C073782,09:26:56 08/14/19,l,Property Check,4,1155 E ONTARIO AVE; RIMPAU PARK,COR
,,19C073783,09:35:00 08/14/19,l,911 Hangup,2,1395 E FOOTHILL PKWY,COR
,,19C073784,09:35:18 08/14/19,l,Trespass,3,402 CORONA MALL; HUNNYS RESTAURANTS INC AT CORONA MALL,COR
,,19C073785,09:39:13 08/14/19,l,911 Hangup,2,598 SANTANA WAY,COR
,,19C073789,09:46:05 08/14/19,l,Susp Person,3,850 E PARKRIDGE AVE;#105,COR
,,19C073790,09:53:15 08/14/19,l,Test,4,730 PUBLIC SAFETY WAY,COR
,,19C073791,09:55:32 08/14/19,l,911 Hangup,2,730 VIA DE LUNA,COR
,,19C073792,09:56:10 08/14/19,l,911 Hangup,2,730 VIA DE LUNA,COR
,,19C073793,09:56:57 08/14/19,l,911 Hangup,2,1540 W SIXTH ST,COR
,,19C073794,09:58:55 08/14/19,l,Follow Up,4,730 PUBLIC SAFETY WAY,COR
,,19C073795,10:01:33 08/14/19,l,Comm Policing,4,785 VILLAGE LOOP DR; CORONA RANCH ELEMENTARY,COR
,,19C073796,10:03:37 08/14/19,l,911 Hangup,2,1160 MILLSTREAM LN,COR
,,19C073797,10:04:08 08/14/19,l,Abandoned Veh,4,1541 JADESTONE LN,COR
,,19C073798,10:09:39 08/14/19,l,Follow Up,4,730 PUBLIC SAFETY WAY,COR
,,19C073802,10:23:47 08/14/19,l,Comm Policing,4,2050 AZTEC LN;MCKINLEY ELEM,COR
,,19C073803,10:26:18 08/14/19,f,ZZ Fire Test,2,90 W GRAND BLVD;BOOT CAMP,COR
,,19C073804,10:30:51 08/14/19,l,Hazard,3,N SHERIDAN ST & RAILROAD ST,COR
,,19C073806,10:37:16 08/14/19,l,Petty Theft,3,490 N MCKINLEY ST; HOME DEPOT,COR
,,19C073807,10:37:47 08/14/19,l,Disturb Peace,3,1402 E ONTARIO AVE; ARCO AMPM AT IN AND OUT CENTER,COR
,,19C073809,10:43:14 08/14/19,l,Alarm Call,2,4300 GREEN RIVER RD # 109A;GREEN RIVER PROMENADE,COR
,,19C073810,10:47:03 08/14/19,l,Vandalism Past,4,225 AIRPORT CIR; LL C4,COR
,,19C073813,10:51:29 08/14/19,l,Assault Wpn P,2,1456 SERFAS CLUB DR; SIERRA DEL ORO APARTMENTS; LL COR CONT,
,,19C073816,10:55:48 08/14/19,l,Follow Up,4,2199 SAMPSON AVE; CARLS JR,COR
,,19C073817,10:58:55 08/14/19,l,911 Hangup,2,881 CORSICA DR,COR
,,19C073818,10:59:58 08/14/19,l,Found Property,4,1395 E FOOTHILL PKWY; SANTIAGO HIGH SCHOOL,COR
,,19C073821,11:03:46 08/14/19,l,Auto Theft Past,3,1640 VIA PACIFICA # F205,COR
,,19C073822,11:05:22 08/14/19,l,Comm Policing,4,1355 E ONTARIO AVE,COR
,,19C073823,11:08:19 08/14/19,l,Follow Up,4,100 W ONTARIO AVE,COR
,,19C073825,11:09:33 08/14/19,l,Disturb Peace,3,1222 MAGNOLIA AVE; DONUT STAR AT CORONA MARKETPLACE,COR
,,19C073826,11:12:57 08/14/19,l,Disturb Peace,3,2661 GREEN RIVER RD; RALPHS,COR
,,19C073827,11:13:11 08/14/19,l,H&S Violation,3,1525 E ONTARIO AVE # 101; AZTECA LANDSCAPE,COR
,,19C073828,11:15:31 08/14/19,l,Grand Theft P,4,1150 W TENTH ST; CORONA HIGH SCHOOL,COR
,,19C073829,11:18:01 08/14/19,l,Welfare Check,2,1965 ADOBE AVE,COR
,,19C073831,11:19:20 08/14/19,l,DV-Assault,1,1248 W SIXTH ST; #120; WELCOME INN,COR
,,19C073832,11:22:56 08/14/19,f,ZZTrauma,1,947 ESTHER DR,COR
,,19C073835,11:30:26 08/14/19,l,Disturb Peace P,4,2805 MOUNT NIGUEL CIR; LL CONT,COR
,,19C073836,11:30:54 08/14/19,l,Comm Policing,4,730 PUBLIC SAFETY WAY,COR
,,19C073842,11:45:27 08/14/19,l,Surveillance,4,2650 TUSCANY ST; EDWARDS,COR
,,19C073845,11:53:01 08/14/19,l,Accident,2,135 N MCKINLEY ST,COR
,,19C073849,12:08:59 08/14/19,i,ZZCommrcal Alrm,1,80 W GRAND BLVD # 125; SPICE IT UP; GRAND FAGA,COR
,,19C073850,12:12:05 08/14/19,l,911 Hangup,2,1944 RIVER RD,COR
,,19C073851,12:15:14 08/14/19,l,Disturb Peace,3,1140 VIA LA BRISA LN; LL CONT,COR
,,19C073854,12:17:02 08/14/19,l,Disturb Peace P,4,1121 OLYMPIC DR; URBAN SURFACES; LL CONT,COR
,,19C073855,12:19:38 08/14/19,l,911 Hangup,2,1134 COUNTRY CLUB LN,COR
,,19C073857,12:24:34 08/14/19,l,Follow Up,4,1501 PLEASANT VIEW AVE # D2,COR
,,19C073858,12:26:20 08/14/19,l,911 Hangup,2,1000 W RINCON ST,COR
,,19C073859,12:26:21 08/14/19,l,Susp Person,3,GREEN RIVER RD & PASEO GRANDE,COR
,,19C073860,12:27:11 08/14/19,l,Susp Person,3,GREEN RIVER RD & SIERRA BELLA DR,COR
,,19C073862,12:38:17 08/14/19,l,911 Hangup,2,2221 WAGON TRAIN ST,COR
,,19C073866,12:41:57 08/14/19,l,Accident,2,VIA SANTIAGO & AVENIDA DEL VISTA,COR
,,19C073869,12:51:14 08/14/19,l,Embezzlemnt P,4,353 MEYER CIR,COR
,,19C073870,12:52:16 08/14/19,l,Traffic Stop,4,GREEN RIVER RD & SERFAS CLUB DR,COR
,,19C073871,12:53:29 08/14/19,l,Traffic Stop,4,15 SB MAGNOLIA ONTARIO,COR
,,19C073873,13:05:09 08/14/19,l,Property Check,4,2500 CAJALCO RD; CROSSINGS SHOPPING CENTER,COR
,,19C073874,13:06:07 08/14/19,l,Accident,2,N MCKINLEY ST & SHOPPING CENTER,COR
,,19C073876,13:08:36 08/14/19,l,Test,4,3777 BEDFORD CANYON RD; CFD 7,COR
,,19C073877,13:13:31 08/14/19,l,Disturb Peace,3,730 PUBLIC SAFETY WAY,COR
,,19C073880,13:19:08 08/14/19,l,Fraud Past,4,1113 S MAIN ST # B; KILZI DENTAL; PD LOBBY,COR
,,19C073881,13:22:38 08/14/19,l,Stranded Veh,3,N MAIN ST & E GRAND BLVD,COR
,,19C073883,13:29:53 08/14/19,l,911 Hangup,2,1133 REDWOOD ST,COR
,,19C073886,13:32:09 08/14/19,l,Susp Person,2,4075 LESTER AVE,COR
,,19C073887,13:33:03 08/14/19,l,Ill Parked Veh,4,777 S TEMESCAL ST,COR
,,19C073888,13:34:51 08/14/19,l,Stranded Veh,3,N MAIN ST & E GRAND BLVD,COR
,,19C073890,13:36:04 08/14/19,l,Disturb Peace,3,CIRCLE CITY DR & E GRAND BLVD,COR
,,19C073893,13:45:32 08/14/19,l,Property Check,4,598 SANTANA WAY; SANTANA PARK,COR
,,19C073894,13:53:24 08/14/19,f,ZZSick,1,2055 KELLOGG AVE ;#228; KAISER MEDICAL,COR
,,19C073897,13:57:45 08/14/19,l,Battery Past,3,1456 SERFAS CLUB DR; SIERRA DEL ORO APARTMENTS ;FRNT CNTR,COR
,,19C073898,14:01:02 08/14/19,l,Susp Person,3,1267 W SIXTH ST;#A;JAY'S MARKET,COR
,,19C073899,14:02:06 08/14/19,l,911 Hangup,2,881 CORSICA DR,COR
,,19C073900,14:02:52 08/14/19,l,911 Hangup,2,770 MAGNOLIA AVE # 2F; STANDFORD PSYCHIATRY,COR
,,19C073901,14:09:24 08/14/19,l,911 Hangup,2,1406 W SIXTH ST,COR
,,19C073903,14:11:41 08/14/19,l,911 Hangup,2,3361 PENELOPE LN,COR
,,19C073904,14:12:09 08/14/19,f,ZZChest Pains,1,3063 ARMSTRONGS DR,COR
,,19C073905,14:16:23 08/14/19,l,Loitering,3,155 W EIGHTH ST,COR
,,19C073906,14:19:53 08/14/19,l,Susp Vehicle,3,3200 NELSON ST,COR
,,19C073907,14:20:55 08/14/19,l,Property Check,4,3300 block palisades,
,,19C073908,14:24:25 08/14/19,l,Traffic Stop,4,GARRETSON AVE & E OLIVE ST,COR
,,19C073909,14:26:54 08/14/19,l,911 Hangup,2,448 YOSEMITE CIR,COR
,,19C073911,14:31:16 08/14/19,l,Traffic Stop,4,N MAIN ST & 91 WEST BOUND OFF RAMP,COR
,,19C073910,14:31:16 08/14/19,l,Public Service,3,1229 KELLEY AVE,COR
,,19C073915,14:44:17 08/14/19,l,Accident,2,331 MOUNT VERNON WAY,COR
,,19C073916,14:52:54 08/14/19,l,Susp Person,3,GREEN RIVER RD & MONTANA RANCH RD,COR
,,19C073917,14:55:26 08/14/19,f,ZZChest Pains,1,22099 KNABE RD,TEM
,,19C073919,15:10:58 08/14/19,l,911 Hangup,2,1620 FAIRVIEW DR,COR
,,19C073920,15:11:18 08/14/19,l,H&S Violation,3,615 RICHEY ST ;PROMENADE PARK,COR
,,19C073924,15:17:38 08/14/19,l,Alarm Call,2,1137 ROSE CIR,COR
,,19C073925,15:17:45 08/14/19,l,911 Hangup,2,1003 S LINCOLN AVE,COR
,,19C073926,15:18:48 08/14/19,l,Accident,2,15 SB NOF RR CYN,
,,19C073928,15:24:02 08/14/19,l,Susp Person,3,1057 CIRCLE CITY DR,COR
,,19C073929,15:24:03 08/14/19,l,Z-Animal Svcs,4,714 W GRAND BLVD; IN THE ALLEY,COR
,,19C073930,15:25:34 08/14/19,lf,Man Down,1,611 E GRAND BLVD,COR
,,19C073931,15:28:15 08/14/19,l,Accident,2,CALIFORNIA AVE & E ONTARIO AVE,COR
,,19C073933,15:31:05 08/14/19,l,Man With A Gun,1,S MAIN ST & E OLIVE ST,COR
,,19C073935,15:35:08 08/14/19,l,911 Hangup,2,130 W CHASE DR,COR
,,19C073936,15:35:44 08/14/19,l,911 Hangup,2,3100 S MAIN ST,COR
,,19C073937,15:37:11 08/14/19,l,Alarm Call,2,1146 SANDRA CIR;KATIE NEER RES,COR
,,19C073939,15:44:14 08/14/19,l,DV-Assault Past,3,S LINCOLN AVE & W SIXTH ST,COR
,,19C073942,15:56:49 08/14/19,l,Disturb Peace,3,1267 W SIXTH ST; #A,COR
,,19C073943,16:00:00 08/14/19,l,Disturb Peace P,4,127 N MCKINLEY ST # 101; MCKINLEY MEDICAL CLINIC,COR
,,19C073945,16:11:00 08/14/19,l,Cross Report,2,1331 PERA ST,COR
,,19C073946,16:12:25 08/14/19,l,Fraud Past,4,936 BRANDYWINE LN; FRONT COUNTER,COR
,,19C073947,16:12:38 08/14/19,f,ZZBleeding,1,1080 ELMHURST ST; FIRE STAGE,COR
,,19C073948,16:14:23 08/14/19,l,Disturb Peace,3,1350 VALENCIA RD; ORANGE ELEMENTARY,COR
,,19C073949,16:15:25 08/14/19,f,ZZFall,1,1039 BIRMINGHAM DR,COR
,,19C073950,16:21:53 08/14/19,l,911 Hangup,2,315 MAGNOLIA AVE,COR
,,19C073952,16:26:00 08/14/19,l,Susp Vehicle,3,BASSWOOD ST & BUCKEYE CIR,COR
,,19C073953,16:26:43 08/14/19,l,Alarm Call,2,684 TERRA DR; POUNDS RES,COR
,,19C073955,16:36:05 08/14/19,l,911 Hangup,2,3591 GWINNETT DR,RIV
,,19C073956,16:45:59 08/14/19,l,Child Neglect,2,1560 W SIXTH ST,COR
,,19C073957,16:55:40 08/14/19,l,Keep The Peace,3,996 W FIFTH ST ;#B; NO NAME APT COMPLEX,COR
,,19C073959,17:06:04 08/14/19,l,Stranded Veh,3,N LINCOLN AVE & 91 WB ON RAMP,COR
,,19C073960,17:08:08 08/14/19,l,Reckless Driver,3,PROMENADE AVE & N MCKINLEY ST,COR
,,19C073963,17:16:50 08/14/19,l,Susp Person,3,109 N MAPLE ST;#E,COR
,,19C073964,17:22:55 08/14/19,l,Petty Theft,3,2541 TUSCANY ST # 103; ULTA BEAUTY,COR
,,19C073965,17:32:01 08/14/19,l,Patrol Info,4,CORYDON AVE & DEL MAR RD,NOR
,,19C073967,17:37:42 08/14/19,l,Veh Burg Past,4,2615 TUSCANY ST ;TARGET,COR
,,19C073969,17:48:46 08/14/19,l,Disturb Peace,3,2765 LAKESHORE DR;CITRUS GRILL,COR
,,19C073970,17:54:17 08/14/19,l,Domestic Distur,2,815 W SIXTH ST,COR
,,19C073973,18:04:33 08/14/19,l,Disturb Peace,3,615 RICHEY ST,COR
,,19C073974,18:10:38 08/14/19,l,911 Hangup,2,881 CORSICA DR,COR
,,19C073977,18:15:26 08/14/19,l,Petty Theft P,4,910 W ONTARIO AVE,COR
,,19C073979,18:17:14 08/14/19,l,Fraud Past,4,1550 RIMPAU AVE # 9,COR
,,19C073980,18:17:39 08/14/19,l,Trespass Past,4,825 MAGNOLIA AVE,COR
,,19C073983,18:27:38 08/14/19,l,Susp Vehicle,3,MONTANA RANCH RD & CALLE DEL ORO,COR
,,19C073984,18:28:33 08/14/19,l,Alarm Call,2,2375 RAILROAD ST;SUMITOMO DRIVE TECHNOLOGIES,COR
,,19C073985,18:32:18 08/14/19,l,Brandish Wpn P,3,RIVER RD & CORYDON AVE ;LL CONT,COR
,,19C073986,18:34:03 08/14/19,l,Ill Parked Veh,4,1461 BURRERO WAY,COR
,,19C073987,18:34:37 08/14/19,l,911 Hangup,2,1504 TABER ST,COR
,,19C073988,18:43:36 08/14/19,l,Rape Past,2,S LINCOLN AVE & W FOOTHILL PKWY ;LL CONT PRIOR,COR
,,19C073990,18:51:53 08/14/19,lf,Overdose,1,418 N MAIN ST ;#332,COR
,,19C073991,18:55:28 08/14/19,f,ZZCarbon Alarm,2,4428 PUTTING GREEN DR,COR
,,19C073992,19:01:48 08/14/19,l,Runaway Return,3,750 VIA DE LUNA # 1,COR
,,19C073994,19:09:11 08/14/19,l,Susp Person,3,1290 E ONTARIO AVE; WALMART,COR
,,19C073997,19:15:48 08/14/19,l,Welfare Check,2,MAGNOLIA AVE & N MCKINLEY ST,COR
,,19C073998,19:17:39 08/14/19,lf,Overdose,1,1604 FAIRVIEW DR; FAIRVIEW PARK,COR
,,19C073999,19:19:14 08/14/19,f,ZZSeizure,1,130 W CHASE DR; CALVARY CHAPEL,COR
,,19C074000,19:19:42 08/14/19,l,Alarm Call,2,1500 SAN PONTE RD;SORAYA TALEBDOOST RES,COR
,,19C074001,19:23:09 08/14/19,l,Alarm Call,2,495 E RINCON ST # 215,COR
,,19C074002,19:26:02 08/14/19,l,911 Hangup,2,1000 W RINCON ST,COR
,,19C074003,19:32:43 08/14/19,l,Follow Up,4,730 PUBLIC SAFETY WAY,COR
,,19C074004,19:35:04 08/14/19,lf,Accident Inj,1,725 E GRAND BLVD; 7 11 STORE EAST,COR
,,19C074005,19:36:21 08/14/19,f,ZZCommrcal Alrm,1,2380 FULLERTON,COR
,,19C074006,19:39:42 08/14/19,l,Z-Animal Svcs,4,1330 MAGNOLIA AVE ;ANIMAL CONTROL,COR
,,19C074007,19:42:34 08/14/19,l,911 Hangup,2,1064 THOROUGHBRED PL,NOR
,,19C074008,19:51:16 08/14/19,l,Standby,4,400 S VICENTIA AVE; CITY HALL,COR
,,19C074009,19:58:39 08/14/19,l,Petty Theft,3,1355 E ONTARIO AVE,COR
,,19C074010,20:17:05 08/14/19,l,Follow Up,4,175 E ONTARIO AVE # 101; MR YOU EXPRESS,COR
,,19C074011,20:19:35 08/14/19,l,Auto Theft Rec,4,515 S PROMENADE AVE,COR
,,19C074012,20:20:03 08/14/19,l,Patrol Info,4,522 N MAIN ST; FIRESTONE COMPLETE AUTO CARE,COR
,,19C074013,20:22:09 08/14/19,l,Property Check,4,480 N MAIN ST; STARBUCKS,COR
,,19C074014,20:28:17 08/14/19,l,Ped Check,4,1501 W SIXTH ST; JACK IN THE BOX,COR
,,19C074015,20:28:34 08/14/19,l,Dist/Verbal,2,250 E BLAINE ST; METRO LINK ;602 & REF TO LEAVE,COR
,,19C074016,20:28:56 08/14/19,l,911 Hangup,2,1100 W RIVER RD,COR
,,19C074017,20:32:05 08/14/19,l,Alarm Call,2,412 JENKS CIR ;FOUR SEASONS RESTAURANT EQUIPMENT,COR
,,19C074019,20:33:28 08/14/19,l,911 Hangup,2,3741 BYRON ST,HGS
,,19C074020,20:43:01 08/14/19,f,ZZPublicSrvceF,2,1009 RIMPAU AVE # 201,COR
,,19C074021,20:47:46 08/14/19,l,Alarm Call,2,2610 STATE ST,COR
,,19C074022,20:52:21 08/14/19,l,Surveillance,4,210 S LINCOLN AVE,COR
,,19C074023,21:12:40 08/14/19,l,Alarm Call,2,750 S LINCOLN AVE # 101,COR
,,19C074024,21:25:22 08/14/19,l,911 Hangup,2,1018 SERENE DR,COR
,,19C074025,21:27:57 08/14/19,l,Alarm Call,2,2235 TREEHOUSE LN;MARQUESSA APTS,COR
,,19C074026,21:28:01 08/14/19,l,Patrol Info,4,E ONTARIO AVE & CALIFORNIA AVE,COR
,,19C074027,21:33:45 08/14/19,l,Follow Up,4,1248 W SIXTH ST,COR
,,19C074028,22:03:08 08/14/19,lf,Accident Unknwn,1,1212 E SIXTH ST; CORONA CLUB,COR
,,19C074029,22:04:19 08/14/19,l,Property Check,4,720 N MAIN ST; BURLINGTON COAT,COR
,,19C074030,22:06:56 08/14/19,l,Welfare Check,2,N LINCOLN AVE & RIVER RD,COR
,,19C074032,22:10:22 08/14/19,l,Found Property,4,3980 HOWE ST,COR
,,19C074033,22:10:44 08/14/19,l,Disturb Peace,3,623 FORD ST,COR
,,19C074034,22:24:31 08/14/19,l,Comm Burg I/P,2,1932 ELISE CIR,COR
,,19C074036,22:40:24 08/14/19,l,Walk Away,3,800 S MAIN ST; CORONA REGIONAL MEDICAL CENTER,COR
,,19C074037,22:42:24 08/14/19,l,Under Influence,2,MAGNOLIA AVE & E SIXTH ST,COR
,,19C074039,23:00:04 08/14/19,f,ZZBreathing,1,1793 TAYLOR AVE,COR
,,19C074041,23:11:11 08/14/19,l,Under Influence,2,800 S MAIN ST,COR
,,19C074042,23:13:19 08/14/19,l,DV-Assault,2,2670 TUSCANY ST ;#101; BUFFALO WILD WINGS; AREA,COR
,,19C074043,23:17:06 08/14/19,l,Suspicious Circ,3,920 E ONTARIO AVE;SMART & FINAL,COR
,,19C074045,23:21:44 08/14/19,l,Follow Up,4,130 W FOOTHILL PKWY,COR
,,19C074048,23:25:45 08/14/19,l,Under Influence,2,2199 SAMPSON AVE,COR
,,19C074050,23:37:24 08/14/19,l,Dist/Verbal,2,1758 PAR FOUR DR,COR
,,19C074052,23:39:45 08/14/19,l,Susp Vehicle,3,1125 W CITRON ST,COR
,,19C074053,23:40:48 08/14/19,l,Susp Person,3,581 HAMILTON DR,COR
,,19C074054,23:50:36 08/14/19,l,911 Hangup,2,209 E BLAINE ST,COR
,,19C074055,23:53:22 08/14/19,l,Traffic Stop,4,WRIGHTWOOD RD & HERMOSA DR,COR
,,19C074056,00:09:56 08/15/19,l,DV-Assault,1,1614 PAMELA ST,COR
,,19C074058,00:49:32 08/15/19,l,Susp Vehicle,3,4300 GREEN RIVER RD ; POSS UNREPORTED,COR
,,19C074060,01:11:50 08/15/19,l,Property Check,4,785 N MAIN ST; ARCO AM PM,COR
,,19C074061,01:31:42 08/15/19,l,Disturb Peace,3,130 W FOOTHILL PKWY; CHEVRON GAS,COR
,,19C074062,01:39:15 08/15/19,l,Silent Comm 211,1,353 MEYER CIR;COREMARK,COR
,,19C074064,01:43:58 08/15/19,l,Alarm Call,2,2611 GROVE AVE;ATARIAN VICKEN RES,COR
,,19C074065,01:49:37 08/15/19,l,911 Hangup,2,140 HIDDEN VALLEY PKWY ;#G,NOR
,,19C074067,02:03:46 08/15/19,l,Alarm Call,2,2197 SAMPSON AVE,COR
,,19C074068,02:04:50 08/15/19,l,Property Check,4,353 MEYER CIR; CORE MARK DISTRIBUTORS,COR
,,19C074069,02:22:24 08/15/19,l,Property Check,4,1910 FRONTAGE RD; AYRES SUITES,COR
,,19C074070,02:34:38 08/15/19,l,Follow Up,4,730 PUBLIC SAFETY WAY; CORONA POLICE,COR
,,19C074071,02:35:06 08/15/19,l,911 Hangup,2,881 CORSICA DR,COR
,,19C074072,02:39:32 08/15/19,f,ZZFwy Man Down,1,91 EB MAIN MCKINLEY,COR
,,19C074073,02:50:55 08/15/19,l,Vehicle Check,4,1560 W SIXTH ST; WALMART,COR
,,19C074074,02:52:52 08/15/19,l,Property Check,4,130 W FOOTHILL PKWY; CHEVRON GAS,COR
,,19C074075,03:21:16 08/15/19,l,911 Hangup,2,1150 W TENTH ST,COR
,,19C074076,03:26:12 08/15/19,l,Traffic Stop,4,EB 91ON RAMP FROM 2ND,
,,19C074077,03:40:46 08/15/19,l,Susp Person,3,420 RICHEY ST,COR
,,19C074078,03:48:37 08/15/19,l,Welfare Check,2,714 CANARY LN,COR
,,19C074079,04:15:25 08/15/19,f,ZZSick,1,1263 CONESTOGA CIR,COR
,,19C074080,04:28:33 08/15/19,lf,ZZTrauma,1,1220 MAGNOLIA AVE,COR
,,19C074083,04:51:11 08/15/19,l,Alarm Call,2,1290 CARBIDE DR,COR
,,19C074084,05:01:03 08/15/19,l,Traffic Stop,4,W SIXTH ST & S VICENTIA AVE,COR
,,19C074085,05:07:01 08/15/19,l,Comm Burg Past,4,245 JASON CT,COR
,,19C074086,05:08:27 08/15/19,l,Auto Theft Past,3,369 MAGNOLIA AVE,COR
,,19C074087,06:08:00 08/15/19,lf,Man Down,1,1698 W SIXTH ST # A; 7 11 STORE WEST; 7/11,COR
,,19C074089,06:11:10 08/15/19,l,Traffic Stop,4,CAJALCO RD & TEMESCAL CANYON RD,COR
,,19C074088,06:15:08 08/15/19,l,911 Hangup,2,770 MC GRATH DR,
,,19C074090,06:20:40 08/15/19,l,Traffic Detail,4,3700 TEMESCAL CANYON RD,COR
,,19C074091,06:23:54 08/15/19,f,ZZSick,1,913 W NINTH ST,COR
,,19C074092,06:26:03 08/15/19,f,ZZSick,1,401 ATWOOD DR,COR
,,19C074093,06:28:04 08/15/19,l,Keep The Peace,3,325 S MAIN ST # A; BAKERS DOZEN,COR
,,19C074094,06:32:41 08/15/19,l,Special Detail,4,730 PUBLIC SAFETY WAY;JAIL,COR
,,19C074095,06:33:18 08/15/19,l,Traffic Stop,4,RIMPAU AVE & MAGNOLIA AVE,COR
,,19C074096,06:41:35 08/15/19,l,Traffic Detail,4,1395 E FOOTHILL PKWY; SANTIAGO HIGH SCHOOL,COR
,,19C074098,06:48:04 08/15/19,l,Keep The Peace,3,2636 CONDOR CIR,COR
,,19C074099,06:55:43 08/15/19,lf,Unknown Fire,1,FULLERTON AVE & E GRAND BLVD,COR
,,19C074100,06:55:54 08/15/19,l,Property Check,4,1900 AVIATION DR; CORONA AIRPORT,COR
,,19C074102,06:59:50 08/15/19,l,Special Detail,4,1220 MAGNOLIA AVE,COR
,,19C074103,06:59:56 08/15/19,l,Alarm Call,2,120 N JOY ST;KAPSCH,COR
,,19C074104,07:01:08 08/15/19,l,Traffic Detail,4,1150 W TENTH ST; CORONA HIGH SCHOOL,COR
,,19C074105,07:05:36 08/15/19,l,Traffic Stop,4,790 S SMITH AVE,COR
,,19C074106,07:06:37 08/15/19,l,Z-Animal Svcs,4,750 CORONA AVE,COR
,,19C074107,07:08:17 08/15/19,l,Trespass,3,1100 RIVER RD;HOMELESS,COR
,,19C074108,07:14:34 08/15/19,l,Traffic Stop,4,W TENTH ST & BORDER AVE,COR
,,19C074109,07:19:34 08/15/19,l,Welfare Check,2,2159 PINE CREST DR,CRA
,,19C074110,07:25:13 08/15/19,l,Property Check,4,598 SANTANA WAY; SANTANA PARK,COR
,,19C074111,07:25:44 08/15/19,lf,Man Down,1,1865 W SIXTH ST; CARLS JR,COR
,,19C074113,07:28:00 08/15/19,l,Susp Person,3,1075 AUBURNDALE ST,COR
,,19C074114,07:37:02 08/15/19,l,Drunk In Public,2,MAGNOLIA AVE & RIMPAU AVE,COR
,,19C074115,07:41:10 08/15/19,l,Flag Down,4,1180 E ONTARIO AVE; JACK IN THE BOX,COR
,,19C074119,07:53:26 08/15/19,l,Alarm Call,2,1353 OLD TEMESCAL RD ; NGUYEN RESD,COR
,,19C074121,07:54:24 08/15/19,l,Petty Theft P,4,1355 E ONTARIO AVE,COR
,,19C074122,07:55:42 08/15/19,l,Susp Vehicle,3,1223 S VICTORIA AVE,COR
,,19C074123,07:58:40 08/15/19,l,Traffic Detail,4,N MAIN ST & E HARRISON ST,COR
,,19C074124,08:00:41 08/15/19,l,Vehicle Check,4,1290 E ONTARIO AVE; WALMART,COR
,,19C074126,08:01:31 08/15/19,l,911 Hangup,2,265 RADIO RD,COR
,,19C074128,08:15:39 08/15/19,l,Patrol Info,4,15 NB DOS LAGOS CAJALCO,COR
,,19C074129,08:18:56 08/15/19,l,Traffic Detail,4,PARKVIEW DR & FENNEL DR,COR
,,19C074130,08:20:27 08/15/19,l,Disturb Peace,3,780 AVENIDA DEL VISTA # B;,COR
,,19C074133,08:31:40 08/15/19,l,Patrol Info,4,2421 VIA ALICANTE,COR
,,19C074134,08:34:36 08/15/19,l,Abandoned Veh,4,YOSEMITE CIR & SHENANDOAH RD,COR
,,19C074135,08:35:55 08/15/19,l,Patrol Info,4,SERFAS CLUB DR & GREEN RIVER RD,COR
,,19C074136,08:39:22 08/15/19,l,911 Hangup,2,950 W ONTARIO AVE,COR
,,19C074138,08:39:53 08/15/19,l,Comm Policing,4,1255 RIVER RD; AUBURNDALE INTERMEDIATE,COR
,,19C074139,08:43:13 08/15/19,l,Disturb Peace P,4,2615 TUSCANY ST; LL CONT TARGET,COR
,,19C074140,08:44:35 08/15/19,l,Flag Down,4,E ONTARIO AVE & FULLERTON AVE,COR
,,19C074142,08:51:51 08/15/19,l,Auto Theft Rec,4,1214 MAGNOLIA AVE,COR
,,19C074143,08:54:58 08/15/19,l,Comm Policing,4,730 PUBLIC SAFETY WAY,COR
,,19C074146,09:02:44 08/15/19,l,Alarm Call,2,1109 GENTLE DR,COR
,,19C074147,09:04:01 08/15/19,l,Silent Comm 211,1,535 N MCKINLEY ST; WELLS FARGO BANK INSIDE VONS,COR
,,19C074149,09:07:22 08/15/19,l,Property Check,4,200 N LINCOLN AVE; MOTEL 6,COR
,,19C074150,09:08:29 08/15/19,l,Loitering,3,1690 W SIXTH ST; #O; LAW OFFICE OF ALFONSO MORALES ;HOMELESS,COR
,,19C074153,09:12:48 08/15/19,l,911 Hangup,2,1550 RIMPAU AVE,
,,19C074155,09:19:50 08/15/19,l,911 Hangup,2,11435 ALDER CREEK AVE,COR
,,19C074156,09:21:15 08/15/19,l,911 Hangup,2,1717 VIA DEL RIO,COR
,,19C074160,09:39:47 08/15/19,f,ZZAbdominalPa in,1,1215 DON LUIS CIR,COR
,,19C074161,09:41:19 08/15/19,l,Citizen Contact,3,1478 ROSEWOOD PL;LL CONT,COR
,,19C074162,09:45:45 08/15/19,f,ZZSick,1,1560 W SIXTH ST;WALMART,COR
,,19C074163,09:49:44 08/15/19,l,911 Hangup,2,2045 COMPTON AVE,COR
,,19C074169,10:04:15 08/15/19,l,Drunk Driver,2,1903 AVIATION DR # B; FLY CORONA,COR
,,19C074170,10:09:30 08/15/19,f,ZZTrauma,1,1395 E FOOTHILL PKWY; SANTIAGO HIGH SCHOOL,COR
,,19C074172,10:18:03 08/15/19,l,Missing Person,2,623 FORD ST ; FRONT COUNTER,COR
,,19C074174,10:18:24 08/15/19,l,Susp Vehicle,3,602 W SIXTH ST; clinica mi pueblo,COR
,,19C074175,10:19:46 08/15/19,l,911 Hangup,2,267 WINFIELD CIR,COR
,,19C074176,10:23:15 08/15/19,l,Petty Theft P,4,450 N MCKINLEY ST;99 CENT STORE,COR
,,19C074177,10:24:19 08/15/19,l,Comm Policing,4,2650 OAK AVE; FRANKLIN ELEMENTARY SCHOOL,COR
,,19C074178,10:31:40 08/15/19,l,Assist Othr Dpt,3,1395 E FOOTHILL PKWY,COR
,,19C074179,10:37:35 08/15/19,l,Additional Info,4,1028 VIA VIENTO LN;19C065164;LOBBY,COR
,,19C074180,10:40:11 08/15/19,f,ZZSeizure,1,1121 BRADFORD CIR;BASIC OCCUPATIONAL TRAINING,COR
,,19C074182,10:43:38 08/15/19,l,Accident,2,PROMENADE AVE & N MCKINLEY ST,COR
,,19C074185,10:55:46 08/15/19,l,911 Hangup,2,175 N MCKINLEY ST,COR
,,19C074186,10:58:37 08/15/19,l,Citizen Contact,3,2367 HIGINBOTHAM WAY,COR
,,19C074187,11:02:13 08/15/19,l,Special Detail,4,1220 MAGNOLIA AVE,COR
,,19C074189,11:04:19 08/15/19,l,Property Check,4,5215 GREEN RIVER RD,COR
,,19C074191,11:07:01 08/15/19,f,ZZDiabetic,1,976 AVENIDA DEL VISTA # 9,COR
,,19C074195,11:13:23 08/15/19,l,911 Hangup,2,1150 W TENTH ST,COR
,,19C074197,11:15:40 08/15/19,l,Fraud Past,4,280 TELLER ST # 160; OFFICE FURNITURE OUTLET;LL CONT,COR
,,19C074198,11:16:19 08/15/19,l,Alarm Call,2,1810 FULLERTON AVE # 103; AMERICAN SPINE; AND #104,COR
,,19C074199,11:21:49 08/15/19,l,Traffic Stop,4,1610 W SIXTH ST,COR
,,19C074200,11:24:14 08/15/19,f,ZZSick,1,2055 KELLOGG AVE,COR
,,19C074201,11:26:26 08/15/19,l,Special Detail,4,1250 SANTANA WY; SANTANA PARK,COR
,,19C074202,11:31:30 08/15/19,f,ZZChest Pains,1,2115 COMPTON AVE;AVALON HEALTH,COR
,,19C074203,11:38:29 08/15/19,l,Auto Theft Past,3,1121 E BAYWOOD DR # 104,COR
,,19C074204,11:39:26 08/15/19,l,H&S Violation,3,1419 MADAGASCAR DR,COR
,,19C074205,11:41:29 08/15/19,l,Surveillance,4,513 E GRAND BLVD;#4 ;ORG COUNTY PROBATION,COR
,,19C074206,11:44:27 08/15/19,l,Traffic Stop,4,440 BRITTANY DR,COR
,,19C074207,11:50:22 08/15/19,l,911 Hangup,2,FOOTHILL AT SKYLINE,COR
,,19C074208,11:50:31 08/15/19,l,Follow Up,4,1113 S MAIN ST # B; KILZI DENTAL,COR
,,19C074209,11:50:49 08/15/19,l,911 Hangup,2,2683 WARDLOW RD,COR
,,19C074210,11:51:18 08/15/19,l,Susp Vehicle,3,THISTLEWOOD LN & ELDERWOOD DR,COR
,,19C074211,11:53:08 08/15/19,l,Accident,2,2620 PALISADES DR,COR
,,19C074212,11:53:30 08/15/19,l,911 Hangup,2,881 CORSICA DR,COR
,,19C074216,11:57:16 08/15/19,l,911 Hangup,2,1390 E ONTARIO AVE,COR
,,19C074217,12:01:11 08/15/19,l,Traffic Stop,4,BRITTANY DR & GRIFFIN CIR,COR
,,19C074218,12:03:02 08/15/19,f,ZZBreathing,1,252 GRANITE ST;ADVANCE FLOW ENGINEERING,COR
,,19C074219,12:03:56 08/15/19,l,911 Hangup,2,805 S RAMONA AVE,COR
,,19C074224,12:09:43 08/15/19,l,Property Check,4,2331 KELLOGG AVE,COR
,,19C074227,12:17:18 08/15/19,l,Special Detail,4,EL SOBRANTE RD & E SIXTH ST,COR
,,19C074229,12:18:44 08/15/19,f,ZZStroke,1,300 S BUENA VISTA AVE,COR
,,19C074231,12:27:08 08/15/19,f,ZZSick,1,1267 HAMPTON CIR,COR
,,19C074232,12:35:42 08/15/19,l,Property Check,4,479 N MCKINLEY ST,COR
,,19C074236,12:38:09 08/15/19,l,911 Hangup,2,210 S LINCOLN AVE,COR
,,19C074237,12:41:31 08/15/19,l,Patrol Info,4,809 ROCK RIDGE CT,COR
,,19C074238,12:46:00 08/15/19,l,911 Hangup,2,1143 STONE PINE LN # D,COR
,,19C074240,12:53:48 08/15/19,l,911 Hangup,2,209 E BLAINE ST,COR
,,19C074241,12:54:24 08/15/19,l,Accident,2,S LINCOLN AVE & W TENTH ST,COR
,,19C074242,12:55:05 08/15/19,l,Patrol Info,4,135 N MCKINLEY ST,COR
,,19C074244,12:55:41 08/15/19,l,Special Detail,4,1220 MAGNOLIA AVE,COR
YES,'Location' garbled/scrambled text,19C074245,12:55:46 08/15/19,l,Disturb Peace P,4,1227 GOLDENVIEW DR;LL CONT,COR
,,19C074250,13:14:53 08/15/19,l,Disturb Peace,3,1138 OLD HICKORY RD ; PREM D,COR
,,19C074254,13:32:11 08/15/19,l,Public Service,3,1211 W SIXTH ST,COR
,,19C074255,13:32:46 08/15/19,l,Fraud Past,4,139 BUCKTHORN WAY; LL CONT,COR
,,19C074256,13:34:49 08/15/19,l,Susp Person,3,1574 VIA DEL RIO,COR
,,19C074257,13:37:29 08/15/19,l,Susp Person,3,1416 PLEASANT VIEW AVE,COR
,,19C074258,13:38:50 08/15/19,l,Area Check,3,1138 OLD HICKORY RD,COR
,,19C074260,13:41:19 08/15/19,l,Domestic Distur,2,4069 NANCY CIR,COR
,,19C074261,13:43:05 08/15/19,f,ZZSick,1,2057 COMPTON AVE ;#101;DAVITA CORONA DIALYSIS,COR
,,19C074262,13:43:43 08/15/19,l,DV-Assault Past,3,730 PUBLIC SAFETY WAY,COR
,,19C074263,13:47:00 08/15/19,l,Disturb Peace,3,175 N MCKINLEY ST,COR
,,19C074266,14:21:21 08/15/19,l,Disturb Peace,3,2199 SAMPSON AVE; CARLS JR;HOMELESS,COR
,,19C074268,14:22:01 08/15/19,l,911 Hangup,2,2313 S MAIN ST,COR
,,19C074269,14:25:19 08/15/19,l,Citizen Contact,3,785 W THIRD ST # 4 ; FRONT COUNTER,COR
,,19C074271,14:33:53 08/15/19,l,Ill Parked Veh,4,PENROSE DR & N COTA ST,COR
,,19C074273,14:39:47 08/15/19,l,Property Check,4,1506 TABER ST,COR
,,19C074274,14:44:24 08/15/19,l,Traffic Detail,4,1820 RIMPAU AVE; CENTENNIAL HIGH SCHOOL,COR
,,19C074275,14:45:01 08/15/19,l,Dist/Verbal,2,705 N MAIN ST # 110; CHUZE FITNESS; CHUZ FITNESS,COR
,,19C074276,14:45:56 08/15/19,l,Petty Theft P,4,1801 CALIFORNIA AVE;LL CONT LIC PLT,COR
,,19C074277,14:46:06 08/15/19,l,Petty Theft P,4,1321 VIA SANTIAGO # A;LL CONT,COR
,,19C074278,14:49:59 08/15/19,l,Petty Theft,3,1150 W TENTH ST; CORONA HIGH SCHOOL,COR
,,19C074279,14:57:22 08/15/19,l,Ill Parked Veh,4,BRAEMAR LN & HIGHLAND VIEW DR,COR
,,19C074280,14:59:40 08/15/19,f,ZZ Fire Test,2,2105 HIGHPOINTE DR,COR
,,19C074281,15:02:21 08/15/19,l,911 Hangup,2,3335 REDPORT DR,COR
,,19C074283,15:03:34 08/15/19,lf,Accident Inj,1,CIRCLE CITY DR & RIMPAU AVE,COR
,,19C074285,15:12:04 08/15/19,f,ZZ Fire Test,2,2110 HIGHPOINTE DR,COR
,,19C074286,15:12:17 08/15/19,f,ZZSick,1,1673 SHERIDAN CIR,COR
,,19C074287,15:13:48 08/15/19,l,Disturb Peace,3,RIMPAU AVE & MAGNOLIA AVE,COR
,,19C074288,15:15:50 08/15/19,l,Alarm Call,2,156 BUCKTHORN WAY,COR
,,19C074290,15:19:48 08/15/19,l,Patrol Info,4,1960 NICE DR,COR
,,19C074291,15:20:33 08/15/19,l,Property Check,4,350 N MCKINLEY ST # 102; COLD STONE CREAMERY,COR
,,19C074292,15:21:59 08/15/19,f,ZZ Fire Test,2,2130 HIGHPOINTE DR,COR
,,19C074293,15:23:34 08/15/19,l,Petty Theft P,4,1290 E ONTARIO AVE;LL CONT,COR
,,19C074295,15:28:25 08/15/19,l,911 Hangup,2,1624 FAIRVIEW DR,COR
,,19C074297,15:32:06 08/15/19,l,Susp Vehicle,3,415 HAMLIN CIR,COR
,,19C074298,15:39:28 08/15/19,l,Disturb Peace,3,225 W SIXTH ST ;CITIZENS BUSN BANK,COR
,,19C074299,15:44:21 08/15/19,l,Patrol Info,4,1932 ELISE CIR,COR
,,19C074301,15:49:12 08/15/19,l,Petty Theft P,4,1109 NEWFIELD CIR;LL CONT,COR
,,19C074302,15:52:31 08/15/19,l,Traffic Stop,4,RICHEY ST & PROMENADE AVE,COR
,,19C074303,15:55:28 08/15/19,l,Abandoned Veh,4,CURRY CT & GINGER CIR,COR
,,19C074304,15:56:20 08/15/19,l,911 Hangup,2,1400 NICHOLAS PL,COR
,,19C074305,15:58:37 08/15/19,l,Robbery Past,2,930 E SIXTH ST; SKATE PARK CITY PARK;87 CRH,COR
,,19C074307,15:59:18 08/15/19,f,ZZBite Stings,1,915 N MCKINLEY ST,COR
,,19C074308,16:00:22 08/15/19,l,Property Check,4,700 N TEMESCAL ST,COR
,,19C074310,16:07:25 08/15/19,l,Property Check,4,1248 W SIXTH ST; WELCOME INN,COR
,,19C074311,16:12:55 08/15/19,l,Accident,2,S MAIN ST & 91 EB OFF RAMP,COR
,,19C074312,16:15:36 08/15/19,l,Disturb Peace,3,1833 W SIXTH ST; DENNYS 7568,COR
,,19C074315,16:22:45 08/15/19,l,Traffic Detail,4,730 PUBLIC SAFETY WAY; CORONA POLICE,COR
,,19C074316,16:23:18 08/15/19,l,Susp Person,3,HOPE ST & W HARRISON ST,COR
,,19C074317,16:23:34 08/15/19,l,Fraud Past,4,936 BRANDYWINE LN,COR
,,19C074318,16:23:39 08/15/19,lf,Suspicious Circ,1,2980 GARRETSON AVE,COR
,,19C074319,16:26:20 08/15/19,l,Petty Theft P,4,470 HIDDEN VALLEY PKWY,COR
,,19C074320,16:29:03 08/15/19,l,Grand Theft,2,2541 TUSCANY ST # 103; ULTA BEAUTY,COR
,,19C074321,16:32:09 08/15/19,f,ZZStroke,1,825 W NINTH ST,COR
,,19C074322,16:32:13 08/15/19,l,Property Check,4,"6830 Valley Way, Jurupa Valley; motel 6 rm #226",
,,19C074323,16:33:52 08/15/19,l,H/R Coll Past,4,401 N MCKINLEY ST ;WENDY'S,COR
,,19C074325,16:41:16 08/15/19,l,911 Hangup,2,HIDDEN VALLEY PKWY & 15 NB ON RAMP,COR
,,19C074326,16:44:48 08/15/19,lf,Accident,2,KELLOGG AVE & E ONTARIO AVE,COR
,,19C074327,16:45:01 08/15/19,l,Ill Parked Veh,4,123 PEPPER TREE LN,COR
,,19C074329,16:46:02 08/15/19,l,Property Check,4,1614 PAMELA ST,COR
,,19C074330,16:46:36 08/15/19,f,ZZTrauma,1,816 S VICTORIA AVE,COR
,,19C074333,16:50:47 08/15/19,l,Patrol Info,4,S LINCOLN AVE & D ST,COR
,,19C074334,16:51:37 08/15/19,l,Trespass,3,1181 CALIFORNIA AVE ;SMITH & NOBLE; HOMELESS,COR
,,19C074336,16:54:01 08/15/19,l,Disturb Peace,3,304 W SIXTH ST;AMERICAN TIRE DEPOT,COR
,,19C074340,16:59:11 08/15/19,l,Accident,2,GRIFFIN WAY & N MCKINLEY ST,COR
,,19C074341,16:59:31 08/15/19,f,ZZFwy Sick,1,91 WB AUTO CENTER 71,RVC
,,19C074342,17:01:05 08/15/19,l,911 Hangup,2,220 FRIESIAN ST,NOR
,,19C074343,17:05:51 08/15/19,l,Patrol Info,4,307 S SMITH AVE # 22; COUNTRYWOODS MHP; COUNTRYWOOD ESTATE,COR
,,19C074344,17:07:35 08/15/19,l,Petty Theft,3,1290 E ONTARIO AVE,COR
,,19C074345,17:08:14 08/15/19,l,Stranded Veh,3,E SIXTH ST & EL SOBRANTE RD,COR
,,19C074346,17:13:03 08/15/19,l,Alarm Call,2,412 JENKS CIR;FOUR STARS REST. EQUIPMENT,COR
,,19C074347,17:17:33 08/15/19,l,Alarm Call,2,1144 HYACINTH WAY ;CAGUNGUN RESD,COR
YES,'Location' garbled/scrambled text,19C074355,17:35:22 08/15/19,l,Susp Person,3,1941 CALIFORNIA AVE;POST OFFICE;HOMELESS,COR
,,19C074356,17:40:20 08/15/19,l,Alarm Call,2,291 BONNIE LN;#101 AMERIFLEX,COR
,,19C074357,17:44:40 08/15/19,l,Silent Comm 211,1,1300 E ONTARIO AVE;TACO BELL KFC,COR
,,19C074358,17:45:22 08/15/19,l,Patrol Info,4,HIDDEN VALLEY PKWY & 15 SB ON RAMP,COR
,,19C074360,17:50:42 08/15/19,l,Alarm Call,2,1144 HYACINTH WAY,COR
,,19C074362,18:02:10 08/15/19,l,911 Hangup,2,130 W CHASE DR,COR
,,19C074364,18:04:11 08/15/19,l,Panhand/Solicit,3,414 W GRAND BLVD; POST OFFICE,COR
,,19C074366,18:09:40 08/15/19,l,911 Hangup,2,1150 W TENTH ST;PHS1,COR
,,19C074367,18:10:13 08/15/19,lf,Structure Fire,1,715 S MERRILL ST,COR
,,19C074368,18:14:20 08/15/19,l,Alarm Call,2,1390 RAILROAD ST,COR
,,19C074370,18:18:41 08/15/19,l,H&S Violation,3,1191 MAGNOLIA AVE # B,COR
,,19C074371,18:23:35 08/15/19,l,Alarm Call,2,2444 S BUENA VISTA AVE,COR
,,19C074372,18:23:43 08/15/19,f,ZZSick,1,11552 CHADWICK RD,COR
,,19C074374,18:31:27 08/15/19,l,911 Hangup,2,881 CORSICA DR;PHS1,COR
,,19C074375,18:32:02 08/15/19,f,ZZBreathing,1,947 ESTHER DR,COR
,,19C074376,18:40:02 08/15/19,f,ZZFwy UnkInjury,1,91 EB MAIN MCKINLEY,COR
,,19C074379,18:49:18 08/15/19,f,ZZSick,1,2300 S MAIN ST # 260; VALENCIA TERRACE,COR
,,19C074380,18:51:20 08/15/19,l,911 Hangup,2,598 SANTANA WAY,COR
,,19C074381,18:52:28 08/15/19,l,911 Hangup,2,615 STONEYBROOK DR # 350,COR
,,19C074382,18:57:38 08/15/19,l,Patrol Info,4,3777 BEDFORD CANYON RD ;CFD STN #7,COR
,,19C074383,19:00:12 08/15/19,l,Patrol Info,4,1530 BORDER AVE # H,COR
YES,'Location' garbled/scrambled text,19C074384,19:07:30 08/15/19,lf,Arson,1,150 W BLAINE ST;GANAHL LUMBER;STAGE,COR
,,19C074386,19:09:10 08/15/19,l,Ped Check,4,CORYDON ST & W RINCON ST,COR
,,19C074387,19:11:19 08/15/19,l,Follow Up,4,935 N MCKINLEY ST; VINEYARD CHURCH,COR
,,19C074389,19:13:21 08/15/19,l,Property Check,4,480 N MAIN ST; STARBUCKS,COR
,,19C074390,19:16:58 08/15/19,l,Stranded Veh,3,MAGNOLIA AVE & EL CAMINO AVE,COR
,,19C074392,19:20:55 08/15/19,l,911 Hangup,2,1201 MAGNOLIA AVE;PHS2,COR
,,19C074393,19:21:37 08/15/19,l,Accident,2,MAGNOLIA AVE & 15 SB ON RAMP,COR
,,19C074395,19:21:53 08/15/19,lf,Accident Inj,1,MAGNOLIA AVE & RIMPAU AVE,COR
,,19C074398,19:25:23 08/15/19,l,Property Check,4,480 N MAIN ST; STARBUCKS;,COR
,,19C074399,19:27:53 08/15/19,l,Susp Vehicle,3,2965 MANGULAR AVE,COR
,,19C074400,19:30:43 08/15/19,f,ZZSeizure,1,2781 S LINCOLN AVE;GRACE BAPTIST CHURCH,COR
,,19C074401,19:31:11 08/15/19,l,Property Check,4,785 N MAIN ST,COR
,,19C074403,19:35:48 08/15/19,l,Patrol Info,4,91 WEST BOUND OFF RAMP & N MCKINLEY ST,COR
,,19C074406,19:43:44 08/15/19,l,Property Check,4,635 N MAIN ST,COR
,,19C074407,19:48:01 08/15/19,l,Found Property,4,635 N MAIN ST,COR
,,19C074408,19:48:14 08/15/19,l,Area Check,3,1910 FULLERTON AVE;602,COR
,,19C074409,19:48:47 08/15/19,l,Disturb Peace P,4,337 JESSICA LN,COR
,,19C074410,19:55:46 08/15/19,l,Assist Othr Dpt,3,4901 GREEN RIVER RD # 288 ;ACO,COR
,,19C074411,19:58:15 08/15/19,l,911 Hangup,2,881 CORSICA DR,COR
,,19C074412,20:02:27 08/15/19,l,Property Check,4,400 S VICENTIA AVE,COR
,,19C074413,20:02:34 08/15/19,l,Disturb Peace,3,950 W FIFTH ST # A14,COR
,,19C074414,20:13:05 08/15/19,l,Robbery,1,1248 W SIXTH ST; WELCOME INN,COR
,,19C074415,20:21:47 08/15/19,lf,Accident Inj,1,9099 CAJALCO RD; MC DOWN,RVC
,,19C074418,20:30:17 08/15/19,l,Z-Animal Svcs,4,794 MERIDIAN CIR,COR
,,19C074419,20:32:15 08/15/19,f,ZZMedical Alert,1,1009 S WASHBURN AVE,COR
,,19C074420,20:37:36 08/15/19,l,Trespass,3,205 N LINCOLN AVE;DOLLAR SELF STORAGE,COR
,,19C074422,20:44:07 08/15/19,l,Property Check,4,1299 E ONTARIO AVE; CVS PHARMACY 9190 AT CORONA ORCHARD,COR
,,19C074424,20:46:38 08/15/19,lf,Accident Inj,1,9000 CAJALCO RD,RVC
,,19C074425,20:54:39 08/15/19,f,ZZFall,1,988 ACACIA ST,COR
,,19C074426,20:56:12 08/15/19,l,Property Check,4,515 E SIXTH ST,COR
,,19C074427,20:56:24 08/15/19,l,Lost Property,4,1085 CIRCLE CITY DR # 101;LL CONT;GUN,COR
,,19C074430,21:00:17 08/15/19,f,ZZSeizure,1,1400 CIRCLE CITY DR;#53,COR
,,19C074431,21:01:11 08/15/19,l,Property Check,4,1375 E ONTARIO AVE; SAMS CLUB 4709 AT SOUTH POINTE PLAZA,COR
,,19C074433,21:07:44 08/15/19,l,Veh Burg Past,4,5500 GREEN RIVER RD; LL CONT,COR
,,19C074434,21:08:15 08/15/19,l,Assist Othr Dpt,3,W GRAND BLVD & N BELLE AVE;ACO,COR
,,19C074436,21:10:44 08/15/19,l,Alarm Call,2,1245 W SIXTH ST;HIS UNIVERSITY,COR
,,19C074438,21:14:53 08/15/19,l,Property Check,4,935 N MCKINLEY ST; VINEYARD CHURCH,COR
,,19C074439,21:17:41 08/15/19,l,Alarm Call,2,425 KLUG CIR;T3 HOLDINGS INC,COR
,,19C074441,21:26:17 08/15/19,l,Ill Parked Veh,4,910 S SHERIDAN ST,COR
,,19C074442,21:26:22 08/15/19,l,Susp Person,3,3279 HUNTFIELD ST;POSS 5150,COR
,,19C074443,21:33:47 08/15/19,l,Alarm Call,2,750 S LINCOLN AVE # 101;VICTRA,COR
YES,'Location' garbled/scrambled text,19C074444,21:35:27 08/15/19,l,Disturb Peace,3,691 STONEYBROOK DR;HEARD ONLY,COR
,,19C074445,21:40:48 08/15/19,f,ZZTrauma,1,2489 CALIFORNIA AVE;#173,COR
,,19C074447,21:49:32 08/15/19,l,Disturb Peace P,4,2236 ARABIAN WAY ; LL CONT,COR
,,19C074449,21:59:07 08/15/19,l,Domestic Distur,2,1085 CIRCLE CITY DR # 101,COR
,,19C074450,21:59:52 08/15/19,,,,1085 CIRCLE CITY DR # 201,COR
,,19C074452,22:09:38 08/15/19,l,Vehicle Check,4,650 S MAIN ST; CITY LIBRARY,COR
,,19C074453,22:18:34 08/15/19,l,Property Check,4,3100 S MAIN ST,COR
,,19C074454,22:20:41 08/15/19,l,Property Check,4,470 HIDDEN VALLEY PKWY,COR
,,19C074457,22:34:11 08/15/19,l,Susp Vehicle,3,SNAPDRAGON CT & BRAMBLE LN,COR
,,19C074459,22:38:02 08/15/19,l,Property Check,4,3100 S MAIN ST,COR
,,19C074460,22:48:05 08/15/19,l,Susp Person,3,4901 GREEN RIVER RD,COR
,,19C074461,22:50:26 08/15/19,l,Ped Check,4,E THIRD ST & S MAIN ST,COR
,,19C074462,22:54:02 08/15/19,l,Property Check,4,400 N MCKINLEY ST; MCDONALDS,COR
,,19C074463,22:54:53 08/15/19,l,911 Hangup,2,2325 KELLOGG AVE;PHS2,COR
,,19C074464,22:58:51 08/15/19,l,Unknown Problem,1,2078 WOODLAWN DR,COR
,,19C074465,22:59:58 08/15/19,l,Suspicious Circ,3,1075 W SIXTH ST; PIZZA HUT,COR
,,19C074466,23:13:03 08/15/19,l,Welfare Check,2,1229 KELLEY AVE;A&J RES CARE,COR
,,19C074468,23:14:42 08/15/19,l,Property Check,4,222 S PROMENADE AVE; UNIWEB INC,COR
,,19C074469,23:15:38 08/15/19,l,Traffic Stop,4,91 EB APPROACHING MCKINLEY,
,,19C074470,23:20:40 08/15/19,l,Traffic Stop,4,W RINCON ST & N LINCOLN AVE,COR
,,19C074471,23:35:10 08/15/19,l,Property Check,4,130 W FOOTHILL PKWY; CHEVRON GAS,COR
,,19C074472,23:40:34 08/15/19,l,Loud Noise,3,1104 DAFFODIL ST,COR
,,19C074473,23:41:01 08/15/19,l,Property Check,4,2481 STEVEN DR; ROCK VISTA PARK,COR
,,19C074474,23:42:38 08/15/19,l,Unknown Problem,1,431 N MCKINLEY ST; CIRCLE K INSDIE MOBIL GAS,COR
,,19C074476,00:11:52 08/16/19,l,Patrol Info,4,91 EB OFF RAMP & GREEN RIVER RD,COR
,,19C074477,00:15:19 08/16/19,l,911 Hangup,2,725 E GRAND BLVD ; 7-11 STORE,COR
,,19C074479,00:54:52 08/16/19,l,Assist Othr Dpt,3,326 ATWOOD DR;MONTCLAIR PD,COR
,,19C074481,01:00:31 08/16/19,l,Alarm Call,2,470 E HARRISON ST; ASPLUNDK CONSTRUCTION,COR
,,19C074483,01:07:25 08/16/19,l,Test,4,730 PUBLIC SAFETY WAY,COR
,,19C074484,01:19:20 08/16/19,l,Vehicle Check,4,1248 W SIXTH ST; WELCOME INN,COR
,,19C074485,01:24:08 08/16/19,l,Property Check,4,730 PUBLIC SAFETY WAY; CORONA POLICE,COR
,,19C074486,01:25:26 08/16/19,l,Accident,2,E SIXTH ST & E GRAND BLVD,COR
,,19C074487,01:39:17 08/16/19,l,Traffic Stop,4,RIVER RD & CORYDON AVE,COR
,,19C074488,01:55:12 08/16/19,l,Traffic Stop,4,W SIXTH ST & W GRAND BLVD,COR
,,19C074489,01:56:51 08/16/19,l,Property Check,4,185 MAGNOLIA AVE; LEE POLLARD HIGH SCHOOL,COR
,,19C074490,02:02:20 08/16/19,l,Traffic Stop,4,S SMITH AVE & S SMITH AVE,COR
,,19C074491,02:19:37 08/16/19,l,Property Check,4,1757 VIA DEL RIO,COR
,,19C074492,02:24:34 08/16/19,l,Property Check,4,1150 PASEO GRANDE,COR
,,19C074493,02:35:58 08/16/19,f,ZZSick,1,2489 CALIFORNIA AVE;#155,COR
,,19C074494,02:43:15 08/16/19,l,Property Check,4,2661 GREEN RIVER RD,COR
,,19C074495,02:56:54 08/16/19,l,Property Check,4,4718 GREEN RIVER RD,COR
,,19C074496,03:09:36 08/16/19,l,Alarm Call,2,235 BENJAMIN DR; #103 Rit bearing corp,COR
,,19C074497,03:30:09 08/16/19,l,Property Check,4,3355 MOUNTAIN GATE DR,COR
,,19C074499,04:08:36 08/16/19,l,Property Check,4,4300 GREEN RIVER RD,COR
,,19C074500,04:09:16 08/16/19,l,Auto Theft Past,3,910 SAMAR CT,COR
,,19C074501,04:09:39 08/16/19,l,Alarm Call,2,1453 W SIXTH ST;#105;CRESENT AUTO,COR
,,19C074502,04:09:53 08/16/19,l,Property Check,4,3355 MOUNTAIN GATE DR,COR
,,19C074503,04:26:02 08/16/19,l,Alarm Call,2,1600 E ONTARIO AVE,COR
,,19C074505,05:01:37 08/16/19,l,Traffic Stop,4,AVENIDA DEL VISTA & VIA SANTIAGO,COR
,,19C074506,05:31:15 08/16/19,l,Alarm Call,2,2683 WARDLOW RD,COR
,,19C074507,05:51:50 08/16/19,l,Alarm Call,2,341 BONNIE CIR; #101B ; ARBOR CONTRACT CARPET,COR
,,19C074509,06:08:32 08/16/19,,Test,4,S BUENA VISTA AVE & S BUENA VISTA AVE,COR
,,19C074512,06:17:18 08/16/19,l,Disturb Peace,3,856 PATHFINDER WAY,COR
,,19C074519,06:20:46 08/16/19,l,Alarm Call,2,LINCOLN & RAILROAD; TEST TEST,
,,19C074520,06:35:40 08/16/19,l,911 Hangup,2,1862 IMPRESIVO DR,COR
,,19C074521,06:58:17 08/16/19,i,Alarm Call,2,355 E RINCON ST,COR
,,19C074522,07:03:14 08/16/19,l,911 Hangup,2,1629 WINDMILL LN # A,COR
,,19C074524,07:10:09 08/16/19,lf,Accident Inj,1,609 RAPHAEL DR,COR
,,19C074525,07:22:57 08/16/19,l,911 Hangup,2,1820 RIMPAU AVE; CENTENNIAL HIGH SCHOOL,COR
,,19C074526,07:25:08 08/16/19,l,911 Hangup,2,949 NAPLES DR,COR
,,19C074527,07:27:25 08/16/19,l,911 Hangup,2,1239 E ST,COR
,,19C074528,07:34:11 08/16/19,f,ZZBite Stings,1,924 CIMARRON LN,COR
,,19C074529,07:34:36 08/16/19,l,Stranded Veh,3,RIMPAU AVE & MAGNOLIA AVE,COR
,,19C074530,07:49:16 08/16/19,l,Shoplift Past,4,1290 E ONTARIO AVE; WALMART,COR
,,19C074531,07:52:12 08/16/19,l,Accident,2,2153 COMPTON AVE,COR
,,19C074532,07:54:06 08/16/19,l,911 Hangup,2,1296 MAGNOLIA AVE,COR
,,19C074533,07:54:55 08/16/19,l,Accident,2,W GRAND BLVD & W FOURTH ST,COR
,,19C074534,07:54:59 08/16/19,l,Property Check,4,100 W ONTARIO AVE; WALGREENS 07303 AT TOWN AND COUNTRY,COR
,,19C074535,08:05:32 08/16/19,l,Citizen Contact,3,1549 BORDER AVE # C; FRONT COUNTER,COR
,,19C074537,08:08:01 08/16/19,l,Susp Person,3,1424 EVERGREEN LN,COR
,,19C074538,08:12:28 08/16/19,l,Traffic Detail,4,2350 BORDER AVE; ADAMS ELEMENTARY,COR
,,19C074541,08:29:47 08/16/19,l,Susp Vehicle,3,1432 POCHARD CIR,COR
,,19C074542,08:32:24 08/16/19,l,Disturb Peace P,4,1038 LINCRONA ST,COR
,,19C074543,08:34:06 08/16/19,l,Resid Burg Past,4,2523 VERNA DR # 114,COR
,,19C074544,08:37:02 08/16/19,l,Found Property,4,852 W SIXTH ST; ENTERPRISE RENT A CAR,COR
,,19C074545,08:38:16 08/16/19,l,Alarm Call,2,1852 AVENIDA DEL VISTA,COR
,,19C074546,08:44:33 08/16/19,l,Alarm Call,2,839 PHEASANT ST,COR
,,19C074547,08:48:48 08/16/19,lf,Heavy Rescue,1,1595 E SIXTH ST,COR
,,19C074550,08:51:35 08/16/19,l,Susp Vehicle,3,3915 GREEN RIVER RD; CUBE SMART STORAGE,COR
,,19C074552,08:56:34 08/16/19,f,ZZSick,1,1550 RIMPAU AVE # 4,COR
,,19C074556,09:01:53 08/16/19,l,911 Hangup,2,400 S VICENTIA AVE,COR
,,19C074557,09:02:10 08/16/19,l,911 Hangup,2,1395 VIA DEL RIO # D,COR
,,19C074558,09:03:15 08/16/19,f,ZZFall,1,2489 CALIFORNIA AVE # 161; ESTANCIA DEL SOL,COR
,,19C074562,09:10:56 08/16/19,l,Alarm Call,2,983 CLEVELAND WAY;NGUYEN RESIDENCE,COR
,,19C074563,09:26:15 08/16/19,lf,ZZSick,1,1411 RIMPAU AVE,COR
,,19C074564,09:32:02 08/16/19,l,Fraud,2,379 CABRILLO CIR;LL CONT,COR
,,19C074565,09:37:53 08/16/19,l,Trespass,3,920 S SHERIDAN ST,COR
,,19C074566,09:43:37 08/16/19,l,Public Service,3,1550 RIMPAU AVE,COR
,,19C074567,09:47:45 08/16/19,l,Alarm Call,2,1965 OLYMPIA FIELDS DR; COOPER RESIDENCE,COR
,,19C074568,09:51:32 08/16/19,l,Follow Up,4,1290 E ONTARIO AVE; WALMART,COR
,,19C074569,09:52:17 08/16/19,l,Welfare Check,2,431 WELLESLEY DR # 208,COR
,,19C074570,09:56:59 08/16/19,l,Flag Down,4,1183 MAGNOLIA AVE; CVS ; REAR,COR
,,19C074571,09:58:34 08/16/19,l,Property Check,4,W FIFTH ST & S MAIN ST,COR
,,19C074572,10:01:10 08/16/19,l,Vehicle Check,4,1800 PASEO GRANDE,COR
,,19C074574,10:03:08 08/16/19,l,911 Hangup,2,3960 S MAIN ST,COR
,,19C074575,10:10:06 08/16/19,l,Traffic Stop,4,PASEO GRANDE & GREEN RIVER RD,COR
,,19C074576,10:13:06 08/16/19,l,Welfare Check,2,1158 CHESTNUT LN # 202,COR
,,19C074577,10:13:38 08/16/19,f,ZZSick,1,1665 COOLIDGE ST,COR
,,19C074578,10:15:53 08/16/19,f,ZZ Fire Test,2,1138 W SIXTH ST,COR
,,19C074580,10:18:22 08/16/19,f,ZZCommrcal Alrm,1,1138 E SIXTH ST; #A;#C; CORONA CHURCH,COR
,,19C074581,10:19:49 08/16/19,l,Welfare Check,2,758 YORKSHIRE WAY,COR
,,19C074582,10:19:59 08/16/19,l,911 Hangup,2,598 SANTANA WAY,COR
,,19C074583,10:21:29 08/16/19,l,Susp Vehicle,3,SNAPDRAGON CT & CLOVER LN,COR
,,19C074584,10:21:34 08/16/19,l,Disturb Peace P,4,3211 S MAIN ST; CITRUS HILLS INTERMEDIATE SCHOOL,COR
,,19C074585,10:28:07 08/16/19,l,Property Check,4,200 N LINCOLN AVE; MOTEL 6,COR
,,19C074586,10:28:48 08/16/19,l,Welfare Check,2,1158 CHESTNUT LN # 202,COR
,,19C074587,10:33:23 08/16/19,l,H/R Coll Past,4,2178 STONERIDGE RD,COR
,,19C074588,10:37:58 08/16/19,l,911 Hangup,2,881 CORSICA DR,COR
,,19C074589,10:38:12 08/16/19,l,911 Hangup,2,881 CORSICA DR,COR
,,19C074591,10:48:43 08/16/19,l,Traffic Stop,4,PASEO GRANDE & GREEN RIVER RD,COR
,,19C074592,10:58:17 08/16/19,l,911 Hangup,2,1990 RAILROAD ST,COR
,,19C074594,11:01:54 08/16/19,l,Ill Parked Veh,4,1609 FAIRVIEW DR,COR
,,19C074595,11:04:01 08/16/19,l,Alarm Call,2,2380 FULLERTON ;CROSSROADS CHRISTIAN SCHOOL,COR
,,19C074596,11:05:37 08/16/19,l,Traffic Stop,4,S LINCOLN AVE & W FOOTHILL PKWY,COR
YES,'Location' garbled/scrambled text,19C074597,11:06:05 08/16/19,l,Disturb Peace,3,2276 GRIFFIN WY # 108;JINHAN RESTURAUNT;HOMELESS,COR
,,19C074598,11:07:31 08/16/19,l,Keep The Peace,3,2291 POSADA CT,COR
,,19C074600,11:11:47 08/16/19,l,Follow Up,4,622 DURAZNO ST,COR
,,19C074601,11:12:13 08/16/19,l,911 Hangup,2,1592 FAIRWAY DR,COR
,,19C074602,11:17:40 08/16/19,l,Compliance Ck,4,2133 SUNSTREAM DR # 115,COR
,,19C074603,11:22:59 08/16/19,l,Alarm Call,2,1469 IRIS GROVE CIR,COR
YES,'Nature' garbled text (embedded symbol),19C074604,11:30:42 08/16/19,f,ZZFaint/Uncons,1,2055 KELLOGG AVE,COR
,,19C074605,11:37:04 08/16/19,l,Patrol Info,4,185 MAGNOLIA AVE; LEE POLLARD HIGH SCHOOL,COR
,,19C074606,11:41:16 08/16/19,l,Embezzlemnt P,4,3175 PALISADES DR ;GOT VAPE,COR
,,19C074607,11:50:52 08/16/19,l,Property Check,4,1886 BUTTERFIELD DR; BUTTERFIELD PARK,COR
,,19C074609,11:54:13 08/16/19,l,911 Hangup,2,881 CORSICA DR,COR
,,19C074611,12:07:05 08/16/19,l,Property Check,4,1010 S VICTORIA AVE # 105,COR
,,19C074612,12:10:29 08/16/19,f,ZZSick,1,1501 RAILROAD ST ; stop that smile,COR
,,19C074613,12:13:07 08/16/19,l,Property Check,4,2125 STAGECOACH DR; STAGECOACH PARK,COR
,,19C074614,12:16:33 08/16/19,l,Additional Info,4,11535 LARCHMONT DR;FRNT LOBBY,COR
,,19C074615,12:23:40 08/16/19,l,Fraud Past,4,1556 IRIS GROVE DR;LL CONT,COR
,,19C074616,12:23:52 08/16/19,l,Accident,2,301 S LINCOLN AVE,COR
,,19C074617,12:24:31 08/16/19,l,911 Hangup,2,915 N MCKINLEY ST,COR
,,19C074618,12:26:01 08/16/19,l,Property Check,4,800 S MAIN ST; CORONA REGIONAL MEDICAL CENTER,COR
,,19C074619,12:29:49 08/16/19,l,911 Hangup,2,1504 TABER ST,COR
,,19C074620,12:32:51 08/16/19,l,Cite Sign Off,4,730 PUBLIC SAFETY WAY; plt,COR
,,19C074622,12:41:36 08/16/19,l,Fraud Past,4,1355 E ONTARIO AVE;HOME DEPOT;LL CONT,COR
,,19C074623,12:45:45 08/16/19,l,Panhand/Solicit,3,725 S MAIN ST,COR
,,19C074625,12:47:35 08/16/19,l,Abandoned Veh,4,2300 MOUNT HUMPHRIES ST,COR
,,19C074627,12:50:13 08/16/19,l,Fraud Past,4,3550 ARBORETUM CIR,COR
,,19C074628,12:52:29 08/16/19,l,Welfare Check,2,2142 ADRIENNE DR,COR
,,19C074629,12:53:39 08/16/19,f,ZZSick,1,4901 GREEN RIVER RD # 263,COR
,,19C074630,12:55:33 08/16/19,f,ZZDiabetic,1,1033 QUEENSPARK RD,COR
,,19C074632,13:02:15 08/16/19,l,Susp Person,3,2615 TUSCANY ST; TARGET STORES T1548 AT THE CROSSINGS,COR
,,19C074633,13:02:34 08/16/19,l,Alarm Call,2,254 OTT ST # E; JEM EDUCATIONAL,COR
,,19C074634,13:03:59 08/16/19,l,Domestic Distur,2,513 W SIXTH ST; EDUARDOS MEXICAN RESTAURANTS INC,COR
,,19C074636,13:13:14 08/16/19,l,Susp Person,3,3493 NEW YORK DR,COR
,,19C074637,13:15:13 08/16/19,l,Test,4,730 PUBLIC SAFETY WAY;TEST,COR
,,19C074638,13:16:48 08/16/19,l,Keep The Peace,3,2291 POSADA CT,COR
,,19C074639,13:17:08 08/16/19,l,Additional Info,4,1324 CAMELOT DR,COR
,,19C074641,13:21:44 08/16/19,l,Alarm Call,2,3258 CAMDEN LN ;SHOOP RESD,COR
,,19C074642,13:24:36 08/16/19,l,Disturb Peace,3,1248 W SIXTH ST,COR
,,19C074643,13:26:20 08/16/19,l,Mail Theft P,4,264 MARIAH CIR ; eibach,COR
,,19C074644,13:27:45 08/16/19,l,Petty Theft P,4,490 N MCKINLEY ST,COR
,,19C074645,13:31:55 08/16/19,l,Hazard,3,E SIXTH ST & S MAIN ST,COR
,,19C074646,13:32:43 08/16/19,l,911 Hangup,2,1831 E DELILAH ST,COR
,,19C074647,13:33:37 08/16/19,l,Incorrigible,2,1808 S MAIN ST,COR
,,19C074648,13:34:37 08/16/19,l,Panhand/Solicit,3,611 N MAIN ST,COR
,,19C074649,13:35:25 08/16/19,l,Cite Sign Off,4,730 PUBLIC SAFETY WAY; PD LOBBY,COR
,,19C074650,13:39:25 08/16/19,l,911 Hangup,2,881 CORSICA DR,COR
,,19C074651,13:44:35 08/16/19,l,911 Hangup,2,598 SANTANA WAY,COR
,,19C074652,13:45:10 08/16/19,l,Petty Theft,3,720 N MAIN ST; BURLINGTON COAT,COR
,,19C074655,13:52:39 08/16/19,f,ZZAbdominalPa in,1,685 N TREEMONT PL # 301,COR
,,19C074657,13:58:22 08/16/19,l,Susp Vehicle,3,1164 E GRAND BLVD,COR
,,19C074659,14:01:01 08/16/19,l,Cite Sign Off,4,730 PUBLIC SAFETY WAY; PD LOBBY,COR
,,19C074660,14:06:46 08/16/19,l,Patrol Info,4,1798 ROCKCREST DR ;extra patrol,COR
,,19C074661,14:08:28 08/16/19,l,Welfare Check,2,1000 S JOY ST; JOY PARK,COR
,,19C074663,14:11:58 08/16/19,l,911 Hangup,2,210 N SMITH AVE,COR
,,19C074664,14:15:10 08/16/19,l,Hazard,3,E SIXTH ST & S MAIN ST,COR
,,19C074665,14:16:11 08/16/19,l,Property Check,4,100 E ONTARIO AVE,COR
,,19C074668,14:25:00 08/16/19,f,ZZBleeding,1,3755 LINCOLN ST;#B MORENO BROS DISTRIBUTION,HGS
,,19C074669,14:26:25 08/16/19,l,911 Hangup,2,918 S VICENTIA AVE,COR
,,19C074673,14:37:03 08/16/19,l,Vandalism Past,4,E FOOTHILL PKWY & S MAIN ST;LL CONT,COR
,,19C074674,14:37:05 08/16/19,l,Follow Up,4,353 MEYER CIR,COR
,,19C074675,14:37:31 08/16/19,l,Hazard,3,S LINCOLN AVE & SHOPPING CENTER,COR
,,19C074680,14:44:21 08/16/19,l,Drunk In Public,2,2355 COMPTON AVE ; LA Fitness,COR
,,19C074682,14:49:27 08/16/19,l,Hazard,3,S MAIN ST & E SIXTH ST,COR
,,19C074683,14:50:10 08/16/19,l,Keep The Peace,3,1045 AQUAMARINE LN,COR
,,19C074685,14:51:53 08/16/19,f,ZZPublicSrvceF,2,3412 WEXFORD CIR,COR
,,19C074686,14:55:19 08/16/19,f,ZZPublicSrvceF,2,730 PUBLIC SAFETY WAY; TEST / TEST DON'T DISP,COR
,,19C074689,15:00:22 08/16/19,lf,Structure Fire,1,185 MAGNOLIA AVE; LEE POLLARD HIGH SCHOOL,COR
,,19C074690,15:00:37 08/16/19,l,911 Hangup,2,905 VIA BLAIRO,COR
,,19C074691,15:05:59 08/16/19,l,911 Hangup,2,389 N MAIN ST,COR
,,19C074692,15:10:08 08/16/19,f,ZZFwy UnkInjury,1,91 EB OC LINE GREEN RIVER,COR
,,19C074693,15:10:46 08/16/19,l,911 Hangup,2,1611 WINDMILL LN # F,COR
,,19C074694,15:12:14 08/16/19,l,Drunk In Public,2,540 HIDDEN VALLEY PKWY # 104 ; Subway,COR
,,19C074696,15:18:58 08/16/19,l,Elder Abuse Pst,2,1327 W EIGHTH ST # F,COR
,,19C074697,15:21:59 08/16/19,l,Dist/Physical,1,512 W SIXTH ST ; nunez upholstery,COR
,,19C074699,15:23:50 08/16/19,l,Patrol Info,4,15 SB ON RAMP & EL CERRITO RD,COR
,,19C074700,15:25:25 08/16/19,i,911 Hangup,2,400 S VICENTIA AVE; PBX LINE,COR
,,19C074701,15:27:08 08/16/19,i,911 Hangup,2,526 MAGNOLIA AVE,COR
,,19C074702,15:30:54 08/16/19,l,DV-Assault,1,2147 APPLEGATE DR,COR
,,19C074703,15:30:56 08/16/19,l,911 Hangup,2,400 S VICENTIA AVE,COR
,,19C074704,15:31:27 08/16/19,l,Public Service,3,1211 W SIXTH ST,COR
,,19C074705,15:35:57 08/16/19,l,Illegal Dumping,3,W RINCON ST & CORYDON ST,COR
,,19C074707,15:39:36 08/16/19,f,ZZFall,1,3888 MOODY ST,HGS
,,19C074708,15:39:53 08/16/19,l,Found Property,4,852 W SIXTH ST;GUN,COR
,,19C074709,15:41:30 08/16/19,l,911 Hangup,2,881 CORSICA DR,COR
,,19C074710,15:45:38 08/16/19,l,Accident,2,W GRAND BLVD & W SECOND ST,COR
,,19C074711,15:50:22 08/16/19,l,H/R Coll Past,4,630 PAYETTE CIR,COR
,,19C074713,15:52:10 08/16/19,l,Accident Past,4,2496 KENNEDY DR,COR
,,19C074714,15:52:37 08/16/19,l,Property Check,4,490 N MCKINLEY ST,COR
,,19C074715,15:53:32 08/16/19,l,911 Hangup,2,1020 RAILROAD ST,COR
,,19C074717,15:59:29 08/16/19,l,Accident,2,MAGNOLIA AVE & EL CAMINO AVE,COR
,,19C074718,16:00:28 08/16/19,l,911 Hangup,2,1220 W ONTARIO AVE,COR
,,19C074719,16:03:46 08/16/19,l,Petty Theft P,4,2155 HIGHPOINTE DR # 205,COR
,,19C074722,16:14:11 08/16/19,l,Property Check,4,2200 CLEMENTINE,
,,19C074727,16:25:59 08/16/19,l,Cite Sign Off,4,730 PUBLIC SAFETY WAY; pd lobby,COR
,,19C074728,16:26:11 08/16/19,l,Property Check,4,1220 W PARKRIDGE AVE,COR
,,19C074729,16:32:32 08/16/19,l,Panhand/Solicit,3,725 S MAIN ST; 99 CENT STORE,COR
,,19C074730,16:36:43 08/16/19,f,ZZFall,1,1473 BURRERO WAY,COR
,,19C074731,16:37:03 08/16/19,l,Assist Othr Dpt,3,1712 HAYDEN AVE; RIVERSIDE CPS,COR
,,19C074732,16:38:26 08/16/19,l,Cross Report,2,1535 PLAZA DE NOCHE # 13; CPS X RPT,COR
,,19C074733,16:39:51 08/16/19,l,911 Hangup,2,209 E BLAINE ST,COR
,,19C074734,16:42:51 08/16/19,l,Vandalism Past,4,814 W GRAND BLVD,COR
,,19C074735,16:44:28 08/16/19,l,CMC Violation,4,W RINCON ST & N SMITH AVE ; WC,COR
,,19C074736,16:48:54 08/16/19,f,ZZSick,1,4715 GREEN RIVER RD; JACK IN THE BOX,COR
,,19C074738,17:00:05 08/16/19,l,Property Check,4,1886 BUTTERFIELD DR; BUTTERFIELD PARK,COR
,,19C074739,17:06:24 08/16/19,l,911 Hangup,2,2188 ALPINEMIST ST,COR
,,19C074741,17:10:39 08/16/19,l,Annoying Calls,3,1173 DESERT WILLOW LN # F;LL CONT,COR
,,19C074743,17:17:37 08/16/19,l,H&S Violation,3,512 S BELLE AVE;#3,COR
,,19C074745,17:27:31 08/16/19,l,Patrol Info,4,91 WB LINCOLN MAPLE,COR
,,19C074746,17:29:08 08/16/19,l,Drunk In Public,2,EAGLE GLEN PKWY & RIVIERA DR,COR
,,19C074747,17:38:25 08/16/19,lf,ZZIllegal Burn,1,3795 TRINITY CIR,COR
,,19C074749,17:41:21 08/16/19,l,Hit Run No Inj,2,E ONTARIO AVE & MAGNOLIA AVE,COR
,,19C074750,17:41:29 08/16/19,l,Hit Run No Inj,2,E ONTARIO AVE & MAGNOLIA AVE,COR
,,19C074755,17:46:35 08/16/19,l,Welfare Check,2,2790 CABOT DR; #165; TRADER JOES,COR
,,19C074757,17:53:57 08/16/19,l,Disturb Peace,3,750 AVENIDA DEL VISTA # C,COR
,,19C074758,17:55:29 08/16/19,l,911 Hangup,2,1307 W SIXTH ST,COR
,,19C074759,17:59:04 08/16/19,l,Hazard,3,W RINCON ST & CORYDON ST,COR
,,19C074760,17:59:29 08/16/19,l,Disturb Peace,3,548 CEDARBROOK LN ;REF TO LEAVE,COR
,,19C074762,18:08:38 08/16/19,l,Special Detail,4,935 N MCKINLEY ST; DUI CHECKPOINT,COR
,,19C074763,18:13:47 08/16/19,l,911 Hangup,2,209 E BLAINE ST,COR
,,19C074764,18:15:48 08/16/19,l,911 Hangup,2,1220 W ONTARIO AVE,COR
,,19C074765,18:16:28 08/16/19,l,911 Hangup,2,1220 W ONTARIO AVE,COR
,,19C074766,18:17:01 08/16/19,l,911 Hangup,2,1220 W ONTARIO AVE,COR
,,19C074767,18:25:52 08/16/19,l,911 Hangup,2,2967 LOMBARDY LN,COR
,,19C074768,18:34:30 08/16/19,l,Alarm Call,2,412 JENKS CIR; 4 seasons restaurant equipment,COR
,,19C074769,18:35:27 08/16/19,l,Court Order Vio,3,310 N LINCOLN AVE; MC DONALDS,COR
,,19C074771,18:57:14 08/16/19,l,Accident,2,GREEN RIVER RD & DOMINGUEZ RANCH RD,COR
,,19C074772,18:59:19 08/16/19,l,Alarm Call,2,3295 EAGLE CREST DR,COR
,,19C074773,19:00:29 08/16/19,l,Traffic Stop,4,W GRAND BLVD & W SEVENTH ST,COR
,,19C074774,19:00:49 08/16/19,l,Traffic Stop,4,581 N MAIN ST,COR
,,19C074776,19:04:54 08/16/19,l,911 Hangup,2,2587 S MAIN ST,COR
,,19C074777,19:05:26 08/16/19,l,Property Check,4,480 N MCKINLEY ST; Costco,COR
,,19C074779,19:17:52 08/16/19,l,Petty Theft,3,703 E SIXTH ST;RS GAS STATION,COR
,,19C074781,19:19:12 08/16/19,l,Alarm Call,2,1832 COUPLES RD,COR
,,19C074782,19:20:29 08/16/19,l,Follow Up,4,"X:-117.5087505,Y:+33.8120155",
,,19C074783,19:21:56 08/16/19,l,Loud Noise,3,1780 VIA PACIFICA # B208,COR
,,19C074785,19:29:56 08/16/19,f,ZZCommrcal Alrm,1,1395 E FOOTHILL PKWY ;SANTIAGO HIGH,COR
,,19C074786,19:30:24 08/16/19,l,Follow Up,4,470 HIDDEN VALLEY PKWY; KOHLS,COR
,,19C074787,19:30:34 08/16/19,l,Property Check,4,1700 HAYDEN AVE,COR
,,19C074788,19:37:18 08/16/19,l,Traffic Stop,4,E PARKRIDGE AVE & N MAIN ST,COR
,,19C074790,19:43:38 08/16/19,l,Susp Vehicle,3,1375 E ONTARIO AVE; SAMS CLUB 4709 AT SOUTH POINTE PLAZA,COR
,,19C074791,19:44:58 08/16/19,l,Property Check,4,130 W FOOTHILL PKWY; CHEVRON GAS,COR
,,19C074792,19:46:14 08/16/19,l,Disturb Peace,3,S MAIN ST & E ONTARIO AVE,COR
,,19C074793,19:46:47 08/16/19,l,911 Hangup,2,20375 farley av,
,,19C074794,19:47:47 08/16/19,l,Ill Parked Veh,4,CITRUS COMMUNITY PARK,COR
,,19C074795,19:48:44 08/16/19,l,911 Hangup,2,526 MAGNOLIA AVE,COR
,,19C074796,19:51:43 08/16/19,l,Patrol Info,4,YORKSHIRE WAY & STRATFORD DR,COR
,,19C074797,19:52:27 08/16/19,l,DV-Assault,2,758 YORKSHIRE WAY,COR
,,19C074800,20:02:09 08/16/19,l,Property Check,4,550 HIDDEN VALLEY PKWY; STATER BROS MARKETS,COR
,,19C074801,20:02:46 08/16/19,l,Traffic Stop,4,BOWDOIN ST & AMHERST ST,COR
YES,'Nature' garbled text (embedded symbol),19C074802,20:03:43 08/16/19,f,ZZFaint/Uncons,1,619 S JOY ST # 3,COR
,,19C074803,20:05:31 08/16/19,l,911 Hangup,2,1218 E ONTARIO AVE,COR
,,19C074804,20:08:44 08/16/19,l,Alarm Call,2,2785 PALISADES DR;ALL SIZE STORAGE,COR
,,19C074806,20:10:22 08/16/19,l,911 Hangup,2,1248 W SIXTH ST,COR
,,19C074807,20:16:25 08/16/19,l,Area Check,3,569 SHENANDOAH RD,COR
,,19C074808,20:19:55 08/16/19,l,Property Check,4,1292 BORDER AVE,COR
,,19C074809,20:21:13 08/16/19,l,Property Check,4,1290 E ONTARIO AVE,COR
,,19C074810,20:21:47 08/16/19,l,Property Check,4,705 N MAIN ST,COR
,,19C074812,20:27:37 08/16/19,l,Traffic Stop,4,2195 CEDAR GLEN CIR,COR
,,19C074814,20:33:44 08/16/19,f,ZZTrauma,1,BORDER AVE & BRENTWOOD CIR,COR
,,19C074815,20:35:05 08/16/19,l,Flag Down,4,SHENANDOAH RD & PROMENADE AVE,COR
,,19C074816,20:36:43 08/16/19,l,911 Hangup,2,3025 COVENTRY ST,COR
,,19C074817,20:37:24 08/16/19,l,Property Check,4,480 N MAIN ST,COR
YES,'Nature' garbled text (embedded symbol),19C074819,20:46:32 08/16/19,f,ZZFaint/Uncons,1,2520 TUSCANY ST; BJ'S,COR
,,19C074820,20:50:46 08/16/19,f,ZZFall,1,7201 BOYD AVE,ELC
,,19C074822,20:56:36 08/16/19,l,Traffic Stop,4,N MCKINLEY ST & HIGHRIDGE DR,COR
,,19C074823,21:01:50 08/16/19,l,Area Check,3,613 VALLEYWOOD ST,COR
,,19C074825,21:03:25 08/16/19,l,Property Check,4,120 W ONTARIO AVE,COR
,,19C074826,21:05:39 08/16/19,l,911 Hangup,2,881 CORSICA DR,COR
,,19C074827,21:08:43 08/16/19,l,Property Check,4,2400 BORDER AVE; BORDER PARK,COR
,,19C074829,21:15:40 08/16/19,l,Property Check,4,939 N MCKINLEY ST,COR
,,19C074830,21:16:53 08/16/19,l,Property Check,4,2615 TUSCANY ST,COR
,,19C074831,21:26:25 08/16/19,l,Patrol Info,4,W SIXTH ST & S SHERMAN AVE,COR
,,19C074837,21:44:04 08/16/19,l,Hazard,3,N MCKINLEY ST & PROMENADE AVE,COR
,,19C074839,21:50:13 08/16/19,l,Loud Noise,3,1780 VIA PACIFICA # B208 ;PARCWOOD APTS,COR
,,19C074840,21:52:10 08/16/19,l,Hazard,3,MELISSA CT & S PROMENADE AVE,COR
,,19C074841,21:53:01 08/16/19,l,Welfare Check,2,702 E SIXTH ST; ARCO; BUSN LINE,COR
,,19C074842,21:53:19 08/16/19,l,Stalking,1,2398 BENIDORM CIR # 103,COR
,,19C074843,21:55:33 08/16/19,l,H/R Coll Past,4,N MCKINLEY ST & PROMENADE AVE,COR
,,19C074846,21:56:54 08/16/19,l,Disturb Peace,3,702 E SIXTH ST; ARCO AM PM;HOMELESS,COR
,,19C074847,21:58:01 08/16/19,f,ZZAllergies,1,421 MINARET ST,COR
,,19C074848,21:58:06 08/16/19,l,Shots Heard,3,346 REDWING CIR,COR
,,19C074850,22:00:33 08/16/19,l,Drunk Driver,2,640 COLLETT AVE; CRESTA VERDE PARK;POSS,COR
,,19C074851,22:05:20 08/16/19,l,911 Hangup,2,881 CORSICA DR,COR
,,19C074852,22:09:23 08/16/19,lf,Accident Inj,1,FULLERTON AVE & MAGNOLIA AVE,COR
,,19C074855,22:14:02 08/16/19,l,Patrol Info,4,545 SAN GORGONIO DR,COR
,,19C074856,22:18:31 08/16/19,l,911 Hangup,2,615 RICHEY ST,COR
,,19C074857,22:24:11 08/16/19,l,Dist/Physical,1,949 ASPEN ST,COR
,,19C074859,22:26:33 08/16/19,l,Susp Person,3,1756 COPLEN CIR,COR
,,19C074861,22:29:21 08/16/19,l,Loud Noise,3,2399 CARLENE CIR,COR
,,19C074862,22:41:17 08/16/19,l,Dist/Verbal,2,1051 QUARRY ST,COR
,,19C074864,22:48:27 08/16/19,f,ZZSick,1,1225 QUIVERO CIR,COR
,,19C074865,22:51:31 08/16/19,l,Speed Contest,3,2331 KELLOGG AVE,COR
,,19C074866,22:52:06 08/16/19,l,Alarm Call,2,1047 BAINBRIDGE CIR; DIANE HAWATMEH RES,COR
,,19C074868,22:57:39 08/16/19,l,Susp Vehicle,3,2331 KELLOGG AVE # A; CROSSROADS CHURCH,COR
,,19C074869,22:58:29 08/16/19,l,911 Hangup,2,390 N MCKINLEY ST # 115; GEN KOREAN BBQ,COR
,,19C074870,23:00:50 08/16/19,l,Defraud Inkpr P,4,390 N MCKINLEY ST # 115; GEN KOREAN BBQ; GEN KOREAN,COR
,,19C074871,23:01:26 08/16/19,l,Area Check,3,2198 STONERIDGE DR # 488,COR
,,19C074872,23:08:27 08/16/19,l,911 Hangup,2,4190 BENNETT AVE,COR
,,19C074874,23:12:51 08/16/19,l,Susp Vehicle,3,1650 GARRETSON AVE; GARRETSON ELEMENTARY SCHOOL,COR
,,19C074875,23:15:58 08/16/19,l,Ped Check,4,1200 S MERRILL ST; HUSTED PARK,COR
,,19C074876,23:18:47 08/16/19,l,Susp Vehicle,3,3463 RIDGECREST CIR ;LL CONT,COR
,,19C074878,23:24:59 08/16/19,l,Traffic Stop,4,S MAIN ST & E THIRD ST,COR
,,19C074879,23:26:41 08/16/19,l,Property Check,4,1130 W SIXTH ST; SUPERIOR MARKET,COR
,,19C074881,23:29:32 08/16/19,l,Alarm Call,2,2650 OAK AVE;FRANKLIN ELEMENTARY SCHOOL,COR
,,19C074882,23:32:46 08/16/19,l,Property Check,4,1245 W TENTH ST,COR
,,19C074883,23:48:15 08/16/19,l,Area Check,3,200 N LINCOLN AVE; MOTEL 6,COR
,,19C074884,23:48:47 08/16/19,lf,Structure Fire,1,125 N MCKINLEY ST,COR
,,19C074885,23:49:43 08/16/19,f,ZZDumpster Fire,1,109 N MCKINLEY ST; FOOD FOR LESS,COR
,,19C074886,00:01:56 08/17/19,l,Property Check,4,472 PENROSE DR; PENROSE APTS,COR
,,19C074887,00:32:34 08/17/19,l,911 Hangup,2,1248 W SIXTH ST,COR
,,19C074888,00:33:41 08/17/19,l,Property Check,4,W SIXTH ST & S SHERIDAN ST,COR
,,19C074889,00:38:26 08/17/19,l,Auto Theft Past,3,1248 W SIXTH ST,COR
,,19C074891,00:44:24 08/17/19,l,Disturb Peace,3,1275 MAGNOLIA AVE,COR
,,19C074895,01:01:48 08/17/19,f,ZZDiabetic,1,2520 TUSCANY ST;BJ'S,COR
,,19C074897,01:04:58 08/17/19,f,ZZTrauma,1,403 S SHERIDAN ST ; STAGE**,COR
,,19C074900,01:18:51 08/17/19,l,Traffic Stop,4,CLEAR SPRINGS DR & RANCH VISTA RD,COR
,,19C074901,01:29:45 08/17/19,l,911 Hangup,2,2702 TWINLEAF LN,COR
,,19C074903,01:36:11 08/17/19,l,Veh Burg I/P,2,1370 BRENTWOOD CIR # D;5 AGO,COR
,,19C074904,01:45:32 08/17/19,l,Citizen Contact,3,1223 E SIXTH ST,COR
,,19C074905,01:51:15 08/17/19,l,911 Hangup,2,1684 BERYL LN,COR
,,19C074906,01:53:58 08/17/19,l,Runaway,3,1694 BERYL LN,COR
,,19C074907,02:08:27 08/17/19,l,Property Check,4,800 S MAIN ST,COR
,,19C074908,02:17:52 08/17/19,l,911 Hangup,2,3886 GRANT ST,HGS
,,19C074910,02:28:15 08/17/19,l,Disturb Peace,3,155 AUTO CENTER DR,COR
,,19C074911,02:30:17 08/17/19,l,Susp Vehicle,3,EAGLE GLEN PK AND CLEMENTINE ST,COR
,,19C074912,02:32:37 08/17/19,f,ZZFwy Acc w/ inj,1,91 EB OC LINE GREEN RIVER,COR
YES,'Nature' garbled text (embedded symbol),19C074913,02:37:45 08/17/19,f,ZZFaint/Uncons,1,455 BLACKPINE DR,COR
,,19C074914,02:43:25 08/17/19,l,Suspicious Circ,3,3500 SUNMEADOW CIR ;POSS PROWLER,COR
,,19C074916,02:47:15 08/17/19,l,Loud Noise,3,621 STONEYBROOK DR; ASHTON APTS,COR
,,19C074917,02:48:06 08/17/19,l,911 Hangup,2,1661 LEESON LN,COR
,,19C074920,02:57:38 08/17/19,l,Susp Vehicle,3,200 N LINCOLN AVE; MOTEL 6,COR
,,19C074921,03:01:55 08/17/19,l,Auto Theft Past,3,841 HOTSPRING ST # F,COR
,,19C074922,03:13:42 08/17/19,l,Ped Check,4,CALIFORNIA AVE & TABER ST,COR
,,19C074923,03:22:32 08/17/19,l,Welfare Check,2,235 DEININGER CIR; MEDI WASTE DISPOSAL,COR
,,19C074925,03:26:19 08/17/19,l,Alarm Call,2,1151 POMONA RD # N; RSM IT TECH; RSMIT TECHN,COR
,,19C074926,03:44:50 08/17/19,l,911 Hangup,2,1230 S MAIN ST,COR
,,19C074929,04:07:21 08/17/19,l,911 Hangup,2,912 BURR ST,COR
,,19C074930,04:10:44 08/17/19,l,H&S Violation,3,2197 SAMPSON AVE; QUICKIES CAR WASH,COR
,,19C074931,04:16:19 08/17/19,l,Alarm Call,2,191 N MCKINLEY ST; CHUCK E CHEESE,COR
,,19C074932,04:47:45 08/17/19,l,911 Hangup,2,1218 E ONTARIO AVE,COR
,,19C074934,05:38:10 08/17/19,l,911 Hangup,2,1250 CORONA POINTE CT,COR
,,19C074935,05:40:49 08/17/19,f,ZZMedical Alert,1,801 MAGNOLIA AVE # 117,COR
,,19C074936,05:50:39 08/17/19,f,Cardiac Arrest,1,2600 S MAIN ST; #102A; CORONA POST ACUTE,COR
,,19C074937,05:54:08 08/17/19,l,Patrol Info,4,91 WB LINCOLN MAPLE,COR
,,19C074938,06:11:48 08/17/19,l,Alarm Call,2,342 BONNIE CIR;#101B;ARBOR CONSTRUCTION,COR
,,19C074939,06:16:16 08/17/19,l,911 Hangup,2,770 PUBLIC SAFETY WAY,COR
,,19C074940,06:48:52 08/17/19,l,Disturb Peace,3,1155 AQUAMARINE LN,COR
,,19C074941,07:22:47 08/17/19,f,ZZChest Pains,1,2755 WARDLOW RD,COR
,,19C074942,07:43:27 08/17/19,l,Standby,4,AZTEC LN & PARKVIEW DR,COR
,,19C074944,07:51:41 08/17/19,l,Property Check,4,1545 YORBA ST; PRECISION IMPORTS AUTO REPAIR INC,COR
,,19C074946,07:58:00 08/17/19,l,Comm Policing,4,598 SANTANA WAY; SANTANA PARK,COR
,,19C074947,08:11:49 08/17/19,l,Property Check,4,470 HIDDEN VALLEY PKWY,COR
,,19C074948,08:18:40 08/17/19,l,Property Check,4,1220 W ONTARIO AVE; CORONA FRIENDS CHURCH,COR
,,19C074950,08:46:17 08/17/19,l,Drunk In Public,2,1492 W SIXTH ST,COR
,,19C074951,08:49:19 08/17/19,l,Accident,2,MAGNOLIA AVE & 15 SB ON RAMP,COR
,,19C074953,09:09:59 08/17/19,f,ZZFwy UnkInjury,1,15 NB ONTARIO MAGNOLIA,COR
,,19C074954,09:10:12 08/17/19,l,Welfare Check,2,3710 HOWE ST,COR
,,19C074955,09:15:09 08/17/19,l,Alarm Call,2,4191 SHOALCREEK DR,COR
,,19C074956,09:18:23 08/17/19,l,Auto Theft Past,3,2460 MESQUITE LN,COR
,,19C074957,09:20:36 08/17/19,l,Traffic Detail,4,2400 SIERRA VILLA,
,,19C074959,09:24:49 08/17/19,l,Ill Parked Veh,4,2629 LAS MERCEDES LN,COR
,,19C074961,09:33:16 08/17/19,l,Patrol Info,4,1441 E SIXTH ST;CONNECTION CHURCH,COR
,,19C074963,09:48:25 08/17/19,l,Property Check,4,930 E SIXTH ST; CITY PARK,COR
,,19C074965,09:50:30 08/17/19,l,Suspicious Circ,3,2785 PALISADES DR,COR
,,19C074966,09:51:02 08/17/19,f,ZZBreathing,1,3490 BELVEDERE WAY,COR
,,19C074967,09:51:52 08/17/19,l,911 Hangup,2,1505 PLAZA DE NOCHE,COR
,,19C074968,09:54:59 08/17/19,l,Property Check,4,480 CORONA MALL,COR
,,19C074969,09:55:55 08/17/19,l,Area Check,3,1550 BERRY WAY,COR
,,19C074970,10:01:34 08/17/19,l,Property Check,4,1315 MAGNOLIA AVE; CHEVRON,COR
,,19C074972,10:08:00 08/17/19,l,Alarm Call,2,2210 GRFFIN WY # 101,COR
,,19C074973,10:09:28 08/17/19,l,Silent Comm 211,1,2210 GRIFFIN WY # 101,COR
,,19C074974,10:17:50 08/17/19,l,Patrol Info,4,965 S SMITH AVE,COR
,,19C074975,10:23:04 08/17/19,l,911 Hangup,2,2460 MESQUITE LN ; LL CONT,COR
,,19C074976,10:27:04 08/17/19,l,Property Check,4,400 PENROSE DR,COR
,,19C074977,10:29:50 08/17/19,l,Property Check,4,479 N MCKINLEY ST; WALMART,COR
,,19C074978,10:32:24 08/17/19,l,Traffic Stop,4,KELLOGG AVE & SANTANA WAY,COR
,,19C074980,10:38:03 08/17/19,l,Traffic Stop,4,KELLOGG AVE & E ONTARIO AVE,COR
,,19C074981,10:41:22 08/17/19,l,Traffic Stop,4,KELLOGG AVE & E ONTARIO AVE,COR
,,19C074982,10:46:27 08/17/19,l,Traffic Stop,4,N MAN & HIDDEN VALLEY; WF PLOT,
,,19C074983,10:46:47 08/17/19,l,Susp Vehicle,3,NORTHSTAR CIR & GRAPEVINE DR,COR
,,19C074984,10:47:51 08/17/19,l,Property Check,4,1900 AVIATION DR; CORONA AIRPORT,COR
,,19C074985,10:48:09 08/17/19,l,Property Check,4,1285 MAGNOLIA AVE; LOWES,COR
,,19C074986,10:48:11 08/17/19,l,Traffic Stop,4,S LINCOLN AVE & W ONTARIO AVE,COR
,,19C074987,10:51:30 08/17/19,l,H&S Violation,3,370 W GRAND BLVD,COR
,,19C074988,10:52:41 08/17/19,l,Property Check,4,THE CROSSINGS,COR
,,19C074989,10:53:17 08/17/19,l,Traffic Stop,4,S LINCOLN AVE & W ONTARIO AVE,COR
,,19C074990,10:54:20 08/17/19,l,Property Check,4,1075 E SIXTH ST ; NAT'L GUARD ARMORY,COR
,,19C074991,10:56:08 08/17/19,l,Hazard,3,POMONA RD & N LINCOLN AVE,COR
,,19C074992,10:59:35 08/17/19,l,Property Check,4,FOOTHILL AT SKYLINE,COR
,,19C074993,11:02:30 08/17/19,l,Traffic Stop,4,MANGULAR AVE & FREEDOM DR,COR
,,19C074994,11:03:37 08/17/19,l,911 Hangup,2,1780 SANDTRAP DR,COR
YES,'Location' garbled/scrambled text,19C074995,11:05:40 08/17/19,l,Alarm Call,2,2190 SADDLEBACK DR;NGUYEN RESD,COR
,,19C074998,11:09:34 08/17/19,l,911 Hangup,2,1150 W TENTH ST,COR
,,19C074999,11:15:26 08/17/19,l,Traffic Stop,4,1200 CANYON CREST DR; CFD 5,COR
,,19C075000,11:19:26 08/17/19,l,Traffic Stop,4,2500 S MAIN ST,COR
,,19C075001,11:21:27 08/17/19,f,ZZSmoke Com,1,3125 PALISADES DR,COR
,,19C075002,11:23:15 08/17/19,l,Traffic Stop,4,1200 CANYON CREST DR; CFD 5,COR
,,19C075003,11:28:38 08/17/19,l,Traffic Stop,4,S BELLE AVE & W KENDALL ST,COR
,,19C075004,11:30:48 08/17/19,l,Traffic Stop,4,GREEN RIVER RD & RIDGELINE DR,COR
,,19C075005,11:31:54 08/17/19,l,Disturb Peace,3,1432 W SIXTH ST,COR
,,19C075006,11:34:32 08/17/19,l,911 Hangup,2,665 W RINCON ST,COR
,,19C075008,11:40:19 08/17/19,l,Traffic Stop,4,GREEN RIVER RD & DOMINGUEZ RANCH RD,COR
,,19C075009,11:42:46 08/17/19,l,Vehicle Check,4,AMBER GLEN ST & ORANGE CREST ST,COR
,,19C075010,11:45:56 08/17/19,l,911 Hangup,2,1400 CIRCLE CITY DR,COR
,,19C075011,11:46:08 08/17/19,l,Assist Othr Dpt,2,1900 AVIATION DR; CORONA AIRPORT,COR
,,19C075013,11:48:10 08/17/19,f,ZZFall,1,1400 CIRCLE CITY DR;#102A,COR
,,19C075014,11:48:21 08/17/19,l,Patrol Info,4,813 ALSACE DR,COR
,,19C075015,11:51:51 08/17/19,l,Traffic Stop,4,W FOOTHILL PKWY & PASEO GRANDE,COR
,,19C075017,12:00:50 08/17/19,l,911 Hangup,2,573 N MCKINLEY ST,COR
,,19C075018,12:01:52 08/17/19,l,Trespass,3,1900 AVIATION DR,COR
,,19C075020,12:04:01 08/17/19,l,Drunk In Public,2,1540 W SIXTH ST,COR
,,19C075021,12:05:21 08/17/19,l,911 Hangup,2,1100 RIVER RD,COR
,,19C075022,12:08:08 08/17/19,l,Welfare Check,2,4901 GREEN RIVER RD # 319,COR
,,19C075023,12:09:19 08/17/19,f,ZZAllergies,1,1205 MAGNOLIA AVE,COR
,,19C075024,12:11:18 08/17/19,l,911 Hangup,2,881 CORSICA DR,COR
,,19C075027,12:14:22 08/17/19,l,911 Hangup,2,953 RIMPAU AVE # 205,COR
,,19C075028,12:16:29 08/17/19,l,Accident,2,SPRINGBROOK ST & RIVER RD,COR
,,19C075029,12:17:07 08/17/19,l,911 Hangup,2,953 RIMPAU AVE # 205,COR
,,19C075030,12:17:32 08/17/19,l,Susp Person,3,W RINCON ST & N LINCOLN AVE,COR
,,19C075032,12:34:54 08/17/19,l,Domestic Distur,2,2349 MCNEIL CIR,COR
,,19C075033,12:36:15 08/17/19,l,Property Check,4,988 W ONTARIO AVE; NORTHPOINT EVANGELICAL FREE CHURCH,COR
,,19C075034,12:41:10 08/17/19,l,Patrol Info,4,E SIXTH ST & S MAIN ST,COR
,,19C075035,12:50:38 08/17/19,l,Ill Parked Veh,4,1520 MARIPOSA DR,COR
,,19C075038,13:01:14 08/17/19,lf,Man Down,1,237 RIVER RD,COR
,,19C075039,13:02:33 08/17/19,l,911 Hangup,2,881 CORSICA DR,COR
,,19C075041,13:05:31 08/17/19,l,Auto Theft Rec,4,841 HOTSPRING ST # F,COR
,,19C075042,13:09:47 08/17/19,f,ZZSick,1,1834 ADRIENNE DR,COR
,,19C075043,13:09:48 08/17/19,l,Area Check,3,W RINCON ST & N LINCOLN AVE,COR
,,19C075044,13:09:49 08/17/19,l,911 Hangup,2,2088 DOVE CT,COR
,,19C075045,13:11:58 08/17/19,f,ZZSick,1,3921 MOUNT TESORO CIR,COR
,,19C075046,13:17:52 08/17/19,l,Under Influence,2,1048 BEVERLY RD,COR
,,19C075048,13:25:51 08/17/19,f,ZZFall,1,330 N MCKINLEY ST,COR
,,19C075049,13:26:53 08/17/19,l,Property Check,4,803 SERRANO DR,COR
,,19C075052,13:29:19 08/17/19,l,DV-Assault Past,3,2245 TREEHOUSE LN # 206,COR
,,19C075054,13:34:56 08/17/19,l,Battery Past,3,1274 BATHPORT WAY,COR
,,19C075056,13:45:58 08/17/19,l,Susp Person,3,1034 VIEWPOINTE LN,COR
,,19C075057,13:48:42 08/17/19,l,Follow Up,4,525 CARDIFF ST,COR
,,19C075059,13:53:38 08/17/19,l,Loud Noise,3,777 S TEMESCAL ST # 46,COR
,,19C075061,13:54:59 08/17/19,f,ZZSick,1,1500 EVERGREEN LN,COR
,,19C075063,14:06:50 08/17/19,l,911 Hangup,2,3899 S NEECE ST,HGS
,,19C075064,14:07:46 08/17/19,l,911 Hangup,2,881 CORSICA DR,COR
,,19C075065,14:08:32 08/17/19,l,Shoplifting,3,720 N MAIN ST; BURLINGTON COAT,COR
,,19C075066,14:08:33 08/17/19,l,911 Hangup,2,881 CORSICA DR,COR
,,19C075067,14:08:55 08/17/19,l,Property Check,4,450 AUTO CENTER DR; IN N OUT BURGER 25,COR
,,19C075068,14:12:31 08/17/19,l,911 Hangup,2,1248 W SIXTH ST,COR
,,19C075070,14:15:08 08/17/19,l,911 Hangup,2,927 W SIXTH ST,COR
,,19C075071,14:16:31 08/17/19,l,Alarm Call,2,803 SERRANO DR,COR
,,19C075072,14:16:49 08/17/19,l,Test,4,803 SERRANO DR,COR
,,19C075073,14:19:56 08/17/19,l,Property Check,4,2410 WARDLOW RD; JENSON U S A AT WESTGATE CENTER,COR
,,19C075074,14:24:44 08/17/19,l,Test,4,803 SERRANO DR,COR
,,19C075075,14:29:29 08/17/19,l,911 Hangup,2,3100 S MAIN ST,COR
,,19C075076,14:30:59 08/17/19,l,Traffic Stop,4,MASTERS DR & MORALES WAY,COR
,,19C075077,14:32:57 08/17/19,l,911 Hangup,2,1406 W SIXTH ST; PHASE 2,COR
,,19C075079,14:39:09 08/17/19,l,911 Hangup,2,1000 W RINCON ST; PHASE 2,COR
,,19C075080,14:41:11 08/17/19,l,Traffic Stop,4,MASTERS DR & MORALES WAY,COR
,,19C075081,14:41:24 08/17/19,f,ZZSick,1,2060 ADOBE AVE,COR
,,19C075082,14:42:20 08/17/19,l,Susp Person,3,E SIXTH ST & EL SOBRANTE RD,COR
,,19C075083,14:44:26 08/17/19,l,Stranded Veh,3,PROMENADE AVE & AVONDALE DR,COR
,,19C075084,14:45:58 08/17/19,l,Traffic Stop,4,MASTERS DR & MORALES WAY,COR
,,19C075086,14:46:52 08/17/19,l,Comm Burg Past,4,1351 POMONA RD; #2095,COR
,,19C075087,14:53:32 08/17/19,l,Traffic Stop,4,MASTERS DR & MORALES WAY,COR
,,19C075088,15:01:51 08/17/19,l,Traffic Stop,4,MASTERS DR & MORALES WAY,COR
,,19C075089,15:04:07 08/17/19,l,911 Hangup,2,1330 HAMNER AVE,NOR
,,19C075091,15:10:12 08/17/19,l,Ill Parked Veh,4,2260 GRIFFIN WAY; AYRES SUITES,COR
,,19C075092,15:12:43 08/17/19,l,Alarm Call,2,1150 W TENTH ST,COR
,,19C075093,15:13:55 08/17/19,l,Traffic Stop,4,MORALES WAY & MASTERS DR,COR
,,19C075094,15:14:24 08/17/19,l,Petty Theft P,4,902 PINE ST,COR
,,19C075097,15:39:43 08/17/19,l,911 Hangup,2,3755 ELLIS ST,HGS
,,19C075098,15:40:20 08/17/19,l,Susp Vehicle,3,140 W ONTARIO AVE,COR
,,19C075099,15:40:27 08/17/19,lf,Assault Weapon,1,2980 GARRETSON AVE;SUSP CIRCS,COR
,,19C075100,15:47:09 08/17/19,f,ZZBreathing,1,3755 ELLIS ST,HGS
,,19C075102,15:52:03 08/17/19,l,Traffic Stop,4,GRIFFIN WAY & DYLAN CIR,COR
,,19C075103,15:56:24 08/17/19,l,Keep The Peace,3,470 WELLESLEY DR # 106,COR
,,19C075105,16:02:03 08/17/19,l,Traffic Stop,4,PROMENADE AVE & BUCHANAN ST,COR
,,19C075106,16:04:49 08/17/19,l,Fraud Past,4,321 W RINCON ST;#2-120;LL CONT,COR
,,19C075107,16:06:09 08/17/19,l,911 Hangup,2,330 N MCKINLEY ST,COR
,,19C075108,16:15:41 08/17/19,l,Traffic Stop,4,W SIXTH ST & S BELLE AVE,COR
,,19C075109,16:16:25 08/17/19,lf,Man Down,1,564 E SIXTH ST;JERRY'S LIQUOR,COR
,,19C075111,16:20:17 08/17/19,l,Solicitor,3,1111 VISTA LOMAS LN,COR
,,19C075113,16:21:32 08/17/19,l,Traffic Stop,4,W SECOND ST & S LINCOLN AVE,COR
,,19C075115,16:26:37 08/17/19,l,Traffic Stop,4,EB 91 / SECOND,
,,19C075116,16:26:52 08/17/19,lf,Attempt Suicide,1,801 ALDER ST;STAGE,COR
,,19C075117,16:36:10 08/17/19,l,Susp Person,3,GREEN RIVER RD & DEL MAR WAY,COR
,,19C075118,16:43:53 08/17/19,l,Disturb Peace,3,1650 GARRETSON AVE;GARRETSON ELEMENTARY,COR
,,19C075121,16:54:28 08/17/19,l,911 Hangup,2,725 E GRAND BLVD; 7 11 STORE EAST,COR
,,19C075124,16:57:20 08/17/19,l,911 Hangup,2,585 REDWING DR,COR
,,19C075126,17:03:06 08/17/19,l,Disturb Peace P,4,1400 CIRCLE CITY DR;LL CONT,COR
,,19C075127,17:03:48 08/17/19,l,Special Detail,4,DOS LAGOS,COR
,,19C075128,17:12:54 08/17/19,l,911 Hangup,2,950 W ONTARIO AVE,COR
,,19C075129,17:13:14 08/17/19,l,Area Check,3,POMONA RD & AMERICAN CIR,COR
,,19C075130,17:13:20 08/17/19,l,911 Hangup,2,1218 E ONTARIO AVE,COR
YES,'Location' garbled/scrambled text,19C075131,17:19:50 08/17/19,f,ZZFwy Acc w/ inj,1,91 EB SERFAS CLUB 6TH STMAPLE,COR
,,19C075132,17:20:14 08/17/19,l,Patrol Info,4,E SIXTH ST & MAGNOLIA AVE,COR
,,19C075133,17:21:35 08/17/19,l,Accident,2,S LINCOLN AVE & W FOOTHILL PKWY,COR
,,19C075136,17:27:03 08/17/19,l,Welfare Check,2,3111 BIGHORN DR;LL CONT IF NO PD RESPONSE,COR
,,19C075137,17:30:51 08/17/19,f,ZZFall,1,2586 PINNACLE CIR,COR
,,19C075144,17:54:44 08/17/19,l,Disturb Peace,3,1274 BATHPORT WAY,COR
,,19C075146,17:58:09 08/17/19,l,Alarm Call,2,4074 ELDERBERRY CIR; DURESS,COR
,,19C075147,17:58:53 08/17/19,l,Alarm Call,2,1209 ROSEMARY CIR,COR
,,19C075148,18:01:12 08/17/19,l,911 Hangup,2,482 N MCKINLEY ST;ABAN PHS2,COR
,,19C075149,18:01:50 08/17/19,l,Alarm Call,2,2183 NEWTON DR,COR
,,19C075151,18:14:55 08/17/19,l,Susp Person,3,1011 W CITRON ST;POSS 496,COR
,,19C075152,18:18:00 08/17/19,l,Patrol Info,4,CORONA AVE NORCO,
,,19C075153,18:20:02 08/17/19,l,Citizen Contact,3,1267 W SIXTH ST;JAY'S LIQOUR,COR
,,19C075154,18:24:05 08/17/19,l,911 Hangup,2,1701 RED DAWN VIEW CIR,COR
,,19C075155,18:25:06 08/17/19,l,Property Check,4,803 SERRANO DR,COR
,,19C075157,18:26:49 08/17/19,l,Traffic Stop,4,S NORMANDY TERRACE & BURR ST,COR
,,19C075158,18:26:52 08/17/19,l,Welfare Check,2,4400 LEONARD WAY,COR
,,19C075162,18:42:47 08/17/19,l,Z-Animal Svcs,4,730 PUBLIC SAFETY WAY,COR
,,19C075163,18:46:03 08/17/19,l,Traffic Stop,4,MASTERS DR & CAMINO DE SALMON ST,COR
,,19C075166,18:52:54 08/17/19,l,Traffic Stop,4,MASTERS DR & NELSON ST,COR
,,19C075167,18:57:08 08/17/19,f,ZZSick,1,1203 W SIXTH ST # 19,COR
,,19C075168,18:57:21 08/17/19,l,Property Check,4,893 RIMPAU AVE # 5,COR
,,19C075169,18:58:54 08/17/19,l,Dist/Verbal,2,1048 BEVERLY RD,COR
,,19C075170,19:01:07 08/17/19,f,ZZSeizure,1,1346 TAYLOR AVE,COR
,,19C075173,19:09:32 08/17/19,l,Accident,2,901 S SMITH AVE;SINGLE VEH INTO GATE DUI,COR
,,19C075175,19:11:40 08/17/19,l,Domestic Distur,2,777 S TEMESCAL ST # 117; CORONA LA LINDA MHP; SEPARATED,COR
,,19C075176,19:12:42 08/17/19,l,Traffic Stop,4,930 E SIXTH ST; CITY PARK,COR
,,19C075178,19:13:36 08/17/19,l,Welfare Check,2,3700 COLUMBIA CIR,COR
,,19C075179,19:13:42 08/17/19,lf,Choking,1,992 FIRST ST,NOR
YES,'Location' garbled/scrambled text,19C075180,19:20:08 08/17/19,l,Trespass,3,4269 CASTLEPEAK DR;POSS SQUATTERS,COR
,,19C075182,19:27:15 08/17/19,l,Susp Vehicle,3,968 AVENIDA DEL VISTA # 9,COR
,,19C075183,19:30:42 08/17/19,l,Drunk In Public,2,S SHERMAN AVE & D ST,COR
,,19C075184,19:30:44 08/17/19,l,Alarm Call,2,2159 EUREKA ST;KEYPAD PANIC,COR
,,19C075185,19:32:01 08/17/19,f,ZZCommrcal Alrm,1,2600 S MAIN ST,COR
,,19C075186,19:34:07 08/17/19,l,Alarm Call,2,1684 PASEO VISTA ST,COR
,,19C075187,19:36:20 08/17/19,l,Hazard,3,E ONTARIO AVE & 15 SB OFF RAMP,COR
,,19C075196,19:52:24 08/17/19,l,Shots Heard,3,1307 W SIXTH ST;LIVE HAIR SHOP,COR
,,19C075197,19:52:25 08/17/19,l,Susp Person,3,109 N MCKINLEY ST;FOOD FOR LESS,COR
,,19C075200,19:53:43 08/17/19,l,911 Hangup,2,770 MCGRATH DR,
,,19C075203,20:01:48 08/17/19,f,ZZBreathing,1,938 MESA VERDE AVE # D,COR
,,19C075204,20:01:58 08/17/19,l,Stranded Veh,3,PASEO GRANDE & W SIXTH ST,COR
,,19C075205,20:03:39 08/17/19,l,Alarm Call,2,200 S MAIN ST # 200; ROBERTSONS READY MIX,COR
,,19C075209,20:21:58 08/17/19,l,Dist/Verbal,2,1048 BEVERLY RD; 2ND RESPONSE,COR
,,19C075210,20:25:33 08/17/19,l,DV-Assault Past,3,694 AZURE LN # 4,COR
,,19C075211,20:26:23 08/17/19,l,Property Check,4,1014 W SIXTH ST,COR
,,19C075213,20:33:28 08/17/19,l,911 Hangup,2,970 HORATIO AVE,COR
,,19C075214,20:34:00 08/17/19,l,Vehicle Check,4,1150 PASEO GRANDE; CESAR CHAVEZ ELEMENTARY SCHOOL,COR
,,19C075216,20:45:25 08/17/19,l,Loud Party,3,1293 MARRIOTT CIR,COR
,,19C075217,20:45:32 08/17/19,f,ZZFall,1,1400 CIRCLE CITY DR; #32A; CORONA CARE,COR
,,19C075218,20:46:08 08/17/19,l,Assist Othr Dpt,3,COMPTON AVE & E ONTARIO AVE,COR
,,19C075219,20:47:24 08/17/19,l,Loud Party,3,1499 CRESTA RD,COR
,,19C075220,20:55:36 08/17/19,l,911 Hangup,2,839 W SEVENTH ST;PHS2,COR
,,19C075221,20:56:10 08/17/19,l,Stranded Veh,3,S MAIN ST & 91 EB OFF RAMP,COR
,,19C075222,21:02:17 08/17/19,lf,DV-Assault,1,824 VIEWPOINTE LN,COR
,,19C075223,21:06:40 08/17/19,l,Alarm Call,2,1150 W TENTH ST; CORONA HIGH SCHOOL,COR
,,19C075224,21:11:36 08/17/19,l,Property Check,4,1757 VIA DEL RIO; CORONITA ELEMENTARY SCHOOL,COR
,,19C075225,21:11:42 08/17/19,l,Property Check,4,418 N MAIN ST,COR
,,19C075226,21:13:03 08/17/19,l,911 Hangup,2,3188 BRUNSTANE CIR,COR
,,19C075228,21:18:42 08/17/19,l,Susp Vehicle,3,2470 TUSCANY ST,COR
,,19C075229,21:21:24 08/17/19,l,Susp Person,3,2593 INDEPENDENCE WAY,COR
,,19C075232,21:34:26 08/17/19,l,Z-Barking Dog,4,473 SHENANDOAH RD,COR
,,19C075233,21:35:25 08/17/19,l,911 Hangup,2,598 SANTANA WAY,COR
,,19C075234,21:35:39 08/17/19,l,Patrol Info,4,2593 INDEPENDENCE WAY,COR
,,19C075235,21:36:44 08/17/19,l,Ped Check,4,2368 CENTENNIAL WAY,COR
,,19C075236,21:37:15 08/17/19,l,Property Check,4,2125 STAGECOACH DR; STAGECOACH PARK,COR
,,19C075237,21:41:13 08/17/19,lf,Accident Unknwn,1,W SIXTH ST & S SHERMAN AVE,COR
,,19C075238,21:52:49 08/17/19,l,Traffic Stop,4,S MAIN ST & E FOURTH ST,COR
,,19C075240,22:01:17 08/17/19,f,ZZFall,1,1330 W SIXTH ST,COR
,,19C075241,22:09:16 08/17/19,l,Traffic Stop,4,W SIXTH ST & S VICENTIA AVE,COR
,,19C075242,22:10:39 08/17/19,l,Area Check,3,1602 S MAIN ST,COR
,,19C075243,22:11:26 08/17/19,l,Loud Party,3,924 BLUE CREST ST,COR
,,19C075244,22:15:27 08/17/19,l,Traffic Stop,4,N MCKINLEY ST & 91 WEST BOUND OFF RAMP,COR
,,19C075245,22:15:58 08/17/19,l,Property Check,4,1698 W SIXTH ST,COR
,,19C075246,22:16:03 08/17/19,l,Loud Party,3,349 APPLEBY ST,COR
,,19C075247,22:20:02 08/17/19,l,911 Hangup,2,2585 S MAIN ST,COR
,,19C075248,22:25:01 08/17/19,l,Patrol Info,4,2634 LADERA CIR,COR
,,19C075249,22:36:23 08/17/19,l,Alarm Call,2,412 JENKS CIR,COR
,,19C075250,22:38:12 08/17/19,l,Susp Person,3,1622 SUMAC PL,COR
,,19C075251,22:43:36 08/17/19,l,Dist/Physical,1,4507 CABOT DR,COR
,,19C075253,22:47:32 08/17/19,l,Alarm Call,2,1390 W SIXTH ST; #100; SHADES OF AFRICA,COR
,,19C075255,22:54:33 08/17/19,l,Property Check,4,200 N LINCOLN AVE; MOTEL 6,COR
,,19C075256,22:54:52 08/17/19,lf,Accident Unknwn,1,2280 AVENIDA DEL VISTA ; VEH VS POLE,COR
,,19C075260,23:04:51 08/17/19,l,Loud Party,3,2940 GARRETSON AVE,COR
,,19C075261,23:07:05 08/17/19,f,ZZMedical Alert,1,840 ASPEN ST,COR
,,19C075262,23:08:14 08/17/19,l,Ped Check,4,573 N MCKINLEY ST,COR
,,19C075263,23:09:01 08/17/19,l,Area Check,3,3483 SKYVIEW LN,COR
,,19C075264,23:09:47 08/17/19,l,911 Hangup,2,4159 WINDSPRING ST,COR
,,19C075266,23:15:41 08/17/19,l,Property Check,4,2790 CABOT DR # 165; TRADER JOES,COR
,,19C075267,23:21:02 08/17/19,l,Susp Person,3,3455 BRAEMAR LN; ATTMPT 459V,COR
,,19C075269,23:27:42 08/17/19,l,Susp Vehicle,3,210 W ELEVENTH ST,COR
,,19C075271,23:39:52 08/17/19,l,Alarm Call,2,1150 W TENTH ST; CORONA HIGH SCHOOL,COR
,,19C075272,23:44:22 08/17/19,l,Loud Party,3,1496 TODD CIR,COR
,,19C075274,23:46:31 08/17/19,l,Shots Fired,1,314 E SIXTH ST,COR
,,19C075275,23:47:15 08/17/19,l,Patrol Info,4,S LINCOLN AVE & W SIXTH ST,COR
,,19C075276,23:49:12 08/17/19,l,Domestic Distur,2,921 PRIMROSE LN,COR
,,19C075280,23:58:40 08/17/19,l,Suspicious Circ,3,1250 SANTANA WAY;CITRUS PARK,COR
,,19C075281,00:01:09 08/18/19,l,911 Hangup,2,2870 RAGLE WAY,COR
,,19C075283,00:02:53 08/18/19,l,Loud Noise,3,935 N MCKINLEY ST,COR
,,19C075284,00:05:17 08/18/19,l,Property Check,4,803 SERRANO DR,COR
,,19C075287,00:11:11 08/18/19,l,Susp Vehicle,3,1560 W SIXTH ST,COR
,,19C075288,00:20:13 08/18/19,l,Loud Party,3,805 ATLANTIC CIR,COR
,,19C075290,00:23:16 08/18/19,l,Susp Person,3,2221 CORIANDER CIR,COR
,,19C075291,00:25:51 08/18/19,l,Rape Past,2,1215 D ST;UNK APT #,COR
,,19C075293,00:32:03 08/18/19,l,Traffic Stop,4,N SHERIDAN ST & W RINCON ST,COR
,,19C075294,00:35:24 08/18/19,l,Traffic Stop,4,S LINCOLN AVE & RICKSON WAY,COR
,,19C075295,00:51:18 08/18/19,f,ZZChest Pains,1,21650 TEMESCAL CANYON RD # 46,TEM
,,19C075296,01:00:24 08/18/19,l,Loud Noise,3,362 BLACKPINE DR,COR
,,19C075297,01:00:41 08/18/19,l,911 Hangup,2,954 HARBOR ST,COR
,,19C075298,01:02:36 08/18/19,f,ZZBreathing,1,2489 CALIFORNIA AVE;#161,COR
,,19C075301,01:04:51 08/18/19,l,Shots Heard,3,1940 GEORGETOWN DR,COR
,,19C075302,01:10:36 08/18/19,l,911 Hangup,2,881 CORSICA DR;PHS2,COR
,,19C075305,01:22:01 08/18/19,l,Dist/Verbal,2,103 E THIRD ST; DEL TACO,COR
,,19C075306,01:31:46 08/18/19,lf,DV-Assault,1,814 W GRAND BLVD,COR
,,19C075310,01:44:37 08/18/19,l,Loud Party,3,829 W EIGHTH ST,COR
,,19C075311,01:46:11 08/18/19,l,Susp Vehicle,3,2455 WARDLOW RD;POSS 459C,COR
,,19C075312,01:53:21 08/18/19,l,Alarm Call,2,418 N MAIN ST; LEASING OFFICE,COR
,,19C075313,01:54:02 08/18/19,l,911 Hangup,2,1574 PLEASANT VIEW AVE,COR
,,19C075314,01:54:53 08/18/19,l,Patrol Info,4,RIVER RD & CORYDON AVE,COR
,,19C075315,01:58:13 08/18/19,l,911 Hangup,2,890 W PARKRIDGE AVE,NOR
,,19C075316,02:02:15 08/18/19,l,Property Check,4,803 SERRANO DR,COR
,,19C075318,02:12:32 08/18/19,l,911 Hangup,2,701 W NINTH ST,COR
,,19C075319,02:13:46 08/18/19,l,911 Hangup,2,1150 W TENTH ST,COR
,,19C075320,02:24:23 08/18/19,l,Disturb Peace,3,520 RICHEY ST # 101; HILLS APTS,COR
,,19C075321,02:25:05 08/18/19,l,Alarm Call,2,1880 N DELILAH ST,COR
,,19C075322,02:26:34 08/18/19,l,Susp Person,3,649 AVONDALE DR,COR
,,19C075325,02:33:40 08/18/19,f,Accident Inj,1,20310 TEMESCAL CANYON RD,ELC
,,19C075327,02:40:09 08/18/19,l,Dist/Physical,1,W ONTARIO AVE & S BUENA VISTA AVE,COR
,,19C075328,02:51:57 08/18/19,l,Alarm Call,2,2175 SAMPSON AVE # 123; MAIHAN DESTRIBUTERS,COR
,,19C075329,03:01:04 08/18/19,f,ZZFwy UnkInjury,1,15 SB ON RAMP & EL CERRITO RD,ELC
,,19C075330,03:02:08 08/18/19,l,Vehicle Check,4,225 W SIXTH ST; CITIZENS BANK,COR
,,19C075331,03:04:56 08/18/19,l,Property Check,4,1701 W SIXTH ST,COR
,,19C075332,03:10:08 08/18/19,l,911 Hangup,2,881 CORSICA DR,COR
,,19C075335,03:16:33 08/18/19,l,Ped Check,4,W FIFTH ST & S LINCOLN AVE,COR
,,19C075336,03:20:21 08/18/19,l,Susp Person,3,1290 E ONTARIO AVE; WALMART,COR
,,19C075337,03:23:14 08/18/19,f,ZZSick,1,1405 SAN PONTE RD,COR
,,19C075338,03:30:45 08/18/19,l,Property Check,4,130 W FOOTHILL PKWY; CHEVRON GAS,COR
,,19C075339,03:34:31 08/18/19,l,Alarm Call,2,1026 MOUNTAIN GROVE LN,COR
,,19C075340,03:54:49 08/18/19,l,Vehicle Check,4,1886 BUTTERFIELD DR; BUTTERFIELD PARK,COR
,,19C075342,04:21:41 08/18/19,l,Susp Vehicle,3,1600 MONTANA RANCH RD,COR
,,19C075343,04:22:01 08/18/19,l,Additional Info,4,814 W GRAND BLVD ; 19C975306,COR
,,19C075344,04:25:18 08/18/19,l,Alarm Call,2,372 N MCKINLEY ST; WELLS FARGO ATM,COR
,,19C075345,04:43:50 08/18/19,,,,3690 ASBURY CIR,COR
,,19C075346,04:47:53 08/18/19,l,Drunk Driver,2,N MCKINLEY ST & GRIFFIN WAY ; RP FOLLOWING OFF DUTY,COR
,,19C075347,04:50:16 08/18/19,f,ZZAbdominalPa in,1,910 S BELLE AVE # 111,COR
,,19C075348,05:18:52 08/18/19,f,ZZSick,1,423 JENKS CIR; CALVARY AMBULANCE,COR
,,19C075350,05:44:32 08/18/19,l,Traffic Stop,4,N MAIN ST & E PARKRIDGE AVE,COR
,,19C075351,06:06:33 08/18/19,l,DV-Assault,1,591 WELLESLEY DR # 104,COR
,,19C075352,06:10:57 08/18/19,l,Susp Vehicle,3,210 W ELEVENTH ST,COR
,,19C075353,06:22:50 08/18/19,l,Traffic Stop,4,W SIXTH ST & S LINCOLN AVE,COR
,,19C075354,06:32:05 08/18/19,l,Traffic Stop,4,W SIXTH ST & S LINCOLN AVE,COR
,,19C075355,06:34:59 08/18/19,l,Alarm Call,2,2380 FULLERTON; CROSSROADS CHRISTIAN,COR
,,19C075356,06:39:02 08/18/19,l,Traffic Stop,4,S LINCOLN AVE & W SIXTH ST,COR
,,19C075357,06:46:22 08/18/19,l,Traffic Stop,4,W SIXTH ST & S LINCOLN AVE,COR
,,19C075358,06:51:39 08/18/19,l,Traffic Stop,4,W SIXTH ST & S LINCOLN AVE,COR
,,19C075359,06:56:38 08/18/19,l,Traffic Stop,4,S LINCOLN AVE & W SEVENTH ST,COR
,,19C075361,07:03:37 08/18/19,l,Traffic Stop,4,S LINCOLN AVE & S LINCOLN AVE,COR
,,19C075362,07:08:53 08/18/19,l,Suspicious Circ,3,PROMENADE AVE & KENNEDY DR,COR
,,19C075363,07:11:12 08/18/19,l,Traffic Stop,4,W EIGHTH ST & S LINCOLN AVE,COR
,,19C075364,07:12:07 08/18/19,l,Property Check,4,260 W FOOTHILL PKWY,COR
,,19C075365,07:17:58 08/18/19,l,Z-Animal Svcs,4,RAILROAD ST & N COTA ST,COR
,,19C075366,07:21:39 08/18/19,l,Traffic Stop,4,W TENTH ST & S LINCOLN AVE,COR
,,19C075367,07:28:22 08/18/19,l,DV-Assault,1,413 S HOWARD ST,COR
,,19C075368,07:29:28 08/18/19,l,Traffic Stop,4,W SIXTH ST & S LINCOLN AVE,COR
,,19C075369,07:37:22 08/18/19,l,Traffic Stop,4,W SEVENTH ST & HARRIS ST,COR
,,19C075370,07:39:57 08/18/19,l,Assist Othr Dpt,3,690 AZURE LN # 2,COR
,,19C075371,07:42:51 08/18/19,l,Alarm Call,2,696 W ORANGE HEIGHTS LN,COR
,,19C075372,07:49:56 08/18/19,l,Property Check,4,2790 CALIFORNIA AVE; BETH SHALOM MESSIANIC JEWISH CONGREGATI,COR
,,19C075373,07:59:20 08/18/19,l,Susp Person,3,852 W SIXTH ST;ENTERPRISE RENT A CAR,COR
,,19C075374,08:09:20 08/18/19,l,Traffic Stop,4,W FIFTH ST & S MAIN ST,COR
,,19C075376,08:25:34 08/18/19,l,Grand Theft P,4,1355 E ONTARIO AVE; HOME DEPOT,COR
,,19C075377,08:27:39 08/18/19,l,Susp Person,3,852 W SIXTH ST;ENTERPRISE RENT A CAR,COR
,,19C075378,08:31:20 08/18/19,l,Welfare Check,2,359 FALMOUTH CT # 201,COR
,,19C075379,08:32:57 08/18/19,l,Welfare Check,2,3450 SUMMITPOINTE CIR,COR
,,19C075380,08:33:02 08/18/19,l,Property Check,4,260 W FOOTHILL PKWY; ALBERTSONS 728 AT MOUNTAINGATE MARKETPL,COR
,,19C075382,08:41:43 08/18/19,i,911 Hangup,2,1239 E ST,COR
,,19C075381,08:41:43 08/18/19,l,Ped Check,4,1034 W SIXTH ST,COR
,,19C075385,08:46:13 08/18/19,l,Ped Check,4,1111 W SIXTH ST,COR
,,19C075387,08:51:16 08/18/19,l,Comm Policing,4,2331 KELLOGG AVE # A; CROSSROADS CHURCH,COR
,,19C075388,08:54:41 08/18/19,l,Traffic Stop,4,1322 W SIXTH ST; CVS PHARMACY 6TH AND SHERMAN,COR
,,19C075389,08:55:26 08/18/19,i,Citizen Contact,3,1400 EL SOBRANTE RD,COR
,,19C075390,08:56:23 08/18/19,l,Hazard,3,TEMESCAL CANYON RD & BLUE SPRINGS DR,COR
,,19C075395,09:15:55 08/18/19,l,Property Check,4,1395 E FOOTHILL PKWY,COR
,,19C075396,09:16:55 08/18/19,f,ZZPublicSrvceF,2,1051 QUARRY ST,COR
,,19C075398,09:33:09 08/18/19,lf,Man Down,1,1550 E ONTARIO AVE,COR
,,19C075399,09:33:29 08/18/19,f,ZZSick,1,19500 TEMESCAL CANYON,ELC
,,19C075400,09:38:56 08/18/19,l,Patrol Info,4,W TENTH ST & S SHERMAN AVE,COR
,,19C075402,09:39:15 08/18/19,l,Traffic Stop,4,3877 BEDFORD CANYON RD; WELLS FARGO BANK,COR
,,19C075405,09:50:32 08/18/19,l,Property Check,4,260 W FOOTHILL PKWY; ALBERTSONS,COR
,,19C075406,09:53:39 08/18/19,l,Traffic Stop,4,GREEN RIVER RD & MONTANA RANCH RD,COR
,,19C075407,09:55:40 08/18/19,l,Court Order Vio,3,543 CHELSEA WAY,COR
,,19C075408,10:01:35 08/18/19,l,Traffic Stop,4,GREEN RIVER RD & SAN SIMEON DR,COR
,,19C075409,10:05:57 08/18/19,l,911 Hangup,2,2790 HAMNER AVE,NOR
,,19C075411,10:07:43 08/18/19,f,ZZChest Pains,1,737 MAGNOLIA AVE # 315,COR
,,19C075412,10:09:12 08/18/19,l,Traffic Stop,4,GREEN RIVER RD & SAN SIMEON DR,COR
,,19C075413,10:11:14 08/18/19,l,Property Check,4,800 S MAIN ST; CORONA REGIONAL MEDICAL CENTER,COR
,,19C075414,10:12:32 08/18/19,l,Property Check,4,410 RIVER RD,COR
,,19C075415,10:13:21 08/18/19,l,Traffic Stop,4,PASEO GRANDE & W FOOTHILL PKWY,COR
,,19C075416,10:17:22 08/18/19,l,Traffic Detail,4,W FOOTHILL PKWY & PASEO GRANDE,COR
,,19C075417,10:23:16 08/18/19,l,Drunk In Public,2,851 HOTSPRING ST;AVANA SPRINGS APTS,COR
,,19C075418,10:26:01 08/18/19,l,Property Check,4,130 W FOOTHILL PKWY; CHEVRON GAS,COR
,,19C075419,10:27:10 08/18/19,lf,Man Down,1,S JOY ST & E GRAND BLVD,COR
,,19C075420,10:36:17 08/18/19,f,ZZSick,1,23900 TOWISH DR,TEM
,,19C075421,10:37:26 08/18/19,l,Alarm Call,2,341 BONNIE CIR;#101B,COR
,,19C075423,10:44:48 08/18/19,l,Disturb Peace,3,E ONTARIO AVE & CALIFORNIA AVE,COR
,,19C075424,10:48:56 08/18/19,l,DV-Assault Past,3,814 W GRAND BLVD # #1-2,COR
,,19C075426,10:52:11 08/18/19,l,Dist/Verbal,2,1428 PLEASANT VIEW AVE,COR
,,19C075427,10:55:50 08/18/19,l,911 Hangup,2,1611 S LINCOLN AVE,COR
,,19C075428,10:58:30 08/18/19,l,Patrol Info,4,MAGNOLIA AVE & E ONTARIO AVE,COR
,,19C075429,11:00:06 08/18/19,l,Dist/Verbal,2,1428 PLEASANT VIEW AVE,COR
,,19C075430,11:09:17 08/18/19,l,Property Check,4,300 TOMPKINS CIR,COR
,,19C075431,11:17:16 08/18/19,f,ZZFall,1,632 MESA DR,COR
,,19C075433,11:20:22 08/18/19,l,Additional Info,4,MAGNOLIA AVE & E ONTARIO AVE;20002;LL CONT,COR
,,19C075435,11:21:20 08/18/19,l,Property Check,4,560 S PROMENADE AVE,COR
,,19C075436,11:25:18 08/18/19,l,Test,4,730 PUBLIC SAFETY WAY,COR
,,19C075437,11:30:08 08/18/19,l,Public Service,3,2980 GARRETSON AVE,COR
,,19C075438,11:30:27 08/18/19,f,ZZGas Leak Comm,1,418 N MAIN ST ;#366,COR
,,19C075439,11:33:36 08/18/19,l,Welfare Check,2,408 WYNOLA CT,COR
,,19C075440,11:36:10 08/18/19,f,ZZStroke,1,841 HOTSPRING ST # G,COR
,,19C075441,11:41:53 08/18/19,l,911 Hangup,2,935 N MCKINLEY ST,COR
,,19C075442,11:42:30 08/18/19,l,Accident,2,PROMENADE AVE & N MCKINLEY ST,COR
,,19C075445,11:43:14 08/18/19,i,Patrol Info,4,MAGNOLIA AVE & RIMPAU AVE,COR
,,19C075446,11:47:13 08/18/19,l,Alarm Call,2,410 RIVER RD # A; CORONA LUBE AND TUNE,COR
,,19C075447,11:50:02 08/18/19,l,Reckless Driver,3,4008 CROWN RANCH RD,COR
,,19C075449,11:51:50 08/18/19,f,ZZChest Pains,1,3423 BELVEDERE WAY,COR
,,19C075450,11:54:55 08/18/19,f,ZZFwy Acc w/ inj,1,91 EB PASEO GRANDE LINCOLN,COR
,,19C075452,12:07:56 08/18/19,l,Susp Person,3,413 E GRAND BLVD,COR
,,19C075453,12:08:16 08/18/19,l,Follow Up,4,730 PUBLIC SAFETY WAY,COR
,,19C075454,12:12:41 08/18/19,l,Comm Policing,4,TEMESCAL CANYON RD & DOS LAGOS DR;M24,COR
,,19C075455,12:12:46 08/18/19,l,Welfare Check,2,1120 S SHERIDAN ST,COR
,,19C075456,12:14:04 08/18/19,l,Missing Person,2,2240 GRIFFIN WAY; EL TORITO,COR
,,19C075457,12:14:05 08/18/19,l,Traffic Stop,4,S BELLE AVE & W FRANCIS ST,COR
,,19C075458,12:16:55 08/18/19,l,Disturb Peace,3,1698 W SIXTH ST # C; METRO PCS,COR
,,19C075459,12:25:03 08/18/19,l,Alarm Call,2,2839 BREEZY MEADOW LN,COR
,,19C075460,12:26:12 08/18/19,l,Property Check,4,400 PENROSE DR,COR
,,19C075461,12:26:20 08/18/19,l,Vandalism Past,4,3915 GREEN RIVER RD,COR
,,19C075463,12:34:57 08/18/19,l,Vehicle Check,4,1211 W SIXTH ST,COR
,,19C075466,12:43:58 08/18/19,l,911 Hangup,2,1539 YORBA ST,COR
,,19C075468,12:48:22 08/18/19,l,Hazard,3,N MCKINLEY ST & 91 EB ON RAMP,COR
,,19C075470,12:54:19 08/18/19,l,911 Hangup,2,1539 YORBA ST,COR
,,19C075476,13:16:08 08/18/19,l,Petty Theft,3,1199 MAGNOLIA AVE; CARLS JR; POSS SUSP INFO,COR
,,19C075477,13:17:19 08/18/19,l,Accident,2,CIRCLE CITY DR & RIMPAU AVE,COR
,,19C075480,13:29:15 08/18/19,f,ZZFall,1,SYCAMORE LN & RIMPAU AVE,COR
,,19C075481,13:30:00 08/18/19,l,Traffic Stop,4,91 WB MAIN LINCOLN ; EAST OF LINCOLN,COR
,,19C075483,13:33:25 08/18/19,f,ZZFall,1,1438 SHADOWGLEN WAY,COR
,,19C075484,13:41:42 08/18/19,l,Accident,2,N MCKINLEY ST & GRIFFIN WAY,COR
,,19C075485,13:48:13 08/18/19,l,Property Check,4,399 W CHASE DR,COR
,,19C075486,13:49:09 08/18/19,l,Traffic Stop,4,TAYLOR AVE & W ONTARIO AVE,COR
,,19C075487,13:50:39 08/18/19,i,ZZFwy Acc w/ inj,1,91 EB CITY LIMITS BUCHANAN RS,RIV
,,19C075488,13:53:24 08/18/19,f,ZZSick,1,836 W SIXTH ST,COR
,,19C075489,14:00:54 08/18/19,l,911 Hangup,2,CITRUS COMMUNITY PARK,COR
,,19C075491,14:04:37 08/18/19,l,Property Check,4,3950 S MAIN ST; ATT TOWER,COR
,,19C075492,14:08:46 08/18/19,l,Z-Animal Svcs,4,2615 TUSCANY ST; TARGET STORES T1548 AT THE CROSSINGS,COR
,,19C075493,14:10:12 08/18/19,l,Area Check,3,4715 GREEN RIVER RD; JACK IN THE BOX,COR
,,19C075496,14:20:44 08/18/19,l,Alarm Call,2,412 JENKS CIR;FOUR SEASONS RESTAURANT EQUIPMENT,COR
,,19C075497,14:22:15 08/18/19,l,Alarm Call,2,2781 VIA CIELO DR;MOHAMMAD KHAN RES,COR
,,19C075498,14:27:44 08/18/19,l,Traffic Stop,4,N MAIN ST & E PARKRIDGE AVE,COR
,,19C075499,14:28:16 08/18/19,l,Alarm Call,2,1700 VIA PACIFICA,COR
,,19C075500,14:30:35 08/18/19,f,ZZFwy UnkInjury,1,91 EB MAIN MCKINLEY,COR
,,19C075501,14:30:45 08/18/19,l,Property Check,4,2125 STAGECOACH DR; STAGECOACH PARK,COR
,,19C075502,14:35:50 08/18/19,l,Citizen Contact,3,218 S VICTORIA AVE,COR
,,19C075503,14:40:08 08/18/19,l,Hazard,3,TEMESCAL CANYON RD & BLUE SPRINGS DR,COR
,,19C075504,14:43:47 08/18/19,l,911 Hangup,2,160 W FOOTHILL PKWY,COR
,,19C075505,14:47:27 08/18/19,l,Dist/Verbal,2,2353 S COTA AVE,COR
,,19C075506,14:50:32 08/18/19,l,Grand Theft P,4,435 WELLESLEY DR # 103,COR
,,19C075508,14:52:36 08/18/19,lf,ZZCarbon Alarm,2,418 N MAIN ST;#388,COR
,,19C075509,15:05:20 08/18/19,l,911 Hangup,2,1114 W ONTARIO AVE,COR
,,19C075510,15:09:45 08/18/19,l,911 Hangup,2,130 W CHASE DR,COR
,,19C075511,15:13:05 08/18/19,l,911 Hangup,2,1116 GENTLE DR,COR
,,19C075512,15:17:12 08/18/19,l,Traffic Detail,4,1219 E ONTARIO AVE,COR
,,19C075513,15:18:17 08/18/19,l,Property Check,4,1219 E ONTARIO AVE,COR
,,19C075515,15:25:37 08/18/19,lf,Cardiac Arrest,1,1342 KROONEN DR,COR
,,19C075516,15:26:36 08/18/19,l,Property Check,4,1801 CALIFORNIA AVE,COR
,,19C075517,15:31:42 08/18/19,l,911 Hangup,2,2941 JENSEN ST,COR
,,19C075519,15:35:10 08/18/19,l,Accident,2,E UPPER DR & FULLERTON AVE,COR
,,19C075520,15:39:10 08/18/19,l,Disturb Peace,3,1438 W SIXTH ST ; la islas mariscos,COR
,,19C075523,15:57:07 08/18/19,l,Veh Burg I/P,2,275 TELLER ST # 130; SHOGUN,COR
,,19C075524,16:12:45 08/18/19,l,911 Hangup,2,LAKESHORE DR & TEMESCAL CANYON RD,COR
,,19C075525,16:14:52 08/18/19,f,ZZSick,1,2680 S MAIN ST ; 221,COR
,,19C075528,16:19:03 08/18/19,l,H&S Violation,3,1288 BORDER AVE,COR
,,19C075529,16:20:23 08/18/19,l,Auto Theft Past,3,1298 SUNKIST CIR,COR
,,19C075530,16:22:00 08/18/19,l,Traffic Stop,4,91 EB MAIN MCKINLEY,COR
,,19C075531,16:25:09 08/18/19,l,Battery,1,125 N MCKINLEY ST,COR
,,19C075532,16:27:59 08/18/19,l,911 Hangup,2,881 CORSICA DR,COR
,,19C075534,16:35:34 08/18/19,l,Property Check,4,4000 TEMESCAL CANYON RD,COR
,,19C075536,16:43:02 08/18/19,l,Child Neglect,2,N COTA ST & RIVER RD,COR
,,19C075537,16:47:00 08/18/19,f,ZZPublicSrvceF,2,867 CIMARRON LN,COR
,,19C075538,16:48:38 08/18/19,l,Hazard,3,2780 CABOT DR # 140; DOS LAGOS SECURITY,COR
,,19C075539,16:53:33 08/18/19,f,ZZFwy Sick,1,91 WB MCKINLEY MAIN,COR
,,19C075540,16:54:25 08/18/19,f,ZZSick,1,RIPCHAK RD & WOODWAY CT,COR
,,19C075543,16:59:16 08/18/19,lf,Vehicle Check,4,1113 S MAIN ST,COR
,,19C075544,17:01:16 08/18/19,l,Susp Vehicle,3,415 HAMLIN CIR,COR
,,19C075546,17:05:27 08/18/19,l,Disturb Peace P,3,1127 OLD HICKORY RD,COR
,,19C075547,17:05:50 08/18/19,l,Trespass,3,735 N MAIN;WENDY'S,COR
,,19C075548,17:06:34 08/18/19,l,911 Hangup,2,2572 EAGLEROCK DR,COR
,,19C075549,17:15:56 08/18/19,l,Alarm Call,2,1525 E SIXTH ST ; GRISWOLD CONTROLS,COR
,,19C075550,17:18:48 08/18/19,l,911 Hangup,2,472 N MCKINLEY ST,COR
,,19C075552,17:29:02 08/18/19,l,Alarm Call,2,710 SUGAR MAPLE LN;LINDA VAUGHN RES,COR
,,19C075553,17:31:49 08/18/19,l,911 Hangup,2,1700 VIA PACIFICA;PARKVWOOD APTS,COR
,,19C075554,17:32:31 08/18/19,l,Domestic Distur,2,1118 FULLERTON AVE,COR
,,19C075556,17:39:01 08/18/19,l,Vehicle Check,4,165 N MCKINLEY ST; DENNYS RESTAURANT 6590 AT LOS ARCOS,COR
,,19C075557,17:42:20 08/18/19,l,Susp Person,3,3745 FREMONT DR,COR
,,19C075560,17:49:59 08/18/19,l,Alarm Call,2,2715 LAKESHORE DR;MIGUELS,COR
,,19C075561,17:54:15 08/18/19,l,Property Check,4,4000 TEMESCAL CANYON RD,COR
,,19C075562,18:00:59 08/18/19,l,Property Check,4,330 S BUENA VISTA AVE,COR
,,19C075563,18:03:57 08/18/19,l,Suspicious Circ,3,1150 PASEO GRANDE; CESAR CHAVEZ ELEMENTARY SCHOOL,COR
,,19C075564,18:04:56 08/18/19,l,Suspicious Circ,2,2310 CALIFORNIA AVE; poss 207,COR
,,19C075565,18:05:11 08/18/19,l,Drunk In Public,2,404 W FOURTH ST,COR
,,19C075570,18:10:39 08/18/19,l,Traffic Stop,4,S LINCOLN AVE & BURR ST,COR
,,19C075572,18:18:09 08/18/19,l,Traffic Stop,4,301 S LINCOLN AVE,COR
,,19C075573,18:18:55 08/18/19,l,Disturb Peace,3,2615 TUSCANY ST; TARGET STORES T1548 AT THE CROSSINGS,COR
,,19C075574,18:19:18 08/18/19,l,H&S Violation,3,535 N MCKINLEY ST,COR
,,19C075575,18:30:32 08/18/19,l,Ill Parked Veh,4,HARRINGTON ST & WILLOWCREEK DR,COR
,,19C075576,18:35:34 08/18/19,l,911 Hangup,2,TEMESCAL CANYON RD & FASHION DR,COR
,,19C075577,18:36:04 08/18/19,l,Traffic Stop,4,FULLERTON AVE & E CHASE DR,COR
,,19C075578,18:37:48 08/18/19,l,Brandish Weapon,1,1701 W SIXTH ST,COR
,,19C075579,18:41:23 08/18/19,l,Traffic Stop,4,MIRA VISTA CT & E CHASE DR,COR
,,19C075580,18:44:41 08/18/19,l,H&S Violation,3,1290 E ONTARIO AVE; WALMART,COR
,,19C075581,18:53:51 08/18/19,l,Traffic Stop,4,MASTERS DR & VIA CASTILLA ST,COR
,,19C075582,18:54:35 08/18/19,f,ZZSeizure,1,1205 MAGNOLIA AVE; SHELL STATION AT SIZZLER CENTER,COR
,,19C075583,18:54:59 08/18/19,l,Alarm Call,2,440 E HARRISON ST ;CANTABERRY ENTERPRISES,COR
,,19C075585,18:58:10 08/18/19,f,ZZFwy UnkInjury,1,91 WB AUTO CENTER 71,RVC
,,19C075586,18:59:22 08/18/19,l,Traffic Stop,4,MASTERS DR & NELSON ST,COR
,,19C075589,19:03:46 08/18/19,f,ZZFwy Sick,1,91 WB ON RAMP & GREEN RIVER RD,COR
,,19C075591,19:04:15 08/18/19,f,ZZSick,1,472 BRITTANY DR,COR
,,19C075592,19:06:19 08/18/19,l,Traffic Stop,4,417 W GRAND BLVD; ST EDWARDS CHURCH,COR
,,19C075594,19:07:29 08/18/19,l,Alarm Call,2,425 KLUG CIR;T3 HOLDINGS INC,COR
,,19C075595,19:08:39 08/18/19,l,Property Check,4,928 E ONTARIO AVE,COR
,,19C075597,19:09:17 08/18/19,f,ZZSeizure,1,4710 GREEN RIVER RD;CHEVRON GAS,COR
,,19C075598,19:09:30 08/18/19,l,Domestic Distur,2,1144 ATHLONE CIR,COR
,,19C075599,19:10:51 08/18/19,l,Child Annoy Pst,2,615 RICHEY ST; PROMENADE PARK ;87 FRONT LOT,COR
,,19C075600,19:10:57 08/18/19,l,Traffic Stop,4,MASTERS DR & MORALES WAY,COR
,,19C075601,19:13:40 08/18/19,l,Vehicle Check,4,200 N LINCOLN AVE; MOTEL 6,COR
,,19C075604,19:17:11 08/18/19,l,Alarm Call,2,1379 PICO ST # 103; COOK SECURITY GROUP,COR
,,19C075605,19:17:45 08/18/19,f,ZZCommrcal Alrm,1,3550 GRAND OAKS ;ROCK AND BREWS,COR
,,19C075606,19:18:21 08/18/19,l,Battery,2,1083 CIRCLE CITY DR # 205,COR
,,19C075608,19:21:05 08/18/19,l,Property Check,4,2900 RIMPAU AVE,COR
,,19C075610,19:26:02 08/18/19,l,Property Check,4,1415 E CHASE DR; CHASE NEIGHBORHOOD PARK,COR
,,19C075611,19:36:38 08/18/19,l,Disturb Peace,3,479 N MCKINLEY ST; WALMART,COR
,,19C075612,19:37:42 08/18/19,l,Alarm Call,2,140 PRINGLE CIR;ALVA EDWARDS & BONNIE WATKINS RES,COR
,,19C075613,19:45:25 08/18/19,l,911 Hangup,2,N MCKINLEY ST & PROMENADE AVE,COR
,,19C075615,19:54:41 08/18/19,l,911 Hangup,2,915 N VICENTIA AVE,COR
,,19C075616,19:55:22 08/18/19,f,ZZFall,1,2489 CALIFORNIA AVE;ESTANCIA DEL SOL;#108,COR
,,19C075618,19:57:17 08/18/19,l,Veh Burg I/P,2,1411 RIMPAU AVE # 102,COR
,,19C075619,20:01:52 08/18/19,l,Loud Party,3,1225 CORONA AVE; RANCHO CORONA MHP #50,NOR
,,19C075620,20:04:32 08/18/19,l,Under Influence,2,W SIXTH ST & CRAWFORD ST,COR
,,19C075622,20:18:16 08/18/19,l,Drunk Driver,2,W TENTH ST & S BUENA VISTA AVE,COR
,,19C075623,20:19:06 08/18/19,l,Disturb Peace,3,304 E THIRD ST ; FAMILY,COR
,,19C075624,20:20:29 08/18/19,l,Petty Theft P,4,2261 EAGLE GLEN PKWY,COR
,,19C075625,20:21:26 08/18/19,lf,Structure Fire,1,13515 LEAFWOOD DR,TEM
,,19C075626,20:32:28 08/18/19,l,911 Hangup,2,881 CORSICA DR,COR
,,19C075627,20:36:36 08/18/19,l,Alarm Call,2,750 S LINCOLN AVE # 101 ; VERIZON STORE,COR
,,19C075628,20:44:02 08/18/19,l,Illegal Entry,3,1332 CAMELOT DR,COR
,,19C075629,20:49:40 08/18/19,l,Loud Party,3,1225 W EIGHTH ST # 50,COR
,,19C075631,20:56:31 08/18/19,l,911 Hangup,2,881 CORSICA DR,COR
,,19C075632,21:00:47 08/18/19,l,Auto Theft Past,3,216 MAGDALENA CIR,COR
,,19C075633,21:01:06 08/18/19,l,Property Check,4,2455 ANSELMO DR; MEC CORONA SUMMIT III LLC,COR
,,19C075635,21:05:41 08/18/19,l,Stranded Veh,3,N MAIN ST & E GRAND BLVD,COR
,,19C075636,21:07:15 08/18/19,l,Speed Contest,3,W OLIVE ST & S LINCOLN AVE,COR
,,19C075637,21:13:12 08/18/19,l,Property Check,4,2880 CALIFORNIA AVE,COR
,,19C075638,21:14:15 08/18/19,l,911 Hangup,2,115 N MCKINLEY ST,COR
,,19C075639,21:14:54 08/18/19,l,Alarm Call,2,215 N SMITH AVE ; BRASS CRAFT CORONA,COR
,,19C075640,21:16:42 08/18/19,f,ZZDiabetic,1,1497 TEAKWOOD PL,COR
,,19C075641,21:16:48 08/18/19,l,Vandalism,3,1499 CHALGROVE DR,COR
,,19C075642,21:18:51 08/18/19,l,Property Check,4,3300 NELSON ST,COR
,,19C075643,21:26:42 08/18/19,l,Found Property,4,800 S MAIN ST ; NARCOTICS,COR
,,19C075644,21:29:31 08/18/19,l,Loud Noise,3,568 TOWERGROVE DR ; MUSIC,COR
,,19C075645,21:39:35 08/18/19,l,Domestic Distur,2,868 S SMITH AVE,COR
,,19C075646,21:40:03 08/18/19,l,Loud Party,3,3118 DOGWOOD DR,COR
,,19C075647,21:41:59 08/18/19,l,Property Check,4,1757 VIA DEL RIO; CORONITA ELEMENTARY SCHOOL,COR
,,19C075648,21:42:32 08/18/19,l,Traffic Stop,4,W SIXTH ST & SIERRA VISTA ST,COR
,,19C075649,21:52:46 08/18/19,l,Traffic Stop,4,1013 W SIXTH ST,COR
,,19C075650,21:54:02 08/18/19,l,Dist/Physical,1,383 HOBART CIR,COR
,,19C075653,22:01:34 08/18/19,l,Stalking,1,282 LYDIA LN,COR
,,19C075654,22:06:48 08/18/19,l,Area Check,3,1550 CIRCLE CITY DR; HOLIDAY INN EXPRESS AND SUITES COR CORONA,
,,19C075655,22:08:06 08/18/19,l,Disturb Peace,3,1698 W SIXTH ST # A; 7 11 STORE WEST,COR
,,19C075656,22:16:05 08/18/19,l,Domestic Distur,2,1275 MAYFAIR DR,COR
,,19C075658,22:20:22 08/18/19,l,Drunk In Public,2,W SIXTH ST & S LINCOLN AVE,COR
,,19C075659,22:25:57 08/18/19,l,Fire Code Vio,4,922 PATHFINDER WAY,COR
,,19C075660,22:27:21 08/18/19,f,ZZCarbon Alarm,2,3621 ELKER RD,COR
,,19C075661,22:30:15 08/18/19,l,Vandalism,3,2630 SENA ST,COR
,,19C075663,22:34:34 08/18/19,l,Property Check,4,3211 S MAIN ST; CITRUS HILLS INTERMEDIATE SCHOOL,COR
,,19C075666,22:40:27 08/18/19,l,Property Check,4,185 MAGNOLIA AVE; LEE POLLARD HIGH SCHOOL,COR
,,19C075667,22:46:24 08/18/19,l,Alarm Call,2,3063 ARMSTRONGS DR;MAUREEN REDFIELD RES,COR
,,19C075669,22:58:34 08/18/19,l,Alarm Call,2,1400 FULLERTON AVE ; EXCELSIER SCHOOL,COR
,,19C075670,22:59:54 08/18/19,l,Vandalism,3,416 W SIXTH ST ; SUPER CORONA CAR WASH POSS 5150,COR
,,19C075671,23:01:27 08/18/19,l,Stranded Veh,3,91 EB OFF RAMP & S MAIN ST,COR
,,19C075672,23:02:50 08/18/19,l,Susp Person,3,2602 SENA ST,COR
,,19C075674,23:14:28 08/18/19,f,ZZBreathing,1,730 MAGNOLIA AVE;#728,COR
,,19C075675,23:16:23 08/18/19,f,ZZFall,1,2034 PAMELA ST,COR
,,19C075676,23:20:31 08/18/19,l,Loud Party,3,1225 W EIGHTH ST # 50,COR
,,19C075677,23:30:43 08/18/19,l,Susp Vehicle,3,1540 W SIXTH ST ; PLANET FITNESS,COR
,,19C075678,23:36:11 08/18/19,l,Property Check,4,417 W GRAND BLVD; ST EDWARDS CHURCH,COR
,,19C075679,23:39:09 08/18/19,l,911 Hangup,2,881 CORSICA DR,COR
,,19C075680,23:40:05 08/18/19,l,Susp Person,3,255 E RINCON ST,COR
,,19C075681,00:09:44 08/19/19,l,Property Check,4,170 DEPOT DR,COR
,,19C075682,00:10:46 08/19/19,l,Drunk In Public,2,700 W SIXTH ST ; 7-11 23152 PENDING,COR
,,19C075684,00:52:58 08/19/19,l,Petty Theft,3,4710 GREEN RIVER RD; CHEVRON,COR
,,19C075685,01:00:54 08/19/19,l,Property Check,4,803 SERRANO DR,COR
,,19C075686,01:02:49 08/19/19,l,Property Check,4,1470 E SIXTH ST; VISION WHEEL INC,COR
,,19C075687,01:03:33 08/19/19,f,ZZCommrcal Alrm,1,2791 WARDLOW RD; PRO CIRCUT,COR
,,19C075688,01:06:12 08/19/19,l,Drunk Driver,2,RIMPAU AVE & MAGNOLIA AVE,COR
,,19C075689,01:24:43 08/19/19,f,ZZBreathing,1,1150 SAN MARINO CT # 103,COR
,,19C075690,01:29:08 08/19/19,l,Loud Party,3,2348 S COTA AVE,COR
,,19C075691,01:33:53 08/19/19,l,Traffic Stop,4,400 W EIGHTH ST,COR
,,19C075692,01:42:27 08/19/19,l,911 Hangup,2,1026 HORATIO AVE,COR
,,19C075693,02:05:15 08/19/19,l,Property Check,4,1441 E SIXTH ST,COR
,,19C075695,02:12:36 08/19/19,l,Traffic Stop,4,S PROMENADE AVE & MELISSA CT,COR
,,19C075696,02:35:56 08/19/19,l,Traffic Stop,4,2240 COMPTON AVE; UNOCAL GAS,COR
,,19C075697,03:00:36 08/19/19,l,Open Door,2,1370 VIA SANTIAGO # A,COR
,,19C075698,03:02:03 08/19/19,l,Susp Person,3,1590 VIA SANTIAGO,COR
,,19C075699,03:07:45 08/19/19,l,911 Hangup,2,3100 S MAIN ST,COR
,,19C075700,03:23:16 08/19/19,lf,Overdose,1,441 YOSEMITE CIR,COR
,,19C075701,03:36:02 08/19/19,l,Traffic Stop,4,1501 W SIXTH ST; JACK IN THE BOX,COR
,,19C075702,03:46:10 08/19/19,l,911 Hangup,2,881 CORSICA DR,COR
,,19C075703,03:53:52 08/19/19,f,ZZFwy Heavy Res,1,15 SB OFF RAMP & E ONTARIO AVE,COR
,,19C075704,03:56:23 08/19/19,l,Traffic Stop,4,S TEMESCAL ST & ESTELLE ST,COR
,,19C075705,04:14:28 08/19/19,l,Susp Vehicle,3,1361 COMBS WAY,COR
,,19C075706,04:43:14 08/19/19,l,Defraud Inkeepr,3,165 N MCKINLEY ST; DENNYS RESTAURANT 6590 AT LOS ARCOS,COR
,,19C075707,04:57:04 08/19/19,l,Alarm Call,2,720 S TEMESCAL ST ;KMM TELECOMMUNICATIONS VIDEO,COR
,,19C075708,05:00:33 08/19/19,l,Veh Burg I/P,2,2582 CAMINO DEL PLATA CT,COR
,,19C075709,05:02:37 08/19/19,l,Susp Person,3,1005 SYCAMORE LN,COR
,,19C075710,05:10:55 08/19/19,f,ZZBreathing,1,1400 CIRCLE CITY DR ;#21,COR
,,19C075712,05:32:41 08/19/19,l,911 Hangup,2,1250 CORONA POINTE CT,COR
,,19C075713,05:44:06 08/19/19,f,ZZFall,1,2005 KELLOGG AVE ; #48,COR
,,19C075714,06:19:12 08/19/19,l,Traffic Stop,4,MAGNOLIA AVE & RIMPAU AVE,COR
,,19C075715,06:23:13 08/19/19,l,Vehicle Check,4,500 W RINCON ST,COR
,,19C075716,06:23:26 08/19/19,l,Vehicle Check,4,500 W RINCON ST,COR
,,19C075717,06:28:19 08/19/19,l,Traffic Stop,4,MAGNOLIA AVE & SHERBORN ST,COR
,,19C075718,06:36:03 08/19/19,l,Traffic Stop,4,MAGNOLIA AVE & EL CAMINO AVE,COR
,,19C075720,06:36:36 08/19/19,l,Susp Vehicle,3,803 E PARKRIDGE AVE,COR
,,19C075721,06:42:26 08/19/19,l,Traffic Stop,4,E ONTARIO AVE & S MAIN ST,COR
,,19C075722,06:43:58 08/19/19,l,Traffic Stop,4,MAGNOLIA AVE & SHERBORN ST,COR
,,19C075723,06:48:07 08/19/19,l,Traffic Stop,4,459 W ONTARIO AVE,COR
,,19C075727,06:52:29 08/19/19,l,Traffic Stop,4,MAGNOLIA AVE & SHERBORN ST,COR
,,19C075728,07:00:29 08/19/19,l,Traffic Stop,4,MAGNOLIA AVE & EL CAMINO AVE,COR
,,19C075729,07:07:47 08/19/19,l,Property Check,4,1290 E ONTARIO AVE,COR
,,19C075730,07:10:00 08/19/19,l,Alarm Call,2,1578 BEACON RIDGE WAY,COR
,,19C075731,07:10:02 08/19/19,l,Traffic Stop,4,MAGNOLIA AVE & ALL AMERICAN WAY,COR
,,19C075733,07:13:33 08/19/19,l,Traffic Stop,4,W ONTARIO AVE & TAYLOR AVE,COR
,,19C075734,07:13:39 08/19/19,l,Susp Person,3,2331 KELLOGG AVE;COFFEE SHOP ON CHURCH PROPERTY,COR
,,19C075735,07:13:49 08/19/19,l,Traffic Detail,4,1820 RIMPAU AVE,COR
,,19C075736,07:13:56 08/19/19,l,Test,4,W SIXTH ST & S LINCOLN AVE,COR
,,19C075737,07:15:25 08/19/19,l,Traffic Stop,4,MAGNOLIA AVE & S TEMESCAL ST,COR
,,19C075738,07:17:13 08/19/19,l,Traffic Detail,4,1010 W CITRON ST,COR
,,19C075739,07:18:00 08/19/19,l,Grand Theft P,4,1070 E SIXTH ST,COR
,,19C075740,07:24:23 08/19/19,l,Traffic Stop,4,N MCKINLEY ST & SAMPSON AVE,COR
,,19C075742,07:27:01 08/19/19,l,Comm Policing,4,1010 W CITRON ST,COR
,,19C075743,07:31:48 08/19/19,l,Dist/Verbal,2,1345 GENOVA DR # 207,COR
,,19C075744,07:33:13 08/19/19,l,911 Hangup,2,1717 VIA DEL RIO,COR
,,19C075745,07:34:00 08/19/19,l,Traffic Stop,4,550 HAMILTON DR; PROMENADE ELEMENTARY SCHOOL,COR
,,19C075746,07:35:32 08/19/19,l,911 Hangup,2,1717 VIA DEL RIO,COR
,,19C075747,07:38:27 08/19/19,l,Traffic Detail,4,550 HAMILTON DR; PROMENADE ELEMENTARY SCHOOL,COR
,,19C075749,07:43:21 08/19/19,l,Property Check,4,1220 MAGNOLIA AVE,COR
,,19C075750,07:47:05 08/19/19,l,Susp Person,3,716 W SIXTH ST; #2 CITY STAFF SOLUTIONS,COR
,,19C075751,07:47:46 08/19/19,l,911 Hangup,2,881 CORSICA DR,COR
,,19C075752,07:50:48 08/19/19,l,Disturb Peace,3,185 MAGNOLIA AVE; LEE POLLARD HIGH SCHOOL,COR
,,19C075753,07:50:56 08/19/19,l,Traffic Stop,4,OLD TEMESCAL RD & HARVARD CIR,COR
,,19C075754,07:51:02 08/19/19,l,Susp Vehicle,3,1861 CALIFORNIA AVE; #102,COR
,,19C075755,07:53:03 08/19/19,l,Grand Theft P,4,SIERRA BELLA DR & GREEN RIVER RD,COR
,,19C075757,08:03:41 08/19/19,l,Vandalism Past,4,3398 FREEPORT DR;LL CONT,COR
,,19C075758,08:03:55 08/19/19,l,Susp Person,3,400 N MCKINLEY ST; MCDONALDS,COR
,,19C075759,08:04:54 08/19/19,l,Citizen Contact,3,1626 TURQUOISE DR ;FRONT COUNTER,COR
,,19C075760,08:07:37 08/19/19,lf,Man Down,1,E GRAND BLVD & N JOY ST,COR
,,19C075761,08:08:32 08/19/19,l,Traffic Detail,4,2665 GILBERT AVE; SUSAN B ANTHONY ELEMENTARY SCHOOL,COR
,,19C075762,08:10:30 08/19/19,l,Solicitor,3,325 S MAIN ST,COR
,,19C075763,08:17:30 08/19/19,l,Alarm Call,2,720 S TEMESCAL ST;KMM TELECOMMUNICATIONS,COR
,,19C075764,08:21:41 08/19/19,l,Disturb Peace,3,310 N LINCOLN AVE; MC DONALDS ; REF TO LEAVE,COR
,,19C075766,08:24:20 08/19/19,l,911 Hangup,2,777 OLD TEMESCAL RD,COR
,,19C075767,08:24:41 08/19/19,l,Comm Policing,4,2601 S BUENA VISTA AVE,COR
,,19C075768,08:31:56 08/19/19,l,Suspicious Circ,3,479 N MCKINLEY ST; WALMART,COR
,,19C075769,08:32:56 08/19/19,lf,Unknown Problem,1,479 N MCKINLEY ST,COR
,,19C075770,08:39:06 08/19/19,l,Traffic Detail,4,2350 BORDER AVE; ADAMS ELEMENTARY,COR
,,19C075772,08:39:46 08/19/19,l,Traffic Stop,4,PARKVIEW DR & FENNEL DR,COR
,,19C075773,08:41:19 08/19/19,lf,Man Down,1,1205 RIMPAU AVE; SHELL GAS,COR
,,19C075775,08:47:12 08/19/19,l,Ill Parked Veh,4,1609 FAIRVIEW DR,COR
,,19C075776,08:47:57 08/19/19,l,Standby,4,735 PUBLIC SAFETY WAY,COR
,,19C075777,08:48:08 08/19/19,l,Petty Theft P,4,2615 TUSCANY ST; TARGET STORES T1548 AT THE CROSSINGS,COR
,,19C075778,08:48:17 08/19/19,l,Chld Abuse Past,2,760 S SMITH AVE # 5; THE COOPER; FRONT COUNTER,COR
,,19C075779,08:48:51 08/19/19,l,Traffic Stop,4,PARKVIEW DR & FENNEL DR,COR
,,19C075780,08:49:10 08/19/19,l,Welfare Check,2,450 N MCKINLEY ST ; 99 CENT STORE,COR
,,19C075781,08:52:45 08/19/19,l,Susp Person,3,TABER ST & GILBERT AVE,COR
,,19C075782,08:54:05 08/19/19,l,Cite Sign Off,4,730 PUBLIC SAFETY WAY; PD PRKING LOT,COR
,,19C075783,08:58:05 08/19/19,l,Traffic Stop,4,HIDDEN VALLEY PKWY & 15 SB ON RAMP,COR
,,19C075784,09:01:57 08/19/19,l,Suspicious Circ,3,469 MAGNOLIA AVE # 110; STARBUCKS,COR
,,19C075785,09:02:44 08/19/19,l,Ill Parked Veh,4,2571 GILBERT AVE,COR
,,19C075786,09:04:47 08/19/19,l,911 Hangup,2,501 QUEENSLAND CIR,COR
,,19C075787,09:08:32 08/19/19,l,911 Hangup,2,881 CORSICA DR,COR
,,19C075788,09:10:46 08/19/19,l,Traffic Stop,4,E GRAND BLVD & E GRAND BLVD,COR
,,19C075789,09:12:12 08/19/19,l,Vandalism Past,4,955 S SHERMAN AVE;LL CONT,COR
,,19C075790,09:20:48 08/19/19,l,Traffic Stop,4,RAILROAD ST & HELICOPTER CIR,COR
,,19C075791,09:21:50 08/19/19,f,ZZBreathing,1,1235 DORIS LN # 101,COR
,,19C075792,09:23:53 08/19/19,l,Property Check,4,191 N MCKINLEY ST; CHUCK E CHEESE,COR
,,19C075793,09:26:45 08/19/19,l,Property Check,4,615 RICHEY ST; PROMENADE PARK,COR
,,19C075795,09:32:25 08/19/19,l,Auto Theft Rec,4,2125 RAILROAD ST; HAMNER TOWING INC,COR
,,19C075796,09:32:28 08/19/19,l,Citizen Contact,3,2967 MOUNT PLEASANT WAY,COR
,,19C075797,09:34:23 08/19/19,l,Ped Check,4,E SIXTH ST & EL SOBRANTE RD,COR
,,19C075798,09:38:05 08/19/19,l,Cite Sign Off,4,730 PUBLIC SAFETY WAY; PD PRKING LOT,COR
,,19C075799,09:47:37 08/19/19,l,Citizen Contact,3,730 PUBLIC SAFETY WAY ; FRONT COUNTER,COR
,,19C075800,09:47:38 08/19/19,l,Auto Theft Past,3,1084 POMONA RD; BEST WESTERN,COR
,,19C075801,09:52:31 08/19/19,l,Abandoned Veh,4,2481 STEVEN DR,COR
,,19C075804,10:08:55 08/19/19,lf,Welfare Check,2,304 W OLIVE ST,COR
,,19C075805,10:09:44 08/19/19,l,911 Hangup,2,3565 AMBROSE CIR,COR
,,19C075806,10:10:55 08/19/19,l,Ill Parked Veh,4,1801 BOWDOIN ST,COR
,,19C075807,10:11:16 08/19/19,l,Petty Theft P,4,1550 MELISSA CT;MTA DISTRIBUTING,COR
,,19C075808,10:11:58 08/19/19,l,Cite Sign Off,4,730 PUBLIC SAFETY WAY ; OUTSIDE PD,COR
,,19C075809,10:12:34 08/19/19,l,911 Hangup,2,1150 W TENTH ST,COR
,,19C075811,10:20:12 08/19/19,l,Property Check,4,EL SOBRANTE RD & E SIXTH ST,COR
,,19C075813,10:27:09 08/19/19,l,911 Hangup,2,1220 W PARKRIDGE AVE,COR
,,19C075814,10:27:17 08/19/19,l,Property Check,4,2980 GARRETSON AVE,COR
,,19C075816,10:36:13 08/19/19,l,Hazard,3,TABER ST & COMPTON AVE,COR
,,19C075817,10:37:31 08/19/19,l,Runaway,3,185 MAGNOLIA AVE; LEE POLLARD HIGH SCHOOL,COR
,,19C075818,10:40:11 08/19/19,l,Traffic Stop,4,2275 RAILROAD ST,COR
,,19C075819,10:40:44 08/19/19,f,ZZVehicle Fire,1,16209 ANGLE CANYON DR,LHS
,,19C075820,10:48:16 08/19/19,l,Vandalism Past,4,2154 DANA CIR,COR
,,19C075822,10:55:30 08/19/19,l,Welfare Check,2,1002 W EIGHTH ST,COR
,,19C075823,10:57:07 08/19/19,l,911 Hangup,2,510 W ELEVENTH ST,COR
,,19C075825,11:13:54 08/19/19,l,Susp Person,3,1000 S JOY ST; JOY PARK,COR
,,19C075827,11:17:30 08/19/19,l,Patrol Info,4,E SIXTH ST & TRM CIR,COR
,,19C075831,11:21:06 08/19/19,f,ZZFall,1,2005 KELLOGG AVE; #21,COR
,,19C075832,11:21:38 08/19/19,l,Stranded Veh,3,CAJALCO RD & TEMESCAL CANYON RD,COR
,,19C075833,11:24:26 08/19/19,l,Susp Person,3,W RANCHO RD & S LINCOLN AVE,COR
,,19C075834,11:24:38 08/19/19,l,Susp Person,3,161 N MCKINLEY ST # 102; CITY DENTAL,COR
,,19C075835,11:26:41 08/19/19,l,Disturb Peace P,4,W RINCON ST & N LINCOLN AVE ; ROAD RAGE LL CONT,COR
,,19C075836,11:29:07 08/19/19,l,Additional Info,4,1324 CAMELOT DR,COR
,,19C075839,11:40:31 08/19/19,l,Cross Report,2,1727 WALDORF DR,COR
,,19C075840,11:41:45 08/19/19,l,Public Service,3,933 LUCAS PL # A; FRT PD LOBBY,COR
,,19C075841,11:45:18 08/19/19,l,Cite Sign Off,4,730 PUBLIC SAFETY WAY; PD PRKING LOT,COR
,,19C075844,11:48:48 08/19/19,l,Susp Vehicle,3,2724 S BUENA VISTA AVE,COR
,,19C075845,11:49:41 08/19/19,l,Cross Report,2,953 RIMPAU AVE # 205,COR
,,19C075846,11:55:40 08/19/19,l,Citizen Contact,3,1020 ACACIA ST;LL CONT,COR
,,19C075847,11:58:20 08/19/19,l,Additional Info,4,6909 BOULDER; FRONT COUNTER,
,,19C075848,11:58:21 08/19/19,l,911 Hangup,2,1040 S VICENTIA AVE,COR
,,19C075849,11:59:56 08/19/19,l,Property Check,4,1886 BUTTERFIELD DR; BUTTERFIELD PARK,COR
,,19C075851,12:04:25 08/19/19,l,Suspicious Circ,3,VALENCIA RD & CALIFORNIA AVE,COR
,,19C075852,12:04:51 08/19/19,l,Petty Theft P,4,885 SAVI DR,COR
,,19C075853,12:10:14 08/19/19,l,911 Hangup,2,505 S BUENA VISTA AVE,COR
,,19C075854,12:12:07 08/19/19,l,911 Hangup,2,3211 S MAIN ST,COR
,,19C075856,12:24:10 08/19/19,l,Suspicious Circ,3,2646 TUNDAR CIR,COR
,,19C075857,12:24:32 08/19/19,l,Petty Theft P,4,1214 MAGNOLIA AVE ;#104 ; LL CONT,COR
,,19C075859,12:28:49 08/19/19,l,Cross Report,2,231 E PARKRIDGE AVE # H; 87 PARKRIDGE ELEMENTARY,COR
,,19C075860,12:31:13 08/19/19,l,Citizen Contact,3,730 PUBLIC SAFETY WAY; LL CONT,COR
,,19C075861,12:31:41 08/19/19,f,ZZChest Pains,1,2071 COMPTON AVE # 102; VISTA MEDICAL,COR
,,19C075862,12:37:47 08/19/19,f,ZZSeizure,1,3777 BEDFORD CANYON RD,COR
,,19C075863,12:40:13 08/19/19,f,ZZSick,1,31 E GRAND BLVD,COR
,,19C075865,12:40:53 08/19/19,l,Traffic Stop,4,E FOOTHILL PKWY & BEDFORD CANYON RD,COR
,,19C075866,12:41:13 08/19/19,f,ZZFall,1,839 RIVER RD; #107,COR
,,19C075868,12:42:23 08/19/19,l,Alarm Call,2,2471 MARIGOLD WAY,COR
,,19C075870,12:45:19 08/19/19,l,Citizen Contact,3,1626 TURQUOISE DR,COR
,,19C075871,12:45:57 08/19/19,f,ZZBreathing,1,1840 CALIFORNIA AVE; KAISER,COR
,,19C075872,12:52:45 08/19/19,l,Patrol Info,4,E FOOTHILL PKWY & S MAIN ST,COR
,,19C075873,12:54:08 08/19/19,f,ZZCommrcal Alrm,1,1550 CIRCLE CITY DR; HOLIDAY INN EXPRESS,COR
,,19C075874,12:55:58 08/19/19,l,911 Hangup,2,943 MIRAFLORES DR,COR
,,19C075875,13:01:12 08/19/19,l,Disturb Peace,3,777 VILLA MONTES CIR,COR
,,19C075876,13:04:14 08/19/19,l,Ill Parked Veh,4,1650 FAIRVIEW DR,COR
,,19C075877,13:06:02 08/19/19,l,Traffic Stop,4,1450 RAILROAD ST,COR
,,19C075878,13:16:09 08/19/19,l,Disturb Peace,2,400 S VICENTIA AVE; CITY HALL,COR
,,19C075879,13:18:02 08/19/19,l,Panhand/Solicit,3,550 HIDDEN VALLEY PKWY; STATER BROS MARKETS;HOMELESS,COR
,,19C075880,13:20:26 08/19/19,f,ZZSeizure,1,901 SAPPHIRE LN,COR
,,19C075881,13:21:54 08/19/19,l,911 Hangup,2,1000 W RINCON ST,COR
,,19C075882,13:24:09 08/19/19,lf,Overdose,1,983 GOLDENROD ST,COR
,,19C075884,13:31:23 08/19/19,l,Alarm Call,2,4243 SHOALCREEK DR,COR
,,19C075886,13:36:44 08/19/19,l,H/R Inj Past,3,MAGNOLIA AVE & E ONTARIO AVE ; LL CONT,COR
,,19C075887,13:41:09 08/19/19,l,911 Hangup,2,1000 W RINCON ST,COR
,,19C075888,13:46:10 08/19/19,l,Alarm Call,2,1950 COMPTON AVE # 102; CROSSFIT CROWN TOWN,COR
,,19C075889,13:48:20 08/19/19,f,ZZSick,1,709 BRIANNA WAY,COR
,,19C075890,13:48:23 08/19/19,l,Loitering,3,1222 MAGNOLIA AVE ; AT&T,COR
,,19C075891,13:49:21 08/19/19,l,Traffic Stop,4,W SIXTH ST & S BELLE AVE,COR
,,19C075892,13:51:19 08/19/19,f,ZZFwy Acc w/ inj,1,15 NB CAJALCO EL CERRITO,COR
,,19C075893,14:07:07 08/19/19,lf,ZZFall,1,W SIXTH ST & S SMITH AVE,COR
,,19C075895,14:10:37 08/19/19,l,Comm Policing,4,1045 W OLIVE ST,COR
,,19C075896,14:11:41 08/19/19,l,Comm Policing,4,2601 S BUENA VISTA AVE,COR
,,19C075898,14:15:18 08/19/19,f,ZZFall,1,1921 CRYSTAL DOWNS DR,COR
,,19C075899,14:17:15 08/19/19,l,Resid Burg Past,3,1801 BERN DR ; UNK TIME FRAME RES NOT CHECKED,COR
,,19C075900,14:18:09 08/19/19,l,Abandoned Veh,4,S VICENTIA AVE & W NINTH ST,COR
,,19C075901,14:20:34 08/19/19,l,Accident,2,PROMENADE AVE & ROOSEVELT ST,COR
,,19C075902,14:22:46 08/19/19,l,Shoplifting,3,2615 TUSCANY ST; TARGET STORES T1548 AT THE CROSSINGS,COR
,,19C075903,14:24:16 08/19/19,lf,Accident,2,MAIN X METRO,COR
,,19C075904,14:34:57 08/19/19,lf,Man Down,1,N LINCOLN AVE & W RINCON ST,COR
,,19C075906,14:42:14 08/19/19,l,Susp Vehicle,3,1290 E ONTARIO AVE; WALMART,COR
,,19C075908,14:48:15 08/19/19,l,911 Hangup,2,209 E BLAINE ST ; ABAND PHS 2,COR
,,19C075912,14:50:48 08/19/19,l,Traffic Stop,4,N MAIN ST & E PARKRIDGE AVE,COR
,,19C075914,14:52:22 08/19/19,f,ZZSeizure,1,1689 PASEO VISTA ST,COR
,,19C075916,15:07:46 08/19/19,f,ZZ Fire Test,2,730 PUBLIC SAFETY WAY,COR
,,19C075917,15:10:26 08/19/19,l,Property Check,4,1886 BUTTERFIELD DR; BUTTERFIELD PARK,COR
,,19C075918,15:12:20 08/19/19,l,Citizen Contact,3,1395 E FOOTHILL PKWY; SANTIAGO HIGH SCHOOL,COR
,,19C075919,15:13:35 08/19/19,l,911 Hangup,2,2650 TUSCANY ST ; PHS 2,COR
,,19C075920,15:13:45 08/19/19,l,Susp Person,3,RAILROAD ST & N COTA ST,COR
,,19C075921,15:14:49 08/19/19,l,Traffic Stop,4,E GRAND BLVD & QUARRY ST,COR
,,19C075923,15:15:34 08/19/19,l,Veh Burg Past,4,3670 ASBURY CIR,COR
,,19C075924,15:16:22 08/19/19,l,Susp Vehicle,3,W BLAINE ST & HOPE ST,COR
,,19C075925,15:16:46 08/19/19,l,Property Check,4,1395 E FOOTHILL PKWY; SANTIAGO HIGH SCHOOL,COR
,,19C075927,15:18:25 08/19/19,l,911 Hangup,2,640 COLLETT AVE,COR
,,19C075928,15:19:26 08/19/19,l,Found Property,4,615 W ONTARIO AVE,COR
,,19C075929,15:20:01 08/19/19,l,Patrol Info,4,573 N MCKINLEY ST;PETSMART,COR
,,19C075931,15:22:28 08/19/19,f,ZZ Fire Test,2,730 PUBLIC SAFETY WAY,COR
,,19C075932,15:26:11 08/19/19,f,ZZSick,1,2600 S MAIN ST;#9,COR
,,19C075933,15:28:15 08/19/19,f,ZZ Fire Test,2,730 PUBLIC SAFETY WAY,COR
,,19C075934,15:29:39 08/19/19,l,Public Service,3,1171 BAYWOOD DR; HENSLEY APARTMENTS,COR
,,19C075935,15:44:18 08/19/19,l,Lost Property,4,2305 COMPTON AVE;IN AND OUT,COR
,,19C075936,15:48:54 08/19/19,l,Grand Theft P,4,490 N MCKINLEY ST ; HOMEDEPOT,COR
,,19C075937,15:54:32 08/19/19,f,ZZFwy Acc w/ inj,1,91 EB MAIN MCKINLEY,COR
,,19C075939,16:00:43 08/19/19,l,Traffic Stop,4,POMONA RD & N MAPLE ST,COR
,,19C075942,16:13:14 08/19/19,lf,Accident Inj,1,GREEN RIVER RD & SERFAS CLUB DR,COR
,,19C075946,16:16:43 08/19/19,l,Auto Theft Past,3,2719 TOUMEY LN ; 87 AT VONS ON MAGNOLIA,COR
,,19C075947,16:21:54 08/19/19,l,Keep The Peace,3,1128 HOLLY CIR,COR
,,19C075948,16:23:22 08/19/19,lf,Structure Fire,1,3235 BIGHORN CIR,COR
,,19C075949,16:27:57 08/19/19,l,Abandoned Veh,4,1423 BRENTWOOD DR,COR
,,19C075950,16:30:29 08/19/19,l,911 Hangup,2,3100 S MAIN ST,COR
,,19C075952,16:33:13 08/19/19,l,Petty Theft,3,1290 E ONTARIO AVE; WALMART,COR
,,19C075955,16:38:42 08/19/19,l,Suspicious Circ,3,S BELLE AVE & W SEVENTH ST,COR
,,19C075956,16:40:51 08/19/19,l,Public Service,3,4464 OWENS ST,COR
,,19C075957,16:42:42 08/19/19,l,911 Hangup,2,545 ALCOA CIR,COR
,,19C075958,16:43:58 08/19/19,l,H&S Violation,3,SIXTH & SMITH,COR
,,19C075960,16:44:35 08/19/19,l,Suspicious Circ,3,260 W FOOTHILL PKWY; ALBERTSONS,COR
,,19C075961,16:44:46 08/19/19,l,911 Hangup,2,950 W ONTARIO AVE,COR
,,19C075963,16:45:23 08/19/19,l,911 Hangup,2,1150 W TENTH ST,COR
,,19C075964,16:45:59 08/19/19,i,911 Hangup,2,1500 COMMERCE ST,COR
,,19C075965,16:47:50 08/19/19,l,Patrol Info,4,3000 HAMPSHIRE CIR,COR
,,19C075966,16:49:22 08/19/19,l,911 Hangup,2,2493 WATER WAY,COR
,,19C075967,16:52:14 08/19/19,l,Alarm Call,2,291 BONNIE LN ;#101;AMERIFLEX,COR
,,19C075969,16:53:32 08/19/19,l,Drunk In Public,2,W SIXTH ST & S SHERMAN AVE,COR
,,19C075971,16:56:16 08/19/19,l,911 Hangup,2,400 N MCKINLEY ST,COR
,,19C075972,16:57:47 08/19/19,l,Vehicle Check,4,W FIFTH ST & S SHERIDAN ST,COR
,,19C075973,16:57:53 08/19/19,f,ZZBreathing,1,1914 FULLERTON AVE # 106,COR
,,19C075974,16:59:45 08/19/19,l,Hazard,3,MAGNOLIA AVE & EL SOBRANTE RD,COR
,,19C075975,17:00:38 08/19/19,f,ZZFall,1,1935 COMPTON AVE; animal hosp,COR
,,19C075976,17:02:04 08/19/19,l,Ped Check,4,W FOURTH ST & S SHERIDAN ST,COR
,,19C075978,17:14:41 08/19/19,l,Disturb Peace,3,105 N MCKINLEY ST; ALBERTOS MEXICAN FOOD,COR
,,19C075979,17:17:41 08/19/19,f,ZZChest Pains,1,863 COTTONWOOD ST,COR
,,19C075980,17:18:38 08/19/19,l,Property Check,4,1550 E ONTARIO AVE,COR
,,19C075984,17:29:17 08/19/19,l,Disturb Peace P,4,2468 PALISADES DR;#205,COR
,,19C075983,17:29:17 08/19/19,l,911 Hangup,2,1390 E ONTARIO AVE,COR
,,19C075985,17:34:59 08/19/19,lf,Unknown Problem,1,1944 S MAIN ST,COR
,,19C075986,17:35:06 08/19/19,l,DV-Assault,1,930 E SIXTH ST; CITY PARK,COR
,,19C075987,17:36:40 08/19/19,l,Keep The Peace,3,1701 RIMPAU AVE # 102; FACTORY CONNECTIONS,COR
,,19C075990,17:41:07 08/19/19,f,ZZAbdominalPa in,1,932 E FRANCIS ST,COR
,,19C075992,17:42:28 08/19/19,l,Disturb Peace,3,1701 RIMPAU AVE # 101; VON DUTCH,COR
,,19C075994,17:46:43 08/19/19,l,Susp Vehicle,3,MANCHESTER CIR & EATON ST,COR
,,19C075995,17:48:06 08/19/19,f,ZZCommrcal Alrm,1,7525 BOYD AVE,ELC
,,19C075997,17:58:45 08/19/19,l,Alarm Call,2,341 N DELILAH ST; T&G COMPANIES,COR
,,19C075999,18:02:35 08/19/19,l,Alarm Call,2,720 S TEMESCAL ST; KMM TELECOMMUNICATIONS,COR
,,19C076000,18:06:46 08/19/19,f,ZZSeizure,1,1307 W SIXTH ST,COR
,,19C076002,18:10:47 08/19/19,l,911 Hangup,2,1503 RIMPAU AVE,COR
,,19C076003,18:11:34 08/19/19,l,DV-Assault,1,N JOY ST & E GRAND BLVD,COR
,,19C076008,18:19:43 08/19/19,l,911 Hangup,2,2407 GARRETSON AVE,COR
,,19C076009,18:23:09 08/19/19,l,Citizen Contact,3,231 E PARKRIDGE AVE # H,COR
,,19C076010,18:23:29 08/19/19,l,Alarm Call,2,526 MAGNOLIA AVE;ST JOHN'S EPISCOPAL CHURCH,COR
,,19C076011,18:26:30 08/19/19,f,ZZSeizure,1,2910 MANGULAR AVE,COR
,,19C076012,18:34:01 08/19/19,l,Petty Theft P,4,125 N MCKINLEY ST; DOLLAR TREE,COR
,,19C076013,18:36:23 08/19/19,l,Indecent Exps P,3,1187 MAGNOLIA AVE; MONTESSORI; LL CONT,COR
,,19C076015,18:52:37 08/19/19,l,Drunk In Public,2,2780 CABOT DR,COR
,,19C076016,19:04:39 08/19/19,f,ZZFwy Man Down,1,N MAIN ST & 91 WEST BOUND OFF RAMP,COR
,,19C076017,19:08:20 08/19/19,l,Missing Child,1,500 MONDALE ST,COR
,,19C076018,19:08:39 08/19/19,f,ZZDiabetic,1,976 AVENIDA DEL VISTA # 9; CORONA PARK APTS,COR
,,19C076019,19:13:02 08/19/19,l,Domestic Distur,2,1880 BAYWOOD DR # 207,COR
,,19C076020,19:29:25 08/19/19,l,Hazard,3,2331 CALIFORNIA AVE; EL POLLO LOCO,COR
,,19C076022,19:38:51 08/19/19,l,Incorrigible,2,1505 PLAZA DE NOCHE # 5,COR
,,19C076023,19:40:26 08/19/19,l,Ped Check,4,N MCKINLEY ST & 91 WB ON RAMP,COR
,,19C076026,19:49:06 08/19/19,l,Public Service,3,1550 RIMPAU AVE,COR
,,19C076027,19:49:30 08/19/19,l,Grand Theft P,4,2790 CABOT DR # 101; VICTORIAS SECRET,COR
,,19C076028,19:50:53 08/19/19,l,Property Check,4,720 N MAIN ST,COR
,,19C076029,19:51:21 08/19/19,l,Property Check,4,2661 GREEN RIVER RD; RALPHS,COR
,,19C076030,19:52:13 08/19/19,l,Ped Check,4,LEESON LN & MAGNOLIA AVE,COR
,,19C076032,19:59:39 08/19/19,l,Incorrigible,2,1505 PLAZA DE NOCHE # 5,COR
,,19C076034,20:02:27 08/19/19,l,Petty Theft P,4,304 S MAIN ST ; CIRCLE K LL CONT,COR
,,19C076035,20:06:00 08/19/19,l,Follow Up,4,901 S SMITH AVE; CORONA VILLAGE APTS,COR
,,19C076037,20:09:47 08/19/19,l,Patrol Info,4,E ONTARIO AVE & MAGNOLIA AVE ; 23152,COR
,,19C076038,20:13:04 08/19/19,l,Property Check,4,448 N JOY ST,COR
,,19C076039,20:20:26 08/19/19,l,Property Check,4,275 TELLER ST # 100; 24 HOUR FITNESS,COR
,,19C076041,20:27:24 08/19/19,l,Property Check,4,2790 CALIFORNIA AVE; BETH SHALOM MESSIANIC JEWISH CONGREGATI,COR
,,19C076042,20:30:21 08/19/19,l,Follow Up,4,ZONE 2 OFFICE,
,,19C076043,20:34:02 08/19/19,l,Property Check,4,470 HIDDEN VALLEY PKWY; KOHLS,COR
,,19C076045,20:37:08 08/19/19,l,Shoplifting,3,720 N MAIN ST; BURLINGTON COAT; SUSP 97,COR
,,19C076047,20:46:21 08/19/19,l,Property Check,4,900-1000 W. OLIVE ST,
,,19C076048,20:49:08 08/19/19,l,Keep The Peace,3,1054 AMBER GLEN ST,COR
,,19C076049,20:50:28 08/19/19,l,Patrol Info,4,785 N MAIN ST; ARCO AM PM,COR
,,19C076050,20:52:51 08/19/19,l,Susp Person,3,4513 TEMESCAL CANYON RD,COR
,,19C076053,21:07:23 08/19/19,l,911 Hangup,2,2815 CAMELLIA CT,COR
,,19C076054,21:08:09 08/19/19,l,Traffic Stop,4,2199 SAMPSON AVE; CARLS JR,COR
,,19C076055,21:09:21 08/19/19,l,Welfare Check,2,2310 SALDINA CIR,COR
,,19C076056,21:14:08 08/19/19,l,Stranded Veh,3,RIMPAU AVE & E ONTARIO AVE,COR
,,19C076057,21:16:07 08/19/19,l,Trespass,3,735 N MAIN ST; WENDY'S,COR
,,19C076059,21:26:25 08/19/19,l,Alarm Call,2,611 E GRAND BLVD; C-TOWN FARMERS MARK,COR
,,19C076060,21:27:42 08/19/19,f,ZZBreathing,1,1151 W SIXTH ST; KFC,COR
,,19C076063,21:39:24 08/19/19,lf,Welfare Check,2,930 E SIXTH ST; CITY PARK,COR
,,19C076064,21:40:17 08/19/19,l,Traffic Stop,4,S MAIN ST & E MISSION RD,COR
,,19C076065,21:43:29 08/19/19,l,Property Check,4,CITRUS COMMUNITY PARK,COR
,,19C076066,21:48:08 08/19/19,l,911 Hangup,2,4190 BENNETT AVE,COR
,,19C076067,21:57:33 08/19/19,l,Patrol Info,4,1662 BERYL LN,COR
,,19C076068,21:58:21 08/19/19,l,Accident,2,1900 FRONTAGE RD,COR
,,19C076069,22:02:48 08/19/19,l,911 Hangup,2,1295 E ONTARIO AVE,COR
,,19C076070,22:17:37 08/19/19,l,Patrol Info,4,N JOY ST & E BLAINE ST,COR
,,19C076071,22:20:25 08/19/19,l,Disturb Peace,2,1290 E ONTARIO AVE; WALMART,COR
,,19C076072,22:20:59 08/19/19,l,Property Check,4,484 S BUENA VISTA AVE,COR
,,19C076073,22:23:15 08/19/19,l,Petty Theft P,4,370 N MCKINLEY ST;TEXAS ROADHOUSE,COR
,,19C076074,22:26:05 08/19/19,lf,Battery Injury,1,420 S LINCOLN AVE ;STAGE NATIONAL INN #212,COR
,,19C076076,22:38:18 08/19/19,l,Property Check,4,CEASAR CHAVEZ MIDDLE SCHL,
,,19C076077,22:38:38 08/19/19,l,911 Hangup,2,1395 E FOOTHILL PKWY,COR
,,19C076078,22:45:05 08/19/19,lf,Unknown Problem,1,350 RICHEY CIR,COR
,,19C076080,22:51:09 08/19/19,l,Alarm Call,2,720 S TEMESCAL ST;KMM TELECOMMUNICATIONS,COR
,,19C076083,23:05:01 08/19/19,l,Dist/Physical,1,1274 BATHPORT WAY,COR
,,19C076084,23:10:44 08/19/19,l,Alarm Call,2,2489 TUSCANY ST;KOHLS,COR
,,19C076085,23:19:59 08/19/19,l,Ped Check,4,1290 E ONTARIO AVE; WALMART,COR
,,19C076086,23:24:25 08/19/19,l,Alarm Call,2,1181 CALIFORNIA AVE;SMITH & NOBLE,COR
,,19C076088,23:25:27 08/19/19,f,ZZSick,1,8765 DOS LAGOS DR,TEM
,,19C076090,23:40:08 08/19/19,l,Alarm Call,2,1150 PASEO GRANDE; CESAR CHAVEZ ELEMENTARY SCHOOL,COR
,,19C076091,23:48:19 08/19/19,l,Property Check,4,3665 GRAND OAKS,COR
,,19C076092,23:51:29 08/19/19,l,Under Influence,2,1735 W SIXTH ST;ARCO,COR
,,19C076094,00:16:27 08/20/19,l,Alarm Call,2,370 N MCKINLEY ST;TEXAS ROADHOUSE,COR
,,19C076096,00:20:22 08/20/19,l,Alarm Call,2,1214 MAGNOLIA AVE ; #101 TUTOR TIME,COR
,,19C076097,00:21:16 08/20/19,l,Property Check,4,1800 EAGLE GLEN PKWY; EAGLE GLEN GOLF CLUB,COR
,,19C076098,00:23:24 08/20/19,l,Traffic Stop,4,E FOOTHILL PKWY & FULLERTON AVE,COR
,,19C076099,00:35:17 08/20/19,l,Grand Theft,2,1438 W SIXTH ST;LAS ISLAS MARIAS,COR
,,19C076101,01:34:30 08/20/19,l,Alarm Call,2,350 W RINCON ST;TEKLAM,COR
,,19C076102,02:03:06 08/20/19,f,ZZSick,1,2274 POSADA CT,COR
,,19C076103,02:12:04 08/20/19,l,Petty Theft P,4,431 N MCKINLEY ST ; CIRCLE K SUSP 97,COR
,,19C076104,02:14:35 08/20/19,l,Property Check,4,737 W RINCON ST,COR
,,19C076105,02:21:06 08/20/19,l,Traffic Stop,4,W GRAND BLVD & WASHBURN CIR,COR
,,19C076106,02:31:01 08/20/19,l,Vehicle Check,4,240 TELLER ST,COR
,,19C076108,02:47:53 08/20/19,l,Veh Burg I/P,2,4445 PLAYER RD,COR
,,19C076110,02:51:01 08/20/19,l,Property Check,4,1150 W TENTH ST; CORONA HIGH SCHOOL,COR
,,19C076111,03:13:22 08/20/19,l,Trespass,3,2197 SAMPSON AVE; QUICKIES CAR WASH,COR
,,19C076115,04:50:54 08/20/19,l,Keep The Peace,3,2365 PROMENADE AVE,COR
,,19C076116,04:53:48 08/20/19,lf,Accident Unknwn,1,15 SB MAGNOLIA ONTARIO; VEH VS PED,COR
,,19C076117,05:04:28 08/20/19,l,Property Check,4,1255 RIVER RD; AUBURNDALE INTERMEDIATE,COR
,,19C076118,05:08:04 08/20/19,l,911 Hangup,2,1400 NICHOLAS PL,COR
,,19C076119,05:09:12 08/20/19,l,911 Hangup,2,3100 MANGULAR AVE,COR
,,19C076120,05:13:17 08/20/19,l,911 Hangup,2,881 CORSICA DR,COR
,,19C076122,05:14:22 08/20/19,f,ZZCommrcal Alrm,1,550 HIDDEN VALLEY PKWY,COR
,,19C076123,05:18:24 08/20/19,l,Loud Noise,3,715 S MERRILL ST ; LOUD MACHINERY,COR
,,19C076124,05:20:42 08/20/19,l,Alarm Call,2,1521 POMONA RD ; FTC FLOOR TO CEILINGS,COR
,,19C076125,05:26:54 08/20/19,l,Alarm Call,2,2650 OAK AVE ;FRANKLIN ELEMENTARY,COR
,,19C076126,05:30:06 08/20/19,l,Auto Theft Past,3,775 W THIRD ST # 4,COR
,,19C076128,05:40:51 08/20/19,f,ZZSick,1,2748 FASHION DR # 302,COR
,,19C076130,05:49:39 08/20/19,l,911 Hangup,2,881 CORSICA DR,COR
,,19C076131,05:59:25 08/20/19,l,Alarm Call,2,1290 CARBIDE DR;LANDSCAPE DEVELOPMENT,COR
,,19C076132,06:04:54 08/20/19,l,Alarm Call,2,341 BONNIE CIR;#101B;ARBOR CARPET,COR
,,19C076133,06:06:02 08/20/19,l,Alarm Call,2,1655 HIDDEN VALLEY PKWY,COR
,,19C076139,06:49:46 08/20/19,l,Alarm Call,2,2800 RIDGELINE DR;PRADO VIEW ELEMENTARY,COR
,,19C076140,06:50:11 08/20/19,f,ZZSick,1,2055 KELLOGG AVE; KAISER FOUNDATION HEALTH PLAN INC,COR
,,19C076141,06:54:02 08/20/19,l,Patrol Info,4,3915 GREEN RIVER RD; CUBE SMART STORAGE,COR
,,19C076144,07:13:59 08/20/19,l,Z-Animal Svcs,4,W RINCON ST & CORYDON ST,COR
,,19C076145,07:21:22 08/20/19,l,Z-Animal Svcs,4,1330 MAGNOLIA AVE,COR
,,19C076146,07:24:16 08/20/19,l,Comm Policing,4,3355 MOUNTAIN GATE DR; DWIGHT EISENHOWER ELEMENTARY SCHOOL,COR
,,19C076147,07:25:10 08/20/19,l,Susp Vehicle,3,541 N MAIN ST,COR
,,19C076148,07:25:50 08/20/19,l,Property Check,4,1550 E ONTARIO AVE,COR
,,19C076149,07:38:01 08/20/19,l,Patrol Info,4,2331 KELLOGG AVE # A; CROSSROADS CHURCH,COR
,,19C076150,07:40:54 08/20/19,l,Alarm Call,2,1113 S MAIN ST # B; KILZI DENTAL; KILZIE DENTAL CORP,COR
,,19C076151,07:49:35 08/20/19,l,CMC Violation,4,3336 GRAND TETON DR,COR
,,19C076152,07:51:28 08/20/19,l,Susp Person,3,2690 TUSCANY ST # 101; STARBUCKS;23103,COR
,,19C076154,07:57:55 08/20/19,l,Patrol Info,4,870 S SHERMAN AVE,COR
,,19C076156,08:01:45 08/20/19,l,911 Hangup,2,2538 HIDDEN CREEK ST,COR
,,19C076157,08:03:00 08/20/19,l,911 Hangup,2,2538 HIDDEN CREEK ST,COR
,,19C076159,08:11:24 08/20/19,f,ZZFwy UnkInjury,1,91 WB MAIN LINCOLN,COR
,,19C076162,08:18:08 08/20/19,f,ZZSick,1,2199 WOODSIDE CT # 53,COR
,,19C076163,08:25:44 08/20/19,l,Alarm Call,2,1434 BROOKDALE DR,COR
,,19C076164,08:27:29 08/20/19,l,Follow Up,4,2615 TUSCANY ST; TARGET STORES T1548 AT THE CROSSINGS,COR
,,19C076165,08:27:59 08/20/19,l,Accident,2,2313 MARYSA KATHRIN ST,COR
,,19C076166,08:28:00 08/20/19,l,Susp Vehicle,3,228 PUEBLO RD,COR
,,19C076167,08:30:57 08/20/19,l,Property Check,4,803 SERRANO DR,COR
,,19C076169,08:38:46 08/20/19,lf,ZZFwy Acc w/ inj,1,15 NB TRANSITION ROAD TO 91 WB,COR
,,19C076170,08:39:09 08/20/19,f,ZZMedical Alert,1,921 HEMINGWAY DR,COR
,,19C076171,08:40:25 08/20/19,l,Alarm Call,2,921 HEMINGWAY DR,COR
,,19C076173,08:44:46 08/20/19,l,Comm Policing,4,1750 SPYGLASS DR,COR
,,19C076178,08:54:42 08/20/19,l,911 Hangup,2,770 MCGRATH DR,
,,19C076179,08:55:30 08/20/19,l,Disturb Peace,3,1220 MAGNOLIA AVE # 102; OREILLY AUTO PARTS,COR
,,19C076180,08:56:50 08/20/19,l,Disturb Peace,3,161 N MCKINLEY ST # 120 ; CENTURY 21 NOW REALTY ; HOMELESS,COR
,,19C076181,08:57:04 08/20/19,l,Disturb Peace,3,702 W SIXTH ST;HOMELESS,COR
,,19C076182,08:59:29 08/20/19,l,Susp Vehicle,3,1472 RIPCHAK RD ; OCCUPIED,COR
,,19C076185,09:09:34 08/20/19,l,Comm Policing,4,2650 OAK AVE; FRANKLIN ELEMENTARY SCHOOL,COR
,,19C076187,09:12:24 08/20/19,f,ZZBreathing,1,2920 VISTA DEL MONTE WAY,COR
,,19C076189,09:16:14 08/20/19,l,Ped Check,4,185 MAGNOLIA AVE; LEE POLLARD HIGH SCHOOL,COR
,,19C076191,09:23:32 08/20/19,l,Property Check,4,2903 RIDGELINE DR,COR
,,19C076192,09:23:48 08/20/19,l,Property Check,4,1355 E ONTARIO AVE,COR
,,19C076194,09:27:28 08/20/19,l,Comm Burg Past,4,2315 CALIFORNIA AVE; CAR WASH; LL C4,COR
,,19C076198,09:29:22 08/20/19,l,Reckless Driver,3,GREEN RIVER RD & PALISADES DR,COR
,,19C076199,09:32:59 08/20/19,l,Disturb Peace,3,702 W SIXTH ST;SOUTH WEST DEALERS;HOMLESS,COR
,,19C076201,09:36:28 08/20/19,l,Found Property,4,730 PUBLIC SAFETY WAY; RECORDS,COR
,,19C076202,09:37:16 08/20/19,l,Comm Policing,4,2350 BORDER AVE; ADAMS ELEMENTARY,COR
,,19C076203,09:38:01 08/20/19,l,911 Hangup,2,1210 MAGNOLIA AVE,COR
,,19C076204,09:40:56 08/20/19,l,911 Hangup,2,209 E BLAINE ST,COR
,,19C076207,09:44:47 08/20/19,l,Hit Run No Inj,2,S SHERMAN AVE & W SIXTH ST,COR
,,19C076208,09:47:05 08/20/19,l,Susp Vehicle,3,CRESTRIDGE DR & GREEN RIVER RD,COR
,,19C076211,09:47:52 08/20/19,l,Abandoned Veh,4,3411 MOUNTAINSIDE CIR,COR
,,19C076212,09:48:21 08/20/19,l,Ill Parked Veh,4,CRESTRIDGE DR & GREEN RIVER RD,COR
,,19C076215,09:55:51 08/20/19,l,Fraud Past,4,621 W CRESTVIEW ST; ll cont,COR
,,19C076216,10:00:04 08/20/19,l,Citizen Contact,3,1628 TAMARRON DR; LL CONT,COR
,,19C076217,10:03:56 08/20/19,l,Assault Wpn P,2,1404 CAMELOT DR,COR
,,19C076218,10:06:50 08/20/19,l,Disturb Peace,3,777 S TEMESCAL ST,COR
,,19C076219,10:10:41 08/20/19,l,Petty Theft P,4,1235 COX WAY; FRONT COUNTER,COR
,,19C076221,10:18:06 08/20/19,l,Susp Vehicle,3,HILLSHIRE CIR & S BELLE AVE,COR
,,19C076222,10:19:03 08/20/19,f,ZZBleeding,1,853 W OLIVE ST,COR
,,19C076223,10:19:09 08/20/19,l,Citizen Contact,3,1626 TURQUOISE DR; FRONT COUNTER,COR
,,19C076224,10:23:53 08/20/19,l,Accident,2,140 W ONTARIO AVE # 106; CHASE BANK,COR
,,19C076225,10:34:03 08/20/19,l,Welfare Check,2,3864 BLAIR ST,HGS
YES,'Nature' garbled text (embedded symbol),19C076226,10:38:53 08/20/19,f,ZZFaint/Uncons,1,2055 KELLOGG AVE;#2C,COR
,,19C076228,10:43:21 08/20/19,l,911 Hangup,2,1901 W ONTARIO AVE,COR
,,19C076230,10:53:22 08/20/19,f,ZZBreathing,1,802 MAGNOLIA AVE # 106; CORONA DOCTORS MEDICAL CLINIC,COR
,,19C076231,10:53:38 08/20/19,l,Cross Report,2,1055 LOWRY RANCH RD,COR
,,19C076234,10:57:00 08/20/19,l,Cite Sign Off,4,730 PUBLIC SAFETY WAY; OUTSIDE PD,COR
,,19C076236,10:58:27 08/20/19,l,Additional Info,4,1090 POMONA RD; GOODFELLAS CAFE; LL CONT,COR
,,19C076240,11:03:23 08/20/19,l,Accident,2,E CHASE DR & S MAIN ST,COR
,,19C076241,11:05:36 08/20/19,l,Hazard,3,545 ALCOA CIR,COR
,,19C076242,11:17:02 08/20/19,l,Hazard,3,E GRAND BLVD & E SIXTH ST,COR
,,19C076243,11:17:08 08/20/19,l,Disturb Peace,3,120 W PARKRIDGE AVE; WALGREENS 07591 AT NORTH MAIN PLAZA,COR
,,19C076244,11:24:19 08/20/19,l,Cross Report,2,2511 SENA ST,COR
,,19C076245,11:28:08 08/20/19,l,Accident,2,PROMENADE AVE & N MCKINLEY ST,COR
,,19C076247,11:39:59 08/20/19,l,Auto Theft Past,3,1300 E SIXTH ST; PD LOBBY,COR
,,19C076249,11:53:48 08/20/19,l,Cite Sign Off,4,730 PUBLIC SAFETY WAY; PD LOBBY,COR
,,19C076250,12:00:35 08/20/19,l,Petty Theft P,4,722 CANARY LN;LL CONT,COR
,,19C076252,12:10:43 08/20/19,l,Dist/Verbal,2,1229 CIRCLE CITY DR; #204,COR
,,19C076253,12:11:11 08/20/19,l,Trespass,3,1084 POMONA RD; BEST WESTERN,COR
,,19C076254,12:17:50 08/20/19,l,Accident,2,N MCKINLEY ST & GRIFFIN WAY ; 87 AT CARLS JR ON MCKINLEY,COR
,,19C076255,12:31:03 08/20/19,l,Cite Sign Off,4,730 PUBLIC SAFETY WAY; PD LOBBY,COR
,,19C076257,12:39:24 08/20/19,l,Disturb Peace,3,1023 VISTA DEL CERRO DR # 203,COR
YES,'Location' garbled/scrambled text,19C076258,12:40:22 08/20/19,l,H&S Violation,3,511 N MAIN ST;#106;LATHER SUDIO,COR
,,19C076259,12:45:29 08/20/19,l,Public Service,3,650 EBBCREEK ST,COR
,,19C076260,12:46:18 08/20/19,f,Vegetation High,1,4109 ELLIS ST,HGS
,,19C076261,12:49:40 08/20/19,f,ZZSick,1,19661 ARCADIA ST,ELC
,,19C076262,12:55:50 08/20/19,l,Veh Burg Past,4,3915 GREEN RIVER RD; CUBE SMART STORAGE,COR
,,19C076263,12:57:58 08/20/19,f,ZZMedical Alert,1,803 MAGNOLIA AVE # 132,COR
,,19C076264,13:00:59 08/20/19,l,Area Check,3,200 N LINCOLN AVE; MOTEL 6,COR
,,19C076265,13:04:27 08/20/19,l,Alarm Call,2,4312 CROWN RANCH RD,COR
,,19C076268,13:15:07 08/20/19,l,911 Hangup,2,881 CORSICA DR,COR
,,19C076270,13:16:13 08/20/19,l,Area Check,3,1355 E ONTARIO AVE; HOME DEPOT,COR
,,19C076271,13:16:40 08/20/19,l,Fraud Past,4,3180 SONRISA DR,COR
,,19C076272,13:19:05 08/20/19,l,Special Detail,4,730 PUBLIC SAFETY WAY,COR
,,19C076273,13:19:43 08/20/19,f,ZZSick,1,1706 QUAIL CIR,COR
,,19C076274,13:22:12 08/20/19,l,Disturb Peace,3,230 S HOWARD ST ;HOMELESS,COR
,,19C076275,13:23:28 08/20/19,l,Ill Parked Veh,4,803 MAGNOLIA AVE,COR
,,19C076276,13:23:43 08/20/19,l,Traffic Stop,4,RIMPAU AVE & E FRANCIS ST,COR
,,19C076277,13:26:53 08/20/19,l,Welfare Check,2,4425 CABOT DR; FRONT COUNTER,COR
,,19C076278,13:28:28 08/20/19,l,911 Hangup,2,1014 W CITRON ST,COR
,,19C076280,13:43:20 08/20/19,l,Found Property,4,450 AUTO CENTER DR; RECORDS,COR
,,19C076282,13:45:54 08/20/19,l,Cite Sign Off,4,730 PUBLIC SAFETY WAY; OUTSIDE PD,COR
,,19C076283,13:49:21 08/20/19,l,Susp Vehicle,3,2359 CARLENE ST,COR
,,19C076284,13:59:22 08/20/19,l,Disturb Peace,2,2199 SAMPSON AVE; CARLS JR,COR
,,19C076285,14:02:56 08/20/19,l,Susp Person,2,1456 SERFAS CLUB DR;SIERRA DEL ORO APTS,COR
,,19C076287,14:04:25 08/20/19,l,Citizen Contact,3,1628 TAMARRON DR,COR
,,19C076286,14:04:25 08/20/19,l,Cite Sign Off,4,730 PUBLIC SAFETY WAY ;OUTSIDE PARKING LOT,COR
,,19C076288,14:06:28 08/20/19,l,DV-Assault Past,3,870 S SHERMAN AVE # 4; LL CONT,COR
,,19C076289,14:15:40 08/20/19,l,Battery Past,3,1255 RIVER RD; AUBURNDALE INTERMEDIATE,COR
,,19C076292,14:24:10 08/20/19,f,ZZFall,1,1920 FRONTAGE RD;MIGUEL'S,COR
,,19C076293,14:24:55 08/20/19,l,Fraud Past,4,2905 TEAL DR; LL CONT,COR
,,19C076294,14:27:27 08/20/19,l,911 Hangup,2,209 A E BLAINE ST,
,,19C076296,14:28:22 08/20/19,l,Auto Theft Past,3,400 S RAMONA AVE ; #120 FRNT COUNTER,COR
,,19C076297,14:28:24 08/20/19,l,Battery Past,3,1248 W SIXTH ST,COR
,,19C076298,14:28:34 08/20/19,l,Patrol Info,4,4633 TEMESCAL CANYON RD,COR
,,19C076300,14:33:50 08/20/19,l,Traffic Stop,4,RAILROAD ST & GLIDER CIR,COR
,,19C076303,14:41:48 08/20/19,l,Ill Parked Veh,4,MONTANA RANCH RD & GREEN RIVER RD,COR
,,19C076304,14:45:17 08/20/19,f,ZZFall,1,985 SAMAR CT # 1; MOUNTAIN CREEK APTS GRIMMWAY MGMT,COR
,,19C076305,14:45:57 08/20/19,l,Disturb Peace,3,1303 W SIXTH ST; DENTAL R US,COR
,,19C076306,14:48:20 08/20/19,l,Alarm Call,2,809 E PARKRIDGE AVE; QUALITY PLUS INSURANCE,COR
,,19C076307,14:49:38 08/20/19,l,Flag Down,4,995 RIVER RD,COR
,,19C076308,14:50:34 08/20/19,l,Resid Burg Past,4,779 MEADOWOOD ST;#E,COR
,,19C076309,14:54:29 08/20/19,l,911 Hangup,2,2097 COMPTON AVE # 103; DR JAMAL,COR
,,19C076310,15:01:16 08/20/19,f,ZZFwy UnkInjury,1,91 EB TRANSITION ROAD TO 15 SB,COR
,,19C076311,15:02:07 08/20/19,l,Accident,2,E PARKRIDGE AVE & N MAIN ST,COR
,,19C076312,15:09:55 08/20/19,f,ZZSick,1,2097 COMPTON AVE # 103; DR JAMAL,COR
,,19C076314,15:11:11 08/20/19,l,Follow Up,4,1055 LOWRY RANCH RD,COR
,,19C076315,15:18:15 08/20/19,f,ZZSick,1,730 PUBLIC SAFETY WAY;TEST,COR
,,19C076316,15:24:51 08/20/19,f,ZZSick,1,730 PUBLIC SAFETY WAY; CORONA POLICE,COR
,,19C076317,15:29:36 08/20/19,l,Welfare Check,2,TEMESCAL CANYON RD & TOM BARNES ST,COR
,,19C076318,15:31:31 08/20/19,l,911 Hangup,2,1268 MULBERRY LN,COR
,,19C076321,15:40:49 08/20/19,l,911 Hangup,2,1690 W SIXTH ST,COR
,,19C076322,15:51:41 08/20/19,f,ZZSick,1,1780 VIA PACIFICA # B104,COR
,,19C076324,15:54:09 08/20/19,l,Fraud Past,4,1655 S MAIN ST; FRONT COUNTER,COR
,,19C076326,15:54:57 08/20/19,f,ZZAA MedicalAid,1,8703 ROLLING HILLS DR,TEM
,,19C076329,16:02:54 08/20/19,f,ZZSick,1,730 PUBLIC SAFETY WAY; CORONA POLICE ;test,COR
,,19C076330,16:03:06 08/20/19,l,Disturb Peace,3,2191 SAMPSON AVE; ABT BEAUTY ACADEMY;HOMELESS,COR
,,19C076331,16:04:58 08/20/19,l,Citizen Contact,3,2104 W ONTARIO AVE,COR
,,19C076332,16:05:56 08/20/19,f,ZZStroke,1,1400 CIRCLE CITY DR ; #110 BED A,COR
,,19C076334,16:06:51 08/20/19,l,Disturb Peace,3,2191 SAMPSON AVE;ADVANCE BEAUTY TECH ACADEMY,COR
,,19C076335,16:11:09 08/20/19,lf,Accident,2,E ONTARIO AVE & VESPER CIR,COR
,,19C076336,16:15:47 08/20/19,l,Patrol Info,4,CHEROKEE RD & SPRING MEADOW DR,COR
,,19C076338,16:20:35 08/20/19,l,911 Hangup,2,526 MAGNOLIA AVE,COR
,,19C076339,16:21:00 08/20/19,f,ZZTrauma,1,2199 SAMPSON AVE; CARLS JR; STAGE,COR
,,19C076341,16:24:57 08/20/19,l,Citizen Contact,3,1229 KELLEY AVE,COR
,,19C076343,16:30:01 08/20/19,f,ZZSick,1,730 PUBLIC SAFETY WAY; CORONA POLICE,COR
,,19C076344,16:35:35 08/20/19,l,Grand Theft P,4,1065 E THIRD ST;DOLLAR SELF STORAGE;LL C4,COR
,,19C076345,16:40:27 08/20/19,l,Petty Theft P,4,359 FALMOUTH CT # 206,COR
,,19C076347,16:43:08 08/20/19,l,Vandalism,3,1181 CALIFORNIA AVE # 235; ENDURATEX,COR
,,19C076348,16:45:16 08/20/19,f,ZZSick,1,730 PUBLIC SAFETY WAY; CORONA POLICE,COR
,,19C076349,16:51:33 08/20/19,f,ZZTrauma,1,1120 ZIRCON ST,COR
,,19C076350,16:51:39 08/20/19,l,911 Hangup,2,1150 W TENTH ST,COR
,,19C076351,16:51:59 08/20/19,l,911 Hangup,2,1150 W TENTH ST,COR
,,19C076352,16:54:06 08/20/19,l,Grand Theft P,4,500 E RINCON ST,COR
,,19C076354,17:02:55 08/20/19,l,Alarm Call,2,2145 BOWDOIN ST,COR
,,19C076355,17:03:28 08/20/19,l,Follow Up,4,730 PUBLIC SAFETY WAY; CORONA POLICE; FRONT COUNTER,COR
,,19C076356,17:05:41 08/20/19,l,Accident,2,EAGLE GLEN PKWY & BEDFORD CANYON RD,COR
,,19C076358,17:13:32 08/20/19,f,ZZFWY Faint,1,15 SB MAGNOLIA ONTARIO,COR
,,19C076360,17:14:35 08/20/19,i,ZZBreathing,1,730 PUBLIC SAFETY WAY; TEST TEST,COR
,,19C076361,17:15:06 08/20/19,l,Traffic Stop,4,151 N MCKINLEY ST,COR
,,19C076362,17:15:56 08/20/19,i,ZZSick,1,730 PUBLIC SAFETY WAY; TEST TEST,COR
,,19C076363,17:16:44 08/20/19,l,Petty Theft P,4,746 CANARY LN,COR
,,19C076364,17:21:36 08/20/19,f,ZZBreathing,1,1400 CIRCLE CITY DR; #228 BED A,COR
,,19C076365,17:21:52 08/20/19,l,Follow Up,4,730 PUBLIC SAFETY WAY,COR
YES,'Nature' garbled text (embedded symbol),19C076366,17:29:21 08/20/19,lf,ZZFaint/Uncons,1,1260 E ONTARIO AVE; ALBERTSONS,COR
,,19C076367,17:31:04 08/20/19,l,Child Abuse,2,2515 S BUENA VISTA AVE; BUENA VISTA PARK,COR
,,19C076368,17:34:08 08/20/19,l,Alarm Call,2,4205 RIVIERA DR,COR
,,19C076369,17:37:42 08/20/19,l,Cite Sign Off,4,730 PUBLIC SAFETY WAY,COR
,,19C076370,17:39:50 08/20/19,f,ZZSick,1,2057 COMPTON AVE;#101; DAVITA DIALYSIS,COR
,,19C076372,18:04:21 08/20/19,l,Hazard,3,716 W SIXTH ST,COR
,,19C076373,18:12:28 08/20/19,l,Resid Burg Past,4,1780 VIA PACIFICA # B108,COR
,,19C076374,18:15:22 08/20/19,l,Petty Theft P,4,816 RIMPAU AVE,COR
,,19C076377,18:18:17 08/20/19,l,Alarm Call,2,264 CORPORATE TERRACE CIR,COR
,,19C076382,19:08:29 08/20/19,l,911 Hangup,2,4190 BENNETT AVE,COR
,,19C076383,19:09:47 08/20/19,l,Follow Up,4,2541 TUSCANY ST # 103; ULTA BEAUTY,COR
,,19C076384,19:11:15 08/20/19,l,911 Hangup,2,2050 SALTBUSH CIR,COR
,,19C076385,19:14:14 08/20/19,l,Alarm Call,2,2683 WARDLOW RD,COR
,,19C076386,19:15:52 08/20/19,l,Trespass,3,725 S MAIN ST; 99 CENT STORE,COR
,,19C076387,19:18:51 08/20/19,l,911 Hangup,2,598 SANTANA WAY,COR
,,19C076388,19:24:53 08/20/19,l,Battery,1,955 S SHERMAN AVE # B,COR
,,19C076389,19:26:58 08/20/19,lf,Battery,1,1265 W TENTH ST # B,COR
,,19C076391,19:39:45 08/20/19,l,Property Check,4,1650 GARRETSON AVE; GARRETSON ELEMENTARY SCHOOL,COR
,,19C076393,19:47:27 08/20/19,l,Welfare Check,2,1234 TAFT LN,COR
,,19C076394,19:49:54 08/20/19,l,Dist/Physical,1,4019 S TEMESCAL ST,COR
,,19C076396,19:59:00 08/20/19,l,Z-Animal Svcs,4,1426 BURRERO WAY,COR
,,19C076397,20:00:42 08/20/19,l,Disturb Peace,3,700 E GRAND BLVD,COR
,,19C076398,20:02:29 08/20/19,l,Auto Theft Rec,4,730 PUBLIC SAFETY WAY,COR
,,19C076400,20:07:59 08/20/19,l,911 Hangup,2,1041 W GRAND BLVD # 102,COR
,,19C076401,20:09:05 08/20/19,l,Petty Theft P,4,470 N MCKINLEY ST; UFC GYM AT CORONA HILLS PLAZA,COR
,,19C076402,20:13:52 08/20/19,f,ZZMedical Alert,1,875 RIVER RD # 106; RIVER RUN APTS,COR
,,19C076403,20:14:54 08/20/19,l,Alarm Call,2,1214 MAGNOLIA AVE ; #101 TUTOR TIME,COR
,,19C076404,20:17:37 08/20/19,l,Susp Person,3,1910 FRONTAGE RD; AYRES SUITES H&S,COR
,,19C076405,20:21:05 08/20/19,l,911 Hangup,2,2970 RIMPAU AVE,COR
,,19C076406,20:23:31 08/20/19,f,ZZFall,1,8530 BEDFORD MOTORWAY,
,,19C076407,20:23:42 08/20/19,f,ZZSick,1,2729 PLUMWOOD LN,COR
,,19C076408,20:34:09 08/20/19,f,ZZFall,1,1130 W SIXTH ST,COR
,,19C076409,20:54:06 08/20/19,l,Vehicle Check,4,479 N MCKINLEY ST; WALMART,COR
,,19C076410,20:54:32 08/20/19,l,Traffic Stop,4,N LINCOLN AVE & BAYFIELD DR,COR
,,19C076411,20:59:31 08/20/19,l,Citizen Contact,3,111 W HARRISON ST ; POSS 10851P LL CONT,COR
,,19C076412,21:01:15 08/20/19,l,Fraud Past,4,111 N LINCOLN AVE; ARCO AM PM,COR
,,19C076414,21:03:30 08/20/19,l,Vehicle Check,4,470 N MCKINLEY ST; UFC GYM AT CORONA HILLS PLAZA,COR
,,19C076415,21:03:58 08/20/19,l,911 Hangup,2,790 E HARRISON ST,COR
,,19C076417,21:08:30 08/20/19,l,Domestic Distur,2,705 W TENTH ST ;,COR
,,19C076418,21:10:43 08/20/19,f,ZZSick,1,500 E GRAND BLVD,COR
,,19C076419,21:12:34 08/20/19,l,Property Check,4,803 SERRANO DR,COR
,,19C076420,21:13:59 08/20/19,l,Hazard,3,521 N MCKINLEY ST,COR
,,19C076421,21:15:44 08/20/19,l,911 Hangup,2,488 N MAIN ST,COR
,,19C076422,21:17:41 08/20/19,l,Susp Person,3,774 HEARST WAY,COR
,,19C076423,21:20:18 08/20/19,l,Follow Up,4,730 PUBLIC SAFETY WAY ; CR 19-10295,COR
,,19C076424,21:24:56 08/20/19,l,Alarm Call,2,750 S LINCOLN AVE # 101; VERIZON WIRELESS,COR
,,19C076426,21:26:43 08/20/19,l,Assist Othr Dpt,3,200 E OLIVE ST ; FIRE REF SUSP CONT,COR
,,19C076427,21:27:25 08/20/19,l,Susp Person,3,1373 DYER WAY,COR
,,19C076428,21:30:04 08/20/19,l,DV-Assault,1,705 N MAIN ST # 101; ME ECO NAIL BAR,COR
,,19C076429,21:31:30 08/20/19,f,ZZSick,1,737 MAGNOLIA AVE # 128;,COR
,,19C076432,21:37:20 08/20/19,l,Susp Person,3,956 AVENIDA DEL VISTA,COR
,,19C076434,22:01:09 08/20/19,l,Property Check,4,400 S VICENTIA AVE,COR
,,19C076435,22:02:51 08/20/19,l,Loud Noise,3,952 W FRANCIS ST,COR
,,19C076436,22:05:08 08/20/19,l,Alarm Call,2,1820 RIMPAU AVE,COR
,,19C076437,22:14:11 08/20/19,lf,Overdose,1,1790 VIA PACIFICA # A201; PARCWOOD APARTMENTS,COR
,,19C076438,22:25:01 08/20/19,l,911 Hangup,2,881 CORSICA DR,COR
,,19C076439,22:41:43 08/20/19,l,Property Check,4,1150 W TENTH ST; CORONA HIGH SCHOOL,COR
,,19C076440,22:52:05 08/20/19,l,911 Hangup,2,598 SANTANA WAY,COR
,,19C076441,22:55:38 08/20/19,l,Property Check,4,4372 TEMESCAL CANYON RD,COR
,,19C076442,22:58:26 08/20/19,l,Property Check,4,130 W FOOTHILL PKWY; CHEVRON GAS,COR
,,19C076443,23:17:37 08/20/19,l,Property Check,4,243 MAGNOLIA AVE,COR
,,19C076444,23:19:37 08/20/19,l,Property Check,4,1438 W SIXTH ST,COR
,,19C076446,23:29:09 08/20/19,l,Disturb Peace,3,310 N MCKINLEY ST,COR
,,19C076445,23:29:09 08/20/19,l,Traffic Stop,4,AVENIDA DEL VISTA & W SIXTH ST,COR
YES,'Location' garbled/scrambled text,19C076448,23:41:20 08/20/19,l,Patrol Info,4,"23260 SUNNYMEAD BLVD-CASTANEDAS, MORENO VALLEY;211PC",
,,19C076449,23:50:56 08/20/19,l,911 Hangup,2,2296 GRIFFIN WAY,COR
,,19C076450,23:55:37 08/20/19,l,Special Detail,4,450 AUTO CENTER DR; IN N OUT BURGER 25,COR
,,19C076451,23:56:04 08/20/19,l,Property Check,4,1646 DAWNRIDGE; BRENTWOOD PARK,COR
,,19C076452,00:04:39 08/21/19,l,Property Check,4,1315 MAGNOLIA AVE; CHEVRON,COR
,,19C076453,00:06:20 08/21/19,l,Disturb Peace,3,2620 TUSCANY ST # 106; JAMBA JUICE,COR
,,19C076454,00:08:00 08/21/19,l,Drunk In Public,2,2250 E TREEMONT PL,COR
,,19C076455,00:12:06 08/21/19,l,Property Check,4,2455 ANSELMO DR; MEC CORONA SUMMIT III LLC,COR
,,19C076457,00:14:04 08/21/19,l,911 Hangup,2,788 GIANNI DR # 105,COR
,,19C076458,00:19:55 08/21/19,l,Property Check,4,185 MAGNOLIA AVE; LEE POLLARD HIGH SCHOOL,COR
,,19C076459,00:23:26 08/21/19,l,Dist/Verbal,2,801 QUARRY ST,COR
,,19C076461,00:36:53 08/21/19,l,Property Check,4,1535 E ONTARIO AVE # 105; SOMBRERO MEXICAN FOOD,COR
,,19C076462,00:41:01 08/21/19,l,Disturb Peace,3,1698 W SIXTH ST # A,COR
,,19C076463,00:47:34 08/21/19,l,Property Check,4,2315 CALIFORNIA AVE; DYKSTRAS CAR WASH,COR
,,19C076464,00:48:19 08/21/19,l,Vehicle Check,4,2355 COMPTON AVE; LA FITNESS,COR
,,19C076465,00:48:51 08/21/19,l,Property Check,4,560 S PROMENADE AVE;ABS FACILITY SERVICES,COR
,,19C076466,00:55:12 08/21/19,l,Property Check,4,1155 E ONTARIO AVE; RIMPAU PARK,COR
,,19C076467,01:19:12 08/21/19,l,Ped Check,4,W SEVENTH ST & S SHERMAN AVE,COR
,,19C076468,01:41:05 08/21/19,l,Ped Check,4,E RINCON ST & N JOY ST,COR
,,19C076469,01:45:04 08/21/19,l,Property Check,4,1604 FAIRVIEW DR; FAIRVIEW PARK,COR
,,19C076470,01:46:14 08/21/19,l,CMC Violation,4,1487 HAWKCREST AVE,COR
,,19C076471,01:52:06 08/21/19,l,Alarm Call,2,635 N MAIN ST ; B-1A METRO NOODOE,COR
,,19C076472,01:56:19 08/21/19,l,Ped Check,4,W FOURTH ST & S SHERIDAN ST,COR
,,19C076473,01:58:53 08/21/19,l,Alarm Call,2,1406 W SIXTH ST ; RALLYS BURGERS,COR
,,19C076474,02:08:32 08/21/19,l,Property Check,4,500 CORONA MALL; CORONA MALL,COR
,,19C076475,02:22:20 08/21/19,l,Property Check,4,130 W FOOTHILL PKWY; CHEVRON GAS,COR
,,19C076476,02:49:43 08/21/19,l,Alarm Call,2,1150 PASEO GRANDE,COR
,,19C076477,02:53:52 08/21/19,l,Property Check,4,130 W FOOTHILL PKWY,COR
,,19C076478,02:58:48 08/21/19,f,ZZSick,1,730 MAGNOLIA AVE#739,COR
,,19C076479,03:23:16 08/21/19,l,Alarm Call,2,500 HARRINGTON ST; F,COR
,,19C076480,03:28:51 08/21/19,l,Resid Burg I/P,2,914 W ORANGE HEIGHTS LN,COR
,,19C076481,03:31:38 08/21/19,l,Alarm Call,2,412 JENKS CIR; FOUR SEASONS RESTAURANT EQUIPMENT,COR
,,19C076482,03:42:14 08/21/19,f,ZZSick,1,1741 COOLIDGE ST,COR
,,19C076484,04:21:25 08/21/19,l,Patrol Info,4,1772 DUMITRU WAY,COR
,,19C076485,04:32:33 08/21/19,l,Alarm Call,2,1820 RIMPAU AVE; CENTENNIAL HIGH SCHOOOL,COR
,,19C076486,04:55:43 08/21/19,lf,DV-Assault,1,2750 RIDGELINE DR # 202,COR
,,19C076487,05:01:00 08/21/19,l,Disturb Peace,3,2621 MANGULAR AVE,COR
,,19C076488,05:09:05 08/21/19,l,Stranded Veh,3,W FOOTHILL PKWY & S LINCOLN AVE,COR
,,19C076489,05:28:10 08/21/19,l,Susp Vehicle,3,3064 ASTORIA ST,COR
,,19C076492,05:36:11 08/21/19,l,Patrol Info,4,LA COSTA DR & LA TIERRA ST,COR
,,19C076493,05:45:35 08/21/19,f,ZZFall,1,3533 SUMMERTREE LN,COR
,,19C076494,05:48:21 08/21/19,l,911 Hangup,2,400 S VICENTIA AVE,COR
,,19C076495,05:49:45 08/21/19,l,Alarm Call,2,341 BONNIE CIR,COR
,,19C076496,05:51:32 08/21/19,l,Alarm Call,2,415 N SMITH AVE,COR
,,19C076498,06:11:55 08/21/19,l,Traffic Stop,4,TEMESCAL CANYON RD & TOM BARNES ST,COR
,,19C076499,06:12:10 08/21/19,l,911 Hangup,2,1650 S BUENA VISTA AVE,COR
,,19C076500,06:12:30 08/21/19,l,Disturb Peace,3,737 MAGNOLIA AVE,COR
,,19C076501,06:21:48 08/21/19,l,911 Hangup,2,1218 E ONTARIO AVE,COR
,,19C076502,06:25:06 08/21/19,l,Susp Person,3,1032 E SIXTH ST;HOMELESS SLEEPING,COR
,,19C076503,06:46:16 08/21/19,l,Alarm Call,2,841 N MAIN ST;ALAMILLA'S MEXICAN FOOD,COR
,,19C076505,06:49:17 08/21/19,l,Z-Animal Svcs,4,3230 STAR CANYON CIR,COR
,,19C076506,06:51:30 08/21/19,l,Found Property,4,1837 CALIFORNIA AVE;WIRELESS INFRASTRUCTURE,COR
,,19C076507,06:55:58 08/21/19,l,Traffic Detail,4,1395 E FOOTHILL PKWY; SANTIAGO HIGH SCHOOL,COR
,,19C076508,06:56:04 08/21/19,l,911 Hangup,2,1218 E ONTARIO AVE,COR
,,19C076509,06:58:00 08/21/19,l,Disturb Peace,2,775 W THIRD ST # 4,COR
,,19C076511,07:01:26 08/21/19,f,ZZSick,1,2260 INDIGO HILLS DR # 6,COR
,,19C076512,07:01:50 08/21/19,l,Traffic Stop,4,S MAIN ST & E FOOTHILL PKWY,COR
,,19C076513,07:02:07 08/21/19,l,Traffic Stop,4,1612 JENKS DR,COR
,,19C076514,07:05:36 08/21/19,l,Property Check,4,1550 E ONTARIO AVE,COR
,,19C076515,07:08:12 08/21/19,l,911 Hangup,2,1775 SAMPSON AVE,COR
,,19C076516,07:10:32 08/21/19,l,Traffic Detail,4,100 W ORANGE HEIGHTS LN,COR
,,19C076517,07:14:29 08/21/19,l,Citizen Contact,3,2398 RAILROAD ST ;LL CONT,COR
,,19C076518,07:19:05 08/21/19,l,Property Check,4,930 E SIXTH ST,COR
,,19C076519,07:22:34 08/21/19,l,Traffic Detail,4,1150 W TENTH ST; CORONA HIGH SCHOOL,COR
,,19C076522,07:30:43 08/21/19,l,Property Check,4,470 HIDDEN VALLEY PKWY; KOHLS,COR
,,19C076523,07:37:50 08/21/19,l,Z-Animal Svcs,4,1020 RAILROAD ST,COR
,,19C076524,07:38:51 08/21/19,l,Traffic Stop,4,BEDFORD CANYON RD & GEORGETOWN DR,COR
,,19C076527,07:43:57 08/21/19,l,Property Check,4,530 HIDDEN VALLEY PKWY # 101; QUICKSILVER,COR
,,19C076529,07:47:39 08/21/19,l,Traffic Detail,4,2665 GILBERT AVE; SUSAN B ANTHONY ELEMENTARY SCHOOL,COR
,,19C076531,07:52:44 08/21/19,l,911 Hangup,2,805 S RAMONA AVE,COR
,,19C076532,07:55:48 08/21/19,lf,Man Down,1,2125 STAGECOACH DR; STAGECOACH PARK,COR
,,19C076533,07:58:04 08/21/19,l,Traffic Stop,4,770 MAGNOLIA AVE,COR
,,19C076534,07:59:00 08/21/19,l,Property Check,4,372 N MCKINLEY ST; WELLS FARGO ATM SAND ALONE ATM,COR
,,19C076535,08:01:37 08/21/19,l,Property Check,4,2290 GRIFFIN WAY; COUNTRY SIDE CAR WASH AT COUNTRYSIDE CENTE,COR
,,19C076536,08:06:04 08/21/19,l,Property Check,4,479 N MCKINLEY ST; WALMART,COR
,,19C076537,08:06:32 08/21/19,lf,Accident Inj,1,PROMENADE AVE & LA VISTA AVE,COR
,,19C076538,08:08:48 08/21/19,l,Reckless Driver,3,E ONTARIO AVE & MAGNOLIA AVE,COR
,,19C076539,08:10:01 08/21/19,f,ZZBleeding,1,737 MAGNOLIA AVE # 112,COR
,,19C076540,08:14:06 08/21/19,f,ZZSick,1,730 PUBLIC SAFETY WAY; CORONA POLICE,COR
,,19C076541,08:17:13 08/21/19,l,Property Check,4,120 W PARKRIDGE AVE; WALGREENS 07591 AT NORTH MAIN PLAZA,COR
,,19C076542,08:17:23 08/21/19,f,ZZFall,1,2300 S MAIN ST # 357; VALENCIA TERRACE,COR
,,19C076543,08:19:14 08/21/19,f,ZZSick,1,730 PUBLIC SAFETY WAY; CORONA POLICE,COR
,,19C076544,08:20:02 08/21/19,l,Traffic Detail,4,1040 S VICENTIA AVE; JEFFERSON ELEMENTARY SCHOOL,COR
,,19C076546,08:28:54 08/21/19,l,Property Check,4,705 N MAIN ST,COR
,,19C076547,08:29:05 08/21/19,l,Follow Up,4,3777 BEDFORD CANYON RD,COR
,,19C076548,08:29:54 08/21/19,l,Auto Theft Rec,4,866 EL CAMINO AVE;PETES ROAD SERVICE,COR
,,19C076549,08:30:19 08/21/19,l,Auto Theft Past,3,BRITTANY DR & WIMBLEDON DR,COR
,,19C076551,08:47:57 08/21/19,f,ZZSick,1,730 PUBLIC SAFETY WAY; CORONA POLICE,COR
,,19C076552,08:48:07 08/21/19,l,Surveillance,4,S MAIN ST & E FRANCIS ST,COR
,,19C076553,08:48:48 08/21/19,l,Disturb Peace,3,475 CORONA MALL,COR
,,19C076554,08:49:24 08/21/19,l,Property Check,4,S MAIN ST & E ONTARIO AVE,COR
,,19C076555,08:51:21 08/21/19,l,Traffic Detail,4,1150 W TENTH ST; CORONA HIGH SCHOOL,COR
,,19C076557,08:58:34 08/21/19,l,Test,4,730 PUBLIC SAFETY WAY,COR
,,19C076558,08:58:57 08/21/19,l,Alarm Call,2,1215 EMERALDPORT ST,COR
,,19C076559,09:00:30 08/21/19,l,Comm Burg Past,4,853 N MAIN ST # 80,COR
,,19C076560,09:01:20 08/21/19,l,Flag Down,4,1402 E ONTARIO AVE,COR
,,19C076561,09:07:48 08/21/19,l,Traffic Stop,4,RIPCHAK RD & CRESTA RD,COR
,,19C076562,09:11:09 08/21/19,l,Dist/Verbal,2,1664 SUMAC PL,COR
,,19C076564,09:16:07 08/21/19,l,Traffic Stop,4,E PARKRIDGE AVE & CRESTA RD,COR
,,19C076567,09:22:48 08/21/19,f,ZZMedical Alert,1,1235 SHADY MILL RD,COR
,,19C076568,09:25:33 08/21/19,l,Ill Parked Veh,4,1123 SHERBORN ST,COR
,,19C076569,09:28:29 08/21/19,l,Patrol Info,4,3915 GREEN RIVER RD; CUBE SMART STORAGE,COR
,,19C076570,09:29:58 08/21/19,l,Comm Policing,4,1040 S VICENTIA AVE; JEFFERSON ELEMENTARY SCHOOL,COR
,,19C076571,09:30:00 08/21/19,f,ZZSick,1,2331 KELLOGG AVE # A; CROSSROADS CHURCH,COR
,,19C076572,09:36:02 08/21/19,l,Battery,1,749 LA CUMBRE ST,COR
,,19C076574,09:37:09 08/21/19,l,Veh Burg Past,4,1420 BURRERO WAY,COR
,,19C076575,09:37:12 08/21/19,f,ZZGas Leak Comm,1,2055 KELLOGG AVE,COR
,,19C076580,09:47:44 08/21/19,l,Property Check,4,450 S MAIN ST; JASHUA LIQUOR,COR
,,19C076581,09:47:48 08/21/19,f,ZZBreathing,1,3260 CELESTIAL CIR,COR
,,19C076582,09:51:25 08/21/19,l,Arson Past,4,4901 GREEN RIVER RD; ATTEMPT,COR
,,19C076583,09:51:50 08/21/19,l,911 Hangup,2,881 CORSICA DR,COR
,,19C076585,09:54:55 08/21/19,l,Patrol Info,4,960 SAPPHIRE LN,COR
,,19C076587,09:56:59 08/21/19,l,Patrol Info,4,385 W ORANGE HEIGHTS LN,COR
,,19C076588,09:58:57 08/21/19,l,Abandoned Veh,4,799 CIRCLE CITY DR,COR
,,19C076590,10:03:12 08/21/19,l,Accident,2,730 PUBLIC SAFETY WAY,COR
,,19C076591,10:03:57 08/21/19,l,Property Check,4,1701 W SIXTH ST,COR
,,19C076592,10:04:09 08/21/19,l,911 Hangup,2,1395 E FOOTHILL PKWY; PHASE 1,COR
,,19C076593,10:05:13 08/21/19,f,ZZFwy Acc w/ inj,1,15 NB TEMESCAL CANYON DOS LAGOSWEIRICK,TEM
,,19C076594,10:11:29 08/21/19,l,CMC Violation,4,2940 HIDDEN HILLS CIR,COR
,,19C076595,10:19:26 08/21/19,l,Accident,2,N SMITH AVE & RAILROAD ST,COR
,,19C076596,10:22:01 08/21/19,f,ZZBreathing,1,941 CIMARRON LN,COR
,,19C076597,10:27:52 08/21/19,l,Patrol Info,4,961 REBECCA WAY # 102,COR
,,19C076598,10:28:12 08/21/19,l,H&S Violation,3,1140 E ONTARIO AVE; CHEVRON STATION,COR
,,19C076599,10:31:12 08/21/19,l,Follow Up,4,790 S SMITH AVE,COR
,,19C076600,10:31:14 08/21/19,l,Ill Parked Veh,4,300 S BUENA VISTA AVE,COR
,,19C076601,10:37:10 08/21/19,l,911 Hangup,2,1701 RIMPAU AVE,COR
,,19C076602,10:41:13 08/21/19,lf,Accident Unknwn,1,CRESTA RD & PROMENADE AVE,COR
,,19C076603,10:41:44 08/21/19,f,ZZFall,1,VIA GUNNOE CT & E FOOTHILL PKWY,COR
,,19C076604,10:42:32 08/21/19,l,911 Hangup,2,866 EL CAMINO AVE; PHASE 1,COR
YES,'Location' garbled/scrambled text,19C076606,10:45:51 08/21/19,l,Arson Past,4,1973 CORDOZA ST;FRONT COUNTER,COR
,,19C076608,10:50:09 08/21/19,l,Follow Up,4,1801 BERN DR,COR
,,19C076610,10:57:55 08/21/19,l,Found Child,2,2085 HIGHPOINTE DR; SIENA APTS,COR
,,19C076612,10:59:01 08/21/19,l,Hit Run No Inj,2,N MCKINLEY ST & SAMPSON AVE,COR
,,19C076615,11:04:06 08/21/19,l,H/R Coll Past,4,RIMPAU AVE & MAGNOLIA AVE; LL CONT,COR
,,19C076616,11:06:24 08/21/19,l,911 Hangup,2,1717 VIA DEL RIO; PHASE 2,COR
,,19C076617,11:06:53 08/21/19,l,Property Check,4,1150 W TENTH ST; CORONA HIGH SCHOOL,COR
,,19C076619,11:07:46 08/21/19,l,Susp Vehicle,3,HILLSHIRE CIR & S BELLE AVE,COR
YES,'Nature' garbled text (embedded symbol),19C076620,11:08:15 08/21/19,f,ZZFaint/Uncons,1,275 TELLER ST # 100; 24 HOUR FITNESS,COR
,,19C076621,11:14:44 08/21/19,l,Stranded Veh,3,E FOOTHILL PKWY & S MAIN ST,COR
,,19C076622,11:16:04 08/21/19,l,Cite Sign Off,4,730 PUBLIC SAFETY WAY; plot,COR
,,19C076623,11:22:14 08/21/19,l,H/R Coll Past,4,401 N MCKINLEY ST; WENDY'S,COR
,,19C076624,11:23:12 08/21/19,l,H&S Violation,3,1171 BAYWOOD DR,COR
,,19C076625,11:26:11 08/21/19,l,Welfare Check,2,1776 ALL AMERICAN WAY,COR
,,19C076626,11:34:10 08/21/19,l,Alarm Call,2,132 BUSINESS CENTER DR ;AMERICAN U CARE PHARMA,COR
,,19C076627,11:34:43 08/21/19,l,Vandalism Past,4,1820 RIMPAU AVE; CENTENNIAL HIGH SCHOOL,COR
,,19C076628,11:44:12 08/21/19,,,,777 VILLA MONTES CIR,COR
,,19C076629,11:44:22 08/21/19,l,Property Check,4,2125 STAGECOACH DR; STAGECOACH PARK,COR
,,19C076630,11:57:40 08/21/19,l,Susp Person,3,321 W RINCON ST,COR
,,19C076631,11:58:54 08/21/19,l,Disturb Peace P,4,954 W ORANGE HEIGHTS LN,COR
,,19C076632,11:59:21 08/21/19,l,Susp Person,3,114 W ELEVENTH ST,COR
,,19C076634,12:04:08 08/21/19,l,911 Hangup,2,339 AMERICAN CIR,COR
,,19C076637,12:08:13 08/21/19,l,Citizen Contact,3,255 W ORANGE HEIGHTS LN,COR
,,19C076639,12:10:20 08/21/19,l,Property Check,4,115 W FRANCIS ST,COR
,,19C076640,12:11:14 08/21/19,l,Property Check,4,THE CROSSINGS,COR
,,19C076641,12:11:33 08/21/19,l,Disturb Peace,3,810 SERFAS CLUB DR ;MCDONALDS,CRA
,,19C076643,12:12:50 08/21/19,l,Hit Run No Inj,2,N MCKINLEY ST & SAMPSON AVE,COR
,,19C076646,12:24:40 08/21/19,l,Annoying Calls,3,988 ALLEGRE DR ; LL CONT C4,COR
,,19C076647,12:25:59 08/21/19,l,911 Hangup,2,400 S VICENTIA AVE,COR
,,19C076648,12:26:06 08/21/19,l,Annoying Calls,3,1238 W SIXTH ST,COR
,,19C076649,12:29:08 08/21/19,l,Traffic Stop,4,E FOOTHILL PKWY & CROSSROADS ST,COR
,,19C076650,12:31:55 08/21/19,l,Patrol Info,4,2871 VILLA CATALONIA CT,COR
,,19C076651,12:32:38 08/21/19,f,ZZChest Pains,1,671 VIEW LN,COR
,,19C076652,12:35:57 08/21/19,l,Property Check,4,725 S MAIN ST; 99 CENT STORE,COR
,,19C076653,12:36:32 08/21/19,l,Petty Theft,3,550 HIDDEN VALLEY PKWY,COR
,,19C076654,12:43:03 08/21/19,l,Fraud Past,4,826 W SEVENTH ST; FRONT COUNTER,COR
,,19C076655,12:46:26 08/21/19,f,ZZMedical Alert,1,650 STONEYBROOK DR # 237; ASHTON APT,COR
,,19C076657,12:51:24 08/21/19,l,Solicitor,3,915 W RANCHO RD,COR
,,19C076659,12:53:47 08/21/19,l,Follow Up,4,3900 SCENIC DR RVSD,
,,19C076660,12:54:33 08/21/19,l,Vandalism Past,4,1570 W SIXTH ST; MIGUELS JR INC 6 AT CROWN WESTEND COR PLAZA,
,,19C076661,12:59:21 08/21/19,l,Stranded Veh,3,841 N MAIN ST; ALAMILLAS MEXICAN FOOD AT PARKRIDGE COR PLAZA,
,,19C076662,13:03:54 08/21/19,f,ZZFall,1,1601 GARRETSON AVE,COR
,,19C076663,13:07:08 08/21/19,f,ZZChest Pains,1,2191 SAMPSON AVE; #105,COR
,,19C076665,13:09:58 08/21/19,l,Susp Person,3,STAGECOACH RD & CORYDON ST,COR
,,19C076667,13:10:33 08/21/19,l,Vehicle Check,4,1350 VALENCIA RD; ORANGE ELEMENTARY,COR
,,19C076669,13:13:07 08/21/19,l,911 Hangup,2,1660 LEESON LN; PHASE 2,COR
,,19C076670,13:16:40 08/21/19,l,Cite Sign Off,4,730 PUBLIC SAFETY WAY; FRONT COUNTER,COR
,,19C076671,13:18:39 08/21/19,l,Accident,2,MAGNOLIA AVE & 15 NB OFF RAMP,COR
,,19C076673,13:19:43 08/21/19,l,Additional Info,4,1331 BARCELONA ST; LL CONT,COR
,,19C076675,13:30:02 08/21/19,l,Lewd Cond Chld,2,1535 PLAZA DE NOCHE # 13,COR
,,19C076677,13:33:51 08/21/19,l,Battery Past,3,870 ENCANTO ST,COR
,,19C076679,13:43:42 08/21/19,l,Traffic Detail,4,2350 BORDER AVE; ADAMS ELEMENTARY,COR
,,19C076681,13:53:17 08/21/19,l,Drunk In Public,2,2570 TUSCANY ST; PANERA BREAD 1252 AT THE CROSSINGS,COR
,,19C076682,13:56:12 08/21/19,lf,Man Down,1,1277 W SIXTH ST,COR
,,19C076687,13:58:43 08/21/19,l,911 Hangup,2,E ONTARIO AVE & FULLERTON AVE,COR
,,19C076688,14:01:22 08/21/19,l,Comm Burg Past,4,3915 GREEN RIVER RD; CUBE SMART STORAGE,COR
,,19C076689,14:02:40 08/21/19,l,911 Hangup,2,615 RICHEY ST,COR
,,19C076691,14:04:15 08/21/19,l,Patrol Info,4,1983 HAMNER AVE;DODGE DEALERSHIP,NOR
,,19C076692,14:07:09 08/21/19,l,911 Hangup,2,805 S RAMONA AVE,COR
,,19C076693,14:07:17 08/21/19,lf,Vegetation High,1,POPPY ST & QUEBEC AVE,ELC
,,19C076694,14:09:00 08/21/19,l,Mail Theft P,4,591 FAIRBANKS ST ;LL CONT,COR
,,19C076697,14:25:46 08/21/19,lf,Under Influence,2,1999 Foothill PKWY;STARBUCKS,COR
,,19C076698,14:26:10 08/21/19,l,Property Check,4,403 TERMINO AVE,COR
,,19C076699,14:26:54 08/21/19,l,Abandoned Veh,4,1019 REGINA WAY,COR
,,19C076700,14:34:26 08/21/19,l,Additional Info,4,814 W GRAND BLVD # #1-2; PD LOBY,COR
,,19C076701,14:40:03 08/21/19,l,Cite Sign Off,4,730 PUBLIC SAFETY WAY,COR
,,19C076702,14:43:47 08/21/19,l,Traffic Stop,4,2790 CABOT DR;#105;TRADER JOES,COR
,,19C076703,14:45:07 08/21/19,l,Comm Policing,4,3465 ANDOVER ST,HGS
,,19C076704,14:46:45 08/21/19,l,Dist/Verbal,2,730 VIA DE LUNA # 1,COR
,,19C076705,14:47:30 08/21/19,l,911 Hangup,2,1218 E ONTARIO AVE,COR
,,19C076707,14:49:57 08/21/19,l,Ill Parked Veh,4,803 MAGNOLIA AVE,COR
,,19C076708,14:53:08 08/21/19,l,911 Hangup,2,13689 MAGNOLIA AVE,HGS
,,19C076709,14:56:20 08/21/19,l,Mail Theft P,4,1720 GARRETSON AVE,COR
,,19C076710,14:57:41 08/21/19,l,Petty Theft P,4,1107 W SIXTH ST; WSS SHOES,COR
,,19C076711,14:57:51 08/21/19,l,Patrol Info,4,1064 PEACEFUL DR;CODE 5,COR
,,19C076712,15:02:47 08/21/19,l,911 Hangup,2,1200 S MERRILL ST,COR
,,19C076713,15:04:20 08/21/19,l,Disturb Peace,3,720 N MAIN ST; BURLINGTON COAT,COR
,,19C076716,15:09:47 08/21/19,i,911 Hangup,2,881 CORSICA DR,COR
,,19C076717,15:09:58 08/21/19,l,911 Hangup,2,1433 E CHASE DR,COR
,,19C076721,15:14:01 08/21/19,l,Disturb Peace,3,2225 EAGLE GLEN PKWY # 102,COR
,,19C076723,15:21:33 08/21/19,l,Susp Person,3,204 E SIXTH ST; BANK OF AMERICA,COR
,,19C076725,15:32:15 08/21/19,l,Property Check,4,2250 S MAIN ST,COR
,,19C076726,15:41:33 08/21/19,l,Accident,2,912 W TENTH ST,COR
,,19C076727,15:42:24 08/21/19,i,Patrol Info,4,RAILROAD ST & KLUG CIR,COR
,,19C076728,15:43:06 08/21/19,l,Susp Person,3,1335 E ONTARIO AVE ;HOME DEPOT,COR
,,19C076729,15:44:17 08/21/19,l,911 Hangup,2,1150 W TENTH ST,COR
YES,'Nature' garbled text (embedded symbol),19C076732,15:47:01 08/21/19,f,ZZFaint/Uncons,1,1220 MAGNOLIA AVE # 101; DOLLAR TREE,COR
,,19C076733,15:49:02 08/21/19,l,Property Check,4,701 E HARRISON ST,COR
,,19C076734,15:49:07 08/21/19,l,Abandoned Veh,4,1053 W SEVENTH ST,COR
,,19C076735,15:50:22 08/21/19,l,Patrol Info,4,RAILROAD ST & AUTO CENTER DR,COR
,,19C076737,15:53:32 08/21/19,l,Traffic Stop,4,W SIXTH ST & AVENIDA DEL VISTA,COR
,,19C076738,16:00:07 08/21/19,l,911 Hangup,2,881 CORSICA DR,COR
,,19C076739,16:06:30 08/21/19,l,Property Check,4,750 CORONA AVE,COR
,,19C076741,16:07:55 08/21/19,l,911 Hangup,2,9000 CAJALCO RD,RVC
,,19C076744,16:13:51 08/21/19,l,Flag Down,4,2243 EAGLE GLEN PKWY,COR
,,19C076745,16:15:24 08/21/19,l,911 Hangup,2,3594 NELSON ST,COR
,,19C076749,16:18:30 08/21/19,l,Property Check,4,705 N MAIN ST,COR
,,19C076750,16:19:54 08/21/19,l,Property Check,4,403 TERMINO AVE,COR
,,19C076751,16:26:46 08/21/19,l,911 Hangup,2,19501 LA SIERRA,
,,19C076753,16:28:35 08/21/19,l,911 Hangup,2,511 S JOY ST,COR
,,19C076756,16:36:09 08/21/19,l,Property Check,4,930 E SIXTH ST; SKATE PARK CITY PARK,COR
,,19C076757,16:40:25 08/21/19,l,911 Hangup,2,4190 BENNETT AVE,COR
,,19C076758,16:41:47 08/21/19,l,Property Check,4,935 N MCKINLEY ST,COR
,,19C076761,16:45:15 08/21/19,l,Patrol Info,4,1614 PAMELA ST,COR
,,19C076762,16:45:59 08/21/19,l,Fraud Past,4,1813 HIDEAWAY PL # 204; FRONT COUNTER,COR
,,19C076763,16:50:16 08/21/19,l,Comm Policing,4,2178 STONERIDGE RD; ASHTON APTS,COR
,,19C076764,16:57:01 08/21/19,l,Disturb Peace,3,1999 Foothill PKWY,COR
,,19C076765,17:01:54 08/21/19,l,Compliance Ck,4,950 SAPPHIRE LN,COR
,,19C076766,17:02:12 08/21/19,l,Follow Up,4,2541 TUSCANY ST # 103; ULTA BEAUTY,COR
,,19C076767,17:02:53 08/21/19,f,ZZSick,1,1999 Foothill PKWY ;STARBUCKS,COR
,,19C076768,17:10:38 08/21/19,l,Assist Othr Dpt,3,470 E HARRISON ST,COR
,,19C076771,17:21:16 08/21/19,l,911 Hangup,2,4190 BENNETT AVE,COR
,,19C076772,17:22:33 08/21/19,l,Property Check,4,821 N MAIN ST,COR
,,19C076773,17:23:36 08/21/19,l,Disturb Peace P,4,2185 ADOBE AVE ;THREATS,COR
,,19C076775,17:28:00 08/21/19,l,Hazard,3,N JOY ST & E HARRISON ST,COR
,,19C076776,17:28:18 08/21/19,l,Citizen Contact,3,1280 KELLEY AVE;LL CONT,COR
,,19C076780,17:39:56 08/21/19,l,Alarm Call,2,777 S TEMESCAL ST # 45,COR
,,19C076781,17:43:55 08/21/19,l,Suspicious Circ,3,735 ALISO ST;POSS 459R,COR
,,19C076783,17:51:42 08/21/19,l,911 Hangup,2,13376 ESTELLE ST,HGS
,,19C076784,17:55:15 08/21/19,l,Auto Theft Past,3,995 POMONA RD # 70,COR
,,19C076785,17:56:34 08/21/19,l,Property Check,4,1260 E ONTARIO AVE; ALBERTSONS,COR
,,19C076786,18:05:12 08/21/19,f,ZZFwy Heavy Res,1,15 SB EL CERRITO CAJALCO,COR
,,19C076787,18:06:19 08/21/19,f,ZZFwy Acc w/ inj,1,15 SB EL CERRITO CAJALCO,COR
,,19C076791,18:12:47 08/21/19,l,911 Hangup,2,1150 W TENTH ST,COR
,,19C076792,18:18:36 08/21/19,l,911 Hangup,2,1400 NICHOLAS PL,COR
,,19C076793,18:18:52 08/21/19,l,Shoplifting,3,1290 E ONTARIO AVE; WALMART,COR
,,19C076794,18:19:22 08/21/19,f,ZZBreathing,1,3575 SWEETWATER CIR,COR
,,19C076795,18:31:03 08/21/19,l,Missing Person,2,1330 W SIXTH ST; MICHELLES LL CONT,COR
,,19C076797,18:36:13 08/21/19,l,Assist Othr Dpt,3,1330 MAGNOLIA AVE;ACO,COR
,,19C076798,18:36:21 08/21/19,l,Follow Up,4,730 PUBLIC SAFETY WAY; CORONA POLICE,COR
,,19C076801,18:49:16 08/21/19,l,Cross Report,2,1488 MARIPOSA DR,COR
,,19C076803,18:51:19 08/21/19,l,911 Hangup,2,1717 VIA DEL RIO; IGLESIA CHURCH,COR
,,19C076804,18:51:36 08/21/19,l,Ped Check,4,900 SAPPHIRE LN,COR
,,19C076805,19:04:28 08/21/19,l,Alarm Call,2,233 N SHERMAN AVE; ARVINYL LAMINATES LP,COR
,,19C076806,19:09:49 08/21/19,l,Citizen Contact,3,2215 E LAKESIDE PL,COR
,,19C076808,19:18:06 08/21/19,l,911 Hangup,2,3165 FOREST VIEW DR,COR
,,19C076809,19:21:04 08/21/19,l,911 Hangup,2,1150 W TENTH ST,COR
,,19C076810,19:21:12 08/21/19,lf,Accident Inj,1,1150 W TENTH ST; CORONA HIGH SCHOOL,COR
,,19C076812,19:22:19 08/21/19,f,ZZChest Pains,1,2956 BREEZY MEADOW CIR,COR
,,19C076813,19:23:38 08/21/19,l,911 Hangup,2,1150 W TENTH ST; CORONA HIGH SCHOOL,COR
,,19C076814,19:25:07 08/21/19,l,DV-Assault,1,691 STONEYBROOK DR # 84; ASHTON APARTMENTS; ASHTON APTS,COR
,,19C076815,19:28:19 08/21/19,l,911 Hangup,2,1150 W TENTH ST; CORONA HIGH SCHOOL,COR
,,19C076816,19:30:44 08/21/19,l,911 Hangup,2,1189 TOPAZ ST,COR
,,19C076817,19:30:55 08/21/19,l,911 Hangup,2,4190 BENNETT AVE,COR
,,19C076818,19:34:22 08/21/19,l,Follow Up,4,730 PUBLIC SAFETY WAY; CORONA POLICE,COR
,,19C076820,19:37:38 08/21/19,l,911 Hangup,2,4035 TEMESCAL,NOR
,,19C076822,19:41:00 08/21/19,l,Patrol Info,4,1614 PAMELA ST,COR
,,19C076823,19:41:31 08/21/19,l,911 Hangup,2,9069 CAJALCO RD,RVC
,,19C076824,19:46:48 08/21/19,l,911 Hangup,2,13979 WINDROSE AVE,NOR
,,19C076826,19:49:54 08/21/19,l,Susp Vehicle,3,2875 GILBERT AVE,COR
,,19C076827,19:50:14 08/21/19,l,911 Hangup,2,2335 KELLOGG AVE,COR
,,19C076828,19:55:08 08/21/19,l,911 Hangup,2,2335 KELLOGG AVE,COR
,,19C076829,19:55:17 08/21/19,l,Traffic Stop,4,S MAIN ST & E ONTARIO AVE,COR
,,19C076832,20:06:10 08/21/19,f,ZZAbdominalPa in,1,910 S BELLE AVE # 205,COR
,,19C076833,20:14:12 08/21/19,l,Compliance Ck,4,403 TERMINO AVE,COR
,,19C076834,20:17:03 08/21/19,l,Disturb Peace,3,2615 TUSCANY ST; TARGET STORES T1548 AT THE CROSSINGS,COR
,,19C076835,20:20:59 08/21/19,f,ZZBreathing,1,1205 MAGNOLIA AVE; SHELL STATION AT SIZZLER CENTER,COR
,,19C076839,20:30:15 08/21/19,l,Assist Othr Dpt,3,1330 MAGNOLIA AVE; ACO,COR
,,19C076841,20:33:11 08/21/19,l,Follow Up,4,2750 RIDGELINE DR # 202,COR
,,19C076842,20:35:08 08/21/19,l,Property Check,4,418 N MAIN ST,COR
,,19C076843,20:37:17 08/21/19,l,Additional Info,4,1107 W SIXTH ST;WSS,COR
,,19C076845,20:42:25 08/21/19,l,Alarm Call,2,1690 W SIXTH ST; CENTRAL OCC MEDICINE,COR
,,19C076846,20:45:16 08/21/19,l,Property Check,4,2615 TUSCANY ST; TARGET STORES T1548 AT THE CROSSINGS,COR
,,19C076850,21:00:15 08/21/19,l,Auto Theft Past,3,330 N MCKINLEY ST,COR
,,19C076851,21:09:30 08/21/19,l,Property Check,4,2243 EAGLE GLEN PKWY; STATER BROS,COR
,,19C076852,21:11:03 08/21/19,l,911 Hangup,2,598 SANTANA WAY; SKATE PARK SANTANA PARK,COR
,,19C076853,21:17:28 08/21/19,l,Suspicious Circ,3,3915 GREEN RIVER RD; CUBE SMART STORAGE,COR
,,19C076854,21:20:18 08/21/19,l,Cite Sign Off,4,730 PUBLIC SAFETY WAY; CORONA POLICE,COR
,,19C076855,21:20:43 08/21/19,l,Patrol Info,4,GREEN RIVER RD & RIDGELINE DR,COR
,,19C076856,21:21:49 08/21/19,l,Susp Person,3,964 BIG SPRING CT,COR
,,19C076857,21:26:36 08/21/19,l,911 Hangup,2,815 W SIXTH ST,COR
,,19C076858,21:36:16 08/21/19,l,Disturb Peace P,4,1143 STONE PINE LN # D,COR
,,19C076859,21:37:56 08/21/19,l,Speed Contest,3,E SIXTH ST & EL SOBRANTE RD,COR
,,19C076860,21:40:15 08/21/19,l,Patrol Info,4,1550 CIRCLE CITY DR; HOLIDAY INN EXPRESS AND SUITES COR CORONA,
,,19C076861,21:47:06 08/21/19,l,Property Check,4,255 E RINCON ST; PRIMERICA FINANCIAL SERVICES,COR
,,19C076862,21:49:40 08/21/19,l,911 Hangup,2,209 E BLAINE ST,COR
,,19C076863,22:00:41 08/21/19,l,Susp Person,3,1505 PLAZA DE NOCHE ; COUNTRY HILLS APTS,COR
,,19C076865,22:13:26 08/21/19,l,Susp Person,3,1756 NOAH CIR,COR
,,19C076866,22:37:53 08/21/19,l,Alarm Call,2,2350 BORDER AVE ; JOHN ADAMS ELEMENTARY,COR
,,19C076867,22:40:46 08/21/19,l,Area Check,3,GIBSON AND SAMPSON,
,,19C076868,22:43:59 08/21/19,l,Disturb Peace,3,1255 W TENTH ST # B,COR
,,19C076869,22:47:29 08/21/19,l,911 Hangup,2,2970 RIMPAU AVE ; ABAND PHS 2,COR
,,19C076870,22:49:50 08/21/19,l,911 Hangup,2,15 NB MAGNOLIA HIDDEN VALLEY,COR
,,19C076871,23:02:19 08/21/19,l,Dist/Verbal,2,2349 MCNEIL CIR,COR
,,19C076872,23:06:23 08/21/19,l,Under Influence,2,1440 CHALGROVE DR,COR
,,19C076873,23:14:43 08/21/19,l,911 Hangup,2,2311 MARSANT AVE ; PHS 2,COR
,,19C076875,23:23:13 08/21/19,l,Traffic Stop,4,GARRETSON AVE & E GRAND BLVD,COR
,,19C076876,23:35:21 08/21/19,l,911 Hangup,2,1376 CAMELOT DR ; PHS 2,COR
,,19C076877,23:35:45 08/21/19,l,Dist/Verbal,2,1368 CAMELOT DR,COR
,,19C076879,23:38:58 08/21/19,l,DV-Assault Past,3,RIMPAU AVE & TABER ST; 87 CHINO PD,COR
,,19C076880,23:41:39 08/21/19,l,Vandalism,3,937 MESA VERDE AVE,COR
,,19C076881,23:43:14 08/21/19,l,Traffic Stop,4,E SIXTH ST & PROMENADE AVE,COR
,,19C076882,23:48:51 08/21/19,l,Alarm Call,2,1150 PASEO GRANDE; CESAR CHAVEZ ELEMENTARY SCHOOL,COR
,,19C076884,23:52:11 08/21/19,l,911 Hangup,2,1200 S MERRILL ST,COR
,,19C076886,23:55:25 08/21/19,f,ZZFwy Acc w/ inj,1,15 SB HIDDEN VALLEY MAGNOLIA,COR
,,19C076887,00:03:32 08/22/19,l,Traffic Stop,4,MAGNOLIA AVE & EL CAMINO AVE,COR
,,19C076889,00:14:41 08/22/19,l,911 Hangup,2,209 E BLAINE ST,COR
,,19C076891,00:17:39 08/22/19,l,Property Check,4,705 N MAIN ST,COR
,,19C076893,00:30:04 08/22/19,l,Traffic Stop,4,N JOY ST & E HARRISON ST,COR
,,19C076894,00:31:57 08/22/19,l,CMC Violation,4,1604 FAIRVIEW DR; FAIRVIEW PARK,COR
,,19C076895,00:32:11 08/22/19,l,Vehicle Check,4,2355 COMPTON AVE; LA FITNESS,COR
,,19C076896,00:33:00 08/22/19,l,Welfare Check,2,972 WHITECLIFF WAY,COR
,,19C076897,00:36:09 08/22/19,l,911 Hangup,2,2035 CALIFORNIA AVE,COR
,,19C076898,01:01:59 08/22/19,l,Stranded Veh,3,ONT WOF COMPTON,
,,19C076900,01:08:46 08/22/19,l,Disturb Peace,3,1580 W SIXTH ST;HOMELESS,COR
,,19C076901,01:10:12 08/22/19,l,911 Hangup,2,1637 BRENTWOOD DR,COR
,,19C076902,01:12:15 08/22/19,l,Welfare Check,2,1649 BRENTWOOD DR,COR
,,19C076903,01:24:22 08/22/19,l,Domestic Distur,2,1144 CHESTNUT LN # 101,COR
,,19C076904,01:28:47 08/22/19,f,ZZSeizure,1,1053 W FIFTH ST,COR
,,19C076905,01:40:35 08/22/19,l,911 Hangup,2,890 HOTSPRING DR # C; AVANA SPRINGS APARTMENTS,COR
,,19C076906,01:43:52 08/22/19,l,Property Check,4,400 S VICENTIA AVE; CITY HALL,COR
,,19C076907,01:44:04 08/22/19,l,911 Hangup,2,1873 KINGSFORD DR,COR
,,19C076908,01:46:17 08/22/19,l,Alarm Call,2,1254 DUXBURY CIR,COR
,,19C076910,02:14:44 08/22/19,l,Unknown Problem,1,1956 OLYMPIA FIELDS DR,COR
,,19C076911,02:31:53 08/22/19,l,Ill Parked Veh,4,HILLSHIRE CIR & S BELLE AVE,COR
,,19C076912,02:35:01 08/22/19,l,Alarm Call,2,512 W SIXTH ST; FAST AUTO LOANS INC,COR
,,19C076913,03:05:08 08/22/19,l,Robbery,1,856 LIVE OAK PL,COR
,,19C076914,03:13:15 08/22/19,l,Alarm Call,2,923 W SIXTH ST; PETERS BURGERS,COR
,,19C076915,03:20:16 08/22/19,f,ZZBreathing,1,9156 FILAREE CT,TEM
,,19C076916,03:22:38 08/22/19,l,Alarm Call,2,1801 RAILROAD ST,COR
,,19C076918,03:37:18 08/22/19,l,Welfare Check,2,4901 GREEN RIVER RD; GREEN RIVER MHP,COR
,,19C076920,03:53:35 08/22/19,l,911 Hangup,2,3100 S MAIN ST,COR
,,19C076921,04:36:15 08/22/19,f,ZZFwy Acc w/ inj,1,91 WB AUTO CENTER 71,RVC
,,19C076922,04:52:02 08/22/19,l,Follow Up,4,730 PUBLIC SAFETY WAY,COR
,,19C076923,04:58:47 08/22/19,l,911 Hangup,2,1776 ALL AMERICAN WAY; ALL AMERICAN ALSPHALT,COR
,,19C076924,05:01:38 08/22/19,l,Veh Burg Past,4,749 JUNE DR,COR
,,19C076925,05:01:47 08/22/19,l,911 Hangup,2,1717 VIA DEL RIO; IGLESIA CHURCH,COR
,,19C076926,05:04:50 08/22/19,l,Alarm Call,2,3902 EAGLE GLEN PKWY,COR
,,19C076927,05:17:56 08/22/19,l,Susp Vehicle,3,1750 SPYGLASS DR; WILSON ELEMENTARY SCHOOL,COR
,,19C076928,05:38:42 08/22/19,l,911 Hangup,2,130 W CHASE DR; HEBREWS,COR
,,19C076929,05:42:24 08/22/19,l,Patrol Info,4,BEDFORD & EAGLE GLEN,
,,19C076930,06:16:51 08/22/19,lf,Man Down,1,2380 FULLERTON; CROSSROADS SCHOOL,COR
,,19C076931,06:18:13 08/22/19,l,Traffic Stop,4,HIDDEN VALLEY PKWY & GARLAND WAY,COR
,,19C076932,06:27:03 08/22/19,l,Traffic Stop,4,N SHERIDAN ST & RAILROAD ST,COR
,,19C076933,06:31:19 08/22/19,f,ZZFwy Acc w/ inj,1,91 EB GREEN RIVER 71,RVC
,,19C076935,06:44:34 08/22/19,l,Alarm Call,2,2230 GRIFFIN WAY; MIMIS CAFE,COR
,,19C076937,06:46:07 08/22/19,l,Property Check,4,116 E FRANCIS ST,COR
,,19C076939,06:47:50 08/22/19,l,911 Hangup,2,4095 LESTER AVE; PHASE 2,COR
,,19C076940,06:48:24 08/22/19,l,911 Hangup,2,770 MONTOYA DR,COR
,,19C076941,06:58:43 08/22/19,l,Property Check,4,702 E SIXTH ST; ARCO AM PM,COR
,,19C076942,07:00:53 08/22/19,l,Property Check,4,137 N JOY ST; EXACTA PLASTICS INC,COR
,,19C076943,07:01:36 08/22/19,f,ZZSick,1,2600 S MAIN ST,COR
,,19C076944,07:04:42 08/22/19,l,Property Check,4,450 HIDDEN VALLEY PKWY; CHICK FIL A,COR
,,19C076945,07:09:53 08/22/19,l,Traffic Detail,4,100 W ORANGE HEIGHTS LN,COR
,,19C076946,07:12:08 08/22/19,l,Property Check,4,402 HIDDEN VALLEY PKWY,COR
,,19C076947,07:15:35 08/22/19,l,Property Check,4,470 HIDDEN VALLEY PKWY; KOHLS,COR
,,19C076948,07:16:34 08/22/19,l,911 Hangup,2,1717 VIA DEL RIO,COR
,,19C076949,07:19:13 08/22/19,l,Traffic Detail,4,1350 VALENCIA RD; ORANGE ELEMENTARY,COR
,,19C076951,07:30:54 08/22/19,l,Traffic Detail,4,1820 RIMPAU AVE; CENTENNIAL HIGH SCHOOL,COR
,,19C076952,07:30:55 08/22/19,l,Property Check,4,2210 GRFFIN WY # 101; VERIZON WIRELESS,COR
,,19C076953,07:34:17 08/22/19,l,Property Check,4,2290 GRIFFIN WAY; COUNTRY SIDE CAR WASH AT COUNTRYSIDE CENTE,COR
,,19C076954,07:36:02 08/22/19,l,Traffic Detail,4,1790 SPYGLASS DR; SPYGLASS PARK,COR
,,19C076955,07:36:38 08/22/19,l,Reckless Driver,3,MAGNOLIA AVE & FULLERTON AVE,COR
,,19C076956,07:36:56 08/22/19,l,911 Hangup,2,1504 TABER ST;PHASE 1,COR
,,19C076957,07:38:12 08/22/19,l,Property Check,4,2230 GRIFFIN WAY; MIMIS CAFE,COR
,,19C076958,07:38:58 08/22/19,f,ZZFall,1,2908 DORCHESTER CIR,COR
,,19C076959,07:42:02 08/22/19,l,Property Check,4,2276 GRIFFIN WAY; COUNTRYSIDE CLEANERS AT COUNTRYSIDE CENTER,COR
,,19C076960,07:45:09 08/22/19,l,Traffic Stop,4,RIDGEWOOD DR & RIMPAU AVE,COR
,,19C076961,07:46:28 08/22/19,l,Alarm Call,2,2210 GRFFIN WY # 101; VERIZON WIRELESS,COR
,,19C076962,07:49:37 08/22/19,l,Property Check,4,2275 SAMPSON AVE; 91 EXPRESS LANES AT LOS ARCOS,COR
,,19C076963,07:52:03 08/22/19,l,Susp Person,3,RIVERVIEW CIR & MCMACKIN DR,COR
,,19C076964,07:57:49 08/22/19,l,Traffic Stop,4,FULLERTON AVE & E CHASE DR,COR
,,19C076965,08:01:23 08/22/19,l,Accident,2,CORYDON ST & STAGECOACH RD,COR
,,19C076967,08:04:22 08/22/19,l,Resid Burg Past,4,1314 OLD RANCH RD,COR
,,19C076968,08:06:23 08/22/19,l,Found Child,2,2923 GILBERT AVE,COR
,,19C076969,08:08:41 08/22/19,l,Alarm Call,2,723 POINTE VISTA LN,COR
,,19C076970,08:08:54 08/22/19,l,Alarm Call,2,2210 GRFFIN WY # 101; VERIZON WIRELESS,COR
,,19C076971,08:09:58 08/22/19,l,Traffic Detail,4,2350 BORDER AVE; ADAMS ELEMENTARY,COR
,,19C076972,08:10:01 08/22/19,l,Susp Person,3,795 W THIRD ST # 3,COR
,,19C076973,08:14:22 08/22/19,l,Property Check,4,835 N MAIN ST; REALTY WORLD MAIN STREET AT PARKRIDGE PLAZA,COR
,,19C076974,08:14:42 08/22/19,l,Traffic Detail,4,2350 BORDER AVE; ADAMS ELEMENTARY,COR
,,19C076975,08:16:00 08/22/19,l,Vehicle Check,4,N LINCOLN AVE & FALLBROOK DR,COR
,,19C076976,08:21:33 08/22/19,l,911 Hangup,2,1024 S WASHBURN AVE,COR
,,19C076977,08:22:40 08/22/19,l,Vandalism Past,4,321 S LINCOLN AVE; SPEEDWASH AT CORONA TOWNE CENTER,COR
,,19C076979,08:27:23 08/22/19,l,Follow Up,4,1265 W TENTH ST # B,COR
,,19C076980,08:31:58 08/22/19,f,ZZFall,1,869 BIG SPRING CT,COR
,,19C076981,08:33:25 08/22/19,l,Vehicle Check,4,S SHERMAN AVE & W NINTH ST,COR
,,19C076982,08:34:34 08/22/19,l,Disturb Peace,2,400 S VICENTIA AVE; CITY HALL,COR
,,19C076983,08:36:24 08/22/19,l,Missing Person,2,730 PUBLIC SAFETY WAY; LL CONT,COR
,,19C076984,08:40:00 08/22/19,l,Comm Policing,4,1250 W PARKRIDGE AVE; VICTRESS BOWER ELEMENTARY,COR
,,19C076985,08:41:15 08/22/19,l,Att Warrant Svc,4,1349 AGNES ST,COR
,,19C076986,08:47:52 08/22/19,l,Vehicle Check,4,700 W TENTH ST,COR
,,19C076987,08:49:59 08/22/19,l,Abandoned Veh,4,996 W FIFTH ST,COR
,,19C076989,08:54:26 08/22/19,l,Traffic Stop,4,MAGNOLIA AVE & EL CAMINO AVE,COR
,,19C076990,08:56:25 08/22/19,l,911 Hangup,2,1717 VIA DEL RIO; PHASE 1,COR
,,19C076991,08:58:44 08/22/19,l,Alarm Call,2,593 SHENANDOAH RD,COR
,,19C076992,08:59:51 08/22/19,f,ZZFwy Acc w/ inj,1,15 SB HIDDEN VALLEY MAGNOLIA,COR
,,19C076993,09:05:06 08/22/19,l,Property Check,4,2290 GRIFFIN WAY; COUNTRY SIDE CAR WASH AT COUNTRYSIDE CENTE,COR
,,19C076994,09:14:35 08/22/19,l,Property Check,4,1330 MAGNOLIA AVE,COR
,,19C076996,09:23:12 08/22/19,l,Vehicle Check,4,1551 FULLERTON AVE,COR
,,19C076997,09:32:53 08/22/19,l,Home Visit,4,12440 MORRISON MORENO VALLEY,
,,19C076998,09:33:18 08/22/19,l,Hazard,3,EAGLE GLEN PKWY & 15 SB ON RAMP,COR
,,19C076999,09:38:40 08/22/19,l,Property Check,4,400 S VICENTIA AVE; CITY HALL,COR
,,19C077000,09:40:29 08/22/19,l,Citizen Contact,3,730 VIA DE LUNA # 1;COUNTRY HILLS APTS,COR
,,19C077002,09:46:02 08/22/19,l,Assist Othr Dpt,3,1310 BRENTWOOD CIR # B,COR
,,19C077003,09:47:18 08/22/19,l,911 Hangup,2,505 S BUENA VISTA AVE; PHASE 1,COR
,,19C077006,09:53:04 08/22/19,l,DV-Assault,1,1200 S MERRILL ST; HUSTED PARK,COR
,,19C077008,09:59:00 08/22/19,l,Mail Theft P,4,182 BUSINESS CENTER DR; AND 470P,COR
,,19C077009,10:00:34 08/22/19,l,Battery Past,3,650 S MAIN ST; CITY LIBRARY,COR
,,19C077011,10:08:02 08/22/19,l,Property Check,4,180 E THIRD ST; CIRCLE CITY INN,COR
,,19C077012,10:13:00 08/22/19,l,Property Check,4,1330 MAGNOLIA AVE,COR
,,19C077013,10:13:08 08/22/19,l,Susp Vehicle,3,3336 DEAVER DR,COR
,,19C077014,10:14:47 08/22/19,l,Vehicle Check,4,500 VENTURA AVE,COR
,,19C077016,10:19:50 08/22/19,l,Suspicious Circ,3,2285 INDIGO HILLS DR # 3,COR
,,19C077017,10:20:55 08/22/19,l,911 Hangup,2,4190 BENNETT AVE; PHASE 1,COR
,,19C077018,10:25:22 08/22/19,l,Alarm Call,2,2784 WYCLIFFE ST; JENKINS RESD,COR
,,19C077019,10:27:21 08/22/19,l,Property Check,4,2331 KELLOGG AVE # A; CROSSROADS CHURCH,COR
,,19C077020,10:30:39 08/22/19,l,911 Hangup,2,1717 VIA DEL RIO,COR
YES,'Location' garbled/scrambled text,19C077022,10:31:11 08/22/19,l,Disturb Peace P,4,2310 SALDINA CIR;LL CONT,COR
,,19C077024,10:32:36 08/22/19,l,Patrol Info,4,MAGNOLIA AVE & 15 NB OFF RAMP,COR
,,19C077025,10:35:54 08/22/19,l,Property Check,4,2331 CALIFORNIA AVE,COR
,,19C077026,10:37:27 08/22/19,l,Illegal Dumping,3,1720 E DELILAH ST; CALOLYMPIC GLOVE AND SAFETY CO INC,COR
,,19C077027,10:40:54 08/22/19,l,Vandalism Past,4,944 W SIXTH ST # 106; NEW SPICE WORLD,COR
,,19C077028,10:42:07 08/22/19,l,Lewd Cond Chld,2,1395 E FOOTHILL PKWY; SANTIAGO HIGH SCHOOL,COR
,,19C077029,10:42:18 08/22/19,l,Property Check,4,440 RIVER RD,COR
,,19C077030,10:43:29 08/22/19,l,911 Hangup,2,400 S VICENTIA AVE; CITY HALL,COR
,,19C077031,10:47:19 08/22/19,l,Property Check,4,3555 GRAND OAKS,COR
,,19C077032,10:47:44 08/22/19,l,911 Hangup,2,2313 S MAIN ST,COR
,,19C077033,10:52:26 08/22/19,l,Under Influence,2,1750 W SIXTH ST; HARBOR FREIGHT TOOLS 464,COR
,,19C077034,10:53:38 08/22/19,l,Property Check,4,THE CROSSINGS,COR
,,19C077036,10:59:32 08/22/19,l,Additional Info,4,1973 CORDOZA ST,COR
,,19C077037,11:02:07 08/22/19,l,Traffic Stop,4,PROMENADE AVE & TERRA DR,COR
,,19C077038,11:04:47 08/22/19,l,Cite Sign Off,4,730 PUBLIC SAFETY WAY; CORONA POLICE;OUTSIDE PD,COR
,,19C077039,11:06:05 08/22/19,l,911 Hangup,2,1022 STETSON CIR,COR
,,19C077040,11:09:18 08/22/19,f,ZZFall,1,1032 STETSON CIR,COR
,,19C077041,11:14:39 08/22/19,l,Traffic Stop,4,PROMENADE AVE & TERRA DR,COR
YES,'Nature' garbled text (embedded symbol),19C077043,11:18:42 08/22/19,f,ZZFaint/Uncons,1,2055 KELLOGG AVE; KAISER FOUNDATION HEALTH PLAN INC,COR
,,19C077044,11:19:00 08/22/19,lf,Vegetation Low,1,2790 CABOT DR,COR
,,19C077045,11:21:50 08/22/19,l,Traffic Stop,4,PROMENADE AVE & LA VISTA AVE,COR
,,19C077046,11:25:17 08/22/19,f,ZZSick,1,2803 VIA VERONA,COR
,,19C077047,11:25:31 08/22/19,l,Property Check,4,2618 LA VENTANA DR,COR
,,19C077048,11:27:47 08/22/19,l,Fraud Past,4,1235 DORIS LN # 101; LL CONT,COR
,,19C077049,11:33:08 08/22/19,f,ZZBleeding,1,650 S MAIN ST; CITY LIBRARY,COR
,,19C077051,11:42:51 08/22/19,l,911 Hangup,2,881 CORSICA DR,COR
,,19C077052,11:43:52 08/22/19,l,Welfare Check,2,2097 SANTA BARBARA ST,COR
,,19C077053,11:44:20 08/22/19,l,Att Warrant Svc,4,2174 BLUEJAY LN;LOBBY,COR
,,19C077054,11:49:48 08/22/19,l,Disturb Peace,3,1701 W SIXTH ST; #111 REF TO LV,COR
,,19C077055,11:50:55 08/22/19,l,Petty Theft P,4,1199 MAGNOLIA AVE; CARLS JR,COR
,,19C077056,11:56:33 08/22/19,l,Patrol Info,4,19494 RIVER ROCK RD,COR
,,19C077057,11:58:16 08/22/19,l,Patrol Info,4,E UPPER DR & S MAIN ST,COR
,,19C077059,11:59:53 08/22/19,l,911 Hangup,2,2035 CALIFORNIA AVE,COR
,,19C077060,12:00:39 08/22/19,l,Welfare Check,2,OAK AVE & BARCELONA ST,COR
,,19C077061,12:05:09 08/22/19,l,H/R Coll Past,4,150 DEPOT DR; LL CONT,COR
,,19C077062,12:06:28 08/22/19,l,Property Check,4,2355 COMPTON AVE; LA FITNESS,COR
,,19C077063,12:14:51 08/22/19,l,Property Check,4,100 RADIO RD,COR
YES,'Nature' garbled text (embedded symbol),19C077067,12:37:11 08/22/19,f,ZZFaint/Uncons,1,1400 CIRCLE CITY DR; #102,COR
,,19C077068,12:40:26 08/22/19,l,Follow Up,4,500 E RINCON ST;#150,COR
,,19C077069,12:41:04 08/22/19,,,,1802 S BELLE AVE,COR
,,19C077070,12:41:29 08/22/19,lf,Choking,1,925 W HACIENDA DR,COR
,,19C077071,12:42:07 08/22/19,l,911 Hangup,2,881 CORSICA DR; PHASE 2,COR
,,19C077072,12:46:56 08/22/19,l,911 Hangup,2,881 CORSICA DR; PHASE 2,COR
,,19C077074,12:50:14 08/22/19,lf,Accident,2,E EIGHTH ST & S JOY ST,COR
,,19C077077,12:52:53 08/22/19,lf,Assault Wpn Inj,1,225 W SIXTH ST; CITIZENS BANK 2 AGO,COR
,,19C077078,12:54:19 08/22/19,l,Missing Person,2,1802 S BELLE AVE,COR
,,19C077080,12:55:51 08/22/19,l,Traffic Stop,4,600 S MERRILL ST,COR
,,19C077079,12:55:51 08/22/19,l,Property Check,4,1900 AVIATION DR; CORONA AIRPORT,COR
,,19C077081,13:02:05 08/22/19,l,Silent Comm 211,1,2045 CALIFORNIA AVE;#110 riverside paint company,COR
,,19C077084,13:05:08 08/22/19,l,Disturb Peace,3,2260 GRIFFIN WAY; AYRES SUITES;#123,COR
,,19C077088,13:07:22 08/22/19,l,Follow Up,4,1150 W TENTH ST; CORONA HIGH SCHOOL,COR
,,19C077089,13:22:24 08/22/19,f,ZZSick,1,2105 W ONTARIO AVE,COR
,,19C077090,13:25:01 08/22/19,l,911 Hangup,2,4190 BENNETT AVE; PHASE 1,COR
,,19C077091,13:25:35 08/22/19,lf,Man Down,1,217 W RANCHO RD,COR
,,19C077092,13:36:41 08/22/19,l,Trespass,3,815 W SIXTH ST ;#130;HOMELESS,COR
,,19C077093,13:38:06 08/22/19,l,Disturb Peace P,4,777 VILLA MONTES CIR; LL CONT,COR
,,19C077094,13:39:48 08/22/19,l,Welfare Check,2,801 MAGNOLIA AVE # 233; CASA GRANDE SENIOR APARTMENTS,COR
,,19C077095,13:42:20 08/22/19,l,Accident,2,MAGNOLIA AVE & 15 NB ON RAMP,COR
,,19C077099,13:53:20 08/22/19,l,Stranded Veh,3,TAYLOR AVE & W ONTARIO AVE,COR
,,19C077102,14:05:53 08/22/19,l,Welfare Check,2,1143 STONE PINE LN # D,COR
,,19C077103,14:08:47 08/22/19,l,Cite Sign Off,4,730 PUBLIC SAFETY WAY; CORONA POLICE; outside pd,COR
,,19C077104,14:10:43 08/22/19,l,911 Hangup,2,134 N SHERMAN AVE,COR
,,19C077105,14:12:45 08/22/19,l,Accident,2,1202 KINGSDALE DR,COR
,,19C077106,14:12:48 08/22/19,l,Disturb Peace P,4,1307 W SIXTH ST # 215; WORLDEN GROUP INC,COR
,,19C077107,14:14:03 08/22/19,f,ZZPublicSrvceF,2,FULLERTON AVE & E FOOTHILL PKWY,COR
,,19C077109,14:16:57 08/22/19,l,Traffic Detail,4,1820 RIMPAU AVE; CENTENNIAL HIGH SCHOOL,COR
,,19C077110,14:17:42 08/22/19,l,Traffic Detail,4,2350 BORDER AVE; ADAMS ELEMENTARY,COR
,,19C077111,14:18:27 08/22/19,f,ZZSick,1,715 N MAIN ST,COR
,,19C077112,14:21:57 08/22/19,l,911 Hangup,2,1331 PERA ST,COR
,,19C077115,14:24:23 08/22/19,l,911 Hangup,2,410 RIVER RD ; PHS 2,COR
,,19C077114,14:24:23 08/22/19,l,Property Check,4,2382 KELLOGG AVE,COR
,,19C077120,14:42:30 08/22/19,l,Accident,2,MAGNOLIA AVE & 15 SB ON RAMP,COR
,,19C077121,14:45:44 08/22/19,l,Veh Burg Past,4,1550 RIMPAU AVE # 93;LL CONT,COR
,,19C077122,14:46:06 08/22/19,f,ZZFall,1,803 MAGNOLIA AVE # 224,COR
,,19C077124,14:47:45 08/22/19,f,ZZSick,1,217 E THIRD ST;#3 CORONA CLINICA MEDICA FAMILIAR,COR
,,19C077125,14:51:55 08/22/19,l,Follow Up,4,1255 W TENTH ST # D,COR
,,19C077127,14:53:05 08/22/19,l,Annoying Calls,3,479 BARROW ST ; LL CONT,COR
,,19C077128,14:55:05 08/22/19,l,Alarm Call,2,910 WASHBURN AVE; R JAMES RICHARDSON II MS D D S,COR
,,19C077129,14:55:23 08/22/19,l,Cross Report,2,241 E PARKRIDGE AVE # A,COR
,,19C077131,14:57:52 08/22/19,l,Auto Theft Rec,4,905 REDWOOD CT,COR
,,19C077132,15:02:08 08/22/19,l,Ill Parked Veh,4,3415 VIA GIOVANNI CIR,COR
,,19C077133,15:06:38 08/22/19,l,Ill Parked Veh,4,777 S TEMESCAL ST,COR
,,19C077135,15:09:06 08/22/19,l,911 Hangup,2,2145 HIGHPOINTE DR # 205,COR
,,19C077136,15:09:43 08/22/19,l,Comm Policing,4,1820 RIMPAU AVE; CENTENNIAL HIGH SCHOOL,COR
,,19C077137,15:10:37 08/22/19,l,Ill Parked Veh,4,2763 BLUE SPRINGS DR,COR
,,19C077139,15:12:24 08/22/19,l,Welfare Check,2,PASEO GRANDE & W SIXTH ST,COR
,,19C077140,15:12:28 08/22/19,l,Ill Parked Veh,4,1410 SANDIA ST,COR
,,19C077141,15:16:05 08/22/19,l,Ill Parked Veh,4,1821 PROVIDENCE WAY,COR
,,19C077142,15:18:05 08/22/19,l,Battery Past,3,2800 RIDGELINE DR; PRADO VIEW ELEMENTARY SCHOOL,COR
,,19C077143,15:18:22 08/22/19,l,Patrol Info,4,N MCKINLEY ST & GRIFFIN WAY,COR
,,19C077144,15:20:57 08/22/19,f,ZZ Fire Test,2,731 PUBLIC SAFETY WAY,COR
,,19C077145,15:22:21 08/22/19,f,ZZ Fire Test,2,123 N BUENA VISTA AVE,COR
,,19C077146,15:23:25 08/22/19,f,ZZ Fire Test,2,801 S MAIN ST,COR
,,19C077147,15:26:59 08/22/19,l,Suspicious Circ,3,1613 DAVIS ST ;POSS 459RESD UNK LAPSE,COR
,,19C077148,15:28:19 08/22/19,l,Traffic Stop,4,PROMENADE AVE & CRESTA RD,COR
,,19C077151,15:33:40 08/22/19,l,Follow Up,4,730 PUBLIC SAFETY WAY; CORONA POLICE,COR
,,19C077154,15:36:49 08/22/19,l,911 Hangup,2,881 CORSICA DR ; ABAND PHS 1,COR
,,19C077155,15:39:12 08/22/19,l,Alarm Call,2,2315 CLAUDIA ST ; TAYLOR RESIDENCE,COR
,,19C077156,15:40:51 08/22/19,l,Patrol Info,4,2876 CORAL ST,COR
,,19C077158,15:42:33 08/22/19,l,Petty Theft,3,480 N MCKINLEY ST ; COSTCO 488 PENDING,COR
,,19C077161,15:54:53 08/22/19,l,Battery Past,3,705 N MAIN ST # 110; CHUZE FITNESS,COR
,,19C077164,16:06:53 08/22/19,l,Disturb Peace P,4,750 CORONA AVE,COR
,,19C077165,16:10:53 08/22/19,l,Disturb Peace,3,1886 BUTTERFIELD DR; BUTTERFIELD PARK,COR
,,19C077166,16:16:48 08/22/19,l,Accident,2,E ONTARIO AVE & 15 SOUTH BOUND ON RAMP,COR
,,19C077167,16:20:39 08/22/19,f,ZZFall,1,1736 OUTPOST DR,COR
,,19C077169,16:25:37 08/22/19,f,ZZSick,1,731 PUBLIC SAFETY WAY,COR
,,19C077170,16:26:35 08/22/19,f,ZZ Fire Test,2,602 W SIXTH ST,COR
,,19C077174,16:32:30 08/22/19,l,Ped Check,4,390 N MCKINLEY ST # 101; TJ MAXX,COR
,,19C077176,16:35:48 08/22/19,l,Vandalism Past,4,4901 GREEN RIVER RD # 268;frnt lobby,COR
,,19C077178,16:41:21 08/22/19,l,Traffic Stop,4,AVENIDA DEL VISTA & W SIXTH ST,COR
,,19C077179,16:44:13 08/22/19,l,Patrol Info,4,S LINCOLN AVE & D ST,COR
,,19C077180,16:45:54 08/22/19,l,Traffic Stop,4,E SIXTH ST & RADIO RD,COR
,,19C077181,16:46:46 08/22/19,l,911 Hangup,2,1358 WOODVALE DR,COR
,,19C077182,16:49:21 08/22/19,f,ZZSick,1,1058 HORATIO AVE,COR
,,19C077183,16:52:06 08/22/19,l,Property Check,4,300 N MCKINLEY ST # 103; FED EX,COR
,,19C077184,16:58:28 08/22/19,l,Patrol Info,4,N LINCOLN AVE & RAILROAD ST,COR
,,19C077185,16:59:03 08/22/19,l,Welfare Check,2,1296 MAGNOLIA AVE; DOWNS BUSN LINE,COR
,,19C077186,16:59:07 08/22/19,l,Area Check,3,1190 W SIXTH ST ;FITNESS 19,COR
,,19C077187,17:02:36 08/22/19,l,Ill Parked Veh,4,BLUE SPRINGS DR & TEMESCAL CANYON RD,COR
,,19C077190,17:08:46 08/22/19,l,Follow Up,4,2541 TUSCANY ST # 103; ULTA BEAUTY,COR
,,19C077192,17:10:37 08/22/19,l,Cross Report,2,2195 ABERDEEN DR,COR
,,19C077193,17:10:54 08/22/19,l,Ped Check,4,1698 W SIXTH ST # A; 7 11 STORE WEST,COR
,,19C077194,17:11:37 08/22/19,l,Patrol Info,4,N MAIN ST & RIVER RD; 23103,COR
,,19C077196,17:13:26 08/22/19,l,Patrol Info,4,KELLOGG AVE & E ONTARIO AVE,COR
,,19C077197,17:15:00 08/22/19,l,Welfare Check,2,1984 LAS POSAS RD,CRA
,,19C077198,17:15:47 08/22/19,l,Hazard,3,W RINCON ST & N LINCOLN AVE,COR
,,19C077199,17:17:54 08/22/19,l,Traffic Stop,4,1206 MAGNOLIA AVE; #106;BASKIN ROBBINS,COR
,,19C077202,17:24:01 08/22/19,l,Drunk In Public,2,440 RIVER RD # I; J AND M MARKET,COR
,,19C077204,17:35:46 08/22/19,l,Property Check,4,1353 W SIXTH ST;CHUCK WAGON,COR
,,19C077205,17:46:53 08/22/19,l,Alarm Call,2,3904 VIA MIGUEL ST,COR
,,19C077208,18:07:28 08/22/19,l,Property Check,4,1701 W SIXTH ST,COR
,,19C077209,18:13:16 08/22/19,l,911 Hangup,2,1009 ACACIA ST,COR
,,19C077210,18:14:30 08/22/19,l,Traffic Stop,4,W SIXTH ST & PASEO GRANDE,COR
,,19C077211,18:16:59 08/22/19,l,DV-Assault,1,900 S MAIN ST # 108; DR PHAN PEDIATRICS; TARIN MEDICAL CO,COR
,,19C077212,18:18:35 08/22/19,l,Area Check,3,S MAIN ST & W ORANGE HEIGHTS LN,COR
,,19C077213,18:26:38 08/22/19,l,Auto Theft Past,3,1436 PINEWOOD DR;LL CONT,COR
,,19C077216,18:29:42 08/22/19,l,911 Hangup,2,1442 DYER WAY,COR
,,19C077217,18:31:36 08/22/19,f,ZZFall,1,2600 AVENIDA DEL VISTA # 204,COR
,,19C077218,18:38:55 08/22/19,l,911 Hangup,2,598 SANTANA WAY; SKATE PARK SANTANA PARK,COR
,,19C077219,18:41:18 08/22/19,l,Property Check,4,418 N MAIN ST,COR
,,19C077220,18:45:30 08/22/19,l,Comm Burg Past,4,611 W SIXTH ST,COR
,,19C077222,18:47:07 08/22/19,l,Accident,2,E ONTARIO AVE & MAGNOLIA AVE,COR
,,19C077223,18:47:11 08/22/19,l,Property Check,4,803 SERRANO DR,COR
,,19C077224,18:50:09 08/22/19,l,Annoying Calls,3,2158 GARRETSON CIR;LL CONT,COR
,,19C077226,18:52:21 08/22/19,l,Susp Person,3,1218 MAGNOLIA AVE # 110; KRA Z KAIS LAOTIAN BARBEQUE,COR
,,19C077227,18:55:22 08/22/19,l,Disturb Peace P,4,1052 E FRANCIS ST,COR
,,19C077228,18:58:57 08/22/19,l,Annoying Calls,3,930 E ONTARIO AVE;TEMPLO NUEVA VIDA,COR
,,19C077229,18:59:37 08/22/19,l,Alarm Call,2,423 JENKS CIR; #101 WEST HILLS CONSTRUCTION,COR
,,19C077230,19:00:56 08/22/19,l,911 Hangup,2,1128 OLYMPIC DR;ABAN PHS2,COR
,,19C077232,19:01:32 08/22/19,f,ZZBreathing,1,1820 RIMPAU AVE; CENTENNIAL HIGH SCHOOL,COR
,,19C077233,19:01:54 08/22/19,l,911 Hangup,2,1820 RIMPAU AVE; CENTENNIAL HIGH SCHOOL; ABAND CNTX,COR
,,19C077234,19:04:09 08/22/19,l,Suspicious Circ,3,W NINTH ST & S SHERMAN AVE,COR
,,19C077235,19:07:44 08/22/19,f,ZZChest Pains,1,3248 TAMARISK LN,COR
,,19C077237,19:14:58 08/22/19,l,911 Hangup,2,1616 RIMPAU AVE;PHS2,COR
,,19C077241,19:19:21 08/22/19,l,Patrol Info,4,2260 GRIFFIN WAY; AYRES SUITES;#229,COR
,,19C077243,19:25:23 08/22/19,l,911 Hangup,2,598 SANTANA WAY; SKATE PARK SANTANA PARK,COR
,,19C077244,19:25:37 08/22/19,l,Follow Up,4,2255 WILDOAK WAY # 212;,COR
,,19C077245,19:27:07 08/22/19,lf,Accident Inj,1,N MCKINLEY ST & MAGNOLIA AVE,COR
,,19C077256,19:38:33 08/22/19,l,Court Order Vio,3,622 W ELEVENTH ST,COR
,,19C077262,19:53:06 08/22/19,l,Disturb Peace,3,3240 SUNNIER CIR,COR
,,19C077263,19:53:13 08/22/19,l,Property Check,4,2876 CORAL ST; CODE 5,COR
,,19C077264,19:53:27 08/22/19,l,911 Hangup,2,209 E BLAINE ST,COR
,,19C077266,20:05:52 08/22/19,l,Property Check,4,480 N MCKINLEY ST,COR
,,19C077267,20:15:09 08/22/19,l,Property Check,4,480 N MCKINLEY ST,COR
,,19C077268,20:15:57 08/22/19,l,Speed Contest,3,1340 EL SOBRANTE RD; CASTANEADAS,COR
,,19C077270,20:18:28 08/22/19,l,Property Check,4,THE CROSSINGS,COR
,,19C077271,20:18:49 08/22/19,l,Petty Theft P,4,501 N MCKINLEY ST; AUTOZONE 4017 AT CORONA HILLS MARKETPLACE,COR
,,19C077274,20:30:24 08/22/19,l,Ped Check,4,380 N MCKINLEY ST,COR
,,19C077277,20:34:24 08/22/19,l,Disturb Peace,2,1764 SANDTRAP DR,COR
,,19C077279,20:35:47 08/22/19,f,ZZFwy UnkInjury,1,15 SB CAJALCO WEIRICK,TEM
,,19C077280,20:36:29 08/22/19,l,Patrol Info,4,1280 KELLEY AVE,COR
,,19C077282,20:37:14 08/22/19,l,Under Influence,2,724 W SEVENTH ST; PREMIS D,COR
,,19C077283,20:39:44 08/22/19,l,Traffic Stop,4,2296 GRIFFIN WAY; JACK IN THE BOX,COR
,,19C077284,20:40:27 08/22/19,l,911 Hangup,2,881 CORSICA DR,COR
,,19C077286,20:41:12 08/22/19,l,Accident,2,15 SB CAJALCO WEIRICK,TEM
,,19C077288,20:48:00 08/22/19,l,Accident,2,BRENTWOOD DR & AVENIDA DEL VISTA,COR
,,19C077290,20:52:24 08/22/19,l,911 Hangup,2,1218 E ONTARIO AVE,COR
,,19C077293,20:57:33 08/22/19,l,Patrol Info,4,RAILROAD ST & N COTA ST,COR
,,19C077294,20:58:28 08/22/19,l,Alarm Call,2,475 E GRAND BLVD; YMCA,COR
,,19C077296,21:08:13 08/22/19,l,Ped Check,4,S LINCOLN AVE & D ST,COR
,,19C077298,21:14:27 08/22/19,l,Traffic Stop,4,150 DEPOT DR,COR
,,19C077299,21:15:13 08/22/19,l,Alarm Call,2,750 S LINCOLN AVE # 101; VERIZON STORE,COR
,,19C077301,21:20:55 08/22/19,l,Citizen Contact,3,1280 KELLEY AVE,COR
,,19C077302,21:21:32 08/22/19,l,Follow Up,4,3479 REDPORT DR,COR
,,19C077303,21:23:33 08/22/19,l,Property Check,4,430 S LINCOLN AVE,COR
,,19C077304,21:23:47 08/22/19,l,Robbery,1,750 S LINCOLN AVE # 103; LA MICHOACANA; LA MICHOCANA,COR
,,19C077305,21:24:42 08/22/19,l,Disturb Peace,3,470 N MCKINLEY ST; UFC GYM AT CORONA HILLS PLAZA,COR
YES,'Location' garbled/scrambled text,19C077308,21:31:09 08/22/19,l,Disturb Peace,3,301 N LINCOLN AVE;CARDENAS MARKETS;HOMELESS,COR
,,19C077309,21:31:52 08/22/19,l,911 Hangup,2,881 CORSICA DR,COR
,,19C077313,21:51:52 08/22/19,l,Loud Noise,3,1391 SONORA DR,COR
,,19C077314,21:52:01 08/22/19,l,Follow Up,4,1173 TABITHA WAY,COR
,,19C077316,22:05:19 08/22/19,l,Traffic Stop,4,301 N LINCOLN AVE,COR
,,19C077317,22:05:23 08/22/19,l,Alarm Call,2,1820 RIMPAU AVE; CENTENNIAL HIGH SCHOOL,COR
,,19C077318,22:05:55 08/22/19,l,Under Influence,2,1760 W SIXTH ST # 102; SUBWAY,COR
,,19C077320,22:13:27 08/22/19,l,Under Influence,2,758 YORKSHIRE WAY,COR
,,19C077321,22:15:06 08/22/19,l,Alarm Call,2,1185 MAGNOLIA AVE # A; POWER BOWL,COR
,,19C077322,22:16:27 08/22/19,l,Property Check,4,300 N MCKINLEY ST; SUBWAY 7556 AT CORONA HILLS PLAZA,COR
,,19C077324,22:20:38 08/22/19,f,ZZFwy Acc w/ inj,1,91 WB 71 GREEN RIVER,RVC
,,19C077325,22:25:57 08/22/19,l,Vehicle Check,4,301 N LINCOLN AVE,COR
,,19C077326,22:26:00 08/22/19,l,Loud Noise,3,1934 FULLERTON AVE ;#207,COR
,,19C077327,22:26:13 08/22/19,l,Alarm Call,2,1750 SPYGLASS DR; WILSON ELEM,COR
,,19C077330,22:30:30 08/22/19,l,Area Check,3,HARRIS ST & W EIGHTH ST,COR
,,19C077331,22:30:58 08/22/19,l,Suspicious Circ,3,911 CORNERSTONE CIR,COR
,,19C077332,22:44:12 08/22/19,l,911 Hangup,2,3781 HARVILL LN;ABAN PHS2,HGS
,,19C077333,22:44:13 08/22/19,f,ZZFwy Acc w/ inj,1,WB 91 GYPSUM CANY OFFRAMP,
,,19C077337,22:49:32 08/22/19,l,Vehicle Check,4,1550 CIRCLE CITY DR; HOLIDAY INN EXPRESS AND SUITES COR CORONA,
,,19C077338,22:50:47 08/22/19,l,911 Hangup,2,1601 GARRETSON AVE;ABAN VOIP,COR
,,19C077339,22:50:59 08/22/19,f,ZZSeizure,1,1601 GARRETSON AVE,COR
,,19C077340,22:59:34 08/22/19,l,Traffic Stop,4,PROMENADE AVE & SHENANDOAH RD,COR
,,19C077342,23:06:45 08/22/19,l,Additional Info,4,2055 S MAIN ST;LL CONT,COR
,,19C077343,23:07:22 08/22/19,l,Traffic Stop,4,W SECOND ST & S LINCOLN AVE,COR
,,19C077344,23:07:25 08/22/19,f,ZZPublicSrvceF,2,1008 ELMHURST ST,COR
,,19C077345,23:13:59 08/22/19,l,911 Hangup,2,819 CAPISTRANO ST,COR
,,19C077346,23:17:12 08/22/19,l,Patrol Info,4,5193 BLUFF ST;10851 OUT OF NORCO,NOR
,,19C077347,23:19:01 08/22/19,l,Area Check,3,3196 HUCKLEBERRY DR,COR
,,19C077350,23:23:05 08/22/19,l,Traffic Stop,4,790 S SMITH AVE; CFD 3,COR
,,19C077351,23:25:18 08/22/19,l,Flag Down,4,581 N MCKINLEY ST;#103; CICIS PIZZA,COR
,,19C077352,23:25:48 08/22/19,l,Property Check,4,400 S VICENTIA AVE,COR
,,19C077354,23:39:50 08/22/19,l,Property Check,4,WARDLOW RD & AUTO CENTER DR,COR
,,19C077355,23:42:19 08/22/19,l,Property Check,4,615 RICHEY ST,COR
,,19C077357,23:48:38 08/22/19,l,Property Check,4,803 SERRANO DR,COR
,,19C077358,00:01:20 08/23/19,l,911 Hangup,2,12882 gingerwood - eastvale,
,,19C077359,00:01:21 08/23/19,l,911 Hangup,2,2901 COVENTRY CIR,COR
,,19C077360,00:06:30 08/23/19,l,Area Check,3,1260 E ONTARIO AVE; ALBERTSONS,COR
,,19C077361,00:09:29 08/23/19,l,Property Check,4,1453 VALLEJO DR,COR
,,19C077362,00:10:20 08/23/19,l,Property Check,4,730 VIA DE LUNA # 2; COUNTRY HILLS APARTMENTS,COR
,,19C077363,00:13:45 08/23/19,l,Traffic Stop,4,RAILROAD ST & N SMITH AVE,COR
,,19C077364,00:28:29 08/23/19,l,Vehicle Check,4,2125 STAGECOACH DR; STAGECOACH PARK,COR
,,19C077366,00:34:04 08/23/19,l,Loud Noise,3,1501 FOX RUN,COR
,,19C077368,00:37:46 08/23/19,f,ZZAbdominalPa in,1,700 W SIXTH ST,COR
,,19C077369,00:41:25 08/23/19,f,ZZFall,1,1400 CIRCLE CITY DR; #42 CORONA RESIDENTIAL CARE CENTER LLC,COR
,,19C077370,00:49:32 08/23/19,l,Traffic Stop,4,CORYDON ST & RIVER RD,COR
,,19C077372,00:54:09 08/23/19,l,Traffic Stop,4,S MAIN ST & E UPPER DR,COR
,,19C077373,00:54:14 08/23/19,l,Missing Person,2,2801 MELLOR ST;LL CONT,COR
,,19C077374,00:57:26 08/23/19,l,Loud Noise,3,935 N MCKINLEY ST; VINEYARD CHURCH,COR
,,19C077375,00:58:44 08/23/19,l,Susp Vehicle,3,PRONIO CIR & TEMESCAL CANYON RD,COR
,,19C077376,01:21:47 08/23/19,l,Alarm Call,2,2690 TUSCANY ST # 102; ATT WIRELESS STORE,COR
,,19C077378,01:27:37 08/23/19,lf,Man Down,1,625 EBBCREEK ST # N,COR
,,19C077380,01:40:25 08/23/19,l,Property Check,4,2481 STEVEN DR; ROCK VISTA PARK,COR
,,19C077381,01:41:06 08/23/19,l,911 Hangup,2,1860 MAGIA CIR;ABAN PHS2,COR
,,19C077383,01:56:57 08/23/19,l,Property Check,4,705 N MAIN ST,COR
,,19C077384,02:27:26 08/23/19,l,Property Check,4,470 HIDDEN VALLEY PKWY; KOHLS,COR
,,19C077385,02:42:04 08/23/19,l,Alarm Call,2,518 CORONA MALL;CORONA ANTIQUE,COR
,,19C077387,02:45:29 08/23/19,l,Area Check,3,160 E ONTARIO AVE # 103;ALL SMILES DENTAL,COR
,,19C077388,02:54:19 08/23/19,l,Veh Burg I/P,2,3502 ELKER RD,COR
,,19C077389,02:59:07 08/23/19,f,ZZChest Pains,1,4901 GREEN RIVER RD # 113,COR
,,19C077391,03:04:11 08/23/19,l,Alarm Call,2,1151 POMONA RD # D; MATRIX TECHNOLOGIES,COR
,,19C077392,03:04:22 08/23/19,l,Assist Othr Dpt,3,4901 GREEN RIVER RD # 113,COR
,,19C077393,03:04:32 08/23/19,l,Assist Othr Dpt,3,4901 GREEN RIVER RD # 113,COR
,,19C077394,03:06:56 08/23/19,l,Area Check,3,347 N GARFIELD AVE,COR
,,19C077395,03:45:50 08/23/19,l,Property Check,4,800 S MAIN ST; CORONA REGIONAL MEDICAL CENTER,COR
,,19C077396,03:59:17 08/23/19,lf,Overdose,1,1375 E ONTARIO AVE; SAMS CLUB 4709 AT SOUTH POINTE PLAZA,COR
,,19C077397,04:00:15 08/23/19,l,Property Check,4,1560 W SIXTH ST,COR
,,19C077398,04:00:51 08/23/19,l,Alarm Call,2,583 N SMITH AVE; BEST HDDS,COR
,,19C077399,04:02:57 08/23/19,l,Property Check,4,620 N MAIN ST,COR
,,19C077401,04:08:52 08/23/19,l,Alarm Call,2,1150 PASEO GRANDE; CESAR CHAVEZ ELEMENTARY SCHOOL,COR
,,19C077404,05:18:42 08/23/19,l,Alarm Call,2,3431 GRAND OAKS # 102; WESTCOMM CREDIT UNION,COR
,,19C077405,05:22:40 08/23/19,l,Hazard,3,2240 COMPTON AVE,COR
,,19C077406,05:31:47 08/23/19,l,911 Hangup,2,3410 MOONLIGHT LN;ABAND PHS2,COR
,,19C077407,06:03:33 08/23/19,f,ZZStroke,1,2551 BORDER AVE,COR
,,19C077408,06:23:59 08/23/19,l,Alarm Call,2,1835 CAPITAL ST,COR
,,19C077409,06:28:31 08/23/19,l,911 Hangup,2,2385 AUTO CENTER DR,
,,19C077410,06:35:14 08/23/19,f,ZZFwy UnkInjury,1,91 WB 71 GREEN RIVER,RVC
,,19C077411,06:37:42 08/23/19,l,Disturb Peace,3,611 E GRAND BLVD; #103; JUGOS VALLARTA,COR
,,19C077412,07:03:25 08/23/19,f,ZZCommrcal Alrm,1,1228 SHERBORN ST; SUNSHINE METALS INC,COR
,,19C077413,07:04:36 08/23/19,l,Traffic Stop,4,1150 W TENTH ST; CORONA HIGH SCHOOL,COR
,,19C077414,07:08:48 08/23/19,l,Area Check,2,1290 E ONTARIO AVE; WALMART; 488 SUSP 97,COR
,,19C077415,07:11:49 08/23/19,l,Property Check,4,1 MONSTER WAY,COR
,,19C077416,07:17:50 08/23/19,l,Traffic Detail,4,1150 W TENTH ST; CORONA HIGH SCHOOL,COR
,,19C077417,07:26:43 08/23/19,l,Property Check,4,750 CORONA AVE,COR
,,19C077418,07:37:48 08/23/19,l,Property Check,4,1220 W PARKRIDGE AVE; WASHINGTON ELEMENTARY,COR
,,19C077419,07:41:58 08/23/19,l,Property Check,4,1517 MARIE ST,COR
,,19C077420,07:44:39 08/23/19,l,Property Check,4,2355 COMPTON AVE; LA FITNESS,COR
,,19C077421,07:45:49 08/23/19,l,Comm Burg Past,4,385 E GRAND BLVD,COR
,,19C077422,07:52:03 08/23/19,l,911 Hangup,2,764 BRIANNA WAY,COR
,,19C077423,07:55:35 08/23/19,l,Susp Person,3,1111 W SIXTH ST; WELLS FARGO BANK,COR
,,19C077424,07:57:25 08/23/19,l,Traffic Stop,4,W KENDALL ST & S MAIN ST,COR
,,19C077425,07:59:04 08/23/19,l,Traffic Stop,4,MINNESOTA RD & TEMESCAL CANYON RD,ELC
,,19C077426,08:00:16 08/23/19,l,Traffic Stop,4,125 HIDDEN VALLEY PKWY,NOR
,,19C077427,08:06:50 08/23/19,l,Traffic Stop,4,E PARKRIDGE AVE & E HARRISON ST,COR
,,19C077428,08:06:58 08/23/19,l,911 Hangup,2,966 W EIGHTH ST,COR
,,19C077431,08:10:06 08/23/19,l,Property Check,4,472 PENROSE DR; PENROSE APTS,COR
,,19C077433,08:13:06 08/23/19,lf,Assist Othr Dpt,3,1150 W TENTH ST; CORONA HIGH SCHOOL,COR
,,19C077434,08:13:41 08/23/19,l,Veh Burg Past,4,520 TREELINE DR # 107,COR
,,19C077435,08:14:48 08/23/19,l,Traffic Stop,4,HIDDEN VALLEY PKWY & CORONA AVE,COR
,,19C077437,08:18:19 08/23/19,l,Auto Theft Past,3,966 W FIFTH ST # 4,COR
,,19C077439,08:24:17 08/23/19,f,ZZFall,1,1412 KIRKWOOD DR,COR
,,19C077440,08:27:09 08/23/19,l,Traffic Stop,4,W SIXTH ST & S MAIN ST,COR
,,19C077441,08:31:43 08/23/19,l,Property Check,4,3643 GRAND OAKS; BEVERAGES AND MORE INC 79 AT THE COR CROSSINGS,
,,19C077442,08:33:27 08/23/19,l,Flag Down,4,N JOY ST & PRINCELAND CT,COR
,,19C077443,08:34:10 08/23/19,l,H/R Coll Past,4,155 AUTO CENTER DR; METRO LINK;MAIL RPT,COR
,,19C077444,08:37:50 08/23/19,l,Follow Up,4,1016 S WASHBURN AVE,COR
,,19C077445,08:37:52 08/23/19,l,911 Hangup,2,777 S TEMESCAL ST # 127,COR
,,19C077447,08:41:05 08/23/19,l,Open Door,2,3180 HUCKLEBERRY DR,COR
,,19C077448,08:42:57 08/23/19,l,Alarm Call,2,1700 VIA PACIFICA; PARCWOOD APARTMENTS,COR
,,19C077449,08:45:13 08/23/19,lf,ZZSick,1,910 S BELLE AVE # 205,COR
,,19C077450,08:45:31 08/23/19,l,Ill Parked Veh,4,2125 STAGECOACH DR; STAGECOACH PARK,COR
,,19C077451,08:48:20 08/23/19,l,911 Hangup,2,1400 NICHOLAS PL,COR
,,19C077452,08:48:38 08/23/19,l,Additional Info,4,500 E RINCON ST; LL CONT,COR
,,19C077453,08:48:42 08/23/19,f,ZZSeizure,1,1215 D ST; #G203,COR
,,19C077455,08:49:32 08/23/19,l,Property Check,4,617 N MAIN ST,COR
,,19C077456,08:49:46 08/23/19,l,Area Check,3,MAGNOLIA AVE & 15 SB ON RAMP;AOD/ACO,COR
,,19C077457,08:51:34 08/23/19,l,Property Check,4,1290 E ONTARIO AVE; WALMART,COR
,,19C077458,08:57:21 08/23/19,l,911 Hangup,2,1385 PICO ST,COR
,,19C077459,09:00:47 08/23/19,l,Disturb Peace,3,1442 DYER WAY,COR
,,19C077460,09:01:32 08/23/19,l,911 Hangup,2,1000 W RINCON ST;PHASE 2,COR
,,19C077461,09:02:49 08/23/19,l,911 Hangup,2,3100 S MAIN ST,COR
,,19C077463,09:06:00 08/23/19,l,Disturb Peace,3,702 E SIXTH ST; ARCO AM PM,COR
,,19C077465,09:19:21 08/23/19,l,Area Check,3,N LINCOLN AVE & 91 WB ON RAMP,COR
,,19C077466,09:19:54 08/23/19,l,Property Check,4,W FOOTHILL PKWY & TRUDY WAY,COR
,,19C077467,09:23:08 08/23/19,l,Traffic Stop,4,N JOY ST & E BLAINE ST,COR
,,19C077469,09:25:48 08/23/19,l,911 Hangup,2,3100 S MAIN ST; MOUNTAINGATE PARK,COR
,,19C077470,09:26:35 08/23/19,l,Area Check,3,COMPTON AVE & E ONTARIO AVE,COR
,,19C077471,09:26:36 08/23/19,l,Incorrigible,2,1650 GARRETSON AVE; GARRETSON ELEMENTARY SCHOOL,COR
,,19C077472,09:30:26 08/23/19,l,911 Hangup,2,1150 W TENTH ST,COR
,,19C077473,09:32:44 08/23/19,l,Property Check,4,160 W ONTARIO AVE,COR
,,19C077474,09:34:18 08/23/19,l,Susp Vehicle,3,130 INDUSTRIAL WAY,COR
,,19C077476,09:36:38 08/23/19,l,Disturb Peace,3,281 DUPONT ST,COR
,,19C077477,09:41:40 08/23/19,l,Cite Sign Off,4,730 PUBLIC SAFETY WAY; PLOT,COR
,,19C077479,09:47:43 08/23/19,l,Ped Check,4,300 S BUENA VISTA AVE; ORANGE GROVE HIGH,COR
,,19C077480,09:54:32 08/23/19,l,Traffic Stop,4,1260 E ONTARIO AVE,COR
,,19C077481,09:56:29 08/23/19,l,911 Hangup,2,805 S RAMONA AVE,COR
,,19C077482,09:59:23 08/23/19,l,Rape Past,2,1925 AZTEC LN,COR
,,19C077483,10:03:48 08/23/19,l,Property Check,4,1750 W SIXTH ST; HARBOR FREIGHT TOOLS 464,COR
,,19C077484,10:04:44 08/23/19,l,Property Check,4,1395 E FOOTHILL PKWY; SANTIAGO HIGH SCHOOL,COR
,,19C077485,10:10:30 08/23/19,l,Veh Burg Past,4,360 N MCKINLEY ST; CHASE BANK,COR
,,19C077486,10:10:51 08/23/19,l,911 Hangup,2,1660 LEESON LN,COR
,,19C077488,10:21:08 08/23/19,l,Fraud,2,510 WELLESLEY DR # 101; LL CONT,COR
,,19C077489,10:22:17 08/23/19,lf,Assault Injury,1,420 S LINCOLN AVE; #110; NATIONAL INN,COR
,,19C077490,10:26:06 08/23/19,l,Additional Info,4,1084 POMONA RD; BEST WESTERN;LL CONT,COR
,,19C077491,10:28:02 08/23/19,l,Welfare Check,2,131 N MERRILL ST,COR
,,19C077492,10:31:42 08/23/19,l,Trespass,3,4095 LESTER AVE,COR
,,19C077495,10:39:01 08/23/19,l,Under Influence,2,1878 PROVIDENCE WAY,COR
,,19C077496,10:39:13 08/23/19,l,Disturb Peace,3,2240 COMPTON AVE; UNOCAL GAS,COR
,,19C077497,10:42:58 08/23/19,l,Patrol Info,4,799 GIANNI DR # 210,COR
,,19C077499,10:48:24 08/23/19,l,Additional Info,4,866 AMHERST ST ; SPANISH SPEAKER LL CONT,COR
,,19C077500,10:49:18 08/23/19,l,Alarm Call,2,2125 GEORGETOWN DR,COR
,,19C077502,10:54:38 08/23/19,lf,Man Down,1,1260 E ONTARIO AVE; ALBERTSONS,COR
,,19C077503,10:56:21 08/23/19,l,Citizen Contact,3,1304 BRENTWOOD CIR # B; FRONT COUNTER,COR
,,19C077505,10:59:15 08/23/19,l,911 Hangup,2,1494 BROOKDALE DR,COR
,,19C077506,11:00:13 08/23/19,l,911 Hangup,2,1787 POMONA RD; CORONA CONSTRUCTORS,COR
,,19C077507,11:06:19 08/23/19,l,Traffic Stop,4,RIVER RD & N LINCOLN AVE,COR
,,19C077508,11:06:33 08/23/19,l,911 Hangup,2,480 N MCKINLEY ST,COR
,,19C077509,11:07:46 08/23/19,l,Susp Vehicle,3,1126 FALLBROOK DR,COR
,,19C077510,11:10:31 08/23/19,l,Disturb Peace,3,800 S MAIN ST; CORONA REGIONAL MEDICAL CENTER,COR
,,19C077511,11:18:31 08/23/19,l,Accident,2,3188 VERMONT DR,COR
,,19C077512,11:20:36 08/23/19,l,Petty Theft P,4,307 S SMITH AVE # 73; COUNTRYWOODS MHP,COR
,,19C077513,11:22:21 08/23/19,l,Grand Theft P,4,1701 W SIXTH ST; #105,COR
,,19C077514,11:23:00 08/23/19,l,Susp Person,3,1185 ZIRCON ST,COR
,,19C077516,11:24:24 08/23/19,l,911 Hangup,2,1181 CALIFORNIA AVE,COR
,,19C077518,11:38:57 08/23/19,l,911 Hangup,2,300 N MCKINLEY ST,COR
,,19C077520,11:49:46 08/23/19,l,Veh Burg Past,4,866 EL CAMINO AVE;JBS PLASTERING,COR
,,19C077523,12:12:01 08/23/19,l,Citizen Contact,3,375 COLFAX CIR,COR
,,19C077524,12:12:14 08/23/19,l,911 Hangup,2,1291 DODGE CITY PL,NOR
,,19C077525,12:21:12 08/23/19,l,H&S Violation,3,917 S HOWARD ST,COR
,,19C077526,12:28:43 08/23/19,l,Mail Theft P,4,871 KEVIN CIR; ATTEMPT,COR
,,19C077527,12:30:26 08/23/19,l,Citizen Contact,3,1395 E FOOTHILL PKWY; SANTIAGO HIGH SCHOOL,COR
,,19C077529,12:32:09 08/23/19,l,Disturb Peace,3,301 S LINCOLN AVE; CARDENAS,COR
,,19C077530,12:34:31 08/23/19,l,Citizen Contact,3,211 W RINCON ST ;PD LOBBY,COR
,,19C077531,12:39:36 08/23/19,l,911 Hangup,2,209 E BLAINE ST,COR
,,19C077532,12:41:56 08/23/19,l,911 Hangup,2,505 S BUENA VISTA AVE,COR
,,19C077533,12:44:14 08/23/19,l,Cite Sign Off,4,730 PUBLIC SAFETY WAY,COR
,,19C077534,12:45:01 08/23/19,l,Hazard,3,N MCKINLEY ST & PROMENADE AVE,COR
,,19C077535,12:50:08 08/23/19,l,Comm Policing,4,350 W RINCON ST,COR
,,19C077537,13:04:12 08/23/19,l,911 Hangup,2,1191 CHESTNUT LN,COR
,,19C077538,13:05:04 08/23/19,f,ZZSick,1,1181 E BAYWOOD DR # 203,COR
,,19C077539,13:08:37 08/23/19,l,Domestic Distur,2,1552 CHALGROVE DR,COR
,,19C077541,13:16:46 08/23/19,f,ZZCommrcal Alrm,1,140 N MAPLE ST; MAPLE CENTER,COR
,,19C077542,13:16:52 08/23/19,f,ZZCommrcal Alrm,1,140 N MAPLE ST;MAPLE CENTER,COR
,,19C077544,13:18:44 08/23/19,l,Ill Parked Veh,4,815 W NINTH ST,COR
,,19C077545,13:21:06 08/23/19,l,Petty Theft P,4,2193 WEMBLEY LN,COR
,,19C077546,13:21:43 08/23/19,l,911 Hangup,2,598 SANTANA WAY; SKATE PARK SANTANA PARK,COR
,,19C077548,13:24:43 08/23/19,l,Vandalism Past,4,1497 TEAKWOOD PL;SUSP INFO,COR
,,19C077550,13:34:04 08/23/19,l,911 Hangup,2,915 N MCKINLEY ST,COR
,,19C077551,13:37:53 08/23/19,l,Disturb Peace P,4,1280 KELLEY AVE; LL CONT,COR
,,19C077552,13:48:46 08/23/19,f,ZZSick,1,540 MAGNOLIA AVE; CFD 1,COR
,,19C077553,13:54:40 08/23/19,f,ZZTrauma,1,1450 MAGNOLIA AVE,COR
,,19C077554,13:58:35 08/23/19,l,Missing Person,2,831 POPPYSEED LN; FRONT COUNTER,COR
,,19C077555,14:02:58 08/23/19,l,Area Check,3,S PROMENADE AVE & BENTLEY DR,COR
,,19C077556,14:03:40 08/23/19,f,ZZSeizure,1,BEDFORD CANYON RD & E FOOTHILL PKWY,COR
,,19C077557,14:04:09 08/23/19,l,911 Hangup,2,1831 N DELILAH ST,COR
,,19C077559,14:08:35 08/23/19,l,Susp Person,3,1506 PLEASANT VIEW AVE,COR
,,19C077560,14:08:53 08/23/19,l,Auto Theft Rec,4,730 PUBLIC SAFETY WAY; FRONT COUNTER,COR
YES,'Nature' garbled text (embedded symbol),19C077563,14:10:34 08/23/19,f,ZZFaint/Uncons,1,9 KPC PKWY; ALVORD SCHOOL DIST,COR
,,19C077564,14:11:19 08/23/19,l,Veh Burg Past,4,3871 ASHWOOD DR,COR
,,19C077565,14:13:14 08/23/19,l,Property Check,4,BRADFORD CIR & OTT ST,COR
,,19C077567,14:16:21 08/23/19,l,911 Hangup,2,505 S BUENA VISTA AVE; COUNTY COURT HOUSE,COR
,,19C077569,14:19:06 08/23/19,l,Susp Vehicle,3,EAGLE GLEN PKWY & RYDER CUP DR,COR
,,19C077570,14:19:54 08/23/19,l,Traffic Stop,4,W ONTARIO AVE & MANGULAR AVE,COR
,,19C077573,14:22:46 08/23/19,l,911 Hangup,2,2585 S MAIN ST,COR
,,19C077574,14:23:41 08/23/19,l,Citizen Contact,3,3196 HUCKLEBERRY DR,COR
,,19C077577,14:30:28 08/23/19,f,ZZBleeding,1,2240 COMPTON AVE; UNOCAL GAS;PD ON SCENE,COR
,,19C077578,14:31:39 08/23/19,l,Cite Sign Off,4,730 PUBLIC SAFETY WAY,COR
,,19C077579,14:32:14 08/23/19,l,Accident,2,E EIGHTH ST & E GRAND BLVD,COR
,,19C077581,14:34:04 08/23/19,f,ZZBleeding,1,2240 COMPTON AVE; UNOCAL GAS;PD ON SCENE,COR
,,19C077583,14:37:42 08/23/19,l,Traffic Detail,4,2350 BORDER AVE; ADAMS ELEMENTARY,COR
,,19C077584,14:43:09 08/23/19,l,911 Hangup,2,2315 CALIFORNIA AVE,COR
,,19C077585,14:43:49 08/23/19,l,Public Service,3,650 EBBCREEK ST ;AVANA SPRINGS,COR
,,19C077587,14:52:43 08/23/19,l,911 Hangup,2,674 EL SOBRANTE RD,COR
,,19C077588,14:56:15 08/23/19,l,Fraud Past,4,3811 BEDFORD CANYON RD # 108; CORKYs,COR
,,19C077589,14:59:37 08/23/19,l,911 Hangup,2,1701 RIMPAU AVE,COR
,,19C077591,15:05:16 08/23/19,l,Accident,2,CAJALCO RD & 15 NB OFF RAMP,COR
,,19C077594,15:14:34 08/23/19,l,Accident,2,E SIXTH ST & E GRAND BLVD,COR
,,19C077596,15:18:24 08/23/19,l,Traffic Stop,4,385 E GRAND BLVD,COR
,,19C077597,15:23:54 08/23/19,l,Citizen Contact,3,630 CANARY LN,COR
,,19C077598,15:24:04 08/23/19,l,Alarm Call,2,1871 N DELILAH ST;GRID IRON ACADEMY,COR
,,19C077599,15:24:15 08/23/19,l,Flag Down,4,200 N LINCOLN AVE; MOTEL 6,COR
,,19C077600,15:27:00 08/23/19,l,911 Hangup,2,15 SB MAGNOLIA ONTARIO,COR
,,19C077601,15:31:23 08/23/19,l,911 Hangup,2,2381 MOUNT HUMPHRIES CIR,COR
,,19C077602,15:31:25 08/23/19,l,911 Hangup,2,2648 HARVEST CREST LN,COR
,,19C077603,15:36:49 08/23/19,l,Area Check,3,1527 S VICENTIA AVE,COR
,,19C077605,15:38:29 08/23/19,l,Patrol Info,4,1205 RIMPAU AVE; SHELL GAS,COR
,,19C077606,15:50:43 08/23/19,l,Accident,2,CAJALCO RD AT 15,COR
,,19C077608,15:58:46 08/23/19,l,Property Check,4,490 N MCKINLEY ST,COR
,,19C077609,16:04:14 08/23/19,l,Citizen Contact,3,2185 ADOBE AVE; pd lobby,COR
,,19C077611,16:12:14 08/23/19,l,Traffic Stop,4,RAILROAD ST & ADAMS CIR,COR
,,19C077612,16:13:20 08/23/19,f,ZZGas Leak Comm,1,1185 MAGNOLIA AVE # K; BRAVO DENTAL GROUP,COR
,,19C077615,16:25:02 08/23/19,l,Property Check,4,200 E OLIVE ST,COR
,,19C077616,16:27:46 08/23/19,l,Additional Info,4,400 S RAMONA AVE;LL CONT,COR
,,19C077617,16:28:54 08/23/19,l,Accident,2,MAGNOLIA AVE & 15 SB ON RAMP,COR
,,19C077621,16:40:22 08/23/19,l,Accident,2,RIMPAU AVE & MAGNOLIA AVE,COR
,,19C077623,16:43:02 08/23/19,f,ZZDumpster Fire,1,619 S JOY ST,COR
,,19C077628,16:47:15 08/23/19,f,ZZFall,1,1550 RIMPAU AVE # 179,COR
,,19C077629,16:54:28 08/23/19,l,Citizen Contact,3,7976 POPPY ST,ELC
,,19C077630,16:54:54 08/23/19,l,Disturb Peace P,4,CALIFORNIA AVE & TABER ST,COR
,,19C077632,17:02:47 08/23/19,l,Area Check,3,2243 EAGLE GLEN PKWY; STATER BROS,COR
,,19C077633,17:03:19 08/23/19,l,911 Hangup,2,1395 E FOOTHILL PKWY,COR
,,19C077634,17:03:35 08/23/19,l,Under Influence,2,430 N MCKINLEY ST; 99 RANCH MARKET,COR
,,19C077635,17:06:02 08/23/19,l,Area Check,3,1527 S VICENTIA AVE ;SUSP PERSON; LL CONT,COR
,,19C077636,17:07:11 08/23/19,l,Susp Vehicle,3,1760 W SIXTH ST,COR
,,19C077637,17:07:40 08/23/19,l,H&S Violation,3,1646 DAWNRIDGE; BRENTWOOD PARK,COR
,,19C077638,17:11:22 08/23/19,lf,Man Down,1,N MAIN ST & E GRAND BLVD,COR
,,19C077639,17:12:45 08/23/19,l,911 Hangup,2,598 SANTANA WAY; SANTANA PARK,COR
,,19C077641,17:12:54 08/23/19,l,911 Hangup,2,598 SANTANA WAY; SKATE PARK SANTANA PARK,COR
,,19C077643,17:16:25 08/23/19,l,Disturb Peace,3,866 AMHERST ST,COR
,,19C077644,17:18:05 08/23/19,l,911 Hangup,2,1000 W RINCON ST,COR
,,19C077646,17:20:31 08/23/19,l,Ped Check,4,SERFAS CLUB DR & GREEN RIVER RD,COR
,,19C077647,17:23:03 08/23/19,l,911 Hangup,2,333 MAGNOLIA AVE,COR
,,19C077648,17:24:24 08/23/19,l,Patrol Info,4,1441 E SIXTH ST ;CONNECTION CHURCH,COR
,,19C077649,17:38:10 08/23/19,lf,ZZIllegal Burn,1,GRIFFIN WAY & N MCKINLEY ST,COR
,,19C077650,17:38:55 08/23/19,l,Under Influence,2,1065 RAILROAD ST; LIVING WATER CHURCH,COR
,,19C077651,17:39:34 08/23/19,l,Hazard,3,W ONTARIO AVE & VIA PACIFICA,COR
,,19C077655,17:46:33 08/23/19,l,Z-Animal Svcs,4,S BUENA VISTA AVE & W SEVENTH ST,COR
,,19C077656,17:47:02 08/23/19,l,Accident,2,W SIXTH ST & S BUENA VISTA AVE;INJURED DOG,COR
,,19C077657,17:51:21 08/23/19,l,Patrol Info,4,730 PUBLIC SAFETY WAY; CORONA POLICE,COR
,,19C077660,17:58:02 08/23/19,l,Disturb Peace P,4,1350 BRENTWOOD CIR # D;LL CONT,COR
,,19C077661,17:58:28 08/23/19,l,Comm Policing,4,1681 CALIFORNIA AVE; OMEGA PRODUCTS INTERNATIONAL COR INC,
,,19C077662,18:00:36 08/23/19,lf,Man Down,1,785 N MAIN ST; ARCO AM PM,COR
,,19C077665,18:05:00 08/23/19,l,Disturb Peace,3,920 S SHERIDAN ST;HOMELESS,COR
,,19C077666,18:08:44 08/23/19,f,ZZSick,1,1372 TURQUOISE DR,COR
,,19C077667,18:12:48 08/23/19,l,Hit Run No Inj,2,N LINCOLN AVE & BAYFIELD DR,COR
,,19C077668,18:19:08 08/23/19,l,Property Check,4,1818 W SIXTH ST,COR
,,19C077669,18:19:50 08/23/19,l,911 Hangup,2,RIMPAU AVE & MAGNOLIA AVE,COR
,,19C077670,18:21:59 08/23/19,lf,Accident Inj,1,MAGNOLIA AVE & RIMPAU AVE,COR
,,19C077671,18:29:13 08/23/19,l,911 Hangup,2,1539 YORBA ST,COR
,,19C077673,18:30:49 08/23/19,f,ZZBleeding,1,737 MAGNOLIA AVE # 105,COR
,,19C077674,18:35:27 08/23/19,l,911 Hangup,2,1820 FULLERTON AVE # 350; CORONA WOUND CENTER,COR
,,19C077675,18:42:42 08/23/19,l,Patrol Info,4,1200 S MERRILL ST; HUSTED PARK,COR
,,19C077676,18:45:22 08/23/19,l,Special Detail,4,1150 W TENTH ST; CORONA HIGH SCHOOL,COR
,,19C077677,18:52:12 08/23/19,l,Patrol Info,4,236 N MAPLE ST,COR
,,19C077678,18:53:34 08/23/19,l,Public Service,3,515 W FOURTH ST; PD PRKG LOT,COR
,,19C077680,19:06:15 08/23/19,l,Property Check,4,935 N MCKINLEY ST; VINEYARD CHURCH,COR
,,19C077682,19:07:33 08/23/19,l,Property Check,4,490 N MCKINLEY ST,COR
,,19C077683,19:10:33 08/23/19,l,Property Check,4,480 N MCKINLEY ST,COR
,,19C077684,19:13:34 08/23/19,l,Property Check,4,1299 E ONTARIO AVE,COR
,,19C077685,19:16:36 08/23/19,l,Stranded Veh,3,514 W GRAND BLVD,COR
,,19C077686,19:16:47 08/23/19,l,Property Check,4,390 N MCKINLEY ST,COR
,,19C077687,19:17:16 08/23/19,f,ZZSick,1,1549 FOX RUN,COR
,,19C077688,19:17:25 08/23/19,l,Drunk In Public,2,1380 W SIXTH ST ;#101 ROCKY SUSHI,COR
,,19C077689,19:19:13 08/23/19,l,911 Hangup,2,11792 BUNTING DR,
,,19C077690,19:20:31 08/23/19,l,Flag Down,4,953 RIMPAU AVE # 208,COR
YES,'Location' garbled/scrambled text,19C077692,19:23:33 08/23/19,l,Patrol Info,4,1800 S LINCOLN AVE;LINCOLN PARK;POSS HSVIOL,COR
,,19C077693,19:25:39 08/23/19,l,Suspicious Circ,3,1235 QUARRY ST,COR
,,19C077695,19:32:12 08/23/19,l,Property Check,4,418 N MAIN ST,COR
,,19C077697,19:37:55 08/23/19,l,Property Check,4,418 N MAIN ST,COR
,,19C077698,19:39:39 08/23/19,l,Follow Up,4,10754 ARLINGTON,COR
,,19C077699,19:41:00 08/23/19,l,Property Check,4,1122 PASEO GRANDE,CRA
,,19C077700,19:48:57 08/23/19,l,Property Check,4,2313 S MAIN ST,COR
,,19C077701,19:50:41 08/23/19,l,Property Check,4,275 TELLER ST # 100; 24 HOUR FITNESS,COR
,,19C077702,19:52:58 08/23/19,l,Alarm Call,2,2616 RESEARCH DR; #A,COR
,,19C077703,19:54:55 08/23/19,l,Petty Theft,3,1610 W SIXTH ST; CORONA 76; SUSP 97,COR
,,19C077705,19:56:02 08/23/19,l,Property Check,4,THE CROSSINGS,COR
,,19C077706,19:58:06 08/23/19,l,Susp Vehicle,3,2731 BLUE SPRINGS DR; STAYBRIDGE HOTEL,COR
,,19C077707,19:59:13 08/23/19,l,Alarm Call,2,720 S TEMESCAL ST;KMM TELECOMMUNICATION,COR
,,19C077708,20:03:38 08/23/19,f,ZZMedical Alert,1,875 RIVER RD # 106; RIVER RUN APTS,COR
,,19C077709,20:09:11 08/23/19,l,Traffic Stop,4,MAGNOLIA AVE & GRANT ST,HGS
,,19C077710,20:15:42 08/23/19,l,Patrol Info,4,91 EB ON RAMP & GREEN RIVER RD,COR
,,19C077711,20:19:31 08/23/19,f,Cardiac Arrest,1,2600 S MAIN ST; CORONA POST ACUTE; #105A,COR
,,19C077712,20:23:56 08/23/19,l,Traffic Stop,4,N LINCOLN AVE & RAILROAD ST,COR
,,19C077713,20:25:45 08/23/19,l,Traffic Stop,4,210 S LINCOLN AVE,COR
,,19C077714,20:31:31 08/23/19,l,Property Check,4,803 SERRANO DR,COR
,,19C077715,20:33:40 08/23/19,l,Traffic Stop,4,401 S LINCOLN AVE # C; YOSHINOYA,COR
,,19C077716,20:34:00 08/23/19,l,Property Check,4,418 N MAIN ST,COR
,,19C077717,20:36:31 08/23/19,l,Traffic Stop,4,W SIXTH ST & S BUENA VISTA AVE,COR
,,19C077719,20:39:22 08/23/19,l,911 Hangup,2,3594 NELSON ST,COR
,,19C077720,20:42:46 08/23/19,l,Traffic Stop,4,W SIXTH ST & AVENIDA DEL VISTA,COR
,,19C077721,20:52:44 08/23/19,l,Property Check,4,470 HIDDEN VALLEY PKWY; KOHLS,COR
,,19C077722,20:55:48 08/23/19,l,Traffic Stop,4,HARRIS ST & W SEVENTH ST,COR
,,19C077723,20:58:49 08/23/19,l,Auto Theft Rec,4,1886 BUTTERFIELD DR; BUTTERFIELD PARKL;POSS 10851,COR
,,19C077724,21:01:25 08/23/19,f,ZZSick,1,4901 GREEN RIVER RD # 38,COR
,,19C077726,21:04:53 08/23/19,l,Property Check,4,369 MAGNOLIA AVE; VONS,COR
,,19C077727,21:04:57 08/23/19,l,Property Check,4,515 E SIXTH ST,COR
,,19C077728,21:05:30 08/23/19,l,Traffic Stop,4,W OLIVE ST & S VICENTIA AVE,COR
,,19C077729,21:06:51 08/23/19,l,Property Check,4,515 E SIXTH ST,COR
,,19C077730,21:08:05 08/23/19,l,Patrol Info,4,MAGNOLIA AVE & 15 SB ON RAMP,COR
,,19C077731,21:09:49 08/23/19,l,Property Check,4,480 N MCKINLEY ST,COR
,,19C077732,21:10:14 08/23/19,l,Patrol Info,4,490 HIDDEN VALLEY PKWY # 101; SKILLETS CAFE,COR
,,19C077733,21:11:01 08/23/19,l,Property Check,4,930 E SIXTH ST; CITY PARK,COR
,,19C077734,21:11:20 08/23/19,l,Property Check,4,509 BATEMAN CIR,COR
,,19C077735,21:12:50 08/23/19,l,Special Detail,4,1150 W TENTH ST; CORONA HIGH SCHOOL,COR
,,19C077737,21:19:29 08/23/19,l,Property Check,4,2380 FULLERTON; CROSSROADS SCHOOL,COR
,,19C077738,21:23:26 08/23/19,l,Property Check,4,284 DUPONT ST,COR
,,19C077739,21:34:10 08/23/19,l,911 Hangup,2,1055 LOWRY RANCH RD;PHS2,COR
,,19C077740,21:34:34 08/23/19,l,Traffic Stop,4,91 WB MAIN LINCOLN,COR
,,19C077741,21:38:14 08/23/19,l,Welfare Check,2,2800 RIDGELINE DR; PRADO VIEW ELEMENTARY SCHOOL ;XRPT,COR
,,19C077743,21:40:27 08/23/19,l,Traffic Stop,4,EL CAMINO AVE & MAGNOLIA AVE,COR
,,19C077744,21:40:54 08/23/19,l,Solicitor,3,2800 VISTA DEL MONTE WAY; LL CONT,COR
,,19C077747,21:42:46 08/23/19,f,ZZFall,1,1025 LA TERRAZA CIR # 308,COR
,,19C077748,21:43:25 08/23/19,l,Assist Othr Dpt,3,1257 LAKEPORT LN ;RSO,COR
,,19C077749,21:51:09 08/23/19,l,Ped Check,4,N MCKINLEY ST & SHOPPING CENTER,COR
,,19C077750,21:52:09 08/23/19,l,Traffic Stop,4,MAGNOLIA AVE & S NEECE ST,COR
,,19C077751,22:05:23 08/23/19,l,Traffic Stop,4,PROMENADE AVE & N MCKINLEY ST,COR
,,19C077755,22:09:56 08/23/19,l,Loud Noise,3,1872 LEXINGTON DR,COR
,,19C077758,22:15:31 08/23/19,l,Ped Check,4,710 E SIXTH ST; SILVER DOLLAR PANCAKE HSE INC,COR
,,19C077759,22:15:33 08/23/19,l,Property Check,4,1461 RIMPAU AVE; SIZZLER,COR
,,19C077760,22:16:07 08/23/19,l,Property Check,4,1335 W SIXTH ST,COR
,,19C077761,22:24:06 08/23/19,l,Loud Party,3,920 WYVAL AVE,COR
,,19C077763,22:27:26 08/23/19,l,Vehicle Check,4,310 S MAIN ST; AMERICAN CLEANERS,COR
,,19C077765,22:29:56 08/23/19,l,Traffic Stop,4,930 E SIXTH ST; CITY POOL,COR
,,19C077766,22:34:55 08/23/19,l,Property Check,4,640 COLLETT AVE; CRESTA VERDE PARK,COR
,,19C077768,22:35:32 08/23/19,l,Susp Vehicle,3,2331 KELLOGG AVE # A; CROSSROADS CHURCH,COR
,,19C077769,22:37:56 08/23/19,l,911 Hangup,2,2585 S MAIN ST;ABAN PHS1,COR
,,19C077770,22:39:38 08/23/19,l,911 Hangup,2,915 N VICENTIA AVE;PHS2,COR
,,19C077772,22:40:55 08/23/19,l,Alarm Call,2,2350 BORDER AVE; ADAMS ELEMENTARY,COR
,,19C077773,22:42:22 08/23/19,l,911 Hangup,2,927 N VICENTIA AVE,COR
,,19C077775,22:52:29 08/23/19,l,Property Check,4,416 W SIXTH ST,COR
,,19C077776,22:52:53 08/23/19,l,Property Check,4,1353 W SIXTH ST,COR
,,19C077777,22:58:46 08/23/19,l,Traffic Stop,4,W EIGHTH ST & S LINCOLN AVE,COR
,,19C077778,23:01:32 08/23/19,l,Speed Contest,3,W ONTARIO AVE & S LINCOLN AVE;POSS,COR
,,19C077779,23:03:26 08/23/19,l,Patrol Info,4,BUCHANAN ST & PROMENADE AVE,COR
,,19C077780,23:04:07 08/23/19,l,Property Check,4,222 S PROMENADE AVE; UNIWEB INC,COR
,,19C077781,23:04:42 08/23/19,lf,Accident Inj,1,12785 MAGNOLIA AVE,HGS
,,19C077783,23:08:40 08/23/19,l,Area Check,3,1663 DAWN RIDGE DR; ATTMP 459V;RP FOLLOWING,COR
,,19C077784,23:08:52 08/23/19,l,Assist Othr Dpt,3,TEMESCAL & SIXTH ST,NOR
,,19C077786,23:13:32 08/23/19,l,Traffic Stop,4,S SHERMAN AVE & W SIXTH ST,COR
,,19C077787,23:20:34 08/23/19,l,Vandalism Past,4,123 N BUENA VISTA AVE # C; LL CONT,COR
,,19C077788,23:21:17 08/23/19,l,Property Check,4,2455 ANSELMO DR; MEC CORONA SUMMIT III LLC,COR
,,19C077789,23:28:13 08/23/19,l,Property Check,4,1290 E ONTARIO AVE; WALMART,COR
,,19C077790,23:28:23 08/23/19,l,Property Check,4,615 RICHEY ST; PROMENADE PARK,COR
,,19C077791,23:31:05 08/23/19,f,ZZFall,1,1260 CHRISTINA LN # G,COR
,,19C077792,23:35:59 08/23/19,l,Alarm Call,2,1820 RIMPAU AVE; CENTENNIAL HIGH SCHOOL,COR
,,19C077793,23:36:37 08/23/19,l,Loud Noise,3,1467 RIPCHAK RD,COR
,,19C077794,23:38:25 08/23/19,l,Property Check,4,275 TELLER ST # 100; 24 HOUR FITNESS,COR
,,19C077795,23:40:15 08/23/19,l,Property Check,4,2200 MANUGULAR AVE; MANGULAR PARK,COR
,,19C077796,23:40:16 08/23/19,lf,ZZCommrcal Alrm,1,1241 OLD TEMESCAL RD,COR
,,19C077798,23:42:20 08/23/19,l,Property Check,4,2500 GROVE AVE,COR
,,19C077799,23:42:47 08/23/19,f,ZZFwy Acc w/ inj,1,91 EB MAIN MCKINLEY,COR
,,19C077800,23:48:29 08/23/19,l,911 Hangup,2,1550 CIRCLE CITY DR;PHS2,COR
,,19C077801,23:50:22 08/23/19,lf,Overdose,1,4282 HAVENRIDGE DR,COR
,,19C077803,23:52:20 08/23/19,l,Traffic Stop,4,E SIXTH ST & S HOWARD ST,COR
,,19C077804,23:53:54 08/23/19,f,ZZFwy Acc w/ inj,1,15 SB MAGNOLIA ONTARIO,COR
,,19C077806,23:58:15 08/23/19,l,DV-Assault,2,2795 CABOT DR # 155; TGI FRIDAYS,COR
,,19C077807,00:01:17 08/24/19,l,Property Check,4,2900 VISTA DEL MONTE WAY,COR
,,19C077808,00:04:16 08/24/19,l,Traffic Stop,4,W EIGHTH ST & S SHERMAN AVE,COR
,,19C077809,00:11:21 08/24/19,f,ZZFall,1,1180 W EIGHTH ST # F,COR
,,19C077811,00:13:55 08/24/19,l,Ped Check,4,W SECOND ST & S BUENA VISTA AVE,COR
,,19C077812,00:15:56 08/24/19,l,Auto Theft Past,3,1655 VIA SANTIAGO;MEADOWOOD APTS,COR
,,19C077814,00:26:50 08/24/19,l,Traffic Stop,4,N LINCOLN AVE & RAILROAD ST,COR
,,19C077815,00:30:18 08/24/19,l,Disturb Peace,3,450 AUTO CENTER DR; IN N OUT BURGER; REF 2 LV,COR
,,19C077816,00:31:30 08/24/19,l,Traffic Stop,4,RIMPAU AVE & OLYMPIC DR,COR
,,19C077817,00:31:35 08/24/19,l,Loud Party,3,1025 CASANDRA LN,COR
,,19C077819,00:35:01 08/24/19,l,Patrol Info,4,365 IOWA; RIVERSIDE,
,,19C077820,00:39:35 08/24/19,l,Stranded Veh,3,PROMENADE AVE & CRESTA RD,COR
,,19C077821,00:49:08 08/24/19,l,Drunk Driver,2,2193 SAMPSON AVE; TACO BELL,COR
,,19C077822,00:51:17 08/24/19,l,Loud Party,3,1038 E THIRD ST,COR
,,19C077823,00:53:43 08/24/19,l,Patrol Info,4,S MAIN ST & 91 WB ON RAMP,COR
,,19C077824,00:55:07 08/24/19,f,ZZFall,1,4207 FLOYD DR,COR
,,19C077825,00:58:01 08/24/19,l,Assist Othr Dpt,3,4207 FLOYD DR,COR
,,19C077826,01:02:22 08/24/19,l,Traffic Stop,4,MELISSA CT & S PROMENADE AVE,COR
,,19C077827,01:03:48 08/24/19,l,Area Check,3,2160 HIGHPOINTE DR;POSS 10851,COR
,,19C077828,01:05:24 08/24/19,l,Alarm Call,2,181 VIA TREVIZIO ;CALIBER COLLISION ;SILENT VID ALRM,COR
,,19C077829,01:06:37 08/24/19,l,Welfare Check,2,310 N LINCOLN AVE; MC DONALDS,COR
,,19C077830,01:07:41 08/24/19,l,Property Check,4,1560 W SIXTH ST,COR
,,19C077831,01:09:18 08/24/19,l,Special Detail,4,130 W FOOTHILL PKWY; CHEVRON GAS,COR
,,19C077832,01:13:22 08/24/19,f,ZZSick,1,2095 HIGHPOINTE DR # 104,COR
,,19C077833,01:13:39 08/24/19,f,ZZSick,1,1550 RIMPAU AVE # 19,COR
,,19C077834,01:15:04 08/24/19,l,Traffic Stop,4,W SIXTH ST & S LINCOLN AVE,COR
,,19C077835,01:17:30 08/24/19,l,Drunk Driver,2,W ONTARIO AVE & S LINCOLN AVE,COR
,,19C077836,01:31:02 08/24/19,l,Area Check,3,1914 FULLERTON AVE,COR
,,19C077837,01:32:03 08/24/19,l,Additional Info,4,1005 QUARRY ST; CIRCLE CITY TOWING AND GARAGE INC,COR
,,19C077838,01:32:10 08/24/19,l,Traffic Stop,4,W SIXTH ST & S SHERMAN AVE,COR
,,19C077839,01:43:45 08/24/19,l,Veh Burg Past,4,2160 HIGHPOINTE DR # 211,COR
,,19C077841,01:45:45 08/24/19,l,Assist Othr Dpt,3,1015 LA TERRAZA CIR # 206;RSO,COR
,,19C077844,01:57:17 08/24/19,l,Disturb Peace,3,250 E BLAINE ST; METRO LINK,COR
,,19C077845,02:05:11 08/24/19,l,Alarm Call,2,1441 POMONA RD # 25; BEYOND CUSTOM CABINETS,COR
,,19C077846,02:09:38 08/24/19,l,Traffic Stop,4,410 N MCKINLEY ST; US BANK,COR
,,19C077847,02:12:21 08/24/19,l,Patrol Info,4,1280 KELLEY AVE,COR
,,19C077848,02:27:48 08/24/19,l,Loud Noise,3,4026 WILD DUNES CIR,COR
,,19C077849,02:33:41 08/24/19,l,Disturb Peace,3,1735 W SIXTH ST; ARCO REFUSE TO LEAVE,COR
,,19C077850,02:43:51 08/24/19,l,Traffic Stop,4,784 N MAIN ST; JACK IN THE BOX,COR
,,19C077852,03:16:31 08/24/19,l,Alarm Call,2,2115 COMPTON AVE; VANTAGE MEDICAL,COR
,,19C077853,03:22:14 08/24/19,f,ZZCommrcal Alrm,1,1241 OLD TEMESCAL RD ;OLD TEMESCAL ROAD TIC,COR
,,19C077855,03:31:51 08/24/19,l,911 Hangup,2,1776 ALL AMERICAN WAY; ALL AMERICAN ASPHALT,COR
,,19C077857,03:39:33 08/24/19,l,Surveillance,4,CHICAGO ST & TAYLOR AVE,COR
,,19C077858,04:03:50 08/24/19,l,Alarm Call,2,2090 CALIFORNIA AVE; WINBO USA,COR
,,19C077859,04:11:52 08/24/19,i,911 Hangup,2,1150 W TENTH ST; CORONA HIGH SCHOOL,COR
,,19C077862,04:55:15 08/24/19,l,Traffic Stop,4,418 N MAIN ST,COR
,,19C077864,05:17:15 08/24/19,l,Alarm Call,2,1150 PASEO GRANDE; CESAR CHAVEZ ELEMENTARY SCHOOL,COR
,,19C077867,05:41:13 08/24/19,l,Auto Theft,2,3272 AMETHYST ST; POSS,COR
,,19C077871,06:02:16 08/24/19,l,Patrol Info,4,1285 W NINTH ST # A,COR
,,19C077872,07:08:38 08/24/19,l,Property Check,4,200 N LINCOLN AVE; MOTEL 6,COR
,,19C077873,07:15:01 08/24/19,l,Alarm Call,2,280 CORPORATE TERRACE CIR,COR
,,19C077874,07:20:49 08/24/19,l,Ill Parked Veh,4,2201 WAGON TRAIN ST,COR
,,19C077875,07:24:44 08/24/19,l,Property Check,4,3555 GRAND OAKS,COR
,,19C077876,07:29:12 08/24/19,l,Patrol Info,4,S MAIN ST & E GRAND BLVD,COR
,,19C077877,07:30:34 08/24/19,l,Property Check,4,1560 W SIXTH ST,COR
,,19C077878,07:34:31 08/24/19,l,Alarm Call,2,2210 GRFFIN WY # 101; VERIZON WIRELESS,COR
,,19C077881,07:47:09 08/24/19,l,Traffic Stop,4,15 SB CAJALCO WEIRICK,TEM
,,19C077882,07:49:57 08/24/19,l,Vehicle Check,4,1244 CIRCLE CITY DR,COR
,,19C077883,07:53:58 08/24/19,l,Property Check,4,1886 BUTTERFIELD DR; BUTTERFIELD PARK,COR
,,19C077884,07:56:00 08/24/19,l,Citizen Contact,3,3403 WALKENRIDGE DR,COR
,,19C077885,08:00:48 08/24/19,l,Property Check,4,2243 EAGLE GLEN PKWY; STATER BROS,COR
,,19C077886,08:17:27 08/24/19,lf,Overdose,1,150 N BUENA VISTA AVE,COR
,,19C077889,08:22:41 08/24/19,l,Traffic Stop,4,1400 CRESTA RD,COR
,,19C077890,08:23:11 08/24/19,l,H/R Coll Past,4,N MCKINLEY ST & SHOPPING CENTER;LL CONT,COR
,,19C077892,08:37:53 08/24/19,l,Ill Parked Veh,4,W FOOTHILL PKWY & TRUDY WAY,COR
,,19C077893,08:51:50 08/24/19,f,ZZPublicSrvceF,2,511 TERMINO AVE,COR
,,19C077894,08:55:51 08/24/19,l,Property Check,4,400 PENROSE DR,COR
,,19C077895,09:03:26 08/24/19,l,Property Check,4,2280 WARDLOW CIR; D R HORTON AMERICAS BUILDER,COR
,,19C077896,09:07:43 08/24/19,l,Alarm Call,2,1885 SAN REMO DR; BROOKWOOD VILLAS APARTMENTS,COR
,,19C077897,09:13:54 08/24/19,l,Alarm Call,2,1160 RAILROAD ST; ARCHITECTURAL DESIGN AND SIGNS INC,COR
YES,'Nature' garbled text (embedded symbol),19C077898,09:15:42 08/24/19,f,ZZFaint/Uncons,1,947 ESTHER DR,COR
,,19C077899,09:25:16 08/24/19,l,Alarm Call,2,1180 RAILROAD ST; NORDGEAR CORP,COR
,,19C077900,09:26:24 08/24/19,l,Comm Burg Past,4,3915 GREEN RIVER RD;#C091,COR
,,19C077902,09:35:36 08/24/19,l,Suspicious Circ,3,4215 SAN RAMON DR,COR
,,19C077904,09:56:03 08/24/19,l,Traffic Stop,4,705 N MAIN ST,COR
,,19C077905,09:58:19 08/24/19,l,911 Hangup,2,1192 ZIRCON ST,COR
,,19C077906,10:01:54 08/24/19,l,Comm Policing,4,598 SANTANA WAY; SANTANA PARK,COR
,,19C077907,10:05:23 08/24/19,l,Found Property,4,PASEO GRANDE & W FOOTHILL PKWY,COR
,,19C077908,10:08:53 08/24/19,l,Disturb Peace,3,847 LA DOCENA LN ; FAMILY,COR
,,19C077909,10:09:08 08/24/19,l,Domestic Distur,2,4452 OWENS ST # 104,COR
,,19C077910,10:10:43 08/24/19,l,Traffic Stop,4,CRESTA RD & N PARKRIDGE AVE,COR
,,19C077911,10:10:52 08/24/19,l,911 Hangup,2,1220 W ONTARIO AVE; CORONA FRIENDS CHURCH,COR
,,19C077912,10:11:17 08/24/19,l,Found Property,4,1280 E SIXTH ST,COR
,,19C077913,10:13:13 08/24/19,l,Accident,2,N MCKINLEY ST & 91 WEST BOUND OFF RAMP,COR
,,19C077914,10:15:33 08/24/19,l,911 Hangup,2,1065 W SEVENTH ST; CHARLES E TAMAYO CONSULTING SERVICE,COR
,,19C077915,10:18:00 08/24/19,l,911 Hangup,2,598 SANTANA WAY; SANTANA PARK,COR
,,19C077916,10:18:59 08/24/19,l,Auto Theft Past,3,1065 W SEVENTH ST,COR
,,19C077917,10:31:40 08/24/19,l,Property Check,4,2795 CABOT DR,COR
,,19C077918,10:43:06 08/24/19,l,Stranded Veh,3,N MCKINLEY ST & GRIFFIN WAY,COR
,,19C077920,10:51:01 08/24/19,l,911 Hangup,2,1180 CALIFORNIA AVE; LARRYS THUNDERBIRD AND MUSTANG PARTS,COR
,,19C077922,10:56:06 08/24/19,l,CMC Violation,4,DARTMOUTH ST & EATON ST,COR
,,19C077923,10:57:02 08/24/19,f,ZZSick,1,2541 TUSCANY ST # 103; ULTA BEAUTY,COR
,,19C077925,11:04:51 08/24/19,l,Comm Policing,4,2800 PALISADES DR,COR
,,19C077926,11:05:12 08/24/19,f,ZZSick,1,2431 NORTHMOOR DR,CRA
,,19C077928,11:08:29 08/24/19,l,Patrol Info,4,GREEN RIVER RD & 91 WB ON RAMP,COR
,,19C077929,11:16:25 08/24/19,l,Traffic Stop,4,SERFAS CLUB DR & PALISADES DR,COR
,,19C077930,11:19:50 08/24/19,l,Traffic Stop,4,E SIXTH ST & E GRAND BLVD,COR
,,19C077933,11:25:37 08/24/19,f,ZZChest Pains,1,155 AUTO CENTER DR; METRO LINK,COR
,,19C077934,11:26:46 08/24/19,l,Traffic Stop,4,PROMENADE AVE & CRESTA RD,COR
,,19C077935,11:27:46 08/24/19,l,Patrol Info,4,930 E SIXTH ST; CITY PARK,COR
,,19C077936,11:31:00 08/24/19,l,911 Hangup,2,598 SANTANA WAY; SANTANA PARK,COR
,,19C077937,11:32:50 08/24/19,l,Traffic Stop,4,E SEVENTH ST & E GRAND BLVD,COR
,,19C077938,11:41:28 08/24/19,l,Property Check,4,1800 EAGLE GLEN PKWY; EAGLE GLEN GOLF CLUB,COR
,,19C077941,11:46:28 08/24/19,l,Traffic Stop,4,1148 CALIFORNIA AVE,COR
,,19C077942,11:47:41 08/24/19,f,ZZSick,1,W SIXTH ST & S BELLE AVE,COR
,,19C077943,11:50:53 08/24/19,l,Ped Check,4,650 S MAIN ST; CITY LIBRARY,COR
,,19C077944,11:57:48 08/24/19,l,Flag Down,4,N MCKINLEY ST & 91 WB ON RAMP,COR
,,19C077945,11:58:27 08/24/19,l,Traffic Stop,4,1681 CALIFORNIA AVE; OMEGA PRODUCTS INTERNATIONAL COR INC,
,,19C077946,11:59:12 08/24/19,l,Alarm Call,2,4300 GREEN RIVER RD # 112; HEATHER CLOUS,COR
,,19C077947,12:01:46 08/24/19,l,Auto Theft Rec,4,1655 VIA SANTIAGO,COR
,,19C077948,12:03:00 08/24/19,l,Disturb Peace,3,511 N MAIN ST;#102;SPORTS WEAR,COR
,,19C077949,12:03:06 08/24/19,f,ZZStroke,1,668 DONATELLO DR,COR
,,19C077950,12:07:06 08/24/19,l,Z-Animal Svcs,4,BORDER AVE & KROONEN DR;FOR PD RESPONSE,COR
,,19C077952,12:09:54 08/24/19,l,Silent Comm 211,1,3383 GRAND OAKS ; 104; CARTERS,COR
,,19C077953,12:15:26 08/24/19,l,911 Hangup,2,389 N MAIN ST,COR
,,19C077956,12:36:07 08/24/19,lf,Accident Inj,1,1047 W SIXTH ST,COR
,,19C077957,12:42:28 08/24/19,l,Chld Abuse Past,2,351 MAGNOLIA AVE; HOBBY TOWN; 10 AGO,COR
,,19C077958,12:45:51 08/24/19,l,911 Hangup,2,400 S VICENTIA AVE,COR
,,19C077959,12:47:15 08/24/19,l,Property Check,4,1504 TABER ST,COR
,,19C077962,13:04:28 08/24/19,l,Reckless Driver,3,CALIFORNIA AVE & OLD TEMESCAL RD,COR
,,19C077963,13:06:25 08/24/19,lf,Man Down,1,PENELOPE LN & ROXANNE LN,COR
,,19C077964,13:06:46 08/24/19,l,Suspicious Circ,3,160 W FOOTHILL PKWY # 105; UPS STORE,COR
,,19C077965,13:07:06 08/24/19,l,911 Hangup,2,1885 SAN REMO DR,COR
,,19C077966,13:07:35 08/24/19,l,H/R Coll Past,4,E SIXTH ST & RADIO RD,COR
,,19C077967,13:11:14 08/24/19,l,Patrol Info,4,4060 CROWN RANCH RD; 23103,COR
,,19C077970,13:17:34 08/24/19,l,Resid Burg Past,4,1545 BORDER AVE;#D;LL CONTACT REQ,COR
,,19C077972,13:22:02 08/24/19,lf,Vegetation Low,1,E SIXTH ST & EL SOBRANTE RD,COR
,,19C077974,13:23:39 08/24/19,l,Citizen Contact,3,1087 SUNBEAM LN;LL CONT,COR
,,19C077976,13:24:43 08/24/19,l,911 Hangup,2,881 CORSICA DR,COR
,,19C077978,13:26:29 08/24/19,l,Assist Othr Dpt,3,2993 BIGHORN DR,COR
,,19C077979,13:29:21 08/24/19,l,Comm Policing,4,1366 VIA DEL RIO,COR
,,19C077981,13:35:13 08/24/19,l,Ped Check,4,EL SOBRANTE RD & E SIXTH ST,COR
,,19C077982,13:35:26 08/24/19,l,Disturb Peace,3,1509 PLEASANT VIEW AVE # D1,COR
,,19C077983,13:35:27 08/24/19,l,H/R Coll Past,4,EL CAMINO AVE & E SIXTH ST;MAIL RPT,COR
,,19C077984,13:36:46 08/24/19,l,Follow Up,4,2511 SENA ST,COR
,,19C077987,13:39:48 08/24/19,l,911 Hangup,2,1220 W ONTARIO AVE; CORONA FRIENDS CHURCH,COR
,,19C077989,13:47:23 08/24/19,lf,Vegetation Low,1,EL SOBRANTE RD & E SIXTH ST,COR
,,19C077991,13:49:41 08/24/19,l,Alarm Call,2,2392 CARLENE CIR,COR
,,19C077992,13:51:59 08/24/19,l,Hazard,3,E ONTARIO AVE & CALIFORNIA AVE,COR
,,19C077993,13:57:33 08/24/19,l,Patrol Info,4,2710 LAKESHORE DR; DOS LAGOS THEATRES AT DOS LAGOS,COR
YES,'Location' garbled/scrambled text,19C077995,14:02:27 08/24/19,l,Alarm Call,2,675 N TREEMONT PL # 105;WASHINGTON RESD,COR
,,19C077996,14:05:47 08/24/19,l,911 Hangup,2,725 S MAIN ST; 99 CENT STORE,COR
,,19C077998,14:17:23 08/24/19,l,Stranded Veh,3,GREEN RIVER RD & 91 WB ON RAMP,COR
,,19C077999,14:18:34 08/24/19,l,Stranded Veh,3,930 E SIXTH ST; CITY PARK; E2 ON SCENE,COR
,,19C078000,14:22:59 08/24/19,l,Incorrigible,2,1432 ELGIN WAY,COR
,,19C078001,14:23:36 08/24/19,l,911 Hangup,2,881 CORSICA DR,COR
YES,'Location' garbled/scrambled text,19C078002,14:30:48 08/24/19,l,Alarm Call,2,1932 ELISE WAY;WE DO EQIUPMENT,COR
,,19C078003,14:31:55 08/24/19,l,Patrol Info,4,3148 WINDHAVEN WAY,COR
,,19C078004,14:33:40 08/24/19,l,Property Check,4,800 S MAIN ST; CORONA REGIONAL MEDICAL CENTER,COR
,,19C078005,14:35:26 08/24/19,l,Property Check,4,1260 E ONTARIO AVE; ALBERTSONS,COR
,,19C078006,14:35:51 08/24/19,l,Alarm Call,2,2740 PALISADES DR;SIGNATURE SALES INC,COR
,,19C078009,14:38:33 08/24/19,l,Patrol Info,4,S MAIN ST & W OLD MILL RD,COR
,,19C078010,14:41:27 08/24/19,l,911 Hangup,2,1885 SAN REMO DR; BROOKWOOD VILLAS APARTMENTS,COR
,,19C078012,14:45:42 08/24/19,l,911 Hangup,2,920 AVENIDA DEL VISTA # 8,COR
,,19C078015,14:46:39 08/24/19,l,911 Hangup,2,15 SB EL CERRITO CAJALCO,COR
,,19C078016,14:54:50 08/24/19,l,Assist Othr Dpt,3,1212 MAGNOLIA AVE; EL SUPER,COR
,,19C078017,14:59:13 08/24/19,l,911 Hangup,2,1204 MOUNTAIN AVE,NOR
,,19C078018,15:03:59 08/24/19,l,Property Check,4,200 N LINCOLN AVE; MOTEL 6,COR
,,19C078019,15:05:15 08/24/19,l,911 Hangup,2,1611 WINDMILL LN # F,COR
,,19C078020,15:05:21 08/24/19,l,Alarm Call,2,2261 PEPPERWOOD LN,COR
,,19C078022,15:06:32 08/24/19,l,Alarm Call,2,1379 PICO ST # 103; COLT SECURITY SERVICES,COR
,,19C078023,15:07:33 08/24/19,l,911 Hangup,2,598 SANTANA WAY; SKATE PARK SANTANA PARK,COR
,,19C078025,15:08:53 08/24/19,l,Follow Up,4,800 N COTA ST,COR
,,19C078026,15:09:04 08/24/19,l,Ped Check,4,1208 MAGNOLIA AVE; SEARS OUTLET 9150 AT CORONA MARKETPLACE,COR
YES,'Location' garbled/scrambled text,19C078028,15:10:10 08/24/19,l,911 Hangup,2,3631 SUMMERTREE LN;WIFI CALL,COR
,,19C078029,15:10:12 08/24/19,l,Z-Animal Svcs,4,W SIXTH ST & S MERRILL ST,COR
,,19C078030,15:13:18 08/24/19,l,911 Hangup,2,526 MAGNOLIA AVE,COR
,,19C078031,15:22:18 08/24/19,l,Disturb Peace P,4,111 W HARRISON ST ; LL CONT,COR
,,19C078032,15:25:23 08/24/19,l,Property Check,4,4375 PRADO RD # 107; AMERICAN HOME REMODELING,COR
,,19C078034,15:35:48 08/24/19,l,911 Hangup,2,400 S VICENTIA AVE,COR
,,19C078035,15:37:51 08/24/19,l,Battery Past,3,123 N BUENA VISTA AVE # C; SBY IFO 219 BUENA VISTA,COR
,,19C078036,15:53:26 08/24/19,l,Ped Check,4,W SIXTH ST & HARRIS ST,COR
,,19C078038,15:56:31 08/24/19,l,Property Check,4,130 W FOOTHILL PKWY; CHEVRON GAS,COR
,,19C078039,15:56:44 08/24/19,l,Alarm Call,2,1595 E SIXTH ST ;PEP POOL & ELEC,COR
,,19C078040,16:03:42 08/24/19,l,Trespass Past,4,390 RICHEY CIR; HILLS APTS; POOL,COR
,,19C078042,16:06:39 08/24/19,l,Auto Theft Rec,4,700 W SIXTH ST; 7 11 STORE CENTRAL,COR
,,19C078043,16:11:27 08/24/19,l,Susp Vehicle,3,KELLOGG AVE & MAGNOLIA AVE,COR
,,19C078044,16:12:03 08/24/19,l,911 Hangup,2,2035 RIVER RD,NOR
,,19C078045,16:15:34 08/24/19,l,911 Hangup,2,1395 E FOOTHILL PKWY; SANTIAGO HIGH SCHOOL,COR
,,19C078046,16:16:28 08/24/19,l,Standby,4,VIA PACIFICA & BORDER AVE ;TRAF ENG,COR
,,19C078047,16:17:35 08/24/19,l,Property Check,4,3355 MOUNTAIN GATE DR; DWIGHT EISENHOWER ELEMENTARY SCHOOL,COR
,,19C078048,16:18:53 08/24/19,l,Susp Person,3,N LINCOLN AVE & 91 WB ON RAMP,COR
,,19C078049,16:21:35 08/24/19,l,Public Service,3,420 S LINCOLN AVE;#110 NATL INN,COR
,,19C078050,16:37:42 08/24/19,l,Found Property,4,MONTOYA DR & HANNUM DR,COR
,,19C078051,16:38:15 08/24/19,l,Susp Person,2,1160 E ONTARIO AVE ;#103 ; W A KNIFE,COR
,,19C078052,16:42:16 08/24/19,l,Alarm Call,2,2725 S MAIN ST; CROWN OF LIFE CHURCH,COR
,,19C078053,16:43:03 08/24/19,l,Alarm Call,2,155 ENTERPRISE CT; WETMORES,COR
,,19C078054,16:52:27 08/24/19,f,ZZResdntal Alr,1,1645 CALLE DEL ORO,COR
,,19C078055,16:53:05 08/24/19,l,Property Check,4,CORONA MALL,
,,19C078056,17:01:24 08/24/19,l,Area Check,3,217 ISABELLA WAY # D,COR
,,19C078058,17:05:46 08/24/19,l,Ped Check,4,620 E SIXTH ST # 104; METRO PCS,COR
,,19C078060,17:08:09 08/24/19,l,Traffic Stop,4,130 W FOOTHILL PKWY; CHEVRON GAS,COR
,,19C078062,17:11:49 08/24/19,l,Alarm Call,2,3431 ROCKROSE DR,COR
,,19C078063,17:13:45 08/24/19,l,Welfare Check,2,3041 ASTORIA ST,COR
,,19C078064,17:17:02 08/24/19,l,911 Hangup,2,1260 E ONTARIO AVE; ALBERTSONS,COR
,,19C078066,17:25:11 08/24/19,l,Traffic Stop,4,E ONTARIO AVE & KELLOGG AVE,COR
,,19C078070,17:37:14 08/24/19,l,Loud Noise,3,2005 LOCKWOOD CIR,COR
,,19C078071,17:42:35 08/24/19,l,911 Hangup,2,926 E ONTARIO AVE; BUSN,COR
,,19C078072,17:49:11 08/24/19,l,Additional Info,4,2250 S MAIN ST,COR
,,19C078073,17:52:06 08/24/19,l,Property Check,4,1701 W SIXTH ST,COR
,,19C078074,17:57:23 08/24/19,l,Alarm Call,2,2206 ARABIAN PL,COR
,,19C078075,17:57:26 08/24/19,l,DV-Assault Past,3,420 S LINCOLN AVE ;#217; NATIONAL INN,COR
,,19C078079,18:02:02 08/24/19,f,ZZTrauma,1,2205 ARABIAN PL,COR
,,19C078080,18:02:09 08/24/19,l,Assist Othr Dpt,3,618 ROCK VISTA DR; SBSO,COR
,,19C078081,18:06:03 08/24/19,l,911 Hangup,2,15 SB EL CERRITO CAJALCO,COR
,,19C078083,18:10:45 08/24/19,l,Alarm Call,2,1888 W SIXTH ST # B; CC PAINT BALL,COR
,,19C078084,18:16:36 08/24/19,l,Traffic Stop,4,100 W ONTARIO AVE; WALGREENS 07303 AT TOWN AND COUNTRY,COR
,,19C078085,18:35:27 08/24/19,l,911 Hangup,2,615 RICHEY ST; PROMENADE PARK,COR
,,19C078086,18:37:11 08/24/19,l,Follow Up,4,730 PUBLIC SAFETY WAY; FRONT OF PD,COR
,,19C078087,18:45:57 08/24/19,l,911 Hangup,2,1611 WINDMILL LN # F,COR
,,19C078088,18:46:07 08/24/19,l,Follow Up,4,730 PUBLIC SAFETY WAY; CORONA POLICE,COR
,,19C078090,18:49:06 08/24/19,l,Disturb Peace P,4,1547 PLAZA DE NOCHE # 5 ;COUNTRY HILLS APTS,COR
,,19C078091,18:52:11 08/24/19,l,Property Check,4,803 SERRANO DR,COR
,,19C078092,18:52:44 08/24/19,i,911 Hangup,2,2024 WOODLAWN DR,COR
,,19C078094,18:54:54 08/24/19,f,ZZFwy Acc w/ inj,1,91 WB AUTO CENTER 71,RVC
,,19C078100,19:05:11 08/24/19,f,ZZSeizure,1,15 SB CAJALCO WEIRICK,TEM
,,19C078101,19:06:01 08/24/19,l,Veh Burg Past,4,1290 E ONTARIO AVE; WALMART LL CONT,COR
,,19C078102,19:12:50 08/24/19,l,Hazard,3,930 E SIXTH ST; CITY PARK UTI,COR
,,19C078103,19:16:09 08/24/19,l,911 Hangup,2,91 WB MAIN LINCOLN,COR
,,19C078104,19:16:44 08/24/19,l,Property Check,4,1150 PASEO GRANDE; CESAR CHAVEZ ELEMENTARY SCHOOL,COR
,,19C078106,19:21:29 08/24/19,l,Robbery,1,480 N MAIN ST; STARBUCKS DURESS,COR
,,19C078107,19:21:51 08/24/19,l,Veh Burg Past,4,479 N MCKINLEY ST; WALMART,COR
,,19C078109,19:34:41 08/24/19,l,Alarm Call,2,710 E SIXTH ST; SILVER DOLLAR PANCAKE HSE INC,COR
,,19C078110,19:35:19 08/24/19,f,ZZSick,1,1243 DORIS LN # 101,COR
,,19C078111,19:36:14 08/24/19,l,Area Check,3,E ONTARIO AVE & RIMPAU AVE,COR
,,19C078114,19:40:33 08/24/19,l,Drunk In Public,2,615 RICHEY ST; PROMENADE PARK,COR
,,19C078116,19:43:02 08/24/19,l,Vehicle Check,4,1290 E ONTARIO AVE; WALMART,COR
,,19C078118,19:44:29 08/24/19,lf,Attempt Suicide,1,1990 JENNA CIR,COR
,,19C078119,19:44:46 08/24/19,l,Accident,2,S LINCOLN AVE & W NINTH ST,COR
,,19C078122,19:50:11 08/24/19,l,Kidnapping Past,2,2350 BORDER AVE; 5-7 AGO ATTEMPT ADAMS ELEMENTARY,COR
,,19C078123,19:51:42 08/24/19,l,Standby,4,623 HARRIS ST,COR
,,19C078124,19:53:47 08/24/19,l,Ill Parked Veh,4,161 TAMARACK DR,COR
,,19C078125,19:56:14 08/24/19,l,Property Check,4,1698 W SIXTH ST # A; 7 11 STORE WEST,COR
YES,'Location' garbled/scrambled text,19C078129,20:02:20 08/24/19,f,ZZFwy Diff Brth,1,91 EB SERFAS CLUB 6TH STMAPLE,COR
,,19C078132,20:03:43 08/24/19,l,911 Hangup,2,200 N LINCOLN AVE; MOTEL 6,COR
,,19C078136,20:06:27 08/24/19,l,Follow Up,4,3777 BEDFORD CANYON RD; CFD 7,COR
,,19C078139,20:09:54 08/24/19,l,Illegal Entry,3,3729 HOLLY SPRINGS DR; POSS,COR
,,19C078142,20:30:47 08/24/19,l,Assist Othr Dpt,3,2660 GERRY CIR,COR
,,19C078143,20:33:14 08/24/19,l,Shoplifting,3,260 W FOOTHILL PKWY; SUSP I/C @ ALBERTSONS,COR
,,19C078144,20:34:05 08/24/19,l,911 Hangup,2,110 W UPPER DR; CFD 6,COR
,,19C078145,20:38:59 08/24/19,l,911 Hangup,2,881 CORSICA DR,COR
,,19C078147,20:43:57 08/24/19,l,Property Check,4,525 MALLOY CT,COR
,,19C078150,21:01:05 08/24/19,l,Alarm Call,2,1171 BAYWOOD DR; HENSLEY APARTMENTS,COR
,,19C078151,21:10:41 08/24/19,l,Hazard,3,E SIXTH ST & E GRAND BLVD,COR
,,19C078152,21:12:23 08/24/19,l,Loud Party,3,2901 VIA MILANO; POOL,COR
,,19C078153,21:15:27 08/24/19,l,Traffic Stop,4,S BUENA VISTA AVE & W FRANCIS ST,COR
,,19C078154,21:18:02 08/24/19,l,Domestic Distur,2,1550 E ONTARIO AVE; SHELL GAS,COR
,,19C078155,21:25:51 08/24/19,l,Traffic Stop,4,W SIXTH ST & S BUENA VISTA AVE,COR
,,19C078156,21:27:13 08/24/19,l,Area Check,3,421 DYLAN DR; 530PC,COR
,,19C078157,21:28:32 08/24/19,l,Welfare Check,2,2245 INDIGO HILLS DR # 5,COR
,,19C078160,21:34:30 08/24/19,l,Veh Burg Past,4,2243 EAGLE GLEN PKWY; SUSP INFO; STATER BROS,COR
,,19C078161,21:36:44 08/24/19,l,Susp Vehicle,3,3200 NELSON ST,COR
,,19C078162,21:42:45 08/24/19,l,911 Hangup,2,1717 VIA DEL RIO; IGLESIA CHURCH,COR
,,19C078164,21:50:35 08/24/19,l,Additional Info,4,2481 MESQUITE LN; 19-11589,COR
,,19C078165,21:55:35 08/24/19,l,Ped Check,4,1441 W SIXTH ST # 101; A1 TUNE AND LUBE,COR
,,19C078167,22:08:57 08/24/19,l,Area Check,3,NORCO HILLS RD & LONGHORN WAY,COR
,,19C078169,22:15:13 08/24/19,l,Suspicious Circ,3,W GRAND BLVD & W TENTH ST ; POSS 23152 OR SM,COR
,,19C078170,22:22:44 08/24/19,l,Loud Party,3,1637 DAVIS ST,COR
,,19C078171,22:22:47 08/24/19,l,Loud Party,3,160 N BUENA VISTA AVE,COR
,,19C078172,22:22:54 08/24/19,l,Hazard,3,E TENTH ST & E GRAND BLVD,COR
,,19C078173,22:24:18 08/24/19,l,Accident,2,719 W NINTH ST,COR
,,19C078175,22:28:33 08/24/19,l,Loud Party,3,4523 FEATHER RIVER RD,COR
,,19C078176,22:28:50 08/24/19,l,Loud Noise,3,830 ASPEN ST,COR
,,19C078177,22:31:29 08/24/19,l,Traffic Stop,4,2199 SAMPSON AVE; CARLS JR,COR
,,19C078179,22:35:08 08/24/19,l,Keep The Peace,3,1349 CIRCLE CITY DR,COR
,,19C078181,22:38:08 08/24/19,l,Stranded Veh,3,S LINCOLN AVE & W FOOTHILL PKWY,COR
,,19C078182,22:40:30 08/24/19,l,Patrol Info,4,1500 SUNCOUNTRY CIR,COR
,,19C078183,22:43:07 08/24/19,l,H/R Coll Past,4,DOS LAGOS DR & WEIRICK RD,COR
,,19C078187,22:51:27 08/24/19,l,Battery Past,3,150 DEPOT DR;LL CONT,COR
,,19C078188,22:55:22 08/24/19,l,Assist Othr Dpt,3,SERFAS CLUB DR & 91 EB OFF RAMP,COR
,,19C078189,22:56:19 08/24/19,lf,Battery Injury,1,1594 BENTLEY DR; POLE POSITION RACEWAY INC,COR
,,19C078190,22:56:47 08/24/19,l,Property Check,4,1150 W TENTH ST; CORONA HIGH SCHOOL,COR
,,19C078191,22:58:37 08/24/19,l,Loud Party,3,1278 LAS LUNITAS LN,COR
,,19C078192,23:05:45 08/24/19,l,Loud Party,3,942 MCCALL DR,COR
,,19C078195,23:14:30 08/24/19,l,Auto Theft Past,3,1824 FIRETHORN PL # 204,COR
,,19C078196,23:18:47 08/24/19,l,Loud Party,3,SWEETWATER CIR & CANYON CREST DR,COR
,,19C078198,23:24:28 08/24/19,l,Loud Party,3,1166 MANDEVILLA WAY,COR
,,19C078201,23:30:30 08/24/19,l,Traffic Stop,4,91 AND GREEN RIVER,
YES,'Nature' garbled text (embedded symbol),19C078202,23:33:32 08/24/19,f,ZZFaint/Uncons,1,911 ANDREA LN # 204,COR
,,19C078205,23:39:28 08/24/19,l,Susp Person,3,1320 TAYLOR AVE,COR
,,19C078206,23:42:10 08/24/19,l,911 Hangup,2,1661 VIA RAFAEL CIR,COR
,,19C078208,23:53:26 08/24/19,lf,Heavy Rescue,1,MAGNOLIA AVE & EL SOBRANTE RD,COR
,,19C078209,23:55:41 08/24/19,l,Property Check,4,500 N SMITH AVE,COR
,,19C078210,23:56:27 08/24/19,l,911 Hangup,2,14950 river rd,EVL
,,19C078212,00:10:01 08/25/19,l,911 Hangup,2,113 LYDIA LN,COR
,,19C078214,00:13:16 08/25/19,l,911 Hangup,2,3950 S MAIN ST; ATT TOWER,COR
,,19C078215,00:15:18 08/25/19,l,Unknown Problem,1,111 N LINCOLN AVE; ARCO AM PM; GOOD FELLAS RESTAURANT,COR
,,19C078216,00:19:26 08/25/19,l,Loud Party,3,N GRANT AVE & RAILROAD ST,COR
,,19C078217,00:22:25 08/25/19,l,Loud Party,3,957 BRANDYWINE LN,COR
,,19C078218,00:34:42 08/25/19,l,Incorrigible,2,920 AVENIDA DEL VISTA;K13,COR
,,19C078220,00:45:48 08/25/19,l,911 Hangup,2,3950 S MAIN ST,COR
,,19C078223,00:58:59 08/25/19,l,Loud Party,3,948 VILLA MONTES CIR,COR
,,19C078224,01:04:38 08/25/19,l,Patrol Info,4,N MCKINLEY ST & MAGNOLIA AVE,COR
,,19C078225,01:04:51 08/25/19,l,Drunk In Public,2,2784 FASHION DR # 104,COR
,,19C078226,01:19:02 08/25/19,l,Loud Party,3,3118 DOGWOOD DR,COR
,,19C078227,01:30:27 08/25/19,f,ZZAbdominalPa in,1,1073 W EIGHTH ST,COR
,,19C078228,01:41:44 08/25/19,l,Loud Party,3,328 N GRANT AVE,COR
,,19C078229,01:48:51 08/25/19,l,911 Hangup,2,1660 LEESON LN,COR
,,19C078231,01:52:54 08/25/19,l,Traffic Stop,4,E FOOTHILL PKWY & MONTICELLO DR,COR
,,19C078232,01:53:57 08/25/19,l,Traffic Stop,4,301 S LINCOLN AVE,COR
,,19C078233,01:56:00 08/25/19,l,Area Check,3,1208 S VICENTIA AVE,COR
,,19C078234,01:56:10 08/25/19,l,Disturb Peace,3,310 N MCKINLEY ST; DEL TACO,COR
,,19C078235,02:00:21 08/25/19,l,Dist/Verbal,2,995 SAMAR CT,COR
,,19C078236,02:00:59 08/25/19,l,Public Service,3,790 S SMITH AVE; CFD 3,COR
,,19C078237,02:05:21 08/25/19,f,ZZFwy UnkInjury,1,91 EB MAIN MCKINLEY,COR
,,19C078238,02:09:13 08/25/19,l,DV-Assault,1,479 N MCKINLEY ST; WALMART,COR
,,19C078239,02:10:34 08/25/19,l,Loud Party,3,3300 VIA GIOVANNI CIR,COR
,,19C078241,02:41:46 08/25/19,l,Loud Party,3,328 N GRANT AVE,COR
,,19C078243,02:49:57 08/25/19,l,Traffic Stop,4,91 EB LINCOLN MAIN,COR
,,19C078244,02:50:31 08/25/19,l,Auto Theft Rec,4,91 EB LINCOLN MAIN,COR
,,19C078245,02:58:27 08/25/19,l,Disturb Peace,3,200 N LINCOLN AVE; MOTEL 6 #247 POSS 594,COR
,,19C078246,03:07:32 08/25/19,l,Under Influence,2,480 N MCKINLEY ST,COR
,,19C078247,03:09:35 08/25/19,l,DV-Assault,1,712 S HOWARD ST # 6,COR
,,19C078251,03:19:42 08/25/19,l,Susp Person,3,3520 AMBROSE CIR;LLCONT,COR
,,19C078253,03:21:38 08/25/19,l,911 Hangup,2,1504 TABER ST; CANYON COMMUNITY CHRUCH OF THE NAZARENE,COR
,,19C078254,03:27:56 08/25/19,l,Susp Vehicle,3,373 BURR ST,COR
,,19C078256,03:30:41 08/25/19,l,Area Check,3,91 EB ON RAMP & N MCKINLEY ST ; AOD FOR CHP 20002,COR
,,19C078258,03:50:59 08/25/19,l,Area Check,3,200 N LINCOLN AVE; MOTEL 6,COR
,,19C078263,04:20:56 08/25/19,l,911 Hangup,2,2865 COTTAGE DR,COR
,,19C078265,04:29:14 08/25/19,l,Traffic Stop,4,W GRAND BLVD & W THIRD ST,COR
,,19C078271,04:47:27 08/25/19,l,Alarm Call,2,2185 SAMPSON AVE;#109,COR
,,19C078274,05:24:31 08/25/19,f,ZZAbdominalPa in,1,1400 CIRCLE CITY DR; CORONA RESIDENTIAL CARE CENTER LLC #1A,COR
,,19C078275,05:35:07 08/25/19,f,ZZChest Pains,1,4609 TEMESCAL CANYON RD ; #201,COR
,,19C078276,05:36:07 08/25/19,l,Area Check,3,HIGHGROVE ST & VIA PARAISO WAY,COR
,,19C078277,05:46:16 08/25/19,f,ZZFall,1,1423 PINEWOOD DR,COR
,,19C078279,05:55:24 08/25/19,l,Susp Person,3,1950 COMPTON AVE # 104; CORONA STARS CHEER,COR
,,19C078281,06:10:02 08/25/19,l,H&S Violation,3,2275 DEL MAR WAY # 206,COR
,,19C078283,06:11:22 08/25/19,f,ZZFall,1,3542 SWEETWATER CIR,COR
,,19C078286,06:26:57 08/25/19,f,ZZMedical Alert,1,1275 W EIGHTH ST # 304; WILLIAM C ARTHUR TERRACE,COR
,,19C078287,06:35:38 08/25/19,l,Patrol Info,4,GREEN RIVER RD & W FOOTHILL PKWY,COR
,,19C078291,06:46:32 08/25/19,l,Traffic Stop,4,301 N LINCOLN AVE,COR
,,19C078292,06:46:32 08/25/19,l,Traffic Stop,4,301 S LINCOLN AVE,COR
,,19C078293,06:56:27 08/25/19,l,Traffic Stop,4,W SIXTH ST & S LINCOLN AVE,COR
,,19C078294,07:02:49 08/25/19,l,Traffic Stop,4,W EIGHTH ST & S LINCOLN AVE,COR
,,19C078295,07:14:28 08/25/19,l,Traffic Stop,4,S LINCOLN AVE & W SEVENTH ST,COR
,,19C078296,07:19:53 08/25/19,l,Traffic Stop,4,W EIGHTH ST & S LINCOLN AVE,COR
,,19C078297,07:20:01 08/25/19,l,Drunk Driver,2,1886 BUTTERFIELD DR; BUTTERFIELD PARK,COR
,,19C078298,07:21:22 08/25/19,l,Alarm Call,2,725 S MAIN ST; 99 CENT STORE,COR
,,19C078299,07:31:26 08/25/19,l,Traffic Stop,4,W FOOTHILL PKWY & ELYSIA ST,COR
,,19C078300,07:36:52 08/25/19,l,Traffic Stop,4,W FOOTHILL PKWY & TRUDY WAY,COR
,,19C078301,07:38:49 08/25/19,l,Property Check,4,2331 KELLOGG AVE # A; CROSSROADS CHURCH,COR
,,19C078302,07:49:12 08/25/19,l,Traffic Stop,4,W FOOTHILL PKWY & ELYSIA ST,COR
,,19C078303,07:52:08 08/25/19,l,Alarm Call,2,2210 GRFFIN WY # 101; VERIZON WIRELESS,COR
,,19C078304,08:03:18 08/25/19,l,Traffic Stop,4,W FOOTHILL PKWY & TRUDY WAY,COR
,,19C078305,08:09:36 08/25/19,l,Traffic Stop,4,1300 E ONTARIO AVE; KFC,COR
,,19C078306,08:17:24 08/25/19,l,Alarm Call,2,415 N SMITH AVE; KURZ TRANSFER PRODUCTS LP,COR
,,19C078307,08:22:21 08/25/19,l,Traffic Stop,4,W FOOTHILL PKWY & TRUDY WAY,COR
,,19C078308,08:32:21 08/25/19,l,Property Check,4,THE CROSSINGS,COR
,,19C078309,08:38:15 08/25/19,l,Traffic Stop,4,W FOOTHILL PKWY & TRUDY WAY,COR
,,19C078310,08:40:32 08/25/19,f,ZZCommrcal Alrm,1,2370 ANSELMO DR; CORONA SUMMIT PHYSICAL,COR
,,19C078311,08:44:02 08/25/19,l,Traffic Detail,4,GREEN RIVER RD & PASEO GRANDE,COR
,,19C078312,08:51:17 08/25/19,l,Traffic Stop,4,W GRAND BLVD & W TENTH ST,COR
,,19C078313,08:53:40 08/25/19,lf,Auto Theft,2,524 E SIXTH ST; JUST OCCURRED,COR
,,19C078314,09:01:37 08/25/19,l,911 Hangup,2,2171 INDIAN HORSE DR,NOR
,,19C078318,09:09:12 08/25/19,l,Traffic Stop,4,W ONTARIO AVE & KIRKWOOD DR,COR
,,19C078320,09:10:08 08/25/19,l,911 Hangup,2,1290 W ONTARIO AVE,COR
,,19C078323,09:21:36 08/25/19,l,Alarm Call,2,1260 KENDRICK CT,COR
,,19C078324,09:26:29 08/25/19,l,Traffic Stop,4,W ONTARIO AVE & DOVE ST,COR
,,19C078325,09:27:13 08/25/19,l,Disturb Peace,3,725 S MAIN ST; 99 CENT STORE;HOMELESS,COR
,,19C078328,09:33:31 08/25/19,l,Alarm Call,2,585 REDWING DR,COR
,,19C078330,09:35:06 08/25/19,f,ZZTrauma,1,1507 CHESTNUT CIR,COR
,,19C078331,09:35:27 08/25/19,l,Property Check,4,4225 PRADO RD,COR
,,19C078332,09:36:48 08/25/19,l,Assist Othr Dpt,3,1330 MAGNOLIA AVE; ACO,COR
,,19C078333,09:37:36 08/25/19,l,Indecent Expose,2,1100 W RIVER RD; RIVER ROAD PARK,COR
,,19C078335,09:38:43 08/25/19,l,Traffic Stop,4,W ONTARIO AVE & PASEO GRANDE,COR
,,19C078336,09:40:47 08/25/19,l,Indecent Expose,2,RIVER RD & N LINCOLN AVE,COR
,,19C078337,09:43:40 08/25/19,l,Property Check,4,2331 KELLOGG AVE # A; CROSSROADS CHURCH,COR
,,19C078340,09:45:37 08/25/19,l,Petty Theft,3,1111 W SIXTH ST; WELLS FARGO BANK,COR
,,19C078341,09:46:32 08/25/19,l,Property Check,4,4190 BENNETT AVE; EAGLE GLEN COMMUNITY PARK,COR
,,19C078342,09:47:47 08/25/19,l,Battery Past,3,1547 PLAZA DE NOCHE # 5,COR
,,19C078344,09:51:51 08/25/19,l,Susp Person,3,410 N MCKINLEY ST; US BANK,COR
,,19C078345,09:53:23 08/25/19,l,Resid Burg Past,4,1133 CIRCLE CITY DR,COR
,,19C078346,09:55:06 08/25/19,l,Petty Theft P,4,2260 WILDOAK WAY # 211,COR
,,19C078347,09:59:00 08/25/19,l,Alarm Call,2,160 VANDER ST; #C,COR
,,19C078348,10:04:49 08/25/19,f,ZZFall,1,2680 S MAIN ST # 104,COR
,,19C078349,10:07:56 08/25/19,f,ZZBreathing,1,1400 CIRCLE CITY DR; ROOM 344A ; CORONA CARE,COR
,,19C078351,10:11:00 08/25/19,l,Property Check,4,2500 CABOT DR,COR
,,19C078352,10:11:15 08/25/19,l,Citizen Contact,3,263 N LINCOLN AVE; FARMER BOYS,COR
,,19C078358,10:29:56 08/25/19,l,Property Check,4,1290 E ONTARIO AVE; WALMART,COR
,,19C078362,10:38:38 08/25/19,f,ZZFall,1,3673 SEDLOCK DR,COR
,,19C078363,10:45:49 08/25/19,l,Property Check,4,1698 W SIXTH ST # A; 7 11 STORE WEST,COR
,,19C078364,10:46:35 08/25/19,l,911 Hangup,2,108 RIVER RD,COR
,,19C078366,10:49:22 08/25/19,l,Z-Animal Svcs,4,1330 MAGNOLIA AVE; ACO,COR
,,19C078367,10:50:00 08/25/19,f,ZZDumpster Fire,1,1144 CIRCLE CITY DR,COR
,,19C078368,10:50:13 08/25/19,l,Property Check,4,1395 E FOOTHILL PKWY; SANTIAGO HIGH SCHOOL,COR
,,19C078370,10:53:56 08/25/19,l,Keep The Peace,3,1770 VIA PACIFICA # L206,COR
,,19C078374,11:00:15 08/25/19,lf,Vegetation Low,1,15 NORTH BOUND OFF RAMP & TEMESCAL CANYON RD,TEM
,,19C078376,11:05:17 08/25/19,l,Child Neglect,2,E ONTARIO AVE & KELLOGG AVE,COR
YES,'Location' garbled/scrambled text,19C078378,11:08:59 08/25/19,l,Alarm Call,2,912 EAGLESNEST DR;GONZALEZ RESIDENCE,COR
,,19C078379,11:11:44 08/25/19,l,911 Hangup,2,217 ISABELLA WAY,COR
,,19C078380,11:12:45 08/25/19,l,Ill Parked Veh,4,S LINCOLN AVE & TOPAZ ST,COR
,,19C078381,11:13:17 08/25/19,l,911 Hangup,2,1114 VINTAGE CIR,COR
,,19C078383,11:25:59 08/25/19,l,Citizen Contact,3,N LINCOLN AVE & RAILROAD ST;LL CONT,COR
,,19C078384,11:46:46 08/25/19,l,911 Hangup,2,1141 E SIXTH ST,COR
,,19C078385,11:47:54 08/25/19,l,Alarm Call,2,1510 W SIXTH ST; NAVAS BARBER SHOP AT CROWN WESTEND PLAZA,COR
,,19C078386,11:48:01 08/25/19,l,911 Hangup,2,210 S LINCOLN AVE,COR
,,19C078388,11:50:46 08/25/19,l,Traffic Stop,4,N MCKINLEY ST & 91 WB ON RAMP,COR
,,19C078389,11:57:56 08/25/19,l,911 Hangup,2,1290 E ONTARIO AVE; WALMART,COR
,,19C078390,12:01:41 08/25/19,l,Comm Burg Past,4,3915 GREEN RIVER RD; CUBE SMART STORAGE,COR
,,19C078391,12:06:14 08/25/19,l,Comm Policing,4,480 N MAIN ST; STARBUCKS,COR
,,19C078392,12:06:46 08/25/19,l,Hazard,3,RIVER RD & AUBURNDALE ST,COR
,,19C078393,12:11:39 08/25/19,l,Property Check,4,THE CROSSINGS,COR
,,19C078394,12:11:41 08/25/19,l,Dist/Verbal,2,1133 CIRCLE CITY DR,COR
,,19C078395,12:15:34 08/25/19,l,Traffic Stop,4,15 NB MAGNOLIA HIDDEN VALLEY,COR
,,19C078396,12:15:45 08/25/19,l,911 Hangup,2,1085 QUARRY ST,COR
,,19C078398,12:16:44 08/25/19,l,Alarm Call,2,1400 FULLERTON AVE; EXCELSIOR SCHOOL,COR
,,19C078399,12:18:04 08/25/19,f,ZZSick,1,1785 HONORS LN,COR
,,19C078400,12:21:34 08/25/19,l,Dist/Verbal,2,250 E BLAINE ST; METRO LINK,COR
,,19C078402,12:24:31 08/25/19,l,Disturb Peace,3,31 E GRAND BLVD,COR
,,19C078403,12:26:49 08/25/19,l,Traffic Stop,4,91 EB LINCOLN MAIN,COR
,,19C078405,12:28:08 08/25/19,l,Property Check,4,DOS LAGOS,COR
,,19C078406,12:28:40 08/25/19,l,Alarm Call,2,1379 PICO ST # 103; COOK SECURITY GROUP,COR
,,19C078408,12:30:41 08/25/19,l,Alarm Call,2,301 CORPORATE TERRACE CIR; 91 EXPRESS LANES,COR
,,19C078411,12:39:25 08/25/19,l,Assist Othr Dpt,3,336 ADAMS CIR;#102,COR
,,19C078412,12:40:57 08/25/19,l,Traffic Stop,4,1130 W SIXTH ST; SUPERIOR MARKET,COR
,,19C078413,12:44:17 08/25/19,l,Patrol Info,4,1770 VIA PACIFICA # L206,COR
,,19C078415,12:50:57 08/25/19,l,911 Hangup,2,2876 SWITCHBACK LN,COR
,,19C078416,12:50:58 08/25/19,l,Traffic Stop,4,SERFAS CLUB DR & PALISADES DR,COR
,,19C078417,12:51:02 08/25/19,l,Disturb Peace,3,2240 COMPTON AVE; UNOCAL GAS,COR
,,19C078418,12:51:17 08/25/19,l,Reckless Driver,3,MASTERS DR & MORALES WAY,COR
,,19C078419,12:53:52 08/25/19,f,ZZChest Pains,1,117 VIA TREVIZIO; REFRIGERATION SUPPLIES DISTRIBUTOR,COR
,,19C078422,13:02:46 08/25/19,l,Keep The Peace,3,2313 MANZANITA RD,COR
,,19C078424,13:05:50 08/25/19,l,Comm Policing,4,480 N MAIN ST; STARBUCKS,COR
,,19C078425,13:06:04 08/25/19,l,Traffic Stop,4,1200 CANYON CREST DR; CFD 5,COR
,,19C078426,13:11:54 08/25/19,l,Traffic Stop,4,1200 CANYON CREST DR; CFD 5,COR
,,19C078428,13:18:33 08/25/19,l,Traffic Stop,4,S MAIN ST & W FIFTH ST,COR
,,19C078429,13:18:57 08/25/19,l,911 Hangup,2,1862 IMPRESIVO DR,COR
,,19C078430,13:21:14 08/25/19,l,Traffic Stop,4,GREEN RIVER & SHOP,
,,19C078431,13:26:42 08/25/19,l,Area Check,3,91 WB MCKINLEY MAIN,COR
,,19C078432,13:27:51 08/25/19,l,Traffic Stop,4,W SIXTH ST & SIERRA VISTA ST,COR
,,19C078433,13:38:17 08/25/19,l,H&S Violation,3,1107 W SIXTH ST; WSS SHOES,COR
,,19C078434,13:47:51 08/25/19,l,Alarm Call,2,1932 ELISE CIR;WE DO EQUIPTMENT,COR
,,19C078435,13:51:38 08/25/19,l,Vehicle Check,4,5000 GREEN RIVER RD,COR
,,19C078436,13:52:15 08/25/19,l,Ped Check,4,1107 W SIXTH ST; WSS SHOES,COR
,,19C078437,13:53:13 08/25/19,l,Follow Up,4,730 PUBLIC SAFETY WAY; CR 19-11272,COR
,,19C078438,13:58:42 08/25/19,l,Disturb Peace,3,1550 CIRCLE CITY DR; HOLIDAY INN EXPRESS AND SUITES COR CORONA;,
,,19C078439,14:01:34 08/25/19,l,Alarm Call,2,2790 CABOT DR # 125; BURNING DESIRE,COR
,,19C078440,14:09:25 08/25/19,l,Alarm Call,2,1150 EL CAMINO AVE,COR
,,19C078442,14:13:18 08/25/19,l,Accident,2,1150 W TENTH ST; CORONA HIGH SCHOOL,COR
,,19C078443,14:13:34 08/25/19,l,Property Check,4,1560 W SIXTH ST ; walmart,COR
,,19C078444,14:15:39 08/25/19,l,Traffic Stop,4,W ONTARIO AVE & KIRKWOOD DR,COR
,,19C078445,14:20:08 08/25/19,l,Alarm Call,2,433 SHENANDOAH RD;ALBERT LAZAR RES,COR
,,19C078446,14:24:18 08/25/19,l,911 Hangup,2,1271 RYAN LN,COR
,,19C078448,14:25:38 08/25/19,lf,Assault Wpn Inj,1,1009 SILVERCREEK RD,COR
,,19C078449,14:25:42 08/25/19,lf,Assault Wpn Inj,1,1009 SILVERCREEK RD,COR
,,19C078450,14:32:44 08/25/19,l,Susp Person,3,1711 JENKS DR; SOUTH WEST ELECTRIC INC,COR
,,19C078451,14:39:27 08/25/19,l,Susp Person,3,115 N MCKINLEY ST # 107; SUBWAY,COR
,,19C078452,14:40:39 08/25/19,f,ZZAllergies,1,25000 GLEN IVY RD,TEM
YES,'Nature' garbled text (embedded symbol),19C078454,14:48:26 08/25/19,f,ZZFaint/Uncons,1,22924 BRIARWOOD DR,TEM
,,19C078455,14:52:51 08/25/19,l,Accident,2,COUNTRY CLUB LN & FAIRVIEW DR,COR
,,19C078456,14:57:54 08/25/19,f,ZZResdntal Alr,1,2975 SHAIN CIR;JOHN & JOANNE RUSSO,COR
,,19C078457,14:58:42 08/25/19,l,911 Hangup,2,881 CORSICA DR,COR
,,19C078458,14:59:58 08/25/19,l,911 Hangup,2,1058 W OLIVE ST,COR
,,19C078459,14:59:59 08/25/19,l,911 Hangup,2,2265 DEL MAR WAY,COR
,,19C078461,15:04:51 08/25/19,l,Keep The Peace,3,1129 W TENTH ST # N,COR
,,19C078464,15:27:09 08/25/19,l,Disturb Peace,3,2199 SAMPSON AVE; CARLS JR ; REF TO LEAVE,COR
,,19C078467,15:37:22 08/25/19,l,Auto Theft,2,390 RICHEY CIR # 203,COR
,,19C078468,15:37:32 08/25/19,f,ZZFall,1,1962 FULLERTON AVE # 105,COR
,,19C078470,15:42:05 08/25/19,l,Alarm Call,2,1932 ELISE WAY; WE DO EQUIPMENT,COR
,,19C078471,15:43:39 08/25/19,l,Susp Vehicle,3,1271 MARRIOTT CIR,COR
,,19C078472,15:43:43 08/25/19,l,Vandalism Past,4,150 DEPOT DR; LL CONT,COR
,,19C078477,16:16:04 08/25/19,l,911 Hangup,2,1181 CALIFORNIA AVE,COR
,,19C078478,16:16:49 08/25/19,l,Loud Noise,3,472 NEWHALL DR;MUSIC,COR
,,19C078479,16:18:45 08/25/19,l,Follow Up,4,730 PUBLIC SAFETY WAY,COR
,,19C078480,16:23:34 08/25/19,l,911 Hangup,2,953 W SIXTH ST,COR
,,19C078482,16:29:09 08/25/19,lf,Petty Theft P,4,1375 E ONTARIO AVE; SAMS CLUB 4709 AT SOUTH POINTE PLAZA,COR
,,19C078484,16:30:58 08/25/19,l,Disturb Peace P,4,1040 S VICENTIA AVE; JEFFERSON ELEMENTARY SCHOOL,COR
,,19C078486,16:38:40 08/25/19,l,Battery,1,W SIXTH ST & CRAWFORD ST,COR
,,19C078487,16:40:37 08/25/19,lf,Accident Inj,1,1476 IRIS GROVE CIR; VEH VS PED,COR
,,19C078488,16:41:22 08/25/19,l,Under Influence,2,2450 DEL MAR WAY,COR
,,19C078489,16:45:23 08/25/19,l,Hazard,3,W FOOTHILL PKWY & HIGHGROVE ST,COR
,,19C078490,16:55:03 08/25/19,f,ZZPublicSrvceF,2,2600 S MAIN ST; #1; CORONA POST ACUTE,COR
,,19C078492,17:04:45 08/25/19,l,Disturb Peace,2,2980 GARRETSON AVE,COR
,,19C078494,17:09:43 08/25/19,f,ZZFwy Acc w/ inj,1,91 EB MAIN MCKINLEY,COR
,,19C078495,17:10:15 08/25/19,l,911 Hangup,2,4290 CHINO HILLS PKWY,
,,19C078496,17:12:00 08/25/19,l,Susp Person,3,N MAIN ST & W PARKRIDGE AVE,COR
,,19C078497,17:12:11 08/25/19,l,911 Hangup,2,974 THOROUGHBRED LN,NOR
,,19C078498,17:12:25 08/25/19,l,Traffic Stop,4,S MAIN ST & W OLD MILL RD,COR
,,19C078500,17:16:36 08/25/19,l,911 Hangup,2,1220 CANYON CREST DR,COR
,,19C078501,17:18:38 08/25/19,l,911 Hangup,2,988 E ONTARIO AVE,COR
,,19C078502,17:19:05 08/25/19,f,ZZFall,1,1135 BRIDGEPORT RD,COR
,,19C078503,17:19:41 08/25/19,l,Hazard,3,N MCKINLEY ST & GRIFFIN WAY,COR
,,19C078504,17:26:47 08/25/19,l,Area Check,3,953 RIMPAU AVE # 202,COR
,,19C078506,17:29:47 08/25/19,l,911 Hangup,2,3141 WINDHAVEN WAY,COR
,,19C078508,17:30:23 08/25/19,l,Speed Contest,3,1824 LEXINGTON DR,COR
,,19C078509,17:34:29 08/25/19,l,Accident,2,CAJALCO RD & 15 NB OFF RAMP,COR
,,19C078510,17:36:40 08/25/19,l,Keep The Peace,3,1155 AQUAMARINE LN,COR
,,19C078511,17:47:09 08/25/19,l,Disturb Peace,3,2520 TUSCANY ST,COR
,,19C078512,17:47:46 08/25/19,f,ZZResdntal Alr,1,1445 J T EISLEY DR,COR
,,19C078513,17:49:58 08/25/19,l,911 Hangup,2,1080 WESTBROOK ST,COR
,,19C078514,17:51:18 08/25/19,l,911 Hangup,2,2167 SAMPSON AVE,COR
,,19C078515,17:52:14 08/25/19,l,Traffic Stop,4,TEMESCAL CANYON RD & CAJALCO RD,COR
,,19C078516,18:07:40 08/25/19,l,Traffic Stop,4,MASTERS DR & NELSON ST,COR
,,19C078518,18:14:17 08/25/19,l,Traffic Stop,4,2500 GROVE AVE,COR
,,19C078519,18:15:13 08/25/19,l,Traffic Stop,4,MASTERS DR & CAMINO DE SALMON ST,COR
,,19C078522,18:23:14 08/25/19,l,Patrol Info,4,518 W ELEVENTH ST,COR
,,19C078524,18:33:26 08/25/19,l,Traffic Stop,4,MASTERS DR & NELSON ST,COR
,,19C078528,19:06:02 08/25/19,l,Property Check,4,100 E ONTARIO AVE,COR
,,19C078530,19:06:49 08/25/19,l,Traffic Stop,4,W SIXTH ST & S SHERIDAN ST,COR
,,19C078532,19:12:38 08/25/19,l,Property Check,4,211 W RINCON ST; ARTISAN APTS,COR
,,19C078533,19:17:39 08/25/19,l,Traffic Stop,4,PROMENADE AVE & MONDALE ST,COR
,,19C078534,19:21:10 08/25/19,l,Comm Burg I/P,2,310 E SEVENTH ST # 1-2; POSS,COR
,,19C078535,19:26:49 08/25/19,l,Found Adult,2,1220 MAGNOLIA AVE # 101; DOLLAR TREE,COR
,,19C078536,19:27:04 08/25/19,l,Fraud Past,4,1205 MAGNOLIA AVE; SHELL STATION AT SIZZLER CENTER,COR
,,19C078537,19:28:41 08/25/19,f,ZZFall,1,479 DONATELLO DR,COR
,,19C078538,19:29:16 08/25/19,l,Disturb Peace,3,1155 AQUAMARINE LN,COR
,,19C078539,19:31:46 08/25/19,l,Dist/Verbal,2,1248 W SIXTH ST; WELCOME INN; REPO,COR
,,19C078540,19:33:53 08/25/19,f,ZZSick,1,E PARKRIDGE AVE & CORONA AVE,COR
,,19C078542,19:39:17 08/25/19,l,Petty Theft P,4,2568 AVENIDA DEL VISTA # 201; LICENSE PLATE,COR
,,19C078543,19:45:15 08/25/19,l,Follow Up,4,712 S HOWARD ST # 6,COR
,,19C078544,19:46:20 08/25/19,i,911 Hangup,2,110 W UPPER DR; CFD 6,COR
,,19C078545,19:51:00 08/25/19,i,911 Hangup,2,310 E SEVENTH ST,COR
,,19C078546,19:51:24 08/25/19,f,ZZBleeding,1,1227 DORIS LN # 103,COR
,,19C078547,19:55:43 08/25/19,l,Property Check,4,505 S MAIN ST,COR
,,19C078548,19:57:52 08/25/19,l,Assist Othr Dpt,3,1227 DORIS LN # 103,COR
,,19C078549,19:58:40 08/25/19,l,Traffic Stop,4,419 N MCKINLEY ST,COR
,,19C078550,20:00:49 08/25/19,f,ZZFwy Veh Fire,1,91 EB PASEO GRANDE LINCOLN,COR
,,19C078555,20:17:33 08/25/19,l,Fire Code Vio,4,1824 LEXINGTON DR,COR
,,19C078556,20:17:41 08/25/19,l,Loud Party,3,1824 LEXINGTON DR,COR
,,19C078557,20:20:18 08/25/19,l,Ped Check,4,200 N LINCOLN AVE; MOTEL 6,COR
,,19C078558,20:23:09 08/25/19,l,Under Influence,2,253 ISABELLA WAY # D,COR
,,19C078561,20:29:15 08/25/19,l,Susp Vehicle,3,1017 SILVERCREEK RD,COR
,,19C078562,20:29:57 08/25/19,l,Property Check,4,1820 RIMPAU AVE; CENTENNIAL HIGH SCHOOL,COR
,,19C078563,20:31:20 08/25/19,l,Property Check,4,480 N MAIN ST; STARBUCKS,COR
,,19C078564,20:31:51 08/25/19,l,Property Check,4,590 HIDDEN VALLEY PKWY,COR
,,19C078566,20:35:04 08/25/19,l,Property Check,4,1570 W SIXTH ST; MIGUELS JR INC 6 AT CROWN WESTEND COR PLAZA,
,,19C078567,20:40:54 08/25/19,l,Susp Person,3,606 W TENTH ST,COR
,,19C078569,20:45:27 08/25/19,l,Alarm Call,2,750 S LINCOLN AVE # 101; VERIZON STORE,COR
,,19C078570,20:49:06 08/25/19,l,Assist Othr Dpt,3,928 W FRANCIS ST,COR
,,19C078571,20:51:41 08/25/19,l,Property Check,4,130 W FOOTHILL PKWY; CHEVRON GAS,COR
,,19C078572,20:54:04 08/25/19,l,Property Check,4,774 E ONTARIO AVE,COR
,,19C078573,21:08:12 08/25/19,l,Property Check,4,1701 RIMPAU AVE # 104; LAMBERT FLOORING,COR
,,19C078574,21:10:27 08/25/19,l,911 Hangup,2,451 MAGNOLIA AVE,COR
,,19C078575,21:11:52 08/25/19,l,Alarm Call,2,255 GLIDER CIR ; ELASTOENER INC,COR
,,19C078576,21:13:25 08/25/19,l,Patrol Info,4,400 N MCKINLEY ST; MCDONALDS,COR
,,19C078577,21:17:10 08/25/19,l,Property Check,4,299 DUPONT ST,COR
,,19C078578,21:24:10 08/25/19,f,ZZChest Pains,1,947 ESTHER DR,COR
,,19C078579,21:29:53 08/25/19,l,Vehicle Check,4,N MAIN ST & E GRAND BLVD,COR
,,19C078580,21:30:39 08/25/19,f,ZZFwy Acc w/ inj,1,91 WB GREEN RIVER OC LINE,COR
,,19C078582,21:37:03 08/25/19,l,Patrol Info,4,COUNTRY CLUB LN & GREENBRIAR DR,COR
,,19C078583,21:39:45 08/25/19,l,Traffic Stop,4,CORYDON ST & MYRTLE ST,COR
,,19C078584,21:44:31 08/25/19,l,Property Check,4,803 SERRANO DR,COR
,,19C078585,21:45:42 08/25/19,l,Missing Person,2,1182 LAVENDAR WAY,COR
,,19C078586,21:48:47 08/25/19,l,Ped Check,4,CORYDON ST & MYRTLE ST,COR
,,19C078587,21:49:42 08/25/19,l,Keep The Peace,3,2215 E LAKESIDE PL ; #101,COR
,,19C078588,21:57:44 08/25/19,f,ZZBreathing,1,851 RIVER RD; RIVER RUN SR APTS;#313,COR
,,19C078589,22:01:18 08/25/19,l,911 Hangup,2,1218 E ONTARIO AVE,COR
,,19C078590,22:03:52 08/25/19,l,Traffic Stop,4,W RINCON ST & N LINCOLN AVE,COR
,,19C078592,22:08:16 08/25/19,l,Dist/Verbal,2,531 PENROSE DR # A,COR
,,19C078594,22:11:50 08/25/19,l,911 Hangup,2,1030 W SIXTH ST; #116,COR
,,19C078595,22:14:18 08/25/19,l,Traffic Stop,4,730 PUBLIC SAFETY WAY,COR
,,19C078596,22:15:23 08/25/19,l,Ped Check,4,RIVER RD & N LINCOLN AVE,COR
,,19C078597,22:17:13 08/25/19,l,Property Check,4,1108 OLYMPIC DR,COR
,,19C078599,22:19:32 08/25/19,l,Loud Noise,3,1030 JADESTONE LN,COR
,,19C078600,22:21:33 08/25/19,l,Domestic Distur,2,371 DYLAN CIR,COR
,,19C078601,22:25:57 08/25/19,l,Property Check,4,2225 EAGLE GLEN PKWY; MASSAGE ENVY AT THE VILLAGE AT EAGLE G,COR
,,19C078603,22:30:47 08/25/19,l,911 Hangup,2,1060 BORDER AVE,COR
,,19C078604,22:32:32 08/25/19,l,Disturb Peace,3,1060 BORDER AVE ; ROOMMATES HBD,COR
,,19C078605,22:34:49 08/25/19,l,Welfare Check,2,1768 GREENVIEW AVE,COR
,,19C078606,22:36:13 08/25/19,l,Ped Check,4,132 BUSINESS CENTER DR; ACTAVIS,COR
,,19C078608,22:40:07 08/25/19,l,Traffic Stop,4,N MAIN ST & RIVER RD,COR
,,19C078612,22:51:54 08/25/19,l,Property Check,4,109 N MCKINLEY ST; FOOD FOR LESS,COR
,,19C078614,22:53:49 08/25/19,,,,1660 LEESON LN,
,,19C078615,22:54:44 08/25/19,l,Ped Check,4,1604 FAIRVIEW DR; FAIRVIEW PARK,COR
,,19C078616,23:00:03 08/25/19,l,Vehicle Check,4,2197 SAMPSON AVE ;QUICKIE CARWASH,COR
,,19C078617,23:01:11 08/25/19,l,Follow Up,4,800 S MAIN ST; CORONA REGIONAL MEDICAL CENTER,COR
,,19C078618,23:01:14 08/25/19,l,Traffic Stop,4,SAMPSON AVE & N MCKINLEY ST,COR
,,19C078619,23:10:17 08/25/19,l,911 Hangup,2,2585 S MAIN ST,COR
,,19C078620,23:10:48 08/25/19,l,Property Check,4,1120 S MAIN ST,COR
,,19C078621,23:17:20 08/25/19,l,Property Check,4,499 LEROY DR,COR
,,19C078622,23:17:43 08/25/19,l,Drunk In Public,2,E HARRISON ST & N JOY ST,COR
,,19C078623,23:20:35 08/25/19,l,Vandalism Past,4,993 S SMITH AVE # 4 ; SPANISH LL CONT,COR
,,19C078624,23:21:51 08/25/19,l,Ped Check,4,390 N MCKINLEY ST # 115; GEN KOREAN BBQ,COR
,,19C078625,23:24:03 08/25/19,l,Property Check,4,1441 E SIXTH ST,COR
,,19C078627,23:24:45 08/25/19,l,911 Hangup,2,170 DEPOT DR,COR
,,19C078628,23:25:01 08/25/19,l,Traffic Stop,4,W SIXTH ST & S LINCOLN AVE,COR
,,19C078630,23:27:12 08/25/19,l,Property Check,4,180 N JOY ST,COR
,,19C078631,23:29:35 08/25/19,l,911 Hangup,2,1230 S MAIN ST,COR
,,19C078632,23:34:19 08/25/19,l,Ped Check,4,2355 COMPTON AVE; LA FITNESS,COR
,,19C078633,23:37:18 08/25/19,l,Property Check,4,995 POMONA,
,,19C078635,23:38:15 08/25/19,l,Vehicle Check,4,1886 BUTTERFIELD DR; BUTTERFIELD PARK,COR
,,19C078636,23:40:11 08/25/19,l,Traffic Stop,4,N MAIN / GRAND,
,,19C078637,23:46:25 08/25/19,l,Loud Party,3,1055 BEVERLY RD,COR
,,19C078639,23:50:33 08/25/19,l,Ped Check,4,CALIFORNIA AVE & E ONTARIO AVE,COR
,,19C078640,23:54:24 08/25/19,l,Petty Theft P,4,866 AMHERST ST ; CAR KEYS 5 AGO,COR
,,19C078641,23:55:09 08/25/19,f,ZZFwy Acc w/ inj,1,91 EB PASEO GRANDE LINCOLN,COR
,,19C078643,00:00:57 08/26/19,l,Property Check,4,235 JASON CT,COR
,,19C078644,00:10:16 08/26/19,l,Suspicious Circ,2,934 MERIDIAN LN,COR
,,19C078646,00:16:45 08/26/19,l,Assist Othr Dpt,3,411 PUEBLO RD,COR
,,19C078647,00:21:24 08/26/19,l,Alarm Call,2,1150 PASEO GRANDE; CESAR CHAVEZ ELEMENTARY SCHOOL,COR
,,19C078648,00:21:38 08/26/19,l,Alarm Call,2,2210 GRFFIN WY # 101; VERIZON WIRELESS,COR
,,19C078649,00:23:29 08/26/19,l,Traffic Stop,4,BUCHANAN ST & DOHERTY ST,RIV
,,19C078650,00:28:42 08/26/19,l,Trespass,3,1160 E ONTARIO AVE ; HOMELESS,COR
,,19C078651,00:30:48 08/26/19,l,Assist Othr Dpt,3,800 S MAIN ST; CORONA REGIONAL MEDICAL CENTER 5150 HOLD,COR
,,19C078652,00:35:26 08/26/19,l,Property Check,4,1600 POMONA RD,COR
,,19C078654,00:46:41 08/26/19,l,Vehicle Check,4,DOHERTY ST & BUCHANAN ST,RIV
,,19C078655,00:47:46 08/26/19,l,Patrol Info,4,200 N LINCOLN AVE; MOTEL 6,COR
,,19C078656,00:51:03 08/26/19,l,Vehicle Check,4,1402 E ONTARIO AVE; ARCO AMPM AT IN AND OUT CENTER,COR
,,19C078657,00:52:35 08/26/19,l,Traffic Stop,4,FLAMING ARROW,
,,19C078658,00:53:01 08/26/19,l,Property Check,4,1470 E SIXTH ST; VISION WHEEL INC,COR
,,19C078659,00:53:20 08/26/19,l,Traffic Stop,4,N MAIN ST & RIVER RD,COR
,,19C078660,01:00:56 08/26/19,l,911 Hangup,2,400 N MCKINLEY ST; MCDONALDS,COR
,,19C078661,01:01:08 08/26/19,l,Traffic Stop,4,W GRAND BLVD & W SIXTH ST,COR
,,19C078663,01:28:19 08/26/19,l,Property Check,4,1010 W CITRON ST; RANEY INTERMEDIATE SCHOOL,COR
,,19C078666,01:48:41 08/26/19,l,Domestic Distur,2,1084 POMONA RD; BEST WESTERN #224,COR
,,19C078667,02:04:51 08/26/19,l,Alarm Call,2,3211 S MAIN ST; CITRUS HILLS INTERMEDIATE SCHOOL,COR
,,19C078668,02:10:01 08/26/19,l,Alarm Call,2,1510 W SIXTH ST ; JAX PACIFIC WEST INSURANCE,COR
,,19C078669,02:23:05 08/26/19,l,H/R Coll Past,4,91 EB ON RAMP & GREEN RIVER RD ; 5 AGO...SUSP VEH 97,COR
,,19C078671,02:59:15 08/26/19,l,Runaway Return,3,1182 LAVENDAR WAY,COR
,,19C078672,03:11:16 08/26/19,l,Follow Up,4,505 FOREST AVE LAGUNA BEACH ; 19-11702,
,,19C078673,03:13:19 08/26/19,l,Property Check,4,1055 MOUNTAIN GATE DR,COR
,,19C078674,03:22:00 08/26/19,l,Vehicle Check,4,1155 VALENCIA RD; JAMESON PARK,COR
,,19C078675,03:22:28 08/26/19,l,Ped Check,4,RIMPAU AVE & OLD TEMESCAL RD,COR
,,19C078676,03:41:14 08/26/19,l,Traffic Stop,4,RIMPAU AVE & OLD TEMESCAL RD,COR
,,19C078677,03:42:08 08/26/19,l,Alarm Call,2,1041 FULLERTON AVE; LINCOLN ELEMENTARY,COR
,,19C078679,03:57:30 08/26/19,l,Susp Vehicle,3,2925 DOUGLAS WAY,COR
,,19C078680,04:15:30 08/26/19,l,Drunk Driver,2,1140 E ONTARIO AVE; CHEVRON STATION,COR
,,19C078682,04:38:07 08/26/19,l,Illegal Entry,3,737 JUNE DR ; POSS 459R,COR
,,19C078683,04:43:26 08/26/19,l,Open Door,2,1770 KELLOGG AVE,COR
,,19C078684,04:53:33 08/26/19,l,Alarm Call,2,265 RADIO RD; AIR DUCT PRODUCTS; ERICK DUCT,COR
,,19C078685,04:54:25 08/26/19,l,911 Hangup,2,1000 W RINCON ST,COR
,,19C078686,05:01:22 08/26/19,l,Traffic Stop,4,S RAMONA AVE & E SIXTH ST,COR
,,19C078687,05:01:34 08/26/19,l,Alarm Call,2,415 N SMITH AVE; KURZ TRANSFER PRODUCTS,COR
,,19C078690,05:28:40 08/26/19,l,Alarm Call,2,2276 GRIFFIN WAY; #106; LEES SANDWICHES,COR
,,19C078691,05:37:19 08/26/19,l,Comm Burg Past,4,710 RIMPAU AVE; #203; BILL WHITE INSURANCE,COR
,,19C078692,05:47:37 08/26/19,l,Alarm Call,2,2276 GRIFFIN WAY ; #106; LEE SANDWHICHES,COR
,,19C078693,05:54:25 08/26/19,l,911 Hangup,2,1114 W ONTARIO AVE,COR
,,19C078694,06:02:06 08/26/19,f,ZZFall,1,930 FERNDALE DR,COR
,,19C078695,06:05:11 08/26/19,l,Alarm Call,2,2370 ANSELMO DR;CORONA SUMMIT SURGICAL CENTER,COR
,,19C078696,06:09:38 08/26/19,l,Alarm Call,2,487 MAGNOLIA AVE;#103; MI TORTILLA,COR
,,19C078697,06:11:23 08/26/19,l,911 Hangup,2,316 N GARFIELD AVE,COR
,,19C078698,06:18:00 08/26/19,f,ZZPublicSrvceF,2,1063 SUNBEAM LN,COR
,,19C078700,06:26:51 08/26/19,f,ZZAA MedicalAid,1,12614 RIVERWOOD WAY,HGS
,,19C078701,06:27:40 08/26/19,l,Susp Person,3,321 E SIXTH ST,COR
,,19C078702,06:36:45 08/26/19,l,Traffic Stop,4,E ONTARIO AVE & S MAIN ST,COR
,,19C078703,06:41:04 08/26/19,l,Disturb Peace,3,624 W SIXTH ST; USA GAS; REF TO LEAVE,COR
,,19C078704,06:51:43 08/26/19,l,Traffic Stop,4,120 W ONTARIO AVE,COR
,,19C078706,07:12:09 08/26/19,l,Traffic Detail,4,1757 VIA DEL RIO; CORONITA ELEMENTARY SCHOOL,COR
,,19C078709,07:27:02 08/26/19,f,ZZAA MedicalAid,1,15 NB TEMESCAL CANYON DOS LAGOSWEIRICK,TEM
,,19C078710,07:28:30 08/26/19,l,Property Check,4,2331 KELLOGG AVE # A; CROSSROADS CHURCH,COR
,,19C078712,07:34:18 08/26/19,l,Vandalism Past,4,1757 VIA DEL RIO; CORONITA ELEMENTARY SCHOOL,COR
,,19C078715,07:37:12 08/26/19,l,Property Check,4,1560 W SIXTH ST,COR
,,19C078717,07:47:10 08/26/19,l,Trespass,3,1501 PLEASANT VIEW AVE # E1,COR
,,19C078718,07:48:45 08/26/19,l,Traffic Stop,4,RIVER RD & N LINCOLN AVE,COR
,,19C078719,07:50:32 08/26/19,l,911 Hangup,2,919 COTTONWOOD CT,COR
,,19C078720,07:51:41 08/26/19,l,Auto Theft Past,3,CRAWFORD ST & W SEVENTH ST,COR
,,19C078721,07:53:56 08/26/19,l,Hazard,3,1165 E GRAND BLVD,COR
,,19C078722,08:01:55 08/26/19,l,Alarm Call,2,1871 CALIFORNIA AVE; ACTIVE REALTY GS SERVICES,COR
,,19C078724,08:04:46 08/26/19,l,Petty Theft P,4,1001 FORD ST;LL CONTACT C4,COR
,,19C078725,08:06:43 08/26/19,l,Ped Check,4,W SIXTH ST & S SMITH AVE,COR
,,19C078726,08:08:35 08/26/19,l,Traffic Detail,4,2650 OAK AVE; FRANKLIN ELEMENTARY SCHOOL,COR
,,19C078729,08:15:41 08/26/19,l,Additional Info,4,1215 DON LUIS CIR;FRAUDP LL CONT,COR
,,19C078731,08:18:26 08/26/19,l,Comm Burg Past,4,1655 W SIXTH ST # 111; FREEWAY IZUSU TRUCK AND VAN,COR
,,19C078732,08:18:28 08/26/19,l,Ped Check,4,624 W SIXTH ST; USA GAS,COR
,,19C078733,08:23:08 08/26/19,l,Auto Theft Past,3,1149 POMONA RD;#E; KR LAND COMPANY,COR
,,19C078735,08:28:29 08/26/19,f,ZZDiabetic,1,976 AVENIDA DEL VISTA; #C9,COR
,,19C078736,08:29:24 08/26/19,l,Petty Theft P,4,1292 MULBERRY LN; LL CONT,COR
,,19C078737,08:32:20 08/26/19,l,Property Check,4,1550 E ONTARIO AVE; SHELL GAS; Shell Station,COR
,,19C078738,08:32:52 08/26/19,l,Stranded Veh,3,GREEN RIVER RD & DOMINGUEZ RANCH RD,COR
,,19C078740,08:36:33 08/26/19,l,Abandoned Veh,4,1165 CANYON WOODS DR,COR
,,19C078741,08:36:56 08/26/19,l,Ped Check,4,760 N MAIN ST; SMART AND FINAL,COR
,,19C078742,08:41:03 08/26/19,l,Ped Check,4,N MAIN ST & W RINCON ST,COR
,,19C078744,08:47:40 08/26/19,l,Petty Theft P,4,1540 SHERBORN ST;ROBERTSONS READY MIX,COR
,,19C078745,08:49:30 08/26/19,l,Disturb Peace,3,450 N MCKINLEY ST,COR
,,19C078746,08:50:43 08/26/19,l,Alarm Call,2,835 S VICENTIA AVE,COR
,,19C078747,08:52:20 08/26/19,l,Comm Policing,4,3355 PENELOPE LN,COR
,,19C078748,08:53:34 08/26/19,l,Comm Policing,4,3211 S MAIN ST; CITRUS HILLS INTERMEDIATE SCHOOL,COR
,,19C078749,08:56:15 08/26/19,l,Domestic Distur,2,1155 E ONTARIO AVE; RIMPAU PARK,COR
,,19C078750,08:57:34 08/26/19,l,Comm Policing,4,2650 OAK AVE; FRANKLIN ELEMENTARY SCHOOL,COR
,,19C078752,09:00:55 08/26/19,l,Ill Parked Veh,4,ERICK DR & RIMPAU AVE,COR
,,19C078753,09:02:27 08/26/19,l,Susp Person,3,1415 E CHASE DR; CHASE NEIGHBORHOOD PARK,COR
,,19C078755,09:07:46 08/26/19,l,Disturb Peace P,4,835 W SEVENTH ST; FRONT COUNTER,COR
,,19C078756,09:08:10 08/26/19,l,Reckless Driver,3,E GRAND BLVD & N MAIN ST,COR
,,19C078758,09:11:33 08/26/19,l,Veh Burg Past,4,180 E THIRD ST; CIRCLE CITY INN ; #111,COR
,,19C078759,09:12:10 08/26/19,l,Disturb Peace,3,1111 W SIXTH ST; WELLS FARGO BANK;HOMELESS,COR
,,19C078760,09:14:27 08/26/19,l,Abandoned Veh,4,BEGLEY DR & ELLIOT DR,COR
,,19C078762,09:19:21 08/26/19,f,Structure Fire,1,3066 TOP O THE WALK DR,NOR
,,19C078763,09:24:49 08/26/19,l,Reckless Driver,3,S BUENA VISTA AVE & W CITRON ST,COR
,,19C078768,09:37:53 08/26/19,l,Comm Policing,4,2350 BORDER AVE; ADAMS ELEMENTARY,COR
,,19C078769,09:43:42 08/26/19,l,Abandoned Veh,4,710 FULLER ST,COR
,,19C078771,09:52:11 08/26/19,l,Comm Burg Past,4,3915 GREEN RIVER RD; CUBE SMART STORAGE UNIT 829 ; COR LL CONTA,
,,19C078776,10:03:31 08/26/19,l,Property Check,4,1833 W SIXTH ST,COR
,,19C078777,10:06:46 08/26/19,l,Traffic Stop,4,W ONTARIO AVE & S BUENA VISTA AVE,COR
,,19C078778,10:08:40 08/26/19,f,ZZSeizure,1,1121 BRADFORD CIR,COR
,,19C078779,10:12:15 08/26/19,l,Traffic Stop,4,702 E SIXTH ST; ARCO GAS,COR
,,19C078781,10:13:15 08/26/19,l,Traffic Stop,4,BUSINESS CENTER DR & MARKET ST,COR
,,19C078782,10:18:15 08/26/19,l,Traffic Stop,4,E THIRD ST & S JOY ST,COR
,,19C078783,10:20:00 08/26/19,l,Abandoned Veh,4,KROONEN DR & NEWTON DR,COR
,,19C078785,10:22:24 08/26/19,l,911 Hangup,2,1500 W SIXTH ST,COR
,,19C078786,10:22:38 08/26/19,l,Disturb Peace P,4,159 N MAPLE ST # F; TOTAL CHAOS,COR
,,19C078788,10:30:40 08/26/19,l,Property Check,4,930 E SIXTH ST; CITY PARK,COR
,,19C078789,10:31:19 08/26/19,l,Abandoned Veh,4,PALOMAR DR & ATWOOD DR,COR
,,19C078791,10:37:04 08/26/19,l,Property Check,4,275 TELLER ST # 100; 24 HOUR FITNESS,COR
,,19C078792,10:37:06 08/26/19,l,Ill Parked Veh,4,1200 VIA SANTIAGO,COR
,,19C078793,10:37:47 08/26/19,l,Runaway,3,185 MAGNOLIA AVE; LEE POLLARD HIGH SCHOOL,COR
,,19C078794,10:39:53 08/26/19,l,Property Check,4,1031 W SIXTH ST; CORONA POA,COR
,,19C078796,10:42:33 08/26/19,l,Abandoned Veh,4,1200 VIA SANTIAGO,COR
,,19C078797,10:43:11 08/26/19,l,Follow Up,4,1923 TAMARIND # 3 LA,
,,19C078798,10:43:33 08/26/19,l,Follow Up,4,1121 PORTOFINO CT # 103,COR
,,19C078800,10:49:08 08/26/19,l,Property Check,4,1129 HOLLY CIR,COR
,,19C078801,10:50:01 08/26/19,l,H&S Violation,3,965 S SMITH AVE,COR
,,19C078802,10:56:16 08/26/19,l,Abandoned Veh,4,LITTLER LN & DRIVING RANGE RD,COR
YES,'Nature' garbled text (embedded symbol),19C078803,10:58:27 08/26/19,f,ZZFaint/Uncons,1,410 N MCKINLEY ST; US BANK,COR
,,19C078805,11:01:46 08/26/19,l,Property Check,4,THE CROSSINGS,COR
YES,'Nature' garbled text (embedded symbol),19C078806,11:04:07 08/26/19,f,ZZFaint/Uncons,1,1330 MAGNOLIA AVE; ACO,COR
,,19C078808,11:15:04 08/26/19,l,Citizen Contact,3,1757 VIA DEL RIO; CORONITA ELEMENTARY SCHOOL;LL CONTACT,COR
,,19C078809,11:17:11 08/26/19,l,Accident,2,1990 POMONA RD,COR
,,19C078810,11:18:03 08/26/19,l,Property Check,4,2350 BORDER AVE; ADAMS ELEMENTARY,COR
,,19C078811,11:18:26 08/26/19,l,Property Check,4,1290 E ONTARIO AVE; WALMART,COR
,,19C078812,11:21:43 08/26/19,l,Disturb Peace P,4,137 N BUENA VISTA AVE; FRONT COUNTER,COR
,,19C078813,11:25:18 08/26/19,l,Ill Parked Veh,4,3415 VIA GIOVANNI CIR,COR
,,19C078815,11:30:00 08/26/19,lf,Man Down,1,WIMBLEDON DR & BRITTANY DR,COR
,,19C078816,11:43:45 08/26/19,l,Fraud Past,4,1064 APPLE BLOSSOM LN; LL CONT,COR
,,19C078818,11:53:17 08/26/19,l,Annoying Calls,3,2225 E LAKESIDE DR # 102 ; LL CONT C4,COR
,,19C078820,11:57:02 08/26/19,l,911 Hangup,2,585 REDWING DR,COR
,,19C078821,11:57:17 08/26/19,lf,Man Down,1,1245 W SIXTH ST; H I S UNIVERSITY,COR
,,19C078823,12:00:35 08/26/19,l,Assist Othr Dpt,3,857 W FRANCIS ST,COR
,,19C078824,12:02:39 08/26/19,l,911 Hangup,2,1150 W TENTH ST; CORONA HIGH SCHOOL,COR
,,19C078825,12:03:58 08/26/19,l,CMC Violation,4,1886 BUTTERFIELD DR; BUTTERFIELD PARK,COR
,,19C078826,12:06:09 08/26/19,l,Petty Theft P,4,1157 W GRAND BLVD,COR
,,19C078827,12:08:02 08/26/19,l,Citizen Contact,3,211 W RINCON ST # 442; ARTISAN APTS; LL CONT,COR
,,19C078830,12:15:25 08/26/19,l,H&S Violation,3,1155 VALENCIA RD; JAMESON PARK,COR
,,19C078831,12:15:26 08/26/19,l,Cite Sign Off,4,730 PUBLIC SAFETY WAY; FRONT COUNTER,COR
,,19C078832,12:17:21 08/26/19,l,911 Hangup,2,1840 CALIFORNIA AVE; KAISER FOUNDATION HEALTH PLAN COR INC,
,,19C078833,12:19:20 08/26/19,l,911 Hangup,2,881 CORSICA DR,COR
,,19C078836,12:24:06 08/26/19,l,Comm Burg Past,4,3915 GREEN RIVER RD; CUBE SMART STORAGE; #822,COR
,,19C078837,12:26:19 08/26/19,l,Petty Theft P,4,2260 WILDOAK WAY # 211,COR
,,19C078838,12:27:34 08/26/19,l,Petty Theft P,4,2260 WILDOAK WAY # 211 ; LL CONT,COR
,,19C078839,12:29:20 08/26/19,l,Susp Vehicle,3,955 MANDEVILLA WAY,COR
,,19C078840,12:30:23 08/26/19,l,911 Hangup,2,1150 W TENTH ST,COR
,,19C078841,12:32:18 08/26/19,l,Property Check,4,1604 FAIRVIEW DR; FAIRVIEW PARK,COR
,,19C078842,12:35:07 08/26/19,l,Patrol Info,4,1500 W SIXTH ST; T MOBILE AT CROWN WESTEND PLAZA,COR
,,19C078843,12:38:55 08/26/19,l,Property Check,4,3201 HORSELESS CARRIAGE DR,NOR
,,19C078844,12:41:58 08/26/19,l,Drunk In Public,2,W SIXTH ST & S BUENA VISTA AVE,COR
,,19C078845,12:45:04 08/26/19,l,Accident,2,RAILROAD ST & N MERRILL ST,COR
,,19C078846,12:46:12 08/26/19,l,Area Check,3,550 HIDDEN VALLEY PKWY; STATER BROS MARKETS,COR
,,19C078847,12:46:55 08/26/19,l,Veh Burg Past,4,1855 HIDEAWAY PL # 201,COR
,,19C078848,12:49:45 08/26/19,l,Citizen Contact,3,1122 DAFFODIL ST; GRANT YOUNGS EQUIPMENT SERVICE; COR LL CONT,
,,19C078850,12:58:14 08/26/19,l,Property Check,4,930 E SIXTH ST; CITY PARK,COR
,,19C078851,12:59:10 08/26/19,l,Special Detail,4,730 PUBLIC SAFETY WAY; CORONA POLICE,COR
,,19C078852,13:06:39 08/26/19,l,Fraud Past,4,515 RICHEY ST # 209,COR
,,19C078853,13:07:18 08/26/19,f,ZZPublicSrvceF,2,W SIXTH ST & S SMITH AVE,COR
,,19C078854,13:07:27 08/26/19,l,Citizen Contact,3,1288 BORDER AVE; LL CONT,COR
,,19C078855,13:13:41 08/26/19,l,Disturb Peace,3,175 E ONTARIO AVE # 101; MR YOU EXPRESS,COR
,,19C078856,13:15:42 08/26/19,l,911 Hangup,2,1820 FULLERTON AVE # 350; CORONA WOUND CENTER,COR
,,19C078857,13:15:46 08/26/19,l,Under Influence,2,281 DUPONT ST,COR
,,19C078858,13:17:28 08/26/19,l,Ill Parked Veh,4,PALM AVE & E OLIVE ST,COR
,,19C078860,13:27:28 08/26/19,l,Ill Parked Veh,4,3355 MOUNTAIN GATE DR; DWIGHT EISENHOWER ELEMENTARY SCHOOL,COR
,,19C078861,13:29:02 08/26/19,lf,ZZBreathing,1,700 W SIXTH ST; 7 11 STORE CENTRAL,COR
,,19C078863,13:32:26 08/26/19,l,911 Hangup,2,1504 TABER ST; CANYON COMMUNITY CHRUCH OF THE NAZARENE,COR
,,19C078864,13:35:35 08/26/19,l,911 Hangup,2,1900 LAMPTON LN,
,,19C078865,13:36:38 08/26/19,l,Public Service,3,1595 BORDER AVE,COR
,,19C078866,13:37:04 08/26/19,l,Ped Check,4,1820 RIMPAU AVE,COR
,,19C078867,13:39:57 08/26/19,l,Ill Parked Veh,4,CRESTRIDGE DR & GREEN RIVER RD,COR
,,19C078868,13:41:49 08/26/19,l,Comm Burg Past,4,3915 GREEN RIVER RD,COR
,,19C078869,13:45:48 08/26/19,l,Hazard,3,E ONTARIO AVE & CALIFORNIA AVE,COR
,,19C078871,13:50:20 08/26/19,l,H&S Violation,3,3615 GRAND OAKS; JEROMES FURNITURE,COR
,,19C078872,13:53:50 08/26/19,f,ZZCommrcal Alrm,1,2365 RAILROAD ST; TREX,COR
,,19C078873,13:54:15 08/26/19,l,911 Hangup,2,209 E BLAINE ST,COR
,,19C078874,13:54:54 08/26/19,l,Follow Up,4,400 ARTHUR CIR,COR
,,19C078875,14:02:13 08/26/19,l,Fraud Past,4,2139 SAMPSON AVE; CERTIFIED TIRE; LL CONT,COR
,,19C078876,14:02:47 08/26/19,l,Found Property,4,1375 E ONTARIO AVE; SAMS CLUB 4709 AT SOUTH POINTE PLAZA,COR
,,19C078877,14:06:08 08/26/19,l,Patrol Info,4,1424 EVERGREEN LN,COR
,,19C078878,14:11:04 08/26/19,f,ZZCommrcal Alrm,1,2365 RAILROAD ST;TREX,COR
,,19C078879,14:14:07 08/26/19,f,ZZTrauma,1,1932 LONGVIEW DR,COR
,,19C078881,14:25:59 08/26/19,l,DV-Assault,1,3100 S MAIN ST; MOUNTAINGATE PARK,COR
,,19C078882,14:26:26 08/26/19,l,Test,4,540 MAGNOLIA AVE; CFD 1,COR
,,19C078883,14:34:16 08/26/19,f,ZZAllergies,1,1171 RAILROAD ST;HEALTHPOINTE MEDICAL GROUP,COR
,,19C078884,14:35:22 08/26/19,l,Ill Parked Veh,4,1112 SPRUCE ST,COR
,,19C078885,14:35:44 08/26/19,l,Traffic Stop,4,N PARKRIDGE AVE & CRESTA RD,COR
,,19C078888,14:42:45 08/26/19,l,Alarm Call,2,1181 MAGNOLIA AVE; WELLSFARGO,COR
,,19C078889,14:44:17 08/26/19,f,ZZFall,1,4901 GREEN RIVER RD # 245; GREEN RIVER MHP,COR
,,19C078890,14:46:46 08/26/19,l,Drunk Driver,2,PALISADES DR & GREEN RIVER RD,COR
,,19C078893,14:58:05 08/26/19,l,Test,4,400 S VICENTIA AVE; CITY HALL,COR
,,19C078894,15:01:11 08/26/19,l,911 Hangup,2,3356 AMY DR,COR
,,19C078896,15:06:42 08/26/19,l,911 Hangup,2,1218 E ONTARIO AVE,COR
,,19C078897,15:12:48 08/26/19,l,Alarm Call,2,3473 BRAEMAR LN,COR
,,19C078898,15:13:38 08/26/19,l,Public Service,3,418 N MAIN ST,COR
,,19C078900,15:15:44 08/26/19,l,Citizen Contact,3,761 PAYETTE DR,COR
,,19C078901,15:16:18 08/26/19,l,Cite Sign Off,4,730 PUBLIC SAFETY WAY; PD LOT,COR
,,19C078902,15:18:07 08/26/19,lf,Accident Unknwn,1,940 W SEVENTH ST,COR
,,19C078903,15:18:22 08/26/19,f,ZZBreathing,1,131 W ONTARIO AVE;MAIN STREET DENTAL,COR
,,19C078905,15:24:26 08/26/19,f,ZZPublicSrvceF,2,711 E GRAND BLVD,COR
,,19C078907,15:27:16 08/26/19,lf,ZZSick,1,120 W ONTARIO AVE,COR
,,19C078908,15:27:54 08/26/19,l,Cite Sign Off,4,730 PUBLIC SAFETY WAY; PD PRKING LOT,COR
,,19C078910,15:33:42 08/26/19,f,ZZPublicSrvceF,2,1768 GREENVIEW AVE,COR
,,19C078912,15:36:52 08/26/19,l,Fraud Past,4,4180 CHANDON CIR; LL CONT,COR
,,19C078914,15:48:52 08/26/19,l,Reckless Driver,3,W EIGHTH ST & S BELLE AVE,COR
,,19C078915,15:49:07 08/26/19,l,911 Hangup,2,805 S RAMONA AVE,COR
,,19C078916,15:50:54 08/26/19,l,Cite Sign Off,4,730 PUBLIC SAFETY WAY; FRONT COUNTER,COR
,,19C078917,15:54:29 08/26/19,l,Petty Theft,3,1355 E ONTARIO AVE; HOME DEPOT,COR
,,19C078918,15:56:04 08/26/19,l,Property Check,4,400 PENROSE DR,COR
,,19C078919,15:56:50 08/26/19,l,Cross Report,2,857 W FRANCIS ST,COR
,,19C078920,15:58:53 08/26/19,l,911 Hangup,2,215 S MERRILL ST,COR
YES,'Nature' garbled text (embedded symbol),19C078921,16:00:43 08/26/19,f,ZZFaint/Uncons,1,1063 SUNBEAM LN,COR
,,19C078923,16:05:39 08/26/19,i,Reckless Driver,3,E FOOTHILL PKWY & RIMPAU AVE,COR
,,19C078924,16:09:08 08/26/19,l,Traffic Stop,4,MAGNOLIA AVE & KELLOGG AVE,COR
,,19C078926,16:12:30 08/26/19,l,Stalking Past,3,400 N MCKINLEY ST; MCDONALDS; LL CONTACT C4,COR
,,19C078929,16:15:45 08/26/19,l,Traffic Stop,4,CRESTA RD & E PARKRIDGE AVE,COR
,,19C078930,16:17:09 08/26/19,l,911 Hangup,2,598 SANTANA WAY; SKATE PARK SANTANA PARK,COR
,,19C078931,16:18:42 08/26/19,f,Structure Fire,1,10351 WAGONROAD WAY,TEM
,,19C078932,16:20:43 08/26/19,l,911 Hangup,2,8765 DOS LAGOS DR,TEM
,,19C078933,16:26:10 08/26/19,l,Keep The Peace,3,1950 COMPTON AVE # 104; CORONA STARS CHEER,COR
,,19C078934,16:26:17 08/26/19,l,911 Hangup,2,1200 JONAH DR,COR
,,19C078935,16:26:33 08/26/19,l,Property Check,4,300 S SHERIDAN ST; SHERIDAN PARK,COR
,,19C078936,16:28:01 08/26/19,i,Patrol Info,4,670 ROCK VISTA DR,COR
,,19C078937,16:32:03 08/26/19,,,,2800 AVENIDA TERRAZO,
,,19C078939,16:37:20 08/26/19,l,Alarm Call,2,2790 CABOT DR # 125; BURNING DESIRE,COR
,,19C078940,16:41:38 08/26/19,lf,Accident Inj,1,2280 WARDLOW CIR,COR
,,19C078941,16:45:42 08/26/19,l,Traffic Stop,4,VILLAGE LOOP DR & NAVARRO DR,COR
,,19C078942,16:47:18 08/26/19,f,ZZSick,1,2600 RAVEN CIR,COR
,,19C078944,16:49:11 08/26/19,l,Court Order Vio,3,710 RIMPAU AVE; #203; LL CONT,COR
,,19C078945,16:50:34 08/26/19,l,Property Check,4,470 HIDDEN VALLEY PKWY; KOHLS,COR
,,19C078947,16:52:23 08/26/19,l,Veh Burg Past,4,1021 STETSON CIR,COR
,,19C078949,16:57:16 08/26/19,l,Citizen Contact,3,1955 OLD WARSON CIR,COR
,,19C078950,17:03:04 08/26/19,i,ZZFwy Unk Fire,1,2585 TUSCANY ST; COST PLUS WORLD MARKET 221 AT THE COR CROSSINGS,
,,19C078954,17:15:33 08/26/19,l,Dist/Verbal,2,1192 ATHLONE LN,COR
,,19C078956,17:18:42 08/26/19,l,Traffic Stop,4,W MAPLE ST & WINFIELD CIR,COR
,,19C078957,17:21:23 08/26/19,l,Cross Report,2,1609 RIVENDEL DR,COR
,,19C078958,17:28:37 08/26/19,f,ZZFwy UnkInjury,1,91 EB MAIN MCKINLEY,COR
,,19C078959,17:32:08 08/26/19,l,Vehicle Check,4,849 W SIXTH ST,COR
,,19C078961,17:37:29 08/26/19,l,Comm Burg Past,4,3915 GREEN RIVER RD; UNIT A28; CUBE SMART STORAGE,COR
,,19C078963,17:41:32 08/26/19,l,Alarm Call,2,5215 GREEN RIVER RD; GREENRIVER GOLF CLUB,COR
,,19C078965,17:54:40 08/26/19,f,ZZChest Pains,1,1200 JONAH DR,COR
,,19C078966,18:01:41 08/26/19,l,Patrol Info,4,E SIXTH ST & S HOWARD ST ; STRAY DOGS,COR
,,19C078968,18:03:04 08/26/19,l,Property Check,4,1227 ENTERPRISE CT; MINKA LIGHTING INC,COR
,,19C078969,18:03:30 08/26/19,l,Court Order Vio,3,418 N MAIN ST;302,COR
,,19C078970,18:13:10 08/26/19,l,H/R Inj Past,3,N MCKINLEY ST & SAMPSON AVE,COR
,,19C078971,18:20:02 08/26/19,f,ZZFall,1,2300 S MAIN ST # 185; VALENCIA TERRACE,COR
,,19C078974,18:24:39 08/26/19,l,Fraud Past,4,1329 COTTONWOOD CT,COR
,,19C078975,18:25:33 08/26/19,l,Alarm Call,2,720 S TEMESCAL ST; KMM TELECOMMUNICATIONS,COR
,,19C078976,18:26:56 08/26/19,l,Accident,2,MAGNOLIA AVE & EL SOBRANTE RD,COR
,,19C078977,18:28:13 08/26/19,l,Susp Person,3,185 MAGNOLIA AVE; LEE POLLARD HIGH SCHOOL,COR
,,19C078982,18:35:32 08/26/19,l,Assist Othr Dpt,3,3100 S MAIN ST;ACO; MOUNTAINGATE PARK,COR
,,19C078983,18:35:53 08/26/19,l,Susp Person,3,2815 MONTOYA DR,COR
,,19C078985,18:37:53 08/26/19,l,Child Annoyance,2,RIMPAU AVE & H SPIEGEL WAY,COR
,,19C078987,18:40:00 08/26/19,f,ZZChest Pains,1,245 N LINCOLN AVE,COR
,,19C078988,18:43:46 08/26/19,l,Disturb Peace,3,1264 W TENTH ST;#D,COR
,,19C078990,18:51:21 08/26/19,l,Welfare Check,2,800 HOMESTEAD RD,COR
,,19C078991,18:54:14 08/26/19,l,Assist Othr Dpt,3,1609 RIVENDEL DR,COR
YES,'Nature' garbled text (embedded symbol),19C078992,18:55:58 08/26/19,f,ZZFaint/Uncons,1,275 TELLER ST,COR
,,19C078993,18:56:06 08/26/19,lf,Accident Inj,1,S BUENA VISTA AVE & W SIXTH ST,COR
,,19C078994,18:58:51 08/26/19,f,ZZPublicSrvceF,2,2300 S MAIN ST # 326; VALENCIA TERRACE,COR
,,19C078995,19:02:42 08/26/19,l,Disturb Peace,3,612 W GRAND BLVD,COR
,,19C078996,19:08:59 08/26/19,l,Patrol Info,4,"CALJALCO & D ST, PERRIS",
,,19C078997,19:09:24 08/26/19,l,Suspicious Circ,3,1362 W SIXTH ST; EDWARDS R V #9,COR
,,19C078998,19:14:08 08/26/19,l,Patrol Info,4,1353 W SIXTH ST ; CHUCK WAGON 23152,COR
,,19C078999,19:24:26 08/26/19,l,Resid Burg Past,4,1545 BORDER AVE ; #D,COR
,,19C079000,19:35:32 08/26/19,l,Follow Up,4,730 PUBLIC SAFETY WAY; CORONA POLICE,COR
,,19C079001,19:36:15 08/26/19,l,Property Check,4,470 HIDDEN VALLEY PKWY; KOHLS,COR
,,19C079003,19:38:26 08/26/19,l,911 Hangup,2,1550 E ONTARIO AVE; SHELL GAS,COR
,,19C079004,19:39:32 08/26/19,l,Suspicious Circ,3,4436 OWENS ST # 102 ; OPEN,COR
,,19C079005,19:40:09 08/26/19,l,Battery Past,3,4901 GREEN RIVER RD; CLUB HOUSE; GREEN RIVER MHP,COR
,,19C079006,19:41:47 08/26/19,l,Drunk Driver,2,GREEN RIVER RD & RIDGELINE DR,COR
,,19C079007,19:45:04 08/26/19,l,911 Hangup,2,881 CORSICA DR,COR
,,19C079008,19:47:40 08/26/19,l,Z-Animal Svcs,4,1330 MAGNOLIA AVE; ACO,COR
,,19C079009,19:50:33 08/26/19,l,Property Check,4,440 RIVER RD # I; J AND M MARKET,COR
,,19C079012,20:01:06 08/26/19,l,Hazard,3,CORYDON ST & RIVER RD,COR
,,19C079013,20:01:44 08/26/19,l,Patrol Info,4,"12255 PEACOCK, MORENO VALLEY",
,,19C079014,20:05:19 08/26/19,l,Accident,2,1290 E ONTARIO AVE; WALMART,COR
,,19C079017,20:08:15 08/26/19,l,Drunk In Public,2,125 N MCKINLEY ST; DOLLAR TREE,COR
,,19C079019,20:16:40 08/26/19,l,Drunk In Public,2,440 RIVER RD,COR
,,19C079020,20:20:20 08/26/19,l,Welfare Check,2,961 RIMPAU AVE # 104; 104,COR
,,19C079021,20:21:17 08/26/19,l,Missing Person,2,2233 MONTEREY PENINSULA DR,CRA
,,19C079022,20:22:03 08/26/19,f,ZZSick,1,161 S BUENA VISTA AVE # 205,COR
,,19C079023,20:22:31 08/26/19,l,911 Hangup,2,2661 GREEN RIVER RD; RALPHS,COR
,,19C079024,20:29:14 08/26/19,l,Disturb Peace,3,310 N LINCOLN AVE; MC DONALDS,COR
,,19C079026,20:39:22 08/26/19,l,CMC Violation,4,512 S BELLE AVE ; TRASH DIGGING,COR
,,19C079027,20:40:53 08/26/19,f,ZZSick,1,1155 E CHASE DR,COR
,,19C079028,20:42:32 08/26/19,l,Susp Person,3,2494 DAKIN DR,COR
,,19C079029,20:53:14 08/26/19,l,Patrol Info,4,RIMPAU AVE & E UPPER DR,COR
,,19C079030,20:58:54 08/26/19,l,Trespass,3,760 RIMPAU AVE # 103,COR
,,19C079032,21:04:41 08/26/19,l,Shots Heard,3,W TENTH ST & WAKEFIELD AVE,COR
,,19C079035,21:06:55 08/26/19,l,911 Hangup,2,1150 W 10TH,
,,19C079036,21:07:31 08/26/19,l,Property Check,4,THE CROSSINGS,COR
,,19C079042,21:18:29 08/26/19,l,Alarm Call,2,750 S LINCOLN AVE # 101; VERIZON STORE,COR
,,19C079044,21:22:26 08/26/19,l,Property Check,4,120 W ONTARIO AVE,COR
,,19C079047,21:27:06 08/26/19,l,Area Check,3,STAGECOACH RD & CORYDON ST,COR
,,19C079049,21:29:55 08/26/19,l,Special Detail,4,550 HIDDEN VALLEY PKWY; STATER BROS MARKETS,COR
,,19C079050,21:31:14 08/26/19,l,Alarm Call,2,1208 MAGNOLIA AVE; SEARS OUTLET 9150 AT CORONA MARKETPLACE,COR
,,19C079052,21:33:50 08/26/19,l,Disturb Peace,3,1756 GALLOWAY LN,COR
,,19C079053,21:39:00 08/26/19,l,Hazard,3,W CITRON ST & S MAIN ST,COR
,,19C079054,21:41:47 08/26/19,l,H/R Coll Past,4,1215 MAGNOLIA AVE; MCDONALDS LL CONT 2 AGO,COR
,,19C079055,21:46:12 08/26/19,l,Suspicious Circ,3,1150 W TENTH ST; CORONA HIGH SCHOOL,COR
YES,'Nature' garbled text (embedded symbol),19C079056,21:47:19 08/26/19,f,ZZFaint/Uncons,1,1427 GARNET ST,COR
,,19C079057,21:51:54 08/26/19,l,Traffic Stop,4,S BELLE AVE & W ONTARIO AVE,COR
,,19C079058,21:56:54 08/26/19,l,Vehicle Check,4,1453 W SIXTH ST,COR
,,19C079059,22:02:46 08/26/19,l,DV-Assault,1,RIMPAU AVE & E SIXTH ST,COR
,,19C079060,22:07:31 08/26/19,f,ZZBreathing,1,2600 S MAIN ST; CORONA POST ACUTE #153,COR
,,19C079061,22:13:36 08/26/19,l,Property Check,4,1155 E ONTARIO AVE; RIMPAU PARK,COR
,,19C079062,22:14:41 08/26/19,l,Susp Person,3,FIR ST & KROONEN DR,COR
,,19C079063,22:15:18 08/26/19,l,911 Hangup,2,209 E BLAINE ST,COR
,,19C079064,22:16:02 08/26/19,l,DV-Assault,1,1872 RUSTRIDGE PL # 103,COR
,,19C079065,22:16:33 08/26/19,l,Battery,1,1876 BAYWOOD DR ; #205,COR
,,19C079066,22:21:55 08/26/19,l,Alarm Call,2,1228 SHERBORN ST; SUNSHINE METALS INC,COR
,,19C079068,22:27:19 08/26/19,f,ZZBreathing,1,1073 MISTY MEADOW CIR,COR
,,19C079069,22:30:22 08/26/19,lf,Man Down,1,312 E NINTH ST; VICTORIA PARK,COR
,,19C079070,22:33:37 08/26/19,l,Susp Vehicle,3,2954 MCDONALD LN ; OCC'D,COR
,,19C079071,22:34:42 08/26/19,l,911 Hangup,2,2854 MELLOR ST,COR
,,19C079073,22:42:57 08/26/19,l,Alarm Call,2,1820 RIMPAU AVE; CENTENNIAL HIGH SCHOOL,COR
,,19C079075,22:51:22 08/26/19,l,Abandoned Veh,4,167 N VICENTIA AVE,COR
,,19C079076,23:00:00 08/26/19,l,Ped Check,4,1820 RIMPAU AVE; CENTENNIAL HIGH SCHOOL,COR
,,19C079077,23:04:20 08/26/19,l,Alarm Call,2,2855 SAMPSON AVE; SOUTHERN CALIFORNIA FLEET SERVICES,COR
,,19C079078,23:06:31 08/26/19,l,Property Check,4,598 SANTANA WAY; SKATE PARK SANTANA PARK,COR
,,19C079080,23:29:28 08/26/19,l,Patrol Info,4,456 E FRANCIS ST ;10851 SUSP LKA,COR
,,19C079081,23:31:59 08/26/19,l,DV-Assault,1,2732 BLUE SPRINGS DR,COR
,,19C079082,23:34:04 08/26/19,l,911 Hangup,2,526 MAGNOLIA AVE; ST JOHNS CHURCH,COR
,,19C079083,23:39:53 08/26/19,l,Follow Up,4,2661 GREEN RIVER RD; RALPHS,COR
,,19C079084,23:44:53 08/26/19,l,911 Hangup,2,505 S BUENA VISTA AVE; COUNTY COURT HOUSE,COR
,,19C079085,23:45:04 08/26/19,l,Hazard,3,W SECOND ST & W GRAND BLVD,COR
,,19C079087,23:48:42 08/26/19,lf,Accident Inj,1,E ONTARIO AVE & FULLERTON AVE,COR
,,19C079088,23:56:00 08/26/19,l,Susp Person,3,N MCKINLEY ST & MOUNT HUMPHRIES ST,COR
,,19C079089,23:57:15 08/26/19,f,ZZPublicSrvceF,2,511 TERMINO AVE,COR
,,19C079090,00:00:00 08/27/19,l,Property Check,4,830 N MAIN ST; TAQUERIA MEXICO,COR
,,19C079091,00:15:53 08/27/19,l,Alarm Call,2,526 PRINCELAND CT; AUTOMATED GATE SERVICES INC,COR
,,19C079094,00:47:36 08/27/19,l,Ped Check,4,1290 E ONTARIO AVE; WALMART,COR
,,19C079095,00:54:32 08/27/19,l,911 Hangup,2,1456 SERFAS CLUB DR; SIERRA DEL ORO APARTMENTS,COR
,,19C079096,01:05:09 08/27/19,l,Traffic Stop,4,S LINCOLN AVE & D ST,COR
,,19C079098,01:19:16 08/27/19,l,Property Check,4,526 PRINCELAND CT; AUTOMATED GATE SERVICES INC,COR
,,19C079099,01:20:11 08/27/19,l,Alarm Call,2,785 E HARRISON ST;ROYAL PLAZA TEXTILES,COR
,,19C079101,01:25:01 08/27/19,l,Mail Theft P,4,255 W ORANGE HEIGHTS LN,COR
,,19C079102,01:32:03 08/27/19,l,Area Check,3,200 N LINCOLN AVE; MOTEL 6,COR
,,19C079103,01:50:37 08/27/19,l,Alarm Call,2,1040 S VICENTIA AVE; JEFFERSON ELEMENTARY SCHOOL,COR
,,19C079104,01:52:19 08/27/19,l,Petty Theft P,4,175 N MCKINLEY ST; SHELL GAS,COR
,,19C079105,01:58:23 08/27/19,l,Indecent Expose,2,E SIXTH ST & S VICTORIA AVE,COR
,,19C079106,02:10:11 08/27/19,l,Property Check,4,255 E RINCON ST; PRIMERICA FINANCIAL SERVICES,COR
,,19C079107,02:32:04 08/27/19,l,Alarm Call,2,2350 BORDER AVE; ADAMS ELEMENTARY,COR
,,19C079108,02:36:14 08/27/19,l,Susp Person,3,W SIXTH ST & S SHERMAN AVE,COR
,,19C079110,02:50:48 08/27/19,l,Area Check,3,3893 MALAGA ST ; ATT 530,COR
,,19C079111,03:10:40 08/27/19,l,Property Check,4,480 N MAIN ST; STARBUCKS,COR
,,19C079112,03:13:16 08/27/19,l,Vehicle Check,4,1402 E ONTARIO AVE; ARCO AMPM AT IN AND OUT CENTER,COR
,,19C079113,03:20:30 08/27/19,l,Property Check,4,1010 W CITRON ST; RANEY INTERMEDIATE SCHOOL,COR
,,19C079114,03:24:57 08/27/19,l,Alarm Call,2,1150 PASEO GRANDE; CESAR CHAVEZ ELEMENTARY SCHOOL,COR
,,19C079115,03:25:28 08/27/19,l,Hazard,3,E ONTARIO AVE & 15 SOUTH BOUND ON RAMP,COR
,,19C079116,03:26:59 08/27/19,l,Property Check,4,185 MAGNOLIA AVE; LEE POLLARD HIGH SCHOOL,COR
,,19C079118,03:31:24 08/27/19,l,Disturb Peace,3,800 S MAIN ST; CORONA REGIONAL MEDICAL CENTER,COR
,,19C079119,03:43:47 08/27/19,lf,Man Down,1,E GRAND BLVD & E SIXTH ST,COR
,,19C079120,03:44:45 08/27/19,l,Hazard,3,385 E GRAND BLVD; ACE LAWN MOWER AND SAW,COR
,,19C079121,03:48:44 08/27/19,l,Alarm Call,2,1010 W CITRON ST; RANEY INTERMEDIATE SCHOOL,COR
,,19C079122,04:05:33 08/27/19,l,Loud Noise,3,BLUE SPRINGS DR & TEMESCAL CANYON RD,COR
,,19C079125,04:36:49 08/27/19,l,911 Hangup,2,1181 CALIFORNIA AVE,COR
,,19C079126,04:42:45 08/27/19,l,911 Hangup,2,881 CORSICA DR,COR
,,19C079127,04:52:30 08/27/19,f,ZZFwy UnkInjury,1,15 NB DOS LAGOS CAJALCO,COR
,,19C079128,05:03:40 08/27/19,l,Alarm Call,2,1041 FULLERTON AVE; LINCOLN ELEMENTARY,COR
,,19C079129,05:09:54 08/27/19,l,Susp Person,3,1290 E ONTARIO AVE; WALMART,COR
,,19C079131,05:23:06 08/27/19,l,Alarm Call,2,1663 COMMERCE ST,COR
,,19C079132,05:23:32 08/27/19,l,H/R Coll Past,4,1529 GRANADA AVE ;SUSP VEH 97,COR
,,19C079133,05:52:54 08/27/19,l,911 Hangup,2,2585 S MAIN ST,COR
,,19C079135,05:56:22 08/27/19,f,ZZChest Pains,1,1400 CIRCLE CITY DR; CORONA RESIDENTIAL CARE CENTER LLC;#231,COR
,,19C079136,06:13:16 08/27/19,l,H&S Violation,3,AMHERST ST & MYRTLE ST,COR
,,19C079137,06:17:51 08/27/19,l,Auto Theft Past,3,961 RIMPAU AVE # 103,COR
,,19C079138,06:23:31 08/27/19,f,ZZAA MedicalAid,1,23564 BELLA VISTA RD,TEM
,,19C079139,06:27:52 08/27/19,l,Susp Person,3,784 SAINT HELENA DR,COR
,,19C079140,06:28:24 08/27/19,l,Traffic Stop,4,265 E ONTARIO AVE,COR
,,19C079141,06:33:20 08/27/19,l,Alarm Call,2,520 WHEELER CIR,COR
,,19C079144,06:38:20 08/27/19,l,Traffic Stop,4,BAYFIELD DR & N LINCOLN AVE,COR
,,19C079145,06:47:51 08/27/19,l,Traffic Stop,4,111 N LINCOLN AVE; ARCO AM PM,COR
,,19C079146,06:48:18 08/27/19,l,911 Hangup,2,615 RICHEY ST; PROMENADE PARK,COR
,,19C079147,06:49:59 08/27/19,l,Traffic Stop,4,E ONTARIO AVE & S MAIN ST,COR
,,19C079148,06:50:38 08/27/19,l,Ped Check,4,VIOLET ST & POMONA RD,COR
,,19C079149,06:52:34 08/27/19,l,911 Hangup,2,1020 HAMNER AVE,NOR
,,19C079150,07:00:26 08/27/19,l,H/R Coll Past,4,175 N MCKINLEY ST; SHELL GAS; LL CONT,COR
,,19C079151,07:05:13 08/27/19,l,Assist Othr Dpt,3,RAILROAD ST & N COTA ST,COR
,,19C079152,07:05:44 08/27/19,l,Traffic Detail,4,1395 E FOOTHILL PKWY; SANTIAGO HIGH SCHOOL,COR
,,19C079153,07:06:05 08/27/19,l,911 Hangup,2,S MAIN ST & 91 WB ON RAMP,COR
,,19C079154,07:08:53 08/27/19,l,Traffic Detail,4,1395 E FOOTHILL PKWY; SANTIAGO HIGH SCHOOL,COR
,,19C079155,07:11:34 08/27/19,l,Property Check,4,1355 E ONTARIO AVE,COR
,,19C079156,07:12:19 08/27/19,l,Area Check,3,E ONTARIO AVE & 15 SOUTH BOUND ON RAMP,COR
,,19C079157,07:14:46 08/27/19,l,911 Hangup,2,400 N MCKINLEY ST; MCDONALDS,COR
,,19C079161,07:22:08 08/27/19,l,Petty Theft P,4,1355 E ONTARIO AVE,COR
,,19C079163,07:26:59 08/27/19,l,Assist Othr Dpt,3,1826 POMONA RD; SBY,COR
,,19C079164,07:30:06 08/27/19,l,Alarm Call,2,4275 MORALES WAY,COR
,,19C079165,07:37:15 08/27/19,l,911 Hangup,2,2362 RAILROAD ST; THERMAL STRUCTURES INC,COR
,,19C079166,07:37:32 08/27/19,l,Comm Policing,4,3355 MOUNTAIN GATE DR; DWIGHT EISENHOWER ELEMENTARY SCHOOL,COR
,,19C079167,07:39:04 08/27/19,l,Alarm Call,2,2210 GRFFIN WY # 101; VERIZON WIRELESS,COR
,,19C079168,07:42:09 08/27/19,,,,1826 POMONA RD,COR
,,19C079170,07:45:32 08/27/19,l,Patrol Info,4,PROMENADE AVE & WELLESLEY DR,COR
,,19C079172,07:49:33 08/27/19,l,Property Check,4,1450 RAILROAD ST; RENCO SALES INC,COR
,,19C079173,07:50:13 08/27/19,l,Stranded Veh,3,E ONTARIO AVE & FULLERTON AVE,COR
,,19C079174,07:54:02 08/27/19,l,Traffic Detail,4,1356 KIRKWOOD DR,COR
,,19C079175,07:54:09 08/27/19,l,Property Check,4,1455 W SIXTH ST; MOJOS COFFEE,COR
,,19C079177,07:55:37 08/27/19,l,Reckless Driver,3,1415 E CHASE DR; CHASE NEIGHBORHOOD PARK,COR
,,19C079178,07:56:49 08/27/19,f,ZZPublicSrvceF,2,511 TERMINO AVE,COR
,,19C079179,07:58:10 08/27/19,l,Property Check,4,1307 W SIXTH ST; NEW EXCHANGE INC,COR
,,19C079180,07:58:26 08/27/19,l,Standby,4,S MAIN ST & 91 WB ON RAMP,COR
,,19C079181,07:59:23 08/27/19,l,Traffic Stop,4,N MAIN ST & W RINCON ST,COR
,,19C079182,08:03:25 08/27/19,l,Ped Check,4,1252 W SIXTH ST,COR
,,19C079185,08:12:54 08/27/19,f,Hazmat,1,FIFTH ST & WESTERN AVE,NOR
,,19C079188,08:21:11 08/27/19,lf,Heavy Rescue,1,2621 GREEN RIVER RD # 104; DOMINOS PIZZA,COR
,,19C079191,08:23:41 08/27/19,l,Additional Info,4,15 SB MAGNOLIA ONTARIO,COR
,,19C079194,08:25:48 08/27/19,l,Suspicious Circ,2,CITRUS COMMUNITY PARK,COR
,,19C079198,08:28:07 08/27/19,l,Citizen Contact,3,3179 NUTMEG DR; LL CONT,COR
,,19C079199,08:28:43 08/27/19,l,Property Check,4,605 SAINT EDWARDS CIR,COR
,,19C079207,08:38:06 08/27/19,l,911 Hangup,2,2970 RIMPAU AVE,COR
,,19C079213,08:44:28 08/27/19,l,Property Check,4,400 S VICENTIA AVE; CITY HALL,COR
,,19C079214,08:47:47 08/27/19,l,911 Hangup,2,881 CORSICA DR,COR
,,19C079218,08:54:04 08/27/19,l,Disturb Peace,3,2225 EAGLE GLEN PKWY # 102; ACTION MARTIAL ARTS,COR
,,19C079224,09:06:17 08/27/19,l,Property Check,4,2980 GARRETSON AVE,COR
,,19C079225,09:06:29 08/27/19,l,Property Check,4,631 W RINCON ST,COR
,,19C079226,09:10:36 08/27/19,l,Ped Check,4,1267 W SIXTH ST,COR
,,19C079227,09:13:28 08/27/19,l,Grand Theft P,4,3417 GRAND OAKS; OLD NAVY 3341 AT THE CROSSINGS,COR
,,19C079228,09:16:43 08/27/19,l,Assist Othr Dpt,3,1362 ELGIN WAY,COR
,,19C079229,09:17:14 08/27/19,l,Auto Tampr Past,4,445 RICHEY ST # 104,COR
,,19C079230,09:17:58 08/27/19,l,Property Check,4,1220 MAGNOLIA AVE,COR
,,19C079231,09:19:06 08/27/19,l,Unknown Problem,1,RIMPAU AVE & MAGNOLIA AVE,COR
,,19C079232,09:22:07 08/27/19,l,Property Check,4,1220 MAGNOLIA AVE,COR
,,19C079235,09:28:30 08/27/19,l,Ped Check,4,1277 W SIXTH ST,COR
,,19C079236,09:29:39 08/27/19,l,Citizen Contact,3,1576 E ONTARIO AVE ; PL LOBBY,COR
,,19C079237,09:31:56 08/27/19,l,Property Check,4,1155 E ONTARIO AVE; RIMPAU PARK,COR
,,19C079238,09:32:39 08/27/19,l,Keep The Peace,3,1307 W SIXTH ST # 215; WORLDEN GROUP INC,COR
,,19C079239,09:33:18 08/27/19,l,Ped Check,4,W SIXTH ST & CRAWFORD ST,COR
,,19C079240,09:35:17 08/27/19,l,Alarm Call,2,2518 CAMINO DEL PLATA CT,COR
,,19C079241,09:35:22 08/27/19,l,Susp Vehicle,3,1880 COMPTON AVE,COR
,,19C079242,09:35:25 08/27/19,l,Ill Parked Veh,4,1003 ELMHURST ST,COR
,,19C079243,09:50:08 08/27/19,l,Disturb Peace,3,2276 GRIFFIN WY # 108; KIHN ; HOMELESS,COR
,,19C079245,10:04:30 08/27/19,l,Home Visit,4,2272 PRESCOTT CIR,COR
,,19C079246,10:06:47 08/27/19,l,Susp Person,3,3090 SUNDOWN LN,COR
,,19C079248,10:08:13 08/27/19,l,Cite Sign Off,4,730 PUBLIC SAFETY WAY ; outside pd,COR
,,19C079249,10:15:20 08/27/19,l,911 Hangup,2,881 CORSICA DR,COR
,,19C079250,10:16:58 08/27/19,l,Property Check,4,3300 PALISADES DR,COR
,,19C079251,10:17:56 08/27/19,l,Disturb Peace,3,1034 W SIXTH ST;#101;SOUTH BAY SAFTEY;HOMELESS,COR
,,19C079254,10:22:51 08/27/19,l,Susp Person,3,617 W GRAND BLVD; MACHETE/SWORD,COR
,,19C079255,10:31:27 08/27/19,f,ZZ Fire Test,2,132 BUSINESS CENTER DR; ACTAVIS,COR
,,19C079256,10:35:23 08/27/19,f,ZZChest Pains,1,1400 CIRCLE CITY DR; #52; CORONA RESIDENTIAL CARE CENTER LLC,COR
,,19C079257,10:41:54 08/27/19,l,Comm Policing,4,3540 RIVERSIDE PLAZA RIV CPK,
,,19C079258,10:43:31 08/27/19,l,Ped Check,4,700 W SIXTH ST,COR
,,19C079260,10:44:57 08/27/19,f,ZZFall,1,2249 MOUNTAIN VIEW DR,CRA
,,19C079261,10:48:13 08/27/19,l,Additional Info,4,2651 MISTY MOUNTAIN DR; LL CONTACT,COR
,,19C079262,10:48:52 08/27/19,l,Additional Info,4,856 LIVE OAK PL;19C076913,COR
,,19C079265,10:56:26 08/27/19,l,Follow Up,4,231 E PARKRIDGE AVE # H,COR
,,19C079267,11:03:30 08/27/19,l,Additional Info,4,155 AUTO CENTER DR; METRO LINK; LL CONT 19-12259,COR
,,19C079268,11:09:53 08/27/19,f,ZZFwy Acc w/ inj,1,15 SOUTH BOUND ON RAMP & E ONTARIO AVE,COR
,,19C079270,11:19:59 08/27/19,l,Court Order Vio,3,1015 MONTECITO DR;ROOM 231; RESIDENCE INN,COR
,,19C079273,11:23:33 08/27/19,l,Flag Down,4,3777 BEDFORD CANYON RD,COR
,,19C079275,11:28:50 08/27/19,l,Follow Up,4,852 W SIXTH ST; ENTERPRISE RENT A CAR,COR
,,19C079276,11:29:18 08/27/19,f,ZZFwy Veh Fire,1,91 WB CITY LIMITS MCKINLEY,COR
,,19C079277,11:32:08 08/27/19,l,Accident,2,N JOY ST & E HARRISON ST,COR
,,19C079280,11:36:42 08/27/19,f,ZZAA MedicalAid,1,13381 MAGNOLIA AVE # 24; CORONA PALMS MHP,HGS
,,19C079281,11:38:13 08/27/19,l,Comm Burg Past,4,1390 W SIXTH ST; LL CONT,COR
,,19C079282,11:40:59 08/27/19,l,Embezzlemnt P,4,1 MONSTER WAY; MONSTER,COR
,,19C079285,11:56:22 08/27/19,l,Additional Info,4,856 LIVE OAK PL; PD LOBY,COR
,,19C079287,12:05:44 08/27/19,l,911 Hangup,2,400 S VICENTIA AVE; CITY HALL,COR
,,19C079288,12:07:34 08/27/19,l,Court Order Vio,3,876 KEVIN CIR; PD LOBY,COR
,,19C079289,12:08:06 08/27/19,l,Drunk In Public,2,785 VILLAGE LOOP DR; CORONA RANCH ELEMENTARY,COR
,,19C079290,12:09:02 08/27/19,l,Cite Sign Off,4,730 PUBLIC SAFETY WAY; PD LOBBY,COR
,,19C079291,12:10:04 08/27/19,f,ZZFall,1,1537 CHALGROVE DR,COR
,,19C079292,12:13:30 08/27/19,l,Suspicious Circ,3,344 N MCKINLEY ST # 300; T MOBILE,COR
,,19C079294,12:32:35 08/27/19,l,Surveillance,4,778 GIANNI DR; #105,COR
,,19C079296,12:36:26 08/27/19,l,Dist/Verbal,2,929 YARDLEY CIR,COR
,,19C079297,12:37:45 08/27/19,l,Rape Past,2,301 WELLESLEY DR # 101;,COR
,,19C079298,12:39:39 08/27/19,l,911 Hangup,2,1150 W TENTH ST,COR
,,19C079299,12:42:19 08/27/19,l,Susp Person,3,2108 PARKSIDE DR # 273,COR
,,19C079300,12:45:08 08/27/19,l,Grand Theft P,4,1141 CALIFORNIA AVE; TECHNICOTE INC,COR
,,19C079301,12:50:06 08/27/19,l,Property Check,4,1290 E ONTARIO AVE; WALMART,COR
,,19C079302,12:50:35 08/27/19,l,Veh Burg Past,4,634 BROOKHAVEN DR; REQ LL CONT,COR
,,19C079305,12:59:14 08/27/19,l,Vandalism Past,4,737 JUNE DR,COR
,,19C079310,13:04:32 08/27/19,f,ZZSick,1,2600 S MAIN ST; #120C; CORONA POST ACUTE,COR
,,19C079311,13:07:53 08/27/19,l,Welfare Check,2,788 GIANNI DR # 105,COR
,,19C079313,13:14:22 08/27/19,l,Citizen Contact,3,60 SUMMERWOOD CT,COR
,,19C079314,13:14:42 08/27/19,f,ZZSick,1,730 PUBLIC SAFETY WAY; CORONA POLICE;TEST,COR
,,19C079315,13:15:34 08/27/19,f,ZZSick,1,730 PUBLIC SAFETY WAY; CORONA POLICE,COR
,,19C079318,13:18:01 08/27/19,l,Disturb Peace P,4,1395 E FOOTHILL PKWY; SANTIAGO HIGH SCHOOL,COR
,,19C079321,13:19:43 08/27/19,f,ZZSick,1,730 PUBLIC SAFETY WAY; CORONA POLICE,COR
,,19C079323,13:25:17 08/27/19,l,Fraud Past,4,4160 TEMESCAL CANYON RD; LOBBY,COR
,,19C079325,13:27:27 08/27/19,l,Disturb Peace P,4,1440 CHALGROVE DR # B ; LL CONT,COR
,,19C079326,13:27:34 08/27/19,l,911 Hangup,2,1504 TABER ST; CANYON COMMUNITY CHRUCH OF THE NAZARENE,COR
,,19C079327,13:33:40 08/27/19,l,911 Hangup,2,800 S MAIN ST; CORONA REGIONAL MEDICAL CENTER,COR
,,19C079328,13:45:22 08/27/19,f,ZZSick,1,925 VIA BLAIRO,COR
,,19C079330,13:47:50 08/27/19,l,Property Check,4,700 N MAIN ST,COR
,,19C079331,13:49:31 08/27/19,l,911 Hangup,2,881 CORSICA DR,COR
,,19C079332,13:50:09 08/27/19,l,Disturb Peace P,4,N LINCOLN AVE & 91 WB ON RAMP; LL CONT,COR
,,19C079334,13:55:37 08/27/19,l,911 Hangup,2,881 CORSICA DR,COR
,,19C079335,13:55:52 08/27/19,,,,EAG,
,,19C079336,13:59:21 08/27/19,f,ZZHeat/Cold Exp,1,921 S BELLE AVE; SENIOR CENTER,COR
,,19C079337,14:00:46 08/27/19,l,Citizen Contact,3,730 PUBLIC SAFETY WAY; CORONA POLICE; LL CONT,COR
,,19C079338,14:04:06 08/27/19,l,Ill Parked Veh,4,CRESTRIDGE DR & GREEN RIVER RD,COR
,,19C079339,14:04:13 08/27/19,l,Lost Property,4,1530 W SIXTH ST # 102; T AND H LIQUOR; LL CONT,COR
,,19C079341,14:05:01 08/27/19,l,911 Hangup,2,479 N MCKINLEY ST; WALMART,COR
,,19C079342,14:07:33 08/27/19,l,Property Check,4,777 S TEMESCAL ST,COR
,,19C079343,14:07:47 08/27/19,l,Area Check,3,100 W ONTARIO AVE; WALGREENS 07303 AT TOWN AND COUNTRY,COR
,,19C079344,14:08:14 08/27/19,lf,Accident Inj,1,15 NB ON RAMP & EL CERRITO RD,ELC
,,19C079345,14:14:14 08/27/19,l,Vehicle Check,4,RIMPAU AVE & E FOOTHILL PKWY,COR
,,19C079346,14:20:31 08/27/19,l,911 Hangup,2,881 CORSICA DR ; ABAND PHS 1,COR
,,19C079347,14:21:53 08/27/19,l,Vehicle Check,4,E FOOTHILL PKWY & RIMPAU AVE,COR
,,19C079348,14:24:23 08/27/19,l,Welfare Check,2,785 VILLAGE LOOP DR; CORONA RANCH ELEMENTARY,COR
,,19C079349,14:31:11 08/27/19,l,911 Hangup,2,1181 CALIFORNIA AVE,COR
,,19C079350,14:33:09 08/27/19,lf,Vegetation High,1,ESTANCIA & GRANJA VISTA DEL RIO ; EASTVALE,
,,19C079351,14:38:56 08/27/19,l,Area Check,3,1085 BORDER AVE; 911 HANG UP,COR
,,19C079352,14:40:04 08/27/19,l,Unknown Problem,1,1225 W EIGHTH ST # 38; RANCHO CORONA MHP,COR
,,19C079355,14:48:17 08/27/19,l,Loitering,3,TABER ST & RIMPAU AVE,COR
,,19C079356,14:51:58 08/27/19,l,Property Check,4,1255 RIVER RD; AUBURNDALE INTERMEDIATE,COR
,,19C079358,14:56:47 08/27/19,i,Cite Sign Off,4,730 PUBLIC SAFETY WAY ; PD LOBBY,COR
,,19C079359,15:01:36 08/27/19,l,911 Hangup,2,619 S MERRILL ST,COR
YES,'Nature' garbled text (embedded symbol),19C079360,15:02:03 08/27/19,lf,ZZFaint/Uncons,1,TEMESCAL CANYON RD & FASHION DR ; AOD FIRE,COR
,,19C079361,15:05:07 08/27/19,l,Petty Theft P,4,100 W ONTARIO AVE; WALGREENS 07303 AT TOWN AND COUNTRY,COR
,,19C079362,15:06:59 08/27/19,l,Disturb Peace,3,685 N TREEMONT PL # 103,COR
,,19C079363,15:08:02 08/27/19,l,Petty Theft,3,2240 COMPTON AVE; UNOCAL GAS,COR
,,19C079364,15:11:15 08/27/19,l,Prowler,2,2198 PARKSIDE DR # 465,COR
,,19C079365,15:11:38 08/27/19,l,Home Visit,4,8437 VIENNA,
,,19C079366,15:13:16 08/27/19,l,H&S Violation,3,1395 E FOOTHILL PKWY; SANTIAGO HIGH SCHOOL,COR
,,19C079368,15:17:31 08/27/19,f,ZZAllergies,1,1937 CORDOZA ST,COR
,,19C079369,15:20:10 08/27/19,l,Disturb Peace,3,2260 GRIFFIN WAY; AYRES SUITES ; HOMELESS,COR
,,19C079370,15:21:27 08/27/19,l,Auto Theft Rec,4,1560 W SIXTH ST,COR
,,19C079371,15:23:52 08/27/19,l,Cite Sign Off,4,730 PUBLIC SAFETY WAY; OUTSIDE PD,COR
,,19C079375,15:29:36 08/27/19,l,911 Hangup,2,517 W PARKRIDGE AVE ; 911 PHS 2,NOR
,,19C079376,15:29:47 08/27/19,l,Alarm Call,2,3825 JULIETTE CIR,COR
,,19C079377,15:30:14 08/27/19,l,Cite Sign Off,4,730 PUBLIC SAFETY WAY; PD LOBBY,COR
,,19C079378,15:31:46 08/27/19,l,Property Check,4,100 W RINCON ST,COR
,,19C079379,15:32:46 08/27/19,l,Property Check,4,482 N MAIN ST,COR
,,19C079381,15:40:14 08/27/19,l,Property Check,4,500 MALLOY CT,COR
,,19C079382,15:40:24 08/27/19,l,Auto Theft Past,3,2260 GRIFFIN WAY; AYRES SUITES; PD LOBBY,COR
,,19C079383,15:40:29 08/27/19,f,ZZFall,1,705 N MAIN ST # 104; ALDI,COR
,,19C079384,15:42:59 08/27/19,l,Annoying Calls,3,1551 FULLERTON AVE,COR
,,19C079385,15:47:51 08/27/19,l,Follow Up,4,3777 BEDFORD CANYON RD; CFD 7,COR
,,19C079386,15:49:14 08/27/19,l,Disturb Peace,3,1212 MAGNOLIA AVE ; EL SUPER,COR
,,19C079388,15:50:55 08/27/19,l,911 Hangup,2,1831 N DELILAH ST,COR
,,19C079391,15:59:10 08/27/19,l,Petty Theft P,4,390 N MCKINLEY ST # 108; PLATOS CLOSET,COR
,,19C079392,16:00:15 08/27/19,l,Patrol Info,4,E ONTARIO AVE & S MAIN ST ; CODE 5,COR
,,19C079393,16:09:07 08/27/19,l,Susp Person,2,370 N MCKINLEY ST; TEXAS ROADHOUSE POSS 488 SUSP,COR
,,19C079394,16:09:58 08/27/19,f,ZZBreathing,1,2600 S MAIN ST; CORONA POST ACUTE;#145,COR
,,19C079395,16:11:41 08/27/19,l,Property Check,4,1111 W SIXTH ST; WELLS FARGO BANK,COR
,,19C079396,16:14:55 08/27/19,l,Comm Burg Past,4,3915 GREEN RIVER RD;#A205;CUBE SMART STORAGE;LL CONT,COR
,,19C079399,16:18:44 08/27/19,l,Disturb Peace,3,1133 CIRCLE CITY DR,COR
,,19C079400,16:19:08 08/27/19,l,Traffic Stop,4,1701 W SIXTH ST,COR
,,19C079401,16:22:50 08/27/19,l,Citizen Contact,3,1725 W ONTARIO AVE ; LL CONT,COR
,,19C079402,16:24:49 08/27/19,f,ZZBreathing,1,11581 LARCHMONT DR,COR
,,19C079403,16:29:23 08/27/19,l,Trespass,3,1290 E ONTARIO AVE; WALMART ; HOMELESS,COR
,,19C079407,16:32:24 08/27/19,l,Property Check,4,1350 VALENCIA RD; ORANGE ELEMENTARY,COR
,,19C079406,16:32:24 08/27/19,l,Property Check,4,S MAIN ST & E ONTARIO AVE,COR
,,19C079409,16:33:41 08/27/19,l,Alarm Call,2,825 MAGNOLIA AVE;PEPPERMENT RIDGE,COR
,,19C079410,16:34:06 08/27/19,l,Dist/Verbal,2,1133 CIRCLE CITY DR,COR
,,19C079411,16:35:32 08/27/19,l,Mail Theft P,4,555 MONICA CIR; COMBUSTION ASSOCIATES INC,COR
,,19C079412,16:38:17 08/27/19,l,Property Check,4,369 MAGNOLIA AVE; US BANK INSIDE VONS,COR
,,19C079413,16:40:20 08/27/19,f,ZZAbdominalPa in,1,827 RIVER RD # 311; RIVER RUN SR APTS,COR
,,19C079414,16:43:35 08/27/19,l,Susp Person,3,1100 W RIVER RD; RIVER ROAD PARK POSS ATT 459,COR
,,19C079415,16:44:27 08/27/19,l,Traffic Stop,4,1910 FRONTAGE RD; AYRES SUITES,COR
,,19C079417,16:45:12 08/27/19,l,Disturb Peace,3,700 W SIXTH ST; 7 11 STORE CENTRAL,COR
,,19C079418,16:45:38 08/27/19,l,Disturb Peace P,4,2198 PARKSIDE DR # 465;LL CONT,COR
,,19C079420,16:52:26 08/27/19,l,Property Check,4,225 W SIXTH ST,COR
,,19C079423,16:55:12 08/27/19,f,ZZBreathing,1,1395 E FOOTHILL PKWY; SANTIAGO HIGH SCHOOL,COR
,,19C079425,17:00:04 08/27/19,l,Annoying Calls,3,1236 LONGPORT WAY,COR
,,19C079426,17:00:17 08/27/19,l,Found Property,4,1456 SERFAS CLUB DR; SIERRA DEL ORO APARTMENTS,COR
,,19C079427,17:01:26 08/27/19,l,Keep The Peace,3,1133 CIRCLE CITY DR,COR
,,19C079429,17:04:33 08/27/19,l,Petty Theft P,4,2615 TUSCANY ST; TARGET STORES T1548 AT THE CROSSINGS,COR
,,19C079430,17:04:59 08/27/19,l,Traffic Stop,4,W SIXTH ST & S MAIN ST,COR
,,19C079431,17:05:56 08/27/19,l,Property Check,4,3355 MOUNTAIN GATE DR; DWIGHT EISENHOWER ELEMENTARY SCHOOL,COR
,,19C079432,17:08:25 08/27/19,l,Loitering,3,1340 EL SOBRANTE RD; CASTANEADAS,COR
,,19C079433,17:09:13 08/27/19,l,Vandalism Past,4,1375 E ONTARIO AVE; SAMS CLUB 4709 AT SOUTH POINTE PLAZA,COR
,,19C079435,17:11:59 08/27/19,l,Property Check,4,204 E SIXTH ST; BANK OF AMERICA,COR
,,19C079436,17:15:19 08/27/19,f,ZZSick,1,205 N LINCOLN AVE; DOLLAR SELF STORAGE,COR
,,19C079449,17:39:16 08/27/19,l,Illegal Entry,3,GARRETSON AVE & C L FLEMING CIR,COR
,,19C079450,17:39:55 08/27/19,l,Property Check,4,1811 S LINCOLN AVE; CORONA THANKSGIVING,COR
,,19C079451,17:40:30 08/27/19,l,Loitering,3,710 RIMPAU AVE # 105; RITE STAFF,COR
,,19C079455,17:43:36 08/27/19,l,Ped Check,4,E ONTARIO AVE & CALIFORNIA AVE,COR
,,19C079457,17:57:55 08/27/19,l,Susp Person,3,112 ROXANNE LN,COR
,,19C079458,18:08:32 08/27/19,lf,Robbery,1,390 N MCKINLEY ST; STRONGARM,COR
,,19C079461,18:16:07 08/27/19,lf,Man Down,1,930 E SIXTH ST; CITY PARK,COR
,,19C079462,18:17:10 08/27/19,l,911 Hangup,2,389 N MAIN ST,COR
,,19C079463,18:17:36 08/27/19,l,Traffic Stop,4,S MAIN ST & W FIFTH ST,COR
,,19C079466,18:21:37 08/27/19,l,911 Hangup,2,1400 NICHOLAS PL,COR
,,19C079467,18:21:44 08/27/19,l,DV-Assault Past,3,1872 RUSTRIDGE PL; FRONT OF PD,COR
,,19C079468,18:38:10 08/27/19,l,Petty Theft P,4,1265 BLOSSOM HILL DR,COR
,,19C079469,18:43:03 08/27/19,l,Alarm Call,2,1481 SAN PONTE RD,COR
,,19C079470,18:49:49 08/27/19,l,Traffic Stop,4,FULLER ST & E SIXTH ST,COR
,,19C079471,18:50:10 08/27/19,l,911 Hangup,2,400 S VICENTIA AVE; PBX PHONE,COR
,,19C079472,18:53:52 08/27/19,lf,Choking,1,418 N MAIN ST;#327,COR
,,19C079473,18:55:41 08/27/19,l,Dist/Verbal,2,730 PUBLIC SAFETY WAY; CORONA POLICE,COR
,,19C079475,19:03:25 08/27/19,l,Drunk In Public,2,1411 RIMPAU AVE # 102; MR GS LIQUOR,COR
,,19C079476,19:03:49 08/27/19,l,H/R Coll Past,4,1375 E ONTARIO AVE; SAMS CLUB 4709 AT SOUTH POINTE PLAZA,COR
,,19C079479,19:09:41 08/27/19,l,Loud Noise,3,SUGARPINE DR & AVENIDA DEL VISTA,COR
,,19C079482,19:17:17 08/27/19,l,Traffic Stop,4,1365 E SIXTH ST,COR
,,19C079483,19:18:37 08/27/19,l,Traffic Stop,4,1365 E SIXTH ST,COR
,,19C079484,19:19:43 08/27/19,l,Traffic Stop,4,1365 E SIXTH ST,COR
,,19C079489,19:32:20 08/27/19,l,Disturb Peace,3,513 W SIXTH ST; EDUARDOS MEXICAN RESTAURANTS INC ; COR HOMELESS,
,,19C079491,19:38:00 08/27/19,i,Citizen Contact,3,1206 LIME ST,COR
,,19C079492,19:38:55 08/27/19,l,H&S Violation,2,W ONTARIO AVE & TAYLOR AVE,COR
,,19C079496,19:57:07 08/27/19,l,Assist Othr Dpt,3,942 W NINTH ST,COR
,,19C079497,20:04:27 08/27/19,l,H/R Coll Past,4,1130 W SIXTH ST; SUPERIOR MARKET,COR
,,19C079498,20:19:40 08/27/19,l,Patrol Info,4,1280 KELLEY AVE,COR
,,19C079499,20:24:19 08/27/19,l,H/R Coll Past,4,S LINCOLN AVE & W SECOND ST,COR
,,19C079502,20:38:21 08/27/19,l,Assist Othr Dpt,3,W SIXTH ST & S SHERMAN AVE ; AOD WATER SBY,COR
,,19C079503,20:45:33 08/27/19,l,911 Hangup,2,479 N MCKINLEY ST; WALMART,COR
,,19C079505,21:04:32 08/27/19,l,911 Hangup,2,1263 MANCERO CIR,COR
,,19C079506,21:06:54 08/27/19,l,Domestic Distur,2,1521 CAMELOT DR,COR
,,19C079507,21:08:57 08/27/19,l,Hit Run No Inj,2,W EIGHTH ST & S LINCOLN AVE,COR
,,19C079508,21:11:40 08/27/19,l,Property Check,4,2500 CAJALCO RD; CROSSINGS SHOPPING CENTER,COR
,,19C079509,21:11:55 08/27/19,l,Susp Person,3,200 N LINCOLN AVE; #141; MOTEL 6,COR
,,19C079510,21:14:05 08/27/19,f,ZZSick,1,19750 EVELYN ST,ELC
,,19C079512,21:26:11 08/27/19,l,Fraud Past,4,980 HEMINGWAY DR ; LL CONT,COR
,,19C079513,21:29:54 08/27/19,l,Drunk In Public,2,31 E GRAND BLVD,COR
,,19C079514,21:34:27 08/27/19,l,Susp Vehicle,3,SUMMIT VIEW CT & RUTLAND DR,COR
,,19C079515,21:35:33 08/27/19,l,Battery,1,946 JADESTONE LN,COR
,,19C079516,21:39:10 08/27/19,f,Accident Inj,1,1991 PINE CREST DR,CRA
,,19C079517,21:49:23 08/27/19,l,Auto Theft Past,3,2650 TUSCANY ST; EDWARDS,COR
,,19C079519,21:57:11 08/27/19,lf,Accident Unknwn,1,2010 PINE CREST DR,CRA
,,19C079522,22:02:58 08/27/19,l,Property Check,4,1288 BORDER AVE; STATER BROS MARKET 62,COR
,,19C079523,22:03:21 08/27/19,l,Ped Check,4,W EIGHTH ST & HARRIS ST,COR
,,19C079524,22:07:14 08/27/19,l,Alarm Call,2,1063 QUARRY ST; mudassar resd,COR
,,19C079525,22:13:13 08/27/19,l,Alarm Call,2,750 S LINCOLN AVE # 101; VERIZON STORE,COR
,,19C079526,22:19:09 08/27/19,l,Property Check,4,1155 E ONTARIO AVE; RIMPAU PARK,COR
,,19C079528,22:27:44 08/27/19,l,Traffic Stop,4,W SIXTH ST & S BUENA VISTA AVE,COR
,,19C079529,22:29:48 08/27/19,f,ZZChest Pains,1,1400 CIRCLE CITY DR; #223 bed a,COR
,,19C079530,22:30:20 08/27/19,l,Alarm Call,2,1820 RIMPAU AVE; CENTENNIAL HIGH SCHOOL,COR
,,19C079531,22:31:10 08/27/19,l,Area Check,3,408 S SHERIDAN ST,COR
,,19C079532,22:34:32 08/27/19,f,ZZChest Pains,1,1878 WILLOWBLUFF DR,COR
,,19C079536,22:52:45 08/27/19,l,Welfare Check,2,1501 W SIXTH ST; JACK IN THE BOX,COR
,,19C079538,22:58:45 08/27/19,l,Follow Up,4,100 W ONTARIO AVE; WALGREENS 07303 AT TOWN AND COUNTRY,COR
,,19C079539,23:01:55 08/27/19,l,Ill Parked Veh,4,1358 PLEASANT VIEW AVE,COR
,,19C079540,23:10:37 08/27/19,l,Missing Person,2,862 HONEY GROVE WAY; LL CONT,COR
,,19C079541,23:24:38 08/27/19,l,Silent Comm 211,1,1251 POMONA RD # 102; PETRA GEO SCIENCES,COR
,,19C079542,23:26:15 08/27/19,l,Silent Comm 211,1,3555 GRAND OAKS; CHICK FIL A,COR
,,19C079543,23:26:20 08/27/19,l,Traffic Stop,4,E SIXTH ST & PROMENADE AVE,COR
,,19C079545,23:58:33 08/27/19,l,Auto Theft Rec,4,1701 W SIXTH ST; RODEWAY INN,COR
,,19C079547,00:00:54 08/28/19,l,Alarm Call,2,235 JASON CT; ABSOLUTE GRAPHIC TECHNOLOGIES USA INC,COR
,,19C079548,00:07:45 08/28/19,l,Ped Check,4,2315 CALIFORNIA AVE; DYKSTRAS CAR WASH,COR
,,19C079549,00:19:57 08/28/19,l,Dist/Verbal,2,512 S BELLE AVE # 1,COR
,,19C079550,00:30:15 08/28/19,l,Property Check,4,130 W FOOTHILL PKWY; CHEVRON GAS,COR
,,19C079551,00:34:54 08/28/19,l,Disturb Peace,3,150 DEPOT DR,COR
,,19C079552,00:44:24 08/28/19,l,Susp Vehicle,3,2331 KELLOGG AVE,COR
,,19C079553,00:46:52 08/28/19,l,DV-Assault,1,4561 TEMESCAL CANYON RD ;#302,COR
,,19C079555,00:55:10 08/28/19,l,Vehicle Check,4,465 N MCKINLEY ST; ALL STAR CAR WASH,COR
,,19C079556,01:11:23 08/28/19,l,Traffic Stop,4,658 ROCK VISTA DR,COR
,,19C079557,01:17:06 08/28/19,l,Ped Check,4,111 N LINCOLN AVE; ARCO AM PM,COR
,,19C079558,01:20:14 08/28/19,l,Disturb Peace,3,431 N MCKINLEY ST; CIRCLE K INSDIE MOBIL GAS,COR
,,19C079560,01:21:32 08/28/19,f,ZZAllergies,1,1015 MONTECITO DR ; FRONT LOBBY,COR
,,19C079562,01:48:23 08/28/19,f,ZZBreathing,1,479 N MCKINLEY ST; WALMART,COR
,,19C079564,01:53:57 08/28/19,f,ZZCarbon Alarm,2,685 N TREEMONT PL # 202,COR
,,19C079565,02:08:18 08/28/19,l,Dist/Physical,1,111 W HARRISON ST # 401; ONE ELEVEN APARTMENTS,COR
,,19C079566,02:47:54 08/28/19,l,Alarm Call,2,501 E SIXTH ST # 101; DR ESPINOZA FAMILY DENTAL,COR
,,19C079567,03:00:03 08/28/19,l,Alarm Call,2,430 W ORANGE HEIGHTS LN ; HOLD UP,COR
,,19C079568,03:27:14 08/28/19,l,911 Hangup,2,926 W FIFTH ST,COR
,,19C079570,03:49:33 08/28/19,l,911 Hangup,2,730 VIA DE LUNA,COR
,,19C079571,04:01:02 08/28/19,l,Auto Theft Rec,4,200 N LINCOLN AVE; MOTEL 6,COR
,,19C079572,04:12:28 08/28/19,l,Under Influence,2,1735 W SIXTH ST; ARCO AM PM,COR
,,19C079573,04:26:59 08/28/19,l,Mail Theft,2,1900 NICE DR;BROOKWOOD VILLAS,COR
,,19C079574,04:30:08 08/28/19,lf,Structure Fire,1,130 N VICENTIA AVE,COR
,,19C079576,05:05:43 08/28/19,f,ZZStroke,1,305 E RANCHO RD,COR
,,19C079577,05:09:20 08/28/19,l,911 Hangup,2,1550 CIRCLE CITY DR; HOLIDAY INN EXPRESS AND SUITES COR CORONA,
,,19C079579,05:10:19 08/28/19,f,ZZSick,1,1550 CIRCLE CITY DR;#207,COR
,,19C079580,05:17:09 08/28/19,l,Alarm Call,2,1521 POMONA RD ;#B COUSTIN ART SUPPLY,COR
,,19C079581,05:28:56 08/28/19,l,Alarm Call,2,3211 S MAIN ST; CITRUS HILLS INTERMEDIATE SCHOOL,COR
YES,'Nature' garbled text (embedded symbol),19C079582,06:03:26 08/28/19,f,ZZFaint/Uncons,1,2242 ARABIAN WAY,COR
,,19C079585,06:06:14 08/28/19,l,Battery Past,3,150 DEPOT DR;LL CONT,COR
,,19C079587,06:08:06 08/28/19,l,911 Hangup,2,2033 CALIFORNIA AVE,COR
,,19C079588,06:24:30 08/28/19,l,Alarm Call,2,272 CORPORATE TERRACE CIR;BECHTEL INFASTRUCTURE,COR
,,19C079589,06:33:30 08/28/19,l,Traffic Detail,4,N LINCOLN AVE & FALLBROOK DR,COR
,,19C079590,06:44:37 08/28/19,l,Abandoned Veh,4,WOODHOLLOW CIR & MCMACKIN DR,COR
,,19C079591,06:45:49 08/28/19,l,Alarm Call,2,1453 W SIXTH ST ; #102; AUTO SPOT;GLASS BREAK,COR
,,19C079592,06:56:13 08/28/19,l,Property Check,4,1 E GRAND BLVD,COR
,,19C079593,07:01:12 08/28/19,l,Property Check,4,121 E FRANCIS ST,COR
,,19C079594,07:02:53 08/28/19,l,Accident,2,PROMENADE AVE & MAGNOLIA AVE,COR
,,19C079595,07:05:22 08/28/19,l,Traffic Stop,4,GREEN RIVER RD & CANYON CREST DR,COR
,,19C079596,07:06:03 08/28/19,l,Ill Parked Veh,4,1373 DYER WAY,COR
,,19C079597,07:08:05 08/28/19,l,Comm Policing,4,1041 FULLERTON AVE; LINCOLN ELEMENTARY,COR
,,19C079598,07:16:41 08/28/19,l,Traffic Stop,4,PLEASANT VIEW AVE & S SMITH AVE,COR
,,19C079599,07:18:40 08/28/19,f,ZZAA MedicalAid,1,9050 EVONVALE DR,TEM
,,19C079600,07:18:50 08/28/19,l,CMC Violation,4,2901 HIDDEN HILLS WAY,COR
,,19C079601,07:21:42 08/28/19,l,Property Check,4,930 E SIXTH ST; CITY PARK,COR
,,19C079602,07:23:21 08/28/19,l,Vehicle Check,4,900 MONARCH DR,COR
,,19C079604,07:26:31 08/28/19,l,Property Check,4,2585 TUSCANY ST; COST PLUS WORLD MARKET 221 AT THE COR CROSSINGS,
,,19C079605,07:28:23 08/28/19,l,Comm Policing,4,1201 LEMON ST,COR
,,19C079606,07:28:34 08/28/19,l,Traffic Detail,4,1150 PASEO GRANDE; CESAR CHAVEZ ELEMENTARY SCHOOL,COR
,,19C079607,07:28:47 08/28/19,l,Accident,2,1611 BRENTWOOD DR,COR
,,19C079608,07:28:49 08/28/19,l,H&S Violation,3,612 W GRAND BLVD,COR
,,19C079609,07:29:06 08/28/19,lf,Structure Fire,1,4180 GREEN RIVER RD; TURN KEY MARKETING,COR
,,19C079610,07:29:52 08/28/19,l,Property Check,4,930 E SIXTH ST,COR
,,19C079611,07:30:15 08/28/19,l,911 Hangup,2,3100 S MAIN ST,COR
,,19C079612,07:30:43 08/28/19,l,Traffic Detail,4,1150 W TENTH ST; CORONA HIGH SCHOOL,COR
,,19C079613,07:32:09 08/28/19,l,Traffic Detail,4,2800 RIDGELINE DR; PRADO VIEW ELEMENTARY SCHOOL,COR
,,19C079615,07:34:23 08/28/19,l,Hazard,3,N MAIN ST & E GRAND BLVD,COR
,,19C079617,07:38:35 08/28/19,l,Comm Policing,4,2601 S BUENA VISTA AVE; FOOTHILL ELEMENTARY SCHOOL,COR
,,19C079618,07:39:39 08/28/19,l,Property Check,4,1140 E ONTARIO AVE; CHEVRON STATION; Chevron,COR
,,19C079619,07:40:30 08/28/19,l,Assist Othr Dpt,3,W SIXTH ST & S SHERMAN AVE,COR
,,19C079622,07:45:01 08/28/19,lf,Accident Unknwn,1,E FOOTHILL PKWY & CROSSROADS ST,COR
,,19C079623,07:48:45 08/28/19,l,Suspicious Circ,3,VALENCIA RD & CALIFORNIA AVE,COR
,,19C079625,07:53:38 08/28/19,l,Property Check,4,RAMONA X E 6TH ST,
,,19C079626,07:54:04 08/28/19,l,Property Check,4,725 S MAIN ST; 99 CENT STORE,COR
,,19C079627,07:55:52 08/28/19,lf,Man Down,1,SUNCREST DR & GOLDENVIEW DR,COR
,,19C079628,07:59:22 08/28/19,l,Stranded Veh,3,FULLERTON AVE & MAGNOLIA AVE,COR
,,19C079632,08:06:18 08/28/19,l,Hazard,3,393 MEYER CIR,COR
,,19C079633,08:06:25 08/28/19,l,Stranded Veh,3,FULLERTON AVE & MAGNOLIA AVE,COR
,,19C079634,08:14:29 08/28/19,l,Mail Theft P,4,555 MONICA CIR; COMBUSTION ASSOCIATES INC,COR
,,19C079635,08:16:38 08/28/19,l,Comm Policing,4,1250 W PARKRIDGE AVE; VICTRESS BOWER ELEMENTARY,COR
,,19C079636,08:18:56 08/28/19,l,Mail Theft P,4,1721 COMMERCE ST;ONE STOP POOL PROS,COR
,,19C079638,08:22:11 08/28/19,l,Citizen Contact,3,1303 W SIXTH ST; DENTAL R US,COR
,,19C079640,08:29:01 08/28/19,l,911 Hangup,2,598 SANTANA WAY,COR
,,19C079643,08:45:28 08/28/19,f,ZZFall,1,505 S BUENA VISTA AVE; COUNTY COURT HOUSE,COR
,,19C079646,08:52:09 08/28/19,l,Additional Info,4,1005 QUARRY ST; CIRCLE CITY TOWING AND GARAGE INC,COR
,,19C079649,09:02:24 08/28/19,f,ZZCommrcal Alrm,1,370 N MCKINLEY ST;TEXAS ROADHOUSE,COR
,,19C079650,09:06:00 08/28/19,l,Petty Theft P,4,1002 E THIRD ST ;#B,COR
,,19C079651,09:07:28 08/28/19,l,Ill Parked Veh,4,1339 CARRIAGE LN,COR
,,19C079653,09:15:22 08/28/19,l,Property Check,4,1820 RIMPAU AVE; CENTENNIAL HIGH SCHOOL,COR
,,19C079654,09:16:21 08/28/19,l,Susp Vehicle,3,2415 TUSCANY ST,COR
,,19C079655,09:40:28 08/28/19,l,Ped Check,4,930 E SIXTH ST; CITY PARK,COR
,,19C079656,09:47:47 08/28/19,l,Flag Down,4,3485 GRAND OAKS; PETCO 1127 AT THE CROSSINGS,COR
,,19C079658,09:54:50 08/28/19,l,Susp Vehicle,3,3275 NELSON ST,COR
,,19C079660,09:57:38 08/28/19,l,Stranded Veh,3,S LINCOLN AVE & W SIXTH ST,COR
YES,'Nature' garbled text (embedded symbol),19C079661,09:58:12 08/28/19,f,ZZFaint/Uncons,1,140 W ONTARIO AVE # 101; ONTARIO RANCH,COR
,,19C079662,09:59:41 08/28/19,l,Property Check,4,730 VIA DE LUNA # 1,COR
,,19C079664,10:06:22 08/28/19,l,Comm Policing,4,750 CORONA AVE,COR
,,19C079665,10:06:23 08/28/19,l,Property Check,4,W SIXTH ST & CRAWFORD ST,COR
,,19C079666,10:09:39 08/28/19,l,Citizen Contact,3,1109 STONE PINE LN # B; LL CONT,COR
,,19C079667,10:10:39 08/28/19,l,Property Check,4,1250 SANTANA WAY,COR
,,19C079669,10:12:54 08/28/19,l,Comm Policing,4,1220 W PARKRIDGE AVE; WASHINGTON ELEMENTARY,COR
,,19C079671,10:17:38 08/28/19,l,Grand Theft P,4,3915 GREEN RIVER RD; FRONT COUNTER,COR
,,19C079672,10:17:59 08/28/19,l,Traffic Stop,4,91 WB ON RAMP & N LINCOLN AVE,COR
,,19C079673,10:18:23 08/28/19,l,Property Check,4,705 N MAIN ST,COR
,,19C079674,10:18:38 08/28/19,f,ZZSick,1,300 S BUENA VISTA AVE; ORANGE GROVE HIGH,COR
,,19C079675,10:19:53 08/28/19,l,Property Check,4,90 SUMMERWOOD CT,COR
,,19C079676,10:28:29 08/28/19,l,Vehicle Check,4,180 VANDER ST; AB SOUTHERN L L C,COR
,,19C079677,10:28:37 08/28/19,l,Alarm Call,2,885 SAVI DR # 103; BOARDWALK TOWNHOMES,COR
,,19C079678,10:29:12 08/28/19,l,Traffic Stop,4,E SEVENTH ST & E GRAND BLVD,COR
,,19C079680,10:30:26 08/28/19,l,Property Check,4,3300 PALISADES DR,COR
,,19C079681,10:30:48 08/28/19,l,Property Check,4,CHASE / FOOTHILL,COR
,,19C079684,10:40:34 08/28/19,l,Comm Policing,4,1650 GARRETSON AVE; GARRETSON ELEMENTARY SCHOOL; COR Garretson S,
,,19C079686,10:41:17 08/28/19,l,911 Hangup,2,956 MICHAELS PL,COR
,,19C079687,10:41:53 08/28/19,l,Property Check,4,784 N MAIN ST; JACK IN THE BOX,COR
,,19C079689,10:43:34 08/28/19,l,Fraud Past,4,4740 GREEN RIVER RD # 316; STATEWIDE FUNDING; LL CONT,COR
,,19C079690,10:45:34 08/28/19,l,Fraud Past,4,1493 BENTLEY DR;#102;TMI AUTOMOTIVE,COR
,,19C079691,10:47:42 08/28/19,l,Traffic Stop,4,QUARRY ST & E GRAND BLVD,COR
,,19C079692,10:48:46 08/28/19,l,Welfare Check,2,420 S LINCOLN AVE;#110,COR
,,19C079694,10:51:53 08/28/19,l,Property Check,4,N MCKINLEY ST & SAMPSON AVE,COR
,,19C079695,10:55:33 08/28/19,l,Disturb Peace,3,1290 E ONTARIO AVE; WALMART,COR
YES,'Nature' garbled text (embedded symbol),19C079696,10:55:49 08/28/19,f,ZZFaint/Uncons,1,3571 HAWTHORNE DR,COR
,,19C079697,10:55:52 08/28/19,l,Comm Policing,4,1230 S MAIN ST; CORONA FUNDAMENTAL INTERMEDIATE SCHOOL; Cor,COR
,,19C079698,10:56:46 08/28/19,l,Stranded Veh,3,N MCKINLEY ST & SAMPSON AVE,COR
,,19C079700,10:59:49 08/28/19,f,ZZ Fire Test,2,191 N MCKINLEY ST,COR
,,19C079701,11:00:30 08/28/19,l,911 Hangup,2,4190 BENNETT AVE,COR
,,19C079703,11:04:29 08/28/19,l,Embezzlemnt P,4,1 MONSTER WAY; MONSTER,COR
,,19C079704,11:06:44 08/28/19,l,Property Check,4,2570 TUSCANY ST,COR
,,19C079706,11:09:42 08/28/19,f,ZZSick,1,730 PUBLIC SAFETY WAY; CORONA POLICE,COR
,,19C079708,11:10:16 08/28/19,l,Welfare Check,2,400 S VICENTIA AVE; CITY HALL,COR
,,19C079709,11:11:01 08/28/19,l,Court Order Vio,2,722 HARRIS ST,COR
,,19C079710,11:15:21 08/28/19,l,Citizen Contact,3,1395 E FOOTHILL PKWY; SANTIAGO HIGH SCHOOL,COR
,,19C079711,11:17:04 08/28/19,l,Property Check,4,1155 E ONTARIO AVE; RIMPAU PARK,COR
,,19C079712,11:18:28 08/28/19,l,Assist Othr Dpt,3,FOOTHILL AND CHASE,
,,19C079715,11:22:37 08/28/19,f,ZZBleeding,1,2388 RAILROAD ST;PRO CIRCUIT,COR
,,19C079716,11:23:35 08/28/19,l,Susp Person,3,2125 STAGECOACH DR; STAGECOACH PARK,COR
,,19C079718,11:26:31 08/28/19,l,911 Hangup,2,1000 W RINCON ST,COR
,,19C079719,11:26:36 08/28/19,l,911 Hangup,2,1862 IMPRESIVO DR,COR
,,19C079720,11:27:12 08/28/19,l,911 Hangup,2,538 SILVERHAWK DR,COR
,,19C079721,11:30:55 08/28/19,l,Property Check,4,930 E SIXTH ST; CITY PARK,COR
,,19C079723,11:32:39 08/28/19,l,Disturb Peace,3,1897 CALIFORNIA AVE,COR
,,19C079724,11:33:23 08/28/19,l,Property Check,4,935 N MCKINLEY ST; VINEYARD CHURCH,COR
,,19C079725,11:37:55 08/28/19,l,Resid Burg Past,4,1804 FIR ST,COR
,,19C079726,11:42:46 08/28/19,l,Property Check,4,2275 SAMPSON AVE; 91 EXPRESS LANES AT LOS ARCOS,COR
,,19C079728,11:46:26 08/28/19,l,Traffic Stop,4,COTTONWOOD ST & KELLOGG AVE,COR
,,19C079729,11:47:11 08/28/19,l,Property Check,4,161 N MCKINLEY ST # 101; TACO SHOP,COR
,,19C079733,11:50:45 08/28/19,l,Susp Person,3,2125 STAGECOACH DR; STAGECOACH PARK,COR
,,19C079736,12:01:07 08/28/19,l,Missing Person,2,9037 CANYON SHADOWS PL; FRONT COUNTER,TEM
,,19C079737,12:01:46 08/28/19,f,ZZSick,1,1949 OLYMPIA FIELDS DR,COR
,,19C079738,12:03:06 08/28/19,l,Traffic Stop,4,E SIXTH ST & E GRAND BLVD,COR
,,19C079739,12:12:11 08/28/19,l,Missing Person,2,1849 HIDEAWAY PL;#201;LL CONT,COR
,,19C079741,12:21:30 08/28/19,l,Patrol Info,4,504 SAN MIGUEL DR,COR
,,19C079742,12:26:23 08/28/19,l,Susp Vehicle,3,167 N VICENTIA AVE,COR
,,19C079745,12:31:00 08/28/19,l,911 Hangup,2,2035 RIVER RD,NOR
,,19C079746,12:31:47 08/28/19,l,Fraud Past,4,4060 CROWN RANCH RD; FRONT COUNTER,COR
,,19C079747,12:31:58 08/28/19,l,Susp Person,3,W ELEVENTH ST & S VICENTIA AVE,COR
,,19C079749,12:33:00 08/28/19,l,Accident,2,PASEO GRANDE & W FOOTHILL PKWY,COR
,,19C079750,12:33:30 08/28/19,lf,Accident Inj,1,GREEN RIVER RD & PASEO GRANDE,COR
,,19C079752,12:36:08 08/28/19,l,Comm Policing,4,2601 S BUENA VISTA AVE; FOOTHILL ELEMENTARY SCHOOL,COR
,,19C079753,12:37:53 08/28/19,l,Welfare Check,2,1181 E BAYWOOD DR # 106,COR
,,19C079754,12:42:55 08/28/19,l,Patrol Info,4,1021 S SHERIDAN ST,COR
,,19C079755,12:46:32 08/28/19,l,H/R Coll Past,4,3100 S MAIN ST; MOUNTAIN GATE PARK,COR
,,19C079756,12:46:52 08/28/19,l,Citizen Contact,3,915 RIMPAU AVE # 102; LL CONT,COR
,,19C079757,12:50:32 08/28/19,l,H/R Coll Past,4,1260 E ONTARIO AVE; ALBERTSONS,COR
,,19C079758,12:53:19 08/28/19,l,Cross Report,2,839 PARK CIR ; PAPERWORK IN DISPATCH,COR
,,19C079759,13:09:35 08/28/19,l,Fraud Past,4,499 WELLINGTON CIR; FRONT COUNTER,COR
,,19C079760,13:12:03 08/28/19,l,Property Check,4,425 E RINCON ST,COR
,,19C079762,13:29:51 08/28/19,l,911 Hangup,2,881 CORSICA DR,COR
,,19C079763,13:30:03 08/28/19,l,Silent Comm 211,1,3383 tuscany st;#104;CARTER'S,
,,19C079764,13:30:27 08/28/19,l,Dist/Physical,1,FAIRMONT DR & W CITRON ST,COR
,,19C079765,13:31:43 08/28/19,f,ZZ Fire Test,2,132 BUSINESS CENTER DR;U CARE,COR
,,19C079766,13:32:12 08/28/19,i,Citizen Contact,3,2430 TUSCANY ST; BEST BUY STORES L P 847 AT THE CROSSINGS,COR
,,19C079767,13:34:43 08/28/19,l,H/R Coll Past,4,260 W FOOTHILL PKWY; ALBERTSONS,COR
,,19C079768,13:41:02 08/28/19,l,911 Hangup,2,110 E UPPER DR,COR
,,19C079769,13:42:30 08/28/19,f,ZZBreathing,1,501 QUEENSLAND CIR;OPTION CARE,COR
,,19C079770,13:45:22 08/28/19,l,Trespass,3,229 W GRAND BLVD,COR
,,19C079771,13:57:37 08/28/19,l,Loud Noise,3,2986 S BUENA VISTA AVE,COR
,,19C079772,14:02:00 08/28/19,l,Hazard,3,RIMPAU AVE & E ONTARIO AVE,COR
,,19C079773,14:03:01 08/28/19,l,911 Hangup,2,881 CORSICA DR,COR
,,19C079775,14:09:37 08/28/19,l,H&S Violation,3,1561 E ONTARIO AVE,COR
,,19C079776,14:12:11 08/28/19,l,Resid Burg I/P,2,875 RIVER RD # 206; RIVER RUN APTS,COR
,,19C079777,14:12:30 08/28/19,l,Under Influence,2,2331 KELLOGG AVE,COR
,,19C079778,14:13:49 08/28/19,l,Assist Othr Dpt,3,2610 STATE ST ; CARLSBAD PD,COR
,,19C079779,14:14:57 08/28/19,lf,Man Down,1,E ONTARIO AVE & MAGNOLIA AVE,COR
,,19C079781,14:22:08 08/28/19,f,ZZSick,1,730 MAGNOLIA AVE;#729 BED 1 CORONA REGIONAL MEDICAL CENTER,COR
,,19C079783,14:27:52 08/28/19,l,Assist Othr Dpt,3,2201 MIRA MONTE ST ; ACO,COR
,,19C079784,14:30:13 08/28/19,l,Fraud Past,4,223 E PARKRIDGE AVE;#A,COR
,,19C079785,14:32:09 08/28/19,l,Flag Down,4,725 S MAIN ST; 99 CENT STORE,COR
,,19C079786,14:42:25 08/28/19,l,Disturb Peace,3,401 S LINCOLN AVE # C; YOSHINOYA ; HOMELESS,COR
,,19C079787,14:43:52 08/28/19,l,H&S Violation,3,1150 W TENTH ST; CORONA HIGH SCHOOL,COR
,,19C079788,14:45:45 08/28/19,f,ZZElevator Res,1,737 MAGNOLIA AVE,COR
,,19C079790,14:49:36 08/28/19,l,Patrol Info,4,MAGNOLIA AVE & KELLOGG AVE,COR
,,19C079791,14:49:42 08/28/19,l,Petty Theft P,4,365 RICHEY CIR # 206,COR
,,19C079792,14:49:44 08/28/19,l,Susp Person,2,146 E SIXTH ST;KNIFE,COR
,,19C079794,14:52:47 08/28/19,l,911 Hangup,2,915 N MCKINLEY ST,COR
,,19C079795,14:54:50 08/28/19,l,911 Hangup,2,650 RICHEY ST,COR
,,19C079798,15:03:23 08/28/19,l,Citizen Contact,3,N LINCOLN AVE & RAILROAD ST;LL CONT,COR
,,19C079799,15:03:28 08/28/19,f,ZZSick,1,675 EBBCREEK ST ;#A,COR
,,19C079800,15:04:33 08/28/19,f,ZZVehicle Fire,1,210 N DELILAH ST; UNITIS,COR
,,19C079801,15:04:56 08/28/19,f,ZZVehicle Fire,1,210 N DELILAH ST; UNITIS,COR
,,19C079804,15:06:45 08/28/19,l,Dist/Verbal,2,1215 MAGNOLIA AVE; MCDONALDS,COR
,,19C079805,15:15:25 08/28/19,l,Citizen Contact,3,730 PUBLIC SAFETY WAY; CORONA POLICE;LOBBY,COR
,,19C079806,15:19:05 08/28/19,l,Citizen Contact,3,2578 DAKIN DR ; PD LOBBY,COR
,,19C079807,15:25:27 08/28/19,l,Disturb Peace,3,310 N LINCOLN AVE; MC DONALDS;HOMELESS,COR
,,19C079809,15:41:58 08/28/19,l,Accident,2,RIMPAU AVE & E FOOTHILL PKWY,COR
,,19C079811,15:43:59 08/28/19,l,Ill Parked Veh,4,1003 ELMHURST ST,COR
,,19C079812,15:44:01 08/28/19,l,Reckless Driver,3,N MAIN ST & RIVER RD,COR
,,19C079814,15:46:53 08/28/19,lf,Accident,2,W TENTH ST & S LINCOLN AVE,COR
,,19C079815,15:48:00 08/28/19,l,Ill Parked Veh,4,CRESTRIDGE DR & GREEN RIVER RD,COR
,,19C079817,15:49:11 08/28/19,l,Accident,2,N MCKINLEY ST & MAGNOLIA AVE,COR
,,19C079818,15:50:40 08/28/19,l,Disturb Peace P,4,485 RIVER RD # D;LOBBY,COR
,,19C079822,15:52:49 08/28/19,l,Traffic Stop,4,1111 W SIXTH ST; WELLS FARGO BANK,COR
,,19C079823,15:53:31 08/28/19,l,911 Hangup,2,1255 E ST,COR
,,19C079825,15:55:03 08/28/19,l,Susp Person,3,1150 W TENTH ST; CORONA HIGH SCHOOL,COR
,,19C079827,16:07:40 08/28/19,l,Follow Up,4,1375 E ONTARIO AVE; SAMS CLUB 4709 AT SOUTH POINTE PLAZA,COR
,,19C079831,16:14:25 08/28/19,l,Petty Theft,3,650 S MAIN ST; CITY LIBRARY,COR
,,19C079834,16:18:35 08/28/19,l,Traffic Stop,4,W SIXTH ST & S SMITH AVE,COR
,,19C079836,16:28:32 08/28/19,l,Citizen Contact,3,2650 OAK AVE; FRANKLIN ELEMENTARY SCHOOL;LOBBY,COR
,,19C079837,16:31:53 08/28/19,l,Disturb Peace,3,180 E THIRD ST,COR
,,19C079838,16:33:03 08/28/19,l,Solicitor,3,140 W ONTARIO AVE # 106; CHASE BANK,COR
,,19C079840,16:47:18 08/28/19,f,ZZCommrcal Alrm,1,2519 TUSCANY ST;ROSS,COR
,,19C079841,16:53:10 08/28/19,l,Traffic Stop,4,W MISSION CT & S MAIN ST,COR
,,19C079842,16:56:40 08/28/19,l,Alarm Call,2,291 BONNIE LN; #101 & 102 AMERIFLEX,COR
,,19C079844,16:58:35 08/28/19,l,Property Check,4,CANARY LN & COX WAY,COR
,,19C079846,17:02:06 08/28/19,l,Vandalism Past,4,1757 S BUENA VISTA AVE ; LL CONTACT,COR
,,19C079847,17:02:16 08/28/19,l,Area Check,3,HIDDEN VALLEY PKWY & N PARKRIDGE AVE,COR
,,19C079848,17:02:46 08/28/19,l,Resid Burg Past,4,1695 E FOOTHILL PKWY;LL CONT,COR
,,19C079849,17:05:38 08/28/19,l,Test,4,HIDDEN VALLEY PKWY & 15 NB OFF RAMP,COR
,,19C079851,17:06:49 08/28/19,l,Traffic Stop,4,E GRAND BLVD & N JOY ST,COR
,,19C079853,17:08:46 08/28/19,l,Disturb Peace,3,1290 E ONTARIO AVE; WALMART,COR
,,19C079854,17:09:19 08/28/19,l,Traffic Stop,4,S LINCOLN AVE & D ST,COR
,,19C079855,17:12:19 08/28/19,l,Accident,2,E ONTARIO AVE & RIMPAU AVE,COR
,,19C079857,17:19:05 08/28/19,lf,Cardiac Arrest,1,24455 SWIFT DEER TER,TEM
,,19C079858,17:19:42 08/28/19,l,911 Hangup,2,950 W ONTARIO AVE,COR
,,19C079862,17:29:23 08/28/19,lf,Accident Inj,1,MAGNOLIA AVE & RIMPAU AVE,COR
,,19C079863,17:30:17 08/28/19,l,Petty Theft,2,470 HIDDEN VALLEY PKWY;KOHLS,COR
,,19C079864,17:32:55 08/28/19,l,Alarm Call,2,2090 CALIFORNIA AVE; WINBO USA ; GLASS BREAK,COR
,,19C079866,17:34:24 08/28/19,l,Silent Comm 211,1,4115 CAMERON WAY;NOVA MODEL 79,COR
,,19C079867,17:39:14 08/28/19,l,911 Hangup,2,935 ASHFORD CIR,COR
,,19C079868,17:39:23 08/28/19,l,Cross Report,2,512 S BELLE AVE # 1; PAPERWORK IN DISPATCH,COR
,,19C079871,17:42:13 08/28/19,l,Under Influence,2,431 N MCKINLEY ST; CIRCLE K INSDIE MOBIL GAS,COR
,,19C079872,17:46:07 08/28/19,l,Lost Property,4,2520 TUSCANY ST;LL CONT BJ'S BREWERY,COR
,,19C079874,17:47:42 08/28/19,f,ZZFall,1,817 ATLANTIC CIR,COR
,,19C079875,17:49:43 08/28/19,l,Alarm Call,2,2385 RAILROAD ST; ANIXTER PS,COR
,,19C079876,17:51:24 08/28/19,l,Area Check,3,436 MINARET ST,COR
,,19C079877,17:54:56 08/28/19,l,Accident,2,MASTERS DR & CALIFORNIA AVE,COR
,,19C079879,18:00:23 08/28/19,lf,Man Down,1,922 S SHERIDAN ST,COR
,,19C079883,18:06:28 08/28/19,lf,Cardiac Arrest,1,598 SANTANA WAY; SANTANA PARK,COR
,,19C079885,18:08:01 08/28/19,l,911 Hangup,2,1312 E ONTARIO AVE,COR
,,19C079886,18:09:24 08/28/19,f,ZZFwy Heavy Res,1,15 SB EL CERRITO CAJALCO,COR
,,19C079887,18:14:18 08/28/19,l,Shots Heard,3,1800 EAGLE GLEN PKWY; EAGLE GLEN GOLF CLUB,COR
,,19C079889,18:28:49 08/28/19,l,Ill Parked Veh,4,1820 RIMPAU AVE; CENTENNIAL HIGH SCHOOL,COR
,,19C079890,18:33:55 08/28/19,l,Welfare Check,2,1505 CRESTA RD,COR
,,19C079891,18:37:15 08/28/19,lf,Hit and Run Inj,1,S HOWARD ST & E FIFTH ST ; VEH VS PED,COR
,,19C079892,18:40:14 08/28/19,l,Assist Othr Dpt,3,1330 MAGNOLIA AVE; ACO,COR
,,19C079893,18:42:48 08/28/19,l,Alarm Call,2,281 DUPONT ST;#101;BBQ OUTLET,COR
,,19C079894,18:49:20 08/28/19,lf,Overdose,1,915 CIRCLE CITY DR,COR
,,19C079895,18:49:36 08/28/19,l,Assault Wpn P,2,1222 SUNKIST CIR,COR
,,19C079896,18:52:22 08/28/19,l,CMC Violation,4,1340 W EIGHTH ST # 16,COR
,,19C079897,18:55:05 08/28/19,l,911 Hangup,2,881 CORSICA DR,COR
,,19C079898,19:06:10 08/28/19,lf,Accident Inj,1,MASTERS DR & CALIFORNIA AVE,COR
,,19C079901,19:08:59 08/28/19,f,ZZTrauma,1,275 TELLER ST # 100; 24 HOUR FITNESS,COR
,,19C079902,19:09:28 08/28/19,l,DV-Assault Past,3,515 W FIFTH ST;LL CONT,COR
,,19C079903,19:15:22 08/28/19,l,Patrol Info,4,995 POMONA RD # 1 ; KNOCK & TALK,COR
,,19C079904,19:18:37 08/28/19,f,ZZCommrcal Alrm,1,2519 TUSCANY ST; ROSS DRESS FOR LESS 757 AT THE CROSSINGS,COR
,,19C079905,19:28:47 08/28/19,lf,ZZPublicSrvceF,2,799 GIANNI DR # 208,COR
,,19C079907,19:45:13 08/28/19,l,911 Hangup,2,1395 E FOOTHILL PKWY,COR
,,19C079908,19:56:04 08/28/19,l,Open Door,2,2027 TURNBERRY LN,COR
,,19C079909,19:56:30 08/28/19,l,H&S Violation,3,1635 KELLOGG AVE; KELLOGG PARK,COR
,,19C079911,20:00:28 08/28/19,f,ZZSick,1,737 MAGNOLIA AVE # 228,COR
,,19C079913,20:02:59 08/28/19,l,Welfare Check,2,2332 PALISADES DR;#201,COR
,,19C079914,20:13:58 08/28/19,l,Property Check,4,930 E SIXTH ST; CITY PARK,COR
,,19C079915,20:25:20 08/28/19,l,Suspicious Circ,3,4020 STRANDBERG CIR,COR
,,19C079916,20:31:26 08/28/19,l,Flag Down,4,1735 W SIXTH ST,COR
,,19C079917,20:32:03 08/28/19,l,911 Hangup,2,3589 CORBETT ST,COR
,,19C079918,20:36:00 08/28/19,l,Hazard,3,E ONTARIO AVE & RIMPAU AVE,COR
,,19C079919,20:36:10 08/28/19,l,Welfare Check,2,1618 SUMAC PL,COR
,,19C079923,20:44:47 08/28/19,l,Susp Person,3,1550 CIRCLE CITY DR,COR
,,19C079924,20:51:39 08/28/19,lf,ZZSick,1,31 E GRAND BLVD,COR
,,19C079925,20:52:05 08/28/19,l,Property Check,4,1250 CARBIDE DR,COR
,,19C079926,20:52:50 08/28/19,l,Domestic Distur,2,2940 GLENWOOD CIR ; LL CONT,COR
,,19C079927,20:56:31 08/28/19,l,Trespass Past,4,785 VILLAGE LOOP DR; CORONA RANCH ELEMENTARY,COR
YES,'Location' garbled/scrambled text,19C079928,21:01:18 08/28/19,l,Alarm Call,2,516 MONDALE ST ;EMSE RESD,COR
,,19C079929,21:04:35 08/28/19,l,Alarm Call,2,750 S LINCOLN AVE # 101; VERIZON STORE,COR
YES,'Nature' garbled text (embedded symbol),19C079930,21:09:19 08/28/19,lf,ZZFaint/Uncons,1,319 S RAMONA AVE,COR
,,19C079931,21:17:15 08/28/19,l,Susp Person,3,2661 GREEN RIVER RD; RALPHS,COR
,,19C079932,21:21:42 08/28/19,l,Welfare Check,2,1529 PLEASANT VIEW AVE # A1; LAS CASITAS APARTMENTS,COR
,,19C079933,21:29:24 08/28/19,l,Traffic Stop,4,1100 SANTANA WAY,COR
,,19C079934,21:32:47 08/28/19,l,Patrol Info,4,W ONTARIO AVE & VIA PACIFICA,COR
,,19C079936,21:37:24 08/28/19,l,Vehicle Check,4,TABER ST & COMPTON AVE,COR
,,19C079937,21:48:21 08/28/19,l,Susp Vehicle,3,PAJERO DR & ESTRADO DR,COR
,,19C079938,21:58:16 08/28/19,l,Property Check,4,480 N MAIN ST,COR
,,19C079939,22:03:54 08/28/19,l,Hit Run No Inj,2,W FOOTHILL PKWY & S MAIN ST,COR
,,19C079942,22:05:05 08/28/19,l,Property Check,4,820 VILLAGE LOOP DR; VILLAGE PARK,COR
,,19C079943,22:05:27 08/28/19,l,Property Check,4,1150 PASEO GRANDE; CESAR CHAVEZ ELEMENTARY SCHOOL,COR
,,19C079945,22:44:19 08/28/19,f,ZZCommrcal Alrm,1,1550 MAGNOLIA AVE; #15,COR
,,19C079946,22:44:38 08/28/19,l,911 Hangup,2,1394 VIA SANTIAGO,COR
,,19C079947,22:47:17 08/28/19,l,911 Hangup,2,210 S LINCOLN AVE,COR
,,19C079948,22:47:23 08/28/19,l,911 Hangup,2,1194 MILLER CIR,COR
,,19C079949,22:50:53 08/28/19,l,911 Hangup,2,210 S LINCOLN AVE,COR
,,19C079950,22:54:50 08/28/19,l,Patrol Info,4,956 AVENIDA DEL VISTA ; EXTRA PATROL,COR
,,19C079953,23:09:51 08/28/19,l,Follow Up,4,3777 BEDFORD CANYON RD; TPSF,COR
,,19C079955,23:17:53 08/28/19,l,Susp Vehicle,3,3275 NELSON ST,COR
,,19C079956,23:23:01 08/28/19,f,ZZChest Pains,1,20 E GRAND BLVD,COR
,,19C079957,23:34:26 08/28/19,l,Property Check,4,480 N MAIN ST; STARBUCKS,COR
,,19C079958,23:42:18 08/28/19,l,911 Hangup,2,881 CORSICA DR,COR
,,19C079959,23:45:54 08/28/19,l,Domestic Distur,2,200 N LINCOLN AVE ;#126,COR
,,19C079960,23:56:45 08/28/19,l,Traffic Stop,4,1100 CIRCLE CITY DR,COR
,,19C079963,00:09:28 08/29/19,l,Alarm Call,2,330 W FOOTHILL PKWY # 101; WELLS FARGO BANK,COR
,,19C079964,00:15:19 08/29/19,f,ZZMedical Alert,1,1275 W EIGHTH ST # 308; WILLIAM C ARTHUR TERRACE,COR
,,19C079965,00:19:32 08/29/19,l,Welfare Check,2,964 WINSTON CIR,COR
,,19C079966,00:21:51 08/29/19,l,Traffic Stop,4,1550 CIRCLE CITY DR; HOLIDAY INN EXPRESS AND SUITES COR CORONA,
,,19C079967,00:22:25 08/29/19,l,Property Check,4,3359 GRAND OAKS # 105; CRAZY 8,COR
,,19C079968,00:31:36 08/29/19,l,Traffic Stop,4,FULLERTON AVE & SYCAMORE ST,COR
,,19C079969,00:31:56 08/29/19,l,Area Check,3,1166 MILLBROOK RD,COR
,,19C079970,00:36:04 08/29/19,l,Alarm Call,2,3030 GERANIUM WAY,COR
,,19C079972,00:52:31 08/29/19,lf,ZZSick,1,1701 W SIXTH ST ; #214 RODEWAY INN,COR
,,19C079973,00:56:34 08/29/19,l,Susp Person,3,E ONTARIO AVE & CALIFORNIA AVE,COR
,,19C079974,01:03:24 08/29/19,l,Ped Check,4,BORDER AVE & VIA SANTIAGO,COR
,,19C079975,01:06:34 08/29/19,l,Property Check,4,705 N MAIN ST # 110; CHUZE FITNESS,COR
,,19C079976,01:19:33 08/29/19,l,Assist Othr Dpt,3,2224 ASCOT ST ; RSO,COR
,,19C079977,01:23:03 08/29/19,l,Grand Theft,2,479 N MCKINLEY ST; WALMART,COR
,,19C079979,01:51:32 08/29/19,f,ZZFwy Acc w/ inj,1,15 NB TEMESCAL CANYON DOS LAGOSWEIRICK,TEM
,,19C079980,01:58:49 08/29/19,l,Property Check,4,470 N MCKINLEY ST; UFC GYM AT CORONA HILLS PLAZA,COR
,,19C079981,02:07:52 08/29/19,l,Suspicious Circ,3,722 HARRIS ST,COR
,,19C079982,02:33:32 08/29/19,l,Alarm Call,2,583 N SMITH AVE ; BEST HDDS,COR
,,19C079983,02:35:25 08/29/19,l,Trespass,3,3190 PUESTA DEL SOL CT,COR
,,19C079984,02:39:17 08/29/19,l,Welfare Check,2,1027 VISTA DEL CERRO DR # 201,COR
,,19C079985,02:55:24 08/29/19,l,Property Check,4,275 TELLER ST # 100; 24 HOUR FITNESS,COR
,,19C079988,03:37:17 08/29/19,l,Fraud,2,165 N MCKINLEY ST; DENNYS RESTAURANT 6590 AT LOS ARCOS,COR
,,19C079989,03:45:49 08/29/19,l,Area Check,3,708 VIEWPOINTE LN,COR
,,19C079990,03:54:30 08/29/19,l,Area Check,3,956 CEDAR ST,COR
,,19C079991,04:30:02 08/29/19,l,Property Check,4,185 MAGNOLIA AVE; LEE POLLARD HIGH SCHOOL,COR
,,19C079992,04:54:37 08/29/19,l,Suspicious Circ,3,312 E NINTH ST; VICTORIA PARK,COR
,,19C079993,04:55:05 08/29/19,f,ZZSick,1,111 W HARRISON ST # 238; ONE ELEVEN APARTMENTS,COR
,,19C079994,05:28:33 08/29/19,l,Alarm Call,2,2390 RAILROAD ST; AMERIFLEX INC,COR
,,19C079995,05:47:31 08/29/19,l,Susp Vehicle,3,2898 ECHO SPRINGS DR,COR
,,19C079996,05:50:05 08/29/19,l,Property Check,4,730 PUBLIC SAFETY WAY; CORONA POLICE,COR
,,19C079997,05:50:29 08/29/19,l,Area Check,3,1457 CHALGROVE DR,COR
,,19C079998,05:52:42 08/29/19,f,ZZChest Pains,1,938 COTTONWOOD CT,COR
,,19C080000,06:54:37 08/29/19,l,Alarm Call,2,957 SAVI DR # 104,COR
,,19C080001,06:56:09 08/29/19,l,Comm Policing,4,785 VILLAGE LOOP DR; CORONA RANCH ELEMENTARY,COR
,,19C080002,06:57:23 08/29/19,l,Property Check,4,112 E FRANCIS ST,COR
,,19C080004,07:00:14 08/29/19,l,Property Check,4,2355 COMPTON AVE; LA FITNESS,COR
,,19C080005,07:01:11 08/29/19,l,Accident,2,AUTO CENTER DR & WARDLOW RD,COR
,,19C080006,07:01:57 08/29/19,f,ZZFwy Acc w/ inj,1,91 WB MCKINLEY MAIN,COR
,,19C080007,07:02:27 08/29/19,f,ZZPublicSrvceF,2,1020 VISTA DEL CERRO DR # 102;TRIANNA,COR
,,19C080011,07:07:20 08/29/19,l,Property Check,4,1245 GARRETSON AVE,COR
,,19C080012,07:07:34 08/29/19,l,911 Hangup,2,958 BROOKWOOD DR,COR
,,19C080013,07:08:14 08/29/19,l,Patrol Info,4,1350 VALENCIA RD; ORANGE ELEMENTARY,COR
,,19C080014,07:10:13 08/29/19,l,Property Check,4,611 E GRAND BLVD; CTOWN FARMERS MARKET,COR
,,19C080017,07:17:21 08/29/19,l,Property Check,4,BRENTWOOD PARK,COR
,,19C080018,07:21:11 08/29/19,l,Property Check,4,2275 SAMPSON AVE; 91 EXPRESS LANES AT LOS ARCOS,COR
,,19C080019,07:27:53 08/29/19,l,Ped Check,4,760 N MAIN ST; SMART AND FINAL,COR
,,19C080020,07:28:36 08/29/19,l,Disturb Peace P,4,1997 EUREKA ST; LL CONT,COR
,,19C080021,07:36:24 08/29/19,l,Property Check,4,1150 PASEO GRANDE; CESAR CHAVEZ ELEMENTARY SCHOOL,COR
,,19C080023,07:46:10 08/29/19,l,Flag Down,4,1150 W TENTH ST; CORONA HIGH SCHOOL,COR
,,19C080024,07:47:11 08/29/19,,,,549 COUVURES,
,,19C080025,07:51:02 08/29/19,l,Flag Down,4,N TEMESCAL ST & VERDUGO DR,COR
,,19C080027,07:56:02 08/29/19,f,ZZFwy Acc w/ inj,1,91 WB MAGNOLIA PIERCE RS,RIV
,,19C080028,07:59:32 08/29/19,l,Alarm Call,2,2857 WYCLIFFE ST,COR
,,19C080029,08:00:10 08/29/19,l,911 Hangup,2,406 S LINCOLN AVE,COR
,,19C080030,08:01:27 08/29/19,f,ZZCommrcal Alrm,1,1331 RIVER RD,COR
,,19C080032,08:04:31 08/29/19,l,Property Check,4,191 N MCKINLEY ST; CHUCK E CHEESE,COR
,,19C080033,08:05:22 08/29/19,l,Property Check,4,1800 EAGLE GLEN PKWY; EAGLE GLEN GOLF CLUB,COR
,,19C080036,08:06:28 08/29/19,l,Comm Policing,4,700 N TEMESCAL ST,COR
,,19C080038,08:10:00 08/29/19,l,Property Check,4,2266 GRIFFIN WAY; MONTESSORI SCHOOL,COR
,,19C080039,08:10:16 08/29/19,l,Fraud Past,4,4740 GREEN RIVER RD # 316; STATEWIDE FUNDING; LL CONT,COR
,,19C080040,08:15:48 08/29/19,l,Patrol Info,4,HIDDEN VALLEY PKWY & VILLAGE LOOP DR,COR
,,19C080041,08:17:59 08/29/19,l,Property Check,4,471 N MCKINLEY ST; BANK OF AMERICA STAND ALONE ATM,COR
,,19C080042,08:18:19 08/29/19,f,ZZSick,1,2601 GROVE AVE,COR
,,19C080043,08:20:04 08/29/19,l,Alarm Call,2,1297 E ONTARIO AVE; RUBIOS ; GLASS BREAK,COR
,,19C080046,08:22:36 08/29/19,l,Property Check,4,597 RICHEY ST,COR
,,19C080047,08:22:37 08/29/19,f,ZZBreathing,1,1400 CIRCLE CITY DR; #223,COR
,,19C080048,08:23:39 08/29/19,f,ZZCommrcal Alrm,1,1820 RIMPAU AVE; CENTENNIAL HIGH SCHOOL,COR
,,19C080049,08:23:49 08/29/19,l,Found Child,2,3785 RAFFERTY CIR,COR
,,19C080052,08:30:07 08/29/19,l,Alarm Call,2,4321 JUNCTION ST # 101,COR
,,19C080053,08:37:43 08/29/19,l,Disturb Peace,3,4507 CABOT RD; DOS LAGOS GOLF COURSE,COR
,,19C080055,08:40:20 08/29/19,l,Assist Othr Dpt,3,2610 STATE ST,COR
,,19C080056,08:47:16 08/29/19,l,911 Hangup,2,1042 CRANBERRY LN,COR
,,19C080058,08:50:16 08/29/19,lf,Overdose,1,930 E SIXTH ST; CITY PARK,COR
,,19C080059,08:53:13 08/29/19,f,ZZSick,1,2601 GROVE AVE,COR
,,19C080060,08:53:33 08/29/19,f,ZZCommrcal Alrm,1,2370 ANSELMO DR;CORONA SUMMIT SURGICAL,COR
,,19C080064,09:03:03 08/29/19,l,Ped Check,4,930 E SIXTH ST; CITY PARK,COR
,,19C080068,09:07:13 08/29/19,l,Patrol Info,4,400 S RAMONA AVE # 105; FARMERS INS,COR
,,19C080071,09:13:04 08/29/19,l,911 Hangup,2,219 N LINCOLN AVE,COR
,,19C080075,09:14:07 08/29/19,l,Additional Info,4,2651 MISTY MOUNTAIN DR,COR
,,19C080076,09:15:12 08/29/19,l,Auto Theft Past,3,1541 W SIXTH ST; GOLDEN AUTO GROUP INC,COR
,,19C080078,09:15:42 08/29/19,l,Silent Comm 211,1,800 MAGNOLIA AVE; CLINE CHIROPRACTIC,COR
,,19C080081,09:31:06 08/29/19,l,Disturb Peace,3,710 E PARKRIDGE AVE # 100; WOODS COMMERCIAL; REF TO LEAVE,COR
,,19C080082,09:35:01 08/29/19,l,Disturb Peace,3,1171 BAYWOOD DR; HENSLEY APARTMENTS ; POOL AREA,COR
,,19C080083,09:36:40 08/29/19,l,Dist/Verbal,2,702 BRIANNA WAY,COR
,,19C080084,09:38:03 08/29/19,l,Veh Burg Past,4,2683 WARDLOW RD; PRESTIGE AUTOS AT CORONA AUTO CENTER,COR
,,19C080085,09:39:16 08/29/19,l,Silent Comm 211,1,425 E SIXTH ST # 102; AAA ANIMAL HOSPITAL; CORONA BATTERY,COR
,,19C080086,09:42:02 08/29/19,l,911 Hangup,2,1150 W TENTH ST,COR
,,19C080087,09:42:47 08/29/19,l,911 Hangup,2,938 W NINTH ST,COR
,,19C080088,09:44:36 08/29/19,l,DV-Assault,1,200 N LINCOLN AVE; MOTEL 6,COR
,,19C080090,09:45:10 08/29/19,l,Auto Theft Rec,4,938 W NINTH ST,COR
,,19C080093,09:48:07 08/29/19,l,Ill Parked Veh,4,908 HALEY TALBERT DR,COR
,,19C080095,09:50:34 08/29/19,f,ZZSick,1,620 E GRAND BLVD; ACE CASH EXPRESS,COR
,,19C080096,09:56:40 08/29/19,l,Disturb Peace,3,400 S VICENTIA AVE; CITY HALL ;REF TO LEAVE,COR
,,19C080097,09:56:55 08/29/19,f,ZZFall,1,301 S LINCOLN AVE,COR
,,19C080099,10:00:51 08/29/19,l,Flag Down,4,700 E HARRISON ST,COR
,,19C080102,10:05:46 08/29/19,f,ZZFwy Sick,1,91 EB MAIN MCKINLEY,COR
,,19C080103,10:08:29 08/29/19,l,Disturb Peace,3,1820 RIMPAU AVE; CENTENNIAL HIGH SCHOOL,COR
,,19C080105,10:17:05 08/29/19,lf,H&S Violation,3,2290 GRIFFIN WAY,COR
,,19C080107,10:19:46 08/29/19,l,Disturb Peace,3,2365 PROMENADE AVE; HILLS OF CORONA,COR
,,19C080108,10:25:53 08/29/19,l,Property Check,4,1353 W ONTARIO AVE; ONTARIO PARK,COR
,,19C080109,10:26:02 08/29/19,l,Public Service,3,2235 TREEHOUSE LN; MARQUESSA APARTMENT,COR
,,19C080111,10:33:47 08/29/19,l,Disturb Peace,3,1160 CALIFORNIA AVE,COR
,,19C080112,10:35:51 08/29/19,l,Property Check,4,730 S SMITH AVE,COR
,,19C080113,10:41:18 08/29/19,l,Disturb Peace,3,1340 EL SOBRANTE RD; CASTANEADAS,COR
,,19C080115,10:47:18 08/29/19,l,Fraud Past,4,2895 BRIARHAVEN LN ; FRONT COUNTER,COR
,,19C080116,10:48:52 08/29/19,f,ZZFall,1,2300 S MAIN ST ; #215,COR
,,19C080117,10:53:07 08/29/19,l,Area Check,3,930 E SIXTH ST; CITY PARK; MAIL THEFT,COR
,,19C080119,10:59:39 08/29/19,l,Ill Parked Veh,4,ENCINO PL & VIA SANTIAGO,COR
,,19C080121,11:03:53 08/29/19,lf,Accident Inj P,3,701 W SIXTH ST,COR
,,19C080122,11:06:45 08/29/19,l,911 Hangup,2,RIMPAU AVE & E ONTARIO AVE,COR
,,19C080123,11:07:06 08/29/19,l,911 Hangup,2,310 N LINCOLN AVE,COR
,,19C080124,11:09:03 08/29/19,f,ZZSick,1,1720 SAN ALVARADO CIR,COR
,,19C080125,11:16:02 08/29/19,l,Citizen Contact,3,1230 S MAIN ST; ONLINE REPORT,COR
,,19C080126,11:19:38 08/29/19,f,ZZSick,1,3152 RANIER ST,COR
,,19C080127,11:20:37 08/29/19,l,Disturb Peace,3,1220 W PARKRIDGE AVE; WASHINGTON ELEMENTARY,COR
,,19C080128,11:21:46 08/29/19,f,ZZResdntal Alr,1,2641 MISTY MOUNTAIN DR,COR
,,19C080129,11:24:11 08/29/19,l,Ill Parked Veh,4,CAPISTRANO ST & SANTA INEZ ST,COR
,,19C080131,11:25:59 08/29/19,l,Ill Parked Veh,4,2030 KELLOGG AVE,COR
,,19C080134,11:32:16 08/29/19,l,911 Hangup,2,1150 W TENTH ST ;PHASE 1 OPEN LINE,COR
,,19C080136,11:40:28 08/29/19,l,911 Hangup,2,1810 COMPTON AVE,COR
,,19C080141,11:44:59 08/29/19,l,911 Hangup,2,2045 LAS COLINAS CIR # 301; YEOZ,COR
,,19C080143,11:46:46 08/29/19,l,Patrol Info,4,1320 TAYLOR AVE; VACANT,COR
,,19C080144,11:47:48 08/29/19,f,ZZSick,1,2455 ANSELMO DR ;MONSTER ENERGY,COR
,,19C080145,11:54:29 08/29/19,l,Susp Person,3,OAKRIDGE DR & SANTA ELENA CIR,COR
,,19C080147,12:10:02 08/29/19,l,Citizen Contact,3,1395 E FOOTHILL PKWY; SANTIAGO HIGH SCHOOL,COR
,,19C080148,12:14:50 08/29/19,lf,Overdose,1,3570 SANTA ROSA CIR,COR
,,19C080149,12:15:10 08/29/19,f,ZZFall,1,1018 ROLLING HILLS DR,COR
,,19C080150,12:18:18 08/29/19,l,Reckless Driver,3,CORYDON ST & RIVER RD,COR
,,19C080151,12:22:46 08/29/19,f,ZZSick,1,2715 LAKESHORE DR,COR
,,19C080153,12:36:06 08/29/19,l,Follow Up,4,1199 MAGNOLIA AVE; CARLS JR,COR
,,19C080155,12:42:42 08/29/19,f,ZZBreathing,1,2956 BREEZY MEADOW CIR,COR
,,19C080156,12:45:40 08/29/19,l,Forgery Past,4,1581 COMMERCE ST; DANSEREAU HEALTH PRODUCTS INC,COR
,,19C080159,13:00:53 08/29/19,f,ZZMedical Alert,1,1093 SUNBEAM LN,COR
,,19C080160,13:04:12 08/29/19,l,Property Check,4,100 E ONTARIO AVE,COR
,,19C080161,13:08:20 08/29/19,l,Hazard,3,TAYLOR AVE & W HACIENDA DR,COR
,,19C080163,13:11:33 08/29/19,l,911 Hangup,2,912 BURR ST,COR
,,19C080164,13:12:30 08/29/19,l,Public Service,3,4593 TEMESCAL CANYON RD,COR
,,19C080167,13:20:06 08/29/19,l,Cite Sign Off,4,730 PUBLIC SAFETY WAY; FRONT COUNTER,COR
,,19C080168,13:29:38 08/29/19,f,ZZSick,1,2210 MIRA MONTE ST,COR
,,19C080169,13:33:04 08/29/19,l,Public Service,3,4593 TEMESCAL CANYON RD,COR
,,19C080170,13:34:41 08/29/19,l,911 Hangup,2,2486 CALIFORNIA AVE,COR
,,19C080171,13:47:43 08/29/19,l,911 Hangup,2,4482 FLOYD DR,COR
,,19C080172,13:49:29 08/29/19,l,Ill Parked Veh,4,TAYLOR AVE & W HACIENDA DR,COR
,,19C080174,13:52:07 08/29/19,l,Trespass,3,1171 BAYWOOD DR; HENSLEY APARTMENTS; POOL AREA,COR
,,19C080175,13:53:34 08/29/19,l,Grand Theft P,4,980 MONTECITO DR,COR
,,19C080180,13:55:17 08/29/19,l,911 Hangup,2,290 N SMITH AVE,COR
,,19C080182,13:56:40 08/29/19,,,,1670 VIA PACIFICA # H209,COR
,,19C080184,13:57:24 08/29/19,f,ZZStroke,1,3775 NELSON ST,COR
,,19C080188,14:54:33 08/29/19,l,DV-Assault,1,1026 MCCALL DR,COR
,,19C080185,15:06:31 08/29/19,l,Traffic Stop,4,N LINCOLN AVE & RIVER RD,COR
,,19C080186,15:07:03 08/29/19,l,Comm Burg Past,4,1351 POMONA RD ;#1119; PUBLIC STORAGE; LL CONT,COR
,,19C080187,15:07:22 08/29/19,l,Suspicious Circ,3,712 W GRAND BLVD ; BACK HOUSE,COR
,,19C080189,15:07:37 08/29/19,l,Patrol Info,4,1200 MAGNOLIA AVE,COR
,,19C080190,15:08:10 08/29/19,l,Fraud Past,4,3348 HEATHERBROOK CIR; FRONT COUNTER,COR
,,19C080191,15:09:12 08/29/19,l,Disturb Peace,3,1146 W SIXTH ST; BURGER KING 21594 AT PLAZA ON SIXTH STREET,COR
,,19C080192,15:09:14 08/29/19,lf,Down Power Line,1,1041 FULLERTON AVE; LINCOLN ELEMENTARY,COR
,,19C080193,15:10:12 08/29/19,l,Ill Parked Veh,4,2172 SADDLEBACK DR,COR
,,19C080194,15:10:24 08/29/19,l,H&S Violation,3,260 W FOOTHILL PKWY ; ALBERTSONS,COR
,,19C080195,15:11:30 08/29/19,l,Follow Up,4,207 E KENDALL ST,COR
,,19C080196,15:13:26 08/29/19,l,Welfare Check,2,1670 VIA PACIFICA # H209,COR
,,19C080197,15:14:46 08/29/19,f,ZZChest Pains,1,2300 S MAIN ST # 283; VALENCIA TERRACE,COR
,,19C080199,15:15:32 08/29/19,l,Disturb Peace,3,1030 W SEVENTH ST,COR
,,19C080200,15:17:18 08/29/19,l,Property Check,4,450 E RINCON ST,COR
,,19C080203,15:20:08 08/29/19,l,Accident,2,N MCKINLEY ST & 91 WB ON RAMP,COR
,,19C080205,15:21:17 08/29/19,l,Vehicle Check,4,E GRAND BLVD & KRESS CT,COR
,,19C080206,15:23:59 08/29/19,l,Trespass,3,1340 EL SOBRANTE RD; CASTANEADAS,COR
,,19C080207,15:26:21 08/29/19,l,Special Detail,4,730 PUBLIC SAFETY WAY; CORONA POLICE,COR
YES,'Nature' garbled text (embedded symbol),19C080208,15:26:59 08/29/19,f,ZZFaint/Uncons,1,3579 GRAND OAKS; CHILIS GRILL AND BAR AT THE CROSSINGS,COR
,,19C080209,15:27:07 08/29/19,l,911 Hangup,2,251 N LINCOLN AVE,COR
,,19C080210,15:28:51 08/29/19,l,Area Check,3,1866 CINDY CIR,COR
,,19C080211,15:30:24 08/29/19,f,ZZFwy Acc w/ inj,1,15 NB DOS LAGOS CAJALCO,COR
,,19C080214,15:32:49 08/29/19,l,911 Hangup,2,1150 W TENTH ST; CORONA HIGH SCHOOL,COR
,,19C080215,15:33:13 08/29/19,l,911 Hangup,2,1255 HAMNER AVE,NOR
,,19C080218,15:35:47 08/29/19,l,911 Hangup,2,1550 RIMPAU AVE # 163,COR
,,19C080220,15:40:33 08/29/19,f,ZZCarbon Alarm,2,2504 FAIRGLEN PL,COR
,,19C080221,15:40:39 08/29/19,l,Compliance Ck,4,1044 W PARKRIDGE AVE,NOR
,,19C080223,15:44:24 08/29/19,l,Traffic Stop,4,S SHERMAN AVE & W EIGHTH ST,COR
,,19C080224,15:45:04 08/29/19,l,911 Hangup,2,400 S VICENTIA AVE,COR
,,19C080225,15:47:10 08/29/19,l,Traffic Stop,4,615 RICHEY ST; PROMENADE PARK,COR
,,19C080226,15:47:33 08/29/19,l,911 Hangup,2,2790 VIA CORAZON DR,COR
,,19C080228,15:58:45 08/29/19,l,Ped Check,4,200 N LINCOLN AVE; MOTEL 6,COR
,,19C080229,15:59:19 08/29/19,l,Assist Othr Dpt,3,2056 GLENHAVEN DR;FULLERTON PD,COR
,,19C080230,16:00:45 08/29/19,l,Citizen Contact,3,430 N MCKINLEY ST; FRONT COUNTER,COR
,,19C080233,16:13:00 08/29/19,l,Area Check,2,130 W FOOTHILL PKWY; CHEVRON GAS ;POSS 23152,COR
,,19C080236,16:29:04 08/29/19,l,Fraud Past,4,1493 BENTLEY DR; FRONT COUNTER,COR
,,19C080237,16:29:22 08/29/19,l,911 Hangup,2,971 HOMESTEAD RD,COR
,,19C080239,16:31:54 08/29/19,l,Patrol Info,4,EL CERRITO RD & 15 SB ON RAMP,COR
,,19C080243,16:38:53 08/29/19,f,ZZFall,1,1325 W EIGHTH ST; EMERITUS PARK,COR
,,19C080244,16:40:16 08/29/19,l,Flag Down,4,3848 N MCKINLEY ST,HGS
,,19C080246,16:42:53 08/29/19,l,Accident,2,S BUENA VISTA AVE & W SIXTH ST; 87 137 N BV # C,COR
,,19C080247,16:44:19 08/29/19,l,Traffic Stop,4,SAPPHIRE LN & VIA SANTIAGO,COR
,,19C080248,16:50:05 08/29/19,l,911 Hangup,2,1200 S MERRILL ST,COR
,,19C080249,16:50:37 08/29/19,l,Traffic Stop,4,2035 GLENHAVEN DR,COR
,,19C080250,16:55:36 08/29/19,l,Traffic Stop,4,EL SOBRANTE RD & E SIXTH ST,COR
,,19C080251,16:55:45 08/29/19,lf,Man Down,1,1106 W SIXTH ST ; #A kEN'S LIQUOR,COR
,,19C080252,16:58:05 08/29/19,f,ZZFall,1,1589 MARIPOSA DR,COR
,,19C080253,16:58:28 08/29/19,l,911 Hangup,2,2167 SAMPSON AVE,
,,19C080255,17:04:16 08/29/19,l,Ill Parked Veh,4,1921 STONEWOOD CIR,COR
,,19C080256,17:10:37 08/29/19,l,911 Hangup,2,360 W FOOTHILL PKWY,COR
,,19C080258,17:14:13 08/29/19,l,Traffic Stop,4,111 N LINCOLN AVE; ARCO AM PM,COR
,,19C080260,17:18:24 08/29/19,l,911 Hangup,2,1146 W SIXTH ST,COR
,,19C080261,17:21:05 08/29/19,l,Resid Burg Past,4,331 W RINCON ST;#112;ARTISAN APTS,COR
,,19C080264,17:25:03 08/29/19,l,Disturb Peace,3,480 N MAIN ST,COR
,,19C080265,17:26:42 08/29/19,l,Patrol Info,4,FULLERTON AVE & COTTONWOOD CT,COR
,,19C080266,17:27:36 08/29/19,l,Compliance Ck,4,1022 W FIFTH ST,COR
,,19C080268,17:42:52 08/29/19,l,Disturb Peace,3,1299 E ONTARIO AVE; CVS PHARMACY 9190 AT CORONA ORCHARD,COR
,,19C080269,17:43:42 08/29/19,l,Follow Up,4,2615 TUSCANY ST; TARGET STORES T1548 AT THE CROSSINGS,COR
,,19C080271,17:49:19 08/29/19,l,Traffic Stop,4,310 N LINCOLN AVE; MC DONALDS,COR
,,19C080275,18:09:06 08/29/19,l,Vandalism,3,507 S SHERIDAN ST,COR
,,19C080277,18:11:15 08/29/19,l,911 Hangup,2,3950 S MAIN ST;ABAND PHS1,COR
,,19C080278,18:11:36 08/29/19,l,Alarm Call,2,2105 EUREKA ST,COR
,,19C080281,18:24:08 08/29/19,l,911 Hangup,2,598 SANTANA WAY; SANTANA PARK,COR
,,19C080282,18:24:44 08/29/19,l,911 Hangup,2,2520 KELLOGG AVE,COR
,,19C080283,18:24:54 08/29/19,l,Assist Othr Dpt,3,1044 W PARKRIDGE AVE;RSO,NOR
,,19C080288,18:38:32 08/29/19,l,911 Hangup,2,615 RICHEY ST,COR
,,19C080291,18:43:07 08/29/19,l,911 Hangup,2,417 S SHERMAN AVE,COR
,,19C080292,18:45:26 08/29/19,l,Property Check,4,803 SERRANO DR,COR
,,19C080293,18:45:55 08/29/19,lf,Accident Inj,1,MAGNOLIA AVE & E SIXTH ST,COR
,,19C080294,18:47:27 08/29/19,l,Alarm Call,2,1311 CORNERSTONE WAY;PANIC,COR
,,19C080295,18:48:37 08/29/19,l,Disturb Peace,3,1181 CHESTNUT LN ; WATERSTONE APTS; UNK 415,COR
,,19C080296,18:54:38 08/29/19,l,Assist Othr Dpt,3,712 S HOWARD ST # 6;CPS,COR
,,19C080297,19:02:34 08/29/19,l,911 Hangup,2,1150 W TENTH ST; PHS1,COR
,,19C080298,19:03:27 08/29/19,l,Resid Burg Past,4,770 AVENIDA DEL VISTA # D;NOT CHECKED,COR
,,19C080299,19:03:57 08/29/19,l,Petty Theft,3,2193 SAMPSON AVE; TACO BELL,COR
,,19C080300,19:04:40 08/29/19,l,911 Hangup,2,881 CORSICA DR,COR
,,19C080302,19:11:49 08/29/19,l,Traffic Stop,4,W SIXTH ST & S SMITH AVE,COR
,,19C080303,19:13:04 08/29/19,l,Z-Animal Svcs,4,3925 HOLLY SPRINGS DR,COR
,,19C080305,19:16:35 08/29/19,l,Patrol Info,4,15 WEIRICK RD,TEM
,,19C080306,19:20:14 08/29/19,l,Shoplifting,3,1355 E ONTARIO AVE;HOMEDEPOT,COR
,,19C080310,19:30:29 08/29/19,l,Traffic Stop,4,RIVER RD & COUNTRY CLUB LN,COR
,,19C080311,19:33:29 08/29/19,l,Keep The Peace,3,800 HOMESTEAD RD,COR
,,19C080312,19:34:03 08/29/19,i,911 Hangup,2,1114 W ONTARIO AVE,COR
,,19C080313,19:35:34 08/29/19,l,911 Hangup,2,2916 BRUNSWICK CIR,COR
,,19C080314,19:47:47 08/29/19,l,Alarm Call,2,1342 CARRIAGE LN,COR
,,19C080316,19:49:16 08/29/19,l,Welfare Check,2,708 W CITRON ST,COR
,,19C080317,19:49:32 08/29/19,l,Vehicle Check,4,1292 BORDER AVE; CRUNCH FITNESS AT VILLAGE GROVE PLAZA,COR
,,19C080319,19:52:36 08/29/19,l,Area Check,3,E ONTARIO AVE & RIMPAU AVE,COR
,,19C080320,19:54:33 08/29/19,l,Grand Theft P,4,698 STONEYBROOK DR; #94,COR
,,19C080321,19:55:38 08/29/19,l,Suspicious Circ,3,312 E NINTH ST; VICTORIA PARK,COR
,,19C080323,20:03:21 08/29/19,l,Disturb Peace,3,1290 E ONTARIO AVE; WALMART'POSS 5150,COR
,,19C080324,20:04:31 08/29/19,f,ZZChest Pains,1,1061 YARDLEY WAY,COR
,,19C080325,20:11:16 08/29/19,l,Area Check,3,S BUENA VISTA AVE & W SECOND ST ;POSS 11550,COR
,,19C080326,20:17:24 08/29/19,lf,Choking,1,929 PALERMO LN,COR
,,19C080328,20:27:25 08/29/19,f,ZZFall,1,450 WELLESLEY DR; PROMENADE TERRACE; POOL AREA,COR
,,19C080329,20:28:04 08/29/19,l,Loud Noise,3,1009 E GRAND BLVD ;CONSTRUCTION NOISE,COR
,,19C080330,20:28:32 08/29/19,l,Ped Check,4,N MERRILL ST & BOLLERO RD,COR
,,19C080332,20:33:20 08/29/19,l,911 Hangup,2,1165 SILVERCREEK RD;VOIP,COR
,,19C080334,20:41:27 08/29/19,lf,DV-Assault,1,2993 BAVARIA DR,COR
,,19C080336,20:44:14 08/29/19,l,Patrol Info,4,RIVER RD & CORYDON ST,COR
,,19C080337,20:48:18 08/29/19,l,Area Check,3,S SHERMAN AVE & W NINTH ST ;GRAFFITI,COR
,,19C080338,20:54:53 08/29/19,l,911 Hangup,2,110 W UPPER DR;ABAND PHS1,COR
,,19C080339,20:56:58 08/29/19,l,Veh Burg I/P,2,FOOTHILL AND SKYLINE,
,,19C080341,20:59:43 08/29/19,l,911 Hangup,2,1014 FULLERTON AVE;ABAND PHS2,COR
,,19C080343,21:02:50 08/29/19,l,Lost Property,4,330 N MCKINLEY ST;LL CONT,COR
,,19C080344,21:05:07 08/29/19,l,Dist/Physical,1,2296 GRIFFIN WAY; JACK IN THE BOX,COR
,,19C080345,21:07:00 08/29/19,l,Indecent Expose,2,GREEN RIVER RD & DOMINGUEZ RANCH RD,COR
,,19C080346,21:08:14 08/29/19,l,Patrol Info,4,425 W KENDALL ST,COR
,,19C080347,21:13:02 08/29/19,lf,Overdose,1,1770 VIA PACIFICA # L110,COR
,,19C080348,21:26:04 08/29/19,l,Patrol Info,4,800 N MAIN ST,COR
,,19C080350,21:31:06 08/29/19,l,Area Check,3,501 N MCKINLEY ST; AUTOZONE 4017 AT CORONA HILLS MARKETPLACE,COR
,,19C080351,21:31:50 08/29/19,l,Alarm Call,2,750 S LINCOLN AVE # 101; VERIZON STORE,COR
,,19C080353,21:35:29 08/29/19,l,Disturb Peace,3,2125 VALOR CIR,COR
,,19C080355,21:37:03 08/29/19,l,Patrol Info,4,1324 BRENTWOOD CIR,COR
,,19C080356,21:37:48 08/29/19,l,Petty Theft,3,470 HIDDEN VALLEY PKWY; KOHLS,COR
,,19C080358,21:45:46 08/29/19,l,Property Check,4,935 N MCKINLEY ST; VINEYARD CHURCH,COR
,,19C080360,21:47:46 08/29/19,l,Property Check,4,2661 GREEN RIVER RD; RALPHS,COR
,,19C080362,21:50:32 08/29/19,l,Alarm Call,2,1112 W SIXTH ST # 101; EL SOL MEXICAN RESTAURANT,COR
,,19C080364,21:53:11 08/29/19,l,911 Hangup,2,250 BENJAMIN DR; USU MANAGEMENT COMPANY,COR
,,19C080365,21:54:24 08/29/19,l,Auto Theft Past,3,1848 RUSTRIDGE PL,COR
,,19C080367,21:56:48 08/29/19,l,Susp Person,3,370 N MCKINLEY ST; TEXAS ROADHOUSE AT CORONA HILLS PLAZA,COR
,,19C080368,21:57:43 08/29/19,l,Stranded Veh,3,TEMESCAL CANYON RD & 15 SOUTH BOUND OFF RAMP,TEM
,,19C080371,22:18:05 08/29/19,l,Veh Burg Past,4,1900 FRONTAGE RD;#119 AYRES SUITES,COR
,,19C080376,22:42:56 08/29/19,l,Disturb Peace,3,2578 DAKIN DR,COR
,,19C080377,22:48:30 08/29/19,l,Dist/Verbal,2,410 N MCKINLEY ST; US BANK,COR
,,19C080379,22:54:44 08/29/19,f,ZZBreathing,1,1732 COPLEN CIR,COR
,,19C080381,22:56:47 08/29/19,l,Alarm Call,2,2855 SAMPSON AVE; SOUTHERN CALIFORNIA FLEET SERVICES,COR
,,19C080382,23:01:03 08/29/19,f,ZZBreathing,1,1732 COPLEN CIR,COR
,,19C080383,23:16:21 08/29/19,l,Traffic Stop,4,N MCKINLEY ST & E LAKESIDE PL,COR
,,19C080384,23:22:30 08/29/19,f,ZZResdntal Alr,1,1035 AURORA LN,COR
,,19C080385,23:36:58 08/29/19,l,Susp Vehicle,3,2155 HIGHPOINTE DR,COR
,,19C080386,23:40:17 08/29/19,l,Disturb Peace,3,4350 GREEN RIVER RD; UNOCAL GAS REF TO LEAVE,COR
,,19C080387,23:41:23 08/29/19,l,Domestic Distur,2,938 MESA VERDE AVE # D,COR
,,19C080388,23:44:22 08/29/19,l,Drunk Driver,2,GREEN RIVER RD & W FOOTHILL PKWY;FOLLOWING,COR
,,19C080389,23:44:27 08/29/19,l,Traffic Stop,4,S SHERMAN AVE & W SIXTH ST,COR
,,19C080390,23:44:48 08/29/19,l,Alarm Call,2,1395 E FOOTHILL PKWY; SANTIAGO HIGH SCHOOL,COR
,,19C080391,23:53:56 08/29/19,l,Property Check,4,800 S MAIN ST,COR
,,19C080392,23:59:46 08/29/19,l,Welfare Check,2,2450 WARDLOW RD;IHOP,COR
,,19C080393,00:01:18 08/30/19,f,ZZSick,1,730 PUBLIC SAFETY WAY; CORONA POLICE,COR
,,19C080394,00:02:42 08/30/19,lf,Unknown Problem,1,630 BRIANNA WAY,COR
,,19C080395,00:04:53 08/30/19,l,Patrol Info,4,304 S MAIN ST; MOBIL GAS,COR
,,19C080396,00:09:57 08/30/19,l,CMC Violation,4,2804 GRIFFIN WAY; GRIFFIN PARK,COR
,,19C080397,00:12:22 08/30/19,l,Vehicle Check,4,GREEN RIVER RD & 91 WB ON RAMP,COR
,,19C080398,00:24:04 08/30/19,l,Disturb Peace,3,EL CAMINO AVE & CARLY WAY ;ROAD RAGE SUBJ FOLLOWING,COR
,,19C080399,00:27:47 08/30/19,l,Property Check,4,2331 KELLOGG AVE # A; CROSSROADS CHURCH,COR
,,19C080400,00:47:38 08/30/19,l,Alarm Call,2,1150 PASEO GRANDE; CESAR CHAVEZ ELEMENTARY SCHOOL,COR
,,19C080404,01:02:13 08/30/19,l,Loud Party,3,2295 CHATEAUX WAY,COR
,,19C080405,01:19:10 08/30/19,lf,Petty Theft,3,3516 DOE SPRING RD; I/P,COR
,,19C080406,01:22:56 08/30/19,l,Drunk In Public,2,4718 GREEN RIVER RD; STARBUCKS,COR
,,19C080407,01:29:24 08/30/19,lf,Hit and Run Inj,1,E THIRD ST & S MAIN ST,COR
,,19C080409,01:33:49 08/30/19,l,Battery,1,1330 W SIXTH ST; MICHELLE BAR,COR
,,19C080410,01:34:15 08/30/19,l,Area Check,3,2840 FASHION DR # 404; TERRANO APTS,COR
,,19C080411,01:37:24 08/30/19,f,ZZCommrcal Alrm,1,1241 OLD TEMESCAL RD;TIC,COR
,,19C080412,01:46:41 08/30/19,l,Trespass,3,1340 EL SOBRANTE RD ;CASTENEDAS MEXICAN FOOD,COR
,,19C080413,01:48:19 08/30/19,l,Loud Party,3,1735 SPYGLASS DR,COR
,,19C080414,01:55:11 08/30/19,l,Suspicious Circ,3,920 MANOR WAY,COR
,,19C080415,01:56:47 08/30/19,l,Alarm Call,2,155 ENTERPRISE CT; WETMORES,COR
,,19C080416,02:11:31 08/30/19,l,Runaway,3,300 FALMOUTH CT # 104,COR
,,19C080417,02:15:58 08/30/19,l,Alarm Call,2,159 N MAPLE ST # F; TOTAL CHAOS,COR
,,19C080419,02:39:04 08/30/19,l,Property Check,4,800 S MAIN ST; CORONA REGIONAL MEDICAL CENTER,COR
,,19C080420,02:51:43 08/30/19,l,911 Hangup,2,950 W ONTARIO AVE,COR
,,19C080421,02:55:48 08/30/19,l,Alarm Call,2,1631 JENKS DR;CASEY CURRIE MOTORSPORTS;VIDEO CLIPS,COR
,,19C080422,03:04:33 08/30/19,l,Petty Theft,3,3411 MOUNTAINSIDE CIR,COR
,,19C080424,03:11:50 08/30/19,l,Welfare Check,2,1368 CAMELOT DR,COR
,,19C080425,03:25:31 08/30/19,l,Patrol Info,4,9285 E STREET,
,,19C080426,03:37:54 08/30/19,f,ZZFwy UnkInjury,1,91 EB LINCOLN MAIN,COR
,,19C080428,03:43:02 08/30/19,i,911 Hangup,2,400 S VICENTIA AVE,COR
,,19C080429,03:55:26 08/30/19,f,ZZFwy UnkInjury,1,91 EB LINCOLN MAIN,COR
,,19C080431,04:23:57 08/30/19,l,911 Hangup,2,615 RICHEY ST,COR
,,19C080432,04:30:59 08/30/19,l,Comm Burg Past,4,450 AUTO CENTER DR; IN N OUT BURGER 25,COR
,,19C080433,04:36:36 08/30/19,l,Alarm Call,2,501 N SMITH AVE # 103; JOSEPH HOLT PLASTERING,COR
,,19C080435,04:46:12 08/30/19,l,911 Hangup,2,1218 E ONTARIO AVE,COR
,,19C080436,05:02:12 08/30/19,l,911 Hangup,2,210 S LINCOLN AVE,COR
,,19C080437,05:02:24 08/30/19,f,ZZCommrcal Alrm,1,2085 HIGHPOINTE DR # 101,COR
,,19C080438,05:10:06 08/30/19,l,Court Order Vio,3,722 HARRIS ST,COR
,,19C080441,05:18:58 08/30/19,l,Runaway Return,3,300 FALMOUTH CT; #104F,COR
,,19C080442,05:19:56 08/30/19,lf,Cardiac Arrest,1,19654 TEMESCAL CANYON RD,ELC
,,19C080443,05:27:21 08/30/19,l,Area Check,3,316 W GRAND BLVD # 103,COR
,,19C080444,05:29:05 08/30/19,l,Susp Person,3,CAMELOT DR & BORDER AVE,COR
,,19C080445,05:37:09 08/30/19,l,Petty Theft P,4,3511 SWEETWATER CIR,COR
,,19C080446,05:48:14 08/30/19,l,Alarm Call,2,2176 SUMMERSET ST;AUD PANIC,COR
,,19C080447,05:50:19 08/30/19,l,Alarm Call,2,1251 POMONA RD # 102; PETRA GEO SCIENCES,COR
YES,'Location' garbled/scrambled text,19C080450,06:00:17 08/30/19,f,ZZMedical Alert,1,4316 CANTADA DR;VANDYKE RESD,COR
,,19C080451,06:14:25 08/30/19,lf,Cardiac Arrest,1,2940 LA VISTA AVE,COR
,,19C080452,06:25:27 08/30/19,l,Dist/Verbal,2,916 N COTA ST;#A,COR
,,19C080454,06:49:29 08/30/19,l,Patrol Info,4,3275 NELSON ST,COR
,,19C080455,06:55:39 08/30/19,l,Dist/Verbal,2,903 N VICENTIA AVE;#A,COR
,,19C080456,07:02:50 08/30/19,l,Standby,4,TILSON CIR & BORDER AVE,COR
,,19C080457,07:06:28 08/30/19,l,911 Hangup,2,BLAINE / MAIN,COR
,,19C080458,07:06:51 08/30/19,l,Traffic Detail,4,1395 E FOOTHILL PKWY; SANTIAGO HIGH SCHOOL,COR
,,19C080459,07:13:06 08/30/19,l,911 Hangup,2,1200 S MERRILL ST,COR
,,19C080460,07:14:13 08/30/19,l,Disturb Peace P,4,3610 BRENTRIDGE DR,COR
,,19C080461,07:17:29 08/30/19,l,Dist/Verbal,3,1229 KELLEY AVE,COR
,,19C080463,07:28:11 08/30/19,l,911 Hangup,2,1820 FULLERTON AVE # 350; CORONA WOUND CENTER,COR
,,19C080464,07:28:56 08/30/19,f,ZZCarbon Alarm,2,480 N MCKINLEY ST;COSTCO,COR
,,19C080465,07:31:30 08/30/19,f,ZZFwy Sick,1,15 NB MAGNOLIA HIDDEN VALLEY,COR
,,19C080466,07:35:03 08/30/19,lf,Down Power Line,1,810 FORD ST,COR
,,19C080467,07:36:10 08/30/19,l,Keep The Peace,3,3570 SANTA ROSA CIR,COR
,,19C080468,07:42:25 08/30/19,l,Property Check,4,3555 GRAND OAKS,COR
,,19C080469,07:44:22 08/30/19,l,911 Hangup,2,117 VIA TREVIZIO,COR
,,19C080470,07:47:13 08/30/19,l,911 Hangup,2,2243 EAGLE GLEN PKWY; STATER BROS,COR
,,19C080471,07:50:10 08/30/19,l,Property Check,4,1230 S MAIN ST; CORONA FUNDAMENTAL INTERMEDIATE SCHOOL,COR
,,19C080473,07:56:55 08/30/19,l,Traffic Detail,4,2350 BORDER AVE; ADAMS ELEMENTARY,COR
,,19C080474,07:59:15 08/30/19,l,Traffic Stop,4,N MAIN ST & W HARRISON ST,COR
,,19C080476,08:04:26 08/30/19,f,ZZFall,1,1203 W SIXTH ST # 15,COR
,,19C080477,08:05:33 08/30/19,lf,Unknown Fire,1,N MCKINLEY ST & GRIFFIN WAY,COR
,,19C080478,08:07:46 08/30/19,l,911 Hangup,2,389 N MAIN ST,COR
,,19C080479,08:09:56 08/30/19,l,911 Hangup,2,606 CHERRY ST,COR
,,19C080480,08:11:04 08/30/19,l,Property Check,4,500 HIDDEN VALLEY PKWY,COR
,,19C080482,08:17:41 08/30/19,l,Abandoned Veh,4,400 S VICENTIA AVE; CITY HALL,COR
,,19C080483,08:18:21 08/30/19,l,Grand Theft P,4,1075 E THIRD ST,COR
,,19C080485,08:19:29 08/30/19,l,Comm Policing,4,2800 RIDGELINE DR; PRADO VIEW ELEMENTARY SCHOOL,COR
,,19C080486,08:25:30 08/30/19,f,ZZChest Pains,1,1850 BRECKENRIDGE CIR,COR
,,19C080487,08:26:31 08/30/19,l,H&S Violation,3,1252 W SIXTH ST; HOMELESS,COR
,,19C080488,08:26:42 08/30/19,l,911 Hangup,2,1210 MAGNOLIA AVE; CHECK N GO,COR
,,19C080489,08:32:33 08/30/19,l,911 Hangup,2,526 MAGNOLIA AVE,COR
,,19C080490,08:33:14 08/30/19,l,Disturb Peace,3,1298 E ONTARIO AVE; MCDONALDS,COR
,,19C080491,08:34:57 08/30/19,l,911 Hangup,2,387 MAGNOLIA AVE,COR
,,19C080492,08:47:17 08/30/19,l,911 Hangup,2,387 MAGNOLIA AVE,COR
,,19C080493,08:55:36 08/30/19,l,Patrol Info,4,FULLERTON AVE & COTTONWOOD CT,COR
,,19C080494,08:55:59 08/30/19,l,Traffic Stop,4,STAGECOACH RD & CORYDON ST,COR
,,19C080495,08:57:16 08/30/19,l,Traffic Stop,4,E SIXTH ST & RIMPAU AVE,COR
,,19C080496,09:02:31 08/30/19,l,Property Check,4,2331 KELLOGG AVE # A; CROSSROADS CHURCH,COR
,,19C080500,09:13:48 08/30/19,l,Fraud Past,4,1891 CALIFORNIA AVE # 102; SAUNDERS LAW; LL CONT,COR
,,19C080502,09:16:26 08/30/19,l,Property Check,4,301 S LINCOLN AVE,COR
,,19C080503,09:18:36 08/30/19,l,Comm Policing,4,550 HAMILTON DR; PROMENADE ELEMENTARY SCHOOL,COR
,,19C080505,09:21:23 08/30/19,l,Silent Comm 211,1,400 S VICENTIA AVE; CITY HALL ;FINANCE DEPT,COR
,,19C080506,09:30:13 08/30/19,f,ZZCommrcal Alrm,1,1212 MAGNOLIA AVE; EL SUPER,COR
,,19C080507,09:33:41 08/30/19,l,Comm Policing,4,785 VILLAGE LOOP DR; CORONA RANCH ELEMENTARY,COR
,,19C080508,09:34:52 08/30/19,l,Vehicle Check,4,EL SOBRANTE RD & CIRCLE CITY DR,COR
,,19C080509,09:35:06 08/30/19,l,Susp Person,3,218 N LINCOLN AVE # 106; INSTANT IMPRINTS,COR
,,19C080510,09:37:29 08/30/19,l,Traffic Stop,4,HIGHGROVE ST & S BUENA VISTA AVE,COR
,,19C080511,09:43:11 08/30/19,l,Traffic Stop,4,MAGNOLIA AVE & RIMPAU AVE,COR
,,19C080512,09:46:02 08/30/19,l,911 Hangup,2,2514 IRONSIDES CIR,COR
,,19C080513,09:48:19 08/30/19,l,Comm Burg Past,4,1160 E ONTARIO AVE # 102; TOBACCO CRUSH,COR
,,19C080514,09:48:42 08/30/19,l,Hazard,3,PALISADES DR & SERFAS CLUB DR,COR
,,19C080515,09:56:18 08/30/19,l,Disturb Peace,2,1990 POMONA RD ;DART INTERNATIONAL,COR
,,19C080516,09:56:21 08/30/19,l,911 Hangup,2,1504 TABER ST,COR
,,19C080518,10:00:10 08/30/19,f,ZZBleeding,1,3720 GUNNISON CIR,COR
,,19C080519,10:01:56 08/30/19,l,911 Hangup,2,2870 RAGLE WAY; DOCK PROS INC,COR
,,19C080520,10:09:41 08/30/19,l,Disturb Peace,3,1150 W TENTH ST; THREATS ; CORONA HIGH SCHOOL,COR
,,19C080521,10:12:39 08/30/19,f,ZZPublicSrvceF,2,851 RINGDAHL CIR,COR
,,19C080522,10:12:55 08/30/19,l,Property Check,4,2785 CABOT DR,COR
,,19C080523,10:15:35 08/30/19,l,911 Hangup,2,1820 RIMPAU AVE; CENTENNIAL HIGH SCHOOL,COR
,,19C080526,10:18:49 08/30/19,l,Disturb Peace,3,31 E GRAND BLVD;BUS DEPOT,COR
,,19C080527,10:19:41 08/30/19,l,911 Hangup,2,3210 S MAIN ST,COR
YES,'Nature' garbled text (embedded symbol),19C080528,10:20:02 08/30/19,f,ZZFaint/Uncons,1,4740 GREEN RIVER RD #101,
,,19C080529,10:22:24 08/30/19,l,Area Check,3,2367 HIGINBOTHAM WAY,COR
,,19C080530,10:22:50 08/30/19,l,Disturb Peace,3,709 W GRAND BLVD; WEST GRAND BAPTIST,COR
,,19C080532,10:25:03 08/30/19,l,Traffic Stop,4,HIGHGROVE ST & S BUENA VISTA AVE,COR
,,19C080534,10:25:49 08/30/19,f,ZZCommrcal Alrm,1,1255 RIVER RD; AUBURNDALE INTERMEDIATE,COR
,,19C080541,10:44:12 08/30/19,l,Traffic Stop,4,KEYWEST DR & HIGHGROVE ST,COR
,,19C080542,10:47:27 08/30/19,l,Citizen Contact,3,730 PUBLIC SAFETY WAY; PD LOBBY,COR
,,19C080543,10:49:27 08/30/19,l,Patrol Info,4,513 E GRAND BLVD # 3,COR
,,19C080544,10:54:16 08/30/19,l,Traffic Stop,4,HIGHGROVE ST & S BUENA VISTA AVE,COR
,,19C080546,11:20:30 08/30/19,l,Traffic Stop,4,HIGHGROVE ST & S BUENA VISTA AVE,COR
,,19C080547,11:22:34 08/30/19,l,911 Hangup,2,1504 TABER ST,COR
,,19C080548,11:22:46 08/30/19,l,Traffic Stop,4,N LINCOLN AVE & RIVER RD,COR
,,19C080550,11:24:55 08/30/19,f,ZZSick,1,1550 E ONTARIO AVE; SHELL GAS,COR
,,19C080551,11:25:57 08/30/19,l,Additional Info,4,1290 E ONTARIO AVE,COR
,,19C080552,11:28:11 08/30/19,l,Follow Up,4,1355 E ONTARIO AVE,COR
,,19C080553,11:30:45 08/30/19,l,Missing Person,2,930 E SIXTH ST; CITY PARK,COR
,,19C080554,11:34:54 08/30/19,l,Susp Vehicle,3,1860 BEL AIR ST,COR
,,19C080555,11:35:21 08/30/19,l,Traffic Stop,4,S BUENA VISTA AVE & HIGHGROVE ST,COR
,,19C080557,11:40:41 08/30/19,l,Battery Past,3,1090 POMONA RD;LL CONT; GOODFELLAS CAFE,COR
,,19C080558,11:40:59 08/30/19,l,Additional Info,4,3516 DOE SPRING RD,COR
,,19C080559,11:41:20 08/30/19,l,Traffic Stop,4,POMONA RD & S MAPLE ST,COR
,,19C080560,11:42:09 08/30/19,l,911 Hangup,2,1100 W RIVER RD; RIVER ROAD PARK,COR
,,19C080561,11:45:26 08/30/19,l,Suspicious Circ,1,N LINCOLN AVE & PLACID DR,COR
,,19C080562,11:45:33 08/30/19,l,Fraud Past,4,610 E SIXTH ST;LOBBY,COR
,,19C080563,11:47:51 08/30/19,l,911 Hangup,2,1124 S MAIN ST,COR
,,19C080564,11:54:39 08/30/19,l,Ill Parked Veh,4,1911 SILVERWOOD CIR,COR
,,19C080565,11:56:45 08/30/19,l,Susp Person,3,470 HIDDEN VALLEY PKWY; KOHLS,COR
,,19C080566,11:56:50 08/30/19,l,Court Order Vio,3,722 HARRIS ST,COR
,,19C080567,11:59:46 08/30/19,l,Stranded Veh,3,RAILROAD ST & N LINCOLN AVE,COR
,,19C080568,12:02:51 08/30/19,l,Traffic Detail,4,730 PUBLIC SAFETY WAY; CORONA POLICE,COR
,,19C080570,12:07:39 08/30/19,f,ZZSick,1,730 PUBLIC SAFETY WAY; CORONA POLICE,COR
,,19C080571,12:09:41 08/30/19,l,Unknown Problem,2,961 REBECCA WAY,COR
,,19C080572,12:10:38 08/30/19,l,Auto Theft Past,3,2260 GRIFFIN WAY; AYRES SUITES,COR
,,19C080574,12:17:38 08/30/19,l,911 Hangup,2,1800 S LINCOLN AVE; LINCOLN PARK,COR
,,19C080575,12:17:58 08/30/19,l,Hit Run No Inj,2,N MCKINLEY ST & PROMENADE AVE,COR
,,19C080578,12:27:56 08/30/19,l,Property Check,4,705 N MAIN ST,COR
,,19C080579,12:28:34 08/30/19,f,ZZFall,1,1410 DEL NORTE DR,COR
,,19C080580,12:28:38 08/30/19,l,Susp Person,3,260 W FOOTHILL PKWY; ALBERTSONS,COR
,,19C080581,12:28:59 08/30/19,l,H/R Coll Past,4,575 ALCOA CIR,COR
,,19C080583,12:37:18 08/30/19,f,ZZSick,1,730 PUBLIC SAFETY WAY; CORONA POLICE,COR
,,19C080584,12:39:54 08/30/19,l,Fraud Past,4,3348 HEATHERBROOK CIR;LOBBY,COR
,,19C080585,12:40:14 08/30/19,l,Susp Person,3,1355 E ONTARIO AVE ;HOME DEPOT,COR
,,19C080586,12:40:39 08/30/19,l,Alarm Call,2,1014 SAVI DR # 104,COR
,,19C080588,12:42:01 08/30/19,l,Home Visit,4,1680 VIA PACIFICA # D201,COR
,,19C080589,12:42:51 08/30/19,l,Patrol Info,4,451 WELLESLEY DR,COR
,,19C080591,12:44:31 08/30/19,l,Ill Parked Veh,4,FULLERTON AVE & MCMACKIN DR,COR
,,19C080592,12:44:46 08/30/19,l,Battery Past,3,W ONTARIO AVE & AVENIDA DEL VISTA;LL CONT,COR
,,19C080594,12:51:44 08/30/19,l,Property Check,4,480 N MAIN ST,COR
,,19C080595,12:57:04 08/30/19,l,Patrol Info,4,805 SAN JACINTO DR,COR
,,19C080596,12:57:28 08/30/19,l,Domestic Distur,2,4372 CANTADA DR,COR
,,19C080597,12:59:21 08/30/19,l,H/R Coll Past,4,MAGNOLIA AVE & EL SOBRANTE RD; LL CONT,COR
,,19C080599,13:05:16 08/30/19,l,Traffic Stop,4,S BELLE AVE & W SIXTH ST,COR
,,19C080601,13:09:56 08/30/19,l,911 Hangup,2,665 W RINCON ST,COR
,,19C080602,13:19:06 08/30/19,l,Domestic Distur,2,2160 EVENINGWIND DR # 359,COR
,,19C080603,13:19:55 08/30/19,l,911 Hangup,2,209 E BLAINE ST,COR
,,19C080604,13:20:31 08/30/19,lf,Hazmat,1,VIA DEL RIO & SUNKIST CIR,COR
,,19C080605,13:25:45 08/30/19,l,Disturb Peace,3,1260 E ONTARIO AVE; ALBERTSONS,COR
,,19C080608,13:46:03 08/30/19,l,911 Hangup,2,13465 ESTELLE ST,HGS
,,19C080609,13:52:07 08/30/19,l,CMC Violation,4,2147 APPLEGATE DR,COR
,,19C080612,14:05:10 08/30/19,l,Disturb Peace,3,4513 TEMESCAL CANYON RD # 202; ENCANTO APTS,COR
,,19C080613,14:05:39 08/30/19,l,Court Order Vio,3,2125 VALOR CIR,COR
,,19C080615,14:07:09 08/30/19,l,Susp Person,3,W SIXTH ST & S BUENA VISTA AVE,COR
,,19C080616,14:09:04 08/30/19,l,Drunk In Public,2,155 AUTO CENTER DR; METRO LINK,COR
,,19C080617,14:12:33 08/30/19,l,Disturb Peace,3,4513 TEMESCAL CANYON RD # 202; ENCANTO APARTMENTS,COR
,,19C080618,14:14:36 08/30/19,lf,ZZTree Fire,1,FASHION DR & TEMESCAL CANYON RD,COR
,,19C080621,14:18:06 08/30/19,l,Court Order Vio,3,722 HARRIS ST,COR
,,19C080622,14:23:41 08/30/19,l,Citizen Contact,3,730 PUBLIC SAFETY WAY; CORONA POLICE;LOBBY,COR
,,19C080623,14:26:26 08/30/19,f,ZZCommrcal Alrm,1,1131 OLYMPIC DR,COR
,,19C080626,14:39:00 08/30/19,f,ZZ Fire Test,2,132 BUSINESS CENTER DR,COR
,,19C080627,14:45:06 08/30/19,l,911 Hangup,2,209 E BLAINE ST,COR
,,19C080628,14:45:19 08/30/19,l,Traffic Stop,4,S RAMONA AVE & E SIXTH ST,COR
,,19C080630,14:50:50 08/30/19,l,Susp Person,3,1246 BILTMORE CIR,COR
,,19C080631,14:51:25 08/30/19,l,911 Hangup,2,505 S BUENA VISTA AVE; COUNTY COURT HOUSE,COR
,,19C080632,14:51:26 08/30/19,lf,Overdose,1,1229 W SIXTH ST # 62,COR
,,19C080633,14:52:45 08/30/19,lf,ZZPublicSrvceF,2,851 RINGDAHL CIR,COR
,,19C080634,14:52:57 08/30/19,f,ZZ Fire Test,2,132 BUSINESS CENTER DR;AMERICA UCARE PHARM,COR
,,19C080635,14:53:24 08/30/19,l,Traffic Stop,4,N MCKINLEY ST & PROMENADE AVE,COR
YES,'Location' garbled/scrambled text,19C080637,14:57:05 08/30/19,f,ZZMedical Alert,1,635 BARBRE LN;CANETTI RESD,COR
,,19C080638,14:57:44 08/30/19,l,H&S Violation,3,1561 E ONTARIO AVE # 104; CRACKED SCREENS,COR
,,19C080639,15:01:35 08/30/19,l,Missing Person,2,561 VENTURA AVE,COR
,,19C080643,15:06:17 08/30/19,l,Susp Vehicle,3,167 N VICENTIA AVE,COR
,,19C080644,15:06:31 08/30/19,l,Patrol Info,4,E CHASE DR & RIMPAU AVE,COR
,,19C080645,15:07:46 08/30/19,l,Citizen Contact,3,480 N MCKINLEY ST; LL CONT,COR
,,19C080646,15:10:56 08/30/19,l,Patrol Info,4,3541 DOE SPRING RD,COR
,,19C080647,15:13:20 08/30/19,l,Traffic Stop,4,91 EB MAIN MCKINLEY,COR
,,19C080650,15:17:05 08/30/19,l,911 Hangup,2,917 W TENTH ST,COR
,,19C080651,15:20:09 08/30/19,l,Child Annoyance,2,S BUENA VISTA AVE & BLUE CREST ST,COR
,,19C080653,15:29:32 08/30/19,l,Accident,2,RIMPAU AVE & NEW ENGLAND DR,COR
,,19C080654,15:30:01 08/30/19,l,Veh Burg I/P,2,BEECHNUT LN & ASPEN ST,COR
,,19C080656,15:32:31 08/30/19,l,Alarm Call,2,3765 SAN RAMON DR,COR
,,19C080658,15:38:47 08/30/19,l,Traffic Stop,4,W ONTARIO AVE & AVENIDA DEL VISTA,COR
,,19C080661,15:43:21 08/30/19,l,911 Hangup,2,598 SANTANA WAY; SKATE PARK SANTANA PARK,COR
,,19C080662,15:44:30 08/30/19,l,911 Hangup,2,1592 FAIRWAY DR,COR
,,19C080665,15:49:25 08/30/19,l,Disturb Peace,3,535 N MCKINLEY ST; VONS,COR
,,19C080666,15:57:13 08/30/19,l,911 Hangup,2,3100 S MAIN ST,COR
,,19C080667,15:58:01 08/30/19,l,911 Hangup,2,616 SHADY BROOK PL # 106,COR
,,19C080668,16:00:13 08/30/19,l,Domestic Distur,2,2160 HIGHPOINTE DR; #101,COR
,,19C080669,16:02:40 08/30/19,l,Traffic Stop,4,W ONTARIO AVE & BORDER AVE,COR
,,19C080671,16:09:34 08/30/19,l,Accident,2,S LINCOLN AVE & LORNA ST,COR
,,19C080672,16:10:41 08/30/19,l,Accident,2,S LINCOLN AVE & W CITRON ST,COR
,,19C080673,16:13:06 08/30/19,l,Embezzlemnt P,4,1290 E ONTARIO AVE; WALMART,COR
,,19C080674,16:16:59 08/30/19,l,DV-Assault,1,2160 EVENINGWIND DR # 359;ASHTON APTS,COR
,,19C080676,16:21:39 08/30/19,l,Alarm Call,2,575 CARDIFF ST; MAX HILL LUMBER COMPANY INC,COR
,,19C080679,16:29:44 08/30/19,l,Area Check,3,2240 COMPTON AVE ;CIRCLE K ; BEER RUN AREA CHK,COR
,,19C080680,16:30:16 08/30/19,l,Disturb Peace P,4,E ONTARIO AVE & 15 SOUTH BOUND ON RAMP;LL CONT,COR
,,19C080681,16:32:28 08/30/19,l,Keep The Peace,3,423 S SHERIDAN ST # 1-2,COR
,,19C080682,16:32:52 08/30/19,l,Patrol Info,4,805 SAN JACINTO DR,COR
,,19C080683,16:35:22 08/30/19,l,Disturb Peace,3,N LINCOLN AVE & PLACID DR,COR
,,19C080684,16:38:29 08/30/19,l,Auto Theft Rec,4,1135 W NINTH ST # C,COR
,,19C080686,16:40:08 08/30/19,f,ZZSick,1,1203 W SIXTH ST # 61,COR
,,19C080687,16:45:06 08/30/19,l,Accident,2,1025 LA TERRAZA CIR # 308,COR
,,19C080688,16:46:06 08/30/19,l,Property Check,4,2850 RIDGELINE DR; RIDGELINE PARK,COR
,,19C080689,16:47:04 08/30/19,l,Resid Burg Past,4,1028 N NORMANDY TERRACE;LOBBY,COR
YES,'Nature' garbled text (embedded symbol),19C080690,16:47:16 08/30/19,f,ZZFaint/Uncons,1,1203 W SIXTH ST # 61,COR
YES,'Location' garbled/scrambled text,19C080691,16:47:59 08/30/19,l,Susp Person,3,220 N DELILAH ST;CAL DRAULICS,COR
,,19C080693,16:53:36 08/30/19,l,Patrol Info,4,870 S SHERMAN AVE # 4,COR
,,19C080695,16:57:52 08/30/19,l,Traffic Stop,4,W SIXTH ST & SIERRA VISTA ST,COR
,,19C080696,16:59:14 08/30/19,l,Welfare Check,2,526 PENROSE DR # B,COR
,,19C080697,17:00:39 08/30/19,f,Attempt Suicide,1,2431 NORTHMOOR DR,CRA
,,19C080698,17:05:02 08/30/19,l,Traffic Stop,4,GREEN RIVER RD & SIERRA BELLA DR,COR
,,19C080699,17:06:17 08/30/19,f,ZZHeat/Cold Exp,1,1721 SUNSET LN,COR
,,19C080700,17:06:37 08/30/19,l,Traffic Stop,4,1090 POMONA RD; GOODFELLAS CAFE,COR
YES,'Location' garbled/scrambled text,19C080701,17:07:55 08/30/19,l,Alarm Call,2,3258 CAMDEN LN;SHOOP RESD,COR
,,19C080702,17:11:13 08/30/19,l,Flag Down,4,HAMNER AVE & HIDDEN VALLEY PKWY,NOR
,,19C080706,17:15:12 08/30/19,l,Vehicle Check,4,1260 E ONTARIO AVE,COR
,,19C080707,17:19:43 08/30/19,l,Welfare Check,2,2813 CORAL ST,COR
,,19C080710,17:24:30 08/30/19,l,Follow Up,4,430 N MCKINLEY ST; 99 RANCH MARKET,COR
,,19C080712,17:26:27 08/30/19,l,Traffic Stop,4,KIRKWOOD DR & W ONTARIO AVE,COR
,,19C080713,17:26:33 08/30/19,l,Suspicious Circ,3,3833 BEDFORD CANYON RD # C103; SUNRISE GRIND; ITS A GRIND,COR
,,19C080714,17:26:35 08/30/19,l,Alarm Call,2,3226 STONEBERRY LN,COR
,,19C080715,17:27:29 08/30/19,l,911 Hangup,2,3833 BEDFORD CANYON RD,COR
,,19C080718,17:31:05 08/30/19,lf,Man Down,1,1310 OLD TEMESCAL RD; POST OFFICE,COR
,,19C080719,17:32:21 08/30/19,l,Alarm Call,2,1888 W SIXTH ST # B; CC PAINT BALL; CC PAINTBALL,COR
,,19C080720,17:38:08 08/30/19,,,,1310 OLD TEMESCAL RD; POST OFFICE,COR
,,19C080721,17:45:44 08/30/19,l,Vehicle Check,4,3950 S MAIN ST; ATT TOWER,COR
,,19C080722,17:47:44 08/30/19,f,ZZTrauma,1,2288 AVENIDA DEL VISTA,COR
,,19C080723,17:48:05 08/30/19,l,Comm Policing,4,1820 RIMPAU AVE; CENTENNIAL HIGH SCHOOL,COR
,,19C080724,17:48:26 08/30/19,l,Petty Theft P,4,1322 W SIXTH ST; CVS PHARMACY 6TH AND SHERMAN,COR
,,19C080725,17:48:58 08/30/19,l,Dist/Physical,1,200 N LINCOLN AVE; MOTEL 6,COR
,,19C080726,17:49:20 08/30/19,l,Comm Policing,4,1150 W TENTH ST; CORONA HIGH SCHOOL,COR
,,19C080727,17:50:22 08/30/19,l,Assist Othr Dpt,3,1865 W SIXTH ST; CARLS JR; CHP; FOR SPANISH SPEAKER,COR
,,19C080728,17:51:30 08/30/19,f,ZZTrauma,1,420 N MAIN ST ; #106; SEKTOR JIT JUI SUI,COR
,,19C080729,17:55:15 08/30/19,l,Alarm Call,2,2855 SAMPSON AVE; SOUTHERN CALIFORNIA FLEET SERVICES,COR
,,19C080730,17:55:29 08/30/19,l,Assist Othr Dpt,3,892 PATHFINDER WAY,COR
,,19C080731,17:55:36 08/30/19,l,Hazard,3,S LINCOLN AVE & W UPPER DR,COR
,,19C080732,17:57:53 08/30/19,l,Property Check,4,451 E ONTARIO AVE,COR
,,19C080734,18:02:57 08/30/19,l,Flag Down,4,730 PUBLIC SAFETY WAY; CORONA POLICE,COR
,,19C080737,18:08:23 08/30/19,l,Susp Person,3,341 ANDES WAY,COR
,,19C080738,18:18:25 08/30/19,l,Comm Policing,4,1150 W TENTH ST; CORONA HIGH SCHOOL,COR
,,19C080739,18:19:36 08/30/19,l,Chld Abuse Past,2,418 N MAIN ST ;#326,COR
,,19C080740,18:23:07 08/30/19,l,H/R Coll Past,4,2285 TREEHOUSE LN # 105,COR
,,19C080742,18:26:46 08/30/19,l,Patrol Info,4,CIRCLE CITY DR & EL SOBRANTE RD,COR
,,19C080743,18:29:17 08/30/19,l,Area Check,3,E FOOTHILL PKWY & RIDGECREST DR ;POSS 647F,COR
,,19C080745,18:35:06 08/30/19,l,Comm Policing,4,1395 E FOOTHILL PKWY; SANTIAGO HIGH SCHOOL,COR
,,19C080748,18:37:13 08/30/19,l,Accident,2,W SIXTH ST & S MERRILL ST,COR
,,19C080750,18:39:53 08/30/19,f,ZZTrauma,1,1150 W TENTH ST; CORONA HIGH SCHOOL,COR
,,19C080753,18:42:50 08/30/19,lf,Man Down,1,103 E THIRD ST; DEL TACO,COR
,,19C080755,18:44:42 08/30/19,l,Accident,2,W SIXTH ST & SHOPPING CENTER,COR
,,19C080756,18:53:27 08/30/19,f,ZZSick,1,N MCKINLEY ST & PROMENADE AVE,COR
,,19C080758,18:58:06 08/30/19,l,Drunk In Public,2,2240 COMPTON AVE; UNOCAL GAS,COR
,,19C080759,18:59:31 08/30/19,l,Assist Othr Dpt,3,120 W ONTARIO AVE ; SPOUTS ; AOD ACO,COR
,,19C080760,19:00:12 08/30/19,l,Follow Up,4,SHERMAN/ENTERPRISE,
,,19C080761,19:05:26 08/30/19,l,911 Hangup,2,1125 TOPAZ ST;PHS2,COR
,,19C080763,19:06:55 08/30/19,l,911 Hangup,2,3100 S MAIN ST,COR
,,19C080764,19:07:02 08/30/19,l,Patrol Info,4,WEIRICK RD & 15 SB ON RAMP,COR
,,19C080766,19:09:28 08/30/19,l,Follow Up,4,3511 SWEETWATER CIR,COR
,,19C080767,19:09:33 08/30/19,l,Disturb Peace,3,2490 WARDLOW RD ; Lucky Greek,COR
,,19C080768,19:11:41 08/30/19,l,Susp Person,3,3539 GRAND OAKS; THE VITAMIN SHOPPE AT THE CROSSINGS,COR
,,19C080769,19:12:42 08/30/19,l,Property Check,4,418 N MAIN ST,COR
,,19C080770,19:19:34 08/30/19,l,Property Check,4,926 E ONTARIO,COR
,,19C080771,19:22:00 08/30/19,l,Follow Up,4,730 PUBLIC SAFETY WAY,COR
,,19C080773,19:26:26 08/30/19,l,Robbery,1,2489 TUSCANY ST ; KOHLS ; PENDING 488,COR
,,19C080774,19:32:29 08/30/19,l,Cross Report,2,124 TAMARACK DR; CPS,COR
,,19C080775,19:33:13 08/30/19,l,Cross Report,2,1025 LA TERRAZA CIR # 308; CPS,COR
,,19C080776,19:36:43 08/30/19,l,Patrol Info,4,2160 EVENINGWIND DR # 359,COR
,,19C080777,19:40:15 08/30/19,l,Drunk Driver,2,3110 RANIER ST,COR
,,19C080778,19:43:51 08/30/19,l,Welfare Check,2,785 N MAIN ST; ARCO AM PM;POSS 273A,COR
,,19C080779,19:45:39 08/30/19,l,911 Hangup,2,3594 NELSON ST,COR
,,19C080780,19:47:19 08/30/19,l,911 Hangup,2,526 MAGNOLIA AVE; ST JOHNS CHURCH,COR
,,19C080781,19:53:32 08/30/19,l,911 Hangup,2,665 W RINCON ST,COR
,,19C080782,19:54:07 08/30/19,l,Petty Theft P,4,598 SANTANA WAY; SANTANA PARK,COR
,,19C080784,19:56:28 08/30/19,l,911 Hangup,2,1404 HAMNER AVE ; PHS 2 ABAND,NOR
,,19C080786,20:00:31 08/30/19,l,Traffic Stop,4,2475 SAN GABRIEL WAY,COR
,,19C080787,20:00:37 08/30/19,f,ZZAbdominalPa in,1,705 N MAIN ST # 110; CHUZE FITNESS,COR
,,19C080789,20:04:17 08/30/19,l,Patrol Info,4,550 HIDDEN VALLEY PKWY; STATER BROS MARKETS,COR
,,19C080790,20:06:55 08/30/19,l,Citizen Contact,3,598 ESSEX ST;POSS 5150,COR
,,19C080791,20:12:13 08/30/19,l,Property Check,4,480 N MAIN ST,COR
,,19C080792,20:12:48 08/30/19,l,Area Check,3,PROMENADE AVE & COLLETT AVE,COR
,,19C080793,20:13:28 08/30/19,l,Property Check,4,500 BATEMAN CIR,COR
,,19C080796,20:22:07 08/30/19,l,Patrol Info,4,AUTO CENTER DR & WARDLOW RD ; RELATED TO 19C080005,COR
,,19C080797,20:28:39 08/30/19,l,Disturb Peace,3,1146 W SIXTH ST; BURGER KING; HOMELESS,COR
,,19C080799,20:31:14 08/30/19,l,911 Hangup,2,1043 QUARRY ST,COR
,,19C080800,20:35:30 08/30/19,l,Court Order Vio,3,4715 GREEN RIVER RD; JACK IN THE BOX,COR
,,19C080801,20:39:02 08/30/19,lf,Overdose,1,2255 ADRIENNE DR,COR
,,19C080802,20:40:38 08/30/19,l,Flag Down,4,PROM / AVONDALE,
,,19C080804,20:48:01 08/30/19,l,Court Order Vio,3,995 POMONA RD # 83,COR
,,19C080805,20:50:44 08/30/19,l,Trespass,3,1134 W SIXTH ST; TACO BELL,COR
,,19C080806,20:56:10 08/30/19,l,911 Hangup,2,770 MCGRATH DR;PHS1,
,,19C080807,20:57:08 08/30/19,l,Alarm Call,2,2975 S BUENA VISTA AVE,COR
,,19C080813,21:10:20 08/30/19,l,Disturb Peace,3,1130 W SIXTH ST; SUPERIOR MARKET,COR
,,19C080815,21:23:27 08/30/19,l,Ill Parked Veh,4,498 JENNY CIR,COR
,,19C080816,21:24:01 08/30/19,l,Domestic Distur,2,1434 E SIXTH ST,COR
,,19C080817,21:28:44 08/30/19,l,Under Influence,2,230 W FOOTHILL PKWY; CARLS JR,COR
,,19C080818,21:30:43 08/30/19,l,Dist/Physical,1,411 FULLER ST,COR
,,19C080820,21:33:03 08/30/19,lf,Unknown Fire,1,1661 SUMAC PL,COR
,,19C080823,21:41:08 08/30/19,l,Alarm Call,2,750 S LINCOLN AVE # 101; VERIZON STORE,COR
,,19C080824,21:41:14 08/30/19,l,Keep The Peace,3,1487 MARIPOSA DR,COR
,,19C080825,21:45:59 08/30/19,l,Dist/Physical,1,924 E THIRD ST,COR
,,19C080828,21:54:06 08/30/19,l,Alarm Call,2,427 E GRAND BLVD; YMCA YOUTH CENTER,COR
,,19C080829,21:59:05 08/30/19,lf,Overdose,1,2275 DEL MAR WAY # 206,COR
,,19C080831,22:03:53 08/30/19,l,Property Check,4,509 BATEMAN CIR,COR
,,19C080832,22:05:59 08/30/19,l,Alarm Call,2,2855 SAMPSON AVE; SOUTHERN CALIFORNIA FLEET SERVICES,COR
,,19C080833,22:20:26 08/30/19,l,Alarm Call,2,1001 S MAIN ST; TRUE WORD APOSTALIC CHURCH,COR
,,19C080834,22:23:26 08/30/19,l,Drunk In Public,2,1665 SUNNY COVE,COR
,,19C080835,22:26:02 08/30/19,l,Fire Code Vio,4,598 SANTANA WAY; SKATE PARK SANTANA PARK,COR
,,19C080837,22:26:25 08/30/19,l,Loud Party,3,4070 GILBERT AVE,COR
,,19C080838,22:26:46 08/30/19,l,Ped Check,4,N JOY ST & PRINCELAND CT,COR
,,19C080842,22:29:32 08/30/19,l,Loud Noise,3,1335 FLAMINGO DR,COR
,,19C080843,22:32:30 08/30/19,l,Auto Theft Past,3,1836 RUSTRIDGE PL # 205;LL CONT,COR
,,19C080844,22:33:15 08/30/19,f,ZZSick,1,1222 MAGNOLIA AVE;#104 SUBWAY,COR
,,19C080847,22:38:36 08/30/19,l,Loud Party,3,3152 HIDEOUT LN,COR
,,19C080849,22:42:39 08/30/19,l,911 Hangup,2,3100 S MAIN ST,COR
,,19C080850,22:46:20 08/30/19,l,Comm Policing,4,W FOOTHILL PKWY & TRUDY WAY,COR
,,19C080852,22:52:15 08/30/19,l,Defraud Inkpr P,4,419 N MCKINLEY ST; RED ROBIN,COR
,,19C080853,22:54:30 08/30/19,l,Vehicle Check,4,200 N LINCOLN AVE; MOTEL 6,COR
,,19C080854,22:59:23 08/30/19,l,Property Check,4,255 E RINCON ST,COR
,,19C080855,22:59:39 08/30/19,l,Alarm Call,2,1150 W TENTH ST; CORONA HIGH SCHOOL,COR
,,19C080856,23:06:46 08/30/19,l,Drunk In Public,2,1298 E ONTARIO AVE; MCDONALDS,COR
,,19C080857,23:16:48 08/30/19,l,Area Check,3,998 BLOSSOMCREEK LN,COR
,,19C080858,23:18:15 08/30/19,l,Dist/Verbal,2,3552 LEHIGH CIR,COR
,,19C080859,23:19:39 08/30/19,l,Resid Burg I/P,2,930 FULLERTON AVE ; poss,COR
,,19C080860,23:20:47 08/30/19,l,Drunk In Public,2,165 WASHBURN CIR ;KABOB HUT,COR
,,19C080861,23:26:45 08/30/19,l,Keep The Peace,3,1042 BOLTON ST,COR
,,19C080862,23:32:29 08/30/19,l,Dist/Physical,1,W SIXTH ST & S BUENA VISTA AVE,COR
,,19C080864,23:40:33 08/30/19,f,ZZSeizure,1,640 FORD ST,COR
,,19C080865,23:44:33 08/30/19,l,Property Check,4,1222 MAGNOLIA AVE # 104; SUBWAY,COR
,,19C080866,23:45:23 08/30/19,l,Traffic Stop,4,W THIRD ST & W GRAND BLVD,COR
,,19C080867,23:46:33 08/30/19,l,Dist/Verbal,2,2225 LOCHNESS CIR,COR
,,19C080868,23:48:06 08/30/19,l,Ped Check,4,301 S LINCOLN AVE,COR
,,19C080869,23:53:10 08/30/19,l,Welfare Check,2,551 RIVER RD # B,COR
,,19C080870,23:56:35 08/30/19,l,Traffic Stop,4,W RINCON ST & N COTA ST,COR
,,19C080871,00:01:37 08/31/19,l,Loud Party,3,2424 SAGELEAF CIR,COR
,,19C080872,00:03:37 08/31/19,l,Vehicle Check,4,POMONA RD & CONSUMER CIR,COR
,,19C080873,00:03:54 08/31/19,l,Domestic Distur,2,2225 LOCHNESS CIR,COR
,,19C080875,00:07:33 08/31/19,l,911 Hangup,2,1340 W SIXTH ST,COR
,,19C080876,00:08:17 08/31/19,lf,ZZSick,1,901 S SMITH AVE,COR
,,19C080879,00:30:42 08/31/19,l,Additional Info,4,524 E SIXTH ST ;LL CONT,COR
,,19C080880,00:34:27 08/31/19,f,ZZChest Pains,1,952 REDHEAD LN # 206,COR
,,19C080882,00:38:15 08/31/19,l,Traffic Stop,4,W TENTH ST & BORDER AVE,COR
,,19C080885,00:39:38 08/31/19,l,Disturb Peace,3,1248 W SIXTH ST; WELCOME INN,COR
,,19C080887,00:45:57 08/31/19,l,Child Annoyance,2,3811 BEDFORD CANYON RD # 108; CORKYS; POSS,COR
,,19C080890,00:54:05 08/31/19,l,Flag Down,4,752 PASEO GRANDE,CRA
YES,'Location' garbled/scrambled text,19C080892,01:03:35 08/31/19,l,Resid Burg I/P,2,2977 MANGULAR AVE;POSS; 5 AGO,COR
,,19C080893,01:05:50 08/31/19,l,Patrol Info,4,S VICTORIA AVE & E TENTH ST,COR
,,19C080894,01:08:36 08/31/19,l,Auto Theft Past,3,1260 MIRA VALLE ST,COR
,,19C080895,01:09:23 08/31/19,f,ZZBreathing,1,730 MAGNOLIA AVE;#735 CORONA REGIONAL MEDICAL CENTER,COR
,,19C080896,01:17:26 08/31/19,l,Area Check,3,516 E THIRD ST;POSS 300,COR
YES,'Nature' garbled text (embedded symbol),19C080898,01:32:45 08/31/19,f,ZZFaint/Uncons,1,2462 GRIFFIN WAY,COR
,,19C080899,01:32:47 08/31/19,l,Vandalism,3,1550 RIMPAU AVE # 76,COR
,,19C080901,01:37:08 08/31/19,l,Welfare Check,2,2462 GRIFFIN WAY,COR
,,19C080902,01:45:32 08/31/19,lf,Assault Wpn Inj,1,1550 RIMPAU AVE # 76,COR
,,19C080903,01:54:43 08/31/19,l,911 Hangup,2,1415 PLEASANT VIEW AVE,COR
,,19C080905,01:59:48 08/31/19,l,Alarm Call,2,1612 JENKS DR; GOOD EARTHKEEPING ORGANIZATION INC,COR
,,19C080906,02:11:36 08/31/19,l,Loud Party,3,1537 KELLOGG AVE,COR
,,19C080907,02:16:51 08/31/19,l,Alarm Call,2,1395 E FOOTHILL PKWY; SANTIAGO HIGH SCHOOL,COR
,,19C080908,02:17:21 08/31/19,f,ZZAbdominalPa in,1,2050 ADRIENNE DR,COR
,,19C080909,02:37:35 08/31/19,l,Loud Party,3,831 MOYANO CIR,COR
,,19C080910,02:40:01 08/31/19,l,Traffic Stop,4,W PARKRIDGE AVE & N COTA ST,COR
,,19C080912,02:42:42 08/31/19,l,Loud Noise,3,211 W RINCON ST,COR
,,19C080913,02:55:41 08/31/19,l,911 Hangup,2,1150 W TENTH ST,COR
,,19C080915,03:02:05 08/31/19,l,911 Hangup,2,1150 W TENTH ST,COR
,,19C080916,03:02:25 08/31/19,l,Domestic Distur,2,1129 W TENTH ST # N,COR
,,19C080917,03:20:06 08/31/19,l,Susp Person,3,2108 PARKSIDE DR # 272,COR
,,19C080920,03:47:09 08/31/19,l,Property Check,4,130 W FOOTHILL PKWY; CHEVRON GAS,COR
,,19C080921,04:09:45 08/31/19,l,Property Check,4,445 HIDDEN VALLEY PKWY; 7 11,NOR
,,19C080923,04:42:59 08/31/19,f,ZZSick,1,551 RIVER RD # B,COR
,,19C080925,04:58:26 08/31/19,l,Alarm Call,2,170 E RINCON ST; MARIE CALLENDERS WHOLESALERS LLC 4300,COR
,,19C080926,05:07:47 08/31/19,l,Area Check,3,1031 CASANDRA LN,COR
,,19C080928,05:41:12 08/31/19,l,Trespass,3,1080 POMONA RD,COR
,,19C080929,05:44:07 08/31/19,l,911 Hangup,2,1700 VIA SANTIAGO,CRA
,,19C080930,05:51:11 08/31/19,f,ZZBleeding,1,1738 WREN AVE,COR
,,19C080932,06:17:55 08/31/19,f,ZZTrauma,1,1607 FAIRMONT DR,COR
,,19C080933,06:35:57 08/31/19,l,911 Hangup,2,875 SHEPARD CREST DR,COR
,,19C080934,06:49:30 08/31/19,l,Property Check,4,390 N MCKINLEY ST,COR
,,19C080935,06:50:49 08/31/19,l,Accident,2,342 GILMORE DR,COR
,,19C080936,07:21:01 08/31/19,l,Property Check,4,3555 GRAND OAKS,COR
,,19C080937,07:24:29 08/31/19,l,Hazard,3,1825 W SIXTH ST; SHELL GAS,COR
,,19C080938,07:24:56 08/31/19,l,911 Hangup,2,1390 E ONTARIO AVE,COR
,,19C080939,07:26:30 08/31/19,l,Z-Animal Svcs,4,PINECONE DR & PATHFINDER WAY,COR
,,19C080940,07:30:26 08/31/19,l,Comm Policing,4,1150 W TENTH ST; CORONA HIGH SCHOOL,COR
,,19C080941,07:32:24 08/31/19,l,Traffic Stop,4,N MAIN ST & E PARKRIDGE AVE,COR
,,19C080942,07:35:58 08/31/19,lf,Man Down,1,2005 CONEJO ST,COR
,,19C080943,07:47:48 08/31/19,l,Petty Theft P,4,575 CHELSEA WAY;LL CONT,COR
,,19C080944,07:50:52 08/31/19,l,Ill Parked Veh,4,1373 DYER WAY,COR
,,19C080945,07:51:28 08/31/19,l,Traffic Stop,4,VIA PACIFICA & W ONTARIO AVE,COR
,,19C080946,07:58:31 08/31/19,lf,Battery,1,W SIXTH ST & S SHERMAN AVE;STAGE,COR
,,19C080949,08:01:24 08/31/19,l,Resid Burg Past,4,949 BRANDYWINE LN,COR
,,19C080951,08:03:17 08/31/19,l,Property Check,4,2710 LAKESHORE DR,COR
,,19C080953,08:16:12 08/31/19,l,Property Check,4,"X:-117.5556330,Y:+33.8979126",
,,19C080954,08:20:35 08/31/19,l,Disturb Peace,3,2045 COMPTON AVE,COR
,,19C080956,08:26:22 08/31/19,l,Property Check,4,4740 GREEN RIVER RD,COR
,,19C080957,08:31:25 08/31/19,l,CMC Violation,4,228 PUEBLO RD,COR
,,19C080958,08:37:52 08/31/19,l,Alarm Call,2,1128 OLYMPIC DR,COR
,,19C080960,08:38:56 08/31/19,l,Property Check,4,400 PENROSE DR,COR
,,19C080961,08:41:52 08/31/19,l,Domestic Distur,2,2160 EVENINGWIND DR # 359,COR
,,19C080962,08:51:01 08/31/19,l,Area Check,3,513 W SIXTH ST; EDUARDOS MEXICAN RESTAURANTS INC,COR
,,19C080963,08:52:55 08/31/19,l,911 Hangup,2,1267 W SIXTH ST,COR
,,19C080965,08:54:04 08/31/19,l,Alarm Call,2,1478 DAVRIL CIR; ASTERISK LLC,COR
,,19C080966,09:12:25 08/31/19,l,911 Hangup,2,3210 S MAIN ST,COR
,,19C080967,09:12:44 08/31/19,f,ZZSick,1,2600 S MAIN ST; #145;CORONA POST ACUTE,COR
,,19C080968,09:20:02 08/31/19,l,Keep The Peace,3,1645 WINTERGREEN LN # D,COR
,,19C080969,09:20:26 08/31/19,l,Property Check,4,S SHERMAN AVE & W SEVENTH ST,COR
,,19C080971,09:24:19 08/31/19,l,Found Property,4,1631 MARKET ST;#A;PHOENIX MOTOR SPORTS,COR
,,19C080972,09:26:07 08/31/19,l,Flag Down,4,3833 BEDFORD CANYON RD # C103; SUNRISE GRIND,COR
,,19C080973,09:28:28 08/31/19,lf,Accident Unknwn,1,1134 W SIXTH ST; TACO BELL,COR
,,19C080974,09:32:10 08/31/19,l,911 Hangup,2,1367 RADCLIFFE CIR,COR
,,19C080975,09:34:38 08/31/19,f,ZZSick,1,155 AUTO CENTER DR; METRO LINK,COR
,,19C080976,09:35:49 08/31/19,l,Traffic Stop,4,3100 S MAIN ST; MOUNTAINGATE PARK,COR
,,19C080977,09:52:29 08/31/19,lf,Accident Inj,1,1731 POMONA RD,COR
,,19C080978,09:55:15 08/31/19,l,Patrol Info,4,1620 BERRYWOOD CT,COR
,,19C080979,10:04:05 08/31/19,l,Disturb Peace P,4,1555 PLAZA DE NOCHE # 11,COR
,,19C080980,10:07:05 08/31/19,l,Property Check,4,3355 MOUNTAIN GATE DR; DWIGHT EISENHOWER ELEMENTARY SCHOOL,COR
,,19C080981,10:15:51 08/31/19,l,911 Hangup,2,3950 S MAIN ST; ATT TOWER,COR
,,19C080983,10:17:21 08/31/19,l,Citizen Contact,3,912 BURR ST ;LL CONT,COR
,,19C080984,10:19:22 08/31/19,l,Accident,2,CALIFORNIA AVE & E ONTARIO AVE,COR
,,19C080985,10:19:51 08/31/19,l,Property Check,4,1315 MAGNOLIA AVE; CHEVRON,COR
,,19C080986,10:26:12 08/31/19,l,Property Check,4,1285 MAGNOLIA AVE; LOWES,COR
,,19C080987,10:26:56 08/31/19,l,911 Hangup,2,1717 VIA DEL RIO; IGLESIA CHURCH,COR
,,19C080988,10:29:58 08/31/19,l,Accident,2,VILLAGE LOOP DR & HIDDEN VALLEY PKWY,COR
,,19C080989,10:33:15 08/31/19,l,Property Check,4,232 GRANITE ST; ADVANCED FLOW ENGINEERING,COR
,,19C080991,10:40:20 08/31/19,l,Disturb Peace P,4,615 RICHEY ST; PROMENADE PARK,COR
,,19C080992,10:47:19 08/31/19,l,911 Hangup,2,134 N SHERMAN AVE,COR
,,19C080993,10:48:08 08/31/19,l,Susp Person,3,1312 CAMELOT DR ;POSS 5150 OR 11550,COR
,,19C080994,10:56:27 08/31/19,l,Keep The Peace,3,175 N MCKINLEY ST; SHELL GAS,COR
,,19C080995,10:57:00 08/31/19,l,Mail Theft P,4,2380 PEPPERWOOD LN,COR
,,19C080996,10:57:49 08/31/19,f,ZZResdntal Alr,1,403 TERMINO AVE,COR
,,19C080997,10:57:54 08/31/19,f,ZZBreathing,1,4513 TEMESCAL CANYON RD # 202; ENCANTO APARTMENTS,COR
,,19C080999,11:02:25 08/31/19,l,Man With A Gun,1,450 HIDDEN VALLEY PKWY; CHICK FIL A,COR
,,19C081000,11:05:37 08/31/19,l,Battery,2,797 LASSEN DR,COR
,,19C081001,11:09:40 08/31/19,l,Disturb Peace,3,2260 GRIFFIN WAY; AYRES SUITES,COR
YES,'Nature' garbled text (embedded symbol),19C081002,11:11:38 08/31/19,f,ZZFaint/Uncons,1,947 ESTHER DR,COR
,,19C081003,11:13:59 08/31/19,l,Alarm Call,2,320 W GRAND BLVD; CASA DE LA VILLA APTS,COR
,,19C081004,11:23:58 08/31/19,l,Defraud Inkpr P,4,420 N MAIN ST; #102;MIROCKI'S,COR
YES,'Location' garbled/scrambled text,19C081005,11:32:10 08/31/19,l,Alarm Call,2,1855 HILLTOP CIR;DONNELL RESD,COR
,,19C081006,11:33:50 08/31/19,l,Ill Parked Veh,4,995 POMONA RD; CORONA WEST MHP,COR
,,19C081007,11:40:09 08/31/19,l,Disturb Peace,3,111 N LINCOLN AVE; ARCO AM PM,COR
,,19C081010,11:42:43 08/31/19,l,Property Check,4,2355 COMPTON AVE; LA FITNESS,COR
,,19C081011,11:51:57 08/31/19,lf,ZZSick,1,204 E SIXTH ST; BANK OF AMERICA,COR
,,19C081012,11:56:50 08/31/19,l,911 Hangup,2,130 W CHASE DR; HEBREWS,COR
,,19C081013,11:57:50 08/31/19,l,Traffic Stop,4,BORDER AVE & PEACOCK LN,COR
,,19C081014,12:01:34 08/31/19,l,Accident,2,MAGNOLIA AVE & 15 SB ON RAMP,COR
,,19C081016,12:10:10 08/31/19,l,Disturb Peace,3,200 N LINCOLN AVE; MOTEL 6;REF TO LV,COR
,,19C081018,12:20:52 08/31/19,l,Traffic Stop,4,BORDER AVE & PEACOCK LN,COR
,,19C081019,12:23:28 08/31/19,l,Alarm Call,2,2790 CABOT DR # 125; BURNING DESIRE,COR
,,19C081020,12:25:33 08/31/19,f,ZZFall,1,839 RIVER RD; RIVER RUN SR APTS ;#207,COR
,,19C081021,12:29:33 08/31/19,l,Ill Parked Veh,4,500 W SEVENTH ST; GRIMESAKES FAMILY FUNERAL HOME,COR
,,19C081022,12:30:40 08/31/19,l,Susp Person,3,2721 GREEN RIVER RD;#105;HAIR WAVES,COR
,,19C081024,12:33:26 08/31/19,l,Trespass,3,1065 E THIRD ST,COR
,,19C081025,12:34:46 08/31/19,l,Disturb Peace,3,2191 SAMPSON AVE; #103; CARPET IN,COR
,,19C081026,12:39:25 08/31/19,l,911 Hangup,2,RIVER RD & N COTA ST,COR
,,19C081027,12:39:58 08/31/19,l,Accident,2,W SIXTH ST & S LINCOLN AVE,COR
,,19C081028,12:40:38 08/31/19,lf,Unknown Problem,1,906 W ORANGE HEIGHTS LN,COR
,,19C081030,12:45:28 08/31/19,l,911 Hangup,2,1084 POMONA RD; BEST WESTERN,COR
,,19C081031,12:46:05 08/31/19,l,Veh Burg Past,4,330 N MCKINLEY ST; ROSS DRESS FOR LESS,COR
,,19C081032,12:47:11 08/31/19,l,Ill Parked Veh,4,500 W SEVENTH ST; GRIMESAKES FAMILY FUNERAL HOME,COR
,,19C081033,12:52:30 08/31/19,lf,Accident Inj,1,15 SB HIDDEN VALLEY MAGNOLIA,COR
,,19C081034,13:01:42 08/31/19,l,911 Hangup,2,1183 BELRIDGE PL,COR
,,19C081035,13:03:32 08/31/19,l,Traffic Stop,4,W ONTARIO AVE & DOVE CT,COR
,,19C081037,13:04:27 08/31/19,l,Loud Noise,3,828 W EIGHTH ST,COR
,,19C081038,13:26:40 08/31/19,f,ZZChest Pains,1,602 W SIXTH ST; CLINICA MI PUEBLO,COR
,,19C081039,13:28:45 08/31/19,l,Patrol Info,4,2158 PEBBLEHILL CIR,COR
,,19C081040,13:32:53 08/31/19,l,Disturb Peace,3,204 E SIXTH ST; BANK OF AMERICA,COR
,,19C081041,13:38:46 08/31/19,l,Z-Animal Svcs,4,300 N MCKINLEY ST # 101; PIEOLOGY,COR
,,19C081042,13:39:28 08/31/19,l,Vandalism Past,4,W SIXTH ST & S LINCOLN AVE,COR
,,19C081045,13:50:38 08/31/19,f,ZZDiabetic,1,3533 SUMMERTREE LN,COR
,,19C081046,13:53:21 08/31/19,l,Disturb Peace,3,341 S LINCOLN AVE ; #A GAS COMPANY,COR
,,19C081047,13:58:24 08/31/19,l,Battery,2,1362 W SIXTH ST; EDWARDS R V,COR
,,19C081048,13:59:42 08/31/19,l,Follow Up,4,1285 MAGNOLIA AVE; LOWES,COR
,,19C081049,14:01:58 08/31/19,f,ZZFwy Acc w/ inj,1,91 WB 71 GREEN RIVER,RVC
,,19C081050,14:02:36 08/31/19,l,Follow Up,4,1290 E ONTARIO AVE; WALMART,COR
,,19C081051,14:03:02 08/31/19,l,Auto Theft,2,431 N MCKINLEY ST; CIRCLE K INSDIE MOBIL GAS,COR
,,19C081053,14:06:50 08/31/19,l,Vehicle Check,4,MOUNT HUMPHRIES ST & ARABIAN WAY,COR
,,19C081054,14:07:21 08/31/19,l,Indecent Expose,2,120 W PARKRIDGE AVE; WALGREENS 07591 AT NORTH MAIN PLAZA,COR
,,19C081055,14:11:09 08/31/19,l,Area Check,3,479 N MCKINLEY ST; WALMART,COR
,,19C081056,14:12:04 08/31/19,l,Drunk Driver,2,S MAIN ST & E FOURTH ST;POSS,COR
,,19C081057,14:15:59 08/31/19,l,Annoying Calls,3,418 N MAIN ST ; #422; METRO AT MAIN APTS,COR
,,19C081058,14:17:16 08/31/19,f,ZZBreathing,1,1410 GARRETSON AVE,COR
YES,'Nature' garbled text (embedded symbol),19C081060,14:23:40 08/31/19,f,ZZFaint/Uncons,1,2765 LAKESHORE DR; CITRUS CITY GRILLE,COR
,,19C081061,14:24:01 08/31/19,l,DV-Assault,2,510 W ELEVENTH ST,COR
,,19C081062,14:24:38 08/31/19,l,Patrol Info,4,RIVER RD & N COTA ST,COR
,,19C081064,14:40:43 08/31/19,l,Susp Person,3,225 W SIXTH ST; CITIZENS BANK;POSS HSVIOL,COR
,,19C081065,14:41:16 08/31/19,l,Traffic Stop,4,E FOOTHILL PKWY & TEDDY BEAR LN,COR
,,19C081066,14:42:04 08/31/19,l,Battery,1,420 N MCKINLEY ST # 114,COR
,,19C081067,14:47:00 08/31/19,l,Auto Theft Past,3,800 S MAIN ST; CORONA REGIONAL MEDICAL CENTER,COR
,,19C081068,14:49:25 08/31/19,l,911 Hangup,2,800 S MAIN ST; CORONA REGIONAL MEDICAL CENTER,COR
,,19C081069,14:55:05 08/31/19,l,911 Hangup,2,480 N MCKINLEY ST,COR
,,19C081071,15:02:42 08/31/19,l,Accident,2,FULLERTON AVE & MAGNOLIA AVE,COR
,,19C081072,15:04:14 08/31/19,l,Traffic Stop,4,2700 GREEN RIVER RD,COR
,,19C081073,15:06:47 08/31/19,l,Court Order Vio,2,722 HARRIS ST,COR
,,19C081074,15:08:37 08/31/19,l,Runaway,3,1426 MEADOWCREST CIR,COR
,,19C081077,15:17:44 08/31/19,l,911 Hangup,2,3594 NELSON ST,COR
,,19C081080,15:25:09 08/31/19,l,911 Hangup,2,1210 MAGNOLIA AVE;PHASE 2,COR
,,19C081081,15:25:19 08/31/19,l,Area Check,3,2624 GARRETSON AVE,COR
,,19C081082,15:25:34 08/31/19,l,Hazard,3,1212 MAGNOLIA AVE;EL SUPER,COR
,,19C081083,15:25:53 08/31/19,l,Alarm Call,2,179 TAMARACK DR,COR
,,19C081084,15:27:41 08/31/19,lf,Assist Othr Dpt,2,2187 COMPTON AVE;CFD ENR,COR
,,19C081085,15:33:16 08/31/19,l,Traffic Stop,4,E FOOTHILL PKWY & MONTICELLO DR,COR
,,19C081088,15:41:20 08/31/19,l,Ped Check,4,W EIGHTH ST & S BUENA VISTA AVE,COR
,,19C081089,15:41:46 08/31/19,l,Resid Burg Past,4,625 LACEY OAK DR,COR
,,19C081090,15:45:49 08/31/19,l,Traffic Stop,4,PROMENADE AVE & MONDALE ST,COR
,,19C081091,15:52:06 08/31/19,l,Disturb Peace,3,111 N LINCOLN AVE; ARCO AM PM;HOMELESS,COR
,,19C081092,15:53:20 08/31/19,f,ZZTrauma,1,4137 MOODY ST,HGS
,,19C081093,15:53:57 08/31/19,l,Susp Person,3,910 W ONTARIO AVE; RITE AID 5583,COR
,,19C081094,15:58:19 08/31/19,l,Patrol Info,4,N MCKINLEY ST & 91 WB ON RAMP;23103,COR
,,19C081095,16:02:36 08/31/19,l,Keep The Peace,3,2160 EVENINGWIND DR # 359,COR
,,19C081097,16:12:43 08/31/19,l,Disturb Peace P,4,4637 TEMESCAL CANYON RD ; LL CONT,COR
,,19C081098,16:22:09 08/31/19,l,Alarm Call,2,1220 GRAPHITE DR;ISO-MED,COR
,,19C081099,16:38:43 08/31/19,l,911 Hangup,2,598 SANTANA WAY; SKATE PARK SANTANA PARK,COR
,,19C081100,16:40:42 08/31/19,l,911 Hangup,2,209 E BLAINE ST,COR
,,19C081101,16:42:59 08/31/19,l,Stranded Veh,3,N MCKINLEY ST & 91 EB ON RAMP,COR
,,19C081102,16:45:11 08/31/19,l,Traffic Stop,4,W SIXTH ST & S VICENTIA AVE,COR
,,19C081103,16:45:27 08/31/19,l,Illegal Entry,3,2550 WARDLOW RD ; AUTO GALLERY MITSUBISHI,COR
,,19C081104,16:46:50 08/31/19,l,Keep The Peace,3,2550 WARDLOW RD,COR
,,19C081105,16:49:58 08/31/19,l,Disturb Peace,3,1146 W SIXTH ST; BURGER KING,COR
,,19C081108,17:05:59 08/31/19,l,911 Hangup,2,400 S VICENTIA AVE;PHASE 1,COR
,,19C081110,17:11:12 08/31/19,l,Alarm Call,2,989 PALERMO LN,COR
,,19C081111,17:12:46 08/31/19,l,911 Hangup,2,733 W CRESTVIEW ST,COR
,,19C081112,17:14:00 08/31/19,l,Vandalism Past,4,5215 GREEN RIVER RD,COR
,,19C081114,17:18:51 08/31/19,l,Property Check,4,1010 RAILROAD ST; MAURICIOS TRUCKING,COR
,,19C081115,17:21:49 08/31/19,f,ZZMedical Alert,1,605 ALTA VISTA AVE;BENTICK RESD,COR
,,19C081116,17:23:51 08/31/19,l,Ped Check,4,1190 W SIXTH ST,COR
,,19C081117,17:24:19 08/31/19,l,Area Check,2,E ONTARIO AVE & COMPTON AVE ;MALE W/ KNIFE,COR
,,19C081119,17:26:06 08/31/19,l,Alarm Call,2,1400 FULLERTON AVE; EXCELSIOR SCHOOL,COR
,,19C081120,17:26:30 08/31/19,l,Flag Down,4,CRESTA RD & RIPCHAK RD,COR
,,19C081122,17:28:11 08/31/19,f,ZZTrauma,1,1180 W EIGHTH ST # F,COR
,,19C081123,17:31:48 08/31/19,l,Alarm Call,2,345 CESSNA CIR;EXIDE,COR
,,19C081124,17:40:58 08/31/19,l,Hit Run No Inj,2,1248 W SIXTH ST; WELCOME INN,COR
,,19C081125,17:43:48 08/31/19,l,911 Hangup,2,1266 RYAN LN # L,COR
,,19C081126,17:46:44 08/31/19,l,911 Hangup,2,15 NB MAGNOLIA HIDDEN VALLEY,COR
,,19C081127,17:51:41 08/31/19,l,Resid Burg Past,4,932 E FRANCIS ST,COR
,,19C081128,17:54:02 08/31/19,l,911 Hangup,2,665 W RINCON ST,COR
,,19C081129,17:56:23 08/31/19,l,Patrol Info,4,1499 CHALGROVE DR,COR
,,19C081132,18:13:28 08/31/19,l,Accident,2,PROMENADE AVE & TERRA DR,COR
,,19C081134,18:15:32 08/31/19,l,Alarm Call,2,1342 CARRIAGE LN,COR
,,19C081135,18:20:01 08/31/19,l,Z-Animal Svcs,4,3005 PEARSON CIR,COR
,,19C081138,18:24:49 08/31/19,l,Alarm Call,2,2880 CALIFORNIA AVE; CORONA METHODIST CHURCH,COR
,,19C081141,18:32:13 08/31/19,l,Traffic Stop,4,1237 W SIXTH ST,COR
,,19C081143,18:34:53 08/31/19,l,Follow Up,4,730 PUBLIC SAFETY WAY; CORONA POLICE,COR
,,19C081144,18:40:07 08/31/19,l,Follow Up,4,901 S SMITH AVE,COR
,,19C081145,18:41:36 08/31/19,l,Area Check,3,OLD TEMESCAL AT 15,COR
,,19C081146,18:44:40 08/31/19,l,Susp Person,3,3469 GRAND OAKS; POSS 490.2; MICHAELS,COR
,,19C081147,18:57:13 08/31/19,l,Disturb Peace,3,611 W SIXTH ST;ODDFELLOW REBECCA LODGE;HOMELESS,COR
,,19C081148,18:59:34 08/31/19,l,911 Hangup,2,3659 ROCKROSE DR,COR
,,19C081149,19:01:25 08/31/19,lf,Accident Inj,1,E GRAND BLVD & S MAIN ST,COR
,,19C081150,19:01:33 08/31/19,l,911 Hangup,2,4190 BENNETT AVE; EAGLE GLEN COMMUNITY PARK,COR
,,19C081151,19:04:36 08/31/19,l,Property Check,4,2800 CAJALCO RD,COR
,,19C081152,19:16:25 08/31/19,l,Hazard,3,N MAIN ST & RIVER RD; HOMELESS,COR
,,19C081153,19:17:23 08/31/19,l,Property Check,4,524 MALLOY CT,COR
,,19C081154,19:26:31 08/31/19,l,Hit Run No Inj,2,1353 W SIXTH ST,COR
,,19C081155,19:26:48 08/31/19,l,911 Hangup,2,3960 S MAIN ST,COR
,,19C081156,19:27:19 08/31/19,l,911 Hangup,2,421 E FIFTH ST,COR
,,19C081157,19:27:30 08/31/19,f,ZZSick,1,421 E FIFTH ST,COR
,,19C081158,19:35:46 08/31/19,l,Trespass,3,1650 GARRETSON AVE; GARRETSON ELEMENTARY SCHOOL,COR
,,19C081159,19:43:26 08/31/19,l,911 Hangup,2,2350 CLAUDIA ST,COR
,,19C081160,19:47:37 08/31/19,l,Drunk In Public,2,1288 BORDER AVE;POSS 5150,COR
,,19C081161,19:52:33 08/31/19,l,Vehicle Check,4,1244 CIRCLE CITY DR,COR
,,19C081162,19:53:32 08/31/19,l,Follow Up,4,3760 N MCKINLEY ST; CORPUS CHRISTI CHURCH,HGS
,,19C081163,19:53:57 08/31/19,l,Follow Up,4,730 PUBLIC SAFETY WAY; CORONA POLICE,COR
,,19C081164,19:57:36 08/31/19,l,Area Check,3,MISTY MOUNTAIN DR & SUGARPINE DR,COR
,,19C081166,20:05:53 08/31/19,l,Assist Othr Dpt,3,2615 TUSCANY ST; TARGET STORES T1548 AT THE CROSSINGS;FONT P,COR
,,19C081167,20:09:16 08/31/19,l,Property Check,4,450 AUTO CENTER DR; IN N OUT BURGER 25,COR
,,19C081168,20:10:29 08/31/19,l,Traffic Stop,4,N JOY ST & E PARKRIDGE AVE,COR
,,19C081169,20:11:10 08/31/19,l,Loud Noise,3,349 APPLEBY ST,COR
,,19C081170,20:21:59 08/31/19,l,911 Hangup,2,510 ALCOA CIR,COR
,,19C081172,20:25:46 08/31/19,l,Ped Check,4,2615 TUSCANY ST; TARGET STORES T1548 AT THE CROSSINGS,COR
,,19C081173,20:28:05 08/31/19,l,Property Check,4,480 N MAIN ST; STARBUCKS,COR
,,19C081174,20:28:36 08/31/19,l,Hazard,3,W RINCON ST & ALCOA CIR,COR
,,19C081175,20:32:33 08/31/19,l,Susp Person,3,315 MAGDALENA CIR # D,COR
,,19C081177,20:34:26 08/31/19,l,Loud Party,3,3255 HUNTFIELD ST,COR
,,19C081178,20:37:14 08/31/19,l,Traffic Stop,4,1500 CRESTA RD,COR
,,19C081179,20:37:25 08/31/19,l,911 Hangup,2,598 SANTANA WAY; SANTANA PARK,COR
,,19C081180,20:37:50 08/31/19,l,Vehicle Check,4,1150 PASEO GRANDE; CESAR CHAVEZ ELEMENTARY SCHOOL,COR
,,19C081181,20:38:36 08/31/19,l,Disturb Peace,3,150 W PARKRIDGE AVE; RODRIGOS;HOMELESS,COR
,,19C081182,20:40:55 08/31/19,l,Property Check,4,4350 GREEN RIVER RD; UNOCAL GAS,COR
,,19C081184,20:42:00 08/31/19,l,Property Check,4,104 E ONTARIO AVE; FIRST BANK,COR
,,19C081183,20:42:00 08/31/19,l,Citizen Contact,3,2926 WILD SPRINGS LN,COR
,,19C081185,20:43:11 08/31/19,f,ZZMedical Alert,1,839 RIVER RD; #112,COR
,,19C081187,20:45:56 08/31/19,l,Suspicious Circ,3,2660 GERRY CIR,COR
,,19C081188,20:46:59 08/31/19,l,911 Hangup,2,1220 W ONTARIO AVE; CORONA FRIENDS CHURCH,COR
,,19C081189,20:48:41 08/31/19,l,Comm Burg Past,4,3915 GREEN RIVER RD; CUBE SMART STORAGE,COR
,,19C081190,20:48:46 08/31/19,l,Property Check,4,280 E ONTARIO AVE; PEACE LUTHERAN CHURCH,COR
,,19C081191,20:48:50 08/31/19,lf,Choking,1,1360 AVENIDA DEL VISTA,COR
,,19C081194,20:58:39 08/31/19,l,Domestic Distur,2,462 CORONA MALL; LIBERTY TAX,COR
,,19C081195,20:59:12 08/31/19,l,Traffic Stop,4,1698 W SIXTH ST # A; 7 11 STORE WEST,COR
YES,'Location' garbled/scrambled text,19C081196,21:00:47 08/31/19,l,911 Hangup,2,935 HORATIO AVE;ABAND RESD,COR
,,19C081197,21:04:55 08/31/19,l,Property Check,4,1180 E ONTARIO AVE; JACK IN THE BOX,COR
,,19C081198,21:05:08 08/31/19,l,Shots Heard,3,4468 SIGNATURE DR,COR
,,19C081199,21:05:49 08/31/19,l,Shots Heard,2,4372 DRIVING RANGE RD,COR
,,19C081201,21:07:43 08/31/19,f,ZZSeizure,1,9069 CAJALCO RD,RVC
,,19C081202,21:09:22 08/31/19,f,Cardiac Arrest,1,2600 S MAIN ST; #112A; CORONA POST ACUTE,COR
,,19C081203,21:13:53 08/31/19,l,Alarm Call,2,750 S LINCOLN AVE # 101; VERIZON STORE,COR
,,19C081204,21:15:34 08/31/19,l,Domestic Distur,2,1535 BORDER AVE # A,COR
,,19C081205,21:15:51 08/31/19,l,Loud Noise,3,384 SELKIRK DR,COR
,,19C081206,21:23:08 08/31/19,l,Disturb Peace,3,1285 MAGNOLIA AVE; LOWES,COR
,,19C081207,21:23:36 08/31/19,f,ZZSick,1,4358 DRIVING RANGE RD,COR
YES,'Location' garbled/scrambled text,19C081208,21:24:29 08/31/19,l,Loud Party,3,3255 HUNTFIELD ST;2ND RESPONSE,COR
,,19C081210,21:33:59 08/31/19,l,911 Hangup,2,1400 NICHOLAS PL,COR
,,19C081211,21:40:19 08/31/19,l,Loud Party,3,362 BLACKPINE DR,COR
,,19C081212,21:41:38 08/31/19,l,Dist/Verbal,2,1330 W SIXTH ST; MICHELLES,COR
,,19C081213,21:42:19 08/31/19,l,Traffic Stop,4,PASEO GRANDE & VIA DEL RIO,CRA
,,19C081214,21:44:11 08/31/19,l,Loud Noise,3,660 FORD ST,COR
,,19C081215,21:55:13 08/31/19,l,Loud Party,3,2155 VALOR CIR,COR
,,19C081216,22:01:50 08/31/19,l,Susp Person,3,2330 KELLOGG AVE,COR
,,19C081217,22:03:39 08/31/19,l,Trespass,3,1504 TABER ST; CANYON COMMUNITY CHRUCH OF THE NAZARENE,COR
,,19C081218,22:10:36 08/31/19,l,Loud Noise,3,616 LANCER LN; MUSIC,COR
,,19C081219,22:11:29 08/31/19,l,Loud Party,3,221 SUFFOLK ST,COR
,,19C081220,22:15:51 08/31/19,l,Loud Party,3,2602 STAR CREST LN,COR
,,19C081221,22:16:35 08/31/19,l,911 Hangup,2,702 E SIXTH ST; ARCO AM PM,COR
,,19C081222,22:19:52 08/31/19,f,ZZFall,1,2600 S MAIN ST; #118A; CORONA POST ACUTE,COR
,,19C081223,22:26:57 08/31/19,l,Property Check,4,2214 VESPER CIR; J AND J MASSAGE W J M,COR
,,19C081224,22:30:19 08/31/19,l,Traffic Stop,4,E SIXTH ST & FULLER ST,COR
,,19C081225,22:31:23 08/31/19,l,Property Check,4,440 RIVER RD # I; J AND M MARKET,COR
,,19C081226,22:34:40 08/31/19,l,Susp Vehicle,3,2325 MANZANITA RD ;OCC'D,COR
,,19C081228,22:40:11 08/31/19,l,Loud Party,3,3255 HUNTFIELD ST; 2ND RESP,COR
,,19C081229,22:43:55 08/31/19,l,Loud Party,3,1208 E ST,COR
,,19C081230,22:45:10 08/31/19,l,Property Check,4,1212 MAGNOLIA AVE; EL SUPER,COR
,,19C081234,22:47:36 08/31/19,l,Keep The Peace,3,550 WELLESLEY DR # 104,COR
,,19C081235,22:54:03 08/31/19,l,Loud Party,3,378 CABRILLO CIR,COR
,,19C081236,22:55:09 08/31/19,l,Z-Animal Neglec,2,4148 JAMESON DR,COR
,,19C081237,22:56:53 08/31/19,l,Public Service,3,2015 W ONTARIO AVE,COR
,,19C081239,23:03:46 08/31/19,l,Assist Othr Dpt,3,1315 W EIGHTH ST # A; RSO,COR
,,19C081240,23:04:13 08/31/19,l,Loud Party,3,STAGECOACH RD & CHEYENNE RD,COR
,,19C081241,23:15:57 08/31/19,l,Traffic Stop,4,930 E SIXTH ST; CITY PARK,COR
,,19C081242,23:16:28 08/31/19,l,Ill Parked Veh,4,2649 CAMINO DEL NINOS CT,COR
,,19C081243,23:20:52 08/31/19,l,Loud Party,3,520 HARDING RD,COR
,,19C081244,23:27:08 08/31/19,l,Vehicle Check,4,1635 KELLOGG AVE; KELLOGG PARK,COR
,,19C081246,23:39:08 08/31/19,l,Loud Party,3,776 SUMMIT VIEW CT,COR
,,19C081247,23:42:54 08/31/19,l,Traffic Stop,4,RIMPAU AVE & CIRCLE CITY DR,COR
,,19C081248,23:45:56 08/31/19,l,Property Check,4,725 E GRAND BLVD; 7 11 STORE EAST,COR
,,19C081250,23:46:26 08/31/19,l,911 Hangup,2,1808 DANA ST,COR
,,19C081251,23:47:36 08/31/19,l,Loud Party,3,2320 WHITE OAK LN,COR
,,19C081253,23:52:29 08/31/19,l,Property Check,4,314 E SIXTH ST,COR
,,19C081255,23:54:18 08/31/19,l,Loud Party,3,154 N BUENA VISTA AVE,COR
,,19C081256,23:55:17 08/31/19,l,Loud Party,3,370 CABRILLO CIR,COR
,,19C081257,23:58:56 08/31/19,l,Hazard,3,FULLERTON AVE & VALENCIA RD,COR
,,19C081259,00:01:57 09/01/19,l,Disturb Peace,3,4901 GREEN RIVER RD # 124; FAMILY,COR
,,19C081260,00:02:17 09/01/19,l,Alarm Call,2,1820 RIMPAU AVE; CENTENNIAL HIGH SCHOOL,COR
,,19C081262,00:03:29 09/01/19,l,Property Check,4,2661 GREEN RIVER RD; UNION BANK INSIDE RALPHS,COR
,,19C081263,00:05:42 09/01/19,l,Susp Person,3,1560 W SIXTH ST ; WALMART,COR
,,19C081264,00:07:53 09/01/19,l,Assist Othr Dpt,3,1686 VIA PACIFICA,COR
,,19C081265,00:12:48 09/01/19,l,911 Hangup,2,2780 GRIFFIN WAY,COR
,,19C081266,00:13:42 09/01/19,l,Loud Party,3,3519 BELVEDERE WAY,COR
,,19C081267,00:23:07 09/01/19,l,911 Hangup,2,3455 ESTELLE STREET,
,,19C081268,00:24:06 09/01/19,l,Traffic Stop,4,BERN DR & AVENIDA DEL VISTA,COR
,,19C081269,00:25:45 09/01/19,l,Domestic Distur,2,2168 PARKSIDE DR # 407,COR
,,19C081270,00:28:15 09/01/19,f,ZZPublicSrvceF,2,4637 TEMESCAL CANYON RD ; #308; ENCANTO APTS,COR
,,19C081272,00:31:04 09/01/19,l,Dist/Physical,1,411 E OLD MILL RD; POSS PHYS HEARD ONLY,COR
,,19C081274,00:32:03 09/01/19,l,Property Check,4,1191 MAGNOLIA AVE; THE UPS STORE 1876 AT TEMESCAL VILLAGE PL,COR
,,19C081276,00:44:54 09/01/19,l,Traffic Stop,4,W SECOND ST & W GRAND BLVD,COR
,,19C081277,00:45:42 09/01/19,f,ZZBreathing,1,1315 CARRIAGE LN,COR
,,19C081278,00:46:25 09/01/19,f,ZZAbdominalPa in,1,911 ANDREA LN # 206,COR
,,19C081279,00:50:36 09/01/19,l,Dist/Physical,1,1360 RIVER RD,COR
,,19C081280,00:51:05 09/01/19,l,Found Property,4,550 HIDDEN VALLEY PKWY; STATER BROS MARKETS,COR
,,19C081281,00:56:25 09/01/19,l,Ped Check,4,N LINCOLN AVE & HARRINGTON ST,COR
,,19C081282,00:56:53 09/01/19,l,Property Check,4,1701 W SIXTH ST,COR
,,19C081283,01:03:52 09/01/19,l,Patrol Info,4,GRAPE AND RAILROAD,
,,19C081285,01:06:51 09/01/19,l,Alarm Call,2,1301 POMONA RD; SUNSET VANS INC,COR
,,19C081286,01:09:55 09/01/19,l,Traffic Stop,4,S LINCOLN AVE & HIGHGROVE ST,COR
,,19C081288,01:15:19 09/01/19,l,Alarm Call,2,1632 RAILROAD ST;PEACH STATE ROOFING,COR
,,19C081289,01:17:00 09/01/19,l,Property Check,4,1421 TAYLOR AVE,COR
,,19C081290,01:18:03 09/01/19,l,Property Check,4,195 W ONTARIO AVE; B B V A COMPASS AT MAIN ST VILLAGE,COR
,,19C081291,01:20:09 09/01/19,l,Loud Party,3,925 MESA VERDE AVE # C,COR
,,19C081292,01:20:43 09/01/19,l,Property Check,4,130 W FOOTHILL PKWY; CHEVRON GAS,COR
,,19C081293,01:27:01 09/01/19,l,Loud Party,3,995 POMONA RD # 29,COR
,,19C081294,01:29:20 09/01/19,l,Dist/Verbal,2,1023 PLACID DR,COR
,,19C081295,01:30:18 09/01/19,f,ZZFwy Acc w/ inj,1,91 WB LINCOLN MAPLE,COR
,,19C081300,01:41:08 09/01/19,l,Property Check,4,472 PENROSE DR; PENROSE APTS,COR
,,19C081302,01:43:56 09/01/19,l,Loud Noise,3,520 RICHEY ST # 201,COR
,,19C081303,01:46:29 09/01/19,l,Alarm Call,2,1845 SAMPSON AVE; BYSON MANUFACTURING INC,COR
,,19C081304,01:54:55 09/01/19,l,Property Check,4,185 MAGNOLIA AVE; LEE POLLARD HIGH SCHOOL,COR
,,19C081306,02:01:35 09/01/19,l,Domestic Distur,2,3552 LEHIGH CIR,COR
,,19C081309,02:04:59 09/01/19,l,Property Check,4,2849 S MAIN,COR
,,19C081310,02:18:14 09/01/19,l,911 Hangup,2,857 BUCKEYE CIR,COR
,,19C081312,02:24:03 09/01/19,l,Alarm Call,2,2661 PRESIDIO CIR,COR
,,19C081313,02:44:14 09/01/19,l,Loud Party,3,2152 BROWNING CIR,COR
,,19C081314,03:04:06 09/01/19,l,Disturb Peace,3,934 NOTTINGHAM DR; FAMILY,COR
,,19C081315,03:04:15 09/01/19,l,Property Check,4,130 W FOOTHILL PKWY; CHEVRON GAS,COR
,,19C081316,03:05:26 09/01/19,l,Suspicious Circ,3,1620 BERRYWOOD CT ; #A,COR
,,19C081317,03:18:50 09/01/19,l,Alarm Call,2,5215 GREEN RIVER RD,COR
,,19C081318,03:25:05 09/01/19,l,Property Check,4,2585 S MAIN ST; SOUTH HILLS CHURCH,COR
,,19C081319,03:29:25 09/01/19,l,Property Check,4,469 MAGNOLIA AVE # 102; CORONA VILLAGE DENTAL,COR
,,19C081320,03:33:00 09/01/19,l,Property Check,4,387 MAGNOLIA AVE; FANTASTIC SAMS AT CORONA VILLAGE,COR
,,19C081321,03:41:45 09/01/19,l,Loud Party,3,2152 BROWNING CIR ; 2ND RESP,COR
,,19C081322,03:44:55 09/01/19,f,ZZTrauma,1,E SIXTH ST & S VICTORIA AVE ; STAGE,COR
,,19C081323,03:45:29 09/01/19,l,Dist/Physical,1,424 S VICTORIA AVE,COR
,,19C081324,03:55:40 09/01/19,l,Susp Vehicle,3,1375 E ONTARIO AVE; SAMS CLUB 4709 AT SOUTH POINTE PLAZA,COR
,,19C081325,03:57:26 09/01/19,l,Property Check,4,1598 GARRETSON AVE,COR
,,19C081326,04:16:13 09/01/19,l,Property Check,4,160 E ONTARIO AVE # 101; WINGSTOP AT BENORRIS CENTER,COR
,,19C081327,04:21:46 09/01/19,l,Traffic Stop,4,N MAIN ST & W RINCON ST,COR
,,19C081329,04:41:14 09/01/19,f,ZZSeizure,1,432 YOSEMITE CIR,COR
,,19C081330,05:02:28 09/01/19,l,Property Check,4,1140 E ONTARIO AVE; CHEVRON STATION,COR
,,19C081331,05:09:00 09/01/19,l,Alarm Call,2,353 MEYER CIR; CORE MARK DISTRIBUTORS,COR
,,19C081335,06:37:04 09/01/19,f,ZZFwy Acc w/ inj,1,91 WB 71 GREEN RIVER,RVC
,,19C081338,07:14:04 09/01/19,l,911 Hangup,2,770 MCGRATH DR,
,,19C081339,07:20:41 09/01/19,l,Traffic Stop,4,FOOTHILL AND WEST CHASE,
,,19C081341,07:24:00 09/01/19,l,Keep The Peace,3,299 WELLESLEY CT # 103,COR
,,19C081342,07:25:29 09/01/19,l,Susp Person,3,1031 E GRAND BLVD,COR
,,19C081346,07:35:12 09/01/19,f,ZZAA MedicalAid,1,7510 RUDELL RD,ELC
,,19C081347,07:36:28 09/01/19,f,ZZAA Fire,1,RAWLEY ST & BURRERO WAY,COR
,,19C081348,07:38:14 09/01/19,l,Traffic Stop,4,W FOOTHILL PKWY & ELYSIA ST,COR
,,19C081350,07:43:55 09/01/19,l,Veh Burg Past,4,3011 MOUNTAINSIDE DR; LL CONT,COR
,,19C081351,07:44:38 09/01/19,l,Area Check,3,404 W FOURTH ST,COR
,,19C081353,07:48:19 09/01/19,l,Open Door,2,1120 CALIFORNIA AVE,COR
,,19C081354,07:54:45 09/01/19,l,911 Hangup,2,3600 SANTA CLARA CIR,COR
,,19C081357,08:04:17 09/01/19,l,Area Check,3,1735 W SIXTH ST; ARCO AM PM,COR
,,19C081358,08:06:13 09/01/19,l,Shots Heard,3,2115 WOODLAWN DR,COR
,,19C081360,08:14:23 09/01/19,l,Suspicious Circ,3,928 E ONTARIO AVE,COR
,,19C081361,08:19:51 09/01/19,l,Domestic Distur,2,1155 E ONTARIO AVE; RIMPAU PARK,COR
,,19C081363,08:26:59 09/01/19,lf,ZZHydrant Flow,1,AVENIDA DEL VISTA & VIA DEL RIO,COR
,,19C081365,08:31:30 09/01/19,l,Z-Animal Svcs,4,S MAIN ST & MAGNOLIA AVE,COR
,,19C081366,08:33:01 09/01/19,l,Alarm Call,2,400 S RAMONA AVE # 102; NOTARTY GO,COR
,,19C081367,08:33:56 09/01/19,l,Property Check,4,650 S MAIN ST; CITY LIBRARY,COR
,,19C081371,08:44:46 09/01/19,l,Disturb Peace,3,1442 DYER WAY,COR
,,19C081373,08:54:57 09/01/19,l,Alarm Call,2,313 N GARFIELD AVE;MAX IT BID,COR
,,19C081375,08:58:46 09/01/19,l,Disturb Peace,3,1735 W SIXTH ST; ARCO AM PM,COR
,,19C081376,09:08:34 09/01/19,lf,Man Down,1,W FOOTHILL PKWY & S LINCOLN AVE,COR
,,19C081377,09:08:44 09/01/19,l,Property Check,4,2650 OAK AVE; FRANKLIN ELEMENTARY SCHOOL,COR
,,19C081378,09:11:00 09/01/19,l,Assist Othr Dpt,3,1157 TOPAZ ST,COR
,,19C081379,09:15:55 09/01/19,l,911 Hangup,2,130 W CHASE DR; HEBREWS,COR
,,19C081381,09:23:05 09/01/19,l,Disturb Peace,3,623 N MAIN ST;D11,COR
,,19C081382,09:24:33 09/01/19,l,Under Influence,2,1825 W SIXTH ST; SHELL GAS,COR
,,19C081383,09:24:49 09/01/19,l,911 Hangup,2,750 YORKSHIRE WAY,COR
,,19C081385,09:26:25 09/01/19,l,911 Hangup,2,598 SANTANA WAY; SKATE PARK SANTANA PARK,COR
,,19C081386,09:26:40 09/01/19,l,Indecent Expose,2,S MAIN ST & W CITRON ST,COR
,,19C081387,09:29:59 09/01/19,lf,Arcing Line,1,639 W MONTEREY RD,COR
,,19C081388,09:31:28 09/01/19,l,Patrol Info,4,2243 EAGLE GLEN PKWY; STATER BROS,COR
,,19C081389,09:32:28 09/01/19,l,Z-Animal Svcs,4,950 PARK LN,COR
,,19C081391,09:34:50 09/01/19,l,Follow Up,4,1025 LA TERRAZA CIR # 308;LW 19-13139,COR
,,19C081392,09:37:45 09/01/19,f,ZZSick,1,1400 CIRCLE CITY DR; #232,COR
,,19C081394,09:55:20 09/01/19,l,Property Check,4,480 N MAIN ST; STARBUCKS,COR
,,19C081395,09:56:14 09/01/19,l,Assist Othr Dpt,3,758 YORKSHIRE WAY,COR
,,19C081396,10:04:50 09/01/19,l,Property Check,4,930 E SIXTH ST; CITY PARK,COR
,,19C081397,10:07:24 09/01/19,l,Patrol Info,4,RIMPAU AVE & MAGNOLIA AVE,COR
,,19C081399,10:17:51 09/01/19,l,Patrol Info,4,W TENTH ST & S SHERMAN AVE,COR
,,19C081400,10:27:34 09/01/19,lf,Accident Unknwn,1,E SIXTH ST & S HOWARD ST,COR
,,19C081403,10:35:17 09/01/19,l,DV-Assault Past,3,371 CABRILLO CIR; LL CONT,COR
,,19C081404,10:35:20 09/01/19,l,Alarm Call,2,720 S TEMESCAL ST; KMM TELE COMMUNICATION,COR
,,19C081405,10:38:46 09/01/19,l,Disturb Peace,3,1261 RYAN LN # A; LINCOLN PARK APARTMENTS,COR
,,19C081406,10:38:59 09/01/19,l,Property Check,4,1140 E ONTARIO AVE; CHEVRON GAS,COR
,,19C081407,10:42:18 09/01/19,l,Disturb Peace,3,418 N MAIN ST;#475;FRNT PKG LOT CPD,COR
,,19C081410,10:50:13 09/01/19,l,Susp Person,3,1299 E ONTARIO AVE; CVS,COR
,,19C081414,10:53:21 09/01/19,l,Vandalism Past,4,S BUENA VISTA AVE & W SIXTH ST,COR
,,19C081415,10:55:49 09/01/19,l,Disturb Peace,3,487 MAGNOLIA AVE,COR
,,19C081416,11:07:39 09/01/19,l,Vandalism Past,4,788 SPRINGWOOD ST,COR
,,19C081417,11:11:05 09/01/19,l,Vandalism Past,4,2178 STONERIDGE RD; ASHTON APTS,COR
,,19C081418,11:19:33 09/01/19,l,911 Hangup,2,1540 PLAZA DE NOCHE # 5; THE COOPER,COR
,,19C081419,11:22:48 09/01/19,l,Lewd Conduct,2,333 MAGNOLIA AVE,COR
,,19C081421,11:31:25 09/01/19,l,Domestic Distur,2,1520 VIA SANTIAGO # 5,COR
,,19C081422,11:34:11 09/01/19,l,911 Hangup,2,910 SAMAR CT # 4,COR
,,19C081423,11:34:19 09/01/19,l,Traffic Stop,4,W SIXTH ST & S LINCOLN AVE,COR
,,19C081424,11:36:14 09/01/19,l,H&S Violation,3,400 S VICENTIA AVE; CITY HALL,COR
,,19C081426,11:38:57 09/01/19,f,ZZSick,1,1665 COOLIDGE ST,COR
,,19C081427,11:46:35 09/01/19,l,911 Hangup,2,881 CORSICA DR,COR
,,19C081428,11:48:55 09/01/19,l,911 Hangup,2,505 S BUENA VISTA AVE,COR
,,19C081433,11:52:34 09/01/19,l,Property Check,4,400 S VICENTIA AVE; CITY HALL,COR
,,19C081434,12:03:33 09/01/19,l,Traffic Stop,4,TEMESCAL CANYON RD & MINNESOTA RD,ELC
,,19C081435,12:18:06 09/01/19,l,Property Check,4,2682 TUSCANY ST,COR
,,19C081436,12:18:07 09/01/19,f,ZZBreathing,1,2300 S MAIN ST # 262; VALENCIA TERRACE,COR
,,19C081437,12:18:51 09/01/19,l,Alarm Call,2,2054 AVENIDA DEL VISTA,COR
,,19C081438,12:23:57 09/01/19,l,Vandalism Past,4,BORDER AVE & S SMITH AVE,COR
,,19C081439,12:28:51 09/01/19,l,Alarm Call,2,2175 SAMPSON AVE # 118; INLAND EMPIRE WEEKLY,COR
,,19C081440,12:28:56 09/01/19,l,911 Hangup,2,3515 DOE SPRING RD,COR
,,19C081441,12:29:31 09/01/19,l,Vandalism Past,4,1255 W TENTH ST,COR
,,19C081442,12:43:37 09/01/19,l,911 Hangup,2,3922 BENNETT AVE,COR
,,19C081443,12:45:26 09/01/19,l,Assist Othr Dpt,3,CITRUS WAY & S MAIN ST,COR
,,19C081444,12:46:29 09/01/19,l,Auto Theft Past,3,1011 RIMPAU AVE # 202;FRNT PKG LOT PD,COR
,,19C081446,12:53:36 09/01/19,l,Welfare Check,2,360 W FOOTHILL PKWY # 102; PICK UP STIX,COR
,,19C081447,13:05:56 09/01/19,l,Accident,2,HIDDEN VALLEY PKWY & N PARKRIDGE AVE,NOR
,,19C081448,13:06:10 09/01/19,l,Keep The Peace,3,3129 BRUNSTANE LN,COR
,,19C081449,13:16:21 09/01/19,l,Dist/Verbal,2,469 MAGNOLIA AVE # 110; STARBUCKS,COR
,,19C081450,13:22:15 09/01/19,l,Petty Theft P,4,1322 W SIXTH ST; CVS PHARMACY 6TH AND SHERMAN,COR
,,19C081451,13:24:06 09/01/19,l,Welfare Check,2,1701 W SIXTH ST;#106,COR
,,19C081454,13:34:17 09/01/19,l,Property Check,4,CITRUS COMMUNITY PARK,COR
,,19C081455,13:35:26 09/01/19,l,Shots Heard,3,1660 FAIRWAY DR,COR
,,19C081456,13:41:47 09/01/19,l,911 Hangup,2,1150 W TENTH ST,COR
,,19C081457,13:42:17 09/01/19,l,Disturb Peace,3,731 VIA DE LUNA # 6,COR
,,19C081458,13:46:52 09/01/19,l,911 Hangup,2,1717 VIA DEL RIO; IGLESIA CHURCH,COR
,,19C081459,13:49:05 09/01/19,l,911 Hangup,2,1717 VIA DEL RIO; IGLESIA CHURCH,COR
,,19C081461,13:59:46 09/01/19,l,Traffic Stop,4,1330 W SIXTH ST; MICHELLES,COR
,,19C081463,14:02:19 09/01/19,l,911 Hangup,2,830 MAGNOLIA AVE; RIVERSIDE MEDICAL CLINIC,COR
,,19C081465,14:12:39 09/01/19,l,911 Hangup,2,1149 BLOSSOM HILL DR,COR
,,19C081466,14:16:21 09/01/19,l,Alarm Call,2,4064 INVERNESS DR,COR
,,19C081467,14:20:43 09/01/19,l,911 Hangup,2,1022 JADESTONE LN,COR
,,19C081468,14:22:21 09/01/19,l,911 Hangup,2,1181 CALIFORNIA AVE,COR
,,19C081469,14:27:01 09/01/19,lf,Man Down,1,LULLABY LN & PLACID DR,COR
,,19C081470,14:29:39 09/01/19,l,Welfare Check,2,915 QUARRY ST,COR
,,19C081471,14:32:58 09/01/19,l,911 Hangup,2,1717 VIA DEL RIO,COR
,,19C081472,14:36:02 09/01/19,l,Ill Parked Veh,4,1617 FAIRVIEW DR,COR
,,19C081473,14:37:14 09/01/19,l,911 Hangup,2,1717 VIA DEL RIO; IGLESIA CHURCH,COR
,,19C081474,14:42:58 09/01/19,l,911 Hangup,2,805 S RAMONA AVE,COR
,,19C081475,14:43:38 09/01/19,l,Accident,2,W SIXTH ST & S LINCOLN AVE,COR
,,19C081476,14:56:45 09/01/19,l,Susp Vehicle,3,EL SOBRANTE RD & E SIXTH ST; POSS 10-32V,COR
,,19C081477,14:59:04 09/01/19,l,Welfare Check,2,1547 PLAZA DE NOCHE # 5,COR
,,19C081478,15:04:53 09/01/19,l,911 Hangup,2,1540 W SIXTH ST; GIANT DOLLAR AT CROWN WESTEND PLAZA,COR
,,19C081479,15:06:35 09/01/19,l,Property Check,4,2531 INDEPENDENCE WAY,COR
,,19C081480,15:13:26 09/01/19,l,911 Hangup,2,881 CORSICA DR,COR
,,19C081481,15:15:49 09/01/19,l,911 Hangup,2,1011 S MERRILL ST #101,COR
,,19C081482,15:17:28 09/01/19,l,Property Check,4,1160 E ONTARIO AVE; CHIPOTLE MEXICAN GRIL 1943 AT CITRUS VIL,COR
,,19C081485,15:25:39 09/01/19,l,DV-Assault,1,775 W THIRD ST; #4,COR
,,19C081486,15:26:12 09/01/19,l,Property Check,4,1150 W TENTH ST; CORONA HIGH SCHOOL,COR
,,19C081487,15:26:58 09/01/19,l,Child Abuse,2,1520 VIA SANTIAGO # 5,COR
,,19C081488,15:27:48 09/01/19,l,911 Hangup,2,881 CORSICA DR,COR
,,19C081489,15:28:08 09/01/19,l,Traffic Stop,4,19570 TEMESCAL CANYON RD,ELC
,,19C081491,15:37:44 09/01/19,lf,Accident Unknwn,1,1398 RIVER RD,COR
,,19C081492,15:46:01 09/01/19,l,Disturb Peace,3,2197 SAMPSON AVE; QUICKIES CAR WASH,COR
,,19C081493,15:50:37 09/01/19,l,911 Hangup,2,2615 TUSCANY ST; TARGET STORES T1548 AT THE CROSSINGS,COR
,,19C081494,15:55:06 09/01/19,l,Alarm Call,2,2780 CABOT DR # 115; CLARKS;PRINCETON CO,COR
,,19C081496,15:59:31 09/01/19,f,ZZBreathing,1,1435 WHISPERING WIND LN,COR
,,19C081498,16:13:39 09/01/19,l,Accident,2,2210 GRFFIN WY # 105; BASKIN ROBINS,COR
,,19C081499,16:15:31 09/01/19,l,Stranded Veh,3,S MAIN ST & W CHASE DR,COR
YES,'Nature' garbled text (embedded symbol),19C081500,16:16:26 09/01/19,f,ZZFaint/Uncons,1,2171 CARTWHEEL CIR,COR
,,19C081502,16:26:13 09/01/19,l,Citizen Contact,3,730 PUBLIC SAFETY WAY;FRONT PLOT ;CORONA POLICE,COR
,,19C081503,16:40:57 09/01/19,l,Battery,2,521 N MCKINLEY ST; APPLEBEES,COR
,,19C081504,16:42:00 09/01/19,l,Welfare Check,2,428 N MAIN ST; #390,COR
,,19C081505,16:43:29 09/01/19,l,Alarm Call,2,957 SAVI DR # 105,COR
,,19C081506,16:44:45 09/01/19,l,911 Hangup,2,892 BIG SPRING CT,COR
,,19C081507,16:45:05 09/01/19,l,Property Check,4,2864 CITROCADO RANCH ST,COR
,,19C081509,16:48:04 09/01/19,l,Shoplifting,3,1290 E ONTARIO AVE; SUSP I/C; WALMART,COR
,,19C081512,16:55:22 09/01/19,l,Susp Person,3,1290 E ONTARIO AVE; WALMART,COR
,,19C081514,17:01:46 09/01/19,l,Patrol Info,4,325 E OLD MILL RD,COR
,,19C081515,17:07:30 09/01/19,f,ZZSick,1,4160 WEBSTER RANCH RD,COR
,,19C081516,17:14:58 09/01/19,l,Alarm Call,2,1010 RAILROAD ST,COR
,,19C081518,17:21:50 09/01/19,f,ZZChest Pains,1,660 STONEYBROOK DR # 216,COR
,,19C081519,17:25:39 09/01/19,l,Alarm Call,2,1400 FULLERTON AVE;EXCELISOR SCHOOL,COR
,,19C081521,17:34:26 09/01/19,l,911 Hangup,2,1395 E FOOTHILL PKWY; SANTIAGO HIGH SCHOOL,COR
,,19C081522,17:34:31 09/01/19,lf,DV-Assault,1,1640 VIA PACIFICA # F205,COR
,,19C081523,17:52:49 09/01/19,l,911 Hangup,2,1717 VIA DEL RIO; IGLESIA CHURCH,COR
,,19C081524,17:56:24 09/01/19,l,911 Hangup,2,895 LIVE OAK PL,COR
,,19C081525,17:58:53 09/01/19,l,911 Hangup,2,895 LIVE OAK PL,COR
,,19C081526,18:10:54 09/01/19,l,Property Check,4,2344 S MAIN ST,COR
,,19C081531,18:16:04 09/01/19,l,Found Property,4,409 MERCED CT,COR
,,19C081533,18:19:41 09/01/19,l,911 Hangup,2,531 CLINTON CIR,COR
,,19C081534,18:27:30 09/01/19,f,ZZFall,1,1031 BLUE CREST ST,COR
,,19C081536,18:35:09 09/01/19,l,Area Check,3,216 W TENTH ST,COR
,,19C081537,18:44:33 09/01/19,l,Loud Noise,3,154 N BUENA VISTA AVE; MUSIC,COR
,,19C081538,18:48:49 09/01/19,l,Trespass,3,650 EBBCREEK ST; POOL,COR
,,19C081539,18:51:19 09/01/19,lf,Man Down,1,199 RIVER RD,COR
,,19C081542,18:58:36 09/01/19,l,Area Check,3,1200 S MERRILL ST; HUSTED PARK,COR
,,19C081544,19:02:20 09/01/19,l,Welfare Check,2,3129 BRUNSTANE LN,COR
,,19C081545,19:03:52 09/01/19,l,Property Check,4,1810 FULLERTON AVE # 203; AESTHETICARE MEDICAL CORPORATION,COR
,,19C081547,19:11:41 09/01/19,l,Property Check,4,1820 FULLERTON AVE # 350; CORONA WOUND CENTER,COR
,,19C081548,19:16:03 09/01/19,lf,Man Down,1,450 S MAIN ST; SUPER TACO; #D,COR
,,19C081550,19:26:31 09/01/19,l,Property Check,4,116 E FRANCIS ST,COR
,,19C081551,19:31:58 09/01/19,l,Dist/Verbal,2,2252 CHATEAUX WAY,COR
,,19C081552,19:39:17 09/01/19,f,Accident Unknwn,1,9099 CAJALCO RD,RVC
,,19C081553,19:39:38 09/01/19,l,911 Hangup,2,1084 POMONA RD; BEST WESTERN,COR
,,19C081554,19:42:35 09/01/19,lf,Man Down,1,1800 S LINCOLN AVE; LINCOLN PARK,COR
,,19C081555,19:43:56 09/01/19,l,Traffic Stop,4,1039 W SIXTH ST; MIGUELS JR 2,COR
,,19C081556,19:44:08 09/01/19,l,Z-Animal Svcs,4,2731 VIA CIELO DR,COR
,,19C081557,19:44:15 09/01/19,l,Ill Parked Veh,4,2765 LAKESHORE DR; CITRUS CITY GRILLE,COR
,,19C081558,19:45:29 09/01/19,l,Patrol Info,4,127 E FRANCIS ST,COR
,,19C081559,19:46:32 09/01/19,l,Traffic Stop,4,2199 SAMPSON AVE; CARLS JR,COR
,,19C081560,19:46:40 09/01/19,l,Dom Disturb P,3,2252 CHATEAUX WAY ; LL CONT,COR
,,19C081561,19:48:10 09/01/19,f,ZZFall,1,2300 S MAIN ST # 168; VALENCIA TERRACE,COR
,,19C081564,19:58:20 09/01/19,l,Property Check,4,1602 GARRETSON AVE,COR
,,19C081565,19:58:37 09/01/19,l,Property Check,4,1602 GARRETSON AVE,COR
,,19C081566,19:59:28 09/01/19,l,Property Check,4,2100 WHITMAN WAY,COR
,,19C081567,20:00:02 09/01/19,l,Stranded Veh,3,MAGNOLIA AVE & 15 SB ON RAMP,COR
,,19C081568,20:01:52 09/01/19,l,Fraud,2,2305 COMPTON AVE; IN N OUT BURGER,COR
,,19C081569,20:08:42 09/01/19,l,Property Check,4,900 W OLIVE ST,COR
,,19C081570,20:18:20 09/01/19,l,Citizen Contact,3,920 AVENIDA DEL VISTA #4; LL CONT,COR
,,19C081571,20:28:42 09/01/19,l,Traffic Stop,4,E SIXTH ST & S VICTORIA AVE,COR
,,19C081572,20:29:27 09/01/19,l,Citizen Contact,3,2148 HARVARD CIR ; LL CONT,COR
,,19C081574,20:35:55 09/01/19,l,Alarm Call,2,750 S LINCOLN AVE # 101; VERIZON STORE,COR
,,19C081575,20:35:58 09/01/19,l,Traffic Stop,4,BRITTANY DR & PROMENADE AVE,COR
,,19C081576,20:38:59 09/01/19,l,Property Check,4,470 HIDDEN VALLEY PKWY; KOHLS,COR
,,19C081577,20:43:27 09/01/19,l,Alarm Call,2,469 E HARRISON ST # D; PAINTING UNLIMITED INC,COR
,,19C081578,20:44:18 09/01/19,l,Disturb Peace,2,912 BURR ST;FAMILY,COR
,,19C081579,20:45:19 09/01/19,l,911 Hangup,2,4718 GREEN RIVER RD; STARBUCKS,COR
,,19C081582,20:51:56 09/01/19,l,Disturb Peace,3,1556 BORDER AVE # H,COR
,,19C081583,20:52:57 09/01/19,l,Traffic Stop,4,PROMENADE AVE & COLLETT AVE,COR
,,19C081585,20:59:29 09/01/19,lf,Man Down,1,1150 W SIXTH ST,COR
,,19C081586,21:09:30 09/01/19,l,Traffic Stop,4,MAGNOLIA AVE & LINCOLN ST,COR
,,19C081589,21:15:28 09/01/19,l,Traffic Stop,4,W TENTH ST & S SHERMAN AVE,COR
,,19C081590,21:19:11 09/01/19,l,Dist/Verbal,2,985 SAMAR CT,COR
,,19C081591,21:29:07 09/01/19,l,911 Hangup,2,209 E BLAINE ST,COR
,,19C081595,21:44:05 09/01/19,l,Welfare Check,2,730 PUBLIC SAFETY WAY; CORONA POLICE UNK LOC,COR
,,19C081596,21:47:15 09/01/19,l,Resid Burg Past,4,3930 STATE ST;POSS GUNS MISSING,COR
,,19C081598,21:47:26 09/01/19,l,911 Hangup,2,1592 FAIRWAY DR,COR
,,19C081599,21:53:31 09/01/19,l,Domestic Distur,2,665 MORNINGSIDE DR # 197; ASHTON APTS,COR
,,19C081600,21:58:45 09/01/19,l,Keep The Peace,3,2350 DEL MAR WAY # 306 ;SAGE CYN APTS,COR
YES,'Location' garbled/scrambled text,19C081601,22:03:46 09/01/19,l,Loud Noise,3,1131 VIEWCREST CT ;POSS JUVS DRNKING,COR
,,19C081602,22:08:30 09/01/19,l,Ped Check,4,175 N MCKINLEY ST; SHELL GAS,COR
,,19C081603,22:13:08 09/01/19,l,911 Hangup,2,8765 DOS LAGOS DR,TEM
,,19C081605,22:16:31 09/01/19,l,Patrol Info,4,S VICTORIA AVE & E THIRD ST,COR
,,19C081606,22:17:13 09/01/19,l,Property Check,4,109 N MCKINLEY ST; FOOD FOR LESS,COR
,,19C081607,22:22:19 09/01/19,l,Alarm Call,2,1395 E FOOTHILL PKWY; SANTIAGO HIGH SCHOOL,COR
,,19C081608,22:30:04 09/01/19,l,Property Check,4,1346 RAILROAD ST; ZUMIEZ INC,COR
,,19C081609,22:31:48 09/01/19,l,Susp Vehicle,3,1355 E ONTARIO AVE ;HOME DEPOT,COR
,,19C081610,22:43:00 09/01/19,f,ZZFwy Veh Fire,1,91 EB OC LINE GREEN RIVER,COR
,,19C081611,22:43:09 09/01/19,l,911 Hangup,2,1230 S MAIN ST,COR
,,19C081612,22:43:31 09/01/19,l,Disturb Peace,3,1153 E GRAND BLVD # 1,COR
,,19C081613,22:45:35 09/01/19,l,Assault Wpn P,2,800 S MAIN ST; CORONA REGIONAL MEDICAL CENTER,COR
,,19C081614,22:47:55 09/01/19,l,Suspicious Circ,3,2513 DAKIN DR,COR
,,19C081615,22:52:26 09/01/19,f,ZZSick,1,1620 KNOX CIR,COR
,,19C081616,22:53:37 09/01/19,f,ZZSick,1,2489 CALIFORNIA AVE # 208; ESTANCIA DEL SOL,COR
,,19C081617,22:59:35 09/01/19,l,Loud Noise,3,210 W RANCHO RD,COR
,,19C081619,23:02:48 09/01/19,l,Property Check,4,131 W ONTARIO AVE; MAIN STREET DENTAL GROUP AT MAIN ST VILLA,COR
,,19C081620,23:08:28 09/01/19,l,Loud Party,3,E ONTARIO AVE & RIMPAU AVE,COR
,,19C081621,23:13:47 09/01/19,l,Loud Party,3,W CITRON ST & TURQUOISE DR,COR
,,19C081623,23:17:49 09/01/19,l,H/R Coll Past,4,479 N MCKINLEY ST; WALMART VIDEO,COR
,,19C081624,23:19:07 09/01/19,l,Traffic Stop,4,SHELL GAS MCK,
,,19C081625,23:21:57 09/01/19,l,911 Hangup,2,501 PENROSE DR # D,COR
,,19C081627,23:31:24 09/01/19,l,Traffic Stop,4,W ONTARIO AVE & OAK AVE,COR
,,19C081628,23:31:55 09/01/19,l,Citizen Contact,3,418 N MAIN ST; #278; METRO AT MAIN APTS,COR
,,19C081629,23:37:06 09/01/19,l,Loud Party,3,160 N BUENA VISTA AVE,COR
,,19C081630,23:41:24 09/01/19,l,911 Hangup,2,930 E SIXTH ST,COR
,,19C081632,23:43:15 09/01/19,l,Assist Othr Dpt,3,1330 MAGNOLIA AVE; ACO,COR
,,19C081634,23:46:32 09/01/19,l,Traffic Stop,4,SUMMIT RIDGE & DEWAR,
