_needs_review,_review_reason,CallID,When Reported,Typ,Nature,P,Location,Cty
,,19C062649,00:02:18 07/19/19,l,Area Check,3,1248 W SIXTH ST; WELCOME INN;ABAN BUSN,COR
,,19C062650,00:03:21 07/19/19,l,Property Check,4,2813 S MAIN ST,COR
,,19C062652,00:05:03 07/19/19,l,Patrol Info,4,2484 CENTENNIAL WAY; FIREWORKS,COR
,,19C062653,00:09:13 07/19/19,l,Property Check,4,19751 KATY WAY,ELC
,,19C062654,00:14:30 07/19/19,l,Alarm Call,2,1150 W TENTH ST; CORONA HIGH SCHOOL,COR
,,19C062656,00:20:23 07/19/19,l,Traffic Stop,4,MAGNOLIA AVE & RIMPAU AVE,COR
,,19C062657,00:22:02 07/19/19,l,Alarm Call,2,302 ELIZABETH LN;ALPHA LASER INCORP,COR
,,19C062660,00:29:29 07/19/19,l,Property Check,4,1212 MAGNOLIA AVE; EL SUPER,COR
,,19C062661,00:37:28 07/19/19,l,Traffic Stop,4,E SIXTH ST & RIMPAU AVE,COR
,,19C062662,00:37:56 07/19/19,l,Alarm Call,2,705 N MAIN ST # 104; ALDI,COR
,,19C062663,00:38:13 07/19/19,l,Traffic Stop,4,E SIXTH ST & RIMPAU AVE,COR
,,19C062664,00:38:32 07/19/19,l,Traffic Stop,4,E SIXTH ST & RIMPAU AVE,COR
,,19C062665,00:39:29 07/19/19,l,Susp Vehicle,3,1479 BURRERO WAY; OCCUP,COR
,,19C062666,00:39:53 07/19/19,l,Traffic Stop,4,E SIXTH ST & RIMPAU AVE,COR
,,19C062667,00:42:38 07/19/19,l,Traffic Stop,4,E SIXTH ST & RIMPAU AVE,COR
,,19C062668,00:45:16 07/19/19,l,Property Check,4,702 E SIXTH ST; ARCO AM PM,COR
,,19C062670,00:56:08 07/19/19,l,Loud Noise,3,895 JOHNNY CASH DR; MUSIC,COR
,,19C062671,01:13:55 07/19/19,l,Disturb Peace,3,3072 S BUENA VISTA AVE,COR
,,19C062672,01:28:31 07/19/19,l,911 Hangup,2,209 E BLAINE ST,COR
,,19C062673,01:29:49 07/19/19,l,Citizen Contact,3,615 RICHEY ST; PROMENADE PARK ; LL CONT,COR
,,19C062674,01:37:24 07/19/19,l,Alarm Call,2,1564 TWIN OAKS CIR,COR
,,19C062675,01:46:34 07/19/19,l,Disturb Peace,3,1248 W SIXTH ST; WELCOME INN,COR
,,19C062677,01:51:06 07/19/19,l,Welfare Check,2,1248 W SIXTH ST; WELCOME INN,COR
,,19C062678,02:07:45 07/19/19,l,Property Check,4,1820 RIMPAU AVE; CENTENNIAL HIGH SCHOOL,COR
,,19C062679,02:15:44 07/19/19,l,Susp Person,3,CHEROKEE RD & CALIFORNIA AVE,COR
,,19C062680,02:16:22 07/19/19,l,Dist/Physical,1,1275 MAGNOLIA AVE # 105; SHAMROCKS,COR
,,19C062682,02:21:51 07/19/19,l,Auto Theft Rec,4,1349 AGNES ST,COR
,,19C062683,02:27:27 07/19/19,f,ZZFall,1,2300 S MAIN ST # 158; VALENCIA TERRACE,COR
,,19C062685,03:11:10 07/19/19,l,Property Check,4,1685 W SIXTH ST;LARRY H MILLER TOYOTA TRUCK CENTER,COR
,,19C062686,03:11:58 07/19/19,l,Assist Othr Dpt,3,1759 CINDY CT ; AOD RSO,COR
,,19C062687,03:29:18 07/19/19,l,Area Check,3,W MONTEREY RD & S VICENTIA AVE,COR
,,19C062688,03:50:12 07/19/19,l,Area Check,3,GREEN RIVER RD & 91 WB ON RAMP,COR
,,19C062690,04:21:08 07/19/19,l,Alarm Call,2,1395 E FOOTHILL PKWY; SANTIAGO HIGH SCHOOL,COR
,,19C062691,04:32:19 07/19/19,l,Special Detail,4,730 PUBLIC SAFETY WAY; CORONA POLICE; PD/ STN,COR
,,19C062692,04:47:14 07/19/19,l,Alarm Call,2,399 E HARRISON ST # E; FERMA GROUP,COR
,,19C062693,04:55:22 07/19/19,l,Patrol Info,4,KELLOGG AVE & QUINCE ST;SUSPV,COR
,,19C062694,04:57:39 07/19/19,l,Alarm Call,2,2765 LAKESHORE DR; CITRUS CITY GRILLE,COR
,,19C062695,05:09:49 07/19/19,f,ZZSick,1,408 WYNOLA CT,COR
,,19C062696,06:23:25 07/19/19,l,Area Check,3,W ORANGE HEIGHTS LN & JEPSON CIR,COR
YES,'Nature' garbled/scrambled text,19C062697,06:28:41 07/19/19,f,ZZFwy Acc w/inj,1,91 WB AUTO CENTER 71,RVC
,,19C062698,06:42:40 07/19/19,l,Disturb Peace,3,1501 W SIXTH ST; JACK IN THE BOX,COR
,,19C062699,07:05:11 07/19/19,l,Susp Vehicle,3,SHEPARD CREST DR & GODDARD WAY,COR
,,19C062700,07:07:13 07/19/19,l,Z-Animal Svcs,4,3827 HOLLY SPRINGS DR,COR
,,19C062701,07:09:25 07/19/19,l,Property Check,4,2355 COMPTON AVE; LA FITNESS,COR
,,19C062702,07:13:24 07/19/19,lf,Man Down,1,1267 W SIXTH ST,COR
,,19C062704,07:17:31 07/19/19,l,Alarm Call,2,1195 MAGNOLIA AVE # H; COUNTY OF RIVERSIDE,COR
,,19C062706,07:24:07 07/19/19,l,Ill Parked Veh,4,W EIGHTH ST & S LINCOLN AVE,COR
,,19C062707,07:24:17 07/19/19,l,Susp Person,3,2355 COMPTON AVE; LA FITNESS,COR
,,19C062709,07:34:39 07/19/19,l,Alarm Call,2,1150 W TENTH ST; CORONA HIGH SCHOOL,COR
,,19C062710,07:35:28 07/19/19,l,Susp Person,3,PARKSIDE GREEN HOA,COR
,,19C062711,07:40:21 07/19/19,l,911 Hangup,2,598 HILLSBOROUGH WAY,COR
,,19C062712,07:50:41 07/19/19,l,Traffic Stop,4,CALIFORNIA AVE & RIMPAU AVE,COR
,,19C062714,07:53:56 07/19/19,f,ZZHeat/Cold Exp,1,780 MONTAGUE DR,COR
,,19C062716,07:55:47 07/19/19,lf,Vegetation High,1,91 WB GREEN RIVER OC LINE,COR
,,19C062718,07:59:39 07/19/19,l,911 Hangup,2,562 GRAPEVINE DR,COR
,,19C062719,08:01:51 07/19/19,l,Alarm Call,2,11350 CRESTRIDGE DR,COR
,,19C062720,08:02:15 07/19/19,l,Property Check,4,1250 W PARKRIDGE AVE; VICTRESS BOWER ELEMENTARY,COR
,,19C062721,08:04:21 07/19/19,l,Susp Person,3,1800 S LINCOLN AVE; LINCOLN PARK,COR
,,19C062722,08:12:21 07/19/19,l,Traffic Stop,4,MAGNOLIA AVE & 15 SB ON RAMP,COR
,,19C062724,08:18:47 07/19/19,l,Property Check,4,2260 GRIFFIN WAY; AYRES SUITES,COR
,,19C062726,08:20:42 07/19/19,l,Flag Down,4,710 PUBLIC SAFETY WAY; RANGE,COR
,,19C062728,08:29:54 07/19/19,l,911 Hangup,2,400 W SIXTH ST,COR
,,19C062729,08:31:48 07/19/19,l,Alarm Call,2,4649 TEMESCAL CANYON RD # 103; ENCANTO APARTMENTS,COR
,,19C062730,08:34:28 07/19/19,l,Property Check,4,191 N MCKINLEY ST; CHUCK E CHEESE,COR
,,19C062733,08:35:47 07/19/19,l,Alarm Call,2,2380 FULLERTON; CROSSROADS SCHOOL,COR
,,19C062734,08:36:55 07/19/19,l,Traffic Stop,4,MAGNOLIA AVE & EL CAMINO AVE,COR
,,19C062735,08:37:59 07/19/19,l,Ill Parked Veh,4,827 CAPISTRANO ST,COR
,,19C062737,08:50:12 07/19/19,l,Alarm Call,2,1150 W TENTH ST; CORONA HIGH SCHOOL,COR
,,19C062738,08:51:35 07/19/19,l,Traffic Stop,4,SHERBORN ST & MAGNOLIA AVE,COR
,,19C062739,08:52:40 07/19/19,l,Found Property,4,4191 INVERNESS DR,COR
,,19C062740,08:52:54 07/19/19,l,Auto Theft Past,3,2316 PALISADES DR; #107,COR
,,19C062741,08:54:39 07/19/19,l,Alarm Call,2,985 LA SALLE CIR,COR
,,19C062742,08:57:56 07/19/19,l,Susp Person,3,1474 J T EISLEY DR,COR
,,19C062743,09:00:50 07/19/19,l,Property Check,4,1750 SPYGLASS DR; WILSON ELEMENTARY SCHOOL,COR
,,19C062744,09:04:31 07/19/19,l,Follow Up,4,3833 BEDFORD CANYON RD; EAGLE GLEN OPTOMETRY AT THE VILLAGE,COR
,,19C062747,09:05:49 07/19/19,l,Dist/Physical,1,MOUNT HUMPHRIES ST & ARABIAN WAY,COR
,,19C062748,09:12:11 07/19/19,l,Traffic Stop,4,PROMENADE AVE & CRESTA RD,COR
,,19C062750,09:23:15 07/19/19,l,Petty Theft P,4,2379 COMPTON AVE; DENNYS RESTAURANT AT IN AND OUT CENTER,COR
,,19C062751,09:31:27 07/19/19,l,911 Hangup,2,2045 COMPTON AVE,COR
,,19C062753,09:39:36 07/19/19,l,Citizen Contact,3,1275 W EIGHTH ST,COR
,,19C062754,09:48:44 07/19/19,f,ZZSick,1,1939 S MAIN ST; CHAFFINS GARAGE INC,COR
,,19C062755,09:51:55 07/19/19,l,Auto Theft Rec,4,2125 RAILROAD ST; HAMNER TOWING INC,COR
,,19C062757,09:55:58 07/19/19,l,Cite Sign Off,4,730 PUBLIC SAFETY WAY; OUTSIDE PD,COR
,,19C062759,10:02:34 07/19/19,f,ZZPublicSrvceF,2,1170 VISTA LOMAS LN,COR
,,19C062760,10:06:34 07/19/19,l,911 Hangup,2,770 MCGRATH DR,COR
,,19C062761,10:07:28 07/19/19,l,Alarm Call,2,4649 TEMESCAL CANYON RD # 103; ENCANTO APARTMENTS,COR
,,19C062762,10:08:14 07/19/19,l,Ped Check,4,129 N MCKINLEY ST,COR
,,19C062763,10:09:11 07/19/19,l,Comm Policing,4,1114 W ONTARIO AVE,COR
,,19C062764,10:10:42 07/19/19,l,Flag Down,4,3777 TEMESCAL CANYON RD,COR
,,19C062765,10:18:03 07/19/19,l,Citizen Contact,3,4593 TEMESCAL CANYON RD; FRONT COUNTER,COR
,,19C062766,10:19:19 07/19/19,l,Alarm Call,2,1192 MIRA VALLE ST ; PANIC,COR
,,19C062768,10:24:55 07/19/19,l,Property Check,4,400 PENROSE DR,COR
,,19C062769,10:32:52 07/19/19,l,911 Hangup,2,210 S LINCOLN AVE,COR
,,19C062770,10:33:27 07/19/19,l,911 Hangup,2,128 S VICENTIA AVE,COR
,,19C062772,10:34:56 07/19/19,l,Traffic Stop,4,HARRINGTON ST & N COTA ST,COR
,,19C062773,10:35:37 07/19/19,l,Alarm Call,2,2659 RAVEN CIR,COR
,,19C062774,10:36:15 07/19/19,l,911 Hangup,2,210 S LINCOLN AVE,COR
,,19C062775,10:37:05 07/19/19,l,911 Hangup,2,210 S LINCOLN AVE,COR
,,19C062776,10:47:25 07/19/19,l,911 Hangup,2,918 MONTAGUE CIR,COR
,,19C062777,10:47:43 07/19/19,l,Property Check,4,200 N LINCOLN AVE; MOTEL 6,COR
,,19C062778,10:48:29 07/19/19,l,Property Check,4,200 N LINCOLN AVE; MOTEL 6,COR
,,19C062779,10:48:39 07/19/19,l,Traffic Stop,4,1160 CALIFORNIA AVE,COR
,,19C062782,10:59:37 07/19/19,l,Traffic Stop,4,RIMPAU AVE & CALIFORNIA AVE,COR
,,19C062783,11:06:16 07/19/19,l,Fraud Past,4,2830 VIA MAZATLAN; FRONT COUNTER,COR
,,19C062784,11:21:17 07/19/19,l,Patrol Info,4,1709 SHERBORN ST; VULCAN MATERIALS CO WESTERN DIV,COR
,,19C062785,11:21:22 07/19/19,f,ZZFall,1,2489 CALIFORNIA AVE # 172; ESTANCIA DEL SOL,COR
,,19C062786,11:23:34 07/19/19,l,Alarm Call,2,1515 HIDDEN SPRINGS DR,COR
,,19C062790,11:39:17 07/19/19,l,Traffic Stop,4,1161 CALIFORNIA AVE,COR
,,19C062791,11:39:56 07/19/19,l,Fraud Past,4,1515 BORDER AVE # C; FRONT COUNTER,COR
,,19C062792,11:40:07 07/19/19,l,Citizen Contact,3,1061 SMOKETREE DR; PD LOBBY,COR
,,19C062793,11:42:53 07/19/19,l,Traffic Stop,4,299 N SMITH AVE; CHAMPION HOME BUILDERS INC,COR
,,19C062794,11:45:36 07/19/19,l,911 Hangup,2,387 MAGNOLIA AVE; FANTASTIC SAMS AT CORONA VILLAGE,COR
,,19C062797,11:51:28 07/19/19,l,911 Hangup,2,1592 FAIRWAY DR,COR
,,19C062799,11:54:49 07/19/19,l,Traffic Stop,4,1400 CRESTA RD,COR
,,19C062800,11:56:24 07/19/19,l,Additional Info,4,1275 W EIGHTH ST # 302; WILLIAM C ARTHUR TERRACE,COR
,,19C062801,11:57:41 07/19/19,l,Additional Info,4,1355 E ONTARIO AVE,COR
,,19C062802,11:58:36 07/19/19,l,Drunk In Public,2,CABOT DR & TEMESCAL CANYON RD,COR
,,19C062803,11:59:18 07/19/19,l,Property Check,4,1900 AVIATION DR; CORONA AIRPORT,COR
,,19C062805,12:11:32 07/19/19,l,Domestic Distur,2,750 AVENIDA DEL VISTA # C,COR
,,19C062807,12:15:06 07/19/19,l,Patrol Info,4,110 N LINCOLN AVE; GRIFFIN RESIDENTIAL L L C,COR
,,19C062808,12:18:04 07/19/19,l,Area Check,3,1294 E ONTARIO AVE,COR
,,19C062809,12:18:13 07/19/19,l,Alarm Call,2,1287 OLD HICKORY RD,COR
,,19C062810,12:20:13 07/19/19,l,Reckless Driver,3,S MAIN ST & E FOOTHILL PKWY,COR
,,19C062812,12:23:40 07/19/19,l,911 Hangup,2,519 N MAPLE ST,COR
,,19C062813,12:26:14 07/19/19,l,Area Check,3,CITRUS COMMUNITY PARK,COR
,,19C062814,12:29:26 07/19/19,l,911 Hangup,2,1390 E ONTARIO AVE,COR
,,19C062815,12:31:20 07/19/19,l,Disturb Peace,3,200 S MAIN ST; #140,COR
,,19C062816,12:32:50 07/19/19,l,Ill Parked Veh,4,1940 HIBISCUS ST,COR
,,19C062817,12:37:33 07/19/19,l,Alarm Call,2,1546 TWIN OAKS CIR,COR
,,19C062818,12:43:49 07/19/19,l,911 Hangup,2,598 SANTANA WAY; SANTANA PARK,COR
,,19C062819,12:44:04 07/19/19,l,Vehicle Check,4,W FOURTH ST & S MERRILL ST,COR
,,19C062820,12:47:22 07/19/19,lf,Choking,1,726 FORD ST,COR
,,19C062822,12:54:10 07/19/19,l,Annoying Calls,3,2241 THYME DR; FRONT COUNTER,COR
,,19C062823,12:55:51 07/19/19,l,911 Hangup,2,385 N SHERMAN AVE,COR
,,19C062825,12:57:15 07/19/19,l,911 Hangup,2,1288 BORDER AVE,COR
,,19C062826,12:58:13 07/19/19,l,Property Check,4,1288 BORDER AVE,COR
,,19C062827,12:58:18 07/19/19,f,ZZSick,1,3271 STERLING DR,COR
,,19C062828,12:58:28 07/19/19,lf,Overdose,1,838 PATHFINDER WAY,COR
,,19C062831,13:13:56 07/19/19,l,Citizen Contact,3,3297 QUARTZ CIR ;LL CONT,COR
,,19C062833,13:18:20 07/19/19,l,Cite Sign Off,4,730 PUBLIC SAFETY WAY; OUTSIDE PD,COR
,,19C062834,13:23:28 07/19/19,l,911 Hangup,2,110 S UPPER DR,COR
,,19C062835,13:24:17 07/19/19,l,Cite Sign Off,4,730 PUBLIC SAFETY WAY; OUTSIDE PD,COR
,,19C062838,13:37:40 07/19/19,l,Disturb Peace,3,1561 E ONTARIO AVE # 104; CRACKED SCREENS,COR
,,19C062839,13:37:56 07/19/19,l,Traffic Stop,4,E OLD MILL RD & E OLD MILL RD,COR
,,19C062840,13:39:27 07/19/19,,,,1561 E ONTARIO AVE # 104; CRACKED SCREENS,COR
,,19C062841,13:40:19 07/19/19,l,Vehicle Check,4,200 RIVER RD,COR
,,19C062842,13:41:17 07/19/19,l,911 Hangup,2,1211 E SIXTH ST,COR
,,19C062845,13:43:49 07/19/19,f,ZZBleeding,1,678 AZURE LN # 4,COR
,,19C062846,13:48:27 07/19/19,l,911 Hangup,2,1592 FAIRWAY DR,COR
,,19C062848,13:51:09 07/19/19,l,Citizen Contact,3,722 HARRIS ST,COR
,,19C062849,13:52:50 07/19/19,l,Dist/Verbal,2,3542 SWEETWATER CIR,COR
,,19C062850,13:53:28 07/19/19,lf,Vegetation High,1,CLEARING CIR & MEANDERING LN,COR
,,19C062851,13:54:30 07/19/19,l,Disturb Peace,3,3542 SWEETWATER CIR,COR
,,19C062852,13:58:49 07/19/19,l,Traffic Stop,4,370 N MCKINLEY ST; TEXAS ROADHOUSE AT CORONA HILLS PLAZA,COR
,,19C062853,14:03:56 07/19/19,f,ZZPregnancy,1,1181 CALIFORNIA AVE,COR
,,19C062854,14:04:15 07/19/19,l,CMC Violation,4,2450 WARDLOW RD; TOMNATCO INC,COR
,,19C062855,14:09:09 07/19/19,l,Susp Vehicle,3,WESTBROOK ST & GREENBRIAR DR,COR
,,19C062856,14:10:21 07/19/19,l,Additional Info,4,1790 POMONA RD; STORAGE DIRECT; LL CONT,COR
,,19C062857,14:14:29 07/19/19,l,911 Hangup,2,1040 E SIXTH ST; PHASE 2 OPEN CELL,COR
,,19C062858,14:16:45 07/19/19,l,Disturb Peace P,4,4120 TEMESCAL CANYON RD,COR
,,19C062859,14:20:18 07/19/19,l,Alarm Call,2,809 E PARKRIDGE AVE; #101;JH GROUP,COR
,,19C062860,14:26:11 07/19/19,f,ZZSick,1,730 PUBLIC SAFETY WAY; CORONA POLICE,COR
,,19C062861,14:31:23 07/19/19,f,ZZCommrcal Alrm,1,465 SANTANA WAY; ISLAMIC CENTER,COR
,,19C062862,14:37:14 07/19/19,f,ZZSick,1,487 MAGNOLIA AVE # 102; INLAND URGENT CARE,COR
,,19C062863,14:41:02 07/19/19,l,Welfare Check,2,4453 OWENS ST # 101,COR
,,19C062864,14:42:59 07/19/19,l,Cite Sign Off,4,730 PUBLIC SAFETY WAY; PLOT,COR
,,19C062865,14:45:36 07/19/19,l,911 Hangup,2,598 FAIRBANKS ST,COR
,,19C062866,14:48:55 07/19/19,l,H&S Violation,3,849 W SIXTH ST; OLD PD STAIRS,COR
,,19C062867,14:50:57 07/19/19,l,Traffic Stop,4,W FOURTH ST & W GRAND BLVD,COR
,,19C062868,14:52:23 07/19/19,l,Property Check,4,803 SERRANO DR,COR
YES,'Location' garbled/scrambled text,19C062869,14:57:57 07/19/19,l,Area Check,3,PARKVIEW DR & TRIADOR ST; SUSPP,COR
,,19C062871,15:00:15 07/19/19,l,Accident,2,1183 MAGNOLIA AVE; CVS,COR
,,19C062872,15:01:14 07/19/19,l,Follow Up,4,3777 BEDFORD CANYON RD,COR
,,19C062873,15:09:51 07/19/19,l,Property Check,4,510 W FOOTHILL PKWY; HERITAGE PARK,COR
,,19C062874,15:10:29 07/19/19,l,Mail Theft,2,HUNT CIR & DYER WAY,COR
,,19C062876,15:16:21 07/19/19,l,Area Check,3,TURQUOISE DR & W CITRON ST; 530PC,COR
,,19C062878,15:22:50 07/19/19,l,Patrol Info,4,1495 KIRKWOOD DR,COR
,,19C062879,15:29:39 07/19/19,l,911 Hangup,2,2587 S MAIN ST,COR
,,19C062880,15:29:41 07/19/19,l,Property Check,4,415 E SIXTH ST,COR
,,19C062881,15:34:43 07/19/19,l,Welfare Check,2,844 W HACIENDA DR,COR
,,19C062882,15:37:12 07/19/19,l,Mail Theft,2,183 BUSINESS CENTER DR; MARTIN ENTERPRISES,COR
,,19C062883,15:39:37 07/19/19,l,Property Check,4,19751 KATY WAY,ELC
,,19C062884,15:40:39 07/19/19,l,Follow Up,4,1575 MAGNOLIA AVE; DEVELOPLUS INC,COR
,,19C062885,15:45:30 07/19/19,f,ZZFwy Veh Fire,1,91 EB OC LINE GREEN RIVER,COR
YES,'Nature' garbled/scrambled text,19C062886,15:48:43 07/19/19,f,ZZFwy Diff Brth,1,15 NB ONTARIO MAGNOLIA,COR
,,19C062887,15:49:18 07/19/19,l,Area Check,3,RIMPAU AVE & MAGNOLIA AVE; 20002,COR
,,19C062888,15:50:40 07/19/19,l,911 Hangup,2,1109 COUNTRY CLUB LN,COR
,,19C062889,15:51:09 07/19/19,lf,Accident Unknwn,1,W SIXTH ST & S LINCOLN AVE,COR
,,19C062890,15:51:12 07/19/19,l,Property Check,4,2790 CALIFORNIA AVE; BETH SHALOM MESSIANIC JEWISH CONGREGATI,COR
,,19C062891,15:52:08 07/19/19,l,H/R Coll Past,4,1205 MAGNOLIA AVE; SHELL STATION AT SIZZLER CENTER,COR
,,19C062892,15:55:33 07/19/19,l,Hit Run No Inj,2,1226 MAGNOLIA AVE,COR
,,19C062893,15:59:11 07/19/19,l,Citizen Contact,3,1561 E ONTARIO AVE # 104; FRONT COUNTER,COR
YES,'Nature' garbled text (embedded symbol),19C062894,16:01:28 07/19/19,f,ZZFaint/Uncons,1,1003 W FRANCIS ST,COR
,,19C062895,16:06:13 07/19/19,l,Hit Run No Inj,2,1210 MAGNOLIA AVE,COR
,,19C062896,16:08:18 07/19/19,l,Disturb Peace,3,1215 E ONTARIO AVE; HOMELESS,COR
,,19C062897,16:09:10 07/19/19,l,Cite Sign Off,4,730 PUBLIC SAFETY WAY;PLOT,COR
,,19C062898,16:10:51 07/19/19,l,Assist Othr Dpt,3,2085 VALOR DR; AOD CHP SAN JUAN CAP,COR
,,19C062899,16:14:38 07/19/19,l,Auto Theft Past,3,418 N MAIN ST; #465,COR
,,19C062900,16:15:57 07/19/19,l,Loud Noise,3,829 W NINTH ST,COR
,,19C062901,16:18:41 07/19/19,l,Area Check,3,RIMPAU AVE & E ONTARIO AVE,COR
,,19C062902,16:19:53 07/19/19,l,Disturb Peace,3,841 N MAIN ST; ALAMILLAS MEXICAN FOOD AT PARKRIDGE PLAZA,COR
,,19C062903,16:26:32 07/19/19,l,Att Warrant Svc,4,7461 SHADOW GROVE CT,ELC
,,19C062904,16:32:56 07/19/19,l,Property Check,4,1480 E SIXTH ST,COR
,,19C062905,16:39:20 07/19/19,l,Domestic Distur,2,1114 VINTAGE CIR,COR
,,19C062906,16:40:34 07/19/19,l,911 Hangup,2,1717 VIA DEL RIO,COR
,,19C062907,16:44:13 07/19/19,l,Fraud Past,4,606 E SIXTH ST # 12,COR
,,19C062908,16:48:42 07/19/19,l,Welfare Check,2,1119 W NINTH ST; #L,COR
YES,'Location' garbled/scrambled text,19C062909,16:52:31 07/19/19,l,Forgery Past,4,2083 ESTRADO DR; FRNT COUNTER,COR
,,19C062910,16:55:20 07/19/19,l,911 Hangup,2,950 W ONTARIO AVE; FIRST PRESBYTERIAN CHURCH,COR
,,19C062911,17:03:31 07/19/19,l,Susp Vehicle,3,2901 LA VISTA AVE ; POSS 530P,COR
,,19C062912,17:04:40 07/19/19,l,Property Check,4,765 N MAIN ST; SANDRA R KLEIN AT KMART CENTER,COR
,,19C062914,17:18:50 07/19/19,f,ZZSick,1,2161 DANA CIR,COR
,,19C062915,17:22:31 07/19/19,l,911 Hangup,2,209 E BLAINE ST; #A,COR
,,19C062916,17:28:15 07/19/19,l,Traffic Stop,4,BUCHANAN ST & WIMBLEDON DR,COR
,,19C062917,17:28:53 07/19/19,l,911 Hangup,2,526 MAGNOLIA AVE; ST JOHNS CHURCH; PHASE 2 OPEN,COR
,,19C062918,17:37:32 07/19/19,l,Property Check,4,2380 FULLERTON; CROSSROADS SCHOOL,COR
,,19C062919,17:40:39 07/19/19,f,ZZPublicSrvceF,2,2300 S MAIN ST # 260; VALENCIA TERRACE,COR
,,19C062921,17:44:31 07/19/19,lf,Structure Fire,1,299 N SMITH AVE; CHAMPION HOME BUILDERS INC,COR
,,19C062922,17:47:03 07/19/19,l,911 Hangup,2,210 S LINCOLN AVE,COR
,,19C062923,17:48:56 07/19/19,l,Property Check,4,275 TELLER ST # 100; 24 HOUR FITNESS,COR
,,19C062924,17:56:04 07/19/19,l,Traffic Stop,4,91 WB MCKINLEY MAIN,COR
,,19C062925,18:03:07 07/19/19,l,Alarm Call,2,720 S TEMESCAL ST,COR
,,19C062927,18:06:28 07/19/19,f,ZZFall,1,2300 S MAIN ST # 188; VALENCIA TERRACE,COR
,,19C062928,18:08:58 07/19/19,f,ZZSeizure,1,725 S MAIN ST; 99 CENT STORE,COR
,,19C062929,18:10:11 07/19/19,l,Flag Down,4,2280 COMPTON AVE,COR
,,19C062930,18:11:10 07/19/19,l,Compliance Ck,4,1265 W TENTH ST # D,COR
YES,'Nature' garbled/scrambled text,19C062931,18:11:25 07/19/19,f,ZZFwy Acc w/inj,1,15 NB MAGNOLIA HIDDEN VALLEY;MC VS VEH,COR
,,19C062933,18:15:33 07/19/19,f,ZZFall,1,1404 TAYLOR AVE,COR
,,19C062934,18:16:43 07/19/19,l,Domestic Distur,2,N LINCOLN AVE & W PARKRIDGE AVE,COR
,,19C062935,18:16:48 07/19/19,,,,N LINCOLN AVE & W PARKRIDGE AVE,COR
,,19C062936,18:20:43 07/19/19,l,Hazard,3,N MCKINLEY ST & SHOPPING CENTER,COR
,,19C062937,18:21:12 07/19/19,l,Disturb Peace,3,2210 GRFFIN WY # 107; TUTTI FRUITY; #107,COR
,,19C062938,18:22:00 07/19/19,l,DV-Assault,1,S BUENA VISTA AVE & W SIXTH ST,COR
,,19C062940,18:23:56 07/19/19,lf,ZZBreathing,1,336 CYPRESS CT,COR
,,19C062941,18:24:07 07/19/19,lf,Cardiac Arrest,1,663 REMBRANDT CIR,COR
,,19C062942,18:30:42 07/19/19,l,Susp Vehicle,3,S SMITH AVE & S SHERMAN AVE,COR
,,19C062945,18:35:26 07/19/19,l,Alarm Call,2,3780 SAN RAMON DR,COR
,,19C062946,18:37:55 07/19/19,l,Shoplifting,3,479 N MCKINLEY ST; WALMART,COR
,,19C062948,18:44:18 07/19/19,l,Alarm Call,2,281 DUPONT ST; #101,COR
,,19C062949,18:45:18 07/19/19,l,Patrol Info,4,CORYDON AVE & VINE AVE,NOR
,,19C062951,18:51:25 07/19/19,l,Petty Theft P,4,2541 TUSCANY ST # 101; JUSTICE; SUSP POSS 97 IN AREA,COR
,,19C062953,18:57:42 07/19/19,l,Runaway,3,994 LA COSTA DR; #N102,COR
,,19C062954,19:10:31 07/19/19,l,Disturb Peace,3,1290 E ONTARIO AVE; WALMART,COR
,,19C062955,19:13:05 07/19/19,l,Reckless Driver,3,2650 OAK AVE; FRANKLIN ELEMENTARY SCHOOL,COR
,,19C062956,19:13:45 07/19/19,l,Area Check,3,PASEO GRANDE & PINE CREST DR;HAZARD,COR
,,19C062957,19:13:51 07/19/19,l,911 Hangup,2,7195 ALESSANDRO,RIV
,,19C062958,19:13:58 07/19/19,l,Property Check,4,1698 W SIXTH ST,COR
,,19C062959,19:14:12 07/19/19,l,911 Hangup,2,1911 PINE CREST DR,CRA
,,19C062960,19:15:47 07/19/19,l,911 Hangup,2,1911 PINE CREST DR,CRA
,,19C062961,19:16:20 07/19/19,l,Property Check,4,304 S MAIN ST; MOBIL GAS,COR
,,19C062962,19:16:25 07/19/19,f,ZZSeizure,1,2552 FAIRGLEN PL,COR
,,19C062963,19:18:04 07/19/19,l,Area Check,3,1125 RIMPAU AVE; SUNNYSLOPE CEMETERY,COR
,,19C062964,19:22:57 07/19/19,l,Follow Up,4,1207 GOLDENVIEW DR; JOHN FRANKLIN SERVICES,COR
,,19C062965,19:29:03 07/19/19,l,Drunk In Public,2,1193 MAGNOLIA AVE,COR
,,19C062966,19:29:11 07/19/19,l,Property Check,4,255 E RINCON ST; PRIMERICA FINANCIAL SERVICES,COR
,,19C062968,19:32:41 07/19/19,l,Property Check,4,470 HIDDEN VALLEY PKWY; KOHLS,COR
,,19C062969,19:33:36 07/19/19,l,Property Check,4,635 N MAIN ST,COR
,,19C062970,19:40:59 07/19/19,lf,Man Down,1,2331 CALIFORNIA AVE; EL POLLO LOCO,COR
,,19C062971,19:47:47 07/19/19,l,Assist Othr Dpt,3,1330 MAGNOLIA AVE; ACO,COR
,,19C062972,19:48:40 07/19/19,l,911 Hangup,2,615 RICHEY ST; PROMENADE PARK,COR
,,19C062973,19:51:14 07/19/19,l,Property Check,4,1275 MAGNOLIA AVE # 105; SHAMROCKS,COR
,,19C062974,19:53:32 07/19/19,l,Petty Theft P,4,3600 BRENTRIDGE DR,COR
,,19C062976,20:03:53 07/19/19,l,911 Hangup,2,1353 JILLIAN CIR; PHASE 2 OPEN,COR
,,19C062977,20:04:21 07/19/19,l,Property Check,4,369 MAGNOLIA AVE,COR
,,19C062979,20:10:27 07/19/19,l,Susp Person,3,551 RAPIDSPRING ST,COR
,,19C062981,20:17:37 07/19/19,l,Property Check,4,400 N MAIN ST,COR
,,19C062982,20:17:51 07/19/19,l,Comm Burg Past,4,1004 E SIXTH ST; BEST AUTO SALES INC,COR
,,19C062983,20:18:31 07/19/19,l,Property Check,4,1275 MAGNOLIA AVE # 105; SHAMROCKS,COR
,,19C062984,20:20:43 07/19/19,l,Property Check,4,185 MAGNOLIA AVE; LEE POLLARD HIGH SCHOOL,COR
,,19C062986,20:23:49 07/19/19,l,Battery Past,3,1275 MAGNOLIA AVE # 105; SHAMROCKS,COR
,,19C062987,20:35:30 07/19/19,l,911 Hangup,2,389 N MAIN ST,COR
,,19C062988,20:35:43 07/19/19,l,Patrol Info,4,3060 PEMBROKE CIR,COR
,,19C062989,20:38:04 07/19/19,lf,ZZSick,1,1112 DAFFODIL ST ; STAGE,COR
,,19C062990,20:38:08 07/19/19,l,Alarm Call,2,1128 QUARRY ST,COR
,,19C062992,20:43:17 07/19/19,l,Patrol Info,4,RAILROAD ST & KLUG CIR,COR
,,19C062993,20:43:45 07/19/19,l,Patrol Info,4,BUCHANAN ST & PROMENADE AVE,COR
,,19C062994,20:45:40 07/19/19,l,Assist Othr Dpt,3,1292 BORDER AVE; CRUNCH FITNESS AT VILLAGE GROVE PLAZA ; ACO,COR
,,19C062995,20:49:38 07/19/19,l,Patrol Info,4,GREEN RIVER RD & 91 EB ON RAMP;23103,COR
,,19C062996,20:55:14 07/19/19,l,Z-Animal Svcs,4,260 ANDES WAY,COR
,,19C062998,20:58:57 07/19/19,l,911 Hangup,2,1508 KELLOGG AVE;PHS2,COR
,,19C063000,21:01:03 07/19/19,l,Susp Vehicle,3,400 N MCKINLEY ST; MCDONALDS; POSS HS VIOL,COR
,,19C063002,21:02:47 07/19/19,l,Follow Up,4,730 PUBLIC SAFETY WAY; CORONA POLICE,COR
,,19C063003,21:04:28 07/19/19,l,Susp Vehicle,3,1999 Foothill PKWY,COR
,,19C063004,21:08:01 07/19/19,lf,Hot Lock Out,1,4300 GREEN RIVER RD # 111; BIG ALS PIZZA,COR
,,19C063005,21:10:35 07/19/19,lf,Unknown Fire,1,1206 MAGNOLIA AVE; #101; ARMY RECRUITING; COR STAGE,
,,19C063007,21:17:24 07/19/19,l,Fire Code Vio,4,115 E OLIVE ST,COR
,,19C063008,21:21:42 07/19/19,l,Property Check,4,928 E ONTARIO,COR
,,19C063009,21:24:05 07/19/19,l,Traffic Stop,4,N MCKINLEY ST & MAGNOLIA AVE,COR
,,19C063010,21:28:24 07/19/19,l,Welfare Check,2,1635 KELLOGG AVE; KELLOGG PARK;PHS2,COR
,,19C063011,21:34:42 07/19/19,l,Resid Burg I/P,2,131 N BUENA VISTA AVE,COR
,,19C063012,21:34:57 07/19/19,,,,131 N BUENA VISTA AVE,COR
,,19C063013,21:39:08 07/19/19,f,ZZAllergies,1,3244 ELYSIA ST,COR
,,19C063014,21:44:29 07/19/19,l,Court Order Vio,3,479 N MCKINLEY ST; WALMART SUSP 97,COR
,,19C063015,21:54:49 07/19/19,l,911 Hangup,2,2145 HIGHPOINTE DR # 108;PHS2,COR
,,19C063016,21:56:42 07/19/19,l,Alarm Call,2,750 S LINCOLN AVE # 101; VERIZON STORE,COR
,,19C063017,21:57:07 07/19/19,l,911 Hangup,2,16380 EUCLID,
,,19C063018,21:57:34 07/19/19,lf,Accident Unknwn,1,S VICTORIA AVE & E SIXTH ST,COR
,,19C063019,22:04:39 07/19/19,l,DV-Assault,1,909 S SMITH AVE # 108; CORONA VILLAGE APTS,COR
,,19C063020,22:11:27 07/19/19,l,Area Check,3,E ONTARIO AVE & COMPTON AVE ; POSS 5150 MALE,COR
,,19C063022,22:24:33 07/19/19,l,Follow Up,4,E ONTARIO AVE & S MAIN ST,COR
,,19C063023,22:25:05 07/19/19,l,Disturb Peace,3,1248 W SIXTH ST; WELCOME INN;ABAND BUSN,COR
,,19C063024,22:26:55 07/19/19,l,Property Check,4,2097 COMPTON AVE # 101; PACIFIC PAIN CARE CONSULTANTS,COR
,,19C063025,22:27:13 07/19/19,l,911 Hangup,2,881 CORSICA DR,COR
,,19C063026,22:29:19 07/19/19,l,Area Check,3,1504 BRENTWOOD DR,COR
,,19C063027,22:30:51 07/19/19,l,Loud Party,3,2340 MOUNT HUMPHRIES CIR # 102,COR
,,19C063029,22:50:38 07/19/19,l,Traffic Stop,4,PROMENADE AVE & TERRA DR,COR
,,19C063031,22:57:05 07/19/19,l,Property Check,4,2813 S MAIN ST,COR
,,19C063032,22:57:41 07/19/19,l,Susp Vehicle,3,CRESTRIDGE DR & GREEN RIVER RD,COR
,,19C063033,22:59:02 07/19/19,l,Traffic Stop,4,1400 CRESTA RD,COR
,,19C063034,22:59:07 07/19/19,l,911 Hangup,2,15 NB ONTARIO MAGNOLIA,COR
,,19C063035,22:59:08 07/19/19,,,,2290 MARY CLARE ST,COR
,,19C063036,22:59:09 07/19/19,f,ZZStroke,1,2290 MARY CLARE ST,COR
,,19C063037,23:00:10 07/19/19,l,Vandalism,3,321 E SIXTH ST; REAL ESTATE BUSN,COR
,,19C063041,23:11:48 07/19/19,l,911 Hangup,2,400 S VICENTIA AVE; CITY HALL,COR
,,19C063042,23:22:08 07/19/19,f,ZZSick,1,1782 BERN DR,COR
,,19C063043,23:22:34 07/19/19,l,H&S Violation,3,1930 KELLOGG AVE,COR
,,19C063045,23:24:34 07/19/19,f,ZZBreathing,1,7600 SMERBER RD,ELC
,,19C063046,23:29:39 07/19/19,l,Traffic Stop,4,S JOY ST & E THIRD ST,COR
,,19C063047,23:29:47 07/19/19,l,Pursuit,1,E THIRD ST & S MAIN ST,COR
,,19C063049,23:36:04 07/19/19,f,ZZAbdominalPain,1,535 RICHEY ST # 112;HILLS APTS,COR
,,19C063050,23:36:46 07/19/19,l,Drunk In Public,2,N VICENTIA AVE & PENROSE DR,COR
,,19C063051,23:39:25 07/19/19,l,Dist/Verbal,2,1245 W TENTH ST; #B4,COR
,,19C063052,23:45:19 07/19/19,l,Shots Fired,1,W TENTH ST & S BUENA VISTA AVE,COR
,,19C063053,23:47:50 07/19/19,l,Drunk In Public,2,1245 W TENTH ST; #B4,COR
,,19C063055,23:56:22 07/19/19,l,Susp Vehicle,3,2331 KELLOGG AVE # A; CROSSROADS CHURCH,COR
,,19C063056,23:57:11 07/19/19,f,ZZTrauma,1,1507 SANDIA ST,COR
,,19C063057,00:01:25 07/20/19,l,Pursuit,1,E GRAND BLVD & E THIRD ST,COR
,,19C063058,00:04:03 07/20/19,l,Pursuit,1,E GRAND BLVD & E THIRD ST,COR
,,19C063059,00:04:49 07/20/19,l,Prowler,2,1580 E CHASE DR,COR
,,19C063060,00:07:12 07/20/19,l,Prowler,2,2130 CRYSTAL DOWNS DR,COR
,,19C063061,00:22:46 07/20/19,l,Missing Person,2,1121 RAILROAD ST;#102,COR
,,19C063062,00:24:12 07/20/19,l,Property Check,4,255 E RINCON ST,COR
,,19C063063,00:26:21 07/20/19,l,Alarm Call,2,1750 SPYGLASS DR; WILSON ELEMENTARY SCHOOL,COR
,,19C063064,00:33:00 07/20/19,l,Patrol Info,4,1330 MAGNOLIA AVE; ACO,COR
,,19C063065,00:33:45 07/20/19,l,911 Hangup,2,110 W UPPER DR; CFD 6,COR
,,19C063066,00:41:34 07/20/19,l,Follow Up,4,1275 MAGNOLIA AVE # 105; SHAMROCKS,COR
,,19C063067,00:46:22 07/20/19,f,ZZFwy Trauma,1,15 NB CAJALCO EL CERRITO,COR
YES,'Nature' garbled/scrambled text,19C063068,00:56:08 07/20/19,f,ZZFwy Acc w/inj,1,91 EB PASEO GRANDE LINCOLN,COR
,,19C063070,01:11:37 07/20/19,l,911 Hangup,2,881 CORSICA DR,COR
,,19C063071,01:12:25 07/20/19,l,Suspicious Circ,3,3020 GARRETSON AVE,COR
,,19C063072,01:15:59 07/20/19,l,Domestic Distur,2,1232 DORIS LN # 104,COR
,,19C063073,01:16:31 07/20/19,l,911 Hangup,2,1000 W RINCON ST,COR
,,19C063076,01:21:26 07/20/19,l,911 Hangup,2,730 VIA DE LUNA,COR
,,19C063077,01:33:15 07/20/19,l,Follow Up,4,730 PUBLIC SAFETY WAY,COR
,,19C063078,01:39:15 07/20/19,l,Property Check,4,E FOOTHILL PKWY & S MAIN ST,COR
YES,'Location' garbled/scrambled text,19C063080,01:42:36 07/20/19,f,ZZFwy H/R Inj,1,91 EB SERFAS CLUB 6TH STMAPLE,COR
,,19C063081,01:53:56 07/20/19,l,Property Check,4,2813 S MAIN ST,COR
,,19C063083,02:03:44 07/20/19,l,Alarm Call,2,1040 S VICENTIA AVE; JEFFERSON ELEMENTARY SCHOOL,COR
,,19C063084,02:05:34 07/20/19,l,Susp Person,3,1599 PLAZA DE NOCHE,COR
,,19C063085,02:11:48 07/20/19,l,Patrol Info,4,E SIXTH ST & RIMPAU AVE;POSS 415PHYS,COR
,,19C063086,02:12:26 07/20/19,l,DV-Assault,1,1535 BORDER AVE,COR
,,19C063088,02:18:30 07/20/19,l,911 Hangup,2,3594 NELSON ST;ABAND PHS1,COR
,,19C063089,02:18:59 07/20/19,lf,Drunk Driver,2,730 PUBLIC SAFETY WAY; CORONA POLICE,COR
,,19C063090,02:24:09 07/20/19,l,Missing Return,3,1121 RAILROAD ST;#102,COR
,,19C063091,02:26:01 07/20/19,f,ZZCarbon Alarm,2,445 WELLESLEY DR # 103,COR
,,19C063092,02:30:44 07/20/19,l,Unknown Problem,1,1085 CIRCLE CITY DR # 101,COR
,,19C063093,02:37:49 07/20/19,l,Susp Vehicle,3,1335 WIGEON DR,COR
,,19C063094,02:52:08 07/20/19,lf,Cardiac Arrest,1,1561 VANDAGRIFF WAY,COR
,,19C063095,02:56:51 07/20/19,l,DV-Assault,1,1395 E FOOTHILL PKWY; SANTIAGO HIGH SCHOOL; HEARD ONLY,COR
,,19C063097,03:24:14 07/20/19,l,Defraud Inkeepr,3,2379 COMPTON AVE; DENNYS RESTAURANT; SUSP 97,COR
,,19C063098,03:24:49 07/20/19,l,Follow Up,4,730 PUBLIC SAFETY WAY;19-07304,COR
,,19C063099,03:27:31 07/20/19,l,Property Check,4,3355 MOUNTAIN GATE DR; DWIGHT EISENHOWER ELEMENTARY SCHOOL,COR
,,19C063100,03:28:02 07/20/19,l,Loud Noise,3,1418 CHALGROVE DR # A,COR
,,19C063101,03:37:04 07/20/19,f,ZZFwy Heavy Res,1,91 EB OC LINE GREEN RIVER,COR
,,19C063102,03:55:23 07/20/19,f,ZZChest Pains,1,3598 ARBORETUM CIR,COR
YES,'Location' garbled/scrambled text,19C063103,04:01:02 07/20/19,l,Alarm Call,2,521 PRINCELAND CT; ICSN INC,COR
,,19C063106,04:16:22 07/20/19,l,Hit Run No Inj,2,N MCKINLEY ST & PROMENADE AVE,COR
,,19C063107,04:17:30 07/20/19,l,Area Check,3,907 MIRAFLORES DR; 530 I/P,COR
,,19C063110,04:44:29 07/20/19,f,ZZFall,1,777 S TEMESCAL ST # 50,COR
,,19C063111,04:46:15 07/20/19,l,911 Hangup,2,2134 LONGVIEW DR,COR
,,19C063112,04:51:42 07/20/19,f,ZZSick,1,1109 GENTLE DR,COR
,,19C063113,05:01:01 07/20/19,l,911 Hangup,2,915 N MCKINLEY ST,COR
,,19C063120,05:49:25 07/20/19,l,Disturb Peace,3,155 AUTO CENTER DR; METRO LINK;THREATS,COR
,,19C063121,06:01:42 07/20/19,l,Accident,2,N SMITH AVE & RAILROAD ST,COR
,,19C063122,06:03:32 07/20/19,l,Dist/Verbal,2,420 S LINCOLN AVE; #120,COR
,,19C063124,06:40:23 07/20/19,l,Susp Person,3,W HARRISON ST & N COTA ST,COR
,,19C063127,07:07:52 07/20/19,l,Surveillance,4,3038 SAGEWOOD LN,COR
,,19C063128,07:20:01 07/20/19,f,ZZPublicSrvceF,2,1317 GOLDENEAGLE DR,COR
,,19C063129,07:24:21 07/20/19,l,Property Check,4,1900 AVIATION DR; CORONA AIRPORT,COR
,,19C063130,07:26:32 07/20/19,l,Special Detail,4,1395 E FOOTHILL PKWY; SANTIAGO HIGH SCHOOL,COR
,,19C063131,07:32:55 07/20/19,l,Property Check,4,THE CROSSINGS,COR
,,19C063132,07:33:44 07/20/19,l,Alarm Call,2,1885 SAN REMO DR; CLUB HOUSE,COR
,,19C063133,07:39:25 07/20/19,l,Vandalism,3,210 W GRAND BLVD; #103,COR
,,19C063134,07:42:23 07/20/19,l,Area Check,3,31 E GRAND BLVD,COR
,,19C063135,08:12:22 07/20/19,l,Patrol Info,4,216 W TENTH ST,COR
,,19C063136,08:19:37 07/20/19,lf,Spill,1,2185 COTTONCREEK LN,COR
,,19C063138,08:23:29 07/20/19,l,911 Hangup,2,2215 E LAKESIDE DR,COR
,,19C063139,08:29:24 07/20/19,l,911 Hangup,2,2254 E LAKESIDE PL,COR
,,19C063141,08:30:55 07/20/19,f,ZZFall,1,2401 LENAI CIR,COR
,,19C063142,08:32:19 07/20/19,l,Property Check,4,1290 E ONTARIO AVE; WALMART,COR
,,19C063145,08:38:09 07/20/19,f,ZZSick,1,2180 COTTONCREEK LN,COR
,,19C063146,08:42:02 07/20/19,f,ZZSick,1,1565 PLAZA DE NOCHE # 9,COR
,,19C063147,08:42:04 07/20/19,l,Property Check,4,260 W FOOTHILL PKWY; ALBERTSONS,COR
,,19C063148,08:42:21 07/20/19,f,ZZResdntal Alr,1,4215 FLOYD DR,COR
,,19C063150,08:53:34 07/20/19,l,911 Hangup,2,2620 BORDER AVE,COR
,,19C063151,08:56:15 07/20/19,l,Property Check,4,DOS LAGOS,COR
,,19C063152,09:04:52 07/20/19,l,Disturb Peace,3,930 E SIXTH ST; CITY PARK,COR
,,19C063153,09:06:15 07/20/19,l,Traffic Stop,4,SAN ANTONIO DR & SAN SIMEON DR,COR
,,19C063154,09:16:54 07/20/19,f,ZZChest Pains,1,3102 VERANDA LN,COR
,,19C063155,09:19:29 07/20/19,l,Ill Parked Veh,4,MONTANA RANCH RD & DEL MAR WAY,COR
,,19C063157,09:20:21 07/20/19,l,911 Hangup,2,730 MAGNOLIA AVE,COR
,,19C063158,09:21:50 07/20/19,l,Keep The Peace,3,1181 JADESTONE LN,COR
,,19C063159,09:22:55 07/20/19,l,911 Hangup,2,730 MAGNOLIA AVE,COR
,,19C063160,09:27:10 07/20/19,l,Ill Parked Veh,4,2051 PICADILLY WAY,COR
,,19C063161,09:30:50 07/20/19,f,ZZAllergies,1,2301 WARDLOW CIR; CIRCOR AEROSPACE,COR
,,19C063162,09:31:53 07/20/19,l,Alarm Call,2,880 ENCANTO ST,COR
,,19C063163,09:32:25 07/20/19,l,Property Check,4,479 N MCKINLEY ST; WALMART,COR
,,19C063164,09:38:07 07/20/19,f,ZZStroke,1,1295 CRESTA RD; CRESTA VERDE GOLF,COR
,,19C063165,09:40:11 07/20/19,l,Found Property,4,802 PARK LN,COR
,,19C063166,09:41:54 07/20/19,l,Alarm Call,2,232 N SHERMAN AVE; #E TRANSPORTATION CONCEPTS,COR
,,19C063167,09:59:55 07/20/19,l,Property Check,4,3950 S MAIN ST; ATT TOWER,COR
,,19C063168,10:04:19 07/20/19,l,Property Check,4,598 SANTANA WAY # #; SKATE PARK SANTANA PARK,COR
,,19C063169,10:06:36 07/20/19,l,Vehicle Check,4,598 SANTANA WAY # #; SKATE PARK SANTANA PARK,COR
,,19C063170,10:08:36 07/20/19,l,Traffic Stop,4,E SIXTH ST & S MAIN ST,COR
,,19C063172,10:11:33 07/20/19,l,Additional Info,4,1290 E ONTARIO AVE; WALMART,COR
,,19C063173,10:12:29 07/20/19,l,Test,4,205 W THIRD ST,COR
,,19C063174,10:16:55 07/20/19,l,Stranded Veh,3,W RINCON ST & N MAIN ST,COR
,,19C063175,10:16:59 07/20/19,lf,Vegetation High,1,3056 WILDERNESS DR,COR
,,19C063176,10:19:00 07/20/19,f,ZZTrauma,1,730 PUBLIC SAFETY WAY; CORONA POLICE,COR
,,19C063177,10:21:48 07/20/19,l,Property Check,4,480 N MAIN ST,COR
,,19C063178,10:27:14 07/20/19,l,Patrol Info,4,15 NB MAGNOLIA HIDDEN VALLEY,COR
,,19C063179,10:30:13 07/20/19,l,Property Check,4,480 N MCKINLEY ST,COR
,,19C063180,10:31:06 07/20/19,l,Welfare Check,2,1550 RIMPAU AVE # 46,COR
,,19C063181,10:39:52 07/20/19,l,911 Hangup,2,210 S LINCOLN AVE,COR
,,19C063182,10:42:05 07/20/19,l,Stranded Veh,3,FULLERTON AVE & MAGNOLIA AVE,COR
,,19C063183,10:42:56 07/20/19,l,911 Hangup,2,1327 W RINCON ST,COR
,,19C063186,11:04:07 07/20/19,l,Traffic Stop,4,CALIFORNIA AVE & GRAPHITE DR,COR
,,19C063187,11:06:37 07/20/19,l,Hit Run No Inj,2,1290 E ONTARIO AVE; WALMART,COR
,,19C063188,11:06:49 07/20/19,f,ZZFall,1,1285 MAGNOLIA AVE; LOWES,COR
,,19C063190,11:14:21 07/20/19,l,Disturb Peace P,4,4901 GREEN RIVER RD # 185,COR
,,19C063191,11:20:34 07/20/19,f,ZZSick,1,2600 S MAIN ST; CORONA POST ACUTE,COR
,,19C063192,11:28:35 07/20/19,l,Drunk In Public,2,1698 W SIXTH ST # A; 7 11 STORE WEST,COR
,,19C063193,11:29:17 07/20/19,l,Hit Run No Inj,2,470 HIDDEN VALLEY PKWY; KOHLS,COR
YES,'Location' garbled/scrambled text,19C063194,11:33:32 07/20/19,f,ZZFwy H/R Inj,1,15 NB CAJALCO EL CERRITO;MC DOWN,COR
,,19C063195,11:33:51 07/20/19,l,Property Check,4,615 RICHEY ST; PROMENADE PARK,COR
,,19C063196,11:37:23 07/20/19,l,Property Check,4,THE CROSSINGS,COR
,,19C063197,11:37:54 07/20/19,l,Ill Parked Veh,4,2629 LAS MERCEDES LN,COR
,,19C063198,11:45:33 07/20/19,l,Flag Down,4,2615 TUSCANY ST; TARGET STORES T1548 AT THE CROSSINGS,COR
,,19C063199,11:56:30 07/20/19,l,Property Check,4,479 N MCKINLEY ST; WALMART,COR
,,19C063201,12:02:16 07/20/19,l,Accident,2,E FOOTHILL PKWY & BEDFORD CANYON RD,COR
,,19C063202,12:09:07 07/20/19,l,Veh Burg Past,4,1065 E THIRD ST,COR
,,19C063203,12:14:12 07/20/19,l,Dist/Verbal,2,3542 SWEETWATER CIR;MOM / SON VERB,COR
,,19C063204,12:15:52 07/20/19,l,Flag Down,4,470 N MCKINLEY ST; UFC GYM AT CORONA HILLS COR PLAZA,
,,19C063205,12:17:20 07/20/19,l,Comm Policing,4,540 HIDDEN VALLEY PKWY; #101 LEAN FEAST,COR
,,19C063206,12:19:37 07/20/19,l,Petty Theft P,4,1260 E ONTARIO AVE; ALBERTSONS,COR
,,19C063207,12:22:26 07/20/19,l,Found Property,4,1349 AGNES ST,COR
,,19C063208,12:27:35 07/20/19,l,Alarm Call,2,915 AUBURNDALE ST,COR
,,19C063209,12:36:54 07/20/19,l,Resid Burg I/P,2,808 S BUENA VISTA AVE,COR
,,19C063210,12:56:09 07/20/19,l,Petty Theft,3,1865 W SIXTH ST; CARLS JR,COR
YES,'Nature' garbled text (embedded symbol),19C063212,13:12:20 07/20/19,f,ZZFaint/Uncons,1,2128 SUMMERSET ST,COR
,,19C063214,13:12:36 07/20/19,f,ZZChest Pains,1,S MAIN ST & 91 EB OFF RAMP,COR
,,19C063215,13:14:48 07/20/19,l,Alarm Call,2,2634 LADERA CIR,COR
,,19C063217,13:39:40 07/20/19,l,911 Hangup,2,505 S BUENA VISTA AVE,COR
,,19C063218,13:42:17 07/20/19,lf,Overdose,1,1203 W SIXTH ST # 63,COR
,,19C063219,13:58:01 07/20/19,l,Illegal Entry,3,469 RAPHAEL DR,COR
,,19C063220,14:03:52 07/20/19,f,ZZ Fire Test,2,730 PUBLIC SAFETY WAY; CORONA POLICE,COR
,,19C063221,14:15:05 07/20/19,l,H/R Coll Past,4,1355 E ONTARIO AVE;MLR,COR
,,19C063222,14:15:56 07/20/19,l,Property Check,4,930 E SIXTH ST; CITY PARK,COR
,,19C063223,14:20:12 07/20/19,l,Hazard,3,PASEO GRANDE & GREEN RIVER RD,COR
,,19C063224,14:20:28 07/20/19,l,911 Hangup,2,130 E CHASE DR,COR
,,19C063226,14:20:56 07/20/19,l,911 Hangup,2,GREEN RIVER RD & PASEO GRANDE,COR
,,19C063227,14:21:37 07/20/19,l,911 Hangup,2,130 W CHASE DR; HEBREWS,COR
,,19C063228,14:23:08 07/20/19,l,Property Check,4,470 HIDDEN VALLEY PKWY; KOHLS,COR
,,19C063230,14:28:16 07/20/19,l,Disturb Peace,3,906 W SIXTH ST; JIFFY LUBE,COR
,,19C063231,14:31:27 07/20/19,l,Shoplifting,3,1290 E ONTARIO AVE; WALMART,COR
,,19C063235,14:39:40 07/20/19,l,911 Hangup,2,4190 BENNETT AVE,COR
,,19C063236,14:42:46 07/20/19,l,Illegal Entry,3,346 E KENDALL ST,COR
,,19C063237,14:44:11 07/20/19,l,Petty Theft P,4,550 HIDDEN VALLEY PKWY; STATER BROS MARKETS,COR
,,19C063238,14:44:40 07/20/19,l,Area Check,3,462 CORONA MALL # 102; MANAGEMENT SERVICE; HSVIOL,COR
,,19C063239,14:47:02 07/20/19,l,Property Check,4,1230 S MAIN ST; CORONA FUNDAMENTAL INTERMEDIATE SCHOOL,COR
,,19C063240,14:49:46 07/20/19,l,Missing Person,2,TEMESCAL CANYON RD & CAJALCO RD; LL CONT,COR
,,19C063241,14:50:19 07/20/19,l,Property Check,4,230 W FOOTHILL PKWY; CARLS JR,COR
,,19C063242,14:53:46 07/20/19,l,911 Hangup,2,1776 ALL AMERICAN WAY; ALL AMERICAN ALSPHALT,COR
,,19C063243,14:56:27 07/20/19,l,911 Hangup,2,3412 FERN HOLLOW DR,COR
,,19C063244,15:00:34 07/20/19,l,Disturb Peace,2,930 E SIXTH ST; CITY PARK,COR
,,19C063245,15:06:50 07/20/19,l,Property Check,4,THE CROSSINGS,COR
,,19C063246,15:09:28 07/20/19,l,Silent Comm 211,1,2661 GREEN RIVER RD # #; UNION BANK INSIDE RALPHS,COR
,,19C063248,15:17:26 07/20/19,l,Property Check,4,479 N MCKINLEY ST; WALMART,COR
,,19C063249,15:17:50 07/20/19,l,Standby,4,W FOOTHILL PKWY & S LINCOLN AVE,COR
,,19C063250,15:21:57 07/20/19,l,Flag Down,4,1701 W SIXTH ST ; RODEWAY INN,COR
,,19C063251,15:24:24 07/20/19,f,ZZBleeding,1,300 EL SOBRANTE RD; HYDE AND HYDE INC,COR
,,19C063252,15:26:43 07/20/19,l,Property Check,4,4300 GREEN RIVER RD,COR
,,19C063253,15:31:14 07/20/19,l,911 Hangup,2,805 S RAMONA AVE,COR
,,19C063254,15:33:00 07/20/19,l,Ill Parked Veh,4,863 RIVER RD,COR
,,19C063255,15:39:10 07/20/19,f,ZZChest Pains,1,480 N MCKINLEY ST,COR
,,19C063256,15:39:45 07/20/19,l,Area Check,3,1014 BURR ST; SUSP VEH,COR
YES,'Nature' garbled text (embedded symbol),19C063257,15:39:52 07/20/19,f,ZZFaint/Uncons,1,1717 TAMARRON DR,COR
,,19C063258,15:40:08 07/20/19,l,911 Hangup,2,805 S RAMONA AVE,COR
,,19C063259,15:44:04 07/20/19,l,Accident,2,W GRAND BLVD & N MAIN ST,COR
,,19C063260,15:51:54 07/20/19,l,911 Hangup,2,1230 S MAIN ST; CORONA FUNDAMENTAL INTERMEDIATE SCHOOL,COR
,,19C063262,16:06:23 07/20/19,l,Area Check,3,N MCKINLEY ST & GRIFFIN WAY ;POSS 23152,COR
,,19C063263,16:08:07 07/20/19,lf,Accident Unknwn,1,RAILROAD ST & N SMITH AVE,COR
,,19C063264,16:11:15 07/20/19,f,ZZHeat/Cold Exp,1,1205 S MAIN ST; ARCO AM PM,COR
,,19C063265,16:11:45 07/20/19,l,Property Check,4,629 N MAIN ST,COR
,,19C063267,16:19:28 07/20/19,l,911 Hangup,2,1504 TABER ST; CANYON COMMUNITY CHRUCH OF THE NAZARENE,COR
,,19C063268,16:21:28 07/20/19,l,DV-Assault,1,1037 W GRAND BLVD # A,COR
,,19C063270,16:23:04 07/20/19,l,Area Check,3,1107 W SIXTH ST; WSS SHOES ;314 SUSP,COR
,,19C063271,16:29:24 07/20/19,l,Alarm Call,2,951 ALEXANDRA DR,COR
,,19C063272,16:30:24 07/20/19,l,Additional Info,4,808 S BUENA VISTA AVE,COR
,,19C063273,16:35:42 07/20/19,l,Traffic Stop,4,710 E SIXTH ST; SILVER DOLLAR PANCAKE HSE INC,COR
,,19C063274,16:36:34 07/20/19,l,911 Hangup,2,813 E FRANCIS ST,COR
,,19C063275,16:37:28 07/20/19,l,Patrol Info,4,frederick / center point;moreno valley,RVC
,,19C063276,16:38:55 07/20/19,l,Citizen Contact,3,802 FORD ST ; LL CONT,COR
,,19C063277,16:39:12 07/20/19,l,911 Hangup,2,1150 W TENTH ST,COR
,,19C063278,16:40:08 07/20/19,l,Solicitor,3,535 N MCKINLEY ST; VONS,COR
,,19C063279,16:42:41 07/20/19,l,911 Hangup,2,91 EB MAIN MCKINLEY,COR
,,19C063280,16:43:25 07/20/19,l,911 Hangup,2,1504 TABER ST,COR
,,19C063281,16:43:52 07/20/19,f,ZZFwy UnkInjury,1,91 EB MAIN MCKINLEY,COR
,,19C063282,16:57:14 07/20/19,l,CMC Violation,4,1700 W SIXTH ST,COR
,,19C063283,16:58:53 07/20/19,l,Patrol Info,4,835 N MAIN ST # F; FURNITURE OUTLET,COR
,,19C063284,17:00:41 07/20/19,l,911 Hangup,2,2126 HAMNER AVE,NOR
,,19C063285,17:03:02 07/20/19,l,911 Hangup,2,7500 EL CERRITO RD,ELC
,,19C063286,17:05:13 07/20/19,l,Property Check,4,275 TELLER ST # 100; 24 HOUR FITNESS,COR
,,19C063287,17:09:14 07/20/19,l,Ill Parked Veh,4,1654 HONORS CIR,COR
,,19C063288,17:16:16 07/20/19,f,ZZSick,1,2005 KELLOGG AVE; #31; BROOKDALE,COR
,,19C063290,17:26:46 07/20/19,l,Comm Policing,4,302 N SHERIDAN ST,COR
,,19C063291,17:28:23 07/20/19,lf,Overdose,1,479 N MCKINLEY ST; WALMART,COR
,,19C063292,17:28:36 07/20/19,l,Patrol Info,4,111 W HARRISON ST; ONE ELEVEN APARTMENTS,COR
,,19C063294,17:31:17 07/20/19,lf,Petty Theft,3,479 N MCKINLEY ST; WALMART,COR
,,19C063295,17:33:24 07/20/19,l,Alarm Call,2,1428 E SIXTH ST # N; UNK NAME OF BUSN,COR
,,19C063296,17:33:32 07/20/19,l,911 Hangup,2,805 S RAMONA AVE,COR
,,19C063297,17:34:28 07/20/19,l,Alarm Call,2,1939 S MAIN ST,COR
,,19C063298,17:35:14 07/20/19,l,Welfare Check,2,1068 BORDER AVE,COR
,,19C063299,17:36:30 07/20/19,lf,Overdose,1,4150 WEBSTER RANCH RD,COR
,,19C063301,17:46:26 07/20/19,f,ZZDiabetic,1,1938 S BUENA VISTA AVE,COR
,,19C063303,17:49:52 07/20/19,l,911 Hangup,2,986 AUBURNDALE ST,COR
,,19C063304,17:55:20 07/20/19,l,Panhand/Solicit,3,470 HIDDEN VALLEY PKWY; KOHLS,COR
,,19C063305,17:55:22 07/20/19,l,Dist/Physical,1,1700 VIA PACIFICA; PARCWOOD APARTMENTS,COR
,,19C063306,17:59:24 07/20/19,l,Disturb Peace,3,2570 TUSCANY ST # 102 ; panera,COR
,,19C063307,18:01:30 07/20/19,l,Runaway,3,1566 BEACON RIDGE WAY ; LL CONT,COR
,,19C063308,18:09:38 07/20/19,f,ZZCommrcal Alrm,1,2285 TREEHOUSE LN # 208,COR
,,19C063309,18:22:20 07/20/19,l,Follow Up,4,2621 MANGULAR AVE,COR
,,19C063310,18:22:43 07/20/19,l,Property Check,4,255 E RINCON ST; PRIMERICA FINANCIAL SERVICES,COR
,,19C063311,18:25:42 07/20/19,l,Property Check,4,1220 W ONTARIO AVE; CORONA FRIENDS CHURCH,COR
,,19C063312,18:26:22 07/20/19,l,Property Check,4,418 N MAIN ST,COR
,,19C063314,18:30:19 07/20/19,l,911 Hangup,2,881 CORSICA DR,COR
,,19C063315,18:38:25 07/20/19,l,DV-Assault,1,479 N MCKINLEY ST; WALMART,COR
,,19C063317,18:47:09 07/20/19,l,911 Hangup,2,4190 BENNETT AVE,COR
,,19C063318,18:47:47 07/20/19,l,Area Check,3,2585 S MAIN ST ;911 HNGUP,COR
,,19C063320,18:50:43 07/20/19,f,ZZPublicSrvceF,2,2285 E TREEMONT PL,COR
,,19C063322,18:57:22 07/20/19,l,Petty Theft P,4,1547 PLAZA DE NOCHE # 3,COR
,,19C063323,19:01:38 07/20/19,l,Alarm Call,2,1013 STANISLAUS DR,COR
,,19C063324,19:02:04 07/20/19,f,ZZBleeding,1,2057 COMPTON AVE # 101; CORONA DIALYSIS CENTER,COR
,,19C063325,19:04:43 07/20/19,l,Hit Run No Inj,2,1071 W SIXTH ST,COR
,,19C063326,19:04:59 07/20/19,l,Area Check,3,GREEN RIVER RD & NICHOLAS PL,COR
,,19C063327,19:07:29 07/20/19,l,Traffic Stop,4,S LINCOLN AVE & D ST,COR
,,19C063328,19:17:06 07/20/19,f,ZZExt Fire,1,360 FALMOUTH CT ; #101,COR
,,19C063329,19:23:01 07/20/19,l,Ped Check,4,1200 RAILROAD ST,COR
,,19C063331,19:24:56 07/20/19,l,Z-Animal Svcs,4,2126 EVANSTON CIR,COR
,,19C063332,19:27:30 07/20/19,f,ZZResdntal Alr,1,1701 VIA VALMONTE CIR,COR
,,19C063333,19:28:04 07/20/19,l,Z-Animal Svcs,4,109 N MCKINLEY ST; FOOD FOR LESS,COR
,,19C063336,19:33:27 07/20/19,l,Ill Parked Veh,4,941 SAPPHIRE LN,COR
,,19C063338,19:36:37 07/20/19,f,ZZSick,1,3582 CEDAR RIDGE LN,COR
,,19C063339,19:38:52 07/20/19,l,Property Check,4,2800 MELLOR ST,COR
,,19C063340,19:40:36 07/20/19,l,Property Check,4,1820 FULLERTON AVE # 350; CORONA WOUND CENTER,COR
,,19C063341,19:41:07 07/20/19,l,Property Check,4,1031 W SIXTH ST; CORONA POA; CPOA OFFICE,COR
,,19C063342,19:41:56 07/20/19,l,Unknown Problem,1,370 N MCKINLEY ST; TEXAS ROADHOUSE AT CORONA HILLS PLAZA,COR
,,19C063345,19:48:27 07/20/19,l,Traffic Stop,4,310 N MCKINLEY ST; DEL TACO,COR
,,19C063346,19:50:36 07/20/19,l,Alarm Call,2,3825 MORALES CIR,COR
,,19C063347,19:52:22 07/20/19,l,Traffic Stop,4,BORDER AVE & VIA DEL RIO,COR
,,19C063349,20:00:03 07/20/19,l,911 Hangup,2,730 MAGNOLIA AVE; CORONA REGIONAL MEDICAL CENTER,COR
,,19C063351,20:02:31 07/20/19,l,Area Check,3,1842 NEWTON DR,COR
,,19C063352,20:04:20 07/20/19,l,Patrol Info,4,E ONTARIO AVE & MAGNOLIA AVE ; 23152,COR
,,19C063353,20:12:07 07/20/19,f,ZZSick,1,1700 SAN ALVARADO CIR,COR
,,19C063354,20:14:20 07/20/19,l,911 Hangup,2,640 COLLETT AVE,COR
,,19C063356,20:17:55 07/20/19,l,Area Check,3,887 RIVER RD; RIVER RUN SR APTS,COR
,,19C063357,20:22:10 07/20/19,l,Area Check,3,1635 KELLOGG AVE; KELLOGG PARK,COR
,,19C063358,20:24:03 07/20/19,l,Property Check,4,200 N LINCOLN AVE; MOTEL 6,COR
,,19C063359,20:26:20 07/20/19,l,Property Check,4,191 N MCKINLEY ST; CHUCK E CHEESE,COR
,,19C063361,20:28:29 07/20/19,l,Disturb Peace P,4,2489 TUSCANY ST; KOHLS,COR
,,19C063362,20:29:05 07/20/19,l,Property Check,4,THE CROSSINGS,COR
,,19C063364,20:35:25 07/20/19,f,ZZPublicSrvceF,2,1496 ELEGANTE CT,COR
,,19C063365,20:36:01 07/20/19,l,Property Check,4,120 W ONTARIO AVE,COR
,,19C063366,20:36:23 07/20/19,l,Stranded Veh,3,PROMENADE AVE & E SIXTH ST,COR
,,19C063367,20:39:05 07/20/19,l,911 Hangup,2,615 RICHEY ST,COR
,,19C063368,20:40:16 07/20/19,l,Traffic Stop,4,N COTA ST & W PARKRIDGE AVE,COR
,,19C063370,20:45:28 07/20/19,l,Welfare Check,2,650 STONEYBROOK DR # 239 ;ASHTON APTS; POSS 273A,COR
,,19C063371,20:46:42 07/20/19,l,Traffic Stop,4,E UPPER DR & TRINITY LN,COR
,,19C063372,20:48:53 07/20/19,l,Traffic Stop,4,RIVER RD & KALUS ST,COR
,,19C063375,20:54:43 07/20/19,l,911 Hangup,2,1776 ALL AMERICAN WAY; ALL AMERICAN ALSPHALT,COR
,,19C063376,20:56:00 07/20/19,l,Property Check,4,E FOOTHILL PKWY & S MAIN ST,COR
,,19C063377,20:56:05 07/20/19,l,911 Hangup,2,2035 CALIFORNIA AVE; METROPCS CALIFORNIA LLC,COR
,,19C063378,21:01:02 07/20/19,l,Domestic Distur,2,745 MEADOWOOD ST; #G,COR
,,19C063379,21:01:11 07/20/19,l,Traffic Stop,4,W ONTARIO AVE & NEWTON DR,COR
,,19C063380,21:01:45 07/20/19,l,Area Check,3,479 N MCKINLEY ST; WALMART; 488 2 AGO,COR
,,19C063381,21:02:48 07/20/19,l,Loud Party,3,977 E FRANCIS ST,COR
,,19C063382,21:03:38 07/20/19,l,Vandalism Past,4,703 E SIXTH ST ; RS SERVICE GAS STN,COR
,,19C063385,21:10:05 07/20/19,l,Patrol Info,4,5642 30TH;jACK IN THE BOX JURUPA VALLEY,RVC
,,19C063386,21:11:40 07/20/19,l,911 Hangup,2,3960 S MAIN ST,COR
,,19C063389,21:18:58 07/20/19,l,Loud Party,3,1014 E FRANCIS ST ;FCVIOL,COR
,,19C063390,21:19:57 07/20/19,l,Area Check,3,1626 CONIFER CIR,COR
,,19C063392,21:31:13 07/20/19,l,Property Check,4,2710 LAKESHORE DR; DOS LAGOS THEATRES AT COR DOS LAGOS,
,,19C063393,21:33:47 07/20/19,l,Alarm Call,2,2719 GREENFIELD DR,COR
,,19C063395,21:42:11 07/20/19,l,Suspicious Circ,3,15 NB OFF RAMP & CAJALCO RD ; FP,COR
,,19C063398,21:44:58 07/20/19,l,Traffic Stop,4,W GRAND BLVD & S SHERIDAN ST,COR
,,19C063401,21:47:25 07/20/19,l,Keep The Peace,3,15 SB ON RAMP & EL CERRITO RD,COR
,,19C063402,21:47:25 07/20/19,l,Domestic Distur,2,1037 W GRAND BLVD # A,COR
,,19C063403,21:48:57 07/20/19,l,Susp Vehicle,3,2670 GERRY CIR,COR
,,19C063404,21:52:14 07/20/19,f,ZZChest Pains,1,1400 CIRCLE CITY DR; #117,COR
,,19C063405,21:52:22 07/20/19,l,Traffic Stop,4,W SIXTH ST & S VICENTIA AVE,COR
,,19C063407,21:55:37 07/20/19,l,Loud Party,3,2024 CORDOZA ST,COR
,,19C063408,21:56:04 07/20/19,l,Loud Party,3,418 N MAIN ST,COR
,,19C063410,22:03:45 07/20/19,l,911 Hangup,2,1918 GARRETSON AVE,COR
,,19C063411,22:07:29 07/20/19,l,Disturb Peace,3,1626 TURQUOISE DR,COR
,,19C063413,22:11:11 07/20/19,l,Traffic Stop,4,N MCKINLEY ST & ESTELLE ST,COR
,,19C063414,22:11:54 07/20/19,l,Property Check,4,479 N MCKINLEY ST; WALMART,COR
,,19C063415,22:17:48 07/20/19,l,Loud Party,3,1210 ORANGE ST,COR
,,19C063416,22:19:00 07/20/19,l,Traffic Stop,4,109 N MCKINLEY ST; FOOD FOR LESS,COR
,,19C063417,22:20:07 07/20/19,l,911 Hangup,2,S MAPLE ST & W SIXTH ST,COR
,,19C063418,22:20:09 07/20/19,lf,Accident Unknwn,1,S MAPLE ST & W SIXTH ST,COR
,,19C063419,22:22:06 07/20/19,l,Ped Check,4,217 E THIRD ST,COR
,,19C063420,22:23:37 07/20/19,l,Loud Noise,3,1086 HUSHABYE LN,COR
,,19C063422,22:26:23 07/20/19,l,Loud Noise,3,418 N MAIN ST; METRO AT MAIN ST APTS,COR
,,19C063423,22:27:11 07/20/19,l,Traffic Stop,4,2199 SAMPSON AVE; CARLS JR,COR
,,19C063424,22:27:19 07/20/19,l,911 Hangup,2,1857 BAYWOOD DR # 108,COR
,,19C063425,22:27:39 07/20/19,f,ZZCarbon Alarm,2,1857 BAYWOOD DR # 208,COR
,,19C063426,22:28:26 07/20/19,l,Loud Party,3,977 E FRANCIS ST; 2ND RESPONSE,COR
,,19C063428,22:35:55 07/20/19,l,911 Hangup,2,1000 W RINCON ST; TALCO PLASTICS INC,COR
YES,'Location' garbled/scrambled text,19C063429,22:37:08 07/20/19,l,Traffic Stop,4,91 EB SERFAS CLUB 6TH STMAPLE,COR
,,19C063430,22:37:26 07/20/19,l,Citizen Contact,3,2260 GRIFFIN WAY; #229; ARYES HOTEL,COR
,,19C063431,22:38:31 07/20/19,lf,Ped Check,4,PASEO GRANDE & VIA SANTIAGO,COR
,,19C063432,22:46:49 07/20/19,l,Loud Noise,3,1045 QUEENSPARK RD,COR
,,19C063433,22:47:14 07/20/19,l,911 Hangup,2,2755 HIDDEN HILLS WAY,COR
,,19C063434,22:48:43 07/20/19,l,Ped Check,4,700 W SIXTH ST; 7 11 STORE CENTRAL,COR
,,19C063435,22:49:28 07/20/19,l,Alarm Call,2,1171 BAYWOOD DR; HENSLEY AT CORONA SHOP COR 2,
,,19C063436,22:50:25 07/20/19,l,Vehicle Check,4,200 N LINCOLN AVE; MOTEL 6,COR
,,19C063437,22:50:42 07/20/19,l,Loud Noise,3,1395 CORAL GABLES WAY,COR
,,19C063438,22:53:20 07/20/19,l,Suspicious Circ,3,667 SKY RIDGE DR,COR
,,19C063439,23:01:26 07/20/19,l,Drunk Driver,2,4350 GREEN RIVER RD,COR
,,19C063440,23:01:49 07/20/19,l,Loud Party,3,1283 KELLEY AVE,COR
,,19C063442,23:03:57 07/20/19,l,Domestic Distur,2,2036 CORDOZA ST,COR
,,19C063443,23:05:31 07/20/19,l,Property Check,4,150 HIDDEN VALLEY PKWY,NOR
,,19C063445,23:12:27 07/20/19,l,Shots Heard,3,2143 CONEJO ST,COR
,,19C063446,23:13:51 07/20/19,l,Area Check,3,2515 S BUENA VISTA AVE; BUENA VISTA PARK,COR
,,19C063447,23:14:40 07/20/19,l,911 Hangup,2,1220 W ONTARIO AVE,COR
,,19C063448,23:15:42 07/20/19,l,911 Hangup,2,1000 W RINCON ST,COR
,,19C063449,23:16:18 07/20/19,l,Area Check,3,1550 E ONTARIO AVE; SHELL GAS,COR
YES,'Location' garbled/scrambled text,19C063450,23:20:08 07/20/19,l,Loud Noise,3,2024 CORDOZA ST; MUSIC & FIREWRKS,COR
,,19C063451,23:21:52 07/20/19,l,Area Check,3,625 AVENIDA TERRAZO; LOUD EXPLOSIONS,COR
,,19C063452,23:22:42 07/20/19,l,Fire Code Vio,4,681 AVENIDA DEL SOL,COR
,,19C063453,23:24:14 07/20/19,l,Shots Heard,3,1931 LONGVIEW DR,COR
,,19C063456,23:28:34 07/20/19,l,Auto Theft Past,3,2795 CABOT DR # 155; TGI FRIDAYS,COR
,,19C063458,23:35:16 07/20/19,l,Alarm Call,2,3359 GRAND OAKS # 101; PALM BEACH TAN,COR
,,19C063460,23:42:10 07/20/19,l,Accident,2,W SIXTH ST & PASEO GRANDE,COR
,,19C063461,23:50:55 07/20/19,l,911 Hangup,2,881 CORSICA DR,COR
,,19C063462,23:53:01 07/20/19,l,Loud Party,3,977 E FRANCIS ST,COR
,,19C063463,23:55:20 07/20/19,l,Loud Party,3,1214 ORANGE ST,COR
,,19C063464,00:06:16 07/21/19,l,Loud Noise,3,975 COTTONWOOD CT,COR
,,19C063465,00:12:52 07/21/19,l,Traffic Stop,4,FULLERTON AVE & BARTH ST,COR
,,19C063466,00:20:04 07/21/19,l,Traffic Stop,4,TEMESCAL CANYON RD & TOM BARNES ST,COR
,,19C063467,00:21:47 07/21/19,f,ZZBreathing,1,1400 CIRCLE CITY DR; #18 CORONA CARE CENTER LLC,COR
,,19C063468,00:25:34 07/21/19,l,Property Check,4,1 MONSTER WAY; MONSTER,COR
,,19C063469,00:31:41 07/21/19,l,Traffic Stop,4,N MAIN ST & E HARRISON ST,COR
,,19C063470,00:35:02 07/21/19,l,Loud Party,3,1061 FORD ST,COR
,,19C063471,00:37:43 07/21/19,l,Hazard,3,EAGLE GLEN PKWY & MASTERS DR,COR
,,19C063472,00:37:50 07/21/19,l,Alarm Call,2,1150 W TENTH ST; CORONA HIGH SCHOOL,COR
,,19C063475,00:41:06 07/21/19,l,911 Hangup,2,1637 SUNRISE WAY,COR
,,19C063476,00:41:17 07/21/19,l,Vehicle Check,4,418 N MAIN ST,COR
,,19C063477,00:41:58 07/21/19,l,Z-Animal Svcs,4,COMPTON AVE & E ONTARIO AVE,COR
,,19C063479,00:44:35 07/21/19,l,Loud Party,3,2236 MARY CLARE ST,COR
,,19C063480,00:46:37 07/21/19,l,Vehicle Check,4,175 N MCKINLEY ST; SHELL GAS,COR
,,19C063481,00:51:07 07/21/19,l,Loud Party,3,162 N BUENA VISTA AVE,COR
,,19C063482,00:51:38 07/21/19,l,Vandalism Past,4,1637 SUNRISE WAY,COR
,,19C063483,00:58:16 07/21/19,l,Disturb Peace,3,1009 RIMPAU AVE # 202,COR
,,19C063484,00:59:42 07/21/19,l,Follow Up,4,1037 W GRAND BLVD # A,COR
,,19C063485,01:07:06 07/21/19,l,Fire Code Vio,4,598 SANTANA WAY # #; SKATE PARK SANTANA PARK,COR
,,19C063486,01:12:41 07/21/19,l,911 Hangup,2,1400 NICHOLAS PL,COR
,,19C063487,01:18:27 07/21/19,l,Loud Party,3,4250 SAN VISCAYA CIR,COR
,,19C063488,01:21:20 07/21/19,l,Loud Party,3,1400 TAYLOR AVE,COR
,,19C063489,01:31:05 07/21/19,lf,Overdose,1,1550 RIMPAU AVE # 128,COR
,,19C063490,01:34:04 07/21/19,l,911 Hangup,2,4151 BUCHANAN ST,RIV
,,19C063491,01:34:32 07/21/19,l,Area Check,3,3061 MANCHESTER CIR ;415VER,COR
,,19C063492,01:42:37 07/21/19,l,Test,4,730 PUBLIC SAFETY WAY; CORONA POLICE,COR
,,19C063495,02:02:46 07/21/19,l,Fire Code Vio,4,598 SANTANA WAY # #; SKATE PARK SANTANA PARK,COR
,,19C063496,02:11:51 07/21/19,f,ZZFwy Heavy Res,1,91 WB GREEN RIVER OC LINE,COR
,,19C063503,02:55:39 07/21/19,l,Alarm Call,2,1650 GARRETSON AVE; GARRETSON ELEMENTARY SCHOOL,COR
,,19C063504,03:10:50 07/21/19,l,Loud Noise,3,1493 CALL WAY; LOUD PARTY DK SUBJS,COR
,,19C063505,03:14:13 07/21/19,l,Vehicle Check,4,300 S BUENA VISTA AVE; ORANGE GROVE HIGH,COR
,,19C063506,03:26:09 07/21/19,l,911 Hangup,2,1776 ALL AMERICAN WAY; ALL AMERICAN ALSPHALT,COR
,,19C063507,03:34:42 07/21/19,l,Vehicle Check,4,2400 BORDER AVE; BORDER PARK,COR
,,19C063508,03:49:21 07/21/19,l,911 Hangup,2,1776 ALL AMERICAN WAY; ALL AMERICAN ALSPHALT,COR
,,19C063509,04:12:51 07/21/19,l,Vandalism Past,4,725 S MAIN ST; 99 CENT STORE; UNK TIME LAPSE,COR
,,19C063510,04:20:03 07/21/19,l,Patrol Info,4,1223 PAGE CIR,COR
,,19C063512,04:33:29 07/21/19,f,ZZSick,1,1107 ACACIA ST,COR
,,19C063515,04:42:28 07/21/19,f,ZZFwy UnkInjury,1,15 NB TEMESCAL CANYON DOS LAGOSWEIRICK,TEM
,,19C063516,04:50:30 07/21/19,l,Unknown Problem,1,230 S LINCOLN AVE; SHELL GAS,COR
,,19C063517,04:57:59 07/21/19,f,ZZPublicSrvceF,2,2005 KELLOGG AVE; #47; BROOKDALE,COR
,,19C063518,05:00:47 07/21/19,l,Missing Person,2,307 S SMITH AVE # 34; COUNTRYWOOD ESTATES MHP,COR
,,19C063519,05:01:12 07/21/19,l,911 Hangup,2,545 ALCOA CIR,COR
,,19C063522,05:18:12 07/21/19,l,Disturb Peace,3,800 S MAIN ST; CORONA REGIONAL MEDICAL CENTER,COR
,,19C063524,05:38:10 07/21/19,f,ZZSick,1,1400 CIRCLE CITY DR; #39 CORONA RESIDENTIAL CARE CENTER LLC,COR
,,19C063525,05:44:56 07/21/19,l,911 Hangup,2,805 S RAMONA AVE,COR
,,19C063526,05:45:51 07/21/19,l,911 Hangup,2,1757 VIA SANTIAGO,CRA
,,19C063527,05:59:58 07/21/19,l,Indecent Expose,2,PLEASANT VIEW AVE & S SHERMAN AVE,COR
,,19C063528,06:06:55 07/21/19,l,Indecent Expose,2,W SIXTH ST & S SHERMAN AVE,COR
,,19C063529,06:08:09 07/21/19,l,911 Hangup,2,1510 CAMELOT DR,COR
,,19C063530,06:21:25 07/21/19,l,Disturb Peace,3,431 N MCKINLEY ST; CIRCLE K INSDIE MOBIL GAS,COR
,,19C063531,06:29:21 07/21/19,l,Domestic Distur,2,629 STONEYBROOK DR # 388,COR
,,19C063535,07:26:00 07/21/19,l,Traffic Stop,4,S LINCOLN AVE & BURR ST,COR
,,19C063537,07:31:52 07/21/19,l,Disturb Peace,3,3965 BENNETT AVE,COR
,,19C063538,07:46:02 07/21/19,l,Property Check,4,255 HIDDEN VALLEY PKWY,NOR
,,19C063539,07:48:31 07/21/19,l,Property Check,4,650 S MAIN ST; CITY LIBRARY,COR
,,19C063540,07:48:47 07/21/19,l,Property Check,4,4740 GREEN RIVER RD # 115; TEAM SPIRIT REALTY,COR
,,19C063542,07:55:09 07/21/19,l,Property Check,4,4901 GREEN RIVER RD; GREEN RIVER MHP,COR
,,19C063543,07:58:15 07/21/19,l,911 Hangup,2,937 W FRANCIS ST,COR
,,19C063544,08:01:50 07/21/19,l,Property Check,4,2280 WARDLOW CIR; D R HORTON AMERICAS BUILDER,COR
,,19C063545,08:02:42 07/21/19,l,911 Hangup,2,1805 VIA SANTIAGO,CRA
,,19C063546,08:12:31 07/21/19,l,Vehicle Check,4,2290 GRIFFIN WAY,COR
,,19C063547,08:14:55 07/21/19,l,Property Check,4,650 S MAIN ST; CITY LIBRARY,COR
,,19C063549,08:22:48 07/21/19,l,Property Check,4,479 N MCKINLEY ST; WALMART,COR
,,19C063550,08:39:24 07/21/19,l,Ped Check,4,219 E THIRD ST,COR
,,19C063551,08:40:17 07/21/19,l,Vehicle Check,4,1421 TAYLOR AVE,COR
,,19C063552,08:42:10 07/21/19,l,Battery,1,930 E ONTARIO AVE,COR
,,19C063554,08:47:20 07/21/19,l,911 Hangup,2,479 N MCKINLEY ST; WALMART,COR
,,19C063556,08:55:04 07/21/19,l,Alarm Call,2,1521 POMONA RD # A; FLOOR TO CEILING,COR
,,19C063557,08:58:37 07/21/19,l,Property Check,4,1200 W NINTH ST,COR
,,19C063559,09:01:17 07/21/19,l,Traffic Stop,4,N SMITH AVE & RAILROAD ST,COR
,,19C063560,09:01:26 07/21/19,l,Disturb Peace,3,300 W ORANGE HEIGHTS LN,COR
,,19C063561,09:04:23 07/21/19,l,DV-Assault,1,W SECOND ST & S BUENA VISTA AVE,COR
,,19C063562,09:06:13 07/21/19,l,Property Check,4,777 S TEMESCAL ST; CORONA LA LINDA MHP,COR
,,19C063563,09:09:09 07/21/19,l,Property Check,4,1395 E FOOTHILL PKWY; SANTIAGO HIGH SCHOOL,COR
,,19C063564,09:14:48 07/21/19,f,ZZSick,1,CAJALCO RD & 15 NB OFF RAMP ;TEST !!,COR
,,19C063565,09:21:33 07/21/19,l,911 Hangup,2,2360 JEAN MARIE CIR,COR
,,19C063566,09:23:59 07/21/19,l,Area Check,3,670 CANTERBURY CIR,COR
YES,'Nature' garbled text (embedded symbol),19C063567,09:24:01 07/21/19,f,ZZFaint/Uncons,1,670 CANTERBURY CIR,COR
,,19C063569,09:36:58 07/21/19,lf,Accident Inj,1,11412 CAJALCO RD,RVC
,,19C063570,09:37:53 07/21/19,l,Alarm Call,2,2770 MONTOYA DR,COR
,,19C063571,09:38:02 07/21/19,l,Traffic Stop,4,2800 RIDGELINE DR; PRADO VIEW ELEMENTARY SCHOOL,COR
,,19C063572,09:38:42 07/21/19,l,Property Check,4,410 N MCKINLEY ST; US BANK,COR
,,19C063573,09:40:03 07/21/19,l,Susp Vehicle,3,1171 STONE PINE LN,COR
,,19C063578,10:07:36 07/21/19,l,Property Check,4,2661 GREEN RIVER RD; RALPHS,COR
,,19C063580,10:11:30 07/21/19,l,Traffic Stop,4,S LINCOLN AVE & CAJON DR,COR
,,19C063581,10:12:15 07/21/19,l,911 Hangup,2,2285 E LAKESIDE DR # 202,COR
,,19C063582,10:14:19 07/21/19,f,Arcing Line,1,7330 LIBERTY AVE,ELC
,,19C063583,10:23:59 07/21/19,l,911 Hangup,2,210 N SMITH AVE; SPECIALTY TOWING INC,COR
,,19C063584,10:29:00 07/21/19,l,Traffic Stop,4,S SMITH AVE & PLAZA DE NOCHE,COR
YES,'Location' garbled/scrambled text,19C063585,10:32:15 07/21/19,l,Auto Tampr Past,4,320 REED CIR;3D FASTNERS,COR
,,19C063586,10:36:46 07/21/19,l,Property Check,4,1041 FULLERTON AVE; LINCOLN ELEMENTARY,COR
,,19C063588,10:45:33 07/21/19,l,Property Check,4,800 S MAIN ST; CORONA REGIONAL MEDICAL CENTER,COR
,,19C063589,10:52:42 07/21/19,l,Patrol Info,4,1155 E ONTARIO AVE; RIMPAU PARK,COR
,,19C063590,10:53:58 07/21/19,l,Property Check,4,260 W FOOTHILL PKWY; ALBERTSONS,COR
,,19C063591,10:54:51 07/21/19,l,Petty Theft P,4,1547 PLAZA DE NOCHE # 3,COR
,,19C063592,11:03:49 07/21/19,l,Flag Down,4,730 PUBLIC SAFETY WAY; CORONA POLICE,COR
,,19C063594,11:06:51 07/21/19,l,Property Check,4,480 N MCKINLEY ST,COR
,,19C063595,11:09:42 07/21/19,l,Property Check,4,1818 W SIXTH ST,COR
,,19C063596,11:11:49 07/21/19,lf,Cardiac Arrest,1,2011 ESTRADO DR,COR
,,19C063597,11:11:50 07/21/19,l,Veh Burg Past,4,655 VALLEYWOOD CIR,COR
,,19C063598,11:12:31 07/21/19,l,Property Check,4,400 PENROSE DR,COR
,,19C063599,11:19:26 07/21/19,l,Court Order Vio,3,928 N COTA ST; REAR ALLEY,COR
,,19C063602,11:31:16 07/21/19,l,Property Check,4,2331 KELLOGG AVE # A; CROSSROADS CHURCH,COR
,,19C063603,11:32:48 07/21/19,l,Property Check,4,470 HIDDEN VALLEY PKWY; KOHLS,COR
,,19C063604,11:33:30 07/21/19,l,Alarm Call,2,2469 POMONA RD; #102; SELF PERFORMANCE MECHANICAL,COR
,,19C063605,11:35:10 07/21/19,l,Area Check,3,RIMPAU AVE & TABER ST,COR
,,19C063606,11:39:36 07/21/19,l,911 Hangup,2,809 DE ANZA CIR,COR
,,19C063607,11:44:48 07/21/19,l,Alarm Call,2,1145 NICK CIR,COR
,,19C063609,12:10:53 07/21/19,l,Welfare Check,2,S LINCOLN AVE & 91 WB ON RAMP; UNDER THE LINCOLN BRIDGE @ 91,COR
,,19C063610,12:15:32 07/21/19,l,Alarm Call,2,788 HIGHLAND VIEW DR,COR
,,19C063611,12:21:42 07/21/19,l,Suspicious Circ,3,1203 W SIXTH ST,COR
,,19C063612,12:26:09 07/21/19,l,Drunk Driver,2,W ONTARIO AVE & S LINCOLN AVE ; NOT FOLLOWING,COR
,,19C063614,12:40:54 07/21/19,l,Welfare Check,2,1280 KELLEY AVE,COR
,,19C063615,12:42:38 07/21/19,l,Property Check,4,2840 RIDGELINE DR,COR
,,19C063617,12:48:02 07/21/19,f,ZZGas Leak Res,1,3594 NELSON ST,COR
,,19C063618,12:51:47 07/21/19,l,Keep The Peace,3,722 HARRIS ST,COR
,,19C063619,12:55:20 07/21/19,l,Vehicle Check,4,3900 IBBETSON ST,COR
,,19C063621,12:59:45 07/21/19,f,ZZFall,1,2650 TUSCANY ST; EDWARDS,COR
,,19C063624,13:02:03 07/21/19,l,Property Check,4,1285 MAGNOLIA AVE; LOWES,COR
,,19C063625,13:05:20 07/21/19,l,Property Check,4,1123 PASEO GRANDE,CRA
,,19C063626,13:05:42 07/21/19,l,911 Hangup,2,HIDDEN VALLEY PKWY & EL PASO DR,COR
,,19C063629,13:12:00 07/21/19,l,ZZTrauma,1,BURRERO WAY & RAWLEY ST,COR
,,19C063631,13:13:13 07/21/19,l,911 Hangup,2,4303 CROWN RANCH RD,COR
,,19C063634,13:15:32 07/21/19,l,Property Check,4,1963 BUTTERFIELD DR,COR
,,19C063637,13:17:47 07/21/19,f,ZZTrauma,1,BURRERO WAY & RAWLEY ST,COR
,,19C063638,13:17:53 07/21/19,l,Traffic Stop,4,GREEN RIVER RD & SERFAS CLUB DR,COR
,,19C063639,13:21:27 07/21/19,l,Resid Burg I/P,2,3070 BAVARIA DR;RESD ISNT CHK,COR
,,19C063640,13:25:00 07/21/19,f,ZZBreathing,1,2451 S BUENA VISTA AVE; SHAHEEN KHAMISANI,COR
,,19C063641,13:26:55 07/21/19,l,Susp Vehicle,3,GARRETSON AVE & VIEWTOP LN,COR
,,19C063642,13:30:18 07/21/19,lf,Disturb Peace,3,508 W GRAND BLVD;HELPING HANDS THRIFT STORE,COR
,,19C063643,13:37:30 07/21/19,l,Property Check,4,130 W FOOTHILL PKWY; CHEVRON GAS,COR
,,19C063646,13:40:40 07/21/19,l,Disturb Peace,3,180 E THIRD ST; CIRCLE CITY INN,COR
,,19C063647,13:41:36 07/21/19,lf,Man Down,1,1032 E SIXTH ST; CORONA PAWN SHOP,COR
,,19C063648,13:42:01 07/21/19,l,Property Check,4,930 E SIXTH ST;POOL,COR
,,19C063651,13:46:14 07/21/19,l,Patrol Info,4,91 EB MCKINLEY CITY LIMITS ; 417 W/ A GUN,COR
,,19C063653,13:53:16 07/21/19,l,Z-Animal Svcs,4,CALIFORNIA AVE & TABER ST,COR
,,19C063654,13:55:34 07/21/19,l,Alarm Call,2,1932 ELISE CIR; WE DO EQUIPEMENT,COR
,,19C063655,13:57:50 07/21/19,l,911 Hangup,2,2585 S MAIN ST,COR
,,19C063656,13:58:16 07/21/19,l,Patrol Info,4,DOS LAGOS DR & 15 SB OFF RAMP,COR
YES,'Location' garbled/scrambled text,19C063658,14:05:53 07/21/19,lf,Battery,1,1533 VANDAGRIFF WAY;SUICIDAL SUBJ,COR
,,19C063659,14:06:42 07/21/19,l,H/R Coll Past,4,1290 E ONTARIO AVE; WALMART,COR
,,19C063661,14:12:00 07/21/19,l,Property Check,4,2755 WARDLOW RD,COR
,,19C063662,14:13:52 07/21/19,l,Alarm Call,2,2850 MIRA VISTA CT,COR
,,19C063663,14:20:03 07/21/19,f,ZZBreathing,1,853 N MAIN ST # 60,COR
,,19C063664,14:21:11 07/21/19,l,911 Hangup,2,205 S VICENTIA AVE,COR
,,19C063666,14:24:55 07/21/19,l,Alarm Call,2,90 W GRAND BLVD # 101; GOLD TEAM REAL ESTATE,COR
,,19C063670,14:46:34 07/21/19,l,911 Hangup,2,573 N MCKINLEY ST,COR
,,19C063671,14:46:38 07/21/19,lf,Vandalism,2,146 E SIXTH ST,COR
,,19C063672,14:47:38 07/21/19,l,911 Hangup,2,210 N SMITH AVE; SPECIALTY TOWING INC,COR
,,19C063673,14:52:21 07/21/19,l,Unknown Problem,1,3321 HORIZON ST,COR
,,19C063674,14:59:19 07/21/19,l,Area Check,3,TAYLOR AVE & W CITRON ST,COR
,,19C063675,14:59:49 07/21/19,l,Vandalism,3,GARRETSON AVE & GARRETSON AVE ; TAGGING,COR
,,19C063676,15:01:26 07/21/19,l,Disturb Peace,3,508 W GRAND BLVD; HELPING HANDS THRIFT STORE,COR
,,19C063678,15:20:32 07/21/19,l,911 Hangup,2,416 E SIXTH ST; HANS CAR WASH,COR
,,19C063680,15:34:46 07/21/19,l,Property Check,4,800 S MAIN ST; CORONA REGIONAL MEDICAL CENTER,COR
,,19C063681,15:35:36 07/21/19,l,Unknown Problem,1,BEDFORD CANYON RD & GEORGETOWN DR,COR
,,19C063682,15:36:40 07/21/19,l,Alarm Call,2,1220 RAILROAD ST ;T AND T ENTERPRISES,COR
,,19C063683,15:37:16 07/21/19,l,Susp Person,3,513 W SIXTH ST; EDUARDOS MEXICAN RESTAURANTS INC,COR
,,19C063684,15:37:38 07/21/19,l,Found Child,2,2215 E LAKESIDE PL,COR
,,19C063686,15:48:41 07/21/19,l,Suspicious Circ,3,1941 CALIFORNIA AVE; POST OFFICE,COR
,,19C063687,15:49:06 07/21/19,f,ZZTrauma,1,2382 FULLERTON AVE; CROSSROADS,COR
,,19C063688,15:51:29 07/21/19,l,Alarm Call,2,211 DUPONT ST # 107; INSPIRE DANCE,COR
,,19C063691,16:00:34 07/21/19,lf,Accident,2,RIVER RD & SPRINGBROOK ST,COR
,,19C063694,16:08:19 07/21/19,l,Alarm Call,2,155 ENTERPRISE CT; WETMORE,COR
,,19C063695,16:09:07 07/21/19,l,Test,4,1310 OLD TEMESCAL RD; POST OFFICE,COR
,,19C063696,16:09:45 07/21/19,l,Stranded Veh,3,MAGNOLIA AVE & RIMPAU AVE,COR
,,19C063699,16:19:42 07/21/19,lf,Accident,2,E SIXTH ST & E GRAND BLVD,COR
,,19C063700,16:24:47 07/21/19,l,Alarm Call,2,399 E HARRISON ST # E; FERMA GROUP; SERMA COR CORP,
,,19C063702,16:27:25 07/21/19,l,Patrol Info,4,S LINCOLN AVE & W FOOTHILL PKWY,COR
,,19C063704,16:34:00 07/21/19,f,ZZDiabetic,1,2710 LAKESHORE DR; DOS LAGOS THEATRES AT COR DOS LAGOS,
,,19C063706,16:38:03 07/21/19,l,911 Hangup,2,680 GLENSPRINGS LN,COR
,,19C063708,16:41:07 07/21/19,l,Alarm Call,2,1010 W CITRON ST; RANEY INTERMEDIATE SCHOOL,COR
,,19C063709,16:47:04 07/21/19,l,Vehicle Check,4,1300 W FOOTHILL PKWY,COR
,,19C063711,16:56:27 07/21/19,l,Property Check,4,411 AUTO CENTER DR,COR
,,19C063712,17:00:44 07/21/19,f,ZZTrauma,1,1550 RIMPAU AVE # 57,COR
,,19C063713,17:00:55 07/21/19,l,Property Check,4,1123 PASEO GRANDE,CRA
,,19C063715,17:19:58 07/21/19,l,Patrol Info,4,2900 SONRISA DR,COR
,,19C063718,17:28:00 07/21/19,l,Court Order Vio,3,2650 TUSCANY ST; EDWARDS; LL CONT,COR
,,19C063720,17:34:20 07/21/19,lf,ZZDumpster Fire,1,1027 W SIXTH ST,COR
,,19C063721,17:37:29 07/21/19,l,Drunk In Public,2,418 N MAIN ST; #124,COR
,,19C063722,17:38:00 07/21/19,l,911 Hangup,2,1027 W SIXTH ST,COR
,,19C063723,17:39:07 07/21/19,l,Special Detail,4,730 PUBLIC SAFETY WAY,COR
,,19C063726,17:42:49 07/21/19,f,ZZDumpster Fire,1,420 PRINCELAND CT; KEYSTONE BOLT AND SUPPLY CO INC,COR
,,19C063728,17:45:21 07/21/19,l,Disturb Peace,2,3542 SWEETWATER CIR; FAMILY,COR
,,19C063729,18:01:37 07/21/19,l,Susp Person,3,1635 KELLOGG AVE; KELLOGG PARK,COR
,,19C063730,18:04:23 07/21/19,l,Alarm Call,2,1880 N DELILAH ST; UNITED PAVING CO,COR
,,19C063731,18:04:38 07/21/19,l,911 Hangup,2,4190 BENNETT AVE; EAGLE GLEN COMMUNITY PARK,COR
,,19C063732,18:05:32 07/21/19,l,Alarm Call,2,1451 E SIXTH ST; ABC SCHOOL EQUIPMENT,COR
,,19C063733,18:06:01 07/21/19,l,911 Hangup,2,2024 RAINBOW RIDGE,COR
,,19C063734,18:07:13 07/21/19,l,911 Hangup,2,1400 NICHOLAS PL,COR
YES,'Nature' garbled/scrambled text; 'Location' garbled/scrambled text,19C063736,18:08:04 07/21/19,f,ZZFwy Acc w/inj,1,91 EB SERFAS CLUB 6TH STMAPLE,COR
,,19C063737,18:08:18 07/21/19,l,911 Hangup,2,881 CORSICA DR,COR
,,19C063738,18:17:10 07/21/19,l,Property Check,4,1124 RAILROAD ST,COR
,,19C063739,18:18:01 07/21/19,f,ZZSick,1,1400 CIRCLE CITY DR; #339; CORONA CARE,COR
,,19C063743,18:26:39 07/21/19,l,Alarm Call,2,3299 STAR CANYON CIR,COR
,,19C063744,18:27:05 07/21/19,l,Alarm Call,2,2185 SAMPSON AVE; #102; CORONA PRINT SHOP,COR
,,19C063752,18:40:26 07/21/19,l,Petty Theft P,4,535 N MCKINLEY ST; VONS,COR
,,19C063753,18:41:38 07/21/19,l,Alarm Call,2,264 CORPORATE TERRACE CIR; R C FOSTER CORPORATION,COR
,,19C063754,18:42:11 07/21/19,l,911 Hangup,2,1140 E ONTARIO AVE; CHEVRON STATION,COR
,,19C063757,18:46:54 07/21/19,f,ZZFwy VegFireH,1,15 SB INDIAN TRUCK TRAIL LAKE SC,TEM
,,19C063758,18:48:42 07/21/19,l,Domestic Distur,2,645 SHOREVIEW DR # 104,COR
,,19C063760,18:55:25 07/21/19,l,Traffic Stop,4,SERFAS CLUB DR & PINE CREST DR,CRA
,,19C063765,18:58:45 07/21/19,l,Found Property,4,730 PUBLIC SAFETY WAY; FRONT OF PD,COR
,,19C063766,18:59:46 07/21/19,l,Loud Party,3,2948 SONRISA DR,COR
,,19C063767,19:00:50 07/21/19,l,Indecent Expose,2,598 SANTANA WAY; SANTANA PARK,COR
,,19C063768,19:01:13 07/21/19,lf,ZZFall,1,840 E PARKRIDGE AVE; #101; INLAND EMIRE SYSTEMS,COR
,,19C063770,19:06:37 07/21/19,l,Ill Parked Veh,4,178 GRAPEVINE DR,COR
,,19C063771,19:07:41 07/21/19,l,Alarm Call,2,2790 CABOT DR # 120; NEW YORK AND COMPANY,COR
,,19C063774,19:17:38 07/21/19,l,Patrol Info,4,120 W GRAND BLVD,COR
,,19C063779,19:26:34 07/21/19,l,911 Hangup,2,945 PAYETTE DR,COR
YES,'Nature' garbled text (embedded symbol),19C063783,19:37:01 07/21/19,f,ZZFaint/Uncons,1,803 MAGNOLIA AVE # 331,COR
,,19C063784,19:37:12 07/21/19,l,Vehicle Check,4,598 SANTANA WAY; SANTANA PARK,COR
,,19C063786,19:43:56 07/21/19,l,Patrol Info,4,930 E ONTARIO AVE ; EXTRA PATROL,COR
,,19C063787,19:45:28 07/21/19,l,Property Check,4,369 MAGNOLIA AVE,COR
,,19C063790,19:50:32 07/21/19,f,ZZDiabetic,1,3532 GREY BULL LN,COR
,,19C063791,20:00:05 07/21/19,l,Alarm Call,2,1550 MELISSA CT; MTA WEST,COR
,,19C063792,20:01:24 07/21/19,l,Abandoned Veh,4,992 TROVITA DR,COR
,,19C063793,20:01:48 07/21/19,l,Property Check,4,222 PROMENADE AVE,COR
,,19C063794,20:02:44 07/21/19,l,Fire Code Vio,4,912 AVENIDA DEL VISTA; #L4,COR
,,19C063797,20:08:57 07/21/19,l,Loud Noise,3,568 TOWERGROVE DR ; music,COR
,,19C063798,20:11:39 07/21/19,l,Alarm Call,2,750 S LINCOLN AVE # 101; VERIZON STORE,COR
,,19C063800,20:15:39 07/21/19,l,Loud Party,3,2948 SONRISA DR; 2ND RESPONSE,COR
,,19C063801,20:21:23 07/21/19,l,Disturb Peace,3,155 AUTO CENTER DR; METRO LINK,COR
,,19C063802,20:22:33 07/21/19,l,Z-Animal Svcs,4,1330 MAGNOLIA AVE; ACO,COR
,,19C063803,20:29:32 07/21/19,l,Auto Theft,2,685 N TREEMONT PL # 102; 20 AGO,COR
,,19C063804,20:29:37 07/21/19,l,Alarm Call,2,2276 GRIFFIN WAY # 106; LEES SANDWHICH,COR
,,19C063805,20:31:02 07/21/19,l,Traffic Stop,4,SHOPPING CENTER & N MCKINLEY ST,COR
,,19C063806,20:36:20 07/21/19,l,Vehicle Check,4,W RINCON ST & CORYDON ST,COR
,,19C063807,20:39:17 07/21/19,l,Traffic Stop,4,RAILROAD ST & N BUENA VISTA AVE,COR
,,19C063808,20:43:43 07/21/19,l,Alarm Call,2,1128 QUARRY ST; PULLEY RESD,COR
,,19C063810,20:44:22 07/21/19,l,911 Hangup,2,881 CORSICA DR,COR
,,19C063811,20:51:52 07/21/19,i,911 Hangup,2,1114 W ONTARIO AVE,COR
,,19C063812,20:56:51 07/21/19,l,Missing Person,2,1037 E FRANCIS ST,COR
,,19C063813,20:57:03 07/21/19,l,Loud Party,3,767 NAVARRO DR,COR
,,19C063814,21:06:04 07/21/19,l,Property Check,4,1220 W ONTARIO AVE; CORONA FRIENDS CHURCH,COR
,,19C063815,21:06:20 07/21/19,l,Drunk In Public,2,220 W ONTARIO AVE; TACO BELL,COR
,,19C063816,21:10:13 07/21/19,f,ZZChest Pains,1,730 MAGNOLIA AVE; #712,COR
,,19C063817,21:16:22 07/21/19,l,Battery,1,2285 INDIGO HILLS DR # 2; FAMILY,COR
,,19C063819,21:24:56 07/21/19,l,Property Check,4,185 MAGNOLIA AVE; LEE POLLARD HIGH SCHOOL,COR
,,19C063820,21:24:57 07/21/19,l,Property Check,4,E FOOTHILL PKWY & S MAIN ST,COR
,,19C063821,21:25:19 07/21/19,l,Property Check,4,173 W CHASE DR,COR
,,19C063822,21:42:41 07/21/19,l,Domestic Distur,2,4653 TEMESCAL CANYON RD ; #101,COR
,,19C063823,21:44:40 07/21/19,f,ZZSeizure,1,2371 BOUGANVILLEA CIR,COR
,,19C063824,21:46:59 07/21/19,l,Patrol Info,4,W SIXTH ST & S LINCOLN AVE,COR
,,19C063825,21:47:29 07/21/19,l,Property Check,4,450 AUTO CENTER DR; IN N OUT BURGER 25,COR
,,19C063826,21:53:03 07/21/19,l,Traffic Stop,4,CRESTA RD & E PARKRIDGE AVE,COR
,,19C063827,21:59:13 07/21/19,l,Disturb Peace,3,1260 E ONTARIO AVE; ALBERTSONS,COR
,,19C063828,22:00:30 07/21/19,l,Hazard,3,E ONTARIO AVE & MAGNOLIA AVE,COR
,,19C063829,22:00:39 07/21/19,l,Alarm Call,2,1020 RAILROAD ST; UNIVERSAL METALS CO,COR
,,19C063830,22:03:54 07/21/19,l,Test,4,730 PUBLIC SAFETY WAY; CORONA POLICE,COR
,,19C063831,22:05:57 07/21/19,l,Follow Up,4,730 PUBLIC SAFETY WAY; CORONA POLICE,COR
,,19C063832,22:09:16 07/21/19,l,Property Check,4,2280 WARDLOW CIR; D R HORTON AMERICAS BUILDER,COR
,,19C063835,22:27:13 07/21/19,l,Property Check,4,2500 CAJALCO RD; CROSSINGS SHOPPING CENTER,COR
,,19C063836,22:34:11 07/21/19,l,Susp Vehicle,3,717 HARRIS ST,COR
,,19C063837,22:35:10 07/21/19,l,Susp Vehicle,3,2781 VIA CORAZON DR,COR
,,19C063838,22:39:54 07/21/19,l,Property Check,4,1287 POMONA RD,COR
,,19C063839,22:40:19 07/21/19,l,Patrol Info,4,1280 KELLEY AVE,COR
,,19C063840,22:42:59 07/21/19,f,ZZBreathing,1,479 N MCKINLEY ST; WALMART,COR
,,19C063841,22:46:37 07/21/19,l,911 Hangup,2,615 STONEYBROOK DR # 343,COR
,,19C063842,22:47:44 07/21/19,l,911 Hangup,2,881 CORSICA DR,COR
,,19C063844,22:51:33 07/21/19,l,911 Hangup,2,3594 NELSON ST,COR
,,19C063845,22:52:46 07/21/19,l,Susp Vehicle,3,2815 S MAIN ; OCC'D,COR
,,19C063846,22:54:16 07/21/19,l,Disturb Peace,3,2100 MAMMOTH LN,COR
,,19C063847,22:56:20 07/21/19,l,Property Check,4,1800 EAGLE GLEN PKWY; EAGLE GLEN GOLF CLUB,COR
,,19C063848,22:57:39 07/21/19,l,Property Check,4,1800 S LINCOLN AVE,COR
,,19C063850,23:04:29 07/21/19,lf,Accident Unknwn,1,15 NB OFF RAMP & E ONTARIO AVE,COR
,,19C063851,23:14:02 07/21/19,l,Disturb Peace,3,1934 FULLERTON AVE; #207,COR
,,19C063852,23:17:04 07/21/19,l,Domestic Distur,2,153 N BUENA VISTA AVE,COR
,,19C063854,23:22:38 07/21/19,l,Disturb Peace,3,326 W MISSION RD,COR
,,19C063855,23:23:23 07/21/19,l,Patrol Info,4,"26660 ENCANTO DR, MENIFEE",RVC
,,19C063856,23:26:30 07/21/19,l,Disturb Peace,3,2410 WARDLOW CIR; JENSON U S A AT WESTGATE CENTER; #109,COR
,,19C063857,23:28:48 07/21/19,l,Traffic Stop,4,3100 SONRISA DR,COR
,,19C063858,23:43:19 07/21/19,l,Petty Theft,3,314 E SIXTH ST,COR
,,19C063859,23:53:54 07/21/19,l,Traffic Stop,4,RAILROAD ST & N SHERIDAN ST,COR
,,19C063860,00:00:48 07/22/19,lf,ZZFall,1,OLD TEMESCAL RD & BAYWOOD DR,COR
,,19C063861,00:04:44 07/22/19,f,ZZCommrcal Alrm,1,1550 MAGNOLIA AVE; #15,COR
,,19C063864,00:10:30 07/22/19,l,Property Check,4,988 W ONTARIO AVE; NORTHPOINT EVANGELICAL FREE CHURCH,COR
,,19C063865,00:12:09 07/22/19,l,911 Hangup,2,881 CORSICA DR,COR
,,19C063866,00:14:48 07/22/19,l,911 Hangup,2,665 W RINCON ST,COR
,,19C063867,00:27:02 07/22/19,l,Property Check,4,1220 W ONTARIO AVE; CORONA FRIENDS CHURCH,COR
,,19C063868,00:37:07 07/22/19,l,Disturb Peace,3,1872 WILLOWBLUFF DR,COR
,,19C063869,00:50:39 07/22/19,l,911 Hangup,2,20375 FARLEY AVE,RVC
,,19C063870,01:08:31 07/22/19,l,Loud Noise,3,1130 CIRCLE CITY DR # 24; LAS BRISAS APTS,COR
,,19C063871,01:09:11 07/22/19,l,911 Hangup,2,210 S LINCOLN AVE,COR
,,19C063872,01:20:14 07/22/19,l,Battery,1,2265 INDIGO HILLS DR # 2,COR
,,19C063873,01:31:41 07/22/19,l,Vehicle Check,4,1155 VALENCIA RD; JAMESON PARK,COR
,,19C063874,01:31:45 07/22/19,l,Loud Party,3,324 S SHERMAN AVE,COR
,,19C063875,01:36:27 07/22/19,l,911 Hangup,2,4097 LESTER AVE,COR
,,19C063876,01:44:14 07/22/19,l,Welfare Check,2,707 VIEW LN,COR
,,19C063878,01:52:43 07/22/19,l,Traffic Stop,4,1146 W SIXTH ST; BURGER KING 21594 AT PLAZA ON SIXTH STREET,COR
,,19C063879,01:57:03 07/22/19,l,Alarm Call,2,2850 MIRA VISTA CT,COR
,,19C063880,01:59:58 07/22/19,l,Welfare Check,2,777 S TEMESCAL ST; CORONA LA LINDA MHP,COR
,,19C063881,02:02:46 07/22/19,l,911 Hangup,2,819 S VICTORIA AVE,COR
,,19C063882,02:15:56 07/22/19,l,Suspicious Circ,3,2800 RIDGELINE DR; PRADO VIEW ELEMENTARY SCHOOL,COR
,,19C063884,02:23:00 07/22/19,l,911 Hangup,2,1695 CALLE DEL ORO,COR
,,19C063885,02:27:23 07/22/19,l,Property Check,4,1350 VALENCIA RD; ORANGE ELEMENTARY,COR
,,19C063886,02:29:20 07/22/19,l,Fraud Past,4,130 W FOOTHILL PKWY; CHEVRON GAS,COR
,,19C063888,02:42:07 07/22/19,l,Traffic Stop,4,MAGNOLIA AVE & GRANT ST,HGS
,,19C063889,02:43:43 07/22/19,l,Property Check,4,2500 CAJALCO RD; CROSSINGS SHOPPING CENTER,COR
,,19C063890,02:46:19 07/22/19,l,Dist/Verbal,2,RIMPAU AVE & MAGNOLIA AVE ; ATT 594,COR
,,19C063891,02:49:26 07/22/19,l,Traffic Stop,4,230 S LINCOLN AVE; SHELL GAS,COR
,,19C063892,02:55:50 07/22/19,l,Property Check,4,2780 CABOT DR # 170; JOS A BANK,COR
,,19C063893,03:07:30 07/22/19,l,Property Check,4,1701 W SIXTH ST,COR
,,19C063894,03:09:06 07/22/19,l,Property Check,4,930 E ONTARIO AVE,COR
,,19C063895,03:10:24 07/22/19,l,Property Check,4,2400 WARDLOW RD,COR
,,19C063896,03:11:10 07/22/19,l,Property Check,4,2400 WARDLOW RD,COR
,,19C063897,03:29:37 07/22/19,l,Traffic Stop,4,W SIXTH ST & CRAWFORD ST,COR
,,19C063898,03:53:42 07/22/19,l,Alarm Call,2,1150 W TENTH ST; CORONA HIGH SCHOOL,COR
,,19C063899,04:13:58 07/22/19,l,Assist Othr Dpt,3,4681 TEMESCAL CANYON RD; 103,COR
,,19C063901,04:32:43 07/22/19,l,911 Hangup,2,881 CORSICA DR,COR
,,19C063902,04:35:32 07/22/19,l,Property Check,4,647 SANTANA WAY,COR
,,19C063904,04:36:44 07/22/19,l,Welfare Check,2,1368 CAMELOT DR,COR
,,19C063905,04:37:21 07/22/19,l,Welfare Check,2,3266 VIA PADOVA WAY,COR
,,19C063907,04:55:35 07/22/19,l,Alarm Call,2,393 MEYER CIR; DERR ENTERPRISES,COR
,,19C063908,05:03:28 07/22/19,f,ZZFwy UnkInjury,1,91 WB EOF 71,RVC
,,19C063910,05:30:32 07/22/19,l,911 Hangup,2,881 CORSICA DR,COR
,,19C063912,05:44:01 07/22/19,lf,Man Down,1,S NORMANDY TERRACE & LORNA ST,COR
,,19C063913,05:47:57 07/22/19,l,Disturb Peace,3,155 AUTO CENTER DR; METRO LINK,COR
,,19C063915,06:04:00 07/22/19,l,Standby,4,400 S VICENTIA AVE; CITY HALL,COR
,,19C063917,06:11:26 07/22/19,l,Comm Burg Past,4,2275 SAMPSON AVE; #201,COR
,,19C063918,06:20:19 07/22/19,l,Vehicle Check,4,800 RIVER RD,COR
,,19C063919,06:33:54 07/22/19,l,911 Hangup,2,310 S LINCOLN AVE; MCDONALDS,COR
,,19C063920,06:34:47 07/22/19,l,Alarm Call,2,2850 MIRA VISTA CT,COR
,,19C063923,06:37:06 07/22/19,l,Disturb Peace,2,310 N LINCOLN AVE; MC DONALDS,COR
,,19C063926,06:40:40 07/22/19,f,ZZSick,1,1550 RIMPAU AVE # 185,COR
,,19C063927,06:40:49 07/22/19,l,Alarm Call,2,585 REDWING DR,COR
,,19C063931,07:11:21 07/22/19,l,Follow Up,4,730 PUBLIC SAFETY WAY; CORONA POLICE,COR
,,19C063932,07:18:22 07/22/19,l,Alarm Call,2,2178 STONERIDGE RD; ASHTON APTS,COR
,,19C063934,07:27:49 07/22/19,l,Follow Up,4,730 PUBLIC SAFETY WAY,COR
,,19C063935,07:30:04 07/22/19,l,Grand Theft P,4,1380 W SIXTH ST,COR
,,19C063936,07:32:53 07/22/19,l,Test,4,730 PUBLIC SAFETY WAY; CORONA POLICE,COR
,,19C063938,07:38:23 07/22/19,l,Auto Theft Past,3,1410 E SIXTH ST # 48,COR
,,19C063939,07:39:23 07/22/19,l,Property Check,4,CITRUS COMMUNITY PARK,COR
,,19C063940,07:39:49 07/22/19,l,Property Check,4,450 N MCKINLEY ST; 99 CENTS ONLY STORES LLC AT CORONA HILLS,COR
,,19C063941,07:39:56 07/22/19,l,Alarm Call,2,2850 MIRA VISTA CT,COR
,,19C063942,07:49:33 07/22/19,l,Vandalism Past,4,400 S VICENTIA AVE; CITY HALL,COR
,,19C063943,07:54:28 07/22/19,l,Follow Up,4,1580 W SIXTH ST,COR
,,19C063944,07:55:32 07/22/19,l,Traffic Stop,4,1355 E ONTARIO AVE,COR
,,19C063945,08:01:52 07/22/19,l,Ped Check,4,1438 E SIXTH ST,COR
,,19C063947,08:11:26 07/22/19,l,Susp Person,3,2160 HIGHPOINTE DR # 211,COR
,,19C063948,08:13:30 07/22/19,f,ZZChest Pains,1,356 E FRANCIS ST,COR
,,19C063949,08:18:31 07/22/19,l,H&S Violation,3,1635 KELLOGG AVE; KELLOGG PARK,COR
,,19C063951,08:19:02 07/22/19,l,Susp Person,3,LORNA ST & S BUENA VISTA AVE,COR
,,19C063952,08:27:24 07/22/19,l,Property Check,4,1550 E ONTARIO AVE; SHELL GAS,COR
,,19C063953,08:37:27 07/22/19,l,911 Hangup,2,505 S BUENA VISTA AVE; COUNTY COURT HOUSE,COR
,,19C063954,08:44:39 07/22/19,l,911 Hangup,2,881 CORSICA DR,COR
,,19C063955,08:49:34 07/22/19,l,Follow Up,4,2370 ANSELMO DR,COR
,,19C063956,08:52:23 07/22/19,l,Property Check,4,1155 E ONTARIO AVE; RIMPAU PARK,COR
,,19C063957,08:53:18 07/22/19,l,Property Check,4,W FIFTH ST & S MAIN ST,COR
,,19C063958,08:53:46 07/22/19,f,ZZFall,1,2055 KELLOGG AVE; KAISER FOUNDATION HEALTH PLAN INC,COR
,,19C063959,08:53:47 07/22/19,f,ZZFall,1,2055 KELLOGG AVE; KAISER FOUNDATION HEALTH PLAN INC,COR
,,19C063961,08:54:56 07/22/19,l,Property Check,4,1075 E SIXTH ST; ARMORY,COR
,,19C063962,08:56:56 07/22/19,l,911 Hangup,2,1123 CLEVELAND WAY,COR
,,19C063963,09:01:14 07/22/19,l,911 Hangup,2,770 PUBLIC SAFETY WAY,COR
,,19C063965,09:03:49 07/22/19,l,911 Hangup,2,615 RICHEY ST; PROMENADE PARK,COR
,,19C063966,09:04:31 07/22/19,l,Property Check,4,930 E SIXTH ST,COR
,,19C063968,09:09:50 07/22/19,l,911 Hangup,2,1114 W ONTARIO AVE,COR
,,19C063970,09:12:56 07/22/19,l,Auto Theft Past,3,1410 E SIXTH ST # 48,COR
,,19C063971,09:15:23 07/22/19,l,Property Check,4,615 RICHEY ST; PROMENADE PARK,COR
,,19C063972,09:24:09 07/22/19,l,Alarm Call,2,1435 GRANADA AVE,COR
,,19C063973,09:25:37 07/22/19,l,Dist/Verbal,2,598 SANTANA WAY; SANTANA PARK,COR
,,19C063975,09:34:12 07/22/19,l,911 Hangup,2,2585 S MAIN ST; SOUTH HILLS CHURCH,COR
,,19C063976,09:34:36 07/22/19,l,Cross Report,2,1068 BORDER AVE;CROSS REPORT,COR
,,19C063978,09:38:18 07/22/19,l,Runaway,3,1662 BERYL LN,COR
,,19C063979,09:39:09 07/22/19,l,Property Check,4,2125 STAGECOACH DR; STAGECOACH PARK,COR
,,19C063981,09:44:41 07/22/19,f,ZZAA MedicalAid,1,8540 WEIRICK RD; ST MARY MAGDELENE,TEM
,,19C063982,09:47:47 07/22/19,l,Resid Burg Past,4,556 HILLSBOROUGH WAY,COR
,,19C063983,09:50:54 07/22/19,l,Petty Theft P,4,264 CORPORATE TERRACE CIR; R C FOSTER CORPORATION,COR
,,19C063984,09:51:25 07/22/19,l,Open Door,2,2950 VISTA DEL MONTE WAY,COR
,,19C063985,09:54:00 07/22/19,l,Vehicle Check,4,1500 YORBA ST,COR
,,19C063986,09:57:28 07/22/19,l,Comm Burg Past,4,1611 POMONA RD; LL CONT,COR
,,19C063987,10:00:35 07/22/19,f,ZZFall,1,3493 FOUR SEASONS RD,HGS
,,19C063988,10:02:05 07/22/19,l,911 Hangup,2,881 CORSICA DR,COR
,,19C063989,10:05:53 07/22/19,l,Property Check,4,550 CORONA MALL,COR
YES,'Nature' garbled text (embedded symbol),19C063990,10:08:53 07/22/19,f,ZZFaint/Uncons,1,1552 BENTLEY DR,COR
,,19C063991,10:09:24 07/22/19,l,Cross Report,2,750 AVENIDA DEL VISTA # C ; CROSSREPORT,COR
,,19C063992,10:10:27 07/22/19,l,Vehicle Check,4,1160 E ONTARIO AVE,COR
,,19C063993,10:11:00 07/22/19,l,Property Check,4,465 SANTANA WAY; ISLAMIC CENTER,COR
,,19C063994,10:13:17 07/22/19,l,Property Check,4,1200 W NINTH ST,COR
,,19C063995,10:19:32 07/22/19,l,Alarm Call,2,2856 JOHNSON CIR ; SHELDON RESD,COR
,,19C063997,10:20:32 07/22/19,l,Alarm Call,2,1350 BALDWIN DR; PANIC,COR
,,19C063999,10:21:01 07/22/19,lf,Bomb Threat,1,4238 STONEBRIAR CIR,COR
,,19C063998,10:21:01 07/22/19,l,911 Hangup,2,1650 S BUENA VISTA AVE,COR
,,19C064000,10:21:31 07/22/19,l,Court Order Vio,3,820 PAYETTE DR; LL CONT,COR
,,19C064001,10:24:56 07/22/19,l,Vehicle Check,4,1200 W NINTH ST,COR
,,19C064002,10:28:26 07/22/19,l,911 Hangup,2,730 PUBLIC SAFETY WAY; CORONA POLICE,COR
,,19C064003,10:30:09 07/22/19,l,Property Check,4,2355 COMPTON AVE; LA FITNESS,COR
,,19C064006,10:38:56 07/22/19,l,911 Hangup,2,4272 CASTLEPEAK DR,COR
,,19C064007,10:39:18 07/22/19,l,911 Hangup,2,770 MAGNOLIA AVE; JACK D COCHRAN MD,COR
,,19C064008,10:42:24 07/22/19,l,Area Check,3,840 PARK CIR,COR
,,19C064009,10:43:26 07/22/19,l,DV-Assault,1,1312 HERMOSA DR,COR
,,19C064010,10:43:49 07/22/19,l,DV-Assault,1,852 FOXTAIL DR,COR
,,19C064011,10:48:38 07/22/19,l,911 Hangup,2,505 S BUENA VISTA AVE; COUNTY COURT HOUSE,COR
,,19C064012,10:49:26 07/22/19,f,ZZFall,1,1327 W EIGHTH ST # A,COR
,,19C064015,10:57:10 07/22/19,l,911 Hangup,2,598 SANTANA WAY; SANTANA PARK,COR
,,19C064016,10:59:01 07/22/19,l,Veh Burg Past,4,1087 SUNBEAM LN,COR
,,19C064019,11:00:01 07/22/19,l,Disturb Peace P,4,5215 GREEN RIVER RD; ATT 10851P,COR
,,19C064022,11:10:53 07/22/19,l,Welfare Check,2,1290 E ONTARIO AVE; WALMART,COR
,,19C064023,11:12:28 07/22/19,l,911 Hangup,2,1000 W RINCON ST,COR
,,19C064024,11:12:32 07/22/19,lf,Hit Run No Inj,2,S BUENA VISTA AVE & W SEVENTH ST,COR
,,19C064026,11:14:15 07/22/19,l,Accident,2,706 S BUENA VISTA AVE,COR
,,19C064027,11:15:27 07/22/19,l,Hit Run No Inj,2,MAGNOLIA AVE & 15 SB ON RAMP,COR
,,19C064028,11:16:42 07/22/19,f,ZZSeizure,1,1400 CIRCLE CITY DR; #109;CORONA RESIDENTIAL CARE CENTER LLC,COR
,,19C064030,11:29:10 07/22/19,l,Standby,4,4013 PASEO LA CRESTA ST,COR
,,19C064032,11:34:02 07/22/19,l,Test,4,700 W SIXTH ST; 7 11 STORE CENTRAL,COR
,,19C064033,11:35:00 07/22/19,l,Petty Theft P,4,320 N MCKINLEY ST,COR
,,19C064034,11:35:50 07/22/19,l,Dom Disturb P,3,2125 STAGECOACH DR; STAGECOACH PARK ; LL CONT,COR
,,19C064035,11:36:35 07/22/19,l,Patrol Info,4,91 EB 71 GREEN RIVER,RVC
,,19C064036,11:36:45 07/22/19,l,Citizen Contact,3,1825 W SIXTH ST; LL CONT C4,COR
,,19C064039,11:52:39 07/22/19,l,911 Hangup,2,1000 W EIGHTH ST,COR
,,19C064040,11:54:12 07/22/19,l,Property Check,4,100 W GRAND BLVD,COR
,,19C064042,12:02:03 07/22/19,f,ZZAbdominalPain,1,2250 S MAIN ST; MISSION SURGICAL CLINIC; #104,COR
,,19C064043,12:03:49 07/22/19,l,Trespass,3,GUNNOE CT & MARQUEZ WAY,COR
,,19C064045,12:08:27 07/22/19,l,Fraud Past,4,750 S LINCOLN AVE # 101; VERIZON STORE,COR
,,19C064046,12:13:59 07/22/19,f,ZZFall,1,1280 E SIXTH ST ; SALVATION ARMY,COR
,,19C064048,12:30:12 07/22/19,l,H/R Coll Past,4,N MCKINLEY ST & PROMENADE AVE,COR
,,19C064049,12:30:26 07/22/19,f,ZZSick,1,901 W SIXTH ST; CROWN VACUUM AND SEWING,COR
,,19C064050,12:30:59 07/22/19,l,911 Hangup,2,1205 S MAIN ST; ARCO AM PM,COR
,,19C064051,12:38:18 07/22/19,l,Disturb Peace,2,1886 BUTTERFIELD DR; BUTTERFIELD PARK,COR
,,19C064053,12:41:59 07/22/19,l,Assist Othr Dpt,3,901 W SIXTH ST,COR
,,19C064054,12:45:43 07/22/19,l,Keep The Peace,3,475 E GRAND BLVD; YMCA; 488P,COR
,,19C064055,12:46:09 07/22/19,l,Auto Theft Rec,4,844 PARK CIR,COR
,,19C064056,12:46:37 07/22/19,l,H/R Coll Past,4,PROMENADE AVE & N MCKINLEY ST; FRONT LOBBY,COR
,,19C064059,13:03:04 07/22/19,l,Test,4,700 W SIXTH ST; 7 11 STORE CENTRAL,COR
,,19C064062,13:11:50 07/22/19,l,Ped Check,4,650 S MAIN ST; CITY LIBRARY,COR
,,19C064063,13:21:58 07/22/19,l,Test,4,600 S MAIN ST,COR
,,19C064065,13:22:42 07/22/19,l,Test,4,600 S MAIN ST,COR
,,19C064066,13:24:02 07/22/19,l,Veh Burg Past,4,3178 DOGWOOD DR; LL CONT,COR
,,19C064072,13:38:36 07/22/19,l,Property Check,4,1372 NICHOLAS PL,COR
,,19C064073,13:40:15 07/22/19,l,Vandalism Past,4,1173 DESERT WILLOW LN # F; LL CONT,COR
,,19C064074,13:50:47 07/22/19,l,Property Check,4,930 E SIXTH ST; CITY PARK,COR
,,19C064075,13:57:29 07/22/19,l,Disturb Peace,3,930 E SIXTH ST; CITY PARK; HOMELESS,COR
,,19C064076,13:57:56 07/22/19,l,Alarm Call,2,4077 EL DORADO DR,COR
,,19C064077,13:58:15 07/22/19,l,Assault Wpn P,2,DYER WAY & VIA SANTIAGO,COR
,,19C064078,14:02:33 07/22/19,l,Fraud Past,4,2791 GREEN RIVER RD # 108; CONTOURS EXPRESS GYM; FRNT COUNTE,COR
,,19C064080,14:14:17 07/22/19,l,Vandalism Past,4,205 N LINCOLN AVE; DOLLAR SELF STORAGE,COR
,,19C064081,14:16:41 07/22/19,l,Follow Up,4,1368 PARKVIEW DR,COR
,,19C064083,14:21:27 07/22/19,l,Additional Info,4,2206 WAGON TRAIN ST,COR
,,19C064084,14:35:46 07/22/19,l,911 Hangup,2,3521 ANDOVER ST,HGS
,,19C064085,14:42:28 07/22/19,l,CMC Violation,4,983 OAKDALE ST,COR
,,19C064086,14:45:58 07/22/19,l,Property Check,4,807 W GRAND BLVD; GRAND THERAPEUTIC AND SPORTS MASSAGE CTR,COR
,,19C064087,14:52:13 07/22/19,l,Trespass,3,431 N MCKINLEY ST; CIRCLE K INSDIE MOBIL GAS,COR
,,19C064089,14:54:47 07/22/19,l,Dist/Verbal,2,3765 DELTA CIR,COR
,,19C064090,15:07:18 07/22/19,l,Alarm Call,2,2654 RAVEN CIR,COR
,,19C064091,15:10:32 07/22/19,l,Welfare Check,2,511 WELLESLEY DR # 107,COR
,,19C064095,15:15:53 07/22/19,l,Missing Person,2,745 LA DOCENA LN,COR
,,19C064096,15:18:17 07/22/19,l,Susp Vehicle,3,1031 EVERTON DR,COR
,,19C064097,15:18:20 07/22/19,l,Citizen Contact,3,1297 E ONTARIO AVE # 104; CASH FOR GOLD,COR
,,19C064098,15:22:36 07/22/19,l,H/R Coll Past,4,369 MAGNOLIA AVE;VONS MAGNOLIA,COR
,,19C064099,15:31:01 07/22/19,l,Kidnapping Past,2,1197 SUNCREST DR,COR
,,19C064101,15:32:24 07/22/19,f,ZZFall,1,2950 JUNIPER DR,COR
,,19C064104,15:36:45 07/22/19,l,Disturb Peace P,4,1433 E SIXTH ST,COR
,,19C064106,15:42:02 07/22/19,l,Disturb Peace,3,518 CORONA MALL,COR
,,19C064108,15:52:37 07/22/19,l,Mail Theft P,4,1113 ROSEMARY CIR,COR
,,19C064109,15:54:53 07/22/19,l,Fraud Past,4,1515 BORDER AVE # C,COR
,,19C064110,15:55:13 07/22/19,l,911 Hangup,2,1840 CALIFORNIA AVE; KAISER FOUNDATION HEALTH PLAN INC,COR
,,19C064111,15:56:51 07/22/19,l,Traffic Stop,4,S MAIN ST & KILWORTH DR,COR
,,19C064112,15:58:37 07/22/19,l,Hazard,3,S MAIN ST & E THIRD ST,COR
,,19C064113,16:00:03 07/22/19,l,Disturb Peace,3,3542 SWEETWATER CIR ; 415 FAMILY,COR
,,19C064114,16:01:58 07/22/19,l,911 Hangup,2,2300 S MAIN ST,COR
,,19C064115,16:02:03 07/22/19,l,Alarm Call,2,451 N COTA ST; PROLOGIS DISTRIBUTION,COR
,,19C064116,16:02:51 07/22/19,l,Disturb Peace P,4,2055 KELLOGG AVE; LL CONT; KAISER FOUNDATION HEALTH PLAN INC,COR
,,19C064117,16:13:05 07/22/19,,,,223 S HOWARD ST,COR
,,19C064120,16:19:41 07/22/19,l,Susp Vehicle,3,223 S HOWARD ST,COR
,,19C064121,16:20:49 07/22/19,l,Fraud Past,4,2310 BLOOMFIELD LN; LL CONT,COR
,,19C064124,16:24:57 07/22/19,l,Accident,2,W NINTH ST & S VICENTIA AVE,COR
,,19C064126,16:31:50 07/22/19,l,Trespass,3,725 E HARRISON ST,COR
,,19C064127,16:32:46 07/22/19,l,Auto Theft Past,3,479 N MCKINLEY ST; WALMART,COR
,,19C064129,16:34:52 07/22/19,l,911 Hangup,2,606 CHERRY ST,COR
,,19C064131,16:36:02 07/22/19,l,Cite Sign Off,4,730 PUBLIC SAFETY WAY; CORONA POLICE,COR
,,19C064132,16:44:24 07/22/19,l,Dist/Verbal,2,1320 PLEASANT VIEW AVE,COR
,,19C064133,16:48:21 07/22/19,l,Accident,2,E ONTARIO AVE & 15 SB OFF RAMP,COR
,,19C064135,16:56:52 07/22/19,l,Accident,2,TEMESCAL CANYON RD & CABOT DR ;BLOCKING TRFFC,COR
,,19C064136,16:58:01 07/22/19,l,911 Hangup,2,1688 LORRAINE DR,COR
,,19C064137,16:59:30 07/22/19,l,Surveillance,4,N MCKINLEY ST & PROMENADE AVE,COR
,,19C064138,17:02:28 07/22/19,l,Petty Theft P,4,E SIXTH ST & E GRAND BLVD; RS GASOLINE,COR
,,19C064139,17:08:03 07/22/19,l,911 Hangup,2,1901 W ONTARIO AVE,COR
,,19C064140,17:12:00 07/22/19,l,Disturb Peace,3,433 E EIGHTH ST,COR
,,19C064142,17:24:57 07/22/19,f,ZZSick,1,702 BLACK OAK CIR,COR
,,19C064143,17:31:05 07/22/19,l,Patrol Info,4,N LINCOLN AVE & HARRINGTON ST,COR
,,19C064145,17:38:21 07/22/19,l,Petty Theft,3,470 HIDDEN VALLEY PKWY; KOHLS,COR
,,19C064146,17:40:03 07/22/19,l,Welfare Check,2,1717 FRASER CIR,COR
,,19C064147,17:41:30 07/22/19,l,Kidnapping Past,2,1120 W SIXTH ST; FRONT OF PD,COR
,,19C064148,17:42:31 07/22/19,l,911 Hangup,2,2585 S MAIN ST,COR
,,19C064150,17:51:44 07/22/19,l,Robbery Past,2,720 N MAIN ST; BURLINGTON COAT,COR
,,19C064152,18:04:22 07/22/19,l,Comm Policing,4,726 FORD ST,COR
,,19C064154,18:13:54 07/22/19,lf,Accident Inj,1,CALIFORNIA AVE & RIMPAU AVE,COR
,,19C064156,18:17:55 07/22/19,lf,Accident Inj,1,RIVER RD & N MAIN ST,COR
,,19C064157,18:24:34 07/22/19,l,Welfare Check,2,1003 ELMHURST ST,COR
,,19C064158,18:25:28 07/22/19,lf,Man Down,1,598 SANTANA WAY; SANTANA PARK,COR
,,19C064160,18:42:36 07/22/19,l,Disturb Peace,3,702 E SIXTH ST; ARCO AM PM,COR
,,19C064161,18:43:57 07/22/19,l,Alarm Call,2,2235 TREEHOUSE LN; MARQUESSA APARTMENT,COR
,,19C064163,18:49:56 07/22/19,f,ZZPublicSrvceF,2,930 E SIXTH ST; CITY PARK,COR
,,19C064164,18:58:50 07/22/19,l,Trespass,3,1107 W SIXTH ST; WSS SHOES,COR
,,19C064165,19:00:21 07/22/19,l,Domestic Distur,2,1635 KELLOGG AVE; KELLOGG PARK,COR
,,19C064166,19:07:14 07/22/19,f,ZZIllegal Burn,1,13300 BABCOCK DR,TEM
,,19C064169,19:19:53 07/22/19,f,ZZResdntal Alr,1,3020 HAMPSHIRE CIR,COR
,,19C064171,19:27:21 07/22/19,l,Property Check,4,1290 E ONTARIO AVE; WALMART,COR
,,19C064172,19:28:33 07/22/19,l,Z-Animal Svcs,4,691 STONEYBROOK DR,COR
,,19C064173,19:31:52 07/22/19,l,911 Hangup,2,2305 COMPTON AVE; IN N OUT BURGER,COR
,,19C064175,19:33:55 07/22/19,l,Follow Up,4,901 QUARRY ST,COR
,,19C064177,19:35:37 07/22/19,l,Disturb Peace,3,550 HIDDEN VALLEY PKWY; STATER BROS MARKETS,COR
,,19C064178,19:37:20 07/22/19,l,Property Check,4,1395 E FOOTHILL PKWY; SANTIAGO HIGH SCHOOL,COR
,,19C064179,19:39:11 07/22/19,l,Vehicle Check,4,HILLSIDE ST & CONSUL AVE,ELC
,,19C064180,19:39:17 07/22/19,l,911 Hangup,2,802 W SIXTH ST; DIAMANTE INSURANCE SERVICES INC,COR
,,19C064181,19:39:35 07/22/19,l,Follow Up,4,479 N MCKINLEY ST; WALMART,COR
,,19C064182,19:46:15 07/22/19,l,Property Check,4,200 N LINCOLN AVE; MOTEL 6,COR
,,19C064184,19:48:11 07/22/19,l,Property Check,4,900 RAILROAD ST,COR
,,19C064185,19:49:56 07/22/19,l,Disturb Peace,3,1200 S MERRILL ST; HUSTED PARK,COR
,,19C064186,19:52:05 07/22/19,l,Disturb Peace P,4,1776 ALL AMERICAN WAY; ALL AMERICAN ALSPHALT,COR
,,19C064187,19:54:26 07/22/19,l,Property Check,4,1760 W SIXTH ST,COR
,,19C064188,19:57:26 07/22/19,l,Follow Up,4,3570 WAGONER LN,HGS
,,19C064189,19:58:29 07/22/19,l,911 Hangup,2,1539 YORBA ST,COR
,,19C064191,20:05:14 07/22/19,l,911 Hangup,2,130 W CHASE DR; CELL TOWER,COR
,,19C064192,20:05:49 07/22/19,f,ZZSick,1,1443 W SIXTH ST # 103; WHOLESALE TIRE AND AUTOMOTIVE,COR
,,19C064193,20:11:19 07/22/19,l,Z-Animal Svcs,4,4433 OWENS ST # 106,COR
,,19C064194,20:11:47 07/22/19,l,911 Hangup,2,1717 VIA DEL RIO,COR
,,19C064195,20:13:32 07/22/19,l,Property Check,4,3950 S MAIN ST; ATT TOWER,COR
,,19C064197,20:22:53 07/22/19,l,Property Check,4,2108 CALIFORNIA AVE,COR
,,19C064200,20:37:07 07/22/19,l,Accident,2,W SIXTH ST & S SMITH AVE,COR
,,19C064203,20:41:08 07/22/19,l,Dom Disturb P,3,904 AVENIDA DEL VISTA # 10,COR
,,19C064204,20:42:06 07/22/19,l,Property Check,4,2880 CALIFORNIA AVE,COR
,,19C064205,20:44:04 07/22/19,l,Property Check,4,1150 W TENTH ST; CORONA HIGH SCHOOL,COR
,,19C064206,20:47:11 07/22/19,f,ZZFall,1,470 N MCKINLEY ST; UFC GYM AT CORONA HILLS COR PLAZA; UFC,
,,19C064207,21:01:23 07/22/19,l,Traffic Stop,4,E ONTARIO AVE & FULLERTON AVE,COR
,,19C064208,21:05:46 07/22/19,l,Property Check,4,220 CROUSE DR; ADAMSON ANALYTICAL LABORATORY,COR
,,19C064209,21:08:05 07/22/19,l,Property Check,4,1307 W SIXTH ST,COR
,,19C064210,21:08:38 07/22/19,l,Alarm Call,2,750 S LINCOLN AVE # 101; VERIZON STORE,COR
,,19C064211,21:12:53 07/22/19,l,Traffic Stop,4,E ONTARIO AVE & STATE ST,COR
,,19C064212,21:13:28 07/22/19,l,911 Hangup,2,881 CORSICA DR,COR
,,19C064213,21:32:01 07/22/19,l,Alarm Call,2,1181 CALIFORNIA AVE; SMITH AND NOBLE,COR
,,19C064214,21:43:42 07/22/19,l,Domestic Distur,2,801 SAN CARLOS CIR,COR
,,19C064215,21:46:58 07/22/19,l,Hit Run No Inj,2,THE CROSSINGS,COR
,,19C064216,21:50:28 07/22/19,l,Ped Check,4,700 W SIXTH ST; 7 11 STORE CENTRAL,COR
,,19C064217,21:52:40 07/22/19,l,911 Hangup,2,2585 S MAIN ST; SOUTH HILLS CHURCH,COR
,,19C064218,21:58:28 07/22/19,l,Assist Othr Dpt,3,3526 ELKER RD,COR
,,19C064219,22:00:13 07/22/19,l,Property Check,4,1190 W SIXTH ST; FITNESS 19,COR
,,19C064221,22:04:43 07/22/19,l,911 Hangup,2,598 SANTANA WAY; SANTANA PARK,COR
,,19C064222,22:10:35 07/22/19,l,Patrol Info,4,WELLESLEY CT & COLLETT AVE,COR
,,19C064223,22:11:14 07/22/19,l,Susp Person,3,1635 KELLOGG AVE; KELLOGG PARK,COR
,,19C064224,22:14:16 07/22/19,l,Domestic Distur,2,402 SIERRA VISTA ST # 2,COR
,,19C064225,22:15:01 07/22/19,l,Susp Vehicle,3,2594 IRONSIDES CIR ;occ'd,COR
,,19C064226,22:15:33 07/22/19,l,Accident,2,ONTARIO AVE EL CERRITO,ELC
,,19C064227,22:17:37 07/22/19,l,Property Check,4,500 PENROSE DR,COR
,,19C064229,22:30:56 07/22/19,l,Property Check,4,2393 TUSCANY ST,COR
,,19C064230,22:33:54 07/22/19,l,Accident,2,N MCKINLEY ST & MAGNOLIA AVE,COR
,,19C064231,22:34:59 07/22/19,f,ZZFall,1,2300 S MAIN ST # 157; VALENCIA TERRACE,COR
,,19C064232,22:36:06 07/22/19,l,Susp Person,3,735 ALISO ST,COR
,,19C064235,22:54:22 07/22/19,l,911 Hangup,2,881 CORSICA DR,COR
,,19C064236,23:00:06 07/22/19,l,Property Check,4,2125 STAGECOACH DR; STAGECOACH PARK,COR
,,19C064237,23:10:54 07/22/19,l,Property Check,4,1635 KELLOGG AVE; KELLOGG PARK,COR
,,19C064239,23:23:07 07/22/19,l,Vehicle Check,4,1155 VALENCIA RD; JAMESON PARK,COR
,,19C064238,23:23:08 07/22/19,l,Ped Check,4,E SIXTH ST & PROMENADE AVE,COR
,,19C064240,23:30:25 07/22/19,l,Traffic Stop,4,E FOOTHILL PKWY & RIMPAU AVE,COR
,,19C064241,23:32:41 07/22/19,l,Property Check,4,1886 BUTTERFIELD DR; BUTTERFIELD PARK,COR
,,19C064242,23:42:35 07/22/19,l,Dist/Verbal,2,418 N MAIN ST # 313,COR
,,19C064243,23:43:41 07/22/19,l,911 Hangup,2,881 CORSICA DR,COR
,,19C064244,23:46:50 07/22/19,l,Property Check,4,1350 VALENCIA RD; ORANGE ELEMENTARY,COR
,,19C064245,23:50:42 07/22/19,l,Ped Check,4,2315 CALIFORNIA AVE; DYKSTRAS CAR WASH,COR
,,19C064246,23:57:15 07/22/19,l,Property Check,4,1155 E ONTARIO AVE; RIMPAU PARK,COR
,,19C064247,00:02:11 07/23/19,l,Property Check,4,1315 MAGNOLIA AVE; CHEVRON,COR
,,19C064248,00:03:43 07/23/19,l,911 Hangup,2,1210 MAGNOLIA AVE,COR
,,19C064249,00:04:01 07/23/19,l,Property Check,4,499 LEROY DR,COR
,,19C064250,00:19:05 07/23/19,l,Susp Person,3,1024 S VICTORIA AVE; T S C C ; ATT 459V,COR
,,19C064252,00:23:17 07/23/19,l,Veh Burg I/P,2,1443 W SIXTH ST # 103; WHOLESALE TIRE AUTO,COR
,,19C064253,00:28:27 07/23/19,l,Property Check,4,926 E ONTARIO,COR
,,19C064254,00:42:41 07/23/19,l,Area Check,3,737 MAGNOLIA AVE; BROOKDALE SUSPP,COR
,,19C064255,00:51:09 07/23/19,l,911 Hangup,2,281 SABINA PEAK CIR,COR
,,19C064256,01:04:46 07/23/19,i,Citizen Contact,3,1108 E FIFTH ST # 1,COR
,,19C064257,01:06:47 07/23/19,l,Property Check,4,130 W FOOTHILL PKWY; CHEVRON GAS,COR
,,19C064258,01:19:04 07/23/19,l,Vehicle Check,4,4000 S MAIN ST,COR
,,19C064259,01:27:50 07/23/19,l,Alarm Call,2,330 W FOOTHILL PKWY # 101; WELLS FARGO BANK,COR
,,19C064260,01:30:03 07/23/19,l,Property Check,4,1255 RIVER RD; AUBURNDALE INTERMEDIATE,COR
,,19C064262,02:05:31 07/23/19,l,Vehicle Check,4,928 E ONTARIO,COR
,,19C064263,02:09:27 07/23/19,l,Traffic Stop,4,N MAIN ST & E HARRISON ST,COR
,,19C064265,02:34:22 07/23/19,l,Property Check,4,195 W ONTARIO AVE; B B V A COMPASS AT MAIN COR ST VILLAGE,
,,19C064266,02:38:51 07/23/19,lf,Heavy Rescue,1,1255 RIVER RD; AUBURNDALE INTERMEDIATE,COR
,,19C064267,02:48:03 07/23/19,f,ZZAbdominalPain,1,1709 GALLOWAY LN,COR
,,19C064268,02:49:35 07/23/19,f,ZZChest Pains,1,1652 TAMARRON DR,COR
,,19C064270,03:11:13 07/23/19,l,Special Detail,4,265 E ONTARIO AVE; #105 UFC GYM,COR
,,19C064272,03:20:23 07/23/19,l,Auto Theft,2,800 HOMESTEAD RD,COR
,,19C064273,03:31:42 07/23/19,l,Loud Noise,3,719 W EIGHTH ST,COR
,,19C064274,03:39:53 07/23/19,l,Traffic Stop,4,E ONTARIO AVE & STATE ST,COR
YES,'Nature' garbled text (embedded symbol),19C064275,03:58:43 07/23/19,f,ZZFaint/Uncons,1,256 GREENGATE ST,COR
,,19C064276,04:01:07 07/23/19,l,Suspicious Circ,3,3372 DEAVER DR,COR
,,19C064277,04:01:19 07/23/19,l,Property Check,4,1604 FAIRVIEW DR; FAIRVIEW PARK,COR
,,19C064278,04:03:01 07/23/19,i,Alarm Call,2,1102 S MAIN ST # A; ALTA DENA,COR
,,19C064279,04:06:43 07/23/19,f,ZZFall,1,2489 CALIFORNIA AVE; ESTANCIA DEL SOL; #133,COR
,,19C064280,04:10:29 07/23/19,l,Property Check,4,185 MAGNOLIA AVE; LEE POLLARD HIGH SCHOOL,COR
,,19C064281,04:19:46 07/23/19,i,911 Hangup,2,505 S BUENA VISTA AVE; COUNTY COURT HOUSE,COR
YES,'Nature' garbled/scrambled text,19C064282,04:32:13 07/23/19,f,ZZFwy Acc w/inj,1,15 SB HIDDEN VALLEY MAGNOLIA,COR
,,19C064283,04:37:01 07/23/19,l,Comm Burg I/P,2,1426 W SIXTH ST; #102; COMPUTER SHOP; POSSIBLE,COR
,,19C064284,04:53:03 07/23/19,f,Vegetation Low,1,15 NB TEMESCAL CANYON DOS LAGOSWEIRICK,TEM
,,19C064287,05:20:09 07/23/19,l,Alarm Call,2,623 E SIXTH ST; TACOS MELANOS,COR
,,19C064288,05:21:11 07/23/19,l,Susp Person,3,1015 LA TERRAZA CIR # 207,COR
,,19C064289,05:50:54 07/23/19,l,Patrol Info,4,1637 SUTTER LN,COR
,,19C064290,06:16:32 07/23/19,l,CMC Violation,4,1820 RIMPAU AVE; CENTENNIAL HIGH SCHOOL,COR
,,19C064292,06:35:33 07/23/19,l,Traffic Stop,4,W FOOTHILL PKWY & PASEO GRANDE,COR
,,19C064294,06:43:53 07/23/19,l,Additional Info,4,1255 RIVER RD; AUBURNDALE INTERMEDIATE,COR
,,19C064295,06:48:43 07/23/19,l,Patrol Info,4,2800 RIDGELINE DR; PRADO VIEW ELEMENTARY SCHOOL,COR
,,19C064296,06:51:46 07/23/19,l,Alarm Call,2,2785 CABOT DR # 101; RA SUSHI,COR
,,19C064297,06:53:34 07/23/19,l,Property Check,4,116 E FRANCIS ST,COR
,,19C064298,07:03:58 07/23/19,l,Traffic Stop,4,HAMNER AVE & HIDDEN VALLEY PKWY,NOR
,,19C064300,07:06:46 07/23/19,l,Ped Check,4,1635 KELLOGG AVE; KELLOGG PARK,COR
,,19C064301,07:07:01 07/23/19,l,Loud Noise,3,612 W GRAND BLVD,COR
,,19C064305,07:14:15 07/23/19,l,Alarm Call,2,1530 W SIXTH ST # 109; REBECCA TORRES MD,COR
,,19C064306,07:18:06 07/23/19,l,Assist Othr Dpt,3,1584 ALDERWOOD CIR ; CHP,COR
,,19C064307,07:24:33 07/23/19,l,Property Check,4,470 HIDDEN VALLEY PKWY; KOHLS,COR
,,19C064308,07:27:52 07/23/19,l,Alarm Call,2,510 W SECOND ST; RIVER SPRINGS CHRATER SCHOOL,COR
,,19C064309,07:30:16 07/23/19,l,Susp Vehicle,3,957 HEDGES DR,COR
,,19C064310,07:35:26 07/23/19,l,Citizen Contact,3,1108 E FIFTH ST # 1,COR
,,19C064311,07:39:34 07/23/19,l,Property Check,4,1825 W SIXTH ST; SHELL GAS,COR
,,19C064313,07:44:40 07/23/19,l,Keep The Peace,3,402 SIERRA VISTA ST # 2,COR
,,19C064315,07:47:34 07/23/19,f,ZZCommrcal Alrm,1,3685 GRAND OAKS; ETHAN ALLEN RETAIL INC AT COR THE CROSSINGS,
,,19C064316,07:59:30 07/23/19,l,Property Check,4,4000 S MAIN ST,COR
,,19C064317,08:00:25 07/23/19,l,911 Hangup,2,1776 ALL AMERICAN WAY; ALL AMERICAN ALSPHALT,COR
,,19C064318,08:02:35 07/23/19,l,Test,4,4900 GREEN RIVER RD,COR
,,19C064320,08:09:49 07/23/19,f,ZZSick,1,205 LEWIS CT; C J SUPPRESSION INC,COR
,,19C064321,08:10:04 07/23/19,l,Property Check,4,2290 GRIFFIN WAY; COUNTRY SIDE CAR WASH AT COUNTRYSIDE CENTE,COR
,,19C064322,08:12:00 07/23/19,l,Property Check,4,2240 GRIFFIN WAY; EL TORITO,COR
,,19C064323,08:13:58 07/23/19,l,911 Hangup,2,3710 MOUNTAIN GATE DR,COR
,,19C064324,08:15:14 07/23/19,l,Property Check,4,479 N MCKINLEY ST; WALMART,COR
,,19C064325,08:16:14 07/23/19,lf,Man Down,1,400 S VICENTIA AVE; CITY HALL,COR
,,19C064327,08:17:09 07/23/19,l,Hazard,3,CRESTA RD & WYNOLA CT,COR
,,19C064328,08:17:45 07/23/19,l,Property Check,4,2379 COMPTON AVE; DENNYS RESTAURANT AT IN AND OUT CENTER,COR
,,19C064329,08:19:58 07/23/19,l,911 Hangup,2,2362 RAILROAD ST; THERMAL STRUCTURES INC,COR
,,19C064330,08:26:55 07/23/19,l,Disturb Peace,3,535 N MCKINLEY ST; VONS ; HOMELESS,COR
,,19C064332,08:30:24 07/23/19,l,911 Hangup,2,881 CORSICA DR,COR
,,19C064333,08:35:20 07/23/19,l,Property Check,4,145 RADIO RD; KIPS GYMNASTICS,COR
,,19C064335,08:38:03 07/23/19,l,Alarm Call,2,1353 JILLIAN CIR,COR
,,19C064336,08:39:33 07/23/19,l,Property Check,4,950 W ONTARIO AVE; FIRST PRESBYTERIAN CHURCH,COR
,,19C064338,08:46:11 07/23/19,f,ZZSick,1,4020 ROYAL VISTA CIR,COR
,,19C064339,08:48:41 07/23/19,l,Property Check,4,1886 BUTTERFIELD DR; BUTTERFIELD PARK,COR
,,19C064341,08:52:29 07/23/19,l,Property Check,4,2250 GRIFFIN WAY; JOANN FABRICS,COR
,,19C064342,08:54:34 07/23/19,l,Traffic Stop,4,410 N MCKINLEY ST; US BANK,COR
,,19C064344,09:02:19 07/23/19,f,ZZ Fire Test,2,730 PUBLIC SAFETY WAY; CORONA POLICE,COR
,,19C064345,09:04:55 07/23/19,l,Property Check,4,650 S MAIN ST; CITY LIBRARY,COR
,,19C064346,09:05:36 07/23/19,l,Incorrigible,2,1895 DUNCAN WAY,COR
,,19C064347,09:06:13 07/23/19,lf,Man Down,1,100 W ONTARIO AVE; WALGREENS 07303 AT TOWN AND COUNTRY,COR
YES,'Location' garbled/scrambled text,19C064348,09:07:21 07/23/19,l,Fraud Past,4,855 VIEWTOP CIR;LL CONT,COR
,,19C064349,09:08:30 07/23/19,l,Property Check,4,615 RICHEY ST; PROMENADE PARK,COR
,,19C064350,09:11:05 07/23/19,l,Grand Theft P,4,CITRUS COMMUNITY PARK,COR
,,19C064351,09:17:20 07/23/19,f,ZZPublicSrvceF,2,POMONA RD & N SHERMAN AVE,COR
,,19C064353,09:20:01 07/23/19,f,ZZFall,1,3224 DIAMOND VIEW ST,COR
,,19C064354,09:20:47 07/23/19,l,Property Check,4,1531 E SIXTH ST,COR
,,19C064358,09:28:53 07/23/19,l,Property Check,4,1886 BUTTERFIELD DR; BUTTERFIELD PARK,COR
,,19C064359,09:29:23 07/23/19,l,911 Hangup,2,380 N MCKINLEY ST,COR
,,19C064360,09:29:45 07/23/19,l,Property Check,4,970 MANDEVILLA WAY,COR
,,19C064361,09:33:58 07/23/19,l,Property Check,4,420 N MAIN ST,COR
,,19C064363,09:51:06 07/23/19,l,Citizen Contact,3,1 MONSTER WAY; FRONT COUNTER,COR
,,19C064365,10:05:53 07/23/19,l,Property Check,4,1604 FAIRVIEW DR; FAIRVIEW PARK,COR
,,19C064367,10:09:02 07/23/19,l,Property Check,4,2355 COMPTON AVE; LA FITNESS,COR
,,19C064369,10:10:31 07/23/19,l,Property Check,4,725 S MAIN ST; 99 CENT STORE,COR
,,19C064371,10:16:52 07/23/19,l,Disturb Peace,3,735 N MAIN ST; WENDYS; HOMELESS,COR
,,19C064372,10:20:16 07/23/19,f,ZZBreathing,1,859 HONEY GROVE WAY,COR
,,19C064374,10:26:24 07/23/19,l,Alarm Call,2,1864 TURQUOISE DR,COR
,,19C064375,10:26:26 07/23/19,l,Ill Parked Veh,4,1456 BURRERO WAY,COR
,,19C064377,10:35:43 07/23/19,l,911 Hangup,2,764 BRIANNA WAY,COR
,,19C064378,10:36:22 07/23/19,l,Property Check,4,727 VILLAGE LOOP DR,COR
,,19C064379,10:39:40 07/23/19,l,Fraud Past,4,1106 W SIXTH ST; KEN DISCOUNT LIQUOR,COR
,,19C064380,10:39:52 07/23/19,l,Property Check,4,1604 FAIRVIEW DR; FAIRVIEW PARK,COR
,,19C064381,10:42:18 07/23/19,l,Petty Theft P,4,CALIFORNIA AVE & E ONTARIO AVE,COR
,,19C064383,10:46:47 07/23/19,l,Property Check,4,2050 AZTEC LN; MCKINELY ELEMENTARY SCHOOL,COR
,,19C064384,10:50:40 07/23/19,l,DV-Assault,1,1812 FIRETHORN PL # 103,COR
,,19C064385,10:51:29 07/23/19,l,Property Check,4,1150 PASEO GRANDE; CESAR CHAVEZ ELEMENTARY SCHOOL,COR
,,19C064386,10:58:54 07/23/19,l,911 Hangup,2,526 MAGNOLIA AVE,COR
,,19C064387,10:59:02 07/23/19,f,ZZSick,1,770 MAGNOLIA AVE,COR
,,19C064389,11:01:45 07/23/19,l,Property Check,4,165 N MCKINLEY ST; DENNYS RESTAURANT 6590 COR AT LOS ARCOS,
,,19C064390,11:03:51 07/23/19,l,Citizen Contact,3,1307 W SIXTH ST; #223; FRONT COUNTER,COR
,,19C064393,11:05:31 07/23/19,l,Comm Burg Past,4,1441 E SIXTH ST,COR
,,19C064394,11:08:16 07/23/19,f,ZZFall,1,1260 E ONTARIO AVE; ALBERTSONS,COR
,,19C064396,11:18:10 07/23/19,l,H/R Coll Past,4,MAGNOLIA AVE & EL SOBRANTE RD; FRONT COUNTER,COR
,,19C064397,11:18:33 07/23/19,l,911 Hangup,2,1690 W SIXTH ST; COMP CORONA INC,COR
,,19C064399,11:20:02 07/23/19,l,H/R Coll Past,4,1690 W SIXTH ST,COR
,,19C064402,11:30:06 07/23/19,lf,Man Down,1,650 S LINCOLN AVE # 101; ALTURA CREDIT UNION,COR
,,19C064403,11:31:25 07/23/19,l,911 Hangup,2,290 CORPORATE TERRACE CIR; KANDB ELECTRIC COR LLC,
,,19C064404,11:32:26 07/23/19,l,Property Check,4,1575 E ONTARIO ST; STARBUCKS,COR
,,19C064405,11:32:58 07/23/19,l,Comm Burg Past,4,1441 E SIXTH ST,COR
,,19C064407,11:37:32 07/23/19,l,Welfare Check,2,545 SAN GORGONIO DR,COR
,,19C064408,11:37:49 07/23/19,l,Citizen Contact,3,2246 GRIFFIN WAY; TURNERS ; LL CONT,COR
,,19C064409,11:38:15 07/23/19,l,Property Check,4,450 E RINCON ST,COR
,,19C064410,11:40:55 07/23/19,l,Patrol Info,4,19494 RIVER ROCK RD; ALFA EXPOLSIVES,COR
,,19C064412,11:45:29 07/23/19,l,Disturb Peace,3,3915 GREEN RIVER RD ; HOMELESS,COR
,,19C064413,11:45:41 07/23/19,l,Disturb Peace,3,1201 WHISPERING TREE LN ; THREATS LL CONT C4,COR
,,19C064414,11:46:30 07/23/19,l,911 Hangup,2,3007 VERANDA LN,COR
,,19C064415,11:57:18 07/23/19,l,Traffic Stop,4,E THIRD ST & E GRAND BLVD,COR
,,19C064416,11:59:16 07/23/19,l,Disturb Peace,3,1212 MAGNOLIA AVE ; EL SUPER HOMELESS,COR
,,19C064417,11:59:37 07/23/19,l,Welfare Check,2,1127 GREENHILL WAY,COR
,,19C064418,11:59:57 07/23/19,l,Assist Othr Dpt,3,1364 FLAMINGO DR,COR
,,19C064419,12:04:08 07/23/19,l,911 Hangup,2,408 N MAIN ST; CITIBANK,COR
,,19C064421,12:07:10 07/23/19,l,Welfare Check,2,1106 W SIXTH ST,COR
,,19C064422,12:10:17 07/23/19,l,Property Check,4,930 E SIXTH ST; CITY PARK,COR
,,19C064423,12:12:13 07/23/19,l,911 Hangup,2,1776 ALL AMERICAN WAY; ALL AMERICAN ALSPHALT,COR
,,19C064427,12:25:15 07/23/19,l,911 Hangup,2,601 VIA BERNARDO,COR
,,19C064428,12:35:38 07/23/19,l,Auto Theft Past,3,W GRAND BLVD & W THIRD ST ; 87 225 W. GRAND,COR
,,19C064429,12:36:53 07/23/19,l,911 Hangup,2,2035 CALIFORNIA AVE; METROPCS CALIFORNIA LLC,COR
,,19C064430,12:44:04 07/23/19,l,Property Check,4,440 CORONA AVE,COR
,,19C064431,13:01:01 07/23/19,lf,Indecent Expose,2,624 W SIXTH ST; USA GAS,COR
,,19C064432,13:03:08 07/23/19,l,Petty Theft,3,1411 RIMPAU AVE # 102; MR GS LIQUOR,COR
,,19C064433,13:04:10 07/23/19,l,911 Hangup,2,3840 JULIETTE CIR,COR
,,19C064434,13:08:36 07/23/19,l,911 Hangup,2,130 W CHASE DR; HEBREWS,COR
YES,'Nature' garbled text (embedded symbol),19C064435,13:15:28 07/23/19,f,ZZFaint/Uncons,1,2336 S MAIN ST; VALENCIA TERRACE,COR
,,19C064436,13:18:28 07/23/19,l,Property Check,4,464 PRINCELAND CT,COR
,,19C064438,13:23:09 07/23/19,l,Property Check,4,450 E RINCON ST,COR
,,19C064439,13:29:08 07/23/19,l,Fraud Past,4,1164 STONE PINE LN # A,COR
,,19C064440,13:35:33 07/23/19,l,Property Check,4,930 E SIXTH ST # #; SKATE PARK CITY PARK,COR
,,19C064441,13:36:04 07/23/19,l,Alarm Call,2,1639 VIA GALICIA ST,COR
,,19C064442,13:36:05 07/23/19,l,Citizen Contact,3,844 W HACIENDA DR ; FRONT COUNTER,COR
,,19C064443,13:38:29 07/23/19,l,Assist Othr Dpt,3,2724 BLUE SPRINGS DR # 201,COR
,,19C064444,13:41:55 07/23/19,lf,Arcing Line,1,330 S MAPLE ST # F; PRO FLOW DYNAMICS,COR
,,19C064445,13:43:40 07/23/19,l,Fraud Past,4,4055 GILBERT AVE; LL CONT,COR
,,19C064447,13:45:31 07/23/19,l,Property Check,4,725 E GRAND BLVD; 7 11 STORE EAST,COR
,,19C064450,13:50:57 07/23/19,l,911 Hangup,2,291 N LINCOLN AVE,COR
,,19C064455,13:54:02 07/23/19,l,Veh Burg Past,4,109 N MCKINLEY ST; FOOD FOR LESS,COR
,,19C064456,13:59:43 07/23/19,l,Disturb Peace,3,369 MAGNOLIA AVE ; VONS GAS,COR
,,19C064457,14:00:40 07/23/19,l,911 Hangup,2,159 N MAPLE ST ; OPEN LINE,COR
,,19C064459,14:05:44 07/23/19,l,Petty Theft,3,1560 W SIXTH ST ; WALMART,COR
,,19C064460,14:07:06 07/23/19,l,911 Hangup,2,1717 VIA DEL RIO,COR
,,19C064461,14:28:51 07/23/19,l,911 Hangup,2,1370 E SIXTH ST,COR
,,19C064462,14:30:31 07/23/19,l,Grand Theft P,4,4147 CAMERON WAY # 101,COR
,,19C064464,14:31:29 07/23/19,l,Area Check,3,S LINCOLN AVE & W SIXTH ST ; WELFARE CHECK,COR
,,19C064465,14:42:16 07/23/19,l,Follow Up,4,730 PUBLIC SAFETY WAY; CORONA POLICE,COR
,,19C064466,14:42:28 07/23/19,l,Suspicious Circ,3,W ONTARIO AVE & TAYLOR AVE,COR
,,19C064467,14:42:29 07/23/19,l,Assist Othr Dpt,3,520 TREELINE DR # 206 ; ANAHEIM PD,COR
,,19C064468,14:45:10 07/23/19,l,Alarm Call,2,352 ROXANNE LN,COR
,,19C064469,14:47:33 07/23/19,l,Accident,2,N MAIN ST & E GRAND BLVD,COR
,,19C064472,14:50:57 07/23/19,l,Annoying Calls,3,3149 WINDHAVEN WAY; FRONT COUNTER,COR
,,19C064473,14:58:56 07/23/19,l,Property Check,4,909 N MCKINLEY ST,COR
,,19C064474,15:02:51 07/23/19,l,Alarm Call,2,1475 LAURELWOOD CIR,COR
,,19C064475,15:11:30 07/23/19,l,Disturb Peace,3,625 W SIXTH ST,COR
,,19C064476,15:21:03 07/23/19,f,ZZBreathing,1,1224 OLD HICKORY RD,COR
,,19C064478,15:31:13 07/23/19,l,911 Hangup,2,1150 W TENTH ST; CORONA HIGH SCHOOL,COR
,,19C064479,15:46:49 07/23/19,l,Patrol Info,4,1185 MAGNOLIA AVE,COR
,,19C064483,15:52:40 07/23/19,l,Vandalism,3,1130 W SIXTH ST; SUPERIOR MARKET,COR
,,19C064484,16:02:35 07/23/19,f,ZZChest Pains,1,4086 BROTHERTON ST,HGS
,,19C064485,16:05:09 07/23/19,f,ZZDiabetic,1,1932 ELISE CIR,COR
,,19C064486,16:05:46 07/23/19,l,Vandalism,3,N MCKINLEY ST & PROMENADE AVE,COR
,,19C064487,16:06:22 07/23/19,l,Cite Sign Off,4,730 PUBLIC SAFETY WAY;PLOT,COR
,,19C064489,16:14:46 07/23/19,lf,Hot Lock Out,1,480 N MCKINLEY ST,COR
,,19C064490,16:18:29 07/23/19,l,911 Hangup,2,1000 W RINCON ST,COR
,,19C064491,16:19:23 07/23/19,f,ZZFall,1,4270 HORVATH ST # 101,COR
,,19C064492,16:21:04 07/23/19,l,Welfare Check,2,S RAMONA AVE & E FOURTH ST,COR
,,19C064493,16:22:51 07/23/19,l,911 Hangup,2,400 S VICENTIA AVE; CITY HALL,COR
,,19C064494,16:24:42 07/23/19,l,911 Hangup,2,1114 W ONTARIO AVE,COR
,,19C064495,16:27:25 07/23/19,l,Assist Othr Dpt,3,2592 MACBETH AVE; M BEST BALLOONS FOR ALL COR OCCASSIONS,
,,19C064496,16:28:54 07/23/19,f,ZZHeat/Cold Exp,1,3340 JULY DR,HGS
,,19C064498,16:35:11 07/23/19,l,Additional Info,4,1621 WHITEWOOD CT # G; FRONT CNTR,COR
,,19C064499,16:36:07 07/23/19,l,911 Hangup,2,1 MONSTER WAY; MONSTER,COR
,,19C064501,16:43:18 07/23/19,l,Disturb Peace,3,200 N LINCOLN AVE; MOTEL 6,COR
YES,'Location' garbled/scrambled text,19C064502,16:46:31 07/23/19,l,Fraud Past,4,524 HAYES CIR;PD LOBY,COR
,,19C064503,16:50:37 07/23/19,l,Loitering,3,418 E TENTH ST,COR
,,19C064504,16:54:45 07/23/19,l,Court Order Vio,3,1121 W NINTH ST # A,COR
,,19C064505,16:59:54 07/23/19,l,Disturb Peace,3,341 ANDES WAY,COR
,,19C064506,17:07:37 07/23/19,lf,Man Down,1,930 E SIXTH ST; CITY PARK,COR
,,19C064507,17:07:51 07/23/19,l,911 Hangup,2,882 CORSICA DR,COR
,,19C064508,17:07:57 07/23/19,l,Susp Person,3,1601 SAN CLEMENTE LN,COR
,,19C064509,17:09:05 07/23/19,l,Property Check,4,451 N COTA ST; CENTURY BLINDS,COR
,,19C064510,17:12:02 07/23/19,l,911 Hangup,2,1114 W ONTARIO AVE,COR
,,19C064511,17:15:36 07/23/19,l,Alarm Call,2,3035 PALISADES DR; SIDS CARPET BARN INC,COR
,,19C064512,17:16:45 07/23/19,l,Property Check,4,930 E SIXTH ST,COR
,,19C064513,17:18:27 07/23/19,l,Citizen Contact,3,2683 WARDLOW RD; PRESTIGE AUTOS AT CORONA AUTO CENTER,COR
,,19C064515,17:21:11 07/23/19,l,Property Check,4,140 E SIXTH ST,COR
,,19C064517,17:33:30 07/23/19,l,Assist Othr Dpt,3,924 E ONTARIO AVE,COR
,,19C064518,17:37:41 07/23/19,l,Solicitor,3,535 N MCKINLEY ST; VONS,COR
,,19C064519,18:00:16 07/23/19,l,911 Hangup,2,1390 E ONTARIO AVE,COR
,,19C064521,18:07:06 07/23/19,f,ZZSick,1,W SIXTH ST & S SMITH AVE,COR
,,19C064522,18:08:01 07/23/19,l,Drunk In Public,2,111 N LINCOLN AVE; ARCO AM PM,COR
,,19C064523,18:17:34 07/23/19,l,Ped Check,4,2290 GRIFFIN WAY,COR
,,19C064524,18:18:36 07/23/19,l,Area Check,3,CIRCLE CITY DR & HOLIDAY CT,COR
,,19C064525,18:20:04 07/23/19,l,911 Hangup,2,805 S RAMONA AVE,COR
,,19C064526,18:30:14 07/23/19,l,Property Check,4,550 HAMILTON DR; PROMENADE ELEMENTARY SCHOOL,COR
,,19C064527,18:30:38 07/23/19,l,Property Check,4,601 RICHEY ST,COR
,,19C064528,18:31:27 07/23/19,lf,Man Down,1,GREEN RIVER RD & PALISADES DR,COR
,,19C064529,18:41:39 07/23/19,l,Assist Othr Dpt,3,BORDER AVE & W TENTH ST /aco,COR
,,19C064530,18:48:46 07/23/19,lf,Overdose,1,1518 KELLOGG AVE,COR
,,19C064531,18:51:27 07/23/19,l,Alarm Call,2,511 PRINCELAND CT; ADURA LED SOLUTIONS,COR
,,19C064532,18:53:20 07/23/19,l,911 Hangup,2,930 E SIXTH ST,COR
,,19C064533,18:57:48 07/23/19,l,Alarm Call,2,1159 CASPER CIR,COR
,,19C064534,18:57:56 07/23/19,l,Special Detail,4,800 S MAIN ST; CORONA REGIONAL MEDICAL CENTER,COR
,,19C064535,18:59:23 07/23/19,l,Follow Up,4,730 PUBLIC SAFETY WAY; CORONA POLICE,COR
,,19C064536,18:59:36 07/23/19,l,911 Hangup,2,1504 TABER ST,COR
,,19C064538,19:07:02 07/23/19,l,Property Check,4,490 N JOY ST,COR
,,19C064539,19:09:06 07/23/19,l,Stranded Veh,3,MAGNOLIA AVE & RIMPAU AVE,COR
,,19C064540,19:17:09 07/23/19,l,Alarm Call,2,1307 W SIXTH ST # 117; CORONA INJURY CARE,COR
,,19C064541,19:26:56 07/23/19,l,Att Warrant Svc,4,730 PUBLIC SAFETY WAY; CORONA POLICE,COR
,,19C064542,19:31:28 07/23/19,l,Susp Vehicle,3,W FOOTHILL PKWY & HIGHGROVE ST,COR
,,19C064544,19:43:36 07/23/19,l,Auto Theft Rec,4,S LINCOLN AVE & W SIXTH ST,COR
,,19C064545,19:48:22 07/23/19,l,Z-Animal Svcs,4,3510 RAWLEY ST,COR
,,19C064546,19:53:14 07/23/19,l,911 Hangup,2,1400 NICHOLAS PL,COR
,,19C064548,19:56:02 07/23/19,l,Disturb Peace,3,4901 GREEN RIVER RD # 185; TENANTS,COR
,,19C064549,19:59:33 07/23/19,f,ZZCarbon Alarm,2,815 RIVER RD # 102; RIVER RUN APTS; RIVER RUN SR APTS,COR
,,19C064550,20:08:50 07/23/19,l,Traffic Stop,4,RIMPAU AVE & E SIXTH ST,COR
,,19C064551,20:08:59 07/23/19,l,Alarm Call,2,2365 MILLCREEK PL ; APT OFFICE,COR
,,19C064552,20:16:39 07/23/19,lf,Overdose,1,128 JESSICA LN ;ALCOHOL FIRE STAGE,COR
,,19C064553,20:17:31 07/23/19,l,Follow Up,4,340 SHIRLEY LN,NOR
,,19C064554,20:22:13 07/23/19,l,Battery,1,2661 GREEN RIVER RD; RALPHS,COR
,,19C064556,20:32:00 07/23/19,l,Follow Up,4,3570 WAGONER LN,HGS
,,19C064557,20:53:25 07/23/19,l,911 Hangup,2,598 SANTANA WAY; SANTANA PARK,COR
,,19C064558,20:54:49 07/23/19,l,Petty Theft,3,470 HIDDEN VALLEY PKWY; KOHLS,COR
,,19C064560,20:56:05 07/23/19,l,Suspicious Circ,3,4116 HORVATH,COR
,,19C064561,21:06:35 07/23/19,lf,ZZSick,1,1021 S RAMONA AVE; #A,COR
,,19C064562,21:07:52 07/23/19,l,Domestic Distur,2,125 N BUENA VISTA AVE # H,COR
,,19C064563,21:08:19 07/23/19,l,Domestic Distur,2,2125 HIGHPOINTE DR,COR
,,19C064564,21:23:21 07/23/19,l,Accident,2,E ONTARIO AVE & COMPTON AVE,COR
,,19C064566,21:36:03 07/23/19,l,Shoplifting,3,2615 TUSCANY ST; TARGET STORES T1548 AT THE CROSSINGS,COR
,,19C064571,21:59:04 07/23/19,f,ZZFwy Sick,1,15 NB TRANSITION ROAD TO 91 EB,COR
,,19C064572,22:00:02 07/23/19,l,911 Hangup,2,1180 E ONTARIO AVE; JACK IN THE BOX,COR
,,19C064573,22:01:04 07/23/19,l,Welfare Check,2,2650 TUSCANY ST; EDWARDS,COR
,,19C064574,22:02:28 07/23/19,l,Brandish Weapon,1,1180 E ONTARIO AVE; JACK IN THE BOX;417,COR
,,19C064576,22:07:15 07/23/19,f,ZZMedical Alert,1,353 VILLAFRANCA ST,COR
,,19C064577,22:08:04 07/23/19,l,Dist/Verbal,2,2197 STONERIDGE DR # 12,COR
,,19C064578,22:09:11 07/23/19,l,911 Hangup,2,4190 BENNETT AVE; EAGLE GLEN COMMUNITY PARK,COR
,,19C064579,22:12:31 07/23/19,l,Stranded Veh,3,CALIFORNIA AVE & TABER ST,COR
,,19C064583,22:18:37 07/23/19,l,Standby,4,1750 W SIXTH ST,COR
,,19C064586,22:54:58 07/23/19,l,Patrol Info,4,THE CROSSINGS ;23103,COR
,,19C064587,22:56:14 07/23/19,l,Area Check,3,191 N MCKINLEY ST; CHUCK E CHEESE,COR
,,19C064588,23:01:47 07/23/19,l,Property Check,4,418 N MAIN ST,COR
,,19C064589,23:16:30 07/23/19,l,Property Check,4,930 E SIXTH ST; CITY PARK,COR
,,19C064590,23:25:09 07/23/19,l,Property Check,4,1604 FAIRVIEW DR; FAIRVIEW PARK,COR
,,19C064591,23:27:24 07/23/19,l,CMC Violation,4,1155 E ONTARIO AVE; RIMPAU PARK ;NOISE,COR
,,19C064592,23:30:24 07/23/19,l,Disturb Peace,3,1329 W EIGHTH ST,COR
,,19C064594,23:36:18 07/23/19,l,Hit Run No Inj,2,785 HAVENWOOD CT,COR
,,19C064596,23:38:34 07/23/19,l,Alarm Call,2,1150 W TENTH ST; CORONA HIGH SCHOOL,COR
,,19C064597,23:59:02 07/23/19,l,Disturb Peace P,4,100 E HARRISON ST; BOONDOCKS,COR
,,19C064598,00:00:55 07/24/19,f,ZZSick,1,4594 GREEN RIVER RD,COR
,,19C064600,00:32:52 07/24/19,l,911 Hangup,2,3180 FOREST OAKS DR,COR
,,19C064601,00:36:05 07/24/19,l,Property Check,4,2790 CALIFORNIA AVE; BETH SHALOM MESSIANIC JEWISH CONGREGATI,COR
,,19C064602,00:38:39 07/24/19,f,ZZCommrcal Alrm,1,1550 MAGNOLIA AVE; #15 LBA RV COMPANY,COR
,,19C064605,00:46:41 07/24/19,l,Loud Noise,3,2901 VIA MILANO,COR
,,19C064606,00:54:18 07/24/19,f,ZZBreathing,1,759 MEADOWOOD ST # B,COR
,,19C064607,01:06:16 07/24/19,l,Alarm Call,2,399 E HARRISON ST # E; FERMA GROUP,COR
,,19C064608,01:26:51 07/24/19,l,Alarm Call,2,760 N MAIN ST; SMART AND FINAL,COR
,,19C064610,01:36:16 07/24/19,l,Patrol Info,4,13340 LARKHAVEN; MORENO VALLEY,RVC
,,19C064612,01:53:37 07/24/19,l,DV-Assault,1,2310 MESQUITE LN,COR
,,19C064613,02:21:23 07/24/19,lf,Accident Inj,1,RIDGELINE DR & BAYBERRY DR ;veh fire,COR
YES,'Nature' garbled text (embedded symbol),19C064614,02:24:44 07/24/19,f,ZZFaint/Uncons,1,828 W NINTH ST,COR
,,19C064615,02:25:56 07/24/19,l,Disturb Peace,3,111 N LINCOLN AVE; ARCO AM PM,COR
,,19C064616,02:28:53 07/24/19,l,Veh Burg I/P,2,1478 FALCONCREST DR,COR
,,19C064617,02:32:47 07/24/19,l,Alarm Call,2,1150 W TENTH ST; CORONA HIGH SCHOOL,COR
,,19C064620,02:55:54 07/24/19,l,Property Check,4,1750 W SIXTH ST; HARBOR FREIGHT TOOLS 464,COR
,,19C064621,03:27:56 07/24/19,l,Alarm Call,2,1041 FULLERTON AVE; LINCOLN ELEMENTARY,COR
,,19C064622,03:30:10 07/24/19,l,Alarm Call,2,1871 CALIFORNIA AVE; ACTIVE REALTY,COR
,,19C064623,03:32:49 07/24/19,l,Patrol Info,4,GARRETSON AVE & LANCER LN ; power outage,COR
,,19C064624,04:07:19 07/24/19,l,Alarm Call,2,1210 E SIXTH ST # K; BALLZ INC,COR
,,19C064625,04:08:12 07/24/19,lf,Overdose,1,1900 FRONTAGE RD; AYRES SUITES ; #210,COR
,,19C064627,04:22:47 07/24/19,l,Patrol Info,4,419 S HOWARD ST; code 5,COR
,,19C064630,04:29:58 07/24/19,l,Alarm Call,2,1871 CALIFORNIA AVE; ACTIVE REALTY,COR
,,19C064631,04:30:40 07/24/19,l,Property Check,4,185 MAGNOLIA AVE; LEE POLLARD HIGH SCHOOL,COR
,,19C064632,04:40:02 07/24/19,l,Alarm Call,2,1277 W SIXTH ST # F; JUAN POLLO,COR
,,19C064633,04:59:46 07/24/19,l,Alarm Call,2,3940 TEMESCAL CANYON RD ; THE QUIKRET,COR
,,19C064634,05:10:51 07/24/19,f,ZZPublicSrvceF,2,647 LOCUST ST,COR
,,19C064635,05:17:36 07/24/19,l,Property Check,4,4140 TEMESCAL CANYON RD,COR
,,19C064636,05:28:43 07/24/19,l,911 Hangup,2,1776 ALL AMERICAN WAY; ALL AMERICAN ALSPHALT,COR
,,19C064637,05:34:38 07/24/19,l,Patrol Info,4,91 EB 71 SERFAS CLUB AUTO CENTER,CRA
,,19C064638,05:41:04 07/24/19,l,Alarm Call,2,1820 RIMPAU AVE; CENTENNIAL HIGH SCHOOL,COR
,,19C064639,05:45:29 07/24/19,l,Welfare Check,2,1776 ALL AMERICAN WAY; ALL AMERICAN ALSPHALT,COR
,,19C064640,05:46:17 07/24/19,l,911 Hangup,2,977 NICHOLAS PL,COR
,,19C064641,05:51:24 07/24/19,l,Alarm Call,2,210 RADIO RD; EDI MEDIA,COR
,,19C064643,06:21:17 07/24/19,l,Trespass,3,1411 RIMPAU AVE;HOMELESS,COR
,,19C064644,06:27:45 07/24/19,l,Alarm Call,2,399 E HARRISON ST; #E; FURMA CORP,COR
,,19C064645,06:30:19 07/24/19,l,Traffic Stop,4,1500 YORBA ST,COR
,,19C064646,06:41:22 07/24/19,l,Alarm Call,2,3685 GRAND OAKS; ETHAN ALLEN RETAIL INC AT COR THE CROSSINGS,
,,19C064647,06:44:47 07/24/19,l,Traffic Detail,4,PROMENADE AVE & N MCKINLEY ST,COR
,,19C064649,06:48:19 07/24/19,l,Susp Person,3,N MCKINLEY ST & SHOPPING CENTER,COR
,,19C064650,06:52:20 07/24/19,l,Susp Person,3,232 E GRAND BLVD ;HOMELESS,COR
,,19C064651,06:52:37 07/24/19,l,Traffic Stop,4,N LINCOLN AVE & W RINCON ST,COR
,,19C064652,06:57:58 07/24/19,lf,Accident Inj,1,N SMITH AVE & POMONA RD ;TK VS BICYCLE,COR
,,19C064653,06:57:59 07/24/19,l,Welfare Check,2,1701 W SIXTH ST ; ROADWAY INN; #215,COR
,,19C064656,07:02:10 07/24/19,l,Petty Theft P,4,870 ROBLES PL,COR
,,19C064658,07:05:31 07/24/19,l,Surveillance,4,3048 SAGEWOOD LN,COR
,,19C064659,07:11:15 07/24/19,l,Vandalism,3,2275 SAMPSON AVE; 91 EXPRESS LANES AT LOS COR ARCOS,
,,19C064660,07:15:48 07/24/19,f,ZZSick,1,1788 OUTPOST DR,COR
,,19C064661,07:17:41 07/24/19,l,Traffic Stop,4,KLUG CIR & RAILROAD ST,COR
,,19C064663,07:21:21 07/24/19,l,Trespass,3,1453 W SIXTH ST # 101; CORONA SMOG AND LUBE,COR
,,19C064665,07:41:15 07/24/19,l,Traffic Stop,4,JENKS CIR & RAILROAD ST,COR
,,19C064667,07:42:42 07/24/19,l,Reckless Driver,3,GREEN RIVER RD & 91 WB ON RAMP,COR
,,19C064668,07:53:21 07/24/19,l,Disturb Peace,3,815 W SIXTH ST ; OLD CIVIC CENTER; HOMELESS,COR
,,19C064669,07:55:47 07/24/19,l,Traffic Stop,4,N LINCOLN AVE & PLACID DR,COR
,,19C064670,08:00:22 07/24/19,l,Disturb Peace,3,784 N MAIN ST; JACK IN THE BOX,COR
,,19C064671,08:02:15 07/24/19,l,Welfare Check,2,3490 BELVEDERE WAY; 911 HANGUP,COR
,,19C064672,08:05:39 07/24/19,l,Alarm Call,2,510 W SECOND ST; RIVER SPRINGS CHARTER SCHOOL; GLASS BREAK,COR
,,19C064673,08:12:12 07/24/19,l,Traffic Stop,4,W SIXTH ST & AVENIDA DEL VISTA,COR
,,19C064674,08:12:39 07/24/19,l,Traffic Stop,4,W SIXTH ST & AVENIDA DEL VISTA,COR
,,19C064675,08:31:15 07/24/19,l,911 Hangup,2,210 N SMITH AVE; SPECIALTY TOWING INC,COR
,,19C064676,08:40:45 07/24/19,l,Ill Parked Veh,4,2030 KELLOGG AVE,COR
,,19C064677,08:47:39 07/24/19,l,Fraud Past,4,1725 W ONTARIO AVE; LL CONT,COR
,,19C064678,08:51:27 07/24/19,l,DV-Assault,1,2732 RIDGELINE DR # 107,COR
,,19C064679,08:51:41 07/24/19,f,ZZSick,1,978 REDWOOD CT,COR
,,19C064681,09:02:27 07/24/19,l,Property Check,4,617 S MAIN ST,COR
,,19C064683,09:05:15 07/24/19,l,911 Hangup,2,2036 RIVER RD,COR
,,19C064684,09:15:59 07/24/19,l,Additional Info,4,730 PUBLIC SAFETY WAY; CORONA POLICE; ;FOR COR 112,
,,19C064685,09:18:18 07/24/19,l,Property Check,4,930 E SIXTH ST,COR
,,19C064687,09:25:15 07/24/19,l,Cross Report,2,730 PUBLIC SAFETY WAY; UNK ADDRS IN CITY,COR
,,19C064688,09:34:45 07/24/19,l,Alarm Call,2,1165 MILLBROOK RD,COR
,,19C064690,09:47:32 07/24/19,l,Ill Parked Veh,4,178 GRAPEVINE DR; SUDS AND SUCH BY CHRISTINE,COR
,,19C064691,09:48:13 07/24/19,l,Petty Theft,3,1635 KELLOGG AVE; KELLOGG PARK; CITY PROP,COR
,,19C064692,09:49:41 07/24/19,l,Panhand/Solicit,3,700 W SIXTH ST; 7 11 STORE CENTRAL,COR
,,19C064693,09:50:02 07/24/19,f,ZZSick,1,730 PUBLIC SAFETY WAY; CORONA POLICE,COR
,,19C064694,09:50:12 07/24/19,f,ZZCarbon Alarm,2,4460 OWENS ST # 101,COR
,,19C064695,09:51:21 07/24/19,l,Accident,2,GRAND OAKS & CAJALCO RD,COR
,,19C064697,09:57:23 07/24/19,l,Property Check,4,161 N MCKINLEY ST # 101; TACO SHOP,COR
,,19C064698,09:59:00 07/24/19,l,Property Check,4,191 N MCKINLEY ST; CHUCK E CHEESE,COR
,,19C064699,10:02:14 07/24/19,l,Follow Up,4,3777 BEDFORD CANYON RD; CFD 7,COR
,,19C064700,10:02:32 07/24/19,l,Property Check,4,2290 GRIFFIN WAY; COUNTRY SIDE CAR WASH AT COUNTRYSIDE CENTE,COR
,,19C064701,10:04:04 07/24/19,l,Reckless Driver,3,S MAIN ST & E ONTARIO AVE,COR
,,19C064703,10:04:29 07/24/19,l,Resid Burg Past,4,680 N LAKESIDE PL # 307; ATTEMPT LL CONT,COR
,,19C064704,10:05:45 07/24/19,l,911 Hangup,2,881 CORSICA DR;PHASE 1,COR
,,19C064705,10:06:15 07/24/19,l,Drunk In Public,2,E SIXTH ST & RIMPAU AVE ;W KNIFE SUSP 97,COR
,,19C064707,10:09:57 07/24/19,l,Petty Theft P,4,405 E SIXTH ST; RAJ SERVICE,COR
,,19C064708,10:14:53 07/24/19,l,Alarm Call,2,625 W GRAND BLVD; PATZIS BEAUTY SALON,COR
,,19C064709,10:16:05 07/24/19,l,911 Hangup,2,2189 SAMPSON AVE,COR
,,19C064711,10:18:49 07/24/19,l,Additional Info,4,190 BUSINESS CENTER DR; #A; DYNO TECH DENTAL LABORATORY INC,COR
,,19C064712,10:18:55 07/24/19,l,Disturb Peace,3,624 W SIXTH ST; USA GAS RF 2 LV,COR
,,19C064713,10:19:26 07/24/19,l,911 Hangup,2,2189 SAMPSON AVE,COR
,,19C064716,10:27:20 07/24/19,l,Petty Theft P,4,2356 TALBOT CIR; LL CONT,COR
,,19C064719,10:42:31 07/24/19,l,Fraud Past,4,S LINCOLN AVE & D ST; LL CONT,COR
,,19C064722,11:01:15 07/24/19,l,Auto Theft Past,3,1142 PLACID DR,COR
,,19C064723,11:02:44 07/24/19,l,Property Check,4,1886 BUTTERFIELD DR; BUTTERFIELD PARK,COR
,,19C064724,11:04:37 07/24/19,l,Hit Run No Inj,2,1375 E ONTARIO AVE; SAMS CLUB 4709 AT SOUTH POINTE PLAZA,COR
,,19C064725,11:06:06 07/24/19,f,ZZSick,1,1700 W SIXTH ST; TOYOTA DEALERSHIP,COR
,,19C064726,11:11:22 07/24/19,l,911 Hangup,2,1250 CORONA POINTE CT,COR
,,19C064728,11:12:07 07/24/19,l,911 Hangup,2,1250 CORONA POINTE CT,COR
,,19C064729,11:14:33 07/24/19,l,911 Hangup,2,209 E BLAINE ST,COR
,,19C064731,11:16:26 07/24/19,f,ZZChest Pains,1,4180 GREEN RIVER RD ;ST CHRISTOPHER Adult day care,COR
,,19C064734,11:25:19 07/24/19,l,Property Check,4,2125 STAGECOACH DR; STAGECOACH PARK,COR
,,19C064735,11:30:03 07/24/19,l,Property Check,4,1604 FAIRVIEW DR; FAIRVIEW PARK,COR
,,19C064736,11:35:19 07/24/19,l,Traffic Stop,4,FAIRMONT DR & VIA PACIFICA,COR
,,19C064737,11:40:54 07/24/19,l,Cite Sign Off,4,730 PUBLIC SAFETY WAY; CORONA POLICE,COR
,,19C064738,11:50:49 07/24/19,f,ZZ Fire Test,2,1400 CIRCLE CITY DR; CORONA RESIDENTIAL CARE CENTER LLC,COR
,,19C064739,11:53:29 07/24/19,l,911 Hangup,2,134 N SHERMAN AVE; PHASE 2,COR
,,19C064740,11:53:59 07/24/19,l,Panhand/Solicit,3,725 S MAIN ST; 99 CENT STORE,COR
,,19C064741,11:54:29 07/24/19,l,Accident,2,GRAND OAKS & CAJALCO RD,COR
,,19C064742,11:56:34 07/24/19,f,ZZSick,1,1400 CIRCLE CITY DR; CORONA,COR
,,19C064743,11:57:11 07/24/19,l,Traffic Stop,4,E SIXTH ST & E GRAND BLVD,COR
,,19C064744,11:59:41 07/24/19,l,Area Check,3,E GRAND BLVD & N VICTORIA AVE; POSS 242DV,COR
,,19C064745,12:00:09 07/24/19,l,911 Hangup,2,2045 COMPTON AVE,COR
,,19C064746,12:03:35 07/24/19,l,Panhand/Solicit,3,700 W SIXTH ST; 7 11 STORE CENTRAL,COR
,,19C064747,12:06:25 07/24/19,l,Susp Person,3,2125 STAGECOACH DR; STAGECOACH PARK,COR
,,19C064748,12:09:14 07/24/19,l,Auto Theft Rec,4,901 W SIXTH ST; 19-07291,COR
,,19C064749,12:30:11 07/24/19,l,911 Hangup,2,1385 PICO ST; PACIFIC SALES,COR
,,19C064750,12:30:20 07/24/19,l,Ill Parked Veh,4,700 LA LOMA LN,COR
,,19C064751,12:43:37 07/24/19,l,Susp Vehicle,3,VIOLET ST & POMONA RD,COR
,,19C064752,12:46:03 07/24/19,l,Annoying Calls,3,564 MONDALE ST; LL CONT,COR
,,19C064753,12:50:07 07/24/19,l,911 Hangup,2,225 AIRPORT CIR,COR
,,19C064754,12:50:29 07/24/19,l,Alarm Call,2,2270 AVENIDA DEL VISTA,COR
,,19C064755,12:50:30 07/24/19,l,Ill Parked Veh,4,404 WINSLOW DR,COR
,,19C064756,12:53:55 07/24/19,lf,Accident Inj,1,420 S LINCOLN AVE; NATIONAL INN,COR
,,19C064757,12:55:47 07/24/19,l,911 Hangup,2,2585 S MAIN ST,COR
,,19C064758,12:55:51 07/24/19,f,ZZSeizure,1,775 TRADEMARK CIR; ABILITY COUNTS INC,COR
YES,'Nature' garbled text (embedded symbol),19C064760,13:01:47 07/24/19,f,ZZFaint/Uncons,1,650 S MAIN ST; CITY LIBRARY,COR
,,19C064761,13:02:23 07/24/19,l,911 Hangup,2,2585 S MAIN ST,COR
,,19C064763,13:05:12 07/24/19,l,Runaway,3,713 W SIXTH ST ;LL CONT,COR
,,19C064764,13:07:36 07/24/19,l,Assist Othr Dpt,3,963 WHEATON DR; LONG BCH PD,COR
,,19C064766,13:09:33 07/24/19,f,ZZResdntal Alr,1,7261 WHISKEY CREEK CIR,ELC
,,19C064767,13:13:23 07/24/19,l,Citizen Contact,3,801 MAGNOLIA AVE # 324; LL CONT,COR
,,19C064768,13:13:52 07/24/19,lf,ZZLight Rescue,1,1467 DAVRIL CIR; FOLDEDCOLOR PACKAGING,COR
,,19C064769,13:16:14 07/24/19,f,ZZTrauma,1,1467 DAVRIL CIR; FOLDEDCOLOR PACKAGING,COR
,,19C064770,13:16:51 07/24/19,l,Lewd Conduct,2,4718 GREEN RIVER RD # B; TACO BELL,COR
,,19C064772,13:19:31 07/24/19,l,Disturb Peace,2,369 MAGNOLIA AVE; US BANK INSIDE VONS,COR
,,19C064773,13:19:41 07/24/19,l,Court Order Vio,2,2125 VALOR CIR ; 415 VER,COR
,,19C064774,13:20:16 07/24/19,l,911 Hangup,2,400 S VICENTIA AVE,COR
,,19C064776,13:29:02 07/24/19,l,Ill Parked Veh,4,2240 LONE TREE ST,COR
,,19C064778,13:34:21 07/24/19,l,911 Hangup,2,881 CORSICA DR; PHASE 1,COR
,,19C064779,13:37:21 07/24/19,l,Susp Person,3,1322 W SIXTH ST; CVS PHARMACY 6TH AND SHERMAN,COR
,,19C064781,13:39:00 07/24/19,l,Cite Sign Off,4,730 PUBLIC SAFETY WAY; PD LOBBY,COR
,,19C064783,13:44:24 07/24/19,l,Disturb Peace,3,1611 SAN ALMADA RD,COR
,,19C064784,13:44:30 07/24/19,l,Susp Person,3,LA VISTA AVE & PROMENADE AVE,COR
,,19C064785,13:47:02 07/24/19,l,Susp Person,3,309 S MAIN ST; CHEVRON GAS,COR
,,19C064787,13:53:04 07/24/19,l,Alarm Call,2,1010 REDWOOD CT,COR
,,19C064788,13:54:51 07/24/19,l,Fraud Past,4,1889 CHESAPEAKE WAY;FRONT COUNTER,COR
,,19C064791,13:59:46 07/24/19,f,ZZStroke,1,730 MAGNOLIA AVE; CORONA REGIONAL MEDICAL CENTER,COR
,,19C064793,14:00:44 07/24/19,l,Mail Theft,2,1692 CAMINO LARGO ST,COR
,,19C064794,14:03:50 07/24/19,l,911 Hangup,2,1717 VIA DEL RIO,COR
,,19C064795,14:05:38 07/24/19,l,Cite Sign Off,4,730 PUBLIC SAFETY WAY; OUTSIDE PD,COR
,,19C064798,14:09:43 07/24/19,l,911 Hangup,2,730 PUBLIC SAFETY WAY,COR
,,19C064799,14:09:49 07/24/19,l,Found Property,4,2493 POMONA RD; PD RECORDS,COR
,,19C064800,14:15:52 07/24/19,l,Auto Theft,2,W EIGHTH ST & S BUENA VISTA AVE,COR
,,19C064801,14:40:41 07/24/19,f,ZZFall,1,480 N MCKINLEY ST,COR
,,19C064804,14:48:21 07/24/19,l,Dom Disturb P,3,1068 GENTLE DR ; LL CONT,COR
,,19C064805,14:49:49 07/24/19,lf,Cardiac Arrest,1,423 W OLIVE ST,COR
,,19C064806,14:59:22 07/24/19,f,ZZDiabetic,1,1128 HARRIS ST,COR
,,19C064808,15:03:18 07/24/19,l,Cite Sign Off,4,730 PUBLIC SAFETY WAY,COR
,,19C064811,15:12:52 07/24/19,l,911 Hangup,2,1296 MAGNOLIA AVE,COR
YES,'Location' garbled/scrambled text,19C064813,15:13:51 07/24/19,l,Alarm Call,2,1575 LIBERTY DR;SINGH RESD,COR
,,19C064814,15:15:09 07/24/19,l,Assist Othr Dpt,3,1420 AVENIDA DEL VISTA,COR
,,19C064815,15:15:35 07/24/19,l,Property Check,4,116 E FRANCIS ST,COR
,,19C064816,15:18:01 07/24/19,f,ZZSeizure,1,659 W MONTEREY RD,COR
,,19C064817,15:20:33 07/24/19,l,Citizen Contact,3,730 PUBLIC SAFETY WAY; PD LOBBY,COR
,,19C064818,15:22:16 07/24/19,l,911 Hangup,2,400 S VICENTIA AVE,COR
,,19C064819,15:24:50 07/24/19,l,Disturb Peace,2,1566 BEACON RIDGE WAY,COR
,,19C064820,15:25:49 07/24/19,l,Dist/Verbal,2,2215 E LAKESIDE PL;DEERWOODS; OFFICE,COR
,,19C064821,15:26:24 07/24/19,f,ZZFall,1,1918 FULLERTON AVE # 107,COR
,,19C064824,15:35:20 07/24/19,l,Petty Theft,3,1355 E ONTARIO AVE; HOME DEPOT,COR
,,19C064825,15:38:08 07/24/19,l,Traffic Stop,4,GARRETSON AVE & E GRAND BLVD,COR
,,19C064826,15:38:39 07/24/19,l,911 Hangup,2,MALLOY CT & N COTA ST,COR
,,19C064827,15:39:35 07/24/19,l,Ill Parked Veh,4,LA PALMA CIR & CEDAR GLEN DR,COR
,,19C064829,15:44:00 07/24/19,l,911 Hangup,2,1506 MARIE ST,COR
,,19C064830,15:44:27 07/24/19,l,Additional Info,4,E SIXTH ST & CARDIFF ST,COR
,,19C064835,15:52:29 07/24/19,l,911 Hangup,2,881 CORSICA DR,COR
,,19C064838,15:56:03 07/24/19,l,Patrol Info,4,310 S LINCOLN AVE; MCDONALDS,COR
,,19C064839,15:59:06 07/24/19,l,Accident,2,N MAIN ST & E GRAND BLVD,COR
,,19C064840,16:02:08 07/24/19,l,Annoying Calls,3,1104 SHADY MILL RD,COR
,,19C064841,16:02:58 07/24/19,lf,Accident Unknwn,1,E GRAND BLVD & N VICTORIA AVE,COR
,,19C064845,16:08:14 07/24/19,f,ZZFwy VegFireH,1,71 NB FROM 91 EB EUCLID,RVC
,,19C064847,16:13:37 07/24/19,f,ZZFwy VegFireH,1,71 SB FROM EUCLID 91 EB,RVC
,,19C064848,16:14:11 07/24/19,f,ZZFwy VegFireH,1,71 NB FROM 91 EB EUCLID,RVC
,,19C064852,16:20:58 07/24/19,f,ZZSeizure,1,15 SB OFF RAMP & E ONTARIO AVE,COR
,,19C064853,16:24:49 07/24/19,f,ZZDiabetic,1,1825 HIDEAWAY PL # 101,COR
,,19C064854,16:27:55 07/24/19,l,Fraud Past,4,813 FORD ST;FRONT COUNTER SPANISH SPKR,COR
YES,'Nature' garbled text (embedded symbol),19C064855,16:32:57 07/24/19,f,ZZFaint/Uncons,1,1430 E SIXTH ST;six-pac recycling,COR
,,19C064857,16:37:28 07/24/19,f,ZZSick,1,925 WINDY RIDGE DR,COR
,,19C064858,16:40:53 07/24/19,l,Alarm Call,2,1147 E SIXTH ST; USFS FOREST SERVICE,COR
,,19C064859,16:41:45 07/24/19,l,Vehicle Check,4,900 N VICENTIA AVE,COR
,,19C064861,16:42:23 07/24/19,l,Silent Comm 211,1,357 N SHERIDAN ST # 106; TC BMW,COR
,,19C064865,16:48:44 07/24/19,l,Citizen Contact,3,730 PUBLIC SAFETY WAY; CORONA POLICE,COR
,,19C064866,16:57:04 07/24/19,l,Stranded Veh,3,W SIXTH ST & S LINCOLN AVE,COR
,,19C064867,16:58:30 07/24/19,l,Susp Vehicle,3,2139 ELLINGTON DR,NOR
,,19C064868,17:02:08 07/24/19,l,Susp Vehicle,3,2134 ELLINGTON DR,COR
,,19C064869,17:08:00 07/24/19,l,Loud Noise,3,FAIRGLEN PL & PARKGATE,COR
,,19C064872,17:15:46 07/24/19,f,ZZFall,1,2300 S MAIN ST; VALENCIA TERRACE,COR
,,19C064875,17:18:09 07/24/19,l,911 Hangup,2,210 N SMITH AVE; PHASE 2,COR
,,19C064876,17:19:10 07/24/19,l,Dist/Verbal,2,469 MAGNOLIA AVE; DOMINOS PIZZA,COR
,,19C064879,17:25:04 07/24/19,l,Susp Vehicle,3,3915 GREEN RIVER RD; CUBE SMART STORAGE; REF VEGH,COR
,,19C064880,17:27:54 07/24/19,l,Patrol Info,4,2178 STONERIDGE RD; ASHTON APTS,COR
,,19C064881,17:28:56 07/24/19,f,ZZSick,1,1180 W SIXTH ST; #101 DAVITA DIALYSIS,COR
,,19C064883,17:31:14 07/24/19,l,Susp Person,3,925 CEDAR ST;LL CONT,COR
YES,'Nature' garbled/scrambled text,19C064884,17:32:16 07/24/19,f,ZZFwy Acc w/inj,1,91 EB MAIN MCKINLEY,COR
,,19C064885,17:33:44 07/24/19,l,Alarm Call,2,809 E PARKRIDGE AVE; QUALITY PLUS INS,COR
,,19C064889,17:44:16 07/24/19,l,911 Hangup,2,881 CORSICA DR,COR
,,19C064890,17:44:47 07/24/19,l,Patrol Info,4,511 RAILROAD ST,COR
,,19C064891,17:46:14 07/24/19,l,Alarm Call,2,511 RAILROAD ST; AIRGAS,COR
,,19C064896,18:13:17 07/24/19,l,H&S Violation,3,650 EBBCREEK ST,COR
,,19C064897,18:15:04 07/24/19,l,Fraud Past,4,331 W RINCON ST ; 3-116; LL CONT,COR
,,19C064898,18:18:28 07/24/19,l,Patrol Info,4,CALIFORNIA AVE & MASTERS DR,COR
,,19C064899,18:25:20 07/24/19,f,ZZSick,1,3555 GRAND OAKS; CHICK FIL A,COR
,,19C064900,18:26:57 07/24/19,l,Accident,2,CAJALCO RD & 15 NB OFF RAMP,COR
,,19C064901,18:27:38 07/24/19,l,Dist/Physical,1,S MAIN ST & W SIXTH ST,COR
,,19C064903,18:29:27 07/24/19,l,Annoying Calls,3,1433 POCHARD CIR,COR
,,19C064905,18:34:05 07/24/19,l,Welfare Check,2,846 MONARCH DR,COR
,,19C064906,18:34:20 07/24/19,l,Property Check,4,891 POINTE VISTA CIR,COR
,,19C064907,18:34:21 07/24/19,l,Alarm Call,2,2159 EUREKA ST,COR
,,19C064908,18:34:23 07/24/19,l,Petty Theft P,4,1285 MAGNOLIA AVE; LOWES LL CONT,COR
,,19C064909,18:35:03 07/24/19,l,Property Check,4,418 N MAIN ST,COR
,,19C064910,18:37:43 07/24/19,l,Alarm Call,2,1880 HILLTOP CIR,COR
,,19C064911,18:42:25 07/24/19,l,H&S Violation,3,402 CORONA MALL; HUNNYS RESTAURANTS INC AT CORONA MALL,COR
,,19C064912,18:43:08 07/24/19,l,Silent Comm 211,1,536 QUEENSLAND CIR # 9; OPTION CARE,COR
,,19C064914,19:00:47 07/24/19,l,Hazard,3,E ONTARIO AVE & COMPTON AVE,COR
,,19C064915,19:04:34 07/24/19,l,Property Check,4,900 W SIXTH ST,COR
,,19C064916,19:07:38 07/24/19,l,Susp Vehicle,3,215 S SHERMAN AVE,COR
,,19C064919,19:11:54 07/24/19,f,ZZAllergies,1,737 MAGNOLIA AVE; BROOKDALE,COR
,,19C064921,19:14:44 07/24/19,l,Petty Theft P,4,479 N MCKINLEY ST; WALMART,COR
,,19C064922,19:16:22 07/24/19,l,911 Hangup,2,1150 W TENTH ST; CORONA HIGH SCHOOL,COR
,,19C064923,19:17:11 07/24/19,l,Disturb Peace,3,1330 W SIXTH ST; MICHELLES,COR
,,19C064925,19:18:45 07/24/19,l,Alarm Call,2,536 QUEENSLAND CIR # 9; OPTION CARE,COR
,,19C064926,19:20:31 07/24/19,l,Area Check,3,N MCKINLEY ST & MAGNOLIA AVE,COR
,,19C064927,19:25:47 07/24/19,l,Keep The Peace,3,3755 SUMMIT VIEW CT,COR
,,19C064929,19:28:01 07/24/19,l,911 Hangup,2,861 W CRESTVIEW ST,COR
,,19C064930,19:31:12 07/24/19,l,911 Hangup,2,598 SANTANA WAY; SANTANA PARK,COR
,,19C064931,19:33:58 07/24/19,l,Welfare Check,2,1346 WIGEON DR,COR
,,19C064932,19:35:38 07/24/19,l,Susp Vehicle,3,GARRETSON AVE & MOUNT VERNON WAY,COR
,,19C064933,19:35:40 07/24/19,l,Alarm Call,2,399 E HARRISON ST # E; FERMA GROUP,COR
,,19C064934,19:39:49 07/24/19,l,911 Hangup,2,730 PUBLIC SAFETY WAY; CORONA POLICE,COR
,,19C064935,19:40:15 07/24/19,l,Property Check,4,1238 CARBIDE DR,COR
,,19C064937,19:42:27 07/24/19,l,Petty Theft P,4,2615 TUSCANY ST; TARGET STORES T1548 AT THE CROSSINGS,COR
,,19C064939,19:53:20 07/24/19,lf,Man Down,1,319 W SIXTH ST; COWGIRL CHEER,COR
,,19C064940,19:54:55 07/24/19,l,Trespass,3,2125 STAGECOACH DR; STAGECOACH PARK SUSPP,COR
,,19C064941,19:58:13 07/24/19,l,Follow Up,4,2616 HUDSON AVE,COR
,,19C064942,19:58:57 07/24/19,l,911 Hangup,2,819 S VICTORIA AVE,COR
,,19C064947,20:12:38 07/24/19,l,Area Check,3,1260 E ONTARIO AVE; ALBERTSONS,COR
,,19C064948,20:12:53 07/24/19,l,Alarm Call,2,290 N SMITH AVE;CALIFORNIA TOOL & WELDING,COR
,,19C064950,20:18:51 07/24/19,l,Traffic Stop,4,N SMITH AVE & RAILROAD ST,COR
,,19C064951,20:23:54 07/24/19,l,Vehicle Check,4,1646 DAWNRIDGE; BRENTWOOD PARK,COR
,,19C064952,20:28:01 07/24/19,l,Area Check,3,2685 TWINLEAF LN,COR
,,19C064953,20:29:21 07/24/19,l,Drunk In Public,2,LAS MERCEDES LN & STEVEN DR,COR
,,19C064954,20:31:15 07/24/19,l,Patrol Info,4,1325 AGNES ST,COR
,,19C064956,20:32:54 07/24/19,l,Dist/Verbal,2,1265 BLOSSOM HILL DR,COR
,,19C064959,20:43:07 07/24/19,l,Susp Vehicle,3,2331 KELLOGG AVE # A; CROSSROADS CHURCH,COR
,,19C064960,20:44:16 07/24/19,l,Area Check,3,469 MAGNOLIA AVE # 110; STARBUCKS,COR
,,19C064961,20:44:19 07/24/19,l,911 Hangup,2,1650 S BUENA VISTA AVE,COR
,,19C064962,20:45:50 07/24/19,l,Alarm Call,2,1690 W SIXTH ST;CENTRAL OCCUPATIONAL MEDICINE,COR
,,19C064963,20:47:56 07/24/19,l,Property Check,4,1299 E ONTARIO AVE; CVS PHARMACY 9190 AT CORONA ORCHARD,COR
,,19C064965,20:53:00 07/24/19,l,Under Influence,2,N MAIN ST & E GRAND BLVD,COR
,,19C064966,20:53:12 07/24/19,f,ZZPublicSrvceF,2,623 SHENANDOAH RD,COR
,,19C064967,20:56:08 07/24/19,l,911 Hangup,2,2585 S MAIN ST,COR
,,19C064968,20:58:08 07/24/19,l,911 Hangup,2,2587 S MAIN ST,COR
,,19C064969,20:59:03 07/24/19,l,Susp Vehicle,3,312 E NINTH ST; VICTORIA PARK,COR
,,19C064972,21:04:09 07/24/19,l,911 Hangup,2,995 POMONA RD,COR
,,19C064973,21:06:31 07/24/19,l,H/R Inj Past,3,S LINCOLN AVE & W OLIVE ST;COMP OF PAIN,COR
,,19C064975,21:17:19 07/24/19,f,ZZAbdominalPain,1,3457 BRIARVALE ST,HGS
,,19C064977,21:18:47 07/24/19,l,Hazard,3,TABER ST & SANTANA WAY,COR
,,19C064978,21:30:10 07/24/19,l,Silent Comm 211,1,1500 W SIXTH ST; T MOBILE AT CROWN WESTEND PLAZA,COR
,,19C064979,21:38:13 07/24/19,l,Susp Vehicle,3,792 MORITA DR,COR
,,19C064981,21:51:43 07/24/19,l,Runaway Return,3,713 W SIXTH ST;11550,COR
,,19C064982,21:55:43 07/24/19,l,Auto Theft Past,3,2651 MISTY MOUNTAIN DR,COR
,,19C064983,22:00:40 07/24/19,f,ZZBreathing,1,532 BROOKHAVEN DR,COR
,,19C064984,22:09:23 07/24/19,l,Alarm Call,2,1183 POLARIS DR,COR
,,19C064985,22:12:39 07/24/19,l,911 Hangup,2,730 VIA DE LUNA;ABAN PHS1,COR
,,19C064987,22:17:35 07/24/19,l,Property Check,4,470 HIDDEN VALLEY PKWY; KOHLS,COR
,,19C064988,22:34:04 07/24/19,l,Citizen Contact,3,1551 DOMINGUEZ RANCH RD;LL CONT,COR
,,19C064990,22:35:48 07/24/19,l,Court Order Vio,3,11524 NORGATE CIR,COR
,,19C064991,22:39:44 07/24/19,l,911 Hangup,2,3100 S MAIN ST; MOUNTAINGATE PARK,COR
,,19C064992,22:50:03 07/24/19,l,Assist Othr Dpt,3,691 COLONIAL DR;ACO,CRA
,,19C064993,22:51:28 07/24/19,l,Comm Burg I/P,2,1837 CALIFORNIA AVE; WIRELESS INFRASTRUCTURE SERVICES,COR
,,19C064994,22:58:57 07/24/19,l,Alarm Call,2,1820 RIMPAU AVE; CENTENNIAL HIGH SCHOOL,COR
,,19C064995,23:01:03 07/24/19,l,Alarm Call,2,1128 SHERBORN ST; IMPERIAL MFG,COR
,,19C064997,23:02:38 07/24/19,l,Alarm Call,2,4264 GREEN RIVER RD ; #102 WEST CORONA DENTISTRY,COR
,,19C064998,23:08:44 07/24/19,l,Alarm Call,2,450 HIDDEN VALLEY PKWY; CHICK FIL A,COR
,,19C064999,23:09:09 07/24/19,lf,Unknown Fire,1,19900 EAGLE CANYON RD,RVC
,,19C065002,23:26:20 07/24/19,l,Standby,4,4287 ALTIVO LN ;DWP,COR
,,19C065003,23:31:30 07/24/19,l,Petty Theft P,4,1050 FLAMING GORGE RD,COR
,,19C065005,23:43:38 07/24/19,l,Traffic Stop,4,ESTELLE ST & GRANT ST,HGS
,,19C065006,23:46:03 07/24/19,lf,Vegetation High,1,9000 CAJALCO RD,RVC
,,19C065007,23:50:04 07/24/19,l,Man With A Gun,1,1432 W SIXTH ST; CREST MOTEL,COR
,,19C065008,00:09:22 07/25/19,l,Property Check,4,3777 BEDFORD CANYON RD; CFD 7,COR
,,19C065009,00:23:26 07/25/19,l,Alarm Call,2,1150 W TENTH ST; CORONA HIGH SCHOOL,COR
,,19C065011,00:35:58 07/25/19,l,Property Check,4,130 W FOOTHILL PKWY; CHEVRON GAS,COR
,,19C065012,00:42:03 07/25/19,l,Property Check,4,1550 E ONTARIO AVE; SHELL GAS,COR
,,19C065013,00:45:06 07/25/19,l,Comm Burg I/P,2,421 W SIXTH ST ;SC COLLISION & REPAIR,COR
,,19C065014,00:55:41 07/25/19,l,Property Check,4,1234 E ONTARIO AVE,COR
,,19C065015,00:57:12 07/25/19,l,Susp Vehicle,3,705 N MAIN ST # 110; CHUZE FITNESS,COR
,,19C065016,00:57:59 07/25/19,l,Dist/Verbal,2,1545 PLAZA DE NOCHE,COR
,,19C065017,01:32:39 07/25/19,l,Alarm Call,2,1150 W TENTH ST; CORONA HIGH SCHOOL,COR
,,19C065018,02:10:14 07/25/19,l,Property Check,4,185 MAGNOLIA AVE; LEE POLLARD HIGH SCHOOL,COR
,,19C065019,02:35:31 07/25/19,l,Susp Person,3,705 N MAIN ST # 110; CHUZE FITNESS,COR
,,19C065020,02:46:57 07/25/19,f,ZZDiabetic,1,705 N MAIN ST # 110; CHUZE FITNESS,COR
,,19C065022,03:14:14 07/25/19,f,ZZBreathing,1,1229 KELLEY AVE,COR
,,19C065023,03:32:12 07/25/19,l,Vehicle Check,4,W RINCON ST & N COTA ST,COR
,,19C065025,04:17:55 07/25/19,f,ZZBreathing,1,2110 HIGHPOINTE DR # 104,COR
,,19C065028,04:25:59 07/25/19,l,Assault Wpn P,2,516 E SIXTH ST; INLAND JANITOR SUPPLY INC,COR
,,19C065029,04:28:05 07/25/19,l,Alarm Call,2,2850 MIRA VISTA CT,COR
,,19C065030,04:31:27 07/25/19,l,Alarm Call,2,1475 SAMPSON AVE; BUDD VAN LINES INC,COR
,,19C065031,04:34:32 07/25/19,l,Alarm Call,2,361 CORPORATE TERRACE CIR; PARTNER ENGINEERING AND SCIENCE,COR
,,19C065032,04:46:01 07/25/19,lf,Structure Fire,1,MAGNOLIA AVE & S NEECE ST,COR
,,19C065033,04:47:11 07/25/19,f,ZZChest Pains,1,1812 BUTTERNUT ST,COR
,,19C065035,04:53:23 07/25/19,lf,Vegetation High,1,13800 MAGNOLIA AVE,COR
,,19C065036,04:54:50 07/25/19,f,ZZBreathing,1,1407 GARRETSON AVE,COR
,,19C065040,05:06:06 07/25/19,f,ZZFwy Heavy Res,1,91 WB MCKINLEY MAIN,COR
,,19C065041,05:59:30 07/25/19,l,Z-Animal Svcs,4,250 E BLAINE ST; METRO LINK,COR
,,19C065042,06:06:40 07/25/19,l,Loud Noise,3,1820 RIMPAU AVE; CENTENNIAL HIGH SCHOOL,COR
,,19C065043,06:10:36 07/25/19,l,Traffic Stop,4,E GRAND BLVD & E SIXTH ST,COR
,,19C065044,06:26:30 07/25/19,l,Traffic Stop,4,MASTERS DR & MORALES WAY,COR
,,19C065045,06:28:13 07/25/19,l,Hazard,3,TEMESCAL CANYON RD & DOS LAGOS DR,COR
,,19C065046,06:29:21 07/25/19,l,Disturb Peace,3,800 S MAIN ST; REF 2 LV,COR
,,19C065047,06:33:32 07/25/19,l,Alarm Call,2,311 BONNIE CIR; AEF CORONA,COR
,,19C065050,06:39:19 07/25/19,l,Traffic Detail,4,MASTERS DR & BENNETT AVE,COR
,,19C065051,06:40:49 07/25/19,l,Traffic Detail,4,3900 VIA MIGUEL ST,COR
,,19C065052,06:46:14 07/25/19,l,Alarm Call,2,1475 SAMPSON AVE; BUDD VAN LINES INC; BUDD VAN LINES,COR
,,19C065053,06:48:34 07/25/19,l,Alarm Call,2,1950 COMPTON AVE # 105; 2 TAC CORPORATION,COR
,,19C065054,06:51:12 07/25/19,l,911 Hangup,2,768 LA TIERRA ST,COR
,,19C065056,06:55:30 07/25/19,f,ZZCommrcal Alrm,1,1701 N DELILAH ST; HYDE AND HYDE INC,COR
,,19C065057,06:55:43 07/25/19,l,Alarm Call,2,2850 MIRA VISTA CT,COR
,,19C065058,06:57:47 07/25/19,l,Lewd Cond Past,3,1062 BORDER AVE;LL CONT PRIOR,COR
,,19C065059,07:04:00 07/25/19,l,Susp Person,3,904 E SIXTH ST; CHAMBER OF COMMERCE,COR
,,19C065060,07:06:40 07/25/19,f,ZZCommrcal Alrm,1,3685 GRAND OAKS; ETHAN ALLEN RETAIL INC AT COR THE CROSSINGS,
,,19C065065,07:12:10 07/25/19,l,Petty Theft,3,2620 PALISADES DR; LL CONT,COR
,,19C065066,07:13:22 07/25/19,l,Z-Animal Svcs,4,1254 STILLWATER RD,COR
,,19C065067,07:13:57 07/25/19,l,CMC Violation,4,CANARY LN & KELLOGG AVE,COR
,,19C065068,07:14:54 07/25/19,l,911 Hangup,2,977 NICHOLAS PL,COR
,,19C065069,07:29:34 07/25/19,l,Alarm Call,2,1351 RAILROAD ST # 102; LOGISTICS EDGE,COR
,,19C065071,07:30:06 07/25/19,l,Trespass,3,815 W SIXTH ST; CIVIC CENTER; homeless,COR
,,19C065072,07:36:53 07/25/19,l,Dist/Verbal,2,S SMITH AVE & W SIXTH ST; SMITH NOF 6,COR
,,19C065073,07:37:50 07/25/19,l,Property Check,4,1900 AVIATION DR; CORONA AIRPORT,COR
,,19C065074,07:38:37 07/25/19,l,Property Check,4,705 N MAIN ST,COR
,,19C065075,07:39:25 07/25/19,l,Traffic Stop,4,TEMESCAL CANYON RD & CAJALCO RD,COR
,,19C065076,07:40:03 07/25/19,l,Hazard,3,S LINCOLN AVE & W TENTH ST,COR
,,19C065077,07:41:45 07/25/19,l,911 Hangup,2,893 RIMPAU AVE,COR
,,19C065080,07:43:32 07/25/19,l,Vandalism,3,897 RIMPAU AVE # 2,COR
,,19C065081,07:43:48 07/25/19,l,Comm Burg Past,4,1511 RAILROAD ST; SOUTHERN CALIFORNIA INDUSTRIAL EQUIPMENT,COR
,,19C065084,07:54:05 07/25/19,l,Ill Parked Veh,4,2030 KELLOGG AVE,COR
,,19C065085,07:54:47 07/25/19,l,Susp Vehicle,3,3800 CATHEDRAL CIR,COR
,,19C065086,08:05:11 07/25/19,l,Susp Vehicle,3,1080 HIGHGROVE ST,COR
,,19C065087,08:09:12 07/25/19,l,Disturb Peace,3,815 W SIXTH ST; CIVIC CENTER; HOMELESS,COR
,,19C065088,08:14:16 07/25/19,l,Vehicle Check,4,3358 FOUR KINGS ST,COR
,,19C065089,08:17:20 07/25/19,l,Vandalism Past,4,780 MONTAGUE DR,COR
,,19C065090,08:18:56 07/25/19,l,Ill Parked Veh,4,3981 S MAIN ST,COR
,,19C065092,08:25:26 07/25/19,l,911 Hangup,2,209 E BLAINE ST;PHASE 1,COR
,,19C065094,08:32:47 07/25/19,l,Ill Parked Veh,4,1344 JILLIAN CIR,COR
,,19C065095,08:40:50 07/25/19,l,911 Hangup,2,505 MAGNOLIA AVE,COR
,,19C065097,08:49:11 07/25/19,f,ZZBreathing,1,828 SEQUOIA ST,COR
,,19C065098,08:50:06 07/25/19,l,Indecent Expose,2,1205 RIMPAU AVE; SHELL GAS,COR
,,19C065099,08:53:16 07/25/19,l,Traffic Stop,4,1215 MAGNOLIA AVE; MCDONALDS,COR
,,19C065100,08:58:14 07/25/19,f,ZZSick,1,4015 BELFRY CIR,COR
,,19C065101,08:58:18 07/25/19,l,Vehicle Check,4,PALISADES DR & GREEN RIVER RD,COR
,,19C065105,09:15:53 07/25/19,l,911 Hangup,2,881 CORSICA DR,COR
,,19C065106,09:19:40 07/25/19,l,Welfare Check,2,801 MAGNOLIA AVE # 104; CASA GRANDE SENIOR APARTMENTS,COR
,,19C065107,09:22:52 07/25/19,lf,Accident Inj,1,91 WB LINCOLN MAPLE,COR
,,19C065112,09:24:49 07/25/19,l,Veh Burg Past,4,1813 HIDEAWAY PL,COR
,,19C065114,09:35:16 07/25/19,l,Ill Parked Veh,4,833 SAINT JAMES DR,COR
,,19C065115,09:39:09 07/25/19,l,Susp Vehicle,3,1507 TETA DR,COR
,,19C065116,09:39:42 07/25/19,f,ZZBreathing,1,4474 FEATHER RIVER RD,COR
,,19C065118,09:42:41 07/25/19,l,Disturb Peace,3,1402 E ONTARIO AVE; ARCO AMPM AT IN AND OUT CENTER,COR
,,19C065119,09:44:34 07/25/19,l,911 Hangup,2,983 NICHOLAS PL,COR
,,19C065120,09:45:49 07/25/19,f,ZZTrauma,1,801 MAGNOLIA AVE # 104; PD ON SCENE,COR
,,19C065121,09:46:02 07/25/19,l,Battery Past,3,966 W FIFTH ST; PD LOBBY,COR
,,19C065122,09:46:32 07/25/19,l,Abandoned Veh,4,3800 FREMONT DR,COR
,,19C065124,09:50:00 07/25/19,l,911 Hangup,2,210 S LINCOLN AVE,COR
,,19C065125,09:53:43 07/25/19,l,Abandoned Veh,4,1650 S WASHBURN CI,COR
,,19C065126,09:54:17 07/25/19,l,Patrol Info,4,1159 E GRAND BLVD # 3,COR
,,19C065128,09:56:13 07/25/19,l,Assist Othr Dpt,3,750 AVENIDA DEL VISTA # C;CPS,COR
,,19C065129,09:58:17 07/25/19,l,Grand Theft P,4,1 MONSTER WAY; MONSTER,COR
,,19C065131,10:02:18 07/25/19,l,Fraud Past,4,40 SUMMERWOOD CT # D; LL CONT,COR
,,19C065133,10:07:02 07/25/19,l,Patrol Info,4,930 E SIXTH ST; CITY PARK,COR
,,19C065134,10:08:27 07/25/19,l,Abandoned Veh,4,SAWGRASS CREEK LN & PINE VALLEY WAY,COR
,,19C065136,10:09:35 07/25/19,f,ZZCommrcal Alrm,1,2795 CABOT DR # 102; FATBURGER,COR
,,19C065137,10:09:56 07/25/19,l,Cite Sign Off,4,730 PUBLIC SAFETY WAY; OUTSIDE PD,COR
,,19C065138,10:13:59 07/25/19,l,Abandoned Veh,4,VIEWTOP LN & GARRETSON AVE,COR
,,19C065141,10:19:05 07/25/19,f,ZZFall,1,1400 CIRCLE CITY DR; CORONA RESIDENTIAL CARE CENTER LLC,COR
,,19C065142,10:19:31 07/25/19,f,ZZBreathing,1,1916 CORDOZA ST,COR
,,19C065146,10:23:07 07/25/19,l,Patrol Info,4,2642 FALCON CIR,COR
,,19C065150,10:24:43 07/25/19,l,Abandoned Veh,4,VENTURA AVE & MARIPOSA DR,COR
,,19C065151,10:27:35 07/25/19,lf,ZZ Fire Test,4,2245 TREEHOUSE LN,COR
,,19C065152,10:35:05 07/25/19,l,Ill Parked Veh,4,500 ALCOA CIR,COR
,,19C065153,10:39:58 07/25/19,l,Test,4,W RINCON ST & ALCOA CIR,COR
,,19C065155,10:43:02 07/25/19,l,Alarm Call,2,2857 WYCLIFFE ST,COR
,,19C065156,10:43:35 07/25/19,l,Cite Sign Off,4,730 PUBLIC SAFETY WAY; OUTSIDE PD,COR
,,19C065159,10:54:26 07/25/19,l,Cite Sign Off,4,730 PUBLIC SAFETY WAY; PLOT,COR
,,19C065160,10:54:34 07/25/19,l,Welfare Check,2,940 S MAIN ST,COR
,,19C065164,11:02:23 07/25/19,l,Fraud Past,4,1028 VIA VIENTO LN,COR
YES,'Nature' garbled text (embedded symbol),19C065166,11:04:18 07/25/19,f,ZZFaint/Uncons,1,505 E NINTH ST,COR
,,19C065168,11:07:37 07/25/19,l,Susp Person,3,1290 E ONTARIO AVE; WALMART,COR
,,19C065169,11:10:46 07/25/19,l,911 Hangup,2,1950 COMPTON AVE,COR
,,19C065171,11:11:41 07/25/19,l,Patrol Info,4,668 ALTA VISTA AVE,COR
,,19C065173,11:12:33 07/25/19,l,Susp Person,3,225 W SIXTH ST ;CITIZENS BANK,COR
,,19C065174,11:14:48 07/25/19,l,Cite Sign Off,4,730 PUBLIC SAFETY WAY; OUTSIDE PD,COR
,,19C065175,11:14:56 07/25/19,l,Susp Vehicle,3,3915 GREEN RIVER RD; CUBE SMART STORAGE,COR
,,19C065176,11:17:21 07/25/19,l,Alarm Call,2,3047 MIRA VISTA WAY,COR
,,19C065177,11:20:15 07/25/19,l,Fraud Past,4,813 FORD ST; FRONT COUNTER,COR
,,19C065180,11:38:03 07/25/19,f,ZZ Fire Test,2,2260 WILDOAK WAY,COR
,,19C065182,11:40:50 07/25/19,f,ZZSick,1,2815 S MAIN; #210,COR
,,19C065184,11:45:32 07/25/19,l,Susp Vehicle,3,2677 PRESIDIO CIR,COR
,,19C065186,11:47:00 07/25/19,l,911 Hangup,2,675 E GRAND BLVD; #104,COR
,,19C065189,11:48:30 07/25/19,l,Disturb Peace,3,225 W SIXTH ST; CITIZENS BANK,COR
,,19C065190,11:48:44 07/25/19,f,ZZ Fire Test,2,632 SHADYBROOK LN,COR
,,19C065191,11:49:16 07/25/19,f,ZZCommrcal Alrm,1,2925 VIA TOSCANA,COR
,,19C065192,11:50:40 07/25/19,l,Patrol Info,4,W FOOTHILL PKWY & TRUDY WAY,COR
,,19C065193,11:52:58 07/25/19,f,ZZTrauma,1,424 W SEVENTH ST,COR
,,19C065194,11:54:06 07/25/19,l,Property Check,4,2275 SAMPSON AVE; 91 EXPRESS LANES AT LOS COR ARCOS,
,,19C065195,11:56:40 07/25/19,l,Property Check,4,175 N MCKINLEY ST; SHELL GAS,COR
,,19C065196,11:58:09 07/25/19,l,911 Hangup,2,1717 VIA DEL RIO,COR
,,19C065197,12:00:16 07/25/19,l,Property Check,4,2290 GRIFFIN WAY; COUNTRY SIDE CAR WASH AT COUNTRYSIDE CENTE,COR
,,19C065198,12:01:26 07/25/19,f,ZZ Fire Test,2,642 SHADYBROOK LN,COR
,,19C065199,12:06:24 07/25/19,l,Property Check,4,1250 W PARKRIDGE AVE; VICTRESS BOWER ELEMENTARY,COR
,,19C065200,12:10:48 07/25/19,l,Patrol Info,4,W SIXTH ST & S LINCOLN AVE,COR
,,19C065201,12:11:39 07/25/19,f,ZZSick,1,401 N MCKINLEY ST ; WENDY'S,COR
,,19C065202,12:15:09 07/25/19,l,Property Check,4,2425 STEVEN DR,COR
,,19C065203,12:20:10 07/25/19,l,Patrol Info,4,1527 POMONA RD; CODE 5,COR
,,19C065205,12:27:44 07/25/19,l,Abandoned Veh,4,S BELLE AVE & W TENTH ST,COR
,,19C065206,12:30:11 07/25/19,l,Patrol Info,4,MAGNOLIA AVE & 15 SB ON RAMP,COR
,,19C065207,12:31:10 07/25/19,l,Patrol Info,4,1700 VIA PACIFICA,COR
,,19C065208,12:33:22 07/25/19,l,Property Check,4,191 N MCKINLEY ST; CHUCK E CHEESE,COR
,,19C065209,12:33:24 07/25/19,l,Follow Up,4,1330 S NORMANDY TERRACE,COR
YES,'Location' garbled/scrambled text,19C065210,12:34:23 07/25/19,l,Petty Theft P,4,1406 S VICENTIA AVE;LL CONT,COR
,,19C065212,12:38:29 07/25/19,l,Follow Up,4,2250 S MAIN ST; #104,COR
,,19C065213,12:39:51 07/25/19,l,Follow Up,4,3407 WINDSONG ST,HGS
,,19C065215,12:41:27 07/25/19,l,Patrol Info,4,E ONTARIO AVE & CALIFORNIA AVE,COR
,,19C065218,12:44:09 07/25/19,l,Patrol Info,4,1709 SHERBORN ST; VULCAN MATERIALS CO WESTERN DIV,COR
,,19C065219,12:44:59 07/25/19,l,Property Check,4,930 E SIXTH ST,COR
,,19C065220,12:45:57 07/25/19,l,Found Property,4,730 VIA DE LUNA,COR
,,19C065223,12:49:24 07/25/19,f,ZZCommrcal Alrm,1,7702 EL CERRITO AVE,ELC
,,19C065224,12:51:37 07/25/19,l,Hit Run No Inj,2,2250 S MAIN ST; MISSION SURGICAL CLINIC,COR
,,19C065225,12:52:27 07/25/19,l,Property Check,4,400 S VICENTIA AVE; CITY HALL,COR
,,19C065227,12:54:13 07/25/19,l,911 Hangup,2,1180 CALIFORNIA AVE; LARRYS THUNDERBIRD AND MUSTANG PARTS,COR
,,19C065228,12:54:38 07/25/19,l,Disturb Peace,3,725 S MAIN ST; 99 CENT STORE,COR
,,19C065229,13:01:43 07/25/19,l,Follow Up,4,650 W SECOND ST # 1,COR
,,19C065231,13:03:32 07/25/19,l,Auto Theft Past,3,490 N MCKINLEY ST,COR
,,19C065232,13:04:51 07/25/19,l,Accident,2,TABER ST & CALIFORNIA AVE,COR
,,19C065234,13:08:33 07/25/19,l,Patrol Info,4,RIMPAU AVE & MAGNOLIA AVE,COR
,,19C065236,13:18:43 07/25/19,l,Disturb Peace,3,1600 E ONTARIO AVE; JIFFY LUBE,COR
,,19C065237,13:20:30 07/25/19,l,Special Detail,4,10800 MAGNOLIA;KAISER RIV,RIV
,,19C065240,13:21:47 07/25/19,l,Special Detail,4,10800 MAGNOLIA;KAISER RIV,RIV
,,19C065241,13:22:15 07/25/19,l,Resid Burg Past,4,1873 BAYWOOD DR # 103;LL CONT,COR
,,19C065242,13:26:21 07/25/19,l,Alarm Call,2,2850 ATHENS CIR,COR
,,19C065243,13:37:39 07/25/19,l,Property Check,4,930 E SIXTH ST # #; SKATE PARK CITY PARK,COR
,,19C065245,13:41:35 07/25/19,l,911 Hangup,2,598 SANTANA WAY; SANTANA PARK,COR
,,19C065246,13:41:52 07/25/19,l,Vehicle Check,4,MONTANA RANCH RD & BELLA VISTA WAY,COR
,,19C065248,13:46:47 07/25/19,l,Alarm Call,2,2910 COVENTRY CIR,COR
,,19C065249,13:48:37 07/25/19,l,Follow Up,4,2680 S MAIN ST; #327,COR
,,19C065250,13:50:15 07/25/19,l,Traffic Stop,4,GREEN RIVER RD & DOMINGUEZ RANCH RD,COR
,,19C065252,13:56:22 07/25/19,l,Abandoned Veh,4,1028 CIRCLE CITY DR,COR
,,19C065253,13:59:46 07/25/19,l,Patrol Info,4,RADIO RD & SAMPSON AVE,COR
,,19C065254,14:01:15 07/25/19,f,ZZAbdominalPain,1,737 MAGNOLIA AVE # 316; BROOKDALE,COR
,,19C065255,14:04:03 07/25/19,f,ZZSick,1,1400 CIRCLE CITY DR; #116,COR
,,19C065256,14:04:52 07/25/19,l,Property Check,4,4300 PRADO RD,COR
,,19C065258,14:08:33 07/25/19,l,911 Hangup,2,1504 TABER ST,COR
,,19C065259,14:13:28 07/25/19,l,Welfare Check,2,2583 SIERRA BELLA DR,COR
,,19C065260,14:15:15 07/25/19,l,Found Property,4,730 PUBLIC SAFETY WAY; PD RECORDS,COR
,,19C065261,14:15:57 07/25/19,l,Abandoned Veh,4,412 W TENTH ST,COR
,,19C065262,14:18:43 07/25/19,l,Alarm Call,2,4740 GREEN RIVER RD # 118; HGN CORONA PARTNERS; hng partners,COR
,,19C065263,14:20:45 07/25/19,l,Ill Parked Veh,4,3915 GREEN RIVER RD; CUBE SMART STORAGE,COR
,,19C065267,14:28:39 07/25/19,l,Annoying Calls,3,357 N SHERIDAN ST # 100; EXPRESS EMPLOYMENT,COR
,,19C065268,14:40:26 07/25/19,l,Traffic Stop,4,N MAIN ST & E GRAND BLVD; 8BKU269,COR
,,19C065269,14:42:08 07/25/19,l,Citizen Contact,3,421 SURREY CIR;LL CONT,COR
,,19C065270,14:43:48 07/25/19,l,Ped Check,4,RIVER RD & N COTA ST,COR
,,19C065272,14:47:27 07/25/19,l,Vehicle Check,4,CHALGROVE DR & DOWNING CT,COR
,,19C065273,14:50:22 07/25/19,l,Vehicle Check,4,1486 CHALGROVE DR,COR
,,19C065274,14:55:43 07/25/19,f,ZZCommrcal Alrm,1,1592 JENKS DR;CURRIE ENTERPRISE,COR
,,19C065275,15:01:34 07/25/19,l,Alarm Call,2,937 SAVI DR,COR
,,19C065276,15:04:06 07/25/19,l,Drunk In Public,2,930 E SIXTH ST; CITY PARK,COR
,,19C065277,15:05:07 07/25/19,l,Traffic Stop,4,STATE ST & CHEROKEE RD,COR
,,19C065281,15:08:32 07/25/19,l,Mail Theft P,4,525 S MAPLE ST; UNITED RENTALS ;ll cont,COR
,,19C065283,15:11:32 07/25/19,l,Fraud Past,4,470 HIDDEN VALLEY PKWY; KOHLS SUSP 97,COR
,,19C065284,15:21:21 07/25/19,l,Accident,2,VIA SANTIAGO & VIA DE LUNA; VEH VS POLE,COR
,,19C065285,15:29:09 07/25/19,l,Traffic Stop,4,W EIGHTH ST & S LINCOLN AVE,COR
,,19C065286,15:31:19 07/25/19,l,Petty Theft P,4,930 E SIXTH ST; CITY PARK ; pool,COR
,,19C065287,15:33:41 07/25/19,f,ZZSick,1,1840 CALIFORNIA AVE; KAISER FOUNDATION HEALTH PLAN INC,COR
,,19C065289,15:39:55 07/25/19,l,911 Hangup,2,210 N SMITH AVE; SPECIALTY TOWING INC,COR
,,19C065290,15:40:30 07/25/19,l,Traffic Stop,4,TABER ST & COMPTON AVE,COR
,,19C065292,15:49:36 07/25/19,f,ZZRing Remove,2,225 E HARRISON ST; CFD 2,COR
,,19C065294,15:52:19 07/25/19,l,Drunk In Public,2,930 E SIXTH ST; CITY PARK POOL,COR
,,19C065295,15:57:17 07/25/19,l,Traffic Stop,4,STATE ST & CHEROKEE RD,COR
,,19C065296,15:58:10 07/25/19,l,911 Hangup,2,2201 DORADO ST ;PHS 2,COR
,,19C065298,16:01:54 07/25/19,l,911 Hangup,2,130 W CHASE DR; HEBREWS,COR
,,19C065299,16:07:08 07/25/19,l,911 Hangup,2,1102 S MAIN ST; KEVINS ALTA DENA DAIRY,COR
,,19C065300,16:08:15 07/25/19,f,ZZ Fire Test,2,887 RIVER RD; RIVER RUN SR APTS,COR
,,19C065301,16:10:33 07/25/19,l,Hazard,3,S PROMENADE AVE & MELISSA CT,COR
,,19C065302,16:12:03 07/25/19,l,Ill Parked Veh,4,1458 CROWN VIEW DR,COR
,,19C065304,16:18:22 07/25/19,l,Stranded Veh,3,RAILROAD ST & N BUENA VISTA AVE,COR
,,19C065305,16:22:24 07/25/19,l,Citizen Contact,3,200 N LINCOLN AVE; MOTEL 6 #116 LLCONT,COR
,,19C065306,16:26:26 07/25/19,f,ZZPublicSrvceF,2,1731 SANDTRAP DR,COR
,,19C065307,16:28:33 07/25/19,l,Follow Up,4,1355 E ONTARIO AVE,COR
,,19C065308,16:39:17 07/25/19,l,H/R Coll Past,4,725 S MAIN ST; 99 CENT STORE,COR
,,19C065309,16:39:25 07/25/19,l,Veh Burg Past,4,20 E GRAND BLVD,COR
,,19C065312,16:42:55 07/25/19,l,Petty Theft P,4,480 N MCKINLEY ST,COR
,,19C065313,16:44:43 07/25/19,l,Traffic Stop,4,W SECOND ST & S BELLE AVE,COR
,,19C065317,16:52:17 07/25/19,l,911 Hangup,2,1438 W SIXTH ST,COR
,,19C065318,16:52:37 07/25/19,l,Ped Check,4,1146 W SIXTH ST; SOF BURGER KING,COR
,,19C065320,16:56:40 07/25/19,l,Patrol Info,4,RIMPAU AVE & E ONTARIO AVE,COR
,,19C065322,17:07:41 07/25/19,l,Runaway,3,866 AMHERST ST ; LL CONT,COR
,,19C065323,17:10:14 07/25/19,l,Drunk In Public,2,926 W FIFTH ST; WEST 5TH ST APTS,COR
,,19C065324,17:13:42 07/25/19,l,911 Hangup,2,3700 HAMNER AVE,NOR
,,19C065325,17:16:57 07/25/19,l,Accident,2,TEMESCAL CANYON RD & CAJALCO RD,COR
,,19C065328,17:22:34 07/25/19,l,Petty Theft P,4,2240 COMPTON AVE; UNOCAL GAS,COR
,,19C065329,17:22:51 07/25/19,l,Hazard,3,E GRAND BLVD & E SIXTH ST,COR
,,19C065330,17:24:06 07/25/19,l,Alarm Call,2,1915 ELISE CIR;ACCENT PLASTICS,COR
,,19C065331,17:26:21 07/25/19,l,911 Hangup,2,857 NOLAN WAY,COR
,,19C065332,17:27:39 07/25/19,l,Petty Theft P,4,470 N MCKINLEY ST; UFC GYM ; ll cont,COR
,,19C065333,17:29:24 07/25/19,l,Traffic Stop,4,N LINCOLN AVE & BAYFIELD DR,COR
,,19C065335,17:41:13 07/25/19,l,Disturb Peace,3,1511 RIMPAU AVE # 101; MARINES RECRUITMENT CENTER,COR
,,19C065336,17:42:05 07/25/19,l,Welfare Check,2,111 W HARRISON ST # 402; ONE ELEVEN APARTMENTS,COR
,,19C065338,17:48:33 07/25/19,l,Domestic Distur,2,1181 JADESTONE LN,COR
,,19C065340,17:54:34 07/25/19,l,Ill Parked Veh,4,ORCHARD CREST LN & MOUNTAIN SHADOWS DR,COR
,,19C065342,18:01:31 07/25/19,l,Disturb Peace,3,2328 MCNEIL CIR,COR
,,19C065343,18:03:50 07/25/19,l,Disturb Peace,3,1701 FRASER CIR,COR
,,19C065347,18:12:08 07/25/19,l,Alarm Call,2,1051 PRIMROSE LN;PANIC ALARM,COR
,,19C065352,18:22:37 07/25/19,l,Alarm Call,2,1185 MILLBROOK RD,COR
,,19C065353,18:25:53 07/25/19,l,Domestic Distur,2,469 WELLESLEY DR # 106,COR
,,19C065354,18:26:56 07/25/19,l,Disturb Peace,3,800 S MAIN ST; CORONA REGIONAL MEDICAL CENTER; MAIN LOBBY,COR
,,19C065357,18:38:53 07/25/19,l,Property Check,4,440 N COTA ST,COR
,,19C065358,18:42:41 07/25/19,l,Follow Up,4,1255 W EIGHTH ST,COR
,,19C065359,18:46:12 07/25/19,l,Reckless Driver,3,PROMENADE AVE & N MCKINLEY ST;FOLLOWING,COR
,,19C065360,18:47:11 07/25/19,lf,Assault Wpn Inj,1,1299 E ONTARIO AVE; CVS PHARMACY 9190 AT CORONA ORCHARD,COR
,,19C065361,18:47:43 07/25/19,,,,490 N MCKINLEY ST,COR
,,19C065363,18:47:53 07/25/19,,,,E ONTARIO AVE & CALIFORNIA AVE,COR
,,19C065366,18:55:22 07/25/19,l,Flag Down,4,4680 LA SIERRA;STATER BROS RIV,RIV
,,19C065367,18:55:24 07/25/19,l,Alarm Call,2,2300 PALISADES DR,COR
,,19C065368,18:55:45 07/25/19,l,Alarm Call,2,809 E PARKRIDGE AVE ; QUALITY PLUS INSURANCE AGENCY,COR
,,19C065369,18:57:07 07/25/19,l,Annoying Calls,3,MAGNOLIA AVE & SANTANA WAY;LL CONT,COR
,,19C065371,19:04:16 07/25/19,l,Welfare Check,2,430 N MCKINLEY ST; 99 RANCH MARKET,COR
,,19C065372,19:04:30 07/25/19,l,Alarm Call,2,281 DUPONT ST # 101; BBQ OUTLET,COR
,,19C065373,19:06:33 07/25/19,f,ZZBreathing,1,713 HARRIS ST,COR
,,19C065375,19:12:22 07/25/19,l,911 Hangup,2,275 TELLER ST # 100; 24 HOUR FITNESS,COR
,,19C065376,19:12:39 07/25/19,l,Alarm Call,2,4515 BIRDIE CIR,COR
,,19C065377,19:14:33 07/25/19,lf,Hot Lock Out,1,1190 W SIXTH ST,COR
,,19C065379,19:15:13 07/25/19,l,Welfare Check,2,1566 BEACON RIDGE WAY,COR
,,19C065381,19:18:06 07/25/19,l,Disturb Peace,3,2275 E LAKESIDE PL,COR
,,19C065382,19:18:31 07/25/19,f,ZZSick,1,2489 CALIFORNIA AVE # 139; ESTANCIA DEL SOL,COR
,,19C065384,19:26:03 07/25/19,l,911 Hangup,2,505 S BUENA VISTA AVE,COR
,,19C065385,19:28:28 07/25/19,lf,Man Down,1,HARRINGTON ST & N LINCOLN AVE,COR
,,19C065388,19:33:31 07/25/19,l,911 Hangup,2,110 W UPPER DR; CFD 6,COR
,,19C065389,19:41:17 07/25/19,f,ZZSick,1,910 S BELLE AVE # 202,COR
,,19C065390,19:44:00 07/25/19,l,Disturb Peace,3,904 E SIXTH ST; CORONA CHAMBER OF COMMERCE,COR
,,19C065391,19:57:24 07/25/19,l,Susp Person,3,1164 CREEKSIDE LN,COR
,,19C065392,20:00:09 07/25/19,l,911 Hangup,2,3950 S MAIN ST; ATT TOWER,COR
,,19C065396,20:02:58 07/25/19,l,Hazard,3,RIMPAU AVE & E ONTARIO AVE,COR
,,19C065397,20:08:24 07/25/19,l,Alarm Call,2,1569 DOMINGUEZ RANCH RD,COR
,,19C065398,20:10:34 07/25/19,l,Ped Check,4,730 PUBLIC SAFETY WAY; CORONA POLICE,COR
,,19C065403,20:25:58 07/25/19,l,Z-Animal Svcs,4,1410 MEADOWCREST CIR,COR
,,19C065404,20:31:33 07/25/19,l,Patrol Info,4,ROSEMARY CIR & CARAWAY CT,COR
,,19C065405,20:34:40 07/25/19,l,911 Hangup,2,881 CORSICA DR;PHS1,COR
,,19C065407,20:40:52 07/25/19,l,Domestic Distur,2,2310 MESQUITE LN;POSS 459RP,COR
,,19C065412,21:10:49 07/25/19,l,911 Hangup,2,160 W ONTARIO AVE,COR
,,19C065413,21:14:00 07/25/19,l,Alarm Call,2,2150 CALIFORNIA AVE # 111; FANTASTIC SAMS,COR
,,19C065414,21:15:51 07/25/19,l,Susp Vehicle,3,2380 FULLERTON; CROSSROADS SCHOOL,COR
,,19C065415,21:16:54 07/25/19,l,Welfare Check,2,173 E CRESTVIEW ST,COR
,,19C065416,21:23:48 07/25/19,l,Patrol Info,4,23693 TEMESCAL CANYON RD,TEM
,,19C065418,21:38:17 07/25/19,l,Patrol Info,4,S LINCOLN AVE & W SECOND ST;POSS 23152,COR
,,19C065419,21:38:34 07/25/19,l,Alarm Call,2,750 S LINCOLN AVE # 101; VERIZON STORE,COR
,,19C065420,21:41:18 07/25/19,l,Alarm Call,2,3615 GRAND OAKS,COR
,,19C065422,21:44:32 07/25/19,l,911 Hangup,2,210 S LINCOLN AVE,COR
,,19C065423,21:45:06 07/25/19,l,Alarm Call,2,2850 MIRA VISTA CT,COR
,,19C065424,21:45:55 07/25/19,l,Citizen Contact,3,852 FOXTAIL DR,COR
,,19C065425,22:07:01 07/25/19,l,DV-Assault,1,CAJALCO RD & GRAND OAKS,COR
,,19C065426,22:09:55 07/25/19,lf,Overdose,1,2163 SUMMERSET ST,COR
,,19C065428,22:31:00 07/25/19,l,Property Check,4,185 MAGNOLIA AVE; LEE POLLARD HIGH SCHOOL,COR
,,19C065430,22:43:06 07/25/19,l,Unknown Problem,1,1912 SILVERWOOD CIR,COR
,,19C065432,22:48:20 07/25/19,f,ZZBreathing,1,940 OTHELLO LN,COR
,,19C065433,22:50:06 07/25/19,l,Z-Animal Svcs,4,S BUENA VISTA AVE & W EIGHTH ST,COR
,,19C065434,22:59:21 07/25/19,lf,Structure Fire,1,758 VIA JOSEFA,CRA
,,19C065435,23:02:16 07/25/19,f,ZZChest Pains,1,1330 W SIXTH ST; MICHELLES,COR
,,19C065436,23:18:07 07/25/19,l,Area Check,3,2193 SAMPSON AVE; TACO BELL,COR
,,19C065437,23:30:41 07/25/19,l,Dist/Verbal,2,1372 ROADRUNNER DR;REF TO LEAVE,COR
,,19C065438,23:31:11 07/25/19,l,Area Check,3,4425 CABOT DR;,COR
,,19C065440,23:45:03 07/25/19,f,ZZSick,1,540 MAGNOLIA AVE; CFD 1,COR
,,19C065442,23:47:49 07/25/19,l,Disturb Peace P,4,S MAIN ST & E ONTARIO AVE,COR
,,19C065444,23:53:02 07/25/19,l,Area Check,3,WAKEFIELD AVE & W TENTH ST;415PHYS,COR
,,19C065448,23:54:50 07/25/19,f,ZZVehicle Fire,1,540 MAGNOLIA AVE; CFD 1,COR
,,19C065450,00:01:37 07/26/19,l,Alarm Call,2,2850 MIRA VISTA CT,COR
,,19C065451,00:01:41 07/26/19,f,ZZVehicle Fire,1,225 E HARRISON ST; CFD 2,COR
,,19C065452,00:01:42 07/26/19,l,Follow Up,4,730 PUBLIC SAFETY WAY; CORONA POLICE,COR
,,19C065454,00:03:13 07/26/19,l,911 Hangup,2,2585 S MAIN ST;PHS2,COR
,,19C065455,00:06:54 07/26/19,l,Alarm Call,2,220 CITATION CIR; R G F ENTERPRISES INC,COR
,,19C065456,00:08:31 07/26/19,l,Loud Noise,3,4250 SAN VISCAYA CIR,COR
,,19C065458,00:11:38 07/26/19,f,ZZBreathing,1,1400 CIRCLE CITY DR; CORONA RESIDENTIAL CARE CENTER LLC,COR
,,19C065459,00:32:28 07/26/19,l,Patrol Info,4,TOM / DILLON -DESERT HOT SPRINGS;215PC,DHS
,,19C065460,00:37:59 07/26/19,l,Ped Check,4,2191 SAMPSON AVE,COR
,,19C065462,00:59:39 07/26/19,l,911 Hangup,2,1220 E ONTARIO AVE,COR
,,19C065464,01:01:24 07/26/19,l,Alarm Call,2,3120 TAYLOR AVE;CORONA HERTIAGE FOUNDATION,COR
,,19C065465,01:06:30 07/26/19,l,Alarm Call,2,2175 SAMPSON AVE # 111; NEW TECH INC; LK ASSOCIATES,COR
,,19C065470,01:20:42 07/26/19,l,Alarm Call,2,2320 POMONA RD ;CORNER TURN,COR
,,19C065471,01:25:36 07/26/19,f,ZZStroke,1,1828 MAJESTIC DR,COR
,,19C065473,01:46:16 07/26/19,l,Property Check,4,598 SANTANA WAY; SANTANA PARK,COR
,,19C065474,01:48:37 07/26/19,l,Alarm Call,2,2850 MIRA VISTA CT,COR
,,19C065475,01:49:15 07/26/19,l,Property Check,4,260 W FOOTHILL PKWY; STARBUCKS,COR
,,19C065476,01:51:00 07/26/19,l,Assault Wpn P,2,WAKEFIELD AVE & LINCRONA ST;87 AT CRH ER,COR
,,19C065477,01:52:29 07/26/19,l,Disturb Peace,3,2310 MESQUITE LN,COR
,,19C065478,02:04:52 07/26/19,l,911 Hangup,2,819 S VICTORIA AVE,COR
,,19C065479,02:05:38 07/26/19,l,DV-Assault,1,180 E THIRD ST; CIRCLE CITY INN,COR
,,19C065480,02:07:20 07/26/19,f,ZZChest Pains,1,923 S RAMONA AVE,COR
,,19C065481,02:12:53 07/26/19,l,DV-Assault,2,2736 FASHION DR; #306,COR
,,19C065482,02:39:22 07/26/19,l,Alarm Call,2,255 AIRPORT CIR ; HEALTH AND MOTION,COR
,,19C065483,03:12:20 07/26/19,l,Susp Vehicle,3,1230 STEPHANIE DR,COR
,,19C065485,03:25:22 07/26/19,l,Patrol Info,4,WINCHESTER RD X MURRIETA HOT SPRINGS - SHELL GAS /MURRIETA PD,RVC
,,19C065487,03:47:03 07/26/19,l,Suspicious Circ,3,307 S SMITH AVE # 64; COUNTRYWOOD ESTATES MHP,COR
,,19C065488,04:09:35 07/26/19,l,Property Check,4,THE CROSSINGS,COR
,,19C065490,04:24:46 07/26/19,l,Susp Vehicle,3,ECHO SPRINGS DR & WILD SPRINGS LN,COR
,,19C065491,04:34:44 07/26/19,l,Alarm Call,2,1150 W TENTH ST; CORONA HIGH SCHOOL,COR
,,19C065492,04:40:04 07/26/19,l,DV-Assault,1,180 E THIRD ST; CIRCLE CITY INN; #202,COR
,,19C065493,04:42:08 07/26/19,l,Vehicle Check,4,2481 STEVEN DR; ROCK VISTA PARK,COR
,,19C065494,04:44:12 07/26/19,l,Alarm Call,2,1052 RAILROAD ST;PLATINUM COLLISION CENTER,COR
,,19C065495,05:09:36 07/26/19,l,Alarm Call,2,2765 LAKESHORE DR; CITRUS CITY GRILLE,COR
,,19C065496,05:12:52 07/26/19,l,Susp Person,3,738 COTTONWOOD ST,COR
,,19C065497,05:12:57 07/26/19,l,Alarm Call,2,450 AUTO CENTER DR; IN N OUT BURGER 25,COR
,,19C065498,05:18:24 07/26/19,l,Welfare Check,2,695 GREGORY CIR,COR
,,19C065499,05:30:10 07/26/19,l,Susp Vehicle,3,VIA MIGUEL ST & MASTERS DR,COR
,,19C065500,05:30:11 07/26/19,l,Alarm Call,2,311 BONNIE CIR;AEF CORONA,COR
,,19C065503,06:07:24 07/26/19,f,ZZCommrcal Alrm,1,132 BUSINESS CENTER DR;america youcare pharma inc,COR
,,19C065504,06:33:38 07/26/19,l,Accident,2,,COR
,,19C065505,06:33:52 07/26/19,l,Traffic Stop,4,15 NB NOF HORSETHIEF,TEM
,,19C065506,06:47:37 07/26/19,l,911 Hangup,2,2142 SADDLEBACK DR,COR
,,19C065507,06:54:07 07/26/19,l,Traffic Stop,4,W GRAND BLVD & W SIXTH ST,COR
,,19C065508,06:55:27 07/26/19,l,Alarm Call,2,311 BONNIE CIR;AEF CORONA;2ND RESP,COR
,,19C065509,07:05:51 07/26/19,l,Special Detail,4,1290 E ONTARIO AVE; WALMART,COR
,,19C065510,07:20:47 07/26/19,l,Alarm Call,2,985 SAMAR CT,COR
,,19C065511,07:26:10 07/26/19,l,Flag Down,4,1193 MAGNOLIA AVE,COR
,,19C065512,07:38:05 07/26/19,l,DV-Assault Past,3,1852 MADERA CIR,COR
,,19C065514,07:53:56 07/26/19,l,911 Hangup,2,881 CORSICA DR; PHASE 2,COR
,,19C065515,07:56:20 07/26/19,l,Vehicle Check,4,1100 D ST,COR
,,19C065516,07:57:48 07/26/19,l,Follow Up,4,3777 BEDFORD CANYON RD; CFD 7,COR
,,19C065517,08:05:07 07/26/19,l,Alarm Call,2,1672 LAUREL CANYON CIR,COR
,,19C065518,08:14:32 07/26/19,f,ZZMedical Alert,1,4202 FLOYD DR,COR
,,19C065519,08:16:10 07/26/19,l,Property Check,4,W FOOTHILL PKWY & SKYLINE DR,COR
,,19C065522,08:21:11 07/26/19,l,Comm Burg Past,4,1540 SHERBORN ST;ROBERTSONS READY MIX,COR
,,19C065523,08:22:54 07/26/19,l,Property Check,4,400 PENROSE DR,COR
,,19C065524,08:23:07 07/26/19,l,Patrol Info,4,1981 JENNA CIR,COR
,,19C065525,08:24:19 07/26/19,l,Susp Person,3,550 HIDDEN VALLEY PKWY; STATER BROS MARKETS,COR
,,19C065526,08:25:45 07/26/19,f,ZZSick,1,775 TRADEMARK CIR # 101; ABILITY COUNTS,COR
,,19C065528,08:28:04 07/26/19,l,Auto Theft Past,3,2500 SAN GABRIEL WAY # 308,COR
,,19C065529,08:35:25 07/26/19,l,Auto Theft Past,3,2970 SINGING WOOD DR,COR
,,19C065530,08:40:28 07/26/19,l,Fraud Past,4,3027 GRACELAND WAY; LLCONT,COR
,,19C065531,08:47:51 07/26/19,l,Disturb Peace,3,307 S SMITH AVE # 64; COUNTRYWOOD ESTATES MHP,COR
,,19C065532,08:48:58 07/26/19,l,Fraud Past,4,513 JENNY CIR; LLCONT,COR
,,19C065533,08:49:30 07/26/19,f,ZZBreathing,1,1906 FULLERTON AVE # 107,COR
,,19C065534,08:52:43 07/26/19,l,Alarm Call,2,947 OLINDA ST,COR
,,19C065535,08:55:12 07/26/19,l,911 Hangup,2,3100 S MAIN ST; MOUNTAINGATE PARK; PHASE 2,COR
,,19C065536,08:56:12 07/26/19,l,Alarm Call,2,1885 SAN REMO DR; BROOKWOOD VILLAS APARTMENTS,COR
,,19C065537,08:59:42 07/26/19,lf,Man Down,1,2025 COMPTON AVE; SPRINGHILL SUITES,COR
,,19C065538,09:09:27 07/26/19,l,Patrol Info,4,785 N MAIN ST; ARCO AM PM,COR
,,19C065540,09:13:59 07/26/19,l,911 Hangup,2,1150 W TENTH ST; PHASE 2,COR
,,19C065541,09:18:50 07/26/19,l,911 Hangup,2,112 N BUENA VISTA AVE,COR
,,19C065542,09:26:18 07/26/19,f,Assault Injury,1,1852 MADERA CIR,COR
,,19C065546,10:01:36 07/26/19,l,Property Check,4,4400 PRADO RD,COR
,,19C065547,10:03:08 07/26/19,l,Susp Person,3,FOOTHILL AT SKYLINE,COR
,,19C065548,10:09:04 07/26/19,l,Suspicious Circ,3,1205 RIMPAU AVE; SHELL GAS,COR
,,19C065549,10:09:25 07/26/19,l,Petty Theft P,4,1375 E ONTARIO AVE; SAMS CLUB 4709 AT SOUTH POINTE PLAZA,COR
,,19C065550,10:11:15 07/26/19,l,Follow Up,4,730 VIA DE LUNA # 2; COUNTRY HILLS APARTMENTS,COR
,,19C065551,10:11:47 07/26/19,l,Follow Up,4,730 VIA DE LUNA # 2; COUNTRY HILLS APARTMENTS,COR
,,19C065552,10:15:22 07/26/19,f,ZZBreathing,1,580 TREELINE DR # 202,COR
,,19C065553,10:17:54 07/26/19,f,ZZ Fire Test,2,3665 GRAND OAKS,COR
,,19C065554,10:19:09 07/26/19,l,Vehicle Check,4,1156 RICKSON WAY,COR
,,19C065555,10:20:21 07/26/19,l,Cite Sign Off,4,730 PUBLIC SAFETY WAY ; PLOT,COR
,,19C065557,10:20:42 07/26/19,l,Grand Theft P,4,1441 POMONA RD;LL CONT,COR
,,19C065559,10:29:44 07/26/19,l,Cite Sign Off,4,730 PUBLIC SAFETY WAY;PLOT,COR
,,19C065561,10:31:19 07/26/19,f,ZZMedical Alert,1,2060 PINE CREST DR,CRA
,,19C065562,10:33:37 07/26/19,l,Accident,2,SAMPSON AVE & N MCKINLEY ST,COR
,,19C065564,10:35:09 07/26/19,l,Keep The Peace,3,2310 MESQUITE LN,COR
,,19C065565,10:37:49 07/26/19,l,Patrol Info,4,N MAIN ST & W PARKRIDGE AVE,COR
,,19C065566,10:38:37 07/26/19,f,ZZSick,1,480 S MAIN ST; TEST,COR
,,19C065568,10:43:17 07/26/19,l,Cite Sign Off,4,730 PUBLIC SAFETY WAY ; PLOT,COR
,,19C065573,10:45:54 07/26/19,l,Grand Theft P,4,150 S MAPLE ST,COR
,,19C065574,10:46:49 07/26/19,l,Area Check,3,423 JENKS CIR,COR
,,19C065575,10:49:39 07/26/19,l,Auto Theft Past,3,2261 EAGLE GLEN PKWY; MOBIL GAS,COR
,,19C065576,10:49:42 07/26/19,l,Accident,2,RIVER RD & AUBURNDALE ST,COR
,,19C065577,10:52:03 07/26/19,l,Ped Check,4,S GRANT AVE & W EIGHTH ST,COR
,,19C065578,11:00:26 07/26/19,l,Cite Sign Off,4,730 PUBLIC SAFETY WAY; PD LOBBY,COR
,,19C065579,11:03:13 07/26/19,f,ZZDiabetic,1,433 MAGNOLIA AVE; VONS GAS,COR
,,19C065580,11:08:13 07/26/19,l,Citizen Contact,3,901 W SIXTH ST;LL CONT,COR
,,19C065581,11:17:15 07/26/19,l,Property Check,4,1150 PASEO GRANDE; CESAR CHAVEZ ELEMENTARY SCHOOL,COR
,,19C065583,11:28:48 07/26/19,l,Property Check,4,1886 BUTTERFIELD DR; BUTTERFIELD PARK,COR
,,19C065584,11:30:40 07/26/19,l,Flag Down,4,1900 AVIATION DR; CORONA AIRPORT,COR
,,19C065586,11:36:36 07/26/19,l,Test,1,730 PUBLIC SAFETY WAY; CORONA POLICE,COR
,,19C065587,11:37:40 07/26/19,l,Test,1,730 PUBLIC SAFETY WAY,COR
,,19C065588,11:44:21 07/26/19,l,Panhand/Solicit,3,W SIXTH ST & S MAIN ST,COR
,,19C065589,11:49:33 07/26/19,l,Susp Vehicle,3,344 N MCKINLEY ST # 101; STARBUCKS,COR
,,19C065590,11:52:57 07/26/19,l,911 Hangup,2,400 S VICENTIA AVE,COR
,,19C065594,12:17:13 07/26/19,l,911 Hangup,2,770 MAGNOLIA AVE,COR
,,19C065595,12:22:58 07/26/19,l,Vandalism Past,4,1602 S MAIN ST,COR
,,19C065596,12:25:46 07/26/19,f,ZZSeizure,1,1106 W SIXTH ST; KEN'S LIQUOR,COR
,,19C065599,12:36:18 07/26/19,f,ZZBreathing,1,655 STONEY CREEK CIR,COR
,,19C065600,12:36:31 07/26/19,l,911 Hangup,2,479 N MCKINLEY ST; WALMART,COR
,,19C065601,12:37:20 07/26/19,l,Ill Parked Veh,4,1415 CIRCLE CITY DR; KINGDOM HALL,COR
,,19C065602,12:38:57 07/26/19,l,Hazard,3,W SIXTH ST & S MAIN ST,COR
,,19C065606,12:59:02 07/26/19,l,Fraud,2,411 S MERRILL ST;#A;LL CONT,COR
,,19C065607,13:00:40 07/26/19,l,911 Hangup,2,1380 EL SOBRANTE RD; DENTAL ASSOCIATES OF COR CORONA,
,,19C065608,13:05:46 07/26/19,l,H/R Coll Past,4,1800 EAGLE GLEN PKWY;PD LOBBY,COR
,,19C065609,13:06:29 07/26/19,l,Welfare Check,2,801 MAGNOLIA AVE # 132,COR
,,19C065612,13:08:22 07/26/19,l,911 Hangup,2,2125 STAGECOACH DR; STAGECOACH PARK,COR
,,19C065613,13:10:15 07/26/19,l,Patrol Info,4,BEDFORD CANYON RD & E FOOTHILL PKWY,COR
,,19C065615,13:14:27 07/26/19,lf,Vegetation High,1,5312 PEDLEY RD,RVC
,,19C065616,13:14:30 07/26/19,f,ZZBreathing,1,737 MAGNOLIA AVE # 114,COR
,,19C065618,13:23:22 07/26/19,l,Under Influence,2,216 E SEVENTH ST,COR
,,19C065619,13:29:57 07/26/19,l,Domestic Distur,2,911 ANDREA LN # 304,COR
,,19C065620,13:37:08 07/26/19,l,Patrol Info,4,800 RIMPAU AVE; CODE 5,COR
,,19C065621,13:38:47 07/26/19,f,ZZBreathing,1,1450 W RINCON ST; KOBELCO,COR
,,19C065622,13:39:34 07/26/19,l,Cite Sign Off,4,730 PUBLIC SAFETY WAY,COR
,,19C065624,13:43:02 07/26/19,l,Alarm Call,2,2790 CABOT DR # 125; BURNING DESIRE,COR
,,19C065625,13:44:43 07/26/19,l,Missing Person,2,2750 RIDGELINE DR # 304; # K304 LL CONT,COR
,,19C065627,13:48:05 07/26/19,l,Disturb Peace,3,2735 WARDLOW RD,COR
,,19C065628,13:48:10 07/26/19,l,Patrol Info,4,1 MONSTER WAY; XTRA PTRL,COR
,,19C065629,13:48:39 07/26/19,l,Public Service,3,307 S SMITH AVE; COUNTRYWOOD ESTATES MHP,COR
,,19C065631,13:53:25 07/26/19,f,ZZTrauma,1,1801 BAYWOOD DR; #106,COR
,,19C065633,13:58:40 07/26/19,l,911 Hangup,2,465 SANTANA WAY; ISLAMIC CENTER,COR
,,19C065635,14:03:34 07/26/19,l,Traffic Stop,4,1138 E SIXTH ST,COR
,,19C065636,14:04:55 07/26/19,l,Follow Up,4,1330 S NORMANDY TERRACE,COR
,,19C065637,14:05:04 07/26/19,l,911 Hangup,2,800 S MAIN ST,COR
,,19C065639,14:06:39 07/26/19,l,Follow Up,4,16176 REGENCY RANCH RD - RIVERSIDE,RIV
,,19C065641,14:06:55 07/26/19,f,ZZChest Pains,1,730 MAGNOLIA AVE; PSYCH WEST ENTRANCE,COR
,,19C065644,14:13:13 07/26/19,l,Fraud Past,4,2083 ESTRADO DR; LL CONT,COR
,,19C065645,14:13:44 07/26/19,l,911 Hangup,2,1181 CALIFORNIA AVE; CALAVE PARTNERS L L C,COR
,,19C065646,14:13:46 07/26/19,lf,Man Down,1,820 ALLEGRE DR,COR
,,19C065651,14:26:33 07/26/19,f,ZZFwy UnkInjury,1,91 EB MAIN MCKINLEY,COR
YES,'Nature' garbled/scrambled text,19C065652,14:27:03 07/26/19,f,ZZFwy Acc w/inj,1,91 EB LINCOLN MAIN,COR
,,19C065653,14:27:47 07/26/19,f,ZZResdntal Alr,1,1529 ELEGANTE CT,COR
,,19C065654,14:28:07 07/26/19,l,Citizen Contact,3,730 PUBLIC SAFETY WAY,COR
,,19C065655,14:28:58 07/26/19,l,Disturb Peace,3,1560 W SIXTH ST,COR
,,19C065659,14:35:49 07/26/19,lf,Unknown Fire,1,TEMESCAL CANYON RD & CAJALCO RD; IFO QUICKRITE CEMENT CO,COR
,,19C065660,14:37:44 07/26/19,f,ZZPublicSrvceF,1,11711 CHADWICK RD,COR
,,19C065661,14:45:50 07/26/19,l,911 Hangup,2,730 PUBLIC SAFETY WAY,COR
,,19C065663,14:55:05 07/26/19,l,911 Hangup,2,665 W RINCON ST,COR
,,19C065664,14:57:35 07/26/19,f,ZZFwy UnkInjury,1,91 EB PASEO GRANDE LINCOLN,COR
,,19C065665,14:59:48 07/26/19,lf,Down Power Line,1,102 N BUENA VISTA AVE,COR
,,19C065666,15:00:52 07/26/19,l,Battery,1,2700 BLUE SPRINGS DR; #301,COR
,,19C065667,15:06:55 07/26/19,l,Disturb Peace,3,1580 W SIXTH ST; SAMS MOBIL,COR
,,19C065669,15:11:18 07/26/19,lf,Overdose,1,1206 LEMON ST,COR
,,19C065671,15:18:53 07/26/19,f,ZZ Fire Test,2,815 RIVER RD; RIVER RUN SR APTS,COR
,,19C065673,15:27:55 07/26/19,f,ZZ Fire Test,2,839 RIVER RD; RIVER RUN SR APTS,COR
,,19C065674,15:29:51 07/26/19,l,Patrol Info,4,1700 HONORS LN,COR
,,19C065675,15:34:07 07/26/19,l,Silent Comm 211,1,1149 POMONA RD # C; DIEMOLD SERVICES,COR
,,19C065676,15:39:06 07/26/19,l,Petty Theft P,4,1285 MAGNOLIA AVE; LOWES,COR
,,19C065677,15:39:44 07/26/19,l,Petty Theft P,4,3538 BELVEDERE WAY ;ll cont,COR
,,19C065678,15:41:53 07/26/19,l,Auto Theft Past,3,1655 E SIXTH ST; #104; 10851P ATT,COR
,,19C065680,15:48:01 07/26/19,f,ZZ Fire Test,2,730 PUBLIC SAFETY WAY,COR
,,19C065681,15:48:28 07/26/19,l,911 Hangup,2,2585 S MAIN ST,COR
,,19C065682,15:48:39 07/26/19,l,Ill Parked Veh,4,TRUDY WAY & W FOOTHILL PKWY,COR
,,19C065684,15:50:06 07/26/19,l,Traffic Stop,4,200 N LINCOLN AVE; MOTEL 6,COR
,,19C065685,15:53:46 07/26/19,l,911 Hangup,2,1235 PAGE CIR,COR
,,19C065687,15:56:07 07/26/19,l,Petty Theft P,4,2155 HIGHPOINTE DR # 102,COR
,,19C065688,16:00:43 07/26/19,l,Fraud Past,4,4055 GILBERT AVE; LL CONT,COR
,,19C065690,16:05:25 07/26/19,l,Traffic Stop,4,EL CERRITO RD & 15 SB ON RAMP,COR
,,19C065691,16:06:11 07/26/19,l,Traffic Stop,4,W SIXTH ST & S SHERMAN AVE,COR
,,19C065692,16:10:42 07/26/19,l,911 Hangup,2,2145 HIGHPOINTE DR # 105 ; 911 PHS 2,COR
,,19C065693,16:12:36 07/26/19,l,911 Hangup,2,900 CORTEZ DR,COR
,,19C065694,16:14:35 07/26/19,l,DV-Assault,1,836 W SIXTH ST; DISCOUNT TIRE CENTERS,COR
,,19C065696,16:15:24 07/26/19,l,Auto Theft Past,3,314 E SIXTH ST ;Uhaul,COR
,,19C065697,16:19:03 07/26/19,l,911 Hangup,2,130 W CHASE DR; HEBREWS,COR
,,19C065699,16:23:17 07/26/19,l,911 Hangup,2,3024 SONRISA DR,COR
,,19C065700,16:25:25 07/26/19,l,Resid Burg Past,4,3024 SONRISA DR,COR
,,19C065701,16:26:57 07/26/19,f,ZZTrauma,1,145 RADIO RD; KIPS GYMNASTICS,COR
,,19C065702,16:27:25 07/26/19,l,Fraud Past,4,682 AZURE LN # 5; 5; pd lobby,COR
,,19C065703,16:28:20 07/26/19,l,911 Hangup,2,209 E BLAINE ST ; ABAND PHS 1,COR
,,19C065704,16:30:33 07/26/19,l,911 Hangup,2,1560 HEARTLAND WAY,COR
,,19C065706,16:34:50 07/26/19,f,ZZSick,1,1810 BEL AIR ST,COR
,,19C065707,16:36:55 07/26/19,l,911 Hangup,2,1181 CALIFORNIA AVE; CALAVE PARTNERS L L C,COR
,,19C065708,16:37:52 07/26/19,l,911 Hangup,2,3455 ESTELLE; PHS 1,HGS
YES,'Location' garbled/scrambled text,19C065709,16:39:01 07/26/19,l,Fraud Past,4,2412 PALISADES DR;301;PD LOBY,COR
YES,'Nature' garbled/scrambled text; 'Location' garbled/scrambled text,19C065711,16:41:23 07/26/19,f,ZZFwy Acc w/inj,1,91 EB SERFAS CLUB 6TH STMAPLE,COR
,,19C065712,16:45:27 07/26/19,l,Susp Vehicle,3,1044 CINNAMON LN,COR
YES,'Location' garbled/scrambled text,19C065713,16:46:43 07/26/19,l,Reckless Driver,3,91 EB SERFAS CLUB 6TH STMAPLE,COR
,,19C065716,17:01:06 07/26/19,l,Domestic Distur,2,4008 CROWN RANCH RD,COR
,,19C065717,17:02:39 07/26/19,l,Alarm Call,2,567 CHELSEA WAY,COR
,,19C065719,17:09:43 07/26/19,l,Reckless Driver,3,E PARKRIDGE AVE & N MAIN ST,COR
,,19C065728,17:26:30 07/26/19,l,911 Hangup,2,1150 W TENTH ST,COR
,,19C065730,17:32:20 07/26/19,l,Hazard,3,E ONTARIO AVE & RIMPAU AVE,COR
,,19C065731,17:33:30 07/26/19,f,ZZSick,1,737 MAGNOLIA AVE; BROOKDALE,COR
,,19C065732,17:36:07 07/26/19,l,Drunk Driver,2,760 N MAIN ST; SMART AND FINAL,COR
,,19C065734,17:42:59 07/26/19,l,Chld Abuse Past,2,1566 BEACON RIDGE WAY,COR
,,19C065738,17:53:53 07/26/19,f,ZZFall,1,623 SHENANDOAH RD,COR
,,19C065739,17:55:34 07/26/19,l,Disturb Peace,3,735 N MAIN ST; WENDY'S,COR
,,19C065740,17:56:28 07/26/19,l,Welfare Check,2,153 N BUENA VISTA AVE,COR
,,19C065743,17:59:25 07/26/19,l,Disturb Peace,3,735 N MAIN ST;WENDY'S HOMELESS,COR
,,19C065750,18:13:19 07/26/19,l,Alarm Call,2,1885 SAN REMO DR; BROOKWOOD VILLAS APARTMENTS,COR
,,19C065751,18:13:33 07/26/19,l,Welfare Check,2,777 S TEMESCAL ST # 26,COR
,,19C065754,18:18:08 07/26/19,l,Petty Theft P,4,150 W BLAINE ST;GANAHL LUMBER,COR
,,19C065755,18:22:59 07/26/19,l,Welfare Check,2,SAMPSON AVE & N MCKINLEY ST,COR
,,19C065756,18:24:54 07/26/19,l,Follow Up,4,2468 PALISADES DR,COR
,,19C065760,18:38:23 07/26/19,l,Fraud Past,4,3921 MOUNT TESORO CIR;459VP; LL CONT,COR
,,19C065761,18:39:39 07/26/19,l,Vandalism,3,785 N MAIN ST; ARCO AM PM,COR
,,19C065763,18:40:23 07/26/19,l,Accident,2,923 S RAMONA AVE,COR
,,19C065764,18:40:54 07/26/19,l,Accident,2,E TENTH ST & S RAMONA AVE,COR
,,19C065766,18:43:36 07/26/19,l,Keep The Peace,3,2159 APPLEGATE DR,COR
,,19C065772,18:59:51 07/26/19,l,Assist Othr Dpt,3,902 PINE ST,COR
,,19C065773,19:03:37 07/26/19,f,ZZMedical Alert,1,331 SELKIRK DR,COR
,,19C065774,19:06:35 07/26/19,l,911 Hangup,2,2313 S MAIN ST; TEMESCAL PALMS LODGE 314,COR
,,19C065775,19:11:06 07/26/19,l,Auto Theft,2,1560 W SIXTH ST ;WALMART,COR
,,19C065776,19:12:13 07/26/19,f,ZZFall,1,1400 CIRCLE CITY DR;#25,COR
,,19C065777,19:12:38 07/26/19,lf,Man Down,1,800 SERFAS CLUB DR,CRA
,,19C065778,19:13:19 07/26/19,l,911 Hangup,2,1336 PLEASANT VIEW AVE,COR
,,19C065781,19:19:42 07/26/19,l,Susp Person,3,615 RICHEY ST; PROMENADE PARK,COR
,,19C065783,19:21:07 07/26/19,l,Follow Up,4,730 PUBLIC SAFETY WAY; CORONA POLICE; 19-07660,COR
,,19C065784,19:22:11 07/26/19,f,ZZSick,1,3109 JUNIPER DR,COR
,,19C065785,19:22:45 07/26/19,l,911 Hangup,2,881 CORSICA DR,COR
,,19C065786,19:23:25 07/26/19,l,Auto Theft Rec,4,4096 CASTLE PINES WAY,COR
,,19C065787,19:26:53 07/26/19,lf,Overdose,1,1570 W SIXTH ST; MIGUELS JR INC 6 AT CROWN COR WESTEND PLAZA,
,,19C065789,19:31:17 07/26/19,l,Property Check,4,418 N MAIN ST,COR
,,19C065790,19:38:14 07/26/19,l,Welfare Check,2,1750 VIA PACIFICA # N106,COR
,,19C065792,19:52:13 07/26/19,l,Domestic Distur,2,3184 HANNOVER ST,COR
,,19C065794,19:57:20 07/26/19,l,Follow Up,4,1207 GOLDENVIEW DR; JOHN FRANKLIN SERVICES,COR
,,19C065795,20:00:12 07/26/19,l,Property Check,4,512 W SIXTH ST,COR
,,19C065796,20:12:14 07/26/19,l,Traffic Stop,4,263 N LINCOLN AVE; FARMER BOYS,COR
,,19C065797,20:14:09 07/26/19,lf,Structure Fire,1,847 ROXBURY DR,COR
,,19C065798,20:14:28 07/26/19,l,H&S Violation,3,730 PUBLIC SAFETY WAY;LL CONT,COR
,,19C064949,20:14:36 07/26/19,l,Defraud Inkpr P,4,1300 EL SOBRANTE RD; THE TOASTED BARREL; LL CONT,COR
,,19C065801,20:37:50 07/26/19,l,Standby,4,E FOOTHILL PKWY & FULLERTON AVE,COR
,,19C065802,20:38:42 07/26/19,l,Accident,2,TOM BARNES ST & TEMESCAL CANYON RD,COR
,,19C065803,20:41:03 07/26/19,l,Ill Parked Veh,4,777 S TEMESCAL ST; CORONA LA LINDA MHP,COR
,,19C065804,20:54:15 07/26/19,l,Property Check,4,650 S MAIN ST; CITY LIBRARY,COR
YES,'Nature' garbled/scrambled text,19C065805,20:54:28 07/26/19,f,ZZFwy Acc w/inj,1,15 SB CAJALCO WEIRICK,TEM
YES,'Location' garbled/scrambled text,19C065807,21:06:24 07/26/19,lf,Battery Injury,1,1280 E SIXTH ST;SALVATION ARMY;STAGE,COR
,,19C065808,21:08:49 07/26/19,l,Shoplifting,2,330 N MCKINLEY ST; ROSS DRESS FOR LESS,COR
,,19C065809,21:09:58 07/26/19,l,Hazard,3,CALIFORNIA AVE & E ONTARIO AVE,COR
,,19C065811,21:20:51 07/26/19,l,Patrol Info,4,1180 E ONTARIO AVE; JACK IN THE BOX,COR
,,19C065812,21:22:25 07/26/19,f,ZZSick,1,1400 CIRCLE CITY DR;#218 CORONA RESIDENTIAL CARE CENTER LLC,COR
,,19C065813,21:27:01 07/26/19,f,ZZSeizure,1,640 FORD ST,COR
,,19C065815,21:33:57 07/26/19,l,Traffic Stop,4,N SHERIDAN ST & W BLAINE ST,COR
,,19C065816,21:34:35 07/26/19,f,ZZSick,1,1400 CIRCLE CITY DR;#231 CORONA RESIDENTIAL CARE CENTER LLC,COR
,,19C065817,21:34:58 07/26/19,l,Property Check,4,1350 VALENCIA RD; ORANGE ELEMENTARY,COR
,,19C065819,21:35:57 07/26/19,l,Domestic Distur,2,2160 HIGHPOINTE DR,COR
,,19C065820,21:39:33 07/26/19,l,Disturb Peace,3,2241 INDIGO HILLS DR # 4,COR
,,19C065822,21:47:30 07/26/19,l,Alarm Call,2,1144 MARAVILLA CIR,COR
,,19C065823,21:48:12 07/26/19,l,Loud Party,3,1122 LAVENDAR WAY,COR
,,19C065824,21:50:29 07/26/19,l,Traffic Stop,4,E THIRD ST & S MAIN ST,COR
,,19C065825,22:06:22 07/26/19,l,Loud Noise,3,162 N BUENA VISTA AVE,COR
,,19C065826,22:09:50 07/26/19,l,911 Hangup,2,1626 TURQUOISE DR; PREM D,COR
,,19C065831,22:16:10 07/26/19,l,Trespass Past,4,479 N MCKINLEY ST; WALMART,COR
,,19C065832,22:20:24 07/26/19,l,Assist Othr Dpt,3,1783 RIVERSTONE ST; CPS,COR
,,19C065833,22:20:47 07/26/19,l,Loud Party,3,154 N BUENA VISTA AVE,COR
,,19C065834,22:29:18 07/26/19,l,Susp Person,3,2085 HIGHPOINTE DR; W/ BAT,COR
,,19C065837,22:37:55 07/26/19,l,Area Check,3,1122 W GRAND BLVD,COR
,,19C065838,22:38:45 07/26/19,l,Property Check,4,1701 W SIXTH ST,COR
,,19C065840,22:40:44 07/26/19,i,911 Hangup,2,939 CHEYENNE RD,COR
,,19C065842,22:47:01 07/26/19,l,Court Order Vio,3,2551 ROSSER DR,COR
,,19C065845,22:49:09 07/26/19,l,Susp Vehicle,3,950 ESTHER DR,COR
,,19C065846,22:50:31 07/26/19,l,Welfare Check,2,750 S LINCOLN AVE # 105; LITTLE CAESARS PIZZA,COR
,,19C065848,22:57:32 07/26/19,l,Citizen Contact,3,2751 GREEN RIVER RD # 101; LL CONT,COR
,,19C065849,23:05:42 07/26/19,l,Traffic Stop,4,1400 PERA ST,COR
,,19C065850,23:11:26 07/26/19,f,ZZBreathing,1,947 ESTHER DR,COR
,,19C065852,23:20:46 07/26/19,l,Loud Noise,3,2700 RIDGELINE DR;UNIT 208 OR 308,COR
,,19C065853,23:21:22 07/26/19,l,DV-Assault Past,3,2591 GRIFFIN WAY,COR
,,19C065854,23:26:52 07/26/19,l,Susp Vehicle,3,1010 BURR ST,COR
,,19C065855,23:27:43 07/26/19,l,Property Check,4,260 W FOOTHILL PKWY; ALBERTSONS,COR
,,19C065858,23:33:14 07/26/19,l,Dist/Verbal,2,1155 AQUAMARINE LN,COR
,,19C065859,23:43:39 07/26/19,l,Susp Person,3,1550 E ONTARIO AVE; SHELL GAS,COR
,,19C065860,23:44:58 07/26/19,l,Battery Past,3,930 CEDAR ST,COR
,,19C065861,23:45:58 07/26/19,lf,Man Down,1,1530 W SIXTH ST # 102; T AND H LIQUOR,COR
,,19C065862,23:47:08 07/26/19,l,Alarm Call,2,1243 OVERLAND LN,COR
,,19C065863,23:48:22 07/26/19,l,Traffic Stop,4,AVENIDA DEL VISTA & BERYL LN,COR
,,19C065864,23:55:46 07/26/19,l,Loud Party,3,3624 ALLEGHENY ST,COR
,,19C065865,23:55:51 07/26/19,l,911 Hangup,2,2600 S MAIN ST; CORONA POST ACUTE,COR
,,19C065866,00:02:31 07/27/19,l,Domestic Distur,2,1550 RIMPAU AVE # 153,COR
,,19C065867,00:04:50 07/27/19,l,911 Hangup,2,2750 RIDGELINE DR # 306,COR
,,19C065868,00:07:15 07/27/19,l,Assist Othr Dpt,3,1817 KINGSFORD DR;SBSO,COR
,,19C065870,00:18:27 07/27/19,l,Auto Theft Rec,3,910 W ONTARIO AVE; RITE AID 5583,COR
,,19C065871,00:24:45 07/27/19,l,Property Check,4,2500 CABOT DR,COR
,,19C065872,00:28:08 07/27/19,l,Traffic Stop,4,W SIXTH ST & S MERRILL ST,COR
,,19C065873,00:29:11 07/27/19,l,Traffic Stop,4,W SECOND ST & S LINCOLN AVE,COR
,,19C065874,00:53:05 07/27/19,l,Disturb Peace,3,800 S MAIN ST; CORONA REGIONAL MEDICAL CENTER,COR
,,19C065875,00:53:37 07/27/19,l,Susp Person,3,3348 REDPORT DR,COR
,,19C065879,01:12:15 07/27/19,l,Loud Noise,3,1315 PLEASANT VIEW AVE,COR
,,19C065881,01:17:56 07/27/19,l,Disturb Peace,3,2305 COMPTON AVE,COR
,,19C065882,01:19:59 07/27/19,l,Property Check,4,1140 E ONTARIO AVE; CHEVRON STATION,COR
,,19C065883,01:37:54 07/27/19,l,Dist/Verbal,2,1865 BAYWOOD DR # 102,COR
,,19C065884,01:38:02 07/27/19,l,Petty Theft P,4,165 N MCKINLEY ST;,COR
,,19C065885,01:38:26 07/27/19,l,Stranded Veh,3,1550 E ONTARIO AVE; SHELL GAS,COR
,,19C065886,01:39:49 07/27/19,l,Loud Party,3,3158 NEW HAMPSHIRE DR,COR
,,19C065889,02:07:39 07/27/19,l,Auto Theft Past,3,2795 CABOT DR # 155; TGI FRIDAYS,COR
,,19C065890,02:17:09 07/27/19,l,Drunk Driver,2,4718 GREEN RIVER RD # B; TACO BELL,COR
,,19C065891,02:45:56 07/27/19,l,Flag Down,4,1550 E ONTARIO AVE; SHELL GAS,COR
,,19C065892,02:47:39 07/27/19,l,Alarm Call,2,2305 COMPTON AVE; IN N OUT BURGER,COR
,,19C065893,02:56:08 07/27/19,l,Property Check,4,611 W SIXTH ST,COR
,,19C065894,02:56:29 07/27/19,l,Property Check,4,900 W SIXTH ST,COR
,,19C065895,02:57:06 07/27/19,l,Traffic Stop,4,E ONTARIO AVE & 15 SB OFF RAMP,COR
,,19C065896,03:06:28 07/27/19,l,Property Check,4,860 N COTA ST,COR
,,19C065897,03:09:22 07/27/19,l,Vehicle Check,4,928 E ONTARIO,COR
,,19C065898,03:10:00 07/27/19,l,Property Check,4,615 RICHEY ST; PROMENADE PARK,COR
,,19C065899,03:12:38 07/27/19,l,Susp Person,3,1635 KELLOGG AVE; KELLOGG PARK,COR
,,19C065901,03:44:38 07/27/19,l,Traffic Stop,4,S SHERMAN AVE & W TENTH ST,COR
,,19C065902,03:52:55 07/27/19,f,ZZSeizure,1,650 LA CUMBRE CIR,COR
,,19C065903,04:14:00 07/27/19,l,Welfare Check,2,1307 W SIXTH ST,COR
,,19C065904,04:23:28 07/27/19,l,Property Check,4,2305 COMPTON AVE; IN N OUT BURGER,COR
,,19C065905,04:27:22 07/27/19,l,Alarm Call,2,418 N MAIN ST; METRO AT MAIN,COR
,,19C065906,04:28:06 07/27/19,l,Property Check,4,3950 S MAIN ST; ATT TOWER,COR
,,19C065907,04:51:59 07/27/19,l,Alarm Call,2,620 E SIXTH ST # 104; METRO PCS,COR
,,19C065908,04:54:57 07/27/19,l,Vehicle Check,4,LESTER AVE & E UPPER DR,COR
,,19C065909,05:07:41 07/27/19,l,Alarm Call,2,1120 OLYMPIC DR; ACTION INDUSTRIES DIV OF BASIC L CORP,COR
,,19C065910,05:08:53 07/27/19,lf,Unknown Fire,1,2600 GARRETSON AVE,COR
,,19C065913,05:19:38 07/27/19,l,Auto Theft Past,3,3229 STONEBERRY LN,COR
,,19C065915,05:21:58 07/27/19,l,Missing Person,2,2708 BLUE SPRINGS DR ; #301,COR
,,19C065917,06:19:06 07/27/19,lf,Man Down,1,2490 WARDLOW RD,COR
,,19C065918,06:25:28 07/27/19,l,911 Hangup,2,545 ALCOA CIR; phase 1,COR
,,19C065919,06:34:59 07/27/19,l,Welfare Check,2,940 BLOSSOM HILL DR ; POSS 415DV,COR
,,19C065920,06:50:21 07/27/19,l,911 Hangup,2,598 SANTANA WAY; SANTANA PARK,COR
,,19C065921,06:55:56 07/27/19,f,ZZSick,1,1400 CIRCLE CITY DR; #27,COR
,,19C065922,06:58:26 07/27/19,l,Follow Up,4,730 PUBLIC SAFETY WAY; CORONA POLICE,COR
,,19C065924,07:07:58 07/27/19,l,Traffic Stop,4,W SIXTH ST & S LINCOLN AVE,COR
,,19C065925,07:13:16 07/27/19,l,Traffic Stop,4,S LINCOLN AVE & W EIGHTH ST,COR
,,19C065926,07:15:13 07/27/19,l,Vehicle Check,4,4300 PRADO RD,COR
,,19C065927,07:20:01 07/27/19,l,Vehicle Check,4,2470 TUSCANY ST; TOYS R US,COR
,,19C065929,07:23:56 07/27/19,l,Property Check,4,3555 GRAND OAKS;,COR
,,19C065930,07:24:34 07/27/19,l,Traffic Stop,4,1204 MAGNOLIA AVE; MOBIL GAS,COR
,,19C065931,07:30:00 07/27/19,l,Vehicle Check,4,200 N LINCOLN AVE; MOTEL 6,COR
,,19C065932,07:35:06 07/27/19,l,911 Hangup,2,4059 S TEMESCAL ST,COR
,,19C065933,07:35:49 07/27/19,l,Disturb Peace,3,598 SANTANA WAY; SANTANA PARK; HOMELESS,COR
,,19C065934,07:38:10 07/27/19,l,911 Hangup,2,1501 CRESTA RD,COR
,,19C065935,07:39:56 07/27/19,f,ZZGas Leak Res,1,4059 S TEMESCAL ST,HGS
,,19C065936,07:45:27 07/27/19,l,Traffic Stop,4,S MAIN ST & E THIRD ST,COR
,,19C065937,07:46:20 07/27/19,l,Public Service,3,1550 RIMPAU AVE; VILLA CORONA MHP; GATE CLOSURE,COR
,,19C065938,07:55:12 07/27/19,l,Accident,2,319 S BELLE AVE,COR
,,19C065940,07:56:35 07/27/19,l,Traffic Stop,4,301 S LINCOLN AVE ; CARDENAS PLOT,COR
,,19C065941,07:57:11 07/27/19,l,Property Check,4,935 N MCKINLEY ST; VINEYARD CHURCH,COR
,,19C065942,08:04:23 07/27/19,l,Disturb Peace,3,1312 E ONTARIO AVE # 101; BANK OF AMERICA; COR HOMELESS,
,,19C065943,08:08:08 07/27/19,l,Veh Burg Past,4,938 BLUE CREST ST; LL CONT C4,COR
,,19C065944,08:25:36 07/27/19,l,Accident,2,N MAIN ST & RIVER RD,COR
,,19C065945,08:28:29 07/27/19,l,Standby,4,S LINCOLN AVE & W FOOTHILL PKWY,COR
,,19C065946,08:29:01 07/27/19,l,Assist Othr Dpt,3,2769 LA CIMA RD ; STREETS,COR
,,19C065947,08:39:36 07/27/19,l,Mail Theft,2,4637 TEMESCAL CANYON RD; #307,COR
,,19C065948,08:44:13 07/27/19,l,Alarm Call,2,1247 PASEO AZUL WAY,COR
,,19C065949,08:51:23 07/27/19,l,Standby,4,S SHERIDAN ST & W FIFTH ST,COR
,,19C065950,08:52:07 07/27/19,l,Special Detail,4,N LINCOLN AVE & POMONA RD,COR
,,19C065951,09:00:15 07/27/19,l,Citizen Contact,3,1346 WIGEON DR ; FRNT PD LOT,COR
,,19C065952,09:00:17 07/27/19,l,Susp Person,3,S BELLE AVE & W ONTARIO AVE,COR
,,19C065953,09:02:10 07/27/19,l,Property Check,4,1200 W NINTH ST,COR
,,19C065954,09:02:13 07/27/19,l,Alarm Call,2,2380 FULLERTON; CROSSROADS SCHOOL,COR
,,19C065955,09:08:38 07/27/19,l,CMC Violation,4,173 TAMARACK DR,COR
,,19C065956,09:17:05 07/27/19,f,ZZFwy UnkInjury,1,91 WB 71 GREEN RIVER,RVC
,,19C065957,09:18:12 07/27/19,l,Citizen Contact,3,2153 WEMBLEY LN ; LL CONT,COR
,,19C065958,09:20:45 07/27/19,f,ZZFall,1,420 W HARRISON ST,COR
,,19C065959,09:21:44 07/27/19,f,ZZPublicSrvceF,2,2073 S LINCOLN AVE,COR
,,19C065960,09:22:51 07/27/19,f,ZZSick,1,2320 MOUNT HUMPHRIES CIR # 104,COR
,,19C065961,09:27:48 07/27/19,f,ZZFwy Veh Fire,1,91 WB MCKINLEY MAIN,COR
,,19C065962,09:28:50 07/27/19,l,Traffic Stop,4,HIDDEN VALLEY PKWY & 15 NB ON RAMP,COR
,,19C065963,09:29:01 07/27/19,f,ZZFwy Veh Fire,1,91 WB MCKINLEY MAIN,COR
YES,'Nature' garbled/scrambled text,19C065965,09:32:32 07/27/19,f,ZZFwy Acc w/inj,1,91 WB GREEN RIVER OC LINE,COR
,,19C065969,09:42:25 07/27/19,l,Property Check,4,260 W FOOTHILL PKWY; ALBERTSONS,COR
,,19C065970,09:44:47 07/27/19,lf,Structure Fire,1,320 REED CIR,COR
,,19C065972,09:46:31 07/27/19,l,Property Check,4,111 N LINCOLN AVE; ARCO AM PM,COR
,,19C065973,09:50:17 07/27/19,l,Traffic Stop,4,S MAIN ST & 91 EB OFF RAMP,COR
,,19C065975,09:54:12 07/27/19,l,Property Check,4,FOOTHILL AT SKYLINE,COR
,,19C065976,09:54:30 07/27/19,l,Property Check,4,400 PENROSE DR,COR
,,19C065978,09:55:33 07/27/19,f,ZZSick,1,1400 CIRCLE CITY DR; CORONA RESIDENTIAL CARE CENTER LLC;#9,COR
,,19C065979,10:03:26 07/27/19,l,Ill Parked Veh,4,MAGNOLIA AVE & FULLERTON AVE,COR
,,19C065980,10:04:33 07/27/19,l,Property Check,4,160 W FOOTHILL PKWY # 105; UPS STORE,COR
,,19C065982,10:09:52 07/27/19,lf,Accident Inj,1,21779 TEMESCAL CANYON RD,TEM
,,19C065983,10:12:29 07/27/19,l,Traffic Stop,4,GREEN RIVER RD & TANGLEWOOD DR,COR
,,19C065986,10:18:35 07/27/19,l,Traffic Stop,4,GREEN RIVER RD & TANGLEWOOD DR,COR
,,19C065988,10:22:15 07/27/19,l,Standby,4,788 GIANNI DR,COR
,,19C065989,10:24:34 07/27/19,l,Ped Check,4,650 S MAIN ST; CITY LIBRARY,COR
,,19C065990,10:25:33 07/27/19,l,H&S Violation,3,1886 BUTTERFIELD DR; BUTTERFIELD PARK,COR
,,19C065992,10:26:33 07/27/19,l,Traffic Stop,4,GREEN RIVER RD & SAN SIMEON DR,COR
,,19C065993,10:27:14 07/27/19,l,Property Check,4,470 HIDDEN VALLEY PKWY; KOHLS,COR
,,19C065994,10:28:49 07/27/19,l,Unknown Problem,1,RIMPAU AVE & SPRUCE ST ; AREA,COR
,,19C065996,10:32:30 07/27/19,l,Dist/Physical,1,1932 LYNWOOD CIR,COR
,,19C065998,10:33:24 07/27/19,l,Traffic Stop,4,GREEN RIVER RD & SAN SIMEON DR,COR
,,19C065999,10:34:42 07/27/19,f,ZZAA MedicalAid,1,FOOTHILL AT SKYLINE,COR
,,19C066000,10:37:42 07/27/19,l,Alarm Call,2,135 N MCKINLEY ST; INLAND EMPIRE ADULT DAY COR HEALTH CARE CTR,
,,19C066002,10:46:45 07/27/19,l,DV-Assault,1,705 N MAIN ST,COR
,,19C066003,10:51:03 07/27/19,l,Welfare Check,2,1518 KELLOGG AVE,COR
,,19C066004,10:51:11 07/27/19,l,Traffic Stop,4,S MAIN ST & W FIFTH ST,COR
,,19C066005,10:53:06 07/27/19,l,911 Hangup,2,1501 MARSHALL LN,COR
,,19C066009,11:02:22 07/27/19,f,ZZAbdominalPain,1,150 N BUENA VISTA AVE,COR
,,19C066010,11:08:10 07/27/19,l,Welfare Check,2,3024 SONRISA DR,COR
,,19C066011,11:10:21 07/27/19,l,Traffic Stop,4,N MCKINLEY ST & ESTELLE ST,COR
,,19C066012,11:10:56 07/27/19,l,H&S Violation,3,480 N MCKINLEY ST,COR
,,19C066013,11:12:07 07/27/19,f,ZZFall,1,3154 SHANDWICK CIR,COR
,,19C066014,11:17:33 07/27/19,l,911 Hangup,2,3154 SHANDWICK CIR,COR
,,19C066015,11:18:12 07/27/19,l,Additional Info,4,2520 TUSCANY ST,COR
,,19C066016,11:19:04 07/27/19,l,Traffic Stop,4,PARK VIEW / KENNEL,
,,19C066018,11:20:58 07/27/19,l,Traffic Stop,4,W FOOTHILL PKWY & S LINCOLN AVE,COR
,,19C066019,11:22:37 07/27/19,l,911 Hangup,2,1150 W TENTH ST,COR
,,19C066020,11:27:31 07/27/19,f,ZZSick,1,995 HALEY TALBERT DR,COR
,,19C066023,11:27:59 07/27/19,l,Trespass,3,1402 E ONTARIO AVE; ARCO AMPM AT IN AND OUT CENTER,COR
,,19C066024,11:28:55 07/27/19,l,Traffic Stop,4,N MAIN ST & RIVER RD; TSHIRT MART PLOT,COR
,,19C066025,11:31:31 07/27/19,l,Vehicle Check,4,2700 WARDLOW RD,CRA
,,19C066026,11:33:01 07/27/19,l,Traffic Stop,4,W FOOTHILL PKWY & W CHASE DR,COR
,,19C066027,11:33:52 07/27/19,l,Alarm Call,2,244 JASON CT; JOHN GRIFFIN CONSTRUCTION INC,COR
,,19C066028,11:34:09 07/27/19,l,Traffic Stop,4,N MAIN ST & E GRAND BLVD,COR
,,19C066029,11:36:08 07/27/19,l,Property Check,4,800 S MAIN ST; CORONA REGIONAL MEDICAL CENTER,COR
,,19C066030,11:37:09 07/27/19,l,Disturb Peace,3,598 SANTANA WAY; SANTANA PARK,COR
,,19C066031,11:38:51 07/27/19,l,Traffic Stop,4,301 S LINCOLN AVE,COR
,,19C066032,11:41:30 07/27/19,l,Citizen Contact,3,3024 SONRISA DR,COR
,,19C066033,11:44:51 07/27/19,l,Traffic Stop,4,301 S LINCOLN AVE,COR
,,19C066035,11:49:44 07/27/19,l,Z-Animal Svcs,4,4718 GREEN RIVER RD; STARBUCKS,COR
,,19C066037,11:50:30 07/27/19,lf,Cardiac Arrest,1,2489 CALIFORNIA AVE # 106; ESTANCIA DEL SOL,COR
,,19C066038,11:51:35 07/27/19,l,Traffic Stop,4,301 S LINCOLN AVE,COR
,,19C066039,11:52:09 07/27/19,l,Standby,4,1351 POMONA RD; PUBLIC STORAGE,COR
,,19C066041,11:57:21 07/27/19,l,Traffic Stop,4,SIERRA VISTA ST & W FIFTH ST,COR
,,19C066044,12:01:34 07/27/19,l,Court Order Vio,3,1058 W OLIVE ST,COR
,,19C066045,12:05:05 07/27/19,l,911 Hangup,2,505 S BUENA VISTA AVE,COR
,,19C066047,12:12:54 07/27/19,f,ZZFall,1,19833 GRANDVIEW DR,ELC
,,19C066048,12:14:14 07/27/19,l,Auto Theft Rec,4,PASEO GRANDE & BRAE BURN DR,CRA
,,19C066049,12:15:33 07/27/19,l,Welfare Check,2,730 LA LOMA LN,COR
,,19C066051,12:17:47 07/27/19,l,Disturb Peace,3,2316 PALISADES DR # 101; PALISADES AT SIERRA DEL ORO,COR
,,19C066053,12:25:55 07/27/19,l,Veh Burg Past,4,2840 FASHION DR; #404; FRNT PD LOT,COR
,,19C066054,12:27:34 07/27/19,l,Trespass,3,725 S MAIN ST; 99 CENT STORE,COR
,,19C066055,12:29:49 07/27/19,l,Alarm Call,2,1285 MAGNOLIA AVE; LOWES,COR
,,19C066056,12:33:03 07/27/19,l,Welfare Check,2,1182 MERLIN LN ; POSS 5150,COR
,,19C066057,12:35:10 07/27/19,l,911 Hangup,2,3665 BRIARVALE ST,HGS
,,19C066058,12:36:15 07/27/19,l,911 Hangup,2,881 CORSICA DR,COR
,,19C066059,12:37:03 07/27/19,l,Domestic Distur,2,841 N MAIN ST; ALAMILLAS MEXICAN FOOD AT PARKRIDGE PLAZA,COR
,,19C066060,12:38:12 07/27/19,l,911 Hangup,2,1000 W RINCON ST; TALCO PLASTICS INC,COR
,,19C066061,12:39:00 07/27/19,l,Property Check,4,2125 STAGECOACH DR; STAGECOACH PARK,COR
,,19C066062,12:41:33 07/27/19,l,Assist Othr Dpt,3,FULLERTON AVE & E FOOTHILL PKWY,COR
,,19C066063,12:49:38 07/27/19,l,Unknown Problem,1,777 S TEMESCAL ST # 115,COR
,,19C066064,12:50:30 07/27/19,l,911 Hangup,2,E ONTARIO AVE & STATE ST,COR
,,19C066065,12:57:40 07/27/19,lf,911 Hangup,2,2600 S MAIN ST; #182B; CORONA POST ACUTE,COR
,,19C066067,13:07:12 07/27/19,l,911 Hangup,2,3210 S MAIN ST,COR
,,19C066069,13:09:01 07/27/19,f,ZZHeat/Cold Exp,1,420 N MAIN ST,COR
,,19C066070,13:09:43 07/27/19,l,Flag Down,4,420 N MAIN ST,COR
,,19C066071,13:13:31 07/27/19,l,Disturb Peace,3,612 GREENGATE ST ; FAMILY,COR
,,19C066072,13:15:13 07/27/19,l,Alarm Call,2,1421 RIMPAU AVE; SUNRISE CHILDREN,COR
,,19C066073,13:20:00 07/27/19,l,Alarm Call,2,1128 QUARRY ST;PULLEY RESIDENCE,COR
,,19C066074,13:21:54 07/27/19,l,Alarm Call,2,4740 GREEN RIVER RD # 118; HGN CORONA PARTNERS,COR
,,19C066075,13:26:46 07/27/19,lf,Vegetation Low,1,MAGNOLIA AVE & N MCKINLEY ST,COR
,,19C066076,13:29:17 07/27/19,f,ZZFall,1,2005 KELLOGG AVE; BROOKDALE,COR
,,19C066078,13:30:44 07/27/19,l,911 Hangup,2,414 BURR ST,COR
,,19C066080,13:32:37 07/27/19,l,Alarm Call,2,548 C L FLEMING CIR,COR
,,19C066081,13:33:49 07/27/19,l,Alarm Call,2,1932 ELISE WAY; WE DO EQUIPMENT,COR
,,19C066082,13:34:30 07/27/19,l,Traffic Stop,4,E FOOTHILL PKWY & MONTICELLO DR,COR
,,19C066083,13:38:35 07/27/19,f,ZZSmoke Com,1,1065 E THIRD ST; DOLLAR STOARGE,COR
,,19C066086,13:42:22 07/27/19,l,Dist/Verbal,2,2159 PINE CREST DR,CRA
YES,'Location' garbled/scrambled text,19C066088,13:47:43 07/27/19,l,Disturb Peace,3,1646 DAWNRIDGE; BRENTWOOD PARK;MUSIC,COR
,,19C066089,14:02:24 07/27/19,l,Alarm Call,2,495 E RINCON ST # 215,COR
,,19C066090,14:05:47 07/27/19,l,Property Check,4,1380 EL SOBRANTE RD; DENTAL ASSOCIATES OF COR CORONA,
,,19C066091,14:12:07 07/27/19,lf,Man Down,1,1245 W SIXTH ST; H I S UNIVERSITY,COR
,,19C066092,14:12:35 07/27/19,l,Property Check,4,1133 QUARRY ST,COR
,,19C066093,14:15:57 07/27/19,l,Ill Parked Veh,4,891 BRAMBLE LN,COR
,,19C066094,14:17:12 07/27/19,l,Accident,2,MAGNOLIA AVE & FULLERTON AVE,COR
,,19C066095,14:25:19 07/27/19,f,ZZBleeding,1,2865 COTTAGE DR,COR
,,19C066096,14:29:29 07/27/19,l,Traffic Stop,4,730 PUBLIC SAFETY WAY; CORONA POLICE,COR
,,19C066097,14:35:06 07/27/19,l,Alarm Call,2,800 MAGNOLIA AVE # 102; CLYNES CHIROPRACTIC,COR
YES,'Nature' garbled/scrambled text,19C066098,14:38:19 07/27/19,f,ZZFwy Acc w/inj,1,71 SB FROM EUCLID 91 WB,RVC
,,19C066099,14:39:40 07/27/19,l,Traffic Stop,4,MAGNOLIA AVE & FULLERTON AVE,COR
,,19C066101,14:43:26 07/27/19,f,ZZHeat/Cold Exp,1,3100 S MAIN ST; MOUNTAINGATE PARK,COR
,,19C066103,14:49:57 07/27/19,l,Traffic Stop,4,N MAIN ST & E GRAND BLVD,COR
,,19C066104,14:49:58 07/27/19,l,Alarm Call,2,1932 ELISE CIR,COR
YES,'Nature' garbled text (embedded symbol),19C066105,14:52:59 07/27/19,f,ZZFaint/Uncons,1,1402 E ONTARIO AVE; ARCO AMPM AT IN AND OUT CENTER,COR
,,19C066106,14:54:06 07/27/19,l,Disturb Peace,3,581 N MCKINLEY ST; #103 CICI'S PIZZA,COR
,,19C066107,14:54:42 07/27/19,l,Traffic Stop,4,W SECOND ST & S LINCOLN AVE,COR
,,19C066108,14:58:16 07/27/19,l,911 Hangup,2,210 S LINCOLN AVE,COR
,,19C066109,14:59:04 07/27/19,l,Follow Up,4,1395 E FOOTHILL PKWY; SANTIAGO HIGH SCHOOL,COR
,,19C066110,15:00:20 07/27/19,l,Alarm Call,2,809 E PARKRIDGE AVE; DUONETICS CORPORATION,COR
,,19C066111,15:00:50 07/27/19,l,Domestic Distur,2,250 E BLAINE ST; METRO LINK,COR
,,19C066113,15:06:08 07/27/19,l,Follow Up,4,1395 E FOOTHILL PKWY; SANTIAGO HIGH SCHOOL,COR
,,19C066114,15:11:03 07/27/19,l,911 Hangup,2,598 SANTANA WAY; SANTANA PARK,COR
,,19C066115,15:11:27 07/27/19,l,Traffic Stop,4,W SIXTH ST & S LINCOLN AVE,COR
,,19C066116,15:15:06 07/27/19,l,Battery Past,3,1221 CARTER LN,COR
,,19C066117,15:22:54 07/27/19,l,Disturb Peace,3,CITRUS WAY & S MAIN ST,COR
,,19C066118,15:31:45 07/27/19,l,911 Hangup,2,881 CORSICA DR,COR
,,19C066119,15:32:36 07/27/19,l,911 Hangup,2,2381 MOUNT HUMPHRIES CIR,COR
,,19C066120,15:32:39 07/27/19,l,DV-Assault,1,S VICENTIA AVE & W SIXTH ST,COR
,,19C066121,15:33:19 07/27/19,l,DV-Assault,1,307 S VICENTIA AVE,COR
,,19C066122,15:33:59 07/27/19,l,911 Hangup,2,2721 GREEN RIVER RD; CASA TAQUITO,COR
,,19C066123,15:37:53 07/27/19,l,Ill Parked Veh,4,1086 ELMHURST ST,COR
,,19C066124,15:38:02 07/27/19,l,911 Hangup,2,2893 LA VISTA AVE,COR
,,19C066125,15:38:14 07/27/19,f,ZZDiabetic,1,2893 LA VISTA AVE,COR
,,19C066127,15:42:19 07/27/19,l,Alarm Call,2,2505 CHAD ZELLER LN ;LARIOS RESD,COR
,,19C066129,15:47:31 07/27/19,l,Fraud Past,4,791 MONTAGUE DR;LL CONT,COR
,,19C066131,15:54:31 07/27/19,l,Alarm Call,2,1147 E SIXTH ST;USDA FOREST SERVICE,COR
,,19C066135,16:09:28 07/27/19,l,Traffic Stop,4,615 RICHEY ST; PROMENADE PARK,COR
,,19C066136,16:10:02 07/27/19,l,Additional Info,4,725 W NINTH ST,COR
,,19C066138,16:17:08 07/27/19,l,Disturb Peace,3,369 MAGNOLIA AVE; VONS,COR
YES,'Location' garbled/scrambled text,19C066139,16:18:29 07/27/19,l,Alarm Call,2,1450 POMONA RD; CARCREDIT AUTOGROUP,COR
,,19C066140,16:23:19 07/27/19,l,Traffic Stop,4,W FOOTHILL PKWY & PASEO GRANDE,COR
,,19C066141,16:23:28 07/27/19,l,Suspicious Circ,3,530 HIDDEN VALLEY PKWY # 101; QUICKSILVER,COR
,,19C066143,16:28:45 07/27/19,l,Property Check,4,800 S MAIN ST; CORONA REGIONAL MEDICAL CENTER,COR
,,19C066144,16:28:51 07/27/19,l,Property Check,4,405 PENROSE DR,COR
,,19C066147,16:33:36 07/27/19,l,Fraud Past,4,4008 CROWN RANCH RD,COR
YES,'Location' garbled/scrambled text,19C066148,16:37:13 07/27/19,l,Alarm Call,2,1440 CHALGROVE DR # E; SOTELO RESD,COR
,,19C066149,16:45:44 07/27/19,l,Test,4,2600 S MAIN ST; CORONA POST ACUTE,COR
,,19C066151,16:53:37 07/27/19,l,Disturb Peace,3,715 S VICTORIA AVE # C,COR
,,19C066152,16:54:05 07/27/19,f,ZZMedical Alert,1,350 N MCKINLEY ST; TEXAS ROAD HOUSE,COR
,,19C066153,17:09:55 07/27/19,l,Welfare Check,2,E ONTARIO AVE & RIMPAU AVE,COR
,,19C066154,17:11:10 07/27/19,l,Alarm Call,2,1159 MARAVILLA CIR,COR
,,19C066155,17:13:07 07/27/19,l,Disturb Peace,2,2951 VIA TOSCANA # 202,COR
,,19C066156,17:17:47 07/27/19,l,911 Hangup,2,RAILROAD ST & HELICOPTER CIR,COR
,,19C066157,17:19:00 07/27/19,l,Vehicle Check,4,1300 KROONEN DR,COR
,,19C066158,17:20:05 07/27/19,l,Suspicious Circ,3,W SIXTH ST & S VICENTIA AVE,COR
,,19C066161,17:28:25 07/27/19,f,ZZSick,1,RIMPAU AVE & E ONTARIO AVE; PD ON SCENE,COR
,,19C066162,17:31:13 07/27/19,l,911 Hangup,2,2035 CALIFORNIA AVE; METROPCS CALIFORNIA LLC,COR
,,19C066163,17:36:28 07/27/19,f,ZZFall,1,1641 SAN ALMADA RD,COR
,,19C066164,17:41:15 07/27/19,f,ZZSick,1,403 S SHERIDAN ST,COR
,,19C066166,17:43:32 07/27/19,l,Petty Theft,3,1290 E ONTARIO AVE; WALMART,COR
,,19C066167,17:46:57 07/27/19,l,911 Hangup,2,2995 BRIARHAVEN LN,COR
,,19C066168,17:48:44 07/27/19,l,Suspicious Circ,3,N SHERIDAN ST & RAILROAD ST,COR
,,19C066171,17:54:25 07/27/19,l,Petty Theft P,4,1560 W SIXTH ST;WALMART,COR
,,19C066172,17:56:27 07/27/19,l,911 Hangup,2,1000 W RINCON ST,COR
,,19C066173,17:58:52 07/27/19,l,Alarm Call,2,5215 GREEN RIVER RD;GOLF COURSE MAINTENANCE,COR
,,19C066176,18:11:42 07/27/19,f,ZZSick,1,1180 CALIFORNIA AVE,COR
,,19C066177,18:17:22 07/27/19,l,Property Check,4,418 N MAIN ST,COR
,,19C066179,18:30:05 07/27/19,l,Property Check,4,1701 W SIXTH ST,COR
,,19C066181,18:42:13 07/27/19,l,Welfare Check,2,875 RIVER RD # 222; RIVER RUN APTS; RIVER RUN SR APTS,COR
,,19C066182,18:49:10 07/27/19,l,Property Check,4,400 PENROSE DR,COR
,,19C066183,18:50:34 07/27/19,l,Alarm Call,2,800 MAGNOLIA AVE # 110; CORONA VA,COR
,,19C066184,18:50:42 07/27/19,l,Property Check,4,135 E ONTARIO AVE,COR
,,19C066185,18:53:35 07/27/19,l,Ped Check,4,725 S MAIN ST; 99 CENT STORE,COR
,,19C066186,18:54:03 07/27/19,f,ZZFall,1,737 MAGNOLIA AVE # 125,COR
,,19C066187,18:59:39 07/27/19,l,Property Check,4,3994 CAMELBACK CIR,COR
,,19C066188,18:59:42 07/27/19,l,Trespass,3,4425 OWENS ST,COR
,,19C066189,19:00:29 07/27/19,l,Follow Up,4,730 PUBLIC SAFETY WAY; CORONA POLICE; 19-07649,COR
,,19C066191,19:02:39 07/27/19,l,Traffic Stop,4,569 BATEMAN CIR; R C STORE MAINTENANCE INC,COR
,,19C066194,19:09:30 07/27/19,l,Traffic Stop,4,91 WB ON RAMP & S LINCOLN AVE,COR
,,19C066196,19:11:14 07/27/19,l,Test,4,849 W SIXTH ST,COR
,,19C066198,19:20:26 07/27/19,l,Property Check,4,2661 GREEN RIVER RD; RALPHS,COR
,,19C066199,19:24:14 07/27/19,l,Property Check,4,615 RICHEY ST; PROMENADE PARK,COR
,,19C066200,19:25:29 07/27/19,l,Property Check,4,400 S VICENTIA AVE; CITY HALL,COR
,,19C066202,19:29:59 07/27/19,l,Follow Up,4,1009 ARSENAL WAY; LIVING TRUTH CHURCH,COR
,,19C066203,19:30:26 07/27/19,l,Property Check,4,1009 ARSENAL WAY; LIVING TRUTH CHURCH,COR
,,19C066204,19:30:31 07/27/19,l,Vehicle Check,4,POMONA RD & INDUSTRIAL WAY,COR
,,19C066205,19:30:52 07/27/19,l,Traffic Stop,4,1701 W SIXTH ST,COR
,,19C066206,19:32:39 07/27/19,l,Dist/Verbal,2,1317 OLEANDER CIR ;POSS MANGUN,COR
,,19C066207,19:40:07 07/27/19,l,Property Check,4,1750 W SIXTH ST,COR
,,19C066208,19:41:58 07/27/19,l,Patrol Info,4,91 WEST BOUND OFF RAMP & N MCKINLEY ST,COR
,,19C066209,19:43:26 07/27/19,l,911 Hangup,2,598 SANTANA WAY; SANTANA PARK,COR
,,19C066210,19:43:32 07/27/19,l,Runaway,3,861 W CRESTVIEW ST;LL CONT,COR
,,19C066211,19:44:27 07/27/19,l,Traffic Stop,4,W SIXTH ST & S BELLE AVE,COR
,,19C066213,19:55:44 07/27/19,l,Property Check,4,260 W ONTARIO AVE; MONTESSORI SCHOOL,COR
,,19C066214,19:59:53 07/27/19,l,Property Check,4,740 N MAIN ST; BIG LOTS,COR
,,19C066215,20:01:43 07/27/19,l,Vehicle Check,4,1248 W SIXTH ST; WELCOME INN,COR
,,19C066219,20:07:56 07/27/19,lf,Accident Inj,1,500 S BUENA VISTA AVE,COR
,,19C066220,20:08:01 07/27/19,l,Property Check,4,1255 RIVER RD; AUBURNDALE INTERMEDIATE,COR
,,19C066222,20:14:29 07/27/19,l,Traffic Stop,4,1322 W SIXTH ST; CVS PHARMACY 6TH AND SHERMAN,COR
,,19C066223,20:14:34 07/27/19,lf,ZZLock Out,1,1878 BAYWOOD DR # 202,COR
,,19C066224,20:14:56 07/27/19,l,Property Check,4,470 HIDDEN VALLEY PKWY; KOHLS,COR
,,19C066225,20:15:50 07/27/19,l,Traffic Stop,4,1700 HONORS LN,COR
,,19C066227,20:30:59 07/27/19,l,Alarm Call,2,191 BUSINESS CENTER DR,COR
,,19C066229,20:34:47 07/27/19,lf,Accident Unknwn,1,FULLERTON AVE & VALENCIA RD,COR
,,19C066230,20:38:23 07/27/19,l,Traffic Stop,4,1735 W SIXTH ST; ARCO AM PM,COR
,,19C066231,20:47:21 07/27/19,l,Traffic Stop,4,1370 W SIXTH ST; HONG KONG RESTAURANT,COR
,,19C066233,20:52:36 07/27/19,l,Traffic Stop,4,1248 W SIXTH ST; WELCOME INN,COR
,,19C066234,20:56:42 07/27/19,l,Property Check,4,440 RIVER RD # I; J AND M MARKET,COR
,,19C066235,20:57:11 07/27/19,l,Property Check,4,418 N MAIN ST,COR
,,19C066236,20:57:59 07/27/19,l,Loud Party,3,1060 VIA BLAIRO,COR
,,19C066237,20:58:47 07/27/19,l,911 Hangup,2,900 CORTEZ DR; VOIP LINE,COR
,,19C066238,20:59:54 07/27/19,f,ZZPublicSrvceF,2,801 MAGNOLIA AVE # 211; CASA GRANDE SENIOR APARTMENTS,COR
,,19C066239,20:59:57 07/27/19,lf,Man Down,1,2276 GRIFFIN WY # 101; COUNTRYSIDE MARKET COR LIQUOR,
YES,'Nature' garbled/scrambled text,19C066240,21:03:03 07/27/19,f,ZZFwy Acc w/inj,1,91 EB LINCOLN MAIN,COR
,,19C066243,21:04:15 07/27/19,l,Ped Check,4,1146 W SIXTH ST; BURGER KING 21594 AT PLAZA ON SIXTH STREET,COR
,,19C066244,21:05:14 07/27/19,lf,Battery Injury,1,1058 W SIXTH ST; BURGER BASKET ;STAGE,COR
,,19C066245,21:07:34 07/27/19,l,Traffic Stop,4,N MCKINLEY ST & STONERIDGE DR,COR
,,19C066247,21:22:24 07/27/19,l,Traffic Stop,4,TEMESCAL CANYON RD & PRONIO CIR,COR
,,19C066248,21:24:18 07/27/19,l,911 Hangup,2,525 NEWHALL DR,COR
,,19C066249,21:26:04 07/27/19,l,911 Hangup,2,525 NEWHALL DR;PHS2,COR
YES,'Nature' garbled/scrambled text,19C066250,21:26:52 07/27/19,f,ZZFwy Acc w/inj,1,91 EB GREEN RIVER 71,RVC
,,19C066251,21:29:56 07/27/19,l,911 Hangup,2,1000 W RINCON ST;PHS1,COR
,,19C066253,21:36:19 07/27/19,l,911 Hangup,2,105 N LINCOLN AVE,COR
,,19C066254,21:36:36 07/27/19,l,Under Influence,2,606 E SIXTH ST # 16,COR
,,19C066255,21:41:28 07/27/19,l,Alarm Call,2,1177 CREEKSIDE LN,COR
,,19C066256,21:45:54 07/27/19,lf,Man Down,1,1290 E ONTARIO AVE; WALMART,COR
,,19C066257,21:46:31 07/27/19,l,911 Hangup,2,431 TETON DR,COR
,,19C066258,21:47:16 07/27/19,l,Area Check,3,RICHEY CIR & GRIFFIN WAY,COR
,,19C066259,21:49:21 07/27/19,l,911 Hangup,2,1000 W RINCON ST,COR
,,19C066260,21:49:41 07/27/19,f,ZZSeizure,1,2710 LAKESHORE DR; DOS LAGOS THEATRES AT COR DOS LAGOS,
,,19C066261,21:50:39 07/27/19,l,Loud Party,3,1557 KELLOGG AVE,COR
,,19C066262,21:51:13 07/27/19,f,ZZSick,1,605 E SIXTH ST,COR
,,19C066263,21:52:40 07/27/19,l,Vandalism Past,4,685 N TREEMONT PL # 205 ;LL CONT,COR
,,19C066265,21:54:47 07/27/19,l,911 Hangup,2,820 MANDEVILLA WAY;PHS2,COR
,,19C066266,21:55:03 07/27/19,l,Traffic Stop,4,3615 GRAND OAKS,COR
,,19C066267,21:56:51 07/27/19,l,Property Check,4,185 MAGNOLIA AVE; LEE POLLARD HIGH SCHOOL,COR
,,19C066271,22:02:54 07/27/19,l,Loud Noise,3,162 N BUENA VISTA AVE,COR
,,19C066272,22:03:07 07/27/19,l,911 Hangup,2,525 NEWHALL DR;PHS2,COR
,,19C066273,22:04:01 07/27/19,l,Drunk In Public,2,420 N MAIN ST; #101 ; UNION BARBER,COR
,,19C066274,22:09:09 07/27/19,l,911 Hangup,2,1000 W RINCON ST,COR
,,19C066275,22:10:29 07/27/19,l,Welfare Check,2,525 NEWHALL DR,COR
,,19C066276,22:10:30 07/27/19,l,Ped Check,4,606 E SIXTH ST,COR
,,19C066280,22:15:35 07/27/19,l,Welfare Check,2,1438 W SIXTH ST; LAS ISLAS MARIAS,COR
,,19C066281,22:17:05 07/27/19,l,Dist/Physical,1,1014 LA COSTA DR # L204; CONTADORA CONDOS,COR
,,19C066282,22:17:18 07/27/19,l,Property Check,4,480 N MAIN ST; STARBUCKS,COR
,,19C066284,22:20:47 07/27/19,l,Loud Noise,3,1484 CROWN VIEW DR,COR
,,19C066286,22:23:50 07/27/19,l,Suspicious Circ,3,2856 FASHION DR # 103,COR
,,19C066287,22:26:21 07/27/19,l,Loud Noise,3,VALENCIA RD & WHITE MOUNTAIN CIR,COR
,,19C066289,22:35:42 07/27/19,l,Loud Party,3,1115 W NINTH ST # C,COR
,,19C066290,22:41:50 07/27/19,lf,Man Down,1,E PARKRIDGE AVE & MEYER CIR,COR
,,19C066294,22:43:31 07/27/19,l,Loud Party,3,362 BLACKPINE DR,COR
,,19C066295,22:44:49 07/27/19,f,ZZSick,1,930 E SIXTH ST; CITY PARK,COR
,,19C066297,22:54:13 07/27/19,l,Ped Check,4,W SIXTH ST & S BUENA VISTA AVE,COR
,,19C066301,22:55:46 07/27/19,l,Welfare Check,2,977 FORESTER DR; 911 HANGUP VOIP,COR
,,19C066302,23:03:00 07/27/19,l,Loud Party,3,2209 YALE CIR,COR
,,19C066303,23:07:10 07/27/19,lf,Unknown Fire,1,968 AVENIDA DEL VISTA # 9,COR
,,19C066304,23:11:23 07/27/19,l,Alarm Call,2,2178 STONERIDGE RD; ASHTON APTS,COR
,,19C066306,23:12:47 07/27/19,lf,Unknown Fire,1,968 AVENIDA DEL VISTA,COR
,,19C066308,23:18:05 07/27/19,l,Loud Party,3,947 HALEY TALBERT DR,COR
,,19C066309,23:19:55 07/27/19,lf,ZZAbdominalPain,1,1940 NICE DR # 103,COR
,,19C066311,23:21:22 07/27/19,l,Property Check,4,2350 BORDER AVE; ADAMS ELEMENTARY,COR
,,19C066312,23:25:08 07/27/19,l,Loud Party,3,449 SHENANDOAH RD,COR
,,19C066313,23:26:49 07/27/19,l,Alarm Call,2,3555 GRAND OAKS; CHICK FIL A,COR
,,19C066314,23:27:42 07/27/19,l,Susp Vehicle,3,1131 IRIS CIR,COR
,,19C066315,23:27:43 07/27/19,l,911 Hangup,2,2064 DOVE CT,COR
,,19C066317,23:30:14 07/27/19,f,ZZMedical Alert,1,875 RIVER RD # 106; RIVER RUN APTS,COR
,,19C066319,23:38:35 07/27/19,l,Patrol Info,4,480 N MAIN ST; STARBUCKS,COR
,,19C066321,23:42:49 07/27/19,l,Area Check,3,1110 COUNTRY CLUB LN;23103,COR
,,19C066322,23:52:40 07/27/19,l,Runaway Return,3,861 W CRESTVIEW ST,COR
,,19C066323,23:55:06 07/27/19,l,Property Check,4,5215 GREEN RIVER RD; GREEN RIVER GOLF COURSE,COR
,,19C066324,00:03:18 07/28/19,l,Trespass,3,1604 FAIRVIEW DR; FAIRVIEW PARK,COR
,,19C066325,00:08:20 07/28/19,l,911 Hangup,2,1155 VALENCIA RD; JAMESON PARK,COR
,,19C066326,00:09:29 07/28/19,l,Patrol Info,4,1164 STONE PINE LN,COR
,,19C066327,00:12:28 07/28/19,l,Battery Past,3,445 WELLESLEY DR # 108;LL CONT,COR
,,19C066329,00:23:17 07/28/19,l,Susp Vehicle,3,413 W CRESTVIEW ST,COR
,,19C066330,00:25:25 07/28/19,l,Property Check,4,1150 W TENTH ST; CORONA HIGH SCHOOL,COR
,,19C066331,00:28:00 07/28/19,l,Loud Party,3,449 SHENANDOAH RD,COR
YES,'Location' garbled/scrambled text,19C066332,00:31:59 07/28/19,f,ZZFwy VegFireH,1,91 EB SERFAS CLUB 6TH STMAPLE,COR
,,19C066336,00:39:15 07/28/19,l,Alarm Call,2,1612 JENKS DR; CONTENTS SOLUTION,COR
,,19C066340,00:45:19 07/28/19,l,Loud Party,3,362 BLACKPINE DR,COR
,,19C066341,00:53:10 07/28/19,l,Loud Party,3,4029 INVERNESS DR,COR
,,19C066342,00:59:58 07/28/19,f,ZZBreathing,1,737 MAGNOLIA AVE # 104,COR
,,19C066343,01:03:28 07/28/19,l,Traffic Stop,4,AVENIDA DEL VISTA & VIA SANTIAGO,COR
,,19C066344,01:04:31 07/28/19,l,911 Hangup,2,1717 VIA DEL RIO,COR
,,19C066345,01:06:23 07/28/19,l,Hit Run No Inj,2,S LINCOLN AVE & W TENTH ST,COR
,,19C066348,01:11:18 07/28/19,l,DV-Assault,1,1199 MAGNOLIA AVE; CARLS JR,COR
,,19C066349,01:12:49 07/28/19,l,Loud Noise,3,1987 VIA DEL RIO,CRA
,,19C066351,01:20:35 07/28/19,l,Patrol Info,4,342 E OLIVE ST,COR
,,19C066353,01:35:25 07/28/19,l,Patrol Info,4,1550 E ONTARIO AVE; SHELL GAS,COR
,,19C066354,01:41:03 07/28/19,l,Loud Party,3,965 MANOR WAY,COR
,,19C066356,01:44:32 07/28/19,l,911 Hangup,2,1717 VIA DEL RIO,COR
YES,'Location' garbled/scrambled text,19C066359,01:53:11 07/28/19,lf,Accident Inj,1,9000 CAJALCO RD;MC DOWN,RVC
,,19C066360,01:53:55 07/28/19,f,ZZChest Pains,1,319 S BELLE AVE,COR
,,19C066361,01:58:04 07/28/19,l,Traffic Stop,4,1119 W TENTH ST,COR
,,19C066362,02:17:34 07/28/19,l,Traffic Stop,4,CLEVELAND WAY & CROWN RANCH RD,COR
,,19C066363,02:32:54 07/28/19,l,Test,4,91 EB SERFAS CLUB 6TH STMAPLE; ***TEST***,COR
,,19C066364,02:49:30 07/28/19,l,Property Check,4,1 MONSTER WAY; MONSTER,COR
,,19C066365,02:56:11 07/28/19,f,ZZFwy VegFireH,1,91 EB SERFAS CLUB 6TH STMAPLE; TEST,COR
,,19C066367,02:59:49 07/28/19,l,Alarm Call,2,1820 RIMPAU AVE; CENTENNIAL HIGH SCHOOL,COR
,,19C066368,03:02:37 07/28/19,l,911 Hangup,2,350 W RINCON ST,COR
,,19C066369,03:05:38 07/28/19,l,Traffic Stop,4,S SMITH AVE & S SHERMAN AVE,COR
,,19C066370,03:08:38 07/28/19,l,Traffic Stop,4,RIMPAU AVE & OLYMPIC DR,COR
,,19C066371,03:16:13 07/28/19,l,Property Check,4,2444 STEVEN DR,COR
,,19C066372,03:23:51 07/28/19,l,Traffic Stop,4,304 S MAIN ST; MOBIL GAS,COR
,,19C066373,03:37:26 07/28/19,l,Traffic Stop,4,E ONTARIO AVE & STATE ST,COR
,,19C066374,03:40:14 07/28/19,l,Dist/Physical,1,2604 BORDER AVE; FAMILY,COR
,,19C066375,03:40:39 07/28/19,l,Susp Person,3,1248 W SIXTH ST;#215 WELCOME INN,COR
,,19C066376,03:41:30 07/28/19,l,Property Check,4,1248 W SIXTH ST; WELCOME INN,COR
,,19C066377,03:42:49 07/28/19,l,Property Check,4,1275 E ONTARIO AVE,COR
,,19C066380,04:15:48 07/28/19,l,Patrol Info,4,W UPPER DR & HALF MOON WAY,COR
,,19C066381,04:16:28 07/28/19,l,Vandalism Past,4,2475 DEL MAR WAY; LL CONT,COR
,,19C066382,04:18:31 07/28/19,l,Susp Person,3,2331 KELLOGG AVE;KNIFE,COR
,,19C066384,04:46:38 07/28/19,l,Ped Check,4,512 W SIXTH ST; FAST AUTO LOANS INC,COR
,,19C066385,05:01:01 07/28/19,l,Alarm Call,2,1229 RAILROAD ST; LEJON OF CALIFORNIA INC,COR
,,19C066387,05:26:50 07/28/19,l,911 Hangup,2,1100 W RIVER RD; RIVER ROAD PARK,COR
,,19C066388,05:30:19 07/28/19,l,Property Check,4,200 S MAIN ST; SUE NITTI,COR
,,19C066389,05:39:24 07/28/19,l,Suspicious Circ,3,930 E SIXTH ST; CITY PARK,COR
,,19C066391,05:44:06 07/28/19,l,Accident,2,CORYDON AVE & RIVER RD; BLOCKING,COR
YES,'Location' garbled/scrambled text,19C066392,06:12:28 07/28/19,l,Alarm Call,2,1477 DAVRIL CIR; CTHRU SUNROOMS,COR
,,19C066393,06:18:44 07/28/19,f,ZZFall,1,839 RIVER RD; #111,COR
,,19C066394,06:28:24 07/28/19,f,ZZTrauma,1,375 TRM CIR,COR
,,19C066395,06:31:53 07/28/19,l,Battery,1,2604 BORDER AVE,COR
,,19C066397,06:48:07 07/28/19,l,911 Hangup,2,210 S LINCOLN AVE,COR
,,19C066399,06:51:26 07/28/19,l,Alarm Call,2,3060 NEW HAMPSHIRE DR,COR
,,19C066400,07:02:31 07/28/19,lf,Welfare Check,2,782 N MAIN ST; THE PET PATROL DOG HOTEL,COR
,,19C066401,07:04:31 07/28/19,l,Susp Vehicle,3,W UPPER DR & MOUNTAIN GATE DR,COR
,,19C066402,07:05:37 07/28/19,l,Susp Person,3,FOOTHILL AT SKYLINE,COR
,,19C066403,07:09:37 07/28/19,l,Alarm Call,2,418 N MAIN ST; LEASING OFFICE,COR
,,19C066405,07:33:00 07/28/19,l,Property Check,4,2331 KELLOGG AVE # A; CROSSROADS CHURCH,COR
,,19C066406,07:36:25 07/28/19,l,Property Check,4,109 N MCKINLEY ST; FOOD FOR LESS,COR
,,19C066407,07:40:34 07/28/19,f,ZZStroke,1,2481 THISTLEWOOD LN,COR
,,19C066408,07:43:18 07/28/19,l,Property Check,4,1395 E FOOTHILL PKWY; SANTIAGO HIGH SCHOOL,COR
,,19C066409,07:45:23 07/28/19,l,Citizen Contact,3,943 RIDGEWOOD DR,COR
,,19C066411,07:49:24 07/28/19,l,Traffic Stop,4,W SIXTH ST & S LINCOLN AVE,COR
,,19C066412,07:51:13 07/28/19,f,ZZPublicSrvceF,2,623 SHENANDOAH RD;LIFT ASSIST,COR
,,19C066413,07:52:32 07/28/19,l,Property Check,4,175 E ONTARIO AVE # 101; MR YOU EXPRESS,COR
,,19C066414,07:57:03 07/28/19,l,Traffic Stop,4,S LINCOLN AVE & ALTA LOMA DR,COR
,,19C066415,08:11:32 07/28/19,l,Property Check,4,1820 RIMPAU AVE; CENTENNIAL HIGH SCHOOL,COR
,,19C066416,08:11:37 07/28/19,l,Additional Info,4,2331 KELLOGG AVE # A; CROSSROADS CHURCH,COR
,,19C066417,08:12:48 07/28/19,l,Disturb Peace,3,31 E GRAND BLVD; KNIFE,COR
,,19C066418,08:13:45 07/28/19,l,Property Check,4,1999 Foothill PKWY,COR
,,19C066420,08:20:18 07/28/19,l,Traffic Stop,4,W SIXTH ST & S LINCOLN AVE,COR
,,19C066421,08:24:49 07/28/19,l,Traffic Stop,4,W SIXTH ST & S LINCOLN AVE,COR
,,19C066422,08:26:15 07/28/19,l,Property Check,4,2500 CAJALCO RD; CROSSINGS SHOPPING CENTER,COR
,,19C066423,08:26:22 07/28/19,l,911 Hangup,2,13689 MAGNOLIA AVE,HGS
,,19C066424,08:26:32 07/28/19,l,911 Hangup,2,3960 S MAIN ST,COR
,,19C066425,08:29:48 07/28/19,l,Hazard,3,490 N MCKINLEY ST; HOME DEPOT; POSS HAZARD,COR
,,19C066426,08:34:05 07/28/19,l,Traffic Stop,4,W SIXTH ST & S LINCOLN AVE,COR
,,19C066427,08:38:18 07/28/19,l,Traffic Stop,4,W SIXTH ST & S LINCOLN AVE,COR
,,19C066428,08:45:36 07/28/19,l,Assist Othr Dpt,3,2123 ABERDEEN DR ; ACO,COR
,,19C066429,08:50:26 07/28/19,l,Incorrigible,2,1694 BERYL LN,COR
,,19C066430,08:54:20 07/28/19,l,Property Check,4,3211 S MAIN ST; CITRUS HILLS INTERMEDIATE SCHOOL,COR
,,19C066431,09:00:15 07/28/19,l,Alarm Call,2,1109 GENTLE DR,COR
,,19C066432,09:00:46 07/28/19,l,Traffic Stop,4,GREEN RIVER RD & SAN SIMEON DR,COR
,,19C066433,09:02:33 07/28/19,l,Traffic Stop,4,944 W SIXTH ST,COR
,,19C066434,09:05:52 07/28/19,l,Traffic Stop,4,GREEN RIVER RD & SAN SIMEON DR,COR
,,19C066436,09:09:23 07/28/19,lf,Man Down,1,312 E NINTH ST; VICTORIA PARK,COR
,,19C066437,09:11:22 07/28/19,l,Domestic Distur,2,801 S MERRILL ST # 1,COR
,,19C066438,09:11:48 07/28/19,l,911 Hangup,2,3100 S MAIN ST; MOUNTAINGATE PARK,COR
,,19C066439,09:12:44 07/28/19,l,Alarm Call,2,150 W BLAINE ST,COR
,,19C066440,09:17:45 07/28/19,lf,Overdose,1,2144 MOUNTAIN VIEW DR,CRA
,,19C066441,09:18:02 07/28/19,l,911 Hangup,2,1020 S VICTORIA AVE,COR
,,19C066443,09:25:01 07/28/19,l,Patrol Info,4,1594 BENTLEY DR; POLE POSITION RACEWAY INC,COR
,,19C066446,09:28:42 07/28/19,l,Property Check,4,2815 S MAIN,COR
,,19C066447,09:30:11 07/28/19,l,Veh Burg Past,4,5215 GREEN RIVER RD; LL CONT,COR
,,19C066448,09:33:11 07/28/19,l,Keep The Peace,3,768 OCHEE CIR,COR
,,19C066449,09:37:02 07/28/19,l,Traffic Stop,4,GREEN RIVER RD & TANGLEWOOD DR,COR
,,19C066450,09:37:10 07/28/19,lf,ZZStroke,1,1155 AQUAMARINE LN,COR
,,19C066452,09:40:51 07/28/19,lf,Accident Unknwn,1,1474 BURRERO WAY,COR
,,19C066453,09:41:08 07/28/19,l,Illegal Entry,3,2220 E TREEMONT PL # 102,COR
,,19C066454,09:43:27 07/28/19,l,Traffic Stop,4,W FOOTHILL PKWY & PASEO GRANDE,COR
,,19C066455,09:45:34 07/28/19,l,911 Hangup,2,3185 GREEN RIVER RD,COR
,,19C066456,09:47:48 07/28/19,l,Veh Burg Past,4,1451 SERFAS CLUB DR # 303; #C303,COR
,,19C066457,09:50:36 07/28/19,l,911 Hangup,2,805 S RAMONA AVE,COR
,,19C066459,10:00:15 07/28/19,l,Alarm Call,2,2172 CONEJO ST,COR
,,19C066460,10:03:45 07/28/19,l,911 Hangup,2,3521 CHRISTOPHER LN,COR
,,19C066461,10:04:33 07/28/19,l,Trespass,3,2615 TUSCANY ST; TARGET STORES T1548 AT THE CROSSINGS,COR
,,19C066462,10:04:44 07/28/19,l,Traffic Stop,4,N MCKINLEY ST & SHOPPING CENTER,COR
,,19C066464,10:09:45 07/28/19,f,ZZSick,1,403 S SHERIDAN ST,COR
,,19C066465,10:16:25 07/28/19,l,Property Check,4,730 PUBLIC SAFETY WAY; CORONA POLICE,COR
,,19C066466,10:17:44 07/28/19,l,Test,4,2604 BORDER AVE,COR
,,19C066468,10:19:33 07/28/19,l,Traffic Stop,4,PROMENADE AVE & TERRA DR,COR
,,19C066469,10:25:34 07/28/19,l,Property Check,4,930 E SIXTH ST; CITY PARK,COR
,,19C066470,10:26:53 07/28/19,l,Property Check,4,2815 S MAIN ST,COR
,,19C066471,10:27:41 07/28/19,f,ZZFwy UnkInjury,1,91 WB AUTO CENTER 71,RVC
,,19C066472,10:27:48 07/28/19,l,Traffic Stop,4,15 NB HIDDEN VALLEY 2ND ST NO,NOR
,,19C066473,10:28:07 07/28/19,l,Property Check,4,2815 S MAIN,COR
,,19C066474,10:31:47 07/28/19,l,Welfare Check,2,435 NEWHALL DR,COR
,,19C066475,10:34:47 07/28/19,l,Property Check,4,2815 S MAIN,COR
,,19C066476,10:35:05 07/28/19,l,Property Check,4,400 PENROSE DR,COR
,,19C066477,10:35:18 07/28/19,l,Property Check,4,2815 S MAIN ST,COR
,,19C066478,10:35:56 07/28/19,l,Follow Up,4,2604 BORDER AVE,COR
,,19C066479,10:40:22 07/28/19,lf,Accident Inj,1,N MCKINLEY ST & GRIFFIN WAY,COR
,,19C066486,10:49:53 07/28/19,l,Disturb Peace,3,465 N MCKINLEY ST; ALL STAR CAR WASH ; HOMELESS,COR
,,19C066488,10:53:35 07/28/19,l,Disturb Peace,3,N LINCOLN AVE & RAILROAD ST,COR
,,19C066489,10:54:54 07/28/19,l,H&S Violation,3,2732 RIDGELINE DR # 204,COR
,,19C066490,10:56:00 07/28/19,l,Petty Theft P,4,1935 MADERA CIR; LL CONT,COR
,,19C066493,10:59:19 07/28/19,f,ZZBreathing,1,1400 CIRCLE CITY DR; #2,COR
,,19C066497,11:16:25 07/28/19,l,Property Check,4,W FIFTH ST & S MAIN ST,COR
,,19C066498,11:20:59 07/28/19,l,Alarm Call,2,743 JUNE DR,COR
,,19C066499,11:21:03 07/28/19,l,911 Hangup,2,217 ISABELLA WAY,COR
,,19C066500,11:27:07 07/28/19,l,Property Check,4,CITRUS COMMUNITY PARK,COR
,,19C066502,11:40:45 07/28/19,l,Patrol Info,4,91 EB MAIN MCKINLEY,COR
,,19C066504,11:42:50 07/28/19,l,Property Check,4,W SEVENTH ST & S SHERMAN AVE;CARWASH,COR
,,19C066505,11:48:36 07/28/19,l,Citizen Contact,3,730 PUBLIC SAFETY WAY; CORONA POLICE; LL CONT,COR
,,19C066506,11:54:11 07/28/19,l,Property Check,4,577 N MCKINLEY ST # 103; ZONE 2,COR
,,19C066507,11:54:37 07/28/19,l,911 Hangup,2,1377 THIRD ST,NOR
,,19C066509,12:07:50 07/28/19,l,Property Check,4,2250 S MAIN ST; MISSION SURGICAL CLINIC,COR
,,19C066510,12:08:04 07/28/19,lf,Accident Inj,1,E NINTH ST & S MAIN ST,COR
,,19C066511,12:09:41 07/28/19,l,Property Check,4,1594 BENTLEY DR,COR
,,19C066513,12:20:42 07/28/19,l,911 Hangup,2,730 PUBLIC SAFETY WAY; CORONA POLICE,COR
,,19C066517,12:26:47 07/28/19,l,Property Check,4,1285 MAGNOLIA AVE; LOWES,COR
,,19C066518,12:28:37 07/28/19,l,Property Check,4,1290 E ONTARIO AVE; WALMART,COR
,,19C066521,12:42:56 07/28/19,l,911 Hangup,2,1230 S MAIN ST; CORONA FUNDAMENTAL INTERMEDIATE SCHOOL,COR
,,19C066524,12:48:30 07/28/19,l,911 Hangup,2,8000 CAJALCO RD,RVC
,,19C066526,12:50:45 07/28/19,l,Panhand/Solicit,3,1212 MAGNOLIA AVE;EL SUPER,COR
,,19C066527,12:51:59 07/28/19,l,Ill Parked Veh,4,2109 ALPINEMIST ST,COR
,,19C066528,12:52:15 07/28/19,l,Keep The Peace,3,768 OCHEE CIR,COR
,,19C066529,12:55:39 07/28/19,l,Property Check,4,1298 W NINTH ST,COR
,,19C066495,13:00:00 07/28/19,l,Property Check,4,DOS LAGOS,COR
,,19C066530,13:02:54 07/28/19,l,Accident,2,LAKESHORE DR & TEMESCAL CANYON RD,COR
,,19C066531,13:05:40 07/28/19,f,ZZSick,1,2154 LENITA CIR,COR
,,19C066533,13:13:03 07/28/19,l,Welfare Check,2,CITRUS COMMUNITY PARK,COR
,,19C066537,13:21:28 07/28/19,l,Alarm Call,2,321 E SIXTH ST; CORONA COMMUNITY AME CHURCH,COR
,,19C066538,13:22:05 07/28/19,l,Welfare Check,2,2125 STAGECOACH DR; STAGECOACH PARK,COR
,,19C066540,13:34:47 07/28/19,l,Property Check,4,2280 WARDLOW CIR; D R HORTON AMERICAS BUILDER,COR
,,19C066542,13:49:30 07/28/19,l,Property Check,4,285 CORONADO DR,COR
,,19C066544,13:53:00 07/28/19,l,Assist Othr Dpt,3,490 N MCKINLEY ST; ACO,COR
,,19C066545,14:01:56 07/28/19,l,Property Check,4,472 PENROSE DR; PENROSE APTS,COR
,,19C066546,14:05:03 07/28/19,l,Property Check,4,1900 AVIATION DR; CORONA AIRPORT,COR
,,19C066547,14:07:35 07/28/19,l,DV-Assault Past,3,2854 JUNIPER DR,COR
,,19C066551,14:22:15 07/28/19,l,911 Hangup,2,1220 W ONTARIO AVE,COR
,,19C066552,14:26:47 07/28/19,l,Fraud Past,4,1375 E ONTARIO AVE; SAMS CLUB;LL CONT,COR
,,19C066555,14:31:03 07/28/19,l,Property Check,4,694 S BELLE AVE,COR
,,19C066556,14:31:35 07/28/19,f,ZZVehicle Fire,1,730 PUBLIC SAFETY WAY,COR
,,19C066559,14:37:36 07/28/19,l,Property Check,4,1260 E ONTARIO AVE; ALBERTSONS,COR
,,19C066560,14:41:51 07/28/19,l,Property Check,4,650 S MAIN ST; CITY LIBRARY,COR
,,19C066565,14:53:06 07/28/19,l,911 Hangup,2,490 N MCKINLEY ST,COR
,,19C066566,14:54:08 07/28/19,l,Accident,2,2198 SADDLEBACK DR,COR
,,19C066568,14:55:34 07/28/19,l,911 Hangup,2,1210 MAGNOLIA AVE,COR
,,19C066569,14:59:08 07/28/19,f,ZZSick,1,2785 CABOT DR; #110;ALL STAR DRAFT BAR,COR
,,19C066573,15:07:06 07/28/19,l,Welfare Check,2,768 OCHEE CIR,COR
,,19C066574,15:07:27 07/28/19,l,Auto Theft Past,3,921 S MERRILL ST # 1-2,COR
,,19C066576,15:10:35 07/28/19,l,Property Check,4,930 E SIXTH ST # #; SKATE PARK CITY PARK,COR
,,19C066577,15:12:20 07/28/19,l,Traffic Stop,4,90 W GRAND BLVD,COR
,,19C066578,15:16:58 07/28/19,l,Assist Othr Dpt,3,1330 MAGNOLIA AVE; ACO,COR
,,19C066581,15:25:20 07/28/19,f,ZZSick,1,1505 CLASSICO WAY,COR
,,19C066584,15:46:16 07/28/19,l,H/R Coll Past,4,1128 S VICENTIA AVE,COR
,,19C066585,15:47:49 07/28/19,l,Property Check,4,4350 GREEN RIVER RD; UNOCAL GAS,COR
,,19C066587,15:53:58 07/28/19,lf,ZZAbdominalPain,1,700 W SIXTH ST; 7 11 STORE CENTRAL,COR
,,19C066588,15:54:10 07/28/19,l,Traffic Stop,4,W SECOND ST & S BUENA VISTA AVE,COR
,,19C066589,15:56:17 07/28/19,l,911 Hangup,2,1229 KELLEY AVE,COR
,,19C066590,15:56:26 07/28/19,l,Property Check,4,1215 E ONTARIO AVE,COR
,,19C066591,15:57:29 07/28/19,l,Traffic Stop,4,210 W GRAND BLVD # 101; KINGS LIQUOR,COR
,,19C066593,15:58:43 07/28/19,l,Found Property,4,265 E EIGHTH ST; PD PLOT,COR
,,19C066594,16:00:07 07/28/19,l,Property Check,4,222 PROMENADE AVE,COR
,,19C066595,16:00:51 07/28/19,l,Traffic Stop,4,ADIRONDACK DR & GRAND TETON DR,COR
,,19C066597,16:05:25 07/28/19,l,Petty Theft P,4,344 N MCKINLEY ST # 101; STARBUCKS; LL CONT,COR
,,19C066598,16:07:40 07/28/19,l,Property Check,4,1900 FRONTAGE RD; AYRES SUITES,COR
,,19C066599,16:16:31 07/28/19,l,Property Check,4,1841 RIMPAU AVE,COR
,,19C066600,16:16:53 07/28/19,l,DV-Assault,1,2291 MANGULAR AVE; 87@ MANGULAR PARK,COR
,,19C066601,16:18:31 07/28/19,l,911 Hangup,2,3229 STONEBERRY LN,COR
,,19C066602,16:20:04 07/28/19,l,Test,4,730 PUBLIC SAFETY WAY; CORONA POLICE,COR
,,19C066603,16:21:08 07/28/19,l,Traffic Stop,4,RIDGELINE DR & GREEN RIVER RD,COR
,,19C066604,16:31:46 07/28/19,l,Battery,1,1035 SYCAMORE LN,COR
,,19C066605,16:36:45 07/28/19,l,Property Check,4,730 PUBLIC SAFETY WAY; CORONA POLICE,COR
,,19C066606,16:48:06 07/28/19,l,Z-Animal Svcs,4,11490 ALDER CREEK AVE,COR
,,19C066607,16:51:33 07/28/19,l,911 Hangup,2,4097 LESTER AVE,COR
,,19C066608,16:52:27 07/28/19,f,ZZSick,1,4160 WEBSTER RANCH RD,COR
,,19C066609,16:53:24 07/28/19,l,911 Hangup,2,655 EBBCREEK ST,COR
,,19C066611,16:55:48 07/28/19,l,911 Hangup,2,1230 S MAIN ST,COR
,,19C066612,16:58:35 07/28/19,l,Missing Person,2,801 MAGNOLIA AVE # 114; LL CONT,COR
,,19C066613,16:59:35 07/28/19,l,Property Check,4,W SEVENTH ST & S SHERMAN AVE,COR
,,19C066614,17:00:28 07/28/19,lf,Attempt Suicide,1,801 ALDER ST,COR
,,19C066615,17:03:12 07/28/19,l,Property Check,4,130 W FOOTHILL PKWY; CHEVRON GAS,COR
,,19C066617,17:13:21 07/28/19,l,911 Hangup,2,1248 W SIXTH ST; WELCOME INN,COR
,,19C066618,17:16:19 07/28/19,l,911 Hangup,2,124 W OLIVE ST,COR
,,19C066620,17:19:53 07/28/19,l,Dist/Physical,1,1501 W SIXTH ST; JACK IN THE BOX,COR
,,19C066621,17:21:58 07/28/19,l,Alarm Call,2,1171 BAYWOOD DR; HENSLEY APARTMENTS,COR
,,19C066622,17:26:09 07/28/19,l,Runaway,3,730 PUBLIC SAFETY WAY; CORONA POLICE,COR
,,19C066625,17:30:48 07/28/19,l,Drunk In Public,2,440 RIVER RD # C; VITOS PIZZA; VITO'S PIZZA,COR
,,19C066626,17:33:25 07/28/19,l,Battery Past,3,1370 HOLIDAY CIR # B,COR
,,19C066627,17:37:06 07/28/19,l,Panhand/Solicit,3,513 W SIXTH ST; EDUARDOS MEXICAN RESTAURANTS INC,COR
,,19C066628,17:38:01 07/28/19,l,Assist Othr Dpt,3,1330 MAGNOLIA AVE; ACO,COR
,,19C066631,17:42:43 07/28/19,l,Loud Noise,3,3785 OCALA CIR,COR
,,19C066632,17:48:42 07/28/19,l,Susp Vehicle,3,2920 MOUNT PLEASANT WAY,COR
,,19C066633,17:50:23 07/28/19,l,Hazard,3,TABER ST & CALVERT ST,COR
,,19C066635,17:54:54 07/28/19,l,Found Property,4,325 S MAIN ST # A; BAKERS DOZEN,COR
,,19C066637,18:09:54 07/28/19,l,Alarm Call,2,887 AUBURNDALE ST,COR
,,19C066638,18:10:31 07/28/19,f,ZZBleeding,1,1594 BENTLEY DR; POLE POSITION RACEWAY INC,COR
,,19C066639,18:11:07 07/28/19,f,ZZAllergies,1,230 W FOOTHILL PKWY; CARLS JR,COR
,,19C066643,18:24:50 07/28/19,lf,ZZTrauma,1,1002 W EIGHTH ST,COR
,,19C066645,18:25:27 07/28/19,l,Disturb Peace,2,615 RICHEY ST;POSS MANGUN PROMENADE PARK,COR
,,19C066648,18:28:58 07/28/19,m,H/R Coll Past,4,720 N MAIN ST; BURLINGTON COAT,COR
,,19C066650,18:32:34 07/28/19,l,Alarm Call,2,1312 E ONTARIO AVE # 104; T MOBILE,COR
,,19C066651,18:34:02 07/28/19,lf,Structure Fire,1,18270 brown street - mead valley,
,,19C066652,18:44:19 07/28/19,l,Alarm Call,2,5215 GREEN RIVER RD;GREEN RIVER GOLF COURSE,COR
YES,'Nature' garbled text (embedded symbol),19C066655,18:56:31 07/28/19,f,ZZFaint/Uncons,1,2240 E TREEMONT PL # 206,COR
,,19C066657,19:01:01 07/28/19,l,Property Check,4,658 W RINCON ST,COR
,,19C066658,19:03:23 07/28/19,l,911 Hangup,2,624 W SIXTH ST,COR
,,19C066664,19:15:20 07/28/19,l,H/R Coll Past,4,1111 W NINTH ST # O,COR
,,19C066665,19:15:58 07/28/19,l,911 Hangup,2,2215 E LAKESIDE PL,COR
,,19C066666,19:31:56 07/28/19,l,Property Check,4,E FOOTHILL PKWY & S MAIN ST,COR
,,19C066667,19:36:13 07/28/19,f,ZZSick,1,730 PUBLIC SAFETY WAY; CORONA POLICE,COR
,,19C066668,19:36:54 07/28/19,l,Drunk In Public,2,624 W SIXTH ST; USA GAS,COR
,,19C066670,19:41:16 07/28/19,l,Loud Party,3,1755 SUNSET LN,COR
,,19C066671,19:44:06 07/28/19,l,Assist Othr Dpt,3,200 N LINCOLN AVE; MOTEL 6 FRAUD,COR
,,19C066673,19:47:19 07/28/19,l,Missing Person,2,3263 WALKENRIDGE DR,COR
,,19C066675,19:49:41 07/28/19,f,ZZVehicle Fire,1,1155 E ONTARIO AVE; RIMPAU PARK,COR
,,19C066677,19:54:49 07/28/19,l,Welfare Check,2,11485 AMERICAN RIVER RD,COR
,,19C066678,20:01:23 07/28/19,l,Prowler,2,838 SAPPHIRE LN,COR
,,19C066681,20:02:56 07/28/19,lf,Vegetation Low,1,777 S TEMESCAL ST # 16,COR
,,19C066686,20:06:39 07/28/19,l,Alarm Call,2,914 S WASHBURN AVE # 3; DR KILKUTS OFFICE,COR
,,19C066687,20:08:08 07/28/19,l,Found Child,2,PROMENADE AVE & TRADEWIND PL,COR
,,19C066690,20:12:54 07/28/19,l,Welfare Check,2,1020 E THIRD ST,COR
,,19C066692,20:18:39 07/28/19,l,Welfare Check,2,1825 W SIXTH ST; SHELL GAS,COR
,,19C066693,20:27:17 07/28/19,f,ZZPublicSrvceF,1,1015 LA TERRAZA CIR # 208,COR
,,19C066699,20:37:53 07/28/19,l,Susp Vehicle,3,MANGULAR AVE & MEADOWCREST CIR,COR
,,19C066704,20:50:23 07/28/19,f,ZZ Fire Test,2,730 PUBLIC SAFETY WAY,COR
,,19C066707,20:54:06 07/28/19,f,ZZFall,1,7110 SAW MILL RD,ELC
,,19C066709,20:59:27 07/28/19,l,Open Door,2,3172 NEW HAMPSHIRE DR,COR
,,19C066712,21:05:17 07/28/19,l,Rape Past,2,800 S MAIN ST; CORONA REGIONAL MEDICAL CENTER,COR
YES,'Nature' garbled/scrambled text,19C066714,21:10:45 07/28/19,f,ZZFwy Acc w/inj,1,15 SB CAJALCO WEIRICK,TEM
,,19C066717,21:12:27 07/28/19,l,Domestic Distur,2,728 W SEVENTH ST,COR
,,19C066720,21:14:27 07/28/19,l,Disturb Peace,3,815 W SEVENTH ST,COR
,,19C066721,21:22:15 07/28/19,l,Follow Up,4,11485 AMERICAN RIVER RD,COR
,,19C066722,21:26:00 07/28/19,l,Domestic Distur,2,2551 ROSSER DR,COR
,,19C066723,21:27:19 07/28/19,f,ZZSick,1,1925 AZTEC LN,COR
,,19C066724,21:27:23 07/28/19,l,Hit Run No Inj,2,HIDDEN VALLEY PKWY & PARKVIEW DR,COR
,,19C066725,21:27:57 07/28/19,l,911 Hangup,2,987 W FIFTH ST; #3,COR
,,19C066726,21:30:05 07/28/19,l,Shots Heard,3,1570 J T EISLEY DR,COR
,,19C066727,21:30:10 07/28/19,l,911 Hangup,2,1181 CALIFORNIA AVE; CALAVE PARTNERS L L C,COR
,,19C066728,21:30:51 07/28/19,l,Shoplift Past,4,1193 MAGNOLIA AVE,COR
,,19C066729,21:34:23 07/28/19,l,911 Hangup,2,3594 NELSON ST,COR
,,19C066730,21:34:24 07/28/19,l,Loud Noise,3,312 E NINTH ST; VICTORIA PARK,COR
,,19C066732,21:38:55 07/28/19,l,Accident,2,CAJALCO RD & EAGLE GLEN PKWY,COR
,,19C066733,21:39:21 07/28/19,l,Battery,1,987 W FIFTH ST; #3,COR
,,19C066734,21:39:33 07/28/19,l,Loud Noise,3,1580 DEL NORTE DR,COR
,,19C066735,21:44:05 07/28/19,l,Found Property,4,100 W ONTARIO AVE; WALGREENS 07303 AT TOWN AND COUNTRY,COR
,,19C066737,21:49:51 07/28/19,l,Welfare Check,2,1550 RIMPAU AVE; VILLA CORONA MHP#9,COR
,,19C066738,21:55:27 07/28/19,l,Property Check,4,401 S LINCOLN AVE # C; YOSHINOYA,COR
,,19C066740,21:59:00 07/28/19,f,ZZSick,1,1058 W OLIVE ST,COR
,,19C066742,22:04:53 07/28/19,l,Patrol Info,4,E FOOTHILL PKWY & S MAIN ST,COR
,,19C066744,22:05:23 07/28/19,l,Property Check,4,506 MALLOY CT; MILLWORX PRECISION MACHINING,COR
,,19C066746,22:10:30 07/28/19,f,ZZStroke,1,1400 CIRCLE CITY DR; #69 ;CORONA RESIDENTIAL CARE CENTER LLC,COR
,,19C066747,22:13:14 07/28/19,l,911 Hangup,2,1717 VIA DEL RIO,COR
,,19C066748,22:13:20 07/28/19,l,Property Check,4,310 N LINCOLN AVE; MC DONALDS,COR
,,19C066749,22:18:37 07/28/19,l,911 Hangup,2,2585 S MAIN ST,COR
,,19C066750,22:25:18 07/28/19,l,Keep The Peace,3,665 N TREEMONT PL; #302,COR
,,19C066751,22:27:00 07/28/19,l,911 Hangup,2,3594 NELSON ST,COR
,,19C066752,22:28:08 07/28/19,l,Property Check,4,535 N MCKINLEY ST; VONS,COR
,,19C066753,22:31:46 07/28/19,l,Disturb Peace,3,180 E THIRD ST; CIRCLE CITY INN,COR
YES,'Nature' garbled/scrambled text,19C066755,22:37:53 07/28/19,f,ZZFwy Acc w/inj,1,15 SB CAJALCO WEIRICK,TEM
,,19C066757,22:38:24 07/28/19,l,Disturb Peace,3,1065 APPLE BLOSSOM LN,COR
,,19C066758,22:38:29 07/28/19,l,Property Check,4,S MAIN ST & E UPPER DR,COR
,,19C066759,22:39:07 07/28/19,l,Loud Party,3,729 RAPHAEL CIR,COR
,,19C066760,22:42:38 07/28/19,l,Disturb Peace,3,1065 APPLE BLOSSOM LN,COR
,,19C066761,22:43:40 07/28/19,l,Assist Othr Dpt,3,1531 DEER RUN,COR
,,19C066762,22:45:53 07/28/19,l,911 Hangup,2,2585 S MAIN ST,COR
,,19C066764,22:49:50 07/28/19,l,Disturb Peace,3,1265 BLOSSOM HILL DR;415 FAMILY,COR
,,19C066766,22:52:40 07/28/19,f,ZZBreathing,1,1052 DRIFTWOOD ST,COR
,,19C066768,23:00:42 07/28/19,l,Unknown Problem,1,1646 DAWNRIDGE; BRENTWOOD PARK,COR
,,19C066770,23:01:50 07/28/19,l,911 Hangup,2,1901 W ONTARIO AVE,COR
,,19C066771,23:08:06 07/28/19,l,911 Hangup,2,598 SANTANA WAY; SANTANA PARK,COR
,,19C066772,23:11:37 07/28/19,l,Alarm Call,2,310 REED CIR; U S CONTINENTAL MARKETING INC; GLASS BREAK,COR
,,19C066773,23:12:17 07/28/19,l,911 Hangup,2,598 SANTANA WAY; SANTANA PARK,COR
,,19C066776,23:21:23 07/28/19,l,Susp Vehicle,3,707 PARK LN,COR
,,19C066777,23:21:56 07/28/19,lf,Attempt Suicide,1,505 COOLIDGE CIR;STAGE,COR
,,19C066778,23:26:49 07/28/19,l,Alarm Call,2,418 N MAIN ST;METRO AT MAIN ST,COR
,,19C066782,23:46:15 07/28/19,l,Susp Vehicle,3,MONTANA RANCH RD & GREEN RIVER RD,COR
,,19C066783,23:57:13 07/28/19,l,911 Hangup,2,1180 CALIFORNIA AVE; LARRYS THUNDERBIRD AND MUSTANG PARTS,COR
,,19C066784,00:01:06 07/29/19,l,Loud Party,3,1356 AGNES ST,COR
,,19C066785,00:05:18 07/29/19,l,Loud Noise,3,1100 W RIVER RD; RIVER ROAD PARK,COR
,,19C066786,00:14:52 07/29/19,l,Property Check,4,525 MALLOY CT,COR
,,19C066787,00:17:42 07/29/19,f,ZZSick,1,3612 BRIARVALE ST,HGS
,,19C066789,00:20:06 07/29/19,l,Alarm Call,2,1277 W SIXTH ST; #F JUAN POLLO,COR
,,19C066790,00:23:39 07/29/19,f,ZZSick,1,3612 BRIARVALE ST,HGS
,,19C066791,00:24:52 07/29/19,l,Area Check,3,1622 SUMAC PL,COR
,,19C066795,00:40:39 07/29/19,l,Property Check,4,1800 S LINCOLN AVE; LINCOLN PARK,COR
,,19C066797,01:10:44 07/29/19,l,Traffic Stop,4,111 N LINCOLN AVE; ARCO AM PM,COR
,,19C066799,01:20:44 07/29/19,l,Traffic Stop,4,200 N LINCOLN AVE; MOTEL 6,COR
,,19C066800,01:37:50 07/29/19,lf,Unknown Problem,1,211 W FRANCIS ST,COR
,,19C066802,01:50:59 07/29/19,f,ZZTrauma,1,315 S MAIN ST; WIENERSCHNITZEL; STAGE,COR
,,19C066804,02:06:53 07/29/19,l,Follow Up,4,800 S MAIN ST; CORONA REGIONAL MEDICAL CENTER,COR
,,19C066805,02:11:16 07/29/19,l,Traffic Stop,4,S VICTORIA AVE & E THIRD ST,COR
,,19C066807,02:15:16 07/29/19,l,Suspicious Circ,3,2331 KELLOGG AVE # A; CROSSROADS CHURCH,COR
,,19C066809,02:20:16 07/29/19,l,Traffic Stop,4,W SIXTH ST & S SHERIDAN ST,COR
,,19C066810,02:25:09 07/29/19,l,Property Check,4,420 N SHERIDAN ST,COR
,,19C066811,02:26:27 07/29/19,l,Property Check,4,525 N SHERIDAN ST,COR
,,19C066812,02:28:40 07/29/19,l,Traffic Stop,4,W SIXTH ST & S SMITH AVE,COR
,,19C066813,02:29:48 07/29/19,l,Property Check,4,200 S MAIN ST; SUE NITTI,COR
,,19C066814,02:30:09 07/29/19,l,Property Check,4,2350 BORDER AVE; ADAMS ELEMENTARY,COR
,,19C066815,02:33:41 07/29/19,l,Property Check,4,155 W EIGHTH ST; FIRST BAPTIST CHURCH,COR
,,19C066816,02:36:53 07/29/19,l,Property Check,4,215 E FRANCIS ST,COR
,,19C066817,02:41:50 07/29/19,l,Property Check,4,701 W SIXTH ST,COR
,,19C066818,02:44:16 07/29/19,l,Property Check,4,1401 W SIXTH ST; CORONA CAR WASH,COR
,,19C066819,02:45:48 07/29/19,f,ZZChest Pains,1,400 N MCKINLEY ST; MCDONALDS,COR
,,19C066820,02:48:17 07/29/19,l,Alarm Call,2,1150 W TENTH ST; CORONA HIGH SCHOOL,COR
,,19C066823,03:05:38 07/29/19,l,Vehicle Check,4,1248 W SIXTH ST; WELCOME INN,COR
,,19C066824,03:05:40 07/29/19,l,Disturb Peace P,4,3074 NEW HAMPSHIRE DR,COR
,,19C066825,03:11:24 07/29/19,l,DV-Assault Past,3,4008 CROWN RANCH RD,COR
,,19C066826,03:53:30 07/29/19,l,911 Hangup,2,503 RIVER RD,COR
,,19C066828,03:57:37 07/29/19,l,Alarm Call,2,921 S BELLE AVE; CITY LIBRARY & SENIOR CENTER,COR
,,19C066829,04:02:52 07/29/19,l,Follow Up,4,13351 heather lee,EVL
,,19C066831,04:10:24 07/29/19,i,911 Hangup,2,981 WHEATON DR,COR
,,19C066832,04:21:30 07/29/19,f,ZZResdntal Alr,1,3562 ARBORETUM CIR,COR
,,19C066836,05:16:29 07/29/19,f,ZZ Fire Test,2,515 S PROMENADE AVE,COR
,,19C066837,05:21:40 07/29/19,l,Alarm Call,2,2621 RESEARCH DR # 102; BRANCH AND COAST; COR COROCATA DATA,
,,19C066841,05:41:20 07/29/19,l,Alarm Call,2,921 S BELLE AVE; SENIOR CENTER,COR
,,19C066843,06:24:23 07/29/19,l,Alarm Call,2,1220 GRAPHITE DR; ISOMED,COR
,,19C066844,06:36:59 07/29/19,l,Dist/Physical,1,1200 S MERRILL ST; HUSTED PARK,COR
,,19C066845,06:38:32 07/29/19,l,Traffic Stop,4,725 E GRAND BLVD; 7 11 STORE EAST,COR
,,19C066847,06:39:13 07/29/19,l,Traffic Stop,4,E SIXTH ST & E GRAND BLVD,COR
,,19C066850,07:10:50 07/29/19,l,911 Hangup,2,800 S MAIN ST; CORONA REGIONAL MEDICAL CENTER,COR
,,19C066851,07:17:47 07/29/19,l,Vandalism Past,4,408 S BELLE AVE,COR
,,19C066852,07:24:56 07/29/19,l,Petty Theft P,4,1355 E ONTARIO AVE,COR
,,19C066853,07:25:20 07/29/19,l,Citizen Contact,3,904 AVENIDA DEL VISTA; LL CONTACT C4,COR
,,19C066854,07:25:48 07/29/19,l,Alarm Call,2,585 REDWING DR,COR
,,19C066856,07:27:54 07/29/19,l,Auto Theft Rec,4,FENNEL DR & CELERY LN ; POSS UNRPT'D 10851,COR
,,19C066857,07:29:59 07/29/19,l,Additional Info,4,310 REED CIR; U S CONTINENTAL MARKETING INC; 19-07780,COR
,,19C066858,07:31:00 07/29/19,l,Keep The Peace,3,281 S BUENA VISTA AVE # 110,COR
,,19C066859,07:37:40 07/29/19,l,Traffic Stop,4,W RINCON ST & N LINCOLN AVE,COR
,,19C066860,07:39:13 07/29/19,f,ZZSick,1,1507 CHESTNUT CIR,COR
,,19C066861,07:40:06 07/29/19,l,Domestic Distur,2,4901 GREEN RIVER RD # 8,COR
,,19C066864,07:44:30 07/29/19,l,Traffic Detail,4,N LINCOLN AVE & FALLBROOK DR,COR
,,19C066865,07:47:45 07/29/19,l,Traffic Stop,4,HIGHGROVE ST & S LINCOLN AVE,COR
,,19C066866,07:51:38 07/29/19,l,Property Check,4,650 RICHEY ST,COR
,,19C066867,07:59:23 07/29/19,l,Alarm Call,2,2493 EMERSON DR,COR
,,19C066868,07:59:42 07/29/19,l,911 Hangup,2,599 BATEMAN CIR,COR
,,19C066870,08:01:48 07/29/19,l,911 Hangup,2,11120 ARIZONA DR,RIV
,,19C066871,08:02:07 07/29/19,l,CMC Violation,4,340 N GRANT AVE,COR
,,19C066872,08:05:30 07/29/19,l,Alarm Call,2,853 N MAIN ST # 15,COR
,,19C066873,08:06:34 07/29/19,lf,Man Down,1,624 W TENTH ST,COR
,,19C066874,08:07:18 07/29/19,f,ZZTrauma,1,3412 WEXFORD CIR; ABBEY ELDER CARE INC,COR
,,19C066875,08:16:58 07/29/19,l,Abandoned Veh,4,WOODHOLLOW CIR & MCMACKIN DR,COR
,,19C066877,08:19:03 07/29/19,l,Welfare Check,2,775 ALLEN DR,COR
,,19C066878,08:21:39 07/29/19,lf,Man Down,1,E ONTARIO AVE & COMPTON AVE,COR
,,19C066879,08:22:11 07/29/19,l,911 Hangup,2,2371 MCMACKIN DR,COR
,,19C066880,08:23:46 07/29/19,l,Alarm Call,2,2380 FULLERTON; CROSSROADS SCHOOL,COR
,,19C066881,08:24:58 07/29/19,l,Abandoned Veh,4,WOODHOLLOW CIR & MCMACKIN DR,COR
,,19C066883,08:31:05 07/29/19,l,Property Check,4,2355 COMPTON AVE; LA FITNESS,COR
,,19C066884,08:31:15 07/29/19,l,Additional Info,4,2153 WEMBLEY LN; LL CONT,COR
,,19C066886,08:33:56 07/29/19,l,911 Hangup,2,881 CORSICA DR,COR
,,19C066887,08:38:38 07/29/19,l,Traffic Stop,4,GRIFFIN CIR & BRITTANY DR,COR
,,19C066889,08:39:38 07/29/19,lf,Overdose,1,1362 CASITAS CIR,COR
,,19C066890,08:39:46 07/29/19,l,Welfare Check,2,1493 BENTLEY DR; T M I PRODUCTS INC,COR
,,19C066891,08:45:06 07/29/19,l,Petty Theft P,4,150 W BLAINE ST ; GANAHL LUMBER; LL C4,COR
,,19C066892,08:45:34 07/29/19,l,911 Hangup,2,790 E HARRISON ST; LBA NCC COMPANY IV LLC,COR
,,19C066895,08:52:53 07/29/19,f,ZZSick,1,737 MAGNOLIA AVE # 211; BROOKDALE,COR
,,19C066896,08:56:43 07/29/19,l,Area Check,3,MAGNOLIA AVE & RIMPAU AVE,COR
,,19C066897,08:59:23 07/29/19,l,Property Check,4,260 W FOOTHILL PKWY; ALBERTSONS 728 AT MOUNTAINGATE MARKETPL,COR
,,19C066898,09:01:38 07/29/19,l,Auto Theft Past,3,451 WELLESLEY DR; PROMENADE TERRACE APARTMENTS,COR
,,19C066900,09:15:52 07/29/19,l,Susp Vehicle,3,WILLOWSPRING LN & FAIRMONT DR,COR
,,19C066901,09:17:18 07/29/19,l,Ill Parked Veh,4,204 E SIXTH ST; BANK OF AMERICA,COR
,,19C066902,09:28:23 07/29/19,l,H/R Coll Past,4,150 W BLAINE ST,COR
,,19C066905,09:33:52 07/29/19,l,Brandish Weapon,2,725 S MAIN ST; 99 CENT STORE ; KNIFE,COR
,,19C066906,09:34:52 07/29/19,l,Traffic Stop,4,ARLINGTON WAY & ARLINGTON WAY,COR
,,19C066907,09:42:13 07/29/19,l,Abandoned Veh,4,2183 BLAZING ST,COR
,,19C066908,09:42:42 07/29/19,l,Vandalism Past,4,930 E SIXTH ST # #; SKATE PARK CITY PARK,COR
,,19C066911,09:49:08 07/29/19,l,911 Hangup,2,165 WASHBURN CIR; KABOB HUTT,COR
,,19C066914,09:52:34 07/29/19,l,Cite Sign Off,4,730 PUBLIC SAFETY WAY; PD PRKING LOT,COR
,,19C066915,09:56:21 07/29/19,l,911 Hangup,2,921 AUBURNDALE ST,COR
,,19C066917,09:58:48 07/29/19,l,Alarm Call,2,1341 SANDPIPER LN,COR
,,19C066918,10:00:49 07/29/19,l,Silent Comm 211,1,1312 E ONTARIO AVE # 104; T MOBILE,COR
,,19C066919,10:01:30 07/29/19,l,Stranded Veh,3,SERFAS CLUB DR & GREEN RIVER RD,COR
,,19C066920,10:04:53 07/29/19,l,Fraud Past,4,332 E CITRON ST; LL CONT,COR
,,19C066922,10:07:19 07/29/19,l,Property Check,4,GREEN RIVER RD & SIERRA BELLA DR,COR
,,19C066923,10:08:38 07/29/19,f,ZZ Fire Test,2,1187 MAGNOLIA AVE,COR
,,19C066924,10:10:13 07/29/19,l,Abandoned Veh,4,2127 COG HILL DR,COR
,,19C066926,10:12:02 07/29/19,l,Vehicle Check,4,1298 E ONTARIO AVE; MCDONALDS,COR
,,19C066927,10:23:04 07/29/19,l,Resid Burg I/P,2,2729 WRANGLER CIR,COR
,,19C066928,10:23:43 07/29/19,l,Abandoned Veh,4,1901 SAMPSON AVE,COR
,,19C066929,10:25:21 07/29/19,f,ZZAA MedicalAid,1,24073 WATERCRESS DR,TEM
,,19C066930,10:26:41 07/29/19,f,ZZSick,1,1280 CORONA POINTE CT # 114; CORONA PHARMACY,COR
,,19C066931,10:27:31 07/29/19,l,Disturb Peace,3,2250 S MAIN ST ; #104,COR
,,19C066935,10:36:17 07/29/19,l,Petty Theft P,4,515 W FOURTH ST; LL C4,COR
,,19C066937,10:43:34 07/29/19,l,Traffic Stop,4,S MAIN ST & E FOOTHILL PKWY,COR
YES,'Nature' garbled text (embedded symbol),19C066939,10:44:48 07/29/19,f,ZZFaint/Uncons,1,705 N MAIN ST # 110; CHUZE FITNESS,COR
,,19C066942,10:50:23 07/29/19,l,Disturb Peace P,4,324 OAKWOOD CT;LL CONT,COR
,,19C066947,10:57:03 07/29/19,lf,Accident Inj,1,GRIFFIN WAY & RICHEY CIR,COR
,,19C066949,11:08:06 07/29/19,l,911 Hangup,2,4190 BENNETT AVE,COR
,,19C066950,11:13:01 07/29/19,l,Embezzlemnt P,4,2055 S MAIN ST,COR
,,19C066952,11:21:14 07/29/19,l,Citizen Contact,3,1871 CALIFORNIA AVE; ACTIVE REALTY,COR
,,19C066954,11:30:08 07/29/19,l,Welfare Check,2,1382 KROONEN DR,COR
,,19C066955,11:34:36 07/29/19,l,911 Hangup,2,4190 BENNETT AVE,COR
,,19C066956,11:38:09 07/29/19,l,911 Hangup,2,1211 W TENTH ST,COR
,,19C066957,11:41:57 07/29/19,l,Traffic Stop,4,1150 W TENTH ST; CORONA HIGH SCHOOL,COR
,,19C066958,11:48:59 07/29/19,l,Welfare Check,2,1700 W SIXTH ST,COR
,,19C066960,11:59:02 07/29/19,l,911 Hangup,2,VALENCIA RD & RIMPAU AVE,COR
,,19C066962,12:05:49 07/29/19,l,Disturb Peace P,4,2980 GARRETSON AVE ; LL CONT C4,COR
,,19C066968,12:27:05 07/29/19,l,911 Hangup,2,3900 TEMESCAL ST # 1,HGS
,,19C066970,12:29:41 07/29/19,f,ZZRing Remove,2,540 MAGNOLIA AVE; CFD 1,COR
,,19C066971,12:31:34 07/29/19,l,Ped Check,4,4200 PRADO RD,COR
,,19C066972,12:43:36 07/29/19,l,Welfare Check,2,2042 SANTA INEZ ST,COR
,,19C066973,12:45:39 07/29/19,f,ZZFall,1,2435 S COTA AVE,COR
,,19C066974,12:51:34 07/29/19,l,Fraud Past,4,199 RIVER RD; CLASSIC CAR WASH,COR
,,19C066975,12:58:27 07/29/19,l,Citizen Contact,3,606 E FOURTH ST ; LL CONT,COR
,,19C066976,13:00:05 07/29/19,l,Susp Vehicle,3,W RINCON ST & CORYDON ST,COR
,,19C066978,13:07:16 07/29/19,l,911 Hangup,2,210 S LINCOLN AVE,COR
,,19C066980,13:13:39 07/29/19,l,Cite Sign Off,4,730 PUBLIC SAFETY WAY; CORONA POLICE,COR
,,19C066981,13:22:53 07/29/19,l,H&S Violation,3,1561 E ONTARIO AVE # 104; CRACKED SCREENS,COR
,,19C066982,13:25:34 07/29/19,f,ZZTrauma,1,1212 MAGNOLIA AVE,COR
,,19C066984,13:28:36 07/29/19,l,Found Property,4,966 OLIVIAMAE CIR,COR
,,19C066985,13:30:22 07/29/19,l,Chld Abuse Past,2,3941 MOUNT ELENA CIR; LL CONT,COR
,,19C066986,13:37:00 07/29/19,f,ZZSeizure,1,775 TRADEMARK CIR; ABILITY COUNTS INC,COR
,,19C066987,13:37:37 07/29/19,l,Property Check,4,270 W ONTARIO AVE,COR
,,19C066989,13:40:20 07/29/19,l,Property Check,4,465 SANTANA WAY; ISLAMIC CENTER,COR
,,19C066988,13:40:20 07/29/19,l,Alarm Call,2,2637 VONITA CIR,COR
,,19C066990,13:42:31 07/29/19,lf,Man Down,1,912 CORTEZ DR,COR
,,19C066993,13:48:25 07/29/19,l,Accident,2,S LINCOLN AVE & W SIXTH ST,COR
,,19C066994,13:48:40 07/29/19,l,Cite Sign Off,4,730 PUBLIC SAFETY WAY; CORONA POLICE,COR
,,19C066995,13:53:27 07/29/19,l,Auto Theft Rec,4,1171 BAYWOOD DR; HENSLEY APARTMENTS,COR
,,19C066996,13:53:41 07/29/19,l,Disturb Peace P,4,1152 ROSEMARY CIR;FRONT LOBBY,COR
,,19C066999,14:06:12 07/29/19,f,ZZFall,1,572 MONDALE ST,COR
,,19C067000,14:07:50 07/29/19,l,Fraud Past,4,1889 CHESAPEAKE WAY;FRONT LOBBY,COR
,,19C067001,14:12:06 07/29/19,l,Follow Up,4,190 BUSINESS CENTER DR; DYNO TECH DENTAL LABORATORY INC,COR
,,19C067004,14:21:42 07/29/19,l,DV-Assault,1,903 N VICENTIA AVE # D; SEPERATED,COR
,,19C067005,14:22:58 07/29/19,l,Disturb Peace,3,4225 PRADO RD # 108; MULTI MEDIA; HOMELESS,COR
,,19C067007,14:27:48 07/29/19,l,Trespass Past,4,1910 FULLERTON AVE; VINTAGE TERRACE APTS,COR
,,19C067009,14:29:40 07/29/19,l,Property Check,4,2305 COMPTON AVE; IN N OUT BURGER,COR
,,19C067011,14:33:07 07/29/19,l,Drunk In Public,2,420 RIVER RD ; JM LIQUOR; HOMELESS,COR
,,19C067012,14:33:18 07/29/19,f,ZZ Fire Test,2,730 PUBLIC SAFETY WAY; CORONA POLICE,COR
,,19C067014,14:38:37 07/29/19,l,Keep The Peace,3,3097 SONRISA DR,COR
,,19C067016,14:42:23 07/29/19,l,Area Check,3,W RINCON / SMITH,COR
,,19C067022,14:49:16 07/29/19,l,911 Hangup,2,730 PUBLIC SAFETY WAY; CORONA POLICE,COR
,,19C067023,14:49:24 07/29/19,l,Additional Info,4,4008 CROWN RANCH RD; LL CONT,COR
,,19C067024,14:49:39 07/29/19,l,Stranded Veh,3,W SIXTH ST & PASEO GRANDE,COR
,,19C067028,15:02:51 07/29/19,l,Citizen Contact,3,3287 WILLOW PARK CIR; PD LOBBY,COR
,,19C067030,15:06:50 07/29/19,f,ZZFall,1,1017 SALEM DR,COR
,,19C067031,15:13:04 07/29/19,f,ZZHeat/Cold Exp,1,1375 SAMPSON AVE;LULUROE,COR
,,19C067033,15:15:06 07/29/19,l,Follow Up,4,211 W FRANCIS ST ; LL CONT,COR
,,19C067036,15:39:41 07/29/19,l,Disturb Peace P,4,1171 RAILROAD ST; LL CONT,COR
,,19C067037,15:46:48 07/29/19,l,Alarm Call,2,435 REMBRANDT DR,COR
,,19C067038,15:51:40 07/29/19,l,Susp Vehicle,3,2175 THYME DR,COR
,,19C067039,15:56:27 07/29/19,l,Domestic Distur,2,1540 W SIXTH ST; GIANT DOLLAR AT CROWN WESTEND PLAZA,COR
,,19C067040,15:58:31 07/29/19,l,Welfare Check,2,1359 W SIXTH ST ; A PLUS,COR
,,19C067044,16:05:47 07/29/19,f,ZZSick,1,1540 HEARTLAND WAY,COR
,,19C067045,16:14:45 07/29/19,lf,Vegetation Low,1,12685 blackburn,HGS
,,19C067047,16:18:30 07/29/19,l,911 Hangup,2,2711 RIDGELINE DR # 207,COR
,,19C067049,16:21:31 07/29/19,l,Disturb Peace,3,1015 MONTECITO DR; RESIDENCE INN,COR
,,19C067050,16:25:17 07/29/19,l,Alarm Call,2,508 BATEMAN CIR; I M G USA,COR
,,19C067051,16:27:17 07/29/19,l,Property Check,4,400 E PARKRIDGE AVE; PRECISION CONVERTING,COR
,,19C067052,16:27:26 07/29/19,l,Stranded Veh,3,CAJALCO RD & 15 NB OFF RAMP,COR
,,19C067053,16:28:06 07/29/19,l,Patrol Info,4,1594 BENTLEY DR; POLE POSITION RACEWAY INC,COR
,,19C067054,16:31:26 07/29/19,l,911 Hangup,2,304 S MAIN ST; MOBIL GAS,COR
,,19C067055,16:32:44 07/29/19,l,Cite Sign Off,4,730 PUBLIC SAFETY WAY; CORONA POLICe;front lobby,COR
,,19C067056,16:34:36 07/29/19,l,Fraud Past,4,4055 GILBERT AVE ; LL CONT,COR
,,19C067057,16:40:39 07/29/19,l,Disturb Peace,3,1265 W TENTH ST # D,COR
,,19C067058,16:42:12 07/29/19,l,Fraud Past,4,3517 ALBRIDGE DR;LOBBY,COR
,,19C067059,16:42:45 07/29/19,l,Property Check,4,3100 S MAIN ST; MOUNTAINGATE PARK,COR
,,19C067060,16:45:58 07/29/19,l,Susp Vehicle,3,NELSON ST & LIBERTY DR,COR
,,19C067061,16:46:52 07/29/19,l,Ped Check,4,S SHERIDAN ST & W SIXTH ST,COR
,,19C067062,16:51:53 07/29/19,l,Vandalism Past,4,901 QUARRY ST ; LL CONT,COR
,,19C067063,16:51:59 07/29/19,l,Follow Up,4,730 PUBLIC SAFETY WAY,COR
,,19C067065,16:57:27 07/29/19,l,Additional Info,4,1760 VIA PACIFICA # M103;LOBBY 19-07414,COR
,,19C067066,16:58:57 07/29/19,l,Traffic Stop,4,S SHERMAN AVE & W SIXTH ST,COR
,,19C067068,17:04:49 07/29/19,l,911 Hangup,2,730 MAGNOLIA AVE; CORONA REGIONAL MEDICAL CENTER,COR
,,19C067069,17:07:33 07/29/19,lf,ZZDiabetic,1,120 W PARKRIDGE AVE; WALGREENS 07591 AT NORTH MAIN PLAZA,COR
,,19C067070,17:10:36 07/29/19,lf,Vegetation Low,1,GREEN RIVER RD & DOMINGUEZ RANCH RD,COR
,,19C067072,17:18:31 07/29/19,l,H&S Violation,3,RIVER RD & CORYDON AVE,COR
,,19C067075,17:28:55 07/29/19,l,911 Hangup,2,2279 EAGLE GLEN PKWY,COR
,,19C067076,17:29:08 07/29/19,l,911 Hangup,2,1230 S MAIN ST; CORONA FUNDAMENTAL INTERMEDIATE SCHOOL,COR
,,19C067077,17:30:53 07/29/19,l,Flag Down,4,199 RIVER,COR
,,19C067078,17:32:53 07/29/19,l,Patrol Info,4,235 DEININGER CIR; MEDIWASTE DISPOSAL LLC,COR
,,19C067079,17:34:55 07/29/19,l,Ped Check,4,440 RIVER RD # C; VITOS PIZZA,COR
,,19C067081,17:41:45 07/29/19,l,Flag Down,4,W HARRISON ST & N COTA ST,COR
,,19C067082,17:44:09 07/29/19,f,ZZSick,1,2600 S MAIN ST; CORONA POST ACUTE,COR
,,19C067085,17:54:54 07/29/19,l,Assist Othr Dpt,3,1023 VISTA DEL CERRO DR # 302,COR
,,19C067086,17:59:54 07/29/19,l,Welfare Check,2,479 N MCKINLEY ST; WALMART,COR
,,19C067087,18:04:37 07/29/19,l,Traffic Stop,4,S PROMENADE AVE & MELISSA CT,COR
,,19C067088,18:08:44 07/29/19,l,Alarm Call,2,2300 PALISADES DR; LEASING OFFICE,COR
,,19C067089,18:12:46 07/29/19,lf,Disturb Peace,3,513 W SIXTH ST; EDUARDOS MEXICAN RESTAURANTS INC,COR
,,19C067090,18:18:40 07/29/19,l,Hazard,3,W SIXTH ST & AVENIDA DEL VISTA,COR
,,19C067091,18:24:53 07/29/19,l,Keep The Peace,3,1256 COTTONWOOD CIR,COR
,,19C067092,18:27:04 07/29/19,l,Disturb Peace,3,435 NEWHALL DR,COR
,,19C067094,18:38:56 07/29/19,l,Hazard,3,E ONTARIO AVE & 15 SB OFF RAMP,COR
,,19C067096,18:43:38 07/29/19,l,Susp Person,3,E ONTARIO AVE & CALIFORNIA AVE,COR
YES,'Nature' garbled/scrambled text,19C067098,18:44:21 07/29/19,f,ZZFwy Acc w/inj,1,15 SB MAGNOLIA ONTARIO,COR
,,19C067099,18:47:15 07/29/19,l,Alarm Call,2,1757 HONORS LN,COR
,,19C067100,18:47:37 07/29/19,l,911 Hangup,2,1276 CONESTOGA CIR,COR
,,19C067101,18:49:12 07/29/19,l,Public Service,3,1211 W SIXTH ST; PARKVIEW APTS,COR
,,19C067102,18:49:25 07/29/19,l,Dist/Verbal,2,VIA PARAISO CIR & VISTA DEL MONTE WAY,COR
,,19C067103,18:49:52 07/29/19,l,911 Hangup,2,1390 E ONTARIO AVE,COR
,,19C067104,18:52:01 07/29/19,l,Alarm Call,2,710 E SIXTH ST; SILVER DOLLAR PANCAKE HSE INC,COR
,,19C067105,18:52:43 07/29/19,l,Alarm Call,2,2280 WARDLOW CIR; D R HORTON AMERICAS BUILDER,COR
,,19C067106,18:56:58 07/29/19,l,911 Hangup,2,2863 S BUENA VISTA AVE,COR
,,19C067108,19:11:04 07/29/19,l,911 Hangup,2,275 TELLER ST,COR
,,19C067111,19:26:23 07/29/19,l,Z-Animal Svcs,4,1295 CRESTA RD; CRESTA VERDE GOLF,COR
,,19C067112,19:26:26 07/29/19,l,Disturb Peace,3,1285 MAGNOLIA AVE; LOWES ; LL CONT,COR
,,19C067113,19:27:02 07/29/19,l,911 Hangup,2,4136 BENNETT AVE,COR
,,19C067114,19:27:17 07/29/19,l,Property Check,4,1297 E ONTARIO AVE # 103; FLAME BROILER,COR
,,19C067115,19:28:53 07/29/19,l,Disturb Peace,3,410 N MCKINLEY ST; US BANK,COR
,,19C067116,19:29:01 07/29/19,l,Assist Othr Dpt,3,708 S TEMESCAL ST # 101; MCP SERVICES LLC,COR
,,19C067117,19:31:22 07/29/19,lf,Accident Inj,1,W ONTARIO AVE & S VICENTIA AVE,COR
,,19C067118,19:31:23 07/29/19,lf,Heavy Rescue,1,W ONTARIO AVE & S VICENTIA AVE,COR
,,19C067124,19:40:26 07/29/19,lf,Vegetation Low,1,110 W UPPER DR; CFD 6,COR
,,19C067127,19:47:38 07/29/19,l,Reckless Driver,3,TEMESCAL CANYON RD & CAJALCO RD,COR
,,19C067128,19:53:51 07/29/19,l,Property Check,4,1039 W SIXTH ST; MIGUELS JR 2,COR
,,19C067129,19:56:03 07/29/19,l,Traffic Stop,4,109 N MCKINLEY ST; FOOD FOR LESS,COR
,,19C067130,19:57:35 07/29/19,l,911 Hangup,2,1248 W SIXTH ST; WELCOME INN,COR
,,19C067132,20:04:15 07/29/19,l,911 Hangup,2,480 N MCKINLEY ST,COR
,,19C067133,20:06:06 07/29/19,f,ZZSick,1,2362 RAILROAD ST; THERMAL STRUCTURES INC,COR
,,19C067137,20:22:45 07/29/19,l,911 Hangup,2,2024 AVENIDA DEL VISTA,COR
,,19C067138,20:25:30 07/29/19,f,ZZSick,1,2600 S MAIN ST; CORONA POST ACUTE ;#173A,COR
,,19C067139,20:31:28 07/29/19,f,ZZFall,1,3348 REDPORT DR,COR
,,19C067140,20:32:52 07/29/19,l,Property Check,4,440 RIVER RD # I; J AND M MARKET,COR
,,19C067141,20:36:23 07/29/19,l,911 Hangup,2,110 W UPPER DR; CFD 6,COR
,,19C067142,21:00:05 07/29/19,f,ZZAbdominalPain,1,993 WHEATON DR,COR
,,19C067143,21:00:22 07/29/19,l,Ped Check,4,1230 CARBIDE DR; DUX MFG INC,COR
,,19C067144,21:00:54 07/29/19,l,Susp Person,3,921 S BELLE AVE; SENIOR CENTER,COR
,,19C067147,21:03:30 07/29/19,l,Silent Comm 211,1,1500 W SIXTH ST; T MOBILE AT CROWN WESTEND PLAZA,COR
,,19C067149,21:14:40 07/29/19,l,Disturb Peace,3,821 S RAMONA AVE ; REF TO LEAVE,COR
,,19C067150,21:20:36 07/29/19,l,Property Check,4,2304 FULLERTON AVE,COR
,,19C067152,21:36:51 07/29/19,f,ZZChest Pains,1,3650 GARRETSON AVE,COR
,,19C067153,21:40:39 07/29/19,l,Alarm Call,2,750 S LINCOLN AVE # 101; VERIZON STORE; #101,COR
,,19C067154,21:44:33 07/29/19,l,Susp Vehicle,3,2850 RIDGELINE DR; RIDGELINE PARK,COR
,,19C067155,21:56:30 07/29/19,l,911 Hangup,2,526 MAGNOLIA AVE,COR
,,19C067156,22:13:31 07/29/19,l,H&S Violation,3,3100 S MAIN ST; MOUNTAINGATE PARK,COR
,,19C067157,22:15:14 07/29/19,l,Ped Check,4,725 S MAIN ST; 99 CENT STORE,COR
,,19C067158,22:17:11 07/29/19,l,Suspicious Circ,3,1440 CHALGROVE DR # B; POSS 459R,COR
,,19C067159,22:22:46 07/29/19,l,Flag Down,4,1370 BRENTWOOD CIR,COR
,,19C067160,22:24:45 07/29/19,l,Assist Othr Dpt,3,1550 E ONTARIO AVE; SHELL GAS,COR
,,19C067161,22:25:45 07/29/19,l,Disturb Peace,3,1575 E ONTARIO ST; STARBUCKS,COR
,,19C067162,22:27:57 07/29/19,l,Defraud Inkpr P,4,390 N MCKINLEY ST # 115; GEN KOREAN BBQ; GEN KOREN BBQ,COR
,,19C067163,22:35:16 07/29/19,l,Keep The Peace,3,4718 GREEN RIVER RD; STARBUCKS,COR
,,19C067165,22:38:26 07/29/19,l,Dist/Verbal,2,1288 BORDER AVE,COR
,,19C067166,22:38:34 07/29/19,l,Traffic Stop,4,E SIXTH ST & E GRAND BLVD,COR
,,19C067167,22:39:53 07/29/19,l,Drunk In Public,2,1288 BORDER AVE; PENDING 23152,COR
,,19C067170,22:48:09 07/29/19,l,Property Check,4,1886 BUTTERFIELD DR; BUTTERFIELD PARK,COR
,,19C067171,22:55:36 07/29/19,l,Property Check,4,130 W FOOTHILL PKWY; CHEVRON GAS,COR
,,19C067176,23:01:31 07/29/19,l,Disturb Peace,3,1260 E ST;FAMILY,COR
,,19C067178,23:05:22 07/29/19,f,ZZAbdominalPain,1,1651 APRICOT PL # B,COR
,,19C067181,23:13:11 07/29/19,l,Ped Check,4,2315 CALIFORNIA AVE; DYKSTRAS CAR WASH,COR
,,19C067182,23:15:26 07/29/19,l,Test,4,730 PUBLIC SAFETY WAY; CORONA POLICE,COR
,,19C067183,23:15:53 07/29/19,l,Disturb Peace,3,1396 HERMOSA DR;FAMILY,COR
,,19C067187,23:25:42 07/29/19,l,911 Hangup,2,1524 EVERGREEN LN,COR
,,19C067189,23:55:55 07/29/19,l,Suspicious Circ,3,2729 PLUMWOOD LN,COR
,,19C067190,23:56:45 07/29/19,l,Traffic Stop,4,N PARKRIDGE AVE & MIRASOL LN,COR
,,19C067191,00:00:27 07/30/19,l,Property Check,4,1155 E ONTARIO AVE; RIMPAU PARK,COR
,,19C067193,00:07:19 07/30/19,f,ZZSick,1,1273 MIRASOL LN,COR
,,19C067194,00:08:47 07/30/19,l,Loud Party,3,1130 CIRCLE CITY DR # 8; LAS BRISAS APTS,COR
,,19C067195,00:10:21 07/30/19,l,Property Check,4,2481 STEVEN DR; ROCK VISTA PARK,COR
,,19C067196,00:13:08 07/30/19,l,Traffic Stop,4,304 S MAIN ST; MOBIL GAS,COR
,,19C067197,00:13:56 07/30/19,l,Traffic Stop,4,3124 TAYLOR AVE; HERITAGE PARK,COR
,,19C067198,00:14:53 07/30/19,l,Vehicle Check,4,495 E RINCON ST,COR
,,19C067199,00:14:58 07/30/19,l,Loud Party,3,730 RAPHAEL CIR,COR
,,19C067200,00:20:35 07/30/19,l,Property Check,4,598 SANTANA WAY # #; SKATE PARK SANTANA PARK,COR
,,19C067201,00:35:31 07/30/19,l,Property Check,4,615 RICHEY ST; PROMENADE PARK,COR
,,19C067202,00:45:09 07/30/19,l,Property Check,4,3685 GRAND OAKS; ETHAN ALLEN RETAIL INC AT COR THE CROSSINGS,
,,19C067204,00:47:49 07/30/19,f,ZZFall,1,1496 ELEGANTE CT,COR
,,19C067206,01:20:37 07/30/19,l,Traffic Stop,4,SERFAS CLUB DR & 91 EB OFF RAMP,CRA
,,19C067208,01:24:21 07/30/19,l,Property Check,4,1150 W TENTH ST; CORONA HIGH SCHOOL,COR
,,19C067209,01:31:04 07/30/19,l,Traffic Stop,4,2215 E LAKESIDE PL,COR
,,19C067210,01:31:50 07/30/19,l,Alarm Call,2,1150 W TENTH ST; CORONA HIGH SCHOOL,COR
,,19C067211,01:36:16 07/30/19,f,ZZDiabetic,1,1400 CIRCLE CITY DR; CORONA RESIDENTIAL CARE CENTER LLC; #27,COR
,,19C067212,01:43:48 07/30/19,l,Alarm Call,2,1150 PASEO GRANDE; CESAR CHAVEZ ELEMENTARY SCHOOL,COR
,,19C067213,01:46:45 07/30/19,l,Vehicle Check,4,ESTELLE ST & GRANT ST,HGS
,,19C067214,01:52:00 07/30/19,l,Susp Person,3,W SIXTH ST & PASEO GRANDE,COR
,,19C067217,02:22:06 07/30/19,l,Disturb Peace,3,725 W THIRD ST # 1; 2 AGO,COR
,,19C067218,02:44:30 07/30/19,l,Susp Person,3,HALEY TALBERT DR & E FOOTHILL PKWY,COR
,,19C067219,02:50:27 07/30/19,l,Alarm Call,2,344 N MCKINLEY ST # 300; T MOBILE; GLASS BREAK,COR
,,19C067220,03:10:07 07/30/19,l,Alarm Call,2,1820 RIMPAU AVE; CENTENNIAL HIGH SCHOOL,COR
,,19C067221,03:37:41 07/30/19,l,Alarm Call,2,2520 TUSCANY ST; BJ'S BREWERY,COR
,,19C067222,03:51:03 07/30/19,f,Arcing Line,1,855 W HACIENDA DR,COR
,,19C067223,04:01:46 07/30/19,l,Traffic Stop,4,W SIXTH ST & S MAIN ST,COR
,,19C067224,04:09:07 07/30/19,l,Property Check,4,2125 STAGECOACH DR; STAGECOACH PARK,COR
,,19C067225,04:11:22 07/30/19,l,Property Check,4,185 MAGNOLIA AVE; LEE POLLARD HIGH SCHOOL,COR
,,19C067227,04:41:45 07/30/19,l,Auto Theft Past,3,695 N TREEMONT PL # 206,COR
,,19C067228,04:43:56 07/30/19,l,Alarm Call,2,1150 PASEO GRANDE; CESAR CHAVEZ ELEMENTARY SCHOOL,COR
,,19C067230,04:48:01 07/30/19,l,Alarm Call,2,1040 S VICENTIA AVE; JEFFERSON ELEMENTARY SCHOOL,COR
,,19C067234,05:43:14 07/30/19,l,Area Check,3,GALATEA WAY & RAPHAEL CIR,COR
,,19C067235,05:49:18 07/30/19,l,Alarm Call,2,4105 CAMERON WAY,COR
,,19C067241,06:12:21 07/30/19,l,Veh Burg Past,4,841 HOTSPRING ST # G ; LL CONT,COR
,,19C067244,06:30:48 07/30/19,l,Area Check,3,2260 GRIFFIN WAY; AYRES SUITES ; SUSP,COR
,,19C067246,06:38:44 07/30/19,l,Ill Parked Veh,4,141 JESSICA LN,COR
,,19C067248,06:44:54 07/30/19,f,ZZSick,1,7384 HIGH KNOLL CIR,ELC
,,19C067249,06:45:57 07/30/19,l,Traffic Stop,4,MASTERS DR & MORALES WAY,COR
,,19C067250,06:50:43 07/30/19,lf,Cardiac Arrest,1,4901 GREEN RIVER RD # 319,COR
,,19C067251,06:54:51 07/30/19,l,Alarm Call,2,1151 POMONA RD ; MATRIX TECHNOLOGY,COR
,,19C067252,07:01:43 07/30/19,f,ZZSeizure,1,3510 STATE ST,COR
,,19C067253,07:03:23 07/30/19,l,Traffic Stop,4,RIMPAU AVE & E FOOTHILL PKWY,COR
,,19C067254,07:06:13 07/30/19,l,Alarm Call,2,2595 LA VENTANA CIR,COR
,,19C067255,07:10:08 07/30/19,f,ZZCommrcal Alrm,1,1810 FULLERTON AVE; AESTHETICARE MEDICAL CORPORATION,COR
,,19C067256,07:14:11 07/30/19,l,Traffic Stop,4,VALENCIA RD & RIMPAU AVE,COR
,,19C067257,07:18:04 07/30/19,l,Alarm Call,2,2380 FULLERTON; CROSSROADS SCHOOL,COR
,,19C067260,07:35:18 07/30/19,l,Traffic Stop,4,1155 VALENCIA RD; JAMESON PARK,COR
,,19C067261,07:38:03 07/30/19,l,Property Check,4,2210 GRFFIN WY # 105; BASKIN ROBINS,COR
,,19C067262,07:39:47 07/30/19,l,Property Check,4,2290 GRIFFIN WAY; COUNTRY SIDE CAR WASH AT COUNTRYSIDE CENTE,COR
,,19C067263,07:40:39 07/30/19,l,Traffic Detail,4,VALENCIA RD & RIMPAU AVE,COR
,,19C067265,07:42:08 07/30/19,l,Traffic Stop,4,W ONTARIO AVE & MANZANITA RD,COR
,,19C067266,07:43:07 07/30/19,l,Property Check,4,2276 GRIFFIN WY # 101; COUNTRYSIDE MARKET COR LIQUOR,
,,19C067267,07:45:05 07/30/19,l,Traffic Stop,4,E ONTARIO AVE & S MAIN ST,COR
,,19C067268,07:46:55 07/30/19,l,Ped Check,4,2276 GRIFFIN WAY,COR
,,19C067269,07:50:37 07/30/19,f,ZZPublicSrvceF,2,1496 ELEGANTE CT ; LIFT N ASST,COR
,,19C067271,07:58:35 07/30/19,l,Veh Burg Past,4,208 S VICENTIA AVE # 12; LL CONT,COR
YES,'Nature' garbled/scrambled text,19C067273,08:04:50 07/30/19,f,ZZFwy Acc w/inj,1,71 SB FROM EUCLID 91 WB ; MC DOWN,RVC
,,19C067276,08:12:51 07/30/19,lf,Cardiac Arrest,1,735 PUBLIC SAFETY WAY; test,COR
,,19C067277,08:13:05 07/30/19,l,Resid Burg Past,4,720 S BUENA VISTA AVE,COR
,,19C067279,08:15:26 07/30/19,l,Trespass,3,1402 E ONTARIO AVE; ARCO AMPM AT IN AND OUT CENTER ; 415,COR
,,19C067280,08:18:14 07/30/19,l,911 Hangup,2,1400 NICHOLAS PL,COR
,,19C067281,08:20:06 07/30/19,l,Property Check,4,2260 GRIFFIN WAY; AYRES SUITES,COR
,,19C067282,08:26:42 07/30/19,l,Abandoned Veh,4,1282 SUNKIST CIR,COR
,,19C067283,08:27:31 07/30/19,l,Property Check,4,479 N MCKINLEY ST; WALMART,COR
,,19C067284,08:28:43 07/30/19,l,Vandalism Past,4,264 CORPORATE TERRACE CIR; R C FOSTER CORPORATION,COR
,,19C067285,08:30:01 07/30/19,l,Public Service,3,1117 IRIS CIR; FRONT COUNTER,COR
,,19C067286,08:36:02 07/30/19,l,Accident,2,15 SB ON RAMP & HIDDEN VALLEY PKWY,NOR
,,19C067287,08:38:06 07/30/19,l,Disturb Peace,3,650 S MAIN ST; CITY LIBRARY ; HOMELESS,COR
,,19C067288,08:41:48 07/30/19,f,ZZCommrcal Alrm,1,3959 TEMESCAL CANYON RD,COR
,,19C067289,08:48:52 07/30/19,l,Patrol Info,4,15 SB OFF RAMP & DOS LAGOS DR,COR
,,19C067291,08:51:10 07/30/19,l,Suspicious Circ,3,N MAIN ST & E PARKRIDGE AVE,COR
,,19C067292,08:54:03 07/30/19,l,Alarm Call,2,2595 LA VENTANA CIR,COR
,,19C067293,08:54:35 07/30/19,l,Accident,2,580 N MAIN ST,COR
,,19C067294,08:58:26 07/30/19,l,Patrol Info,4,MONTECITO DR & CARLY WAY,COR
,,19C067295,09:01:29 07/30/19,l,Test,4,225 E HARRISON ST; CFD 2,COR
,,19C067297,09:02:49 07/30/19,f,ZZSick,1,225 E HARRISON ST; CFD 2; test,COR
,,19C067298,09:06:12 07/30/19,l,Auto Theft Past,3,801 W OLIVE ST,COR
,,19C067300,09:15:03 07/30/19,l,Comm Burg Past,4,500 CORONA MALL; CORONA MALL,COR
,,19C067301,09:16:14 07/30/19,f,ZZSick,1,2300 S MAIN ST # 176; VALENCIA TERRACE,COR
,,19C067302,09:17:05 07/30/19,l,Alarm Call,2,510 HIDDEN VALLEY PKWY # 101; EL CANGREGO,COR
,,19C067304,09:27:03 07/30/19,l,911 Hangup,2,758 PORTOLLA ST,COR
,,19C067305,09:28:03 07/30/19,f,ZZSick,1,1129 S MERRILL ST,COR
,,19C067306,09:28:52 07/30/19,f,ZZDiabetic,1,2300 S MAIN ST # 245; VALENCIA TERRACE,COR
,,19C067307,09:31:05 07/30/19,l,Drunk In Public,2,512 S BELLE AVE; #3,COR
,,19C067309,09:35:42 07/30/19,l,Property Check,4,N VICENTIA AVE & PENROSE DR,COR
,,19C067311,09:36:43 07/30/19,l,911 Hangup,2,4190 BENNETT AVE; EAGLE GLEN COMMUNITY PARK,COR
,,19C067312,09:37:20 07/30/19,f,ZZSick,1,1916 CORDOZA ST,COR
,,19C067314,09:47:31 07/30/19,l,Comm Burg Past,4,341 S LINCOLN AVE; #F,COR
,,19C067315,09:52:53 07/30/19,l,Alarm Call,2,2161 RAILROAD ST; ELEMENT BLUE ALLOYS INC,COR
,,19C067316,09:57:34 07/30/19,l,Property Check,4,500 CORONA MALL; DAVIDS ACADEMY,COR
,,19C067317,09:59:12 07/30/19,lf,Man Down,1,2191 SAMPSON AVE; CARPET IN CORP AT MCKINLEY COMMERCE CENTER,COR
,,19C067318,10:01:12 07/30/19,l,Fraud Past,4,2340 WHITE OAK LN,COR
,,19C067320,10:09:27 07/30/19,l,911 Hangup,2,2620 PALISADES DR,COR
,,19C067321,10:10:27 07/30/19,l,911 Hangup,2,2721 GREEN RIVER RD,COR
,,19C067323,10:12:43 07/30/19,l,Follow Up,4,479 N MCKINLEY ST; WALMART,COR
,,19C067324,10:17:31 07/30/19,l,Patrol Info,4,15 NB OFF RAMP & MAGNOLIA AVE,COR
,,19C067325,10:18:10 07/30/19,l,Resid Burg Past,4,2345 MESQUITE LN ; ATTEMPT ONLY,COR
,,19C067327,10:20:10 07/30/19,l,911 Hangup,2,1150 W TENTH ST,COR
,,19C067328,10:21:51 07/30/19,f,ZZBleeding,1,150 BUCKTHORN WAY,COR
,,19C067329,10:22:05 07/30/19,l,Dist/Verbal,2,2199 SAMPSON AVE; CARLS JR,COR
,,19C067330,10:23:16 07/30/19,f,ZZCommrcal Alrm,1,1150 PASEO GRANDE; CESAR CHAVEZ ELEMENTARY SCHOOL,COR
,,19C067331,10:25:43 07/30/19,l,Property Check,4,1250 SANTANA WY; SANTANA PARK,COR
,,19C067333,10:39:38 07/30/19,l,Area Check,3,4300 GREEN RIVER RD # 101; EL ENCANTO MEXICAN GRILL,COR
,,19C067334,10:39:52 07/30/19,l,Comm Burg Past,4,1185 MAGNOLIA AVE # G; RED GINGER ; NOT CHECKED,COR
,,19C067336,10:42:41 07/30/19,l,Throw Obj Veh,3,PALISADES DR & GREEN RIVER RD,COR
,,19C067338,10:46:05 07/30/19,f,ZZCommrcal Alrm,1,508 BATEMAN CIR; I M G USA; IMG USA,COR
,,19C067339,10:46:37 07/30/19,l,Petty Theft P,4,1245 W NINTH ST # A,COR
,,19C067341,10:50:03 07/30/19,l,Susp Person,3,2773 SWEET RAIN CIR,COR
,,19C067342,10:50:54 07/30/19,f,ZZCarbon Alarm,2,1878 BAYWOOD DR # 201,COR
,,19C067343,10:52:15 07/30/19,l,Petty Theft P,4,2790 CABOT DR # 101; VICTORIAS SECRET,COR
,,19C067344,10:55:08 07/30/19,f,ZZMedical Alert,1,1275 W EIGHTH ST # 102; WILLIAM C ARTHUR TERRACE,COR
,,19C067345,10:56:50 07/30/19,l,Fraud Past,4,3517 ALBRIDGE DR; FRONT COUNTER,COR
,,19C067346,10:57:00 07/30/19,l,Citizen Contact,3,725 E GRAND BLVD; 7 11 STORE EAST; LL CONT,COR
,,19C067348,11:01:01 07/30/19,l,Mail Theft P,4,4012 CROWN RANCH RD; REQ LL CONT,COR
,,19C067349,11:04:03 07/30/19,f,ZZCommrcal Alrm,1,1150 PASEO GRANDE; CESAR CHAVEZ ELEMENTARY SCHOOL,COR
,,19C067350,11:07:19 07/30/19,l,911 Hangup,2,3950 S MAIN ST; ATT TOWER,COR
,,19C067352,11:09:59 07/30/19,l,Susp Vehicle,3,1411 PLEASANT VIEW AVE ; POSS UNRPTD 10851,COR
,,19C067353,11:15:47 07/30/19,l,Citizen Contact,3,PALISADES DR & SERFAS CLUB DR; FRNT COUNTER,COR
,,19C067354,11:17:30 07/30/19,l,Traffic Stop,4,FALLBROOK DR & N LINCOLN AVE,COR
,,19C067355,11:18:01 07/30/19,f,ZZTrauma,1,2489 CALIFORNIA AVE;166; ESTANCIA DEL SOL,COR
,,19C067357,11:19:50 07/30/19,l,Vandalism Past,4,1248 W SIXTH ST; WELCOME INN;LL CONT C4,COR
,,19C067358,11:28:36 07/30/19,l,Alarm Call,2,1651 APRICOT PL # A,COR
,,19C067362,11:35:40 07/30/19,l,911 Hangup,2,134 N SHERMAN AVE,COR
,,19C067363,11:38:47 07/30/19,l,Traffic Stop,4,PUEBLO RD & TAYLOR AVE,COR
,,19C067364,11:39:52 07/30/19,l,Hazard,3,1575 E ONTARIO ST; STARBUCKS,COR
,,19C067369,11:54:14 07/30/19,l,Solicitor,3,W PARKRIDGE AVE & N COTA ST,COR
,,19C067370,11:55:34 07/30/19,l,Property Check,4,535 N MCKINLEY ST; VONS,COR
,,19C067371,11:55:40 07/30/19,l,Follow Up,4,12846 INDIAN ST MORENO VALLEY,RVC
,,19C067372,11:56:49 07/30/19,l,Auto Theft Past,3,4429 OWENS ST # 101,COR
,,19C067373,11:59:15 07/30/19,l,Alarm Call,2,937 SAVI DR,COR
,,19C067374,11:59:22 07/30/19,l,Disturb Peace,3,535 N MCKINLEY ST; VONS,COR
,,19C067375,12:00:10 07/30/19,l,Hit Run No Inj,2,CITRUS WAY & SPRINGHILL DR,COR
,,19C067376,12:00:31 07/30/19,f,ZZTrauma,1,2680 S MAIN ST # 321,COR
,,19C067377,12:00:38 07/30/19,l,Traffic Detail,4,2826 LA VISTA AVE,COR
,,19C067378,12:03:51 07/30/19,l,Alarm Call,2,937 SAVI DR,COR
,,19C067379,12:11:41 07/30/19,l,911 Hangup,2,2785 THACKER DR,COR
,,19C067381,12:16:19 07/30/19,l,Alarm Call,2,3685 GRAND OAKS;HOLD UP; ETHAN ALLEN RETAIL,COR
,,19C067384,12:22:44 07/30/19,l,911 Hangup,2,4190 BENNETT AVE,COR
,,19C067385,12:22:57 07/30/19,l,Property Check,4,1375 E ONTARIO AVE; SAMS CLUB 4709 AT SOUTH POINTE PLAZA,COR
,,19C067387,12:27:04 07/30/19,l,Additional Info,4,324 OAKWOOD CT; FRONT COUNTER,COR
,,19C067388,12:28:30 07/30/19,l,911 Hangup,2,130 W CHASE DR; HEBREWS,COR
,,19C067389,12:31:03 07/30/19,f,ZZHeat/Cold Exp,1,FOOTHILL AT SKYLINE,COR
,,19C067390,12:31:54 07/30/19,l,Patrol Info,4,912 E SIXTH ST,COR
,,19C067391,12:35:35 07/30/19,l,911 Hangup,2,104 N BELLE AVE,COR
,,19C067392,12:37:59 07/30/19,f,ZZStroke,1,800 MAGNOLIA AVE # 110; CORONA VA,COR
,,19C067393,12:38:51 07/30/19,l,911 Hangup,2,1901 W ONTARIO AVE,COR
,,19C067394,12:39:23 07/30/19,l,DV-Assault Past,3,1760 VIA PACIFICA # M103; SUSP POSS 97,COR
,,19C067395,12:40:32 07/30/19,l,Area Check,3,MAGNOLIA AVE & EL CAMINO AVE; POSS 23152,COR
,,19C067397,12:43:11 07/30/19,l,Flag Down,4,930 E SIXTH ST; CITY PARK,COR
,,19C067398,12:43:51 07/30/19,f,ZZCarbon Alarm,2,1225 DON LUIS CIR,COR
,,19C067400,12:46:41 07/30/19,l,Follow Up,4,19751 KATY WAY,ELC
,,19C067401,12:46:58 07/30/19,l,Traffic Stop,4,E FOOTHILL PKWY & CALIFORNIA AVE,COR
,,19C067402,12:48:25 07/30/19,lf,Man Down,1,W SIXTH ST & S VICENTIA AVE,COR
,,19C067403,12:49:16 07/30/19,f,ZZBreathing,1,2191 SAMPSON AVE; CARPET IN CORP AT MCKINLEY COMMERCE CENTER,COR
,,19C067404,12:49:39 07/30/19,l,Disturb Peace P,4,111 W HARRISON ST # 238; ONE ELEVEN APARTMENTS,COR
,,19C067405,12:53:14 07/30/19,l,Hazard,3,COMPTON AVE & E ONTARIO AVE,COR
,,19C067406,12:53:33 07/30/19,l,911 Hangup,2,1820 FULLERTON AVE # 350;,COR
,,19C067407,12:56:24 07/30/19,l,Follow Up,4,2518 CENTENNIAL WAY,COR
,,19C067408,12:56:57 07/30/19,f,ZZFall,1,HUMMINGBIRD LN & PASEO GRANDE,COR
,,19C067409,13:02:36 07/30/19,l,H&S Violation,3,1426 W SIXTH ST; #108; HOMEMAX REALTY,COR
,,19C067411,13:14:10 07/30/19,l,Follow Up,4,940 N TEMESCAL CIR,COR
,,19C067412,13:15:08 07/30/19,l,Accident,2,S LINCOLN AVE & W SIXTH ST,COR
,,19C067414,13:16:59 07/30/19,l,Traffic Stop,4,THORNWOOD WAY & BORDER AVE,COR
,,19C067418,13:27:19 07/30/19,l,Susp Person,3,E ONTARIO AVE & 15 NB OFF RAMP,COR
,,19C067421,13:31:54 07/30/19,l,Auto Theft Past,3,1864 BAYWOOD DR # 204,COR
,,19C067422,13:32:07 07/30/19,l,Disturb Peace P,4,3315 DEAVER DR; LL CONT,COR
,,19C067423,13:35:00 07/30/19,l,911 Hangup,2,305 S BUENA VISTA AVE,COR
,,19C067424,13:37:25 07/30/19,l,911 Hangup,2,606 CHERRY ST,COR
,,19C067425,13:44:05 07/30/19,l,Fraud Past,4,2720 CAMELLIA CT; LL CONT,COR
,,19C067426,13:49:20 07/30/19,l,Fraud Past,4,1801 BAYWOOD DR # 101; LL CONT,COR
,,19C067427,13:55:48 07/30/19,l,Special Detail,4,3777 BEDFORD CANYON RD,COR
,,19C067428,13:56:47 07/30/19,l,Throw Obj Veh,3,GREEN RIVER RD & SERFAS CLUB DR,COR
,,19C067429,13:58:54 07/30/19,l,Ill Parked Veh,4,WARDLOW RD & AUTO CENTER DR,COR
,,19C067430,13:59:29 07/30/19,l,Property Check,4,1550 E ONTARIO AVE; SHELL GAS,COR
,,19C067431,14:00:23 07/30/19,l,911 Hangup,2,312 BLACKPINE DR,COR
,,19C067433,14:01:05 07/30/19,lf,Accident Inj,1,300 E PARKRIDGE AVE; GUEST DISTRIBUTION,COR
,,19C067437,14:07:50 07/30/19,l,Auto Tampr Past,4,216 W KENDALL ST,COR
,,19C067439,14:14:22 07/30/19,l,Property Check,4,784 N MAIN ST; JACK IN THE BOX,COR
,,19C067440,14:16:01 07/30/19,l,Accident,2,E SIXTH ST & E GRAND BLVD,COR
,,19C067441,14:17:29 07/30/19,lf,ZZSick,1,507 S VICENTIA AVE; SETTLEMENT HOUSE,COR
,,19C067442,14:18:05 07/30/19,l,Alarm Call,2,1649 SUTTER LN,COR
,,19C067443,14:24:43 07/30/19,l,911 Hangup,2,881 CORSICA DR,COR
,,19C067444,14:26:18 07/30/19,l,911 Hangup,2,2430 TUSCANY ST; BEST BUY STORES L P 847 AT COR THE CROSSINGS,
,,19C067450,14:33:48 07/30/19,l,Fraud Past,4,2153 WEMBLEY LN; FRONT COUNTER,COR
,,19C067451,14:36:18 07/30/19,f,ZZSick,1,1709 GALLOWAY LN,COR
,,19C067452,14:38:04 07/30/19,l,Citizen Contact,3,505 W GRAND BLVD # 105; FRONT COUNTER,COR
,,19C067454,14:39:39 07/30/19,f,ZZMedical Alert,1,2930 MANGULAR AVE,COR
,,19C067455,14:40:11 07/30/19,l,Alarm Call,2,1650 GARRETSON AVE; GARRETSON ELEMENTARY SCHOOL,COR
,,19C067456,14:42:09 07/30/19,l,Fraud Past,4,1880 N DELILAH ST;LL CONT UNITED PAVING CO,COR
,,19C067457,14:43:52 07/30/19,l,Ill Parked Veh,4,1318 RIVER RD,COR
,,19C067459,14:49:21 07/30/19,l,Resid Burg Past,4,1287 KELLEY AVE,COR
,,19C067460,14:49:43 07/30/19,l,Follow Up,4,3941 MOUNT ELENA CIR,COR
,,19C067461,14:50:01 07/30/19,lf,Attempt Suicide,1,3158 MIRA VISTA CIR,COR
,,19C067465,15:01:54 07/30/19,f,ZZFwy UnkInjury,1,15 SB MAGNOLIA ONTARIO,COR
,,19C067466,15:04:07 07/30/19,l,H/R Coll Past,4,991 CORNERSTONE WAY;LL CONT,COR
,,19C067467,15:07:22 07/30/19,l,Susp Vehicle,3,182 GRANITE ST; CANNON FABRICATION CANFAB,COR
,,19C067468,15:07:40 07/30/19,l,Court Order Vio,3,730 PUBLIC SAFETY WAY; CORONA POLICE; LL CONT,COR
,,19C067469,15:10:17 07/30/19,l,Petty Theft P,4,1202 MULBERRY LN,COR
,,19C067470,15:10:32 07/30/19,l,Auto Theft Rec,4,818 S HOWARD ST,COR
,,19C067473,15:20:22 07/30/19,l,Alarm Call,2,2595 LA VENTANA CIR,COR
,,19C067474,15:21:11 07/30/19,l,Auto Theft Past,3,1801 BOWDOIN ST; FRONT COUNTER,COR
,,19C067475,15:23:53 07/30/19,l,Abandoned Veh,4,1700 TAMARRON DR,COR
,,19C067476,15:28:06 07/30/19,l,Flag Down,4,730 PUBLIC SAFETY WAY; CORONA POLICE,COR
,,19C067477,15:29:04 07/30/19,l,Abandoned Veh,4,1744 TAMARRON DR,COR
,,19C067478,15:29:37 07/30/19,lf,Cardiac Arrest,1,1033 E FRANCIS ST,COR
,,19C067479,15:33:06 07/30/19,l,Abandoned Veh,4,1700 TAMARRON DR,COR
,,19C067480,15:39:01 07/30/19,l,Alarm Call,2,303 SUNBURST LN,COR
,,19C067484,15:55:14 07/30/19,l,Disturb Peace,3,1599 PLAZA DE NOCHE # 7,COR
,,19C067485,15:55:34 07/30/19,l,Property Check,4,930 E SIXTH ST; CITY PARK,COR
,,19C067486,15:55:35 07/30/19,l,Follow Up,4,3777 BEDFORD CANYON RD; CFD 7,COR
,,19C067487,15:55:57 07/30/19,l,Susp Person,3,GRANADA AVE & COUNTRY CLUB LN,COR
,,19C067488,16:03:07 07/30/19,l,Disturb Peace P,4,2578 DAKIN DR ; FRONT COUNTER,COR
,,19C067490,16:11:33 07/30/19,l,Property Check,4,RIVER RD & KALUS ST,COR
,,19C067492,16:22:42 07/30/19,l,Surveillance,4,891 POINTE VISTA CIR;Code 5,COR
,,19C067493,16:22:53 07/30/19,f,ZZPregnancy,1,1354 SOUNDVIEW CIR,COR
,,19C067494,16:23:49 07/30/19,l,Found Property,4,3571 VANDERBILT CIR ; LL CONT,COR
,,19C067496,16:31:11 07/30/19,l,Accident,2,CAJALCO RD & 15 NB OFF RAMP,COR
,,19C067497,16:31:29 07/30/19,l,Petty Theft P,4,2700 RIDGELINE DR; #G305; LIC PLT,COR
,,19C067498,16:33:45 07/30/19,l,Susp Vehicle,3,4174 CROWN RANCH RD,COR
,,19C067499,16:45:35 07/30/19,l,Petty Theft P,4,720 N MAIN ST; BURLINGTON COAT,COR
,,19C067500,16:53:35 07/30/19,l,911 Hangup,2,1218 E ONTARIO AVE,COR
,,19C067501,16:53:43 07/30/19,l,Property Check,4,450 E RINCON ST,COR
,,19C067503,16:54:31 07/30/19,l,Battery Past,3,702 SKY RIDGE DR,COR
,,19C067504,16:55:46 07/30/19,l,Citizen Contact,3,11435 ALDER CREEK AVE;LL CONT,COR
,,19C067505,16:57:25 07/30/19,l,Property Check,4,1039 W SIXTH ST,COR
,,19C067507,17:00:31 07/30/19,l,911 Hangup,2,887 RIVER RD; RIVER RUN SR APTS,COR
,,19C067508,17:01:02 07/30/19,f,ZZFall,1,851 RIVER RD; RIVER RUN SR APTS,COR
,,19C067509,17:03:02 07/30/19,f,ZZFall,1,887 RIVER RD; RIVER RUN SR APTS; #313,COR
,,19C067510,17:03:43 07/30/19,l,Susp Vehicle,3,1355 E ONTARIO AVE,COR
,,19C067511,17:06:13 07/30/19,f,ZZCommrcal Alrm,1,2991 DOHERTY ST; FOOD FOR LIFE BANKING CO,COR
,,19C067512,17:07:44 07/30/19,l,Vandalism Past,4,1849 BAYWOOD DR # 104;LL CONT,COR
,,19C067513,17:20:11 07/30/19,l,Follow Up,4,730 PUBLIC SAFETY WAY; CORONA POLICE,COR
,,19C067514,17:26:02 07/30/19,l,Auto Theft Past,3,912 W KENDALL ST,COR
,,19C067516,17:36:14 07/30/19,l,Area Check,3,FRASER CIR & BORDER AVE; POSS 647.6,COR
,,19C067517,17:38:10 07/30/19,l,Property Check,4,470 HIDDEN VALLEY PKWY; KOHLS,COR
,,19C067520,17:45:37 07/30/19,l,Patrol Info,4,1205 S MAIN ST; ARCO AM PM,COR
,,19C067521,17:47:49 07/30/19,f,ZZMedical Alert,1,911 BIG SPRING CT,COR
,,19C067523,18:00:28 07/30/19,l,911 Hangup,2,470 N MCKINLEY ST; UFC GYM AT CORONA HILLS COR PLAZA,
,,19C067524,18:10:17 07/30/19,l,Susp Person,3,940 CIMARRON LN,COR
,,19C067525,18:13:58 07/30/19,l,911 Hangup,2,1660 LEESON LN,COR
,,19C067526,18:15:31 07/30/19,l,Property Check,4,470 N MCKINLEY ST; UFC GYM AT CORONA HILLS COR PLAZA,
,,19C067527,18:16:28 07/30/19,l,Traffic Stop,4,S SHERMAN AVE & W NINTH ST,COR
YES,'Location' garbled/scrambled text,19C067528,18:16:45 07/30/19,f,ZZMedical Alert,1,3725 FOXPLAIN RD;CAMPBELL REISDENCE,COR
,,19C067529,18:18:33 07/30/19,l,Surveillance,4,CITRUS COMMUNITY PARK,COR
,,19C067530,18:23:29 07/30/19,l,911 Hangup,2,881 CORSICA DR,COR
,,19C067531,18:24:08 07/30/19,l,911 Hangup,2,1220 W ONTARIO AVE,COR
,,19C067532,18:24:48 07/30/19,l,Accident,2,155 AUTO CENTER DR; METRO LINK,COR
,,19C067533,18:27:30 07/30/19,l,911 Hangup,2,3247 CRYSTAL RIDGE CIR,COR
,,19C067534,18:29:36 07/30/19,l,911 Hangup,2,1595 E SIXTH ST,COR
,,19C067535,18:34:46 07/30/19,l,Panhand/Solicit,3,470 HIDDEN VALLEY PKWY; KOHLS,COR
,,19C067536,18:35:13 07/30/19,l,Susp Person,3,753 HEARST WAY,COR
,,19C067538,18:51:11 07/30/19,l,Alarm Call,2,825 MAGNOLIA AVE; PEPPERMINT RIDGE,COR
,,19C067539,18:55:09 07/30/19,l,Traffic Stop,4,RIMPAU AVE & VALENCIA RD,COR
,,19C067540,18:59:40 07/30/19,l,Traffic Stop,4,1039 W SIXTH ST; MIGUELS JR 2,COR
,,19C067541,18:59:56 07/30/19,l,Patrol Info,4,1337 S SAN JACINTO; SAN JACINTO,RVC
,,19C067542,19:00:46 07/30/19,l,Property Check,4,420 N MAIN ST,COR
,,19C067543,19:02:55 07/30/19,l,Welfare Check,2,1501 W SIXTH ST; JACK IN THE BOX,COR
,,19C067544,19:13:19 07/30/19,l,Grand Theft P,4,417 W KENDALL ST,COR
,,19C067546,19:24:47 07/30/19,l,Property Check,4,480 N MCKINLEY ST,COR
,,19C067547,19:26:48 07/30/19,l,Susp Person,3,740 N MAIN ST; BIG LOTS,COR
,,19C067548,19:28:25 07/30/19,l,Drunk Driver,2,1133 COUNTRY CLUB LN;RP WANTS CONT,COR
,,19C067549,19:35:43 07/30/19,f,ZZStroke,1,4309 JUNCTION CIR # 104; 104,COR
YES,'Nature' garbled/scrambled text,19C067552,19:44:14 07/30/19,f,ZZFwy Acc w/inj,1,91 WB AUTO CENTER 71,RVC
,,19C067554,19:51:50 07/30/19,l,CMC Violation,4,720 S VICTORIA AVE # 3,COR
,,19C067555,19:55:07 07/30/19,l,Surveillance,4,745 W THIRD ST,COR
,,19C067556,20:02:05 07/30/19,f,ZZTrauma,1,CITRUS COMMUNITY PARK,COR
,,19C067557,20:04:09 07/30/19,l,Citizen Contact,3,650 S LINCOLN AVE # 111; GAME STOP; GAMESTOP,COR
,,19C067558,20:09:37 07/30/19,l,Alarm Call,2,1171 BAYWOOD DR; HENSLEY APARTMENTS,COR
,,19C067559,20:11:05 07/30/19,l,Suspicious Circ,3,1150 PASEO GRANDE; CESAR CHAVEZ ELEMENTARY,COR
,,19C067562,20:13:26 07/30/19,lf,Man Down,1,1295 CRESTA RD; CRESTA VERDE GOLF,COR
,,19C067563,20:19:47 07/30/19,l,Follow Up,4,3941 MOUNT ELENA CIR,COR
,,19C067564,20:21:49 07/30/19,l,Domestic Distur,2,402 SIERRA VISTA ST # 10,COR
,,19C067565,20:28:02 07/30/19,lf,ZZBite Stings,1,MOUNTAIN GATE DR & WINDY RIDGE DR,COR
,,19C067566,20:32:35 07/30/19,l,Susp Person,3,720 N MAIN ST; BURLINGTON COAT,COR
,,19C067567,20:49:23 07/30/19,l,Z-Animal Svcs,4,1418 CHALGROVE DR,COR
,,19C067569,20:53:48 07/30/19,l,Missing Person,2,730 PUBLIC SAFETY WAY; CORONA POLICE,COR
,,19C067571,20:58:18 07/30/19,l,Alarm Call,2,108 RIVER RD; HARTSHORN TV AND APPLIANCE,COR
,,19C067572,21:02:38 07/30/19,f,ZZSick,1,947 ESTHER DR,COR
,,19C067573,21:09:21 07/30/19,l,Accident,2,W ONTARIO AVE & S BUENA VISTA AVE,COR
,,19C067574,21:09:29 07/30/19,l,Suspicious Circ,3,1770 VIA PACIFICA,COR
,,19C067575,21:19:33 07/30/19,l,Disturb Peace,3,1790 VIA PACIFICA # A212; PARCWOOD APARTMENTS,COR
,,19C067576,21:21:32 07/30/19,l,Traffic Stop,4,13120 MAGNOLIA AVE; CIRCLE K,HGS
,,19C067577,21:24:55 07/30/19,l,Resid Burg I/P,2,2630 SENA ST,COR
,,19C067578,21:30:44 07/30/19,l,911 Hangup,2,805 S RAMONA AVE,COR
,,19C067580,21:49:12 07/30/19,l,Disturb Peace,3,360 N MCKINLEY ST; CHASE BANK,COR
,,19C067581,21:50:07 07/30/19,l,Property Check,4,BRENTWOOD PARK,COR
,,19C067582,21:53:13 07/30/19,l,Susp Vehicle,3,3877 BEDFORD CANYON RD; WELLS FARGO BANK,COR
,,19C067583,21:55:13 07/30/19,l,Property Check,4,1810 FULLERTON AVE # 203; AESTHETICARE MEDICAL CORPORATION,COR
,,19C067584,21:55:51 07/30/19,l,Area Check,3,1635 KELLOGG AVE; KELLOGG PARK;POSS 594,COR
,,19C067585,22:00:08 07/30/19,f,ZZResdntal Alr,1,12880 MAGNILIA AVE # 4,HGS
,,19C067586,22:02:39 07/30/19,l,Ped Check,4,1260 E ONTARIO AVE; ALBERTSONS,COR
,,19C067587,22:02:55 07/30/19,l,911 Hangup,2,1740 PACIFIC AVE,NOR
,,19C067588,22:03:00 07/30/19,l,Traffic Stop,4,W SIXTH ST & SIERRA VISTA ST,COR
,,19C067589,22:05:42 07/30/19,l,Alarm Call,2,1151 POMONA RD # N; RSM IT TECH,COR
,,19C067590,22:07:01 07/30/19,l,Suspicious Circ,3,905 WINDY RIDGE DR,COR
,,19C067591,22:07:30 07/30/19,l,Patrol Info,4,1312 E ONTARIO AVE # 101; BANK OF AMERICA; COR #101,
,,19C067593,22:15:37 07/30/19,l,Property Check,4,1206 MAGNOLIA AVE; CORONA MARKETPLACE AT COR CORONA MARKETPLACE,
,,19C067594,22:16:24 07/30/19,l,Follow Up,4,1222 MAGNOLIA AVE; DONUT STAR AT CORONA MARKETPLACE,COR
,,19C067595,22:22:22 07/30/19,l,Property Check,4,1255 RIVER RD; AUBURNDALE INTERMEDIATE,COR
,,19C067596,22:26:39 07/30/19,l,Ill Parked Veh,4,819 CANARY LN,COR
,,19C067598,22:31:32 07/30/19,l,Susp Vehicle,3,4148 PRAIRIE DUNES DR,COR
,,19C067599,22:32:21 07/30/19,l,Welfare Check,2,111 W HARRISON ST # 334; ONE ELEVEN APARTMENTS,COR
,,19C067600,22:34:09 07/30/19,l,Alarm Call,2,108 RIVER RD ; HART SHORN TV APPLIANCE,COR
,,19C067604,22:38:18 07/30/19,l,Property Check,4,1288 BORDER AVE,COR
,,19C067607,22:44:09 07/30/19,l,911 Hangup,2,130 W CHASE DR; HEBREWS,COR
,,19C067608,22:44:14 07/30/19,f,ZZBleeding,1,1609 FAIRVIEW DR,COR
,,19C067610,22:48:53 07/30/19,l,Welfare Check,2,100 E HARRISON ST; BOONDOCKS,COR
,,19C067613,22:51:14 07/30/19,l,Dist/Verbal,2,1440 CHALGROVE DR # B,COR
,,19C067614,22:52:40 07/30/19,l,DV-Assault,1,688 MAGNOLIA AVE,COR
,,19C067616,22:54:38 07/30/19,l,Alarm Call,2,105 E ORANGE HEIGHTS LN,COR
,,19C067619,23:07:23 07/30/19,l,Special Detail,4,2261 EAGLE GLEN PKWY,COR
,,19C067620,23:21:41 07/30/19,l,Property Check,4,4325 PRADO RD; EMPIRE HOCKEY SUPPLY,COR
,,19C067621,23:26:56 07/30/19,l,Trespass,3,703 E SIXTH ST; R S SERVICE STATION INC,COR
,,19C067622,23:34:23 07/30/19,l,911 Hangup,2,715 S MAIN ST; LAUNDERLAND AT CORONA MALL COR SOUTH,
,,19C067623,23:35:05 07/30/19,l,Petty Theft,3,725 S MAIN ST; 99 CENT STORE;647F,COR
,,19C067625,23:40:19 07/30/19,l,911 Hangup,2,1831 N DELILAH ST,COR
,,19C067626,23:59:37 07/30/19,l,Traffic Stop,4,91 EB MAIN MCKINLEY,COR
,,19C067627,00:04:18 07/31/19,lf,Man Down,1,480 N MAIN ST; STARBUCKS,COR
,,19C067628,00:06:01 07/31/19,l,Property Check,4,3347 GRAND OAKS,COR
,,19C067630,00:18:58 07/31/19,l,Property Check,4,216 N SMITH AVE; REGAN PAVING,COR
,,19C067631,00:22:20 07/31/19,l,Welfare Check,2,1331 PERA ST,COR
,,19C067632,00:23:53 07/31/19,l,Property Check,4,185 MAGNOLIA AVE; LEE POLLARD HIGH SCHOOL,COR
,,19C067633,00:27:55 07/31/19,l,Traffic Stop,4,W SIXTH ST & AVENIDA DEL VISTA,COR
,,19C067634,00:34:10 07/31/19,l,Suspicious Circ,3,2220 E TREEMONT PL # 102;,COR
,,19C067635,00:39:49 07/31/19,l,Speed Contest,3,479 N MCKINLEY ST; WALMART,COR
,,19C067636,00:41:00 07/31/19,l,Property Check,4,598 SANTANA WAY; SANTANA PARK,COR
,,19C067637,00:53:52 07/31/19,l,Property Check,4,1155 E ONTARIO AVE; RIMPAU PARK,COR
,,19C067638,00:55:05 07/31/19,f,ZZSick,1,1226 MAGNOLIA AVE,COR
,,19C067639,00:56:13 07/31/19,l,Silent Comm 211,1,1431 RIMPAU AVE # 102; UNION BANK OF CALIFORNIA,COR
,,19C067640,01:21:55 07/31/19,l,Property Check,4,1604 FAIRVIEW DR; FAIRVIEW PARK,COR
,,19C067641,01:37:33 07/31/19,l,Property Check,4,2125 STAGECOACH DR; STAGECOACH PARK,COR
,,19C067642,01:40:29 07/31/19,l,Vehicle Check,4,2320 COMPTON AVE,COR
,,19C067643,01:42:28 07/31/19,l,Property Check,4,400 S VICENTIA AVE; CITY HALL,COR
,,19C067644,01:49:58 07/31/19,l,Property Check,4,2000 GREEN RIVER RD,COR
,,19C067645,01:51:21 07/31/19,l,Ped Check,4,1200 S MERRILL ST; HUSTED PARK,COR
,,19C067646,01:57:55 07/31/19,l,Ped Check,4,2097 COMPTON AVE,COR
,,19C067647,02:06:30 07/31/19,l,Property Check,4,1101 S MERRILL ST,COR
,,19C067649,02:15:41 07/31/19,l,Property Check,4,1443 W SIXTH ST # 108A; CORONA AUTO STOP,COR
,,19C067651,02:36:53 07/31/19,l,Property Check,4,1511 BUTTERFIELD DR,COR
,,19C067652,02:39:06 07/31/19,l,Property Check,4,1886 BUTTERFIELD DR; BUTTERFIELD PARK,COR
,,19C067654,03:08:09 07/31/19,l,Drunk Driver,2,E SIXTH ST & RIMPAU AVE,COR
,,19C067655,03:09:14 07/31/19,l,Alarm Call,2,399 E HARRISON ST # E; FERMA GROUP; SERMA COR COURT,
,,19C067656,03:22:53 07/31/19,l,Property Check,4,2735 WARDLOW RD,COR
,,19C067657,03:38:12 07/31/19,l,Ped Check,4,506 QUEENSLAND CIR; A E AND ASSOCIATES L L COR C,
,,19C067659,03:56:23 07/31/19,f,ZZBreathing,1,1237 KELLEY AVE,COR
,,19C067661,04:19:51 07/31/19,l,Loud Noise,3,1585 DIANNE LN,COR
,,19C067662,04:30:19 07/31/19,l,Property Check,4,505 S BUENA VISTA AVE; COUNTY COURT HOUSE,COR
,,19C067664,05:03:15 07/31/19,l,Property Check,4,502 S VICENTIA AVE; CITY GYM,COR
,,19C067665,05:04:13 07/31/19,l,Property Check,4,730 PUBLIC SAFETY WAY; CORONA POLICE,COR
,,19C067666,05:05:40 07/31/19,f,ZZSick,1,730 PUBLIC SAFETY WAY; CORONA POLICE JAIL,COR
,,19C067667,05:21:17 07/31/19,l,Alarm Call,2,399 E HARRISON ST # E; FERMA GROUP; 2ND RESPONSE,COR
,,19C067668,06:17:26 07/31/19,l,Vandalism Past,4,886 ROCK RIDGE CT; LL CONT,COR
,,19C067669,06:19:35 07/31/19,lf,Man Down,1,612 W GRAND BLVD # 1; TOP MASSAGE,COR
,,19C067670,06:22:34 07/31/19,l,Traffic Detail,4,286 AUTO CENTER DR,COR
,,19C067671,06:26:04 07/31/19,l,Petty Theft P,4,2379 COMPTON AVE; DENNYS RESTAURANT; ATTEMPT,COR
,,19C067673,06:40:43 07/31/19,f,ZZSick,1,2108 ALPINEMIST ST,COR
,,19C067674,06:48:30 07/31/19,l,Alarm Call,2,510 HIDDEN VALLEY PKWY # 101; EL CANGREGO,COR
,,19C067675,06:54:03 07/31/19,lf,Man Down,1,E THIRD ST & S MAIN ST,COR
,,19C067677,07:11:42 07/31/19,l,H&S Violation,3,2500 SAN GABRIEL WAY,COR
,,19C067680,07:13:30 07/31/19,l,Comm Burg Past,4,440 RIVER RD # F; FOOT SPA,COR
,,19C067681,07:14:59 07/31/19,l,Traffic Detail,4,AUTO CENTER DR & 91 WB ON RAMP,COR
,,19C067683,07:21:22 07/31/19,l,Disturb Peace,3,1402 E ONTARIO AVE; ARCO AMPM AT IN AND OUT CENTER,COR
,,19C067684,07:24:22 07/31/19,l,911 Hangup,2,2791 GREEN RIVER RD,COR
,,19C067685,07:26:00 07/31/19,l,911 Hangup,2,210 S LINCOLN AVE,COR
,,19C067686,07:30:31 07/31/19,l,Property Check,4,450 HIDDEN VALLEY PKWY; CHICK FIL A,COR
,,19C067687,07:31:21 07/31/19,l,Comm Burg Past,4,440 RIVER RD # I; J AND M MARKET,COR
,,19C067688,07:32:43 07/31/19,l,Property Check,4,470 HIDDEN VALLEY PKWY; KOHLS,COR
,,19C067690,07:36:36 07/31/19,l,Vehicle Check,4,COMMERCE ST & N SMITH AVE,COR
,,19C067691,07:39:41 07/31/19,lf,Man Down,1,POMONA RD & AUTO CENTER DR,COR
,,19C067692,07:43:02 07/31/19,l,Traffic Stop,4,915 N MCKINLEY ST; CFD 4,COR
,,19C067694,07:55:57 07/31/19,l,Property Check,4,2290 GRIFFIN WAY; COUNTRY SIDE CAR WASH AT COUNTRYSIDE CENTE,COR
,,19C067695,07:59:24 07/31/19,l,Property Check,4,2276 GRIFFIN WY # 108; COUNTRY BBQ,COR
,,19C067696,08:03:51 07/31/19,,Area Check,3,1300 RADCLIFFE CIR,COR
,,19C067698,08:04:50 07/31/19,l,911 Hangup,2,100 RADIO RD; PENSKE,COR
,,19C067699,08:10:52 07/31/19,l,911 Hangup,2,2587 S MAIN ST,COR
,,19C067700,08:13:16 07/31/19,l,911 Hangup,2,267 WINFIELD CIR; WESTERN SAFETY ASSOCIATES L L C,COR
,,19C067702,08:15:57 07/31/19,l,Alarm Call,2,623 N MAIN ST;#D5;NAOEMI INSURANCE,COR
,,19C067703,08:22:16 07/31/19,l,Citizen Contact,3,1601 PASEO VISTA ST; PD LOBBY,COR
,,19C067704,08:24:23 07/31/19,l,Traffic Stop,4,E GRAND BLVD & N MAIN ST,COR
,,19C067706,08:26:28 07/31/19,l,Citizen Contact,3,730 PUBLIC SAFETY WAY,COR
,,19C067707,08:29:02 07/31/19,l,Susp Vehicle,3,1662 S MAIN ST; POSS UNRPT'D 10851,COR
,,19C067709,08:41:07 07/31/19,l,Property Check,4,2275 SAMPSON AVE; 91 EXPRESS LANES AT LOS COR ARCOS,
,,19C067710,08:42:29 07/31/19,l,911 Hangup,2,1150 W TENTH ST; CORONA HIGH SCHOOL,COR
,,19C067711,08:45:14 07/31/19,l,Area Check,3,433 MAGNOLIA AVE; VONS GAS ; 415,COR
,,19C067712,08:50:09 07/31/19,l,Property Check,4,930 E SIXTH ST; CITY PARK,COR
,,19C067715,08:53:43 07/31/19,l,911 Hangup,2,1897 CALIFORNIA AVE # 102; HOLSTROM BLOCK COR AND PARKE,
,,19C067716,08:57:39 07/31/19,l,H&S Violation,3,347 N GRANT AVE,COR
,,19C067717,08:59:22 07/31/19,l,Property Check,4,365 N MAIN ST,COR
,,19C067720,09:11:41 07/31/19,lf,Man Down,1,AUTO CENTER DR & WARDLOW RD,COR
,,19C067721,09:14:25 07/31/19,l,Follow Up,4,730 PUBLIC SAFETY WAY; CORONA POLICE,COR
,,19C067723,09:24:28 07/31/19,l,Vehicle Check,4,2565 CENTENNIAL WAY,COR
,,19C067724,09:24:58 07/31/19,l,Property Check,4,2363 CALIFORNIA AVE; #2,COR
,,19C067725,09:29:26 07/31/19,l,Petty Theft P,4,777 S TEMESCAL ST,COR
,,19C067726,09:31:29 07/31/19,l,Property Check,4,785 VILLAGE LOOP DR; CORONA RANCH ELEMENTARY,COR
,,19C067728,09:37:04 07/31/19,l,Public Service,3,730 PUBLIC SAFETY WAY ; FRONT COUNTER,COR
,,19C067729,09:37:58 07/31/19,l,Hazard,3,15 NB OFF RAMP & E ONTARIO AVE,COR
,,19C067732,09:47:09 07/31/19,l,Welfare Check,2,480 N MAIN ST; STARBUCKS,COR
,,19C067734,09:50:49 07/31/19,l,911 Hangup,2,1000 EL CAMINO AVE,COR
,,19C067735,09:54:30 07/31/19,l,Citizen Contact,3,11435 ALDER CREEK AVE; 653M LL CONT,COR
,,19C067736,09:54:38 07/31/19,l,Auto Theft,2,200 N LINCOLN AVE; MOTEL 6,COR
,,19C067737,10:02:00 07/31/19,l,911 Hangup,2,995 POMONA RD # 10,COR
,,19C067738,10:02:56 07/31/19,l,Ped Check,4,RIMPAU AVE & E SIXTH ST,COR
,,19C067739,10:02:56 07/31/19,l,Accident,2,N MCKINLEY ST & SHOPPING CENTER,COR
,,19C067741,10:08:30 07/31/19,lf,Hit and Run Inj,1,15 NB OFF RAMP & E ONTARIO AVE,COR
,,19C067743,10:19:19 07/31/19,l,Alarm Call,2,1236 SHADY MILL RD,COR
,,19C067745,10:24:53 07/31/19,l,Citizen Contact,3,1113 S MAIN ST # B; KILZI DENTAL; LL CONT,COR
,,19C067746,10:29:33 07/31/19,l,Disturb Peace,3,1342 FREEDOM DR; FAMILY,COR
,,19C067750,10:37:41 07/31/19,l,Property Check,4,535 W NINTH ST;COMP ACCESS,COR
,,19C067751,10:38:34 07/31/19,l,Property Check,4,121 E FRANCIS ST,COR
,,19C067752,10:41:21 07/31/19,l,Susp Person,3,VIA DEL RIO & AVENIDA DEL VISTA;KNIFE,COR
,,19C067753,10:42:43 07/31/19,l,Patrol Info,4,91 EB ON RAMP & N MCKINLEY ST,COR
,,19C067754,10:44:40 07/31/19,l,Property Check,4,1290 E ONTARIO AVE; WALMART,COR
,,19C067756,10:46:44 07/31/19,l,Hazard,3,E ONTARIO AVE & RIMPAU AVE,COR
,,19C067757,10:50:06 07/31/19,l,Accident Past,4,1897 CALIFORNIA AVE; SUSAN GLENN AND ASSOCIATES C P A INC,COR
,,19C067759,10:53:15 07/31/19,l,911 Hangup,2,200 N LINCOLN AVE; MOTEL 6,COR
,,19C067760,10:57:21 07/31/19,l,Petty Theft P,4,2240 COMPTON AVE; UNOCAL GAS,COR
,,19C067762,10:59:30 07/31/19,l,Accident,2,RIVER RD & N MAIN ST,COR
,,19C067763,11:02:41 07/31/19,l,911 Hangup,2,987 TEMESCAL CIR,COR
,,19C067764,11:09:58 07/31/19,l,Property Check,4,1455 W SIXTH ST; MOJOS COFFEE,COR
YES,'Nature' garbled text (embedded symbol),19C067765,11:10:33 07/31/19,f,ZZFaint/Uncons,1,720 S RAMONA AVE # 105; CORONA MEDICAL CENTER,COR
,,19C067766,11:18:21 07/31/19,l,Property Check,4,510 FULLER ST,COR
,,19C067767,11:19:39 07/31/19,l,Property Check,4,424 S HOWARD ST; IGLESIA DE NAZARENO,COR
,,19C067768,11:20:20 07/31/19,l,Welfare Check,2,2489 TUSCANY ST; KOHLS,COR
,,19C067769,11:22:17 07/31/19,l,Property Check,4,525 CORONA MALL; CORONA HEARING CENTER,COR
,,19C067770,11:23:40 07/31/19,l,911 Hangup,2,915 N MCKINLEY ST; CFD 4,COR
,,19C067772,11:28:24 07/31/19,l,Property Check,4,213 E THIRD ST,COR
,,19C067775,11:31:05 07/31/19,l,Property Check,4,1063 QUARRY ST,COR
,,19C067776,11:32:23 07/31/19,f,ZZCarbon Alarm,2,2978 ALPS RD,COR
,,19C067777,11:36:00 07/31/19,l,Alarm Call,2,937 SAVI DR,COR
,,19C067779,11:42:03 07/31/19,l,Property Check,4,573 N MCKINLEY ST; PETSMART INC 126 AT CORONA HILLS MARKETPL,COR
,,19C067780,11:43:54 07/31/19,l,Property Check,4,479 N MCKINLEY ST; WALMART,COR
,,19C067781,11:45:40 07/31/19,l,Found Property,4,300 N MCKINLEY ST # 103; FED EX,COR
,,19C067782,11:46:57 07/31/19,l,911 Hangup,2,480 S MAIN ST,COR
,,19C067783,11:49:10 07/31/19,l,Property Check,4,2290 GRIFFIN WAY; COUNTRY SIDE CAR WASH AT COUNTRYSIDE CENTE,COR
,,19C067784,11:49:37 07/31/19,l,911 Hangup,2,815 W SIXTH ST; CIVIC CENTER,COR
,,19C067785,11:52:10 07/31/19,l,Under Influence,2,1203 W SIXTH ST # 49,COR
,,19C067788,11:57:37 07/31/19,l,Alarm Call,2,3685 GRAND OAKS; ETHAN ALLEN RETAIL INC AT COR THE CROSSINGS,
,,19C067789,12:00:18 07/31/19,l,911 Hangup,2,815 W SIXTH ST; CIVIC CENTER,COR
,,19C067790,12:02:11 07/31/19,l,911 Hangup,2,815 W SIXTH ST; CIVIC CENTER,COR
,,19C067791,12:05:51 07/31/19,l,911 Hangup,2,1453 GOLDENEAGLE DR; ROYAL HOUSE CLEANING,COR
,,19C067792,12:07:00 07/31/19,l,Disturb Peace,3,2240 E TREEMONT PL # 103,COR
,,19C067793,12:08:20 07/31/19,l,Follow Up,4,5710 CALITERRA; EASTVALE,EVL
,,19C067794,12:08:23 07/31/19,l,Property Check,4,2296 GRIFFIN WAY; JACK IN THE BOX,COR
,,19C067795,12:08:54 07/31/19,lf,Accident Inj,1,S MAIN ST & E EIGHTH ST,COR
,,19C067798,12:10:17 07/31/19,l,Property Check,4,2240 GRIFFIN WAY; EL TORITO,COR
,,19C067800,12:12:33 07/31/19,,911 Hangup,2,1200 S MERRILL ST,COR
,,19C067802,12:22:44 07/31/19,l,Flag Down,4,2240 E TREEMONT PL,COR
,,19C067803,12:31:17 07/31/19,l,Drunk In Public,2,320 S MAIN ST # 101; THE PAW SPA,COR
,,19C067804,12:32:11 07/31/19,l,Special Detail,4,4050 S MAIN ST,COR
,,19C067805,12:36:43 07/31/19,l,911 Hangup,2,268 N LINCOLN AVE # 10; CENTER STAGE STUDIOS,COR
,,19C067806,12:43:30 07/31/19,l,Grand Theft P,4,200 N LINCOLN AVE; MOTEL 6,COR
,,19C067808,12:47:49 07/31/19,l,Patrol Info,4,S LINCOLN AVE & W SIXTH ST,COR
,,19C067809,12:48:32 07/31/19,l,Property Check,4,1698 W SIXTH ST # A; 7 11 STORE WEST,COR
,,19C067810,12:48:55 07/31/19,l,Suspicious Circ,3,1148 SERENE DR,COR
,,19C067811,12:49:07 07/31/19,l,Property Check,4,1407 HAWKCREST AVE,COR
,,19C067812,12:49:29 07/31/19,f,ZZCommrcal Alrm,1,863 RIVER RD; RIVER RUN SR APTS,COR
,,19C067815,12:52:51 07/31/19,lf,Disturb Peace,3,513 W SIXTH ST; EDUARDOS MEXICAN RESTAURANTS INC,COR
,,19C067817,12:55:56 07/31/19,l,Grand Theft P,4,314 E SIXTH ST ; FRONT COUNTER,COR
,,19C067818,13:00:12 07/31/19,l,Disturb Peace,3,2240 E TREEMONT PL # 103; RECALL,COR
,,19C067820,13:11:50 07/31/19,l,911 Hangup,2,3381 MOUNTAINSIDE DR,COR
,,19C067822,13:12:27 07/31/19,l,Hazard,3,GREEN RIVER RD & RIDGELINE DR,COR
,,19C067823,13:14:49 07/31/19,l,Welfare Check,2,CITRUS COMMUNITY PARK,COR
YES,'Nature' garbled text (embedded symbol),19C067824,13:20:06 07/31/19,f,ZZFaint/Uncons,1,400 N MCKINLEY ST; MCDONALDS,COR
,,19C067828,13:26:23 07/31/19,l,Incorrigible,2,1566 BEACON RIDGE WAY,COR
,,19C067829,13:34:17 07/31/19,l,Petty Theft P,4,777 S TEMESCAL ST # 43; CORONA LA LINDA MHP,COR
,,19C067830,13:35:56 07/31/19,lf,Hot Lock Out,1,925 MESA VERDE AVE,COR
,,19C067831,13:37:23 07/31/19,l,Property Check,4,1162 BELRIDGE PL,COR
,,19C067833,13:44:44 07/31/19,l,H&S Violation,3,1635 KELLOGG AVE; KELLOGG PARK,COR
,,19C067835,13:47:16 07/31/19,l,Additional Info,4,2345 MESQUITE LN; Front Counter,COR
,,19C067838,13:50:46 07/31/19,l,Disturb Peace,3,3495 SWEETWATER CIR,COR
,,19C067840,13:53:41 07/31/19,l,Hazard,3,CRESTRIDGE DR & GREEN RIVER RD,COR
,,19C067841,13:53:44 07/31/19,lf,Accident Inj,1,3550 GRAND OAKS,COR
,,19C067842,13:54:51 07/31/19,l,Missing Child,1,804 QUARRY ST,COR
,,19C067844,13:55:10 07/31/19,f,ZZSick,1,1180 W SIXTH ST,COR
,,19C067845,13:59:08 07/31/19,l,Hazard,3,PALISADES DR & SERFAS CLUB DR,COR
,,19C067848,14:01:20 07/31/19,lf,Battery Injury,1,S SHERMAN AVE & W SIXTH ST,COR
,,19C067849,14:05:49 07/31/19,l,Welfare Check,2,1533 CLASSICO WAY,COR
,,19C067852,14:07:38 07/31/19,l,Fraud Past,4,490 N MCKINLEY ST; FRONT COUNTER,COR
,,19C067853,14:16:02 07/31/19,l,911 Hangup,2,1592 FAIRWAY DR,COR
,,19C067854,14:16:39 07/31/19,l,Susp Person,3,SWEET RAIN WAY & MISTY STREAM WAY,COR
,,19C067855,14:19:39 07/31/19,l,Traffic Stop,4,CAJALCO RD & GRAND OAKS,COR
,,19C067856,14:20:30 07/31/19,f,ZZHydrant Flow,1,9118 PULSAR CT,TEM
,,19C067857,14:28:12 07/31/19,l,Dist/Verbal,2,314 E SIXTH ST;UHAUL,COR
,,19C067858,14:31:42 07/31/19,f,ZZSick,1,1169 SINSONTE CIR,COR
,,19C067861,14:40:34 07/31/19,l,911 Hangup,3,479 N MCKINLEY ST; WALMART ; PAYPHNE,COR
,,19C067862,14:42:07 07/31/19,l,Patrol Info,4,N MCKINLEY ST & GRIFFIN WAY,COR
,,19C067864,14:45:36 07/31/19,l,911 Hangup,2,720 N MAIN ST; BURLINGTON COAT,COR
,,19C067865,14:47:51 07/31/19,l,Keep The Peace,3,3963 CAMELBACK CIR,COR
,,19C067866,14:52:26 07/31/19,l,Ill Parked Veh,4,BOLLERO PL & N BUENA VISTA AVE,COR
,,19C067868,15:03:43 07/31/19,f,ZZCarbon Alarm,2,3514 BELVEDERE WAY,COR
,,19C067869,15:07:21 07/31/19,l,Vandalism Past,4,1268 SHERBORN ST ; LL C4,COR
,,19C067870,15:17:53 07/31/19,l,Fraud Past,4,682 AZURE LN # 5,COR
,,19C067871,15:22:03 07/31/19,l,911 Hangup,2,209 E BLAINE ST,COR
,,19C067872,15:22:16 07/31/19,l,Follow Up,4,640 W SECOND ST # 1,COR
,,19C067873,15:24:06 07/31/19,l,Property Check,4,1501 PAMELA ST,COR
,,19C067875,15:42:57 07/31/19,l,Vehicle Check,4,1248 W SIXTH ST; WELCOME INN,COR
,,19C067876,15:46:50 07/31/19,l,Susp Person,2,2379 COMPTON AVE; DENNYS RESTAURANT AT IN AND OUT CENTER,COR
,,19C067877,15:50:08 07/31/19,l,Flag Down,4,1081 MORNING SUN LN,COR
,,19C067878,15:51:16 07/31/19,l,Follow Up,4,152 E SIXTH ST,COR
,,19C067879,15:51:25 07/31/19,l,Alarm Call,2,712 SAN BENITO LN,COR
,,19C067880,15:52:04 07/31/19,l,Vehicle Check,4,1248 W SIXTH ST; WELCOME INN,COR
,,19C067882,15:53:25 07/31/19,l,Welfare Check,2,BUCHANAN ST & PROMENADE AVE,COR
,,19C067883,15:53:41 07/31/19,l,Fraud Past,4,1299 E ONTARIO AVE; CVS PHARMACY 9190 AT CORONA ORCHARD,COR
,,19C067885,16:14:03 07/31/19,f,ZZSick,1,737 MAGNOLIA AVE # 133,COR
,,19C067886,16:14:32 07/31/19,l,Alarm Call,2,1128 GARRETSON AVE; ACFN OF CORONA,COR
,,19C067887,16:19:00 07/31/19,l,Fraud Past,4,3755 GUNNISON CIR; FRONT COUNTER,COR
,,19C067888,16:20:28 07/31/19,l,Trespass,3,2615 TUSCANY ST; TARGET AT THE CROSSINGS; COR POSS 490.2,
,,19C067889,16:21:00 07/31/19,l,Silent Comm 211,1,700 W SIXTH ST; 7 11 STORE CENTRAL,COR
,,19C067892,16:23:07 07/31/19,f,ZZFwy UnkInjury,1,91 EB PASEO GRANDE LINCOLN,COR
,,19C067893,16:26:33 07/31/19,l,Accident,2,TEMESCAL CANYON RD & PRONIO CIR,COR
,,19C067894,16:27:07 07/31/19,lf,Accident Unknwn,1,TEMESCAL CANYON RD & PRONIO CIR,COR
,,19C067896,16:30:35 07/31/19,f,ZZSeizure,1,825 MAGNOLIA AVE; PEPPERMINT RIDGE; EVERGREEN HOUSE,COR
,,19C067897,16:33:08 07/31/19,f,ZZBleeding,1,24950 PINE CREEK LOOP,TEM
,,19C067898,16:42:19 07/31/19,l,Disturb Peace P,4,1885 LITTLER LN,COR
,,19C067899,16:48:00 07/31/19,l,Traffic Stop,4,W SIXTH ST & SHOPPING CENTER,COR
,,19C067900,16:49:22 07/31/19,l,Trespass,3,603 E SIXTH ST ;HOMELESS,COR
,,19C067901,16:51:33 07/31/19,l,Accident,2,350 N MCKINLEY ST; CORONA HILLS PLAZA,COR
,,19C067902,16:53:35 07/31/19,l,Alarm Call,2,2394 CENTENNIAL WAY,COR
,,19C067903,17:01:32 07/31/19,l,911 Hangup,2,1227 DORIS LN # 103,COR
,,19C067904,17:03:48 07/31/19,l,Public Service,3,1211 W SIXTH ST; PARKVIEW APTS,COR
,,19C067905,17:04:54 07/31/19,l,Property Check,4,470 HIDDEN VALLEY PKWY; KOHLS,COR
,,19C067906,17:06:21 07/31/19,l,Property Check,4,454 CORONA AVE,COR
,,19C067907,17:08:14 07/31/19,l,911 Hangup,2,GRIFFIN WAY & N MCKINLEY ST,COR
,,19C067908,17:10:30 07/31/19,lf,Accident,2,CRESTA RD & HARDING RD,COR
,,19C067909,17:12:40 07/31/19,l,Grand Theft P,4,2178 STONERIDGE RD; ASHTON APTS,COR
,,19C067910,17:14:35 07/31/19,l,911 Hangup,2,GRIFFIN WAY & N MCKINLEY ST,COR
,,19C067911,17:15:32 07/31/19,l,Traffic Stop,4,SHOPPING CENTER & W SIXTH ST,COR
,,19C067912,17:34:02 07/31/19,l,Hazard,3,CHICORY AVE & GLENBUSH CIR,COR
,,19C067913,17:48:11 07/31/19,l,Incorrigible,2,435 NEWHALL DR,COR
,,19C067915,17:51:29 07/31/19,l,Stranded Veh,3,N MCKINLEY ST & 91 WB ON RAMP,COR
,,19C067916,17:51:43 07/31/19,l,Area Check,3,2500 THISTLEWOOD LN,COR
YES,'Location' garbled/scrambled text,19C067917,17:54:29 07/31/19,l,Patrol Info,4,12471 LIMONITE;TARGET EASTVALE 211 W/GUN,EVL
,,19C067918,17:58:39 07/31/19,l,Accident,2,RAILROAD ST & N COTA ST ;VEH VS HYDRANT,COR
,,19C067920,18:01:38 07/31/19,f,ZZHydrant Flow,1,RAILROAD ST & N COTA ST,COR
,,19C067921,18:01:56 07/31/19,lf,Man Down,1,820 PARK LN,COR
,,19C067922,18:04:32 07/31/19,l,Dist/Verbal,2,930 E SIXTH ST; CITY PARK,COR
,,19C067923,18:05:51 07/31/19,l,Alarm Call,2,210 N SMITH AVE # A; CUSTOM FORM TOOLS,COR
,,19C067925,18:08:53 07/31/19,l,911 Hangup,2,187 N COTA ST;ABAND VOIP,COR
,,19C067926,18:09:07 07/31/19,l,911 Hangup,2,187 N COTA ST,COR
,,19C067927,18:10:14 07/31/19,l,Area Check,3,E GRAND BLVD & GARRETSON AVE,COR
,,19C067930,18:14:58 07/31/19,l,911 Hangup,2,275 TELLER ST # 100; 24 HOUR FITNESS,COR
,,19C067934,18:23:20 07/31/19,l,911 Hangup,2,1901 W ONTARIO AVE,COR
,,19C067935,18:24:30 07/31/19,lf,Man Down,1,SERFAS CLUB DR & RANCHO CORONA DR,COR
,,19C067936,18:33:54 07/31/19,l,Traffic Stop,4,HARLOW AVE & WINDSONG ST,HGS
,,19C067937,18:41:24 07/31/19,l,911 Hangup,2,410 S MAIN ST;PHS2,COR
,,19C067938,18:49:14 07/31/19,l,911 Hangup,2,1230 S MAIN ST;PHS2,COR
,,19C067939,18:54:23 07/31/19,l,Susp Vehicle,3,STAGECOACH RD & CORYDON ST,COR
,,19C067940,18:54:36 07/31/19,l,Alarm Call,2,1359 W SIXTH ST; #B,COR
,,19C067941,19:04:29 07/31/19,l,911 Hangup,2,1000 W RINCON ST,COR
,,19C067943,19:07:52 07/31/19,l,911 Hangup,2,1038 SAVI DR; #103,COR
,,19C067944,19:11:53 07/31/19,l,Fraud Past,4,1662 BRENTWOOD DR,COR
,,19C067945,19:12:33 07/31/19,f,ZZFwy Man Down,1,15 SB ON RAMP & EL CERRITO RD,COR
,,19C067946,19:13:26 07/31/19,l,911 Hangup,2,598 SANTANA WAY; SANTANA PARK,COR
,,19C067947,19:14:13 07/31/19,l,Property Check,4,1260 E ONTARIO AVE; ALBERTSONS,COR
,,19C067948,19:17:23 07/31/19,f,ZZBleeding,1,917 W TENTH ST,COR
,,19C067949,19:23:24 07/31/19,l,Ped Check,4,1501 W SIXTH ST; JACK IN THE BOX,COR
,,19C067950,19:25:30 07/31/19,l,Disturb Peace,3,1865 W SIXTH ST; CARLS JR,COR
,,19C067951,19:27:00 07/31/19,l,Area Check,3,901 S SMITH AVE; CORONA VILLAGE APTS; 647.6,COR
,,19C067952,19:32:48 07/31/19,lf,Vegetation Low,1,GREEN RIVER RD & 91 EB ON RAMP,COR
,,19C067953,19:36:00 07/31/19,l,Area Check,3,GREEN RIVER RD & CRESTRIDGE DR,COR
,,19C067954,19:37:59 07/31/19,l,Property Check,4,1140 E ONTARIO AVE; CHEVRON STATION,COR
,,19C067955,19:38:13 07/31/19,l,Area Check,3,W TENTH ST & W GRAND BLVD,COR
,,19C067956,19:38:43 07/31/19,l,Property Check,4,2795 CABOT DR # 155; TGI FRIDAYS,COR
,,19C067957,19:40:01 07/31/19,l,Susp Vehicle,3,1635 KELLOGG AVE; KELLOGG PARK,COR
,,19C067958,19:43:26 07/31/19,l,Traffic Stop,4,450 S MAIN ST; JASHUA LIQUOR,COR
,,19C067960,19:47:37 07/31/19,l,Patrol Info,4,N MCKINLEY ST & PROMENADE AVE,COR
,,19C067961,19:48:44 07/31/19,l,Property Check,4,4700 GREEN RIVER RD,COR
,,19C067962,19:51:34 07/31/19,f,ZZPublicSrvceF,2,1496 ELEGANTE CT,COR
,,19C067963,19:56:09 07/31/19,l,911 Hangup,2,1500 ELEGANTE CT,COR
,,19C067965,19:59:20 07/31/19,l,H&S Violation,3,1353 W ONTARIO AVE; ONTARIO PARK,COR
,,19C067966,19:59:36 07/31/19,l,Traffic Stop,4,RIMPAU AVE & FORD ST,COR
,,19C067967,20:08:12 07/31/19,l,Welfare Check,2,2360 BOUGANVILLEA CIR,COR
,,19C067968,20:13:51 07/31/19,l,Dist/Verbal,2,1792 FAIRVIEW DR,COR
,,19C067969,20:13:55 07/31/19,l,Property Check,4,2315 CALIFORNIA AVE; DYKSTRAS CAR WASH,COR
,,19C067972,20:16:56 07/31/19,l,Vehicle Check,4,N MAIN ST & E PARKRIDGE AVE; OLD ROCKY'S PIZZA,COR
,,19C067973,20:18:26 07/31/19,l,Drunk Driver,2,GREEN RIVER RD & MONTANA RANCH RD,COR
,,19C067974,20:19:10 07/31/19,l,Property Check,4,2790 CALIFORNIA AVE; BETH SHALOM MESSIANIC JEWISH CONGREGATI,COR
,,19C067975,20:19:33 07/31/19,l,Battery,1,1245 COX WAY,COR
,,19C067976,20:24:21 07/31/19,l,Property Check,4,1150 PASEO GRANDE; CESAR CHAVEZ ELEMENTARY SCHOOL,COR
,,19C067977,20:26:50 07/31/19,f,ZZBreathing,1,1503 S NORMANDY TERRACE,COR
,,19C067978,20:27:28 07/31/19,lf,Structure Fire,1,1572 DEL NORTE DR,COR
,,19C067979,20:31:38 07/31/19,l,Traffic Stop,4,W SECOND ST & S LINCOLN AVE,COR
,,19C067980,20:43:25 07/31/19,f,ZZBleeding,1,1609 FAIRVIEW DR,COR
,,19C067981,20:43:50 07/31/19,l,Patrol Info,4,490 N MCKINLEY ST,COR
,,19C067982,20:46:08 07/31/19,l,Traffic Stop,4,N LINCOLN AVE & RIVER RD,COR
,,19C067983,20:46:32 07/31/19,f,ZZEye,1,965 SERFAS CLUB DR,CRA
,,19C067984,20:48:43 07/31/19,f,ZZBleeding,1,486 BRITTANY DR,COR
,,19C067987,20:59:24 07/31/19,l,Traffic Stop,4,1355 E ONTARIO AVE; HOME DEPOT,COR
,,19C067988,21:07:13 07/31/19,l,Assault Weapon,2,408 COLFAX CIR;VEH 5 AGO,COR
,,19C067989,21:13:01 07/31/19,l,Auto Theft Past,3,3590 COPPER RIDGE DR,COR
,,19C067990,21:15:33 07/31/19,l,Property Check,4,2520 TUSCANY ST,COR
,,19C067991,21:16:31 07/31/19,l,Alarm Call,2,1287 TAFT LN,COR
,,19C067992,21:17:54 07/31/19,l,Property Check,4,2355 COMPTON AVE; LA FITNESS,COR
,,19C067993,21:20:57 07/31/19,f,ZZAbdominalPain,1,737 MAGNOLIA AVE # 102,COR
,,19C067995,21:32:07 07/31/19,l,Follow Up,4,1034 LINCRONA ST; 19-07660,COR
,,19C067996,21:33:00 07/31/19,l,911 Hangup,2,2411 NANNERS WAY,COR
,,19C067998,21:41:53 07/31/19,l,Welfare Check,2,478 REMBRANDT DR,COR
,,19C067999,21:43:36 07/31/19,l,Child Abuse,2,1566 BEACON RIDGE WAY,COR
,,19C068000,21:47:10 07/31/19,l,Property Check,4,2045 COMPTON AVE,COR
,,19C068002,21:50:28 07/31/19,l,Property Check,4,1250 SANTANA WY; SANTANA PARK,COR
,,19C068003,21:54:58 07/31/19,l,Drunk Driver,2,CAJALCO RD & TEMESCAL CANYON RD;FOLLOWING,COR
,,19C068005,21:56:00 07/31/19,l,911 Hangup,2,209 E BLAINE ST,COR
,,19C068006,21:56:34 07/31/19,l,Domestic Distur,2,111 W HARRISON ST # 402; ONE ELEVEN APARTMENTS,COR
,,19C068007,22:02:15 07/31/19,l,Susp Person,3,2331 KELLOGG AVE # A; CROSSROADS CHURCH,COR
,,19C068008,22:04:47 07/31/19,l,Alarm Call,2,1700 VIA PACIFICA; PARCWOOD APARTMENTS,COR
,,19C068009,22:08:59 07/31/19,l,Hazard,3,N LINCOLN AVE & W PARKRIDGE AVE;FOLLOWING,COR
,,19C068010,22:11:10 07/31/19,l,Property Check,4,480 N MCKINLEY ST,COR
,,19C068011,22:14:09 07/31/19,l,Ped Check,4,CRESTA RD & TERMINO AVE,COR
,,19C068013,22:18:39 07/31/19,l,Property Check,4,1290 E ONTARIO AVE; WALMART,COR
,,19C068015,22:20:31 07/31/19,l,Susp Person,3,GRAPEVINE DR & TAYLOR AVE,COR
,,19C068016,22:23:16 07/31/19,l,Runaway,3,631 REDONDO LN,COR
,,19C068017,22:23:50 07/31/19,l,Petty Theft P,4,550 HIDDEN VALLEY PKWY; STATER BROS MARKETS,COR
,,19C068018,22:29:27 07/31/19,l,Traffic Stop,4,1141 W SIXTH ST; ALBERTOS MEXICAN FOOD,COR
,,19C068019,22:29:58 07/31/19,l,Patrol Info,4,TRUDY WAY & W FOOTHILL PKWY,COR
,,19C068020,22:30:43 07/31/19,l,911 Hangup,2,535 DOHENY CIR,COR
,,19C068021,22:34:29 07/31/19,l,Shoplift Past,4,1290 E ONTARIO AVE; WALMART,COR
,,19C068022,22:37:38 07/31/19,l,Traffic Stop,4,S MAIN ST & E ONTARIO AVE,COR
,,19C068023,22:38:06 07/31/19,l,Susp Person,3,926 E ONTARIO AVE; #106,COR
,,19C068024,22:41:17 07/31/19,l,911 Hangup,2,730 PUBLIC SAFETY WAY,COR
,,19C068025,22:47:49 07/31/19,l,Property Check,4,1114 W ONTARIO AVE; CORONA INTERNATIONAL COR CHRISTIAN FELLOWSHI,
,,19C068026,23:05:38 07/31/19,l,Test,4,730 PUBLIC SAFETY WAY; CORONA POLICE,COR
,,19C068027,23:15:41 07/31/19,l,Property Check,4,785 VILLAGE LOOP DR; CORONA RANCH ELEMENTARY,COR
,,19C068028,23:15:46 07/31/19,l,Alarm Call,2,400 E PARKRIDGE AVE # 102; PLYNETICS INC,COR
,,19C068029,23:18:23 07/31/19,l,Dist/Verbal,2,1556 BORDER AVE # F,COR
,,19C068030,23:27:24 07/31/19,l,Accident,2,4464 OWENS ST # 104,COR
,,19C068031,23:28:38 07/31/19,l,Property Check,4,924 E ONTARIO AVE,COR
,,19C068032,23:30:50 07/31/19,l,Follow Up,4,730 PUBLIC SAFETY WAY; CORONA POLICE,COR
,,19C068035,23:38:20 07/31/19,l,Property Check,4,549 BATEMAN CIR; BUSINESS TELECOMMUNICATIONS SYSTEMS INC,COR
,,19C068036,23:39:23 07/31/19,l,Vandalism,3,3780 WALLOWA CIR,COR
,,19C068038,23:50:11 07/31/19,f,ZZBleeding,1,3947 PINE VALLEY WAY,COR
,,19C068039,23:51:43 07/31/19,l,DV-Assault Past,3,402 SIERRA VISTA ST # 10,COR
,,19C068041,23:57:40 07/31/19,l,Property Check,4,400 S VICENTIA AVE; CITY HALL,COR
,,19C068042,00:04:19 08/01/19,f,ZZFwy Veh Fire,1,15 SB TEMESCAL CANYON INDIAN TRUCK TRAIL SYC CYN,TEM
,,19C068043,00:06:22 08/01/19,l,Property Check,4,109 N MCKINLEY ST; FOOD FOR LESS,COR
,,19C068044,00:07:51 08/01/19,l,911 Hangup,2,1592 FAIRWAY DR;PHS1,COR
,,19C068046,00:18:16 08/01/19,l,Domestic Distur,2,1797 WALLACE ST,COR
,,19C068048,00:26:19 08/01/19,l,Susp Vehicle,3,2331 KELLOGG AVE # A; CROSSROADS CHURCH,COR
,,19C068049,00:28:05 08/01/19,l,Trespass,3,1160 E ONTARIO AVE; CHIPOTLE; HOMELESS,COR
,,19C068050,00:34:43 08/01/19,f,ZZSick,1,785 N MAIN ST; ARCO AM PM,COR
,,19C068052,00:39:31 08/01/19,l,Domestic Distur,2,1063 CIRCLE CITY DR; POSS 594,COR
,,19C068054,00:50:02 08/01/19,f,ZZAA MedicalAid,1,511 TERMINO AVE,COR
,,19C068055,01:13:33 08/01/19,l,Prowler,2,217 W OLD MILL RD,COR
,,19C068058,01:29:28 08/01/19,l,911 Hangup,2,1071 W SIXTH ST,COR
,,19C068059,01:32:34 08/01/19,l,Traffic Stop,4,W THIRD ST & S VICENTIA AVE,COR
,,19C068060,01:42:05 08/01/19,l,Alarm Call,2,399 E HARRISON ST # E; FERMA GROUP,COR
,,19C068062,02:06:24 08/01/19,f,ZZSick,1,612 GREENGATE ST,COR
,,19C068063,02:07:11 08/01/19,f,ZZPublicSrvceF,2,1496 ELEGANTE CT,COR
,,19C068065,02:10:34 08/01/19,l,Alarm Call,2,1214 MAGNOLIA AVE; #101,COR
,,19C068068,02:16:58 08/01/19,l,Special Detail,4,800 S MAIN ST; CORONA REGIONAL MEDICAL CENTER,COR
,,19C068069,02:21:23 08/01/19,l,Property Check,4,1698 W SIXTH ST # A; 7 11 STORE WEST,COR
,,19C068070,02:33:26 08/01/19,l,Property Check,4,730 PUBLIC SAFETY WAY; CORONA POLICE,COR
,,19C068072,02:42:15 08/01/19,l,911 Hangup,2,788 GIANNI DR # 103,COR
,,19C068074,02:55:08 08/01/19,l,Battery Past,3,1002 W EIGHTH ST,COR
,,19C068075,03:02:46 08/01/19,l,911 Hangup,2,815 E SIXTH ST,COR
,,19C068076,03:05:21 08/01/19,l,Property Check,4,2243 EAGLE GLEN PKWY; STATER BROS,COR
,,19C068077,03:25:56 08/01/19,l,Property Check,4,2323 S MAIN ST,COR
,,19C068078,03:45:20 08/01/19,l,Property Check,4,185 MAGNOLIA AVE; LEE POLLARD HIGH SCHOOL,COR
,,19C068079,03:57:19 08/01/19,l,Property Check,4,470 HIDDEN VALLEY PKWY; KOHLS,COR
,,19C068081,04:09:16 08/01/19,l,Citizen Contact,3,730 PUBLIC SAFETY WAY; CORONA POLICE,COR
,,19C068082,04:11:18 08/01/19,l,Alarm Call,2,2765 LAKESHORE DR; CITRUS CITY GRILLE,COR
,,19C068083,04:12:33 08/01/19,l,Property Check,4,1355 E ONTARIO AVE,COR
,,19C068084,04:23:38 08/01/19,l,Alarm Call,2,510 HIDDEN VALLEY PKWY # 104; THE HOT DOG COR SHOPPE,
,,19C068085,04:26:48 08/01/19,l,Property Check,4,2780 LAKESHORE DR,COR
,,19C068086,04:34:08 08/01/19,l,Alarm Call,2,4105 CAMERON WAY # 101;VIDEO ALARM,COR
,,19C068087,04:40:01 08/01/19,f,ZZBreathing,1,1248 W SIXTH ST;#117 WELCOME INN,COR
,,19C068088,05:00:29 08/01/19,l,Property Check,4,730 PUBLIC SAFETY WAY; CORONA POLICE,COR
,,19C068089,05:31:26 08/01/19,l,Susp Vehicle,3,1015 MONTECITO DR; RESIDENCE INN,COR
,,19C068090,05:43:44 08/01/19,l,Susp Person,3,702 E SIXTH ST; ARCO AM PM,COR
,,19C068091,05:56:24 08/01/19,lf,Structure Fire,1,805 S MERRILL ST,COR
,,19C068095,06:02:32 08/01/19,l,Alarm Call,2,2621 RESEARCH DR # 102; BRANCH AND COAST,COR
,,19C068096,06:04:01 08/01/19,l,911 Hangup,2,1200 S MERRILL ST,COR
,,19C068097,06:14:08 08/01/19,lf,ZZSick,1,RADIO RD & E SIXTH ST,COR
,,19C068098,06:39:54 08/01/19,l,Alarm Call,2,1132 OLYMPIC DR; THE YOUNG AMERICANS INC,COR
,,19C068099,06:40:13 08/01/19,l,Auto Theft Past,3,995 POMONA RD # 83,COR
,,19C068100,06:44:22 08/01/19,l,Trespass,3,420 N MCKINLEY ST # 102; PALM BEACH TAN,COR
,,19C068101,06:53:33 08/01/19,l,Traffic Stop,4,1160 CALIFORNIA AVE,COR
,,19C068103,07:03:10 08/01/19,l,Traffic Stop,4,OLYMPIC DR & CALIFORNIA AVE,COR
,,19C068104,07:03:21 08/01/19,l,Property Check,4,1900 AVIATION DR; CORONA AIRPORT,COR
,,19C068105,07:03:28 08/01/19,l,Property Check,4,470 HIDDEN VALLEY PKWY; KOHLS,COR
,,19C068106,07:04:55 08/01/19,l,Drunk In Public,2,504 S SMITH AVE,COR
,,19C068107,07:09:20 08/01/19,l,Ped Check,4,1400 CRESTA RD,COR
YES,'Nature' garbled/scrambled text,19C068108,07:10:06 08/01/19,f,ZZFwy Acc w/inj,1,15 NB MAGNOLIA HIDDEN VALLEY,COR
,,19C068109,07:11:41 08/01/19,lf,ZZFwy UnkInjury,1,15 NB ON RAMP & MAGNOLIA AVE,COR
,,19C068111,07:18:19 08/01/19,l,Welfare Check,2,1141 NIMROD CIR,COR
,,19C068112,07:24:33 08/01/19,l,Standby,4,321 E SIXTH ST; CORONA COMMUNITY AME CHURCH,COR
,,19C068113,07:25:24 08/01/19,l,Traffic Detail,4,WIMBLEDON DR & BRITTANY DR,COR
,,19C068114,07:43:19 08/01/19,l,Property Check,4,2355 COMPTON AVE; LA FITNESS,COR
,,19C068115,07:43:28 08/01/19,l,Traffic Stop,4,1401 W SIXTH ST,COR
,,19C068117,07:47:39 08/01/19,l,911 Hangup,2,1211 W TENTH ST,COR
,,19C068118,07:48:01 08/01/19,l,Traffic Stop,4,E SIXTH ST & S HOWARD ST,COR
,,19C068119,07:52:31 08/01/19,l,Petty Theft P,4,321 W RINCON ST;#426; ARTISAN APTS; LL CONT,COR
,,19C068120,07:57:13 08/01/19,l,Alarm Call,2,399 E HARRISON ST # E; FERMA GROUP; FERMA COR CORP,
,,19C068122,08:02:12 08/01/19,l,Trespass,3,1450 W SIXTH ST # 115; R L OSBORN,COR
,,19C068123,08:02:57 08/01/19,l,Petty Theft P,4,933 CIMARRON LN; LL CONT,COR
,,19C068124,08:04:04 08/01/19,l,Citizen Contact,3,390 N MCKINLEY ST; FRONT COUNTER,COR
,,19C068125,08:06:02 08/01/19,l,Auto Theft Rec,4,79 E GRAND BLVD,COR
,,19C068126,08:08:50 08/01/19,l,Dist/Verbal,2,1290 E ONTARIO AVE; WALMART,COR
,,19C068127,08:09:12 08/01/19,l,Traffic Detail,4,3793 BEDFORD CANYON RD,COR
,,19C068130,08:15:08 08/01/19,l,Susp Person,3,1245 W NINTH ST,COR
,,19C068131,08:16:02 08/01/19,l,Property Check,4,465 N MCKINLEY ST; ALL STAR CAR WASH,COR
,,19C068132,08:24:29 08/01/19,l,Disturb Peace,3,W SIXTH ST & S SMITH AVE,COR
,,19C068133,08:28:58 08/01/19,l,Vehicle Check,4,EL SOBRANTE RD & CIRCLE CITY DR,COR
,,19C068134,08:31:08 08/01/19,l,CMC Violation,4,KELLOGG AVE & CANARY LN,COR
,,19C068135,08:35:12 08/01/19,l,Ill Parked Veh,4,1300 CAMELOT DR,COR
,,19C068136,08:37:58 08/01/19,l,Dist/Verbal,2,2071 COMPTON AVE # 102; VISTA MEDICAL,COR
,,19C068138,08:42:01 08/01/19,l,Accident,2,HARRINGTON ST & WINDSTREAM ST,COR
,,19C068139,08:45:04 08/01/19,l,911 Hangup,2,990 MARGARITA DR,COR
,,19C068140,08:46:11 08/01/19,l,911 Hangup,2,7407 RIVERSIDE,RVC
,,19C068141,08:46:44 08/01/19,l,Traffic Stop,4,1100 SHERBORN ST,COR
,,19C068142,08:46:59 08/01/19,l,Abandoned Veh,4,1400 KROONEN DR,COR
,,19C068144,08:47:58 08/01/19,f,ZZFall,1,4435 PUTTING GREEN DR,COR
,,19C068147,08:54:19 08/01/19,l,911 Hangup,2,250 E RINCON ST,COR
,,19C068148,08:56:32 08/01/19,l,Additional Info,4,12412 CLOUD BRUST - MORENO VALEY,RVC
,,19C068149,09:00:28 08/01/19,l,Abandoned Veh,4,CAROLWOOD DR & BORDER AVE,COR
,,19C068151,09:01:50 08/01/19,l,Traffic Stop,4,1208 MAGNOLIA AVE; SEARS OUTLET 9150 AT CORONA MARKETPLACE,COR
,,19C068153,09:09:52 08/01/19,l,911 Hangup,2,1525 PLAZA DE NOCHE,COR
,,19C068154,09:15:22 08/01/19,l,Alarm Call,2,3450 MOUNTAINSIDE CIR,COR
,,19C068158,09:36:21 08/01/19,f,ZZCarbon Alarm,2,1046 WESTBROOK ST; SIERRA COMMUNICATIONS GROUP,COR
,,19C068159,09:38:50 08/01/19,l,Susp Vehicle,3,WESTBROOK ST & GREENBRIAR DR,COR
,,19C068161,09:41:25 08/01/19,lf,Disturb Peace,3,1910 FRONTAGE RD; AYRES SUITES; REF TO LEAVE; j,COR
,,19C068162,09:47:36 08/01/19,f,ZZCommrcal Alrm,1,1229 RAILROAD ST,COR
,,19C068167,09:59:20 08/01/19,l,Welfare Check,2,777 S TEMESCAL ST # 26,COR
,,19C068168,10:00:12 08/01/19,l,911 Hangup,2,1054 MORNING SUN LN,COR
,,19C068169,10:02:11 08/01/19,l,Additional Info,4,1370 HOLIDAY CT;FRNT COUNTER,COR
,,19C068171,10:09:37 08/01/19,l,911 Hangup,2,598 SANTANA WAY,COR
,,19C068172,10:12:25 08/01/19,l,Follow Up,4,11711 COLLETT AVE RVSD,RIV
,,19C068173,10:15:18 08/01/19,l,Disturb Peace,3,1150 W TENTH ST ;TEST CALL ONLY,COR
,,19C068176,10:31:32 08/01/19,l,Dist/Verbal,2,938 HEDGES DR,COR
,,19C068177,10:31:47 08/01/19,l,Traffic Stop,4,1075 W SIXTH ST; PIZZA HUT PLOT,COR
,,19C068181,10:34:40 08/01/19,l,911 Hangup,2,1250 CORONA POINTE CT,COR
,,19C068182,10:37:28 08/01/19,l,Traffic Stop,4,205 N LINCOLN AVE; DOLLAR SELF STORAGE,COR
,,19C068183,10:42:07 08/01/19,lf,911 Hangup,2,365 N MAIN ST,COR
,,19C068186,10:45:01 08/01/19,l,Auto Theft Past,3,2250 TREEHOUSE LN,COR
,,19C068187,10:46:21 08/01/19,f,ZZSick,1,730 PUBLIC SAFETY WAY,COR
,,19C068188,10:50:01 08/01/19,l,Traffic Stop,4,E THIRD ST & E GRAND BLVD,COR
,,19C068189,10:50:03 08/01/19,l,Disturb Peace P,4,2176 CEDAR GLEN CIR;LOBBY,COR
,,19C068193,10:52:24 08/01/19,l,Battery,1,1267 W SIXTH ST; JAYS LIQUOR,COR
,,19C068194,10:54:20 08/01/19,l,Property Check,4,2331 CALIFORNIA AVE; EL POLLO LOCO,COR
,,19C068196,11:03:16 08/01/19,l,Citizen Contact,3,4740 GREEN RIVER RD # 316; STATEWIDE FUNDING,COR
,,19C068197,11:07:00 08/01/19,l,Fraud Past,4,2482 EMERSON CIR;LOBBBY,COR
,,19C068198,11:12:56 08/01/19,l,911 Hangup,2,451 WELLESLEY DR; PROMENADE TERRACE APARTMENTS,COR
,,19C068199,11:12:57 08/01/19,l,Alarm Call,2,1166 RIVER RD,COR
,,19C068200,11:14:15 08/01/19,l,Citizen Contact,3,3725 COPPER RIDGE DR,COR
,,19C068201,11:14:32 08/01/19,l,911 Hangup,2,770 PUBLIC SAFETY WAY,COR
,,19C068203,11:16:53 08/01/19,l,Disturb Peace,3,611 N MAIN ST; USA GAS,COR
,,19C068204,11:17:31 08/01/19,l,Traffic Stop,4,E FOOTHILL PKWY & FULLERTON AVE,COR
,,19C068205,11:21:21 08/01/19,l,Susp Vehicle,3,635 VIEW LN,COR
,,19C068206,11:22:55 08/01/19,l,911 Hangup,2,1150 W TENTH ST,COR
,,19C068207,11:24:07 08/01/19,l,911 Hangup,2,13455 ESTELLE ST,HGS
,,19C068208,11:27:41 08/01/19,l,Fraud Past,4,650 EBBCREEK ST;#545f;lobby,COR
,,19C068209,11:28:05 08/01/19,l,Assist Othr Dpt,3,3248 GREENVALE CIR,COR
,,19C068210,11:28:49 08/01/19,l,H&S Violation,3,S RAMONA AVE & E THIRD ST,COR
,,19C068211,11:31:25 08/01/19,l,Citizen Contact,3,1466 GARNET ST; FRONT COUNTER,COR
,,19C068212,11:33:12 08/01/19,l,Area Check,3,W SIXTH ST & S MAIN ST,COR
,,19C068213,11:37:26 08/01/19,l,Fraud Past,4,650 EBBCREEK ST;#545F;LOBBY,COR
,,19C068214,11:46:04 08/01/19,l,Patrol Info,4,163 N VICENTIA AVE,COR
,,19C068215,12:01:08 08/01/19,f,ZZCommrcal Alrm,1,255 E RINCON ST; AWP RINCON CORP PLAZA,COR
,,19C068216,12:01:28 08/01/19,l,Panhand/Solicit,3,120 W PARKRIDGE AVE; WALGREENS 07591 AT NORTH MAIN PLAZA,COR
,,19C068217,12:05:47 08/01/19,l,Disturb Peace,3,1900 FRONTAGE RD; AYRES SUITES,COR
,,19C068218,12:13:21 08/01/19,l,Welfare Check,2,1515 PLAZA DE NOCHE # 16,COR
,,19C068220,12:15:37 08/01/19,l,Suspicious Circ,3,401 E SIXTH ST; MOBIL GAS,COR
,,19C068222,12:24:17 08/01/19,lf,Cardiac Arrest,1,3547 BRIARVALE ST,HGS
,,19C068223,12:34:03 08/01/19,l,911 Hangup,2,110 W UPPER DR,COR
,,19C068224,12:40:15 08/01/19,l,Ill Parked Veh,4,1055 AQUAMARINE LN,COR
,,19C068225,12:41:15 08/01/19,l,Vandalism Past,4,126 N MERRILL ST,COR
,,19C068226,12:42:01 08/01/19,l,Welfare Check,2,3697 FOXPLAIN RD,COR
,,19C068227,12:43:07 08/01/19,l,Grand Theft P,4,2489 TUSCANY ST ;KOHLS,COR
,,19C068228,12:45:22 08/01/19,l,Domestic Distur,2,3319 WALKENRIDGE DR,COR
,,19C068230,12:50:17 08/01/19,l,Citizen Contact,3,3745 TEMESCAL CANYON RD; LL CONT FOR TRAFFIC,COR
,,19C068231,12:51:27 08/01/19,lf,Choking,1,275 TELLER ST # 130; SHOGUN,COR
,,19C068232,12:53:43 08/01/19,l,Disturb Peace,3,1322 W SIXTH ST; CVS,COR
,,19C068233,12:55:54 08/01/19,l,911 Hangup,2,1218 E ONTARIO AVE,COR
,,19C068236,13:01:54 08/01/19,f,ZZSick,1,555 E FIFTH ST # 103,COR
,,19C068237,13:04:26 08/01/19,f,ZZSick,1,2600 S MAIN ST; CORONA POST ACUTE; RM#167B,COR
,,19C068238,13:11:14 08/01/19,l,Disturb Peace,3,1252 W SIXTH ST # 106; LAW OFFICE,COR
,,19C068239,13:19:26 08/01/19,l,911 Hangup,2,134 N SHERMAN AVE,COR
,,19C068242,13:24:02 08/01/19,l,Area Check,3,BEDFORD CANYON RD & E FOOTHILL PKWY,COR
,,19C068243,13:29:38 08/01/19,f,Structure Fire,1,1089 W ONTARIO AVE,COR
,,19C068244,13:31:34 08/01/19,l,Cite Sign Off,4,730 PUBLIC SAFETY WAY; CORONA POLICE;LOBBY,COR
,,19C068246,13:34:55 08/01/19,l,Ill Parked Veh,4,1400 CAMELOT DR,COR
,,19C068247,13:36:06 08/01/19,l,Panhand/Solicit,3,785 N MAIN ST; ARCO AM PM,COR
,,19C068250,13:38:47 08/01/19,l,Assist Othr Dpt,3,1089 W ONTARIO AVE,COR
,,19C068251,13:49:11 08/01/19,l,Silent Comm 211,1,555 S PROMENADE AVE; QSC,COR
,,19C068252,13:51:08 08/01/19,l,Alarm Call,2,1300 SAN PONTE RD,COR
,,19C068253,13:56:44 08/01/19,l,Grand Theft P,4,451 WELLESLEY DR;PROMENADE TERRACE,COR
,,19C068254,13:56:46 08/01/19,l,911 Hangup,2,2601 GREEN RIVER RD ;PHASE 2,COR
,,19C068255,13:59:32 08/01/19,l,Public Service,3,3745 JULIETTE CIR,COR
,,19C068256,14:02:05 08/01/19,f,ZZ Fire Test,2,730 PUBLIC SAFETY WAY,COR
,,19C068257,14:06:22 08/01/19,l,Welfare Check,2,3100 S MAIN ST; MOUNTAINGATE PARK,COR
,,19C068258,14:08:35 08/01/19,l,Citizen Contact,3,126 N MERRILL ST,COR
,,19C068261,14:17:00 08/01/19,l,Fraud Past,4,448 MONDALE ST; FRONT COUNTER,COR
,,19C068264,14:23:07 08/01/19,l,Welfare Check,2,FOOTHILL AT SKYLINE,COR
,,19C068267,14:27:05 08/01/19,l,Abandoned Veh,4,1859 MYRTLE ST,COR
,,19C068268,14:29:32 08/01/19,l,Traffic Stop,4,S MAIN ST & E FRANCIS ST,COR
,,19C068269,14:29:56 08/01/19,l,911 Hangup,2,355 E RINCON ST # 210; WELLS FARGO HOME,COR
,,19C068271,14:35:58 08/01/19,l,Area Check,3,480 N MCKINLEY ST,COR
,,19C068272,14:44:55 08/01/19,l,Traffic Detail,4,2500 MANGULAR AVE,COR
,,19C068273,14:46:28 08/01/19,l,Veh Burg Past,4,1375 SAMPSON AVE; LULA ROE,COR
,,19C068274,14:48:03 08/01/19,f,ZZBreathing,1,671 STONEYBROOK DR # 31,COR
YES,'Nature' garbled text (embedded symbol),19C068276,14:51:28 08/01/19,f,ZZFaint/Uncons,1,1280 CORONA POINTE CT; #112; CITY OF HOPE,COR
,,19C068277,14:53:28 08/01/19,l,Brandish Weapon,1,928 N COTA ST,COR
,,19C068278,14:56:31 08/01/19,l,Citizen Contact,3,1003 RIDGEWOOD DR; FRONT COUNTER,COR
,,19C068280,15:07:13 08/01/19,l,Welfare Check,2,2469 MCMACKIN DR,COR
,,19C068281,15:13:15 08/01/19,l,911 Hangup,2,2045 COMPTON AVE; #101; LOMA LINDA UNIV MEDICAL,COR
,,19C068282,15:14:30 08/01/19,l,Trespass,3,117 N COTA ST,COR
,,19C068283,15:21:12 08/01/19,l,911 Hangup,2,2035 RIVER RD,NOR
,,19C068284,15:23:33 08/01/19,l,Ill Parked Veh,4,865 W ORANGE HEIGHTS LN,COR
,,19C068285,15:23:56 08/01/19,l,911 Hangup,2,1218 W ONTARIO AVE; PHASE 1 HANG UP,COR
,,19C068287,15:25:56 08/01/19,f,ZZSick,1,3412 WEXFORD CIR,COR
,,19C068288,15:35:00 08/01/19,l,Citizen Contact,3,1025 CIRCLE CITY DR;FRNT LOBBY,COR
,,19C068289,15:38:31 08/01/19,f,ZZFall,1,1550 RIMPAU AVE # 102,COR
,,19C068290,15:42:25 08/01/19,l,Alarm Call,2,2744 PLUMWOOD LN,COR
,,19C068291,15:43:16 08/01/19,l,Disturb Peace P,4,3555 GRAND OAKS; CHICK FIL A,COR
,,19C068292,15:43:52 08/01/19,l,Ped Check,4,E FOURTH ST & S RAMONA AVE,COR
,,19C068294,15:45:16 08/01/19,f,ZZChest Pains,1,3556 HILLVIEW DR,HGS
,,19C068295,15:45:36 08/01/19,f,ZZDiabetic,1,2520 KINGSTON DR,COR
,,19C068297,15:53:06 08/01/19,lf,Man Down,1,S MAIN ST & E ONTARIO AVE,COR
,,19C068298,15:53:52 08/01/19,f,ZZPublicSrvceF,2,S SMITH AVE & PLEASANT VIEW AVE,COR
,,19C068299,15:58:14 08/01/19,l,Drunk Driver,2,W FOOTHILL PKWY & PASEO GRANDE,COR
,,19C068301,16:08:01 08/01/19,l,Additional Info,4,401 S LINCOLN AVE # J; CHECK INTO CASH,COR
,,19C068302,16:17:41 08/01/19,l,911 Hangup,2,20170 LAYTON ST,ELC
,,19C068303,16:20:23 08/01/19,l,Assault Wpn P,2,2055 S MAIN ST;LL CONT,COR
,,19C068304,16:22:43 08/01/19,l,Cite Sign Off,4,730 PUBLIC SAFETY WAY; CORONA POLICE,COR
,,19C068306,16:25:50 08/01/19,l,Alarm Call,2,2812 SWEET RAIN CIR,COR
,,19C068307,16:27:00 08/01/19,l,Special Detail,4,200 N LINCOLN AVE; MOTEL 6,COR
,,19C068308,16:29:29 08/01/19,l,911 Hangup,2,2430 TUSCANY ST; BEST BUY STORES L P 847 AT COR THE CROSSINGS,
,,19C068309,16:34:07 08/01/19,l,Petty Theft P,2,479 N MCKINLEY ST; WALMART,COR
,,19C068311,16:41:14 08/01/19,l,Patrol Info,4,904 E SIXTH ST; CORONA CHAMBER OF COMMERCE,COR
,,19C068312,16:42:34 08/01/19,f,ZZSick,1,4020 ROYAL VISTA CIR,COR
,,19C068313,16:43:33 08/01/19,l,Traffic Stop,4,VIA SANTIAGO & VIA FELIPE,COR
,,19C068314,16:43:58 08/01/19,l,Citizen Contact,3,730 PUBLIC SAFETY WAY; CORONA POLICE,COR
,,19C068315,16:50:21 08/01/19,l,Patrol Info,4,1150 W TENTH ST; CORONA HIGH SCHOOL,COR
,,19C068316,16:56:22 08/01/19,f,ZZPublicSrvceF,2,1229 KELLEY AVE,COR
,,19C068317,16:56:33 08/01/19,f,ZZSick,1,1315 MAGNOLIA AVE # 102; JACK IN THE BOX,COR
,,19C068318,17:02:36 08/01/19,l,Missing Person,2,1228 MIRASOL LN; LL CONT,COR
,,19C068319,17:06:01 08/01/19,l,Ped Check,4,2500 CABOT DR; DOS LAGOS SHOPPING CENTER,COR
,,19C068323,17:15:48 08/01/19,l,Disturb Peace,2,1745 SAMPSON AVE;ARIZONA PIPELINE,COR
,,19C068324,17:16:51 08/01/19,l,911 Hangup,2,623 N MAIN ST; #D6; CORONA LIFE SERVICES,COR
,,19C068326,17:22:26 08/01/19,l,Patrol Info,4,470 HIDDEN VALLEY PKWY; KOHLS,COR
,,19C068328,17:30:39 08/01/19,l,Robbery,1,598 SANTANA WAY; SANTANA PARK,COR
,,19C068329,17:36:38 08/01/19,l,Traffic Stop,4,W SIXTH ST & S BELLE AVE,COR
,,19C068330,17:44:49 08/01/19,lf,Accident Inj,1,MAGNOLIA AVE & S NEECE ST,COR
,,19C068331,17:47:01 08/01/19,l,911 Hangup,2,1229 KELLEY AVE,COR
,,19C068333,17:50:14 08/01/19,l,Petty Theft,3,470 HIDDEN VALLEY PKWY; KOHLS,COR
,,19C068334,17:53:06 08/01/19,l,Alarm Call,2,1121 RAILROAD ST # 101; R AND J FABRICATORS,COR
,,19C068335,17:56:53 08/01/19,l,Alarm Call,2,2880 KEYSTONE CIR; AUDIBLE RESD PANIC,COR
,,19C068337,18:08:51 08/01/19,l,Disturb Peace,2,137 N BUENA VISTA AVE ; aventine court apts ;POSS 273AP,COR
,,19C068338,18:09:39 08/01/19,l,Dist/Verbal,2,347 N GRANT AVE; FAMILY,COR
,,19C068339,18:11:52 08/01/19,l,Susp Vehicle,3,730 PUBLIC SAFETY WAY; CORONA POLICE,COR
,,19C068340,18:21:28 08/01/19,l,Susp Vehicle,3,OLD TEMESCAL RD & VIA COMO CT,COR
,,19C068342,18:22:53 08/01/19,l,Petty Theft P,4,550 HIDDEN VALLEY PKWY; STATER BROS MARKETS,COR
,,19C068344,18:28:03 08/01/19,l,Citizen Contact,3,2355 COMPTON AVE; LA FITNESS ; LL CONT,COR
,,19C068345,18:28:22 08/01/19,l,Disturb Peace,3,450 AUTO CENTER DR; IN N OUT BURGER 25,COR
,,19C068347,18:33:24 08/01/19,l,911 Hangup,2,1660 LEESON LN,COR
,,19C068348,18:35:12 08/01/19,l,Found Property,4,321 W RINCON ST; #426,COR
,,19C068351,18:40:05 08/01/19,f,ZZ Fire Test,2,730 PUBLIC SAFETY WAY,COR
YES,'Nature' garbled text (embedded symbol),19C068352,18:44:39 08/01/19,f,ZZFaint/Uncons,1,1113 ANDREW LN,COR
,,19C068354,18:46:57 08/01/19,l,Susp Vehicle,3,FALCON CIR & MABEY CANYON RD,COR
,,19C068355,18:49:18 08/01/19,l,Loitering,3,815 RIMPAU AVE,COR
,,19C068357,18:58:29 08/01/19,l,Welfare Check,2,1950 NUTWOOD CIR,COR
,,19C068361,19:05:30 08/01/19,l,Ped Check,4,610 N MAIN ST; EL POLLO LOCO,COR
,,19C068363,19:08:05 08/01/19,l,Follow Up,4,730 PUBLIC SAFETY WAY; CORONA POLICE,COR
,,19C068364,19:08:23 08/01/19,l,911 Hangup,2,930 E SIXTH ST; CITY PARK,COR
,,19C068365,19:08:27 08/01/19,l,Patrol Info,4,3555 GRAND OAKS; CHICK FIL A,COR
,,19C068366,19:09:05 08/01/19,l,911 Hangup,2,1151 W SIXTH ST,COR
,,19C068367,19:10:06 08/01/19,l,911 Hangup,2,1801 BOWDOIN ST ; PHASE 2 HNG UP,COR
,,19C068368,19:12:02 08/01/19,l,Susp Person,3,1553 W ONTARIO AVE,COR
,,19C068369,19:13:11 08/01/19,l,Ped Check,4,W GRAND BLVD & W NINTH ST,COR
,,19C068371,19:21:33 08/01/19,l,911 Hangup,2,1251 DUXBURY CIR ; VOIP,COR
,,19C068372,19:24:37 08/01/19,f,ZZFall,1,2300 S MAIN ST # 201; VALENCIA TERRACE,COR
,,19C068373,19:24:50 08/01/19,lf,Accident Inj,1,W OLIVE ST & S BUENA VISTA AVE,COR
,,19C068374,19:25:01 08/01/19,f,ZZSick,1,4901 GREEN RIVER RD # 237,COR
,,19C068376,19:26:23 08/01/19,l,Resid Burg I/P,2,1507 SAN RAFAEL DR; POSS,COR
,,19C068379,19:30:22 08/01/19,l,Alarm Call,2,1014 VIA VIENTO LN ;AUD RESD,COR
,,19C068378,19:30:22 08/01/19,l,Citizen Contact,3,1129 S MERRILL ST;LL CONT,COR
,,19C068380,19:30:45 08/01/19,l,Accident,2,S MAIN ST & W FIFTH ST,COR
,,19C068383,19:37:59 08/01/19,l,Vandalism Past,4,720 N MAIN ST; BURLINGTON COAT,COR
,,19C068385,19:41:58 08/01/19,l,911 Hangup,2,4095 LESTER AVE,COR
,,19C068387,19:49:26 08/01/19,l,911 Hangup,2,3562 VALLEY VIEW AVE,NOR
,,19C068388,19:50:58 08/01/19,l,911 Hangup,2,210 N SMITH AVE,COR
,,19C068389,19:53:45 08/01/19,l,Susp Vehicle,3,1461 RIMPAU AVE; SIZZLER,COR
,,19C068393,19:57:10 08/01/19,l,Disturb Peace,3,3335 GRAND OAKS ; famous footwear ; REF TO LEAVE,COR
,,19C068395,20:01:39 08/01/19,l,Property Check,4,564 MALLOY CT,COR
,,19C068396,20:06:08 08/01/19,l,Traffic Stop,4,1211 W SIXTH ST,COR
,,19C068397,20:09:41 08/01/19,f,ZZBreathing,1,251 W RINCON ST;#219,COR
,,19C068398,20:11:23 08/01/19,l,Follow Up,4,1255 W EIGHTH ST;#52,COR
,,19C068399,20:13:36 08/01/19,lf,Man Down,1,W SIXTH ST & S SMITH AVE,COR
,,19C068400,20:14:22 08/01/19,l,Property Check,4,1750 W SIXTH ST; HARBOR FREIGHT TOOLS 464,COR
,,19C068401,20:15:56 08/01/19,l,911 Hangup,2,1516 TETA DR,COR
,,19C068405,20:18:42 08/01/19,l,Disturb Peace P,4,1533 CLASSICO WAY ; LL CONT,COR
,,19C068406,20:20:51 08/01/19,l,Disturb Peace,3,797 LASSEN DR,COR
,,19C068407,20:21:53 08/01/19,l,Property Check,4,509 BATEMAN CIR,COR
,,19C068408,20:22:49 08/01/19,l,Area Check,3,TEMESCAL CANYON RD & CAJALCO RD,COR
,,19C068409,20:25:13 08/01/19,l,911 Hangup,2,797 LASSEN DR,COR
,,19C068413,20:28:23 08/01/19,l,911 Hangup,2,800 S MAIN ST; CORONA REGIONAL MEDICAL CENTER,COR
,,19C068414,20:32:00 08/01/19,l,Assist Othr Dpt,3,1516 TETA DR,COR
,,19C068415,20:36:05 08/01/19,l,Child Abuse,1,400 S VICENTIA AVE; CITY HALL,COR
,,19C068416,20:41:33 08/01/19,l,Loud Party,3,1056 FORD ST,COR
,,19C068417,20:48:00 08/01/19,l,Disturb Peace,3,1522 DEL NORTE DR,COR
,,19C068418,20:54:01 08/01/19,l,Alarm Call,2,980 MONTECITO DR # 108; TRILOGY FINANCIAL,COR
,,19C068419,20:55:53 08/01/19,l,Property Check,4,2500 CAJALCO RD; CROSSINGS SHOPPING CENTER,COR
,,19C068420,20:57:24 08/01/19,l,Drunk Driver,2,W FOOTHILL PKWY & PASEO GRANDE,COR
,,19C068421,20:57:57 08/01/19,l,Patrol Info,4,W SIXTH ST & SIERRA VISTA ST,COR
,,19C068422,21:02:33 08/01/19,l,911 Hangup,2,800 S MAIN ST; CORONA REGIONAL MEDICAL CENTER,COR
,,19C068424,21:04:02 08/01/19,l,911 Hangup,2,637 BRIANNA WAY,COR
,,19C068425,21:04:09 08/01/19,l,Petty Theft,3,1825 W SIXTH ST; SHELL GAS,COR
,,19C068426,21:05:24 08/01/19,l,Drunk In Public,2,784 N MAIN ST; JACK IN THE BOX,COR
,,19C068427,21:05:45 08/01/19,f,ZZ Fire Test,2,730 PUBLIC SAFETY WAY,COR
,,19C068428,21:08:13 08/01/19,f,ZZFwy UnkInjury,1,91 EB OC LINE GREEN RIVER,COR
,,19C068429,21:10:33 08/01/19,l,Fraud Past,4,2615 TUSCANY ST; TARGET STORES T1548 AT THE CROSSINGS,COR
,,19C068430,21:15:52 08/01/19,l,Traffic Stop,4,W FOOTHILL PKWY & S LINCOLN AVE,COR
,,19C068433,21:16:35 08/01/19,l,Traffic Stop,4,1248 W SIXTH ST; WELCOME INN,COR
,,19C068434,21:17:47 08/01/19,l,911 Hangup,2,881 CORSICA DR,COR
,,19C068435,21:23:28 08/01/19,f,ZZVehicle Fire,1,1288 BORDER AVE,COR
,,19C068436,21:26:09 08/01/19,l,Alarm Call,2,750 S LINCOLN AVE # 101; VERIZON STORE,COR
,,19C068437,21:28:08 08/01/19,lf,Choking,1,815 W SEVENTH ST,COR
,,19C068439,21:29:34 08/01/19,l,Susp Vehicle,3,1111 S BELLE AVE,COR
,,19C068441,21:32:06 08/01/19,l,Property Check,4,842 E ONTARIO AVE,COR
,,19C068442,21:34:49 08/01/19,l,Traffic Stop,4,CIRCLE CITY DR & RIMPAU AVE,COR
,,19C068443,21:35:43 08/01/19,f,ZZElevator Res,1,815 W SIXTH ST,COR
,,19C068445,21:42:56 08/01/19,l,911 Hangup,2,230 S LINCOLN AVE; SHELL GAS,COR
,,19C068446,21:44:41 08/01/19,l,Traffic Stop,4,MAGNOLIA AVE & HARVILL LN,HGS
,,19C068447,21:45:19 08/01/19,l,Property Check,4,1290 E ONTARIO AVE; WALMART,COR
,,19C068448,21:53:39 08/01/19,l,Trespass,3,4901 GREEN RIVER RD; GREEN RIVER MHP,COR
,,19C068449,21:57:41 08/01/19,l,Disturb Peace,3,1540 W SIXTH ST;REF TO LEAVE,COR
,,19C068450,21:57:50 08/01/19,l,Traffic Stop,4,N PARKRIDGE AVE & HIDDEN VALLEY PKWY,COR
,,19C068451,22:02:14 08/01/19,l,Alarm Call,2,3100 PALISADES DR,COR
,,19C068453,22:06:51 08/01/19,lf,Overdose,1,3592 GROVEDALE ST,COR
,,19C068454,22:11:13 08/01/19,l,Loud Noise,3,909 RIMPAU AVE # 201,COR
,,19C068455,22:14:41 08/01/19,l,Traffic Stop,4,ELYSIA ST & OVERLAND LN,COR
,,19C068456,22:19:02 08/01/19,lf,Disturb Peace,3,W SIXTH ST & S SMITH AVE,COR
,,19C068457,22:20:51 08/01/19,l,Alarm Call,2,2005 S VICENTIA AVE; VICENTIA ELEMENTARY SCHOOL,COR
,,19C068459,22:25:24 08/01/19,f,ZZBreathing,1,409 W FRANCIS ST,COR
,,19C068460,22:27:08 08/01/19,l,Traffic Stop,4,GREEN RIVER RD & PALISADES DR,COR
,,19C068462,22:36:58 08/01/19,l,Disturb Peace,3,370 DYLAN CIR,COR
,,19C068463,22:44:27 08/01/19,l,911 Hangup,2,210 S LINCOLN AVE;PHS1,COR
,,19C068464,22:56:50 08/01/19,l,Property Check,4,300 N MCKINLEY ST; SUBWAY 7556 AT CORONA HILLS PLAZA,COR
,,19C068465,22:58:03 08/01/19,l,Property Check,4,1698 W SIXTH ST # A; 7 11 STORE WEST,COR
,,19C068466,22:59:56 08/01/19,l,Property Check,4,222 PROMENADE AVE,COR
,,19C068467,23:03:20 08/01/19,l,Resid Burg Past,4,1049 W EIGHTH ST,COR
,,19C068468,23:04:10 08/01/19,l,Disturb Peace P,4,1797 WALLACE ST;LL CONT,COR
,,19C068469,23:05:13 08/01/19,l,Loud Noise,3,1116 SPRUCE ST,COR
,,19C068470,23:11:29 08/01/19,lf,Area Check,3,922 S VICTORIA AVE,COR
,,19C068471,23:13:32 08/01/19,l,Silent Comm 211,1,450 HIDDEN VALLEY PKWY; CHICK FIL A,COR
,,19C068472,23:17:29 08/01/19,lf,Drunk In Public,2,650 EBBCREEK ST ; AVANA SPRINGS,COR
,,19C068474,23:29:06 08/01/19,l,Property Check,4,130 W CHASE DR; HEBREWS,COR
,,19C068475,23:47:04 08/01/19,l,Dist/Verbal,2,1523 DEL NORTE DR,COR
,,19C068476,23:48:51 08/01/19,l,911 Hangup,2,881 CORSICA DR,COR
,,19C068477,23:50:22 08/01/19,l,911 Hangup,2,2585 S MAIN ST,COR
,,19C068478,23:50:50 08/01/19,l,Silent Comm 211,2,450 HIDDEN VALLEY PKWY; CHICK FIL A ; 2ND ATV,COR
,,19C068479,23:54:08 08/01/19,l,911 Hangup,2,1265 W TENTH ST,COR
,,19C068480,23:55:44 08/01/19,l,Traffic Stop,4,EL CERRITO RD & 15 SB ON RAMP,COR
,,19C068481,23:56:23 08/01/19,l,Citizen Contact,3,1002 S VICTORIA AVE,COR
,,19C068482,23:56:53 08/01/19,l,911 Hangup,2,2585 S MAIN ST ; PHASE 1 OPEN,COR
,,19C068483,23:57:37 08/01/19,l,911 Hangup,2,598 SANTANA WAY; SANTANA PARK,COR
